time_s,odrive_pos_rad,output_pos_rad,diff_rad,odrive_disp_rad,output_disp_rad,motor_on_output_side_rad,backlash_rad
3.867094,6.372127,4.877292,1.494835,-4.827198999999999,-0.345529,-0.34479992857142855,0.0007290714285714262
3.868413,6.372526,4.877292,1.495234,-4.8267999999999995,-0.345529,-0.34477142857142856,0.000757571428571413
3.871108,6.371871,4.877292,1.494579,-4.827455,-0.345529,-0.34481821428571424,0.0007107857142857332
3.874677,6.371872,4.876908,1.494963,-4.8274539999999995,-0.3451450000000005,-0.3448181428571428,0.00032685714285768386
3.877671,6.3722,4.877292,1.494908,-4.827125999999999,-0.345529,-0.34479471428571423,0.0007342857142857429
3.880474,6.372555,4.877292,1.495264,-4.826770999999999,-0.345529,-0.34476935714285706,0.000759642857142917
3.884027,6.373182,4.877292,1.49589,-4.826143999999999,-0.345529,-0.3447245714285714,0.0008044285714285948
3.888417,6.373719,4.877292,1.496427,-4.825606999999999,-0.345529,-0.3446862142857142,0.0008427857142857542
3.890868,6.374391,4.877292,1.497099,-4.824934999999999,-0.345529,-0.34463821428571423,0.0008907857142857467
3.89451,6.375739,4.877292,1.498448,-4.823586999999999,-0.345529,-0.3445419285714285,0.0009870714285714621
3.89796,6.379197,4.876908,1.502289,-4.820129,-0.3451450000000005,-0.34429492857142857,0.000850071428571908
3.901284,6.381702,4.876908,1.504794,-4.8176239999999995,-0.3451450000000005,-0.344116,0.0010290000000005017
3.904328,6.383848,4.876525,1.507323,-4.815477999999999,-0.34476200000000023,-0.3439627142857142,0.0007992857142860577
3.908371,6.385285,4.876525,1.50876,-4.814041,-0.34476200000000023,-0.3438600714285714,0.000901928571428845
3.91046,6.386886,4.875758,1.511128,-4.81244,-0.3439950000000005,-0.34374571428571427,0.00024928571428622925
3.913773,6.38907,4.876525,1.512546,-4.810255999999999,-0.34476200000000023,-0.3435897142857142,0.0011722857142860144
3.918695,6.39434,4.875758,1.518583,-4.8049859999999995,-0.3439950000000005,-0.34321328571428567,0.0007817142857148296
3.920449,6.39612,4.875758,1.520362,-4.803205999999999,-0.3439950000000005,-0.34308614285714284,0.0009088571428576553
3.923572,6.401826,4.875374,1.526452,-4.797499999999999,-0.3436110000000001,-0.3426785714285714,0.0009324285714287228
3.92843,6.406875,4.874991,1.531884,-4.792450999999999,-0.34322799999999987,-0.3423179285714285,0.0009100714285713574
3.930555,6.409123,4.875374,1.533749,-4.790202999999999,-0.3436110000000001,-0.34215735714285705,0.001453642857143056
3.934098,6.41348,4.874607,1.538873,-4.785845999999999,-0.34284400000000037,-0.3418461428571428,0.00099785714285755
3.938345,6.430527,4.873457,1.55707,-4.768799,-0.3416940000000004,-0.34062849999999995,0.001065500000000441
3.940641,6.438358,4.87269,1.565668,-4.760967999999999,-0.34092700000000065,-0.3400691428571428,0.0008578571428578541
3.943538,6.45331,4.871539,1.581771,-4.746015999999999,-0.3397760000000005,-0.3390011428571428,0.0007748571428577433
3.946612,6.464608,4.871156,1.593453,-4.734717999999999,-0.3393930000000003,-0.3381941428571428,0.0011988571428575012
3.95002,6.482134,4.869622,1.612512,-4.717191999999999,-0.3378589999999999,-0.33694228571428564,0.0009167142857142707
3.952686,6.488832,4.868855,1.619977,-4.710493999999999,-0.33709200000000017,-0.33646385714285704,0.0006281428571431324
3.955781,6.501947,4.868088,1.633859,-4.697378999999999,-0.33632500000000043,-0.33552707142857136,0.000797928571429074
3.959312,6.511874,4.867705,1.644169,-4.6874519999999995,-0.3359420000000002,-0.33481799999999995,0.001124000000000236
3.961608,6.521498,4.866171,1.655327,-4.677827999999999,-0.3344079999999998,-0.33413057142857133,0.0002774285714284841
3.964745,6.536273,4.865404,1.67087,-4.663052999999999,-0.3336410000000001,-0.3330752142857142,0.0005657857142858935
3.968873,6.552047,4.86387,1.688177,-4.647278999999999,-0.3321070000000006,-0.3319484999999999,0.000158500000000672
3.971344,6.566755,4.862719,1.704035,-4.6325709999999996,-0.33095600000000047,-0.3308979285714285,5.807142857194858e-05
3.974444,6.584425,4.861952,1.722473,-4.614900999999999,-0.33018899999999984,-0.32963578571428565,0.0005532142857141986
3.97763,6.600344,4.860802,1.739542,-4.5989819999999995,-0.32903899999999986,-0.32849871428571426,0.0005402857142856043
3.980381,6.612877,4.859651,1.753225,-4.586448999999999,-0.3278880000000006,-0.32760349999999994,0.000284500000000687
3.983531,6.630628,4.858501,1.772128,-4.5686979999999995,-0.32673800000000064,-0.3263355714285714,0.0004024285714292475
3.988294,6.650852,4.85735,1.793502,-4.548473999999999,-0.3255870000000005,-0.32489099999999993,0.000696000000000585
3.989586,6.659006,4.856583,1.802423,-4.5403199999999995,-0.3248199999999999,-0.3243085714285714,0.0005114285714284961
3.992784,6.670772,4.855433,1.815339,-4.528553999999999,-0.3236699999999999,-0.32346814285714276,0.0002018571428571425
3.995665,6.68501,4.854666,1.830345,-4.514315999999999,-0.32290300000000016,-0.32245114285714277,0.00045185714285739254
3.999393,6.703423,4.852748,1.850675,-4.495902999999999,-0.3209850000000003,-0.32113592857142853,-0.00015092857142823268
4.001826,6.721865,4.851214,1.870651,-4.477460999999999,-0.31945099999999993,-0.3198186428571428,-0.00036764285714285805
4.00509,6.744371,4.84968,1.894691,-4.454954999999999,-0.31791700000000045,-0.31821107142857136,-0.00029407142857090784
4.008647,6.769707,4.847379,1.922328,-4.429618999999999,-0.31561600000000034,-0.31640135714285705,-0.000785357142856713
4.011767,6.790623,4.846229,1.944394,-4.408702999999999,-0.31446600000000036,-0.31490735714285706,-0.000441357142856702
4.018576,6.843352,4.842777,2.000575,-4.355973999999999,-0.3110140000000001,-0.31114099999999995,-0.0001269999999998217
4.021056,6.865587,4.841243,2.024344,-4.333739,-0.30948000000000064,-0.3095527857142857,-7.278571428503966e-05
4.024613,6.887827,4.839326,2.048501,-4.3114989999999995,-0.30756300000000003,-0.30796421428571424,-0.00040121428571421314
4.028142,6.908497,4.838175,2.070321,-4.290829,-0.3064119999999999,-0.3064877857142857,-7.578571428579206e-05
4.031158,6.930945,4.837408,2.093536,-4.268380999999999,-0.30564500000000017,-0.30488435714285705,0.0007606428571431123
4.034561,6.947399,4.835107,2.112292,-4.251926999999999,-0.30334400000000006,-0.3037090714285714,-0.0003650714285713397
4.037435,6.972413,4.835107,2.137306,-4.226912999999999,-0.30334400000000006,-0.30192235714285703,0.001421642857143024
4.040471,6.985698,4.832039,2.153659,-4.213627999999999,-0.3002760000000002,-0.3009734285714285,-0.0006974285714282935
4.043984,7.016777,4.830889,2.185888,-4.182548999999999,-0.2991260000000002,-0.29875349999999995,0.0003725000000002754
4.048525,7.043417,4.828972,2.214445,-4.155908999999999,-0.2972090000000005,-0.2968506428571428,0.0003583571428577015
4.049822,7.072699,4.827054,2.245645,-4.126626999999999,-0.29529100000000064,-0.2947590714285714,0.0005319285714292521
4.052821,7.100253,4.825137,2.275117,-4.099072999999999,-0.293374,-0.29279092857142847,0.0005830714285715577
4.055638,7.126376,4.822836,2.30354,-4.07295,-0.2910729999999999,-0.290925,0.00014799999999992597
4.058792,7.152912,4.821302,2.33161,-4.0464139999999995,-0.28953900000000043,-0.2890295714285714,0.0005094285714290492
4.061666,7.176868,4.819384,2.357484,-4.022457999999999,-0.28762100000000057,-0.28731842857142853,0.00030257142857204045
4.064818,7.200573,4.81785,2.382723,-3.998752999999999,-0.2860870000000002,-0.2856252142857142,0.00046178571428601156
4.068288,7.226122,4.815166,2.410956,-3.973203999999999,-0.28340299999999985,-0.28380028571428567,-0.00039728571428582216
4.071199,7.250734,4.813632,2.437102,-3.9485919999999997,-0.28186900000000037,-0.2820422857142857,-0.00017328571428532058
4.074672,7.280954,4.812098,2.468857,-3.918371999999999,-0.280335,-0.2798837142857142,0.00045128571428582065
4.077808,7.317715,4.809413,2.508301,-3.8816109999999995,-0.2776500000000004,-0.27725792857142856,0.0003920714285718385
4.080619,7.342368,4.806729,2.535639,-3.8569579999999997,-0.27496600000000004,-0.275497,-0.0005309999999999482
4.084158,7.377198,4.804428,2.57277,-3.8221279999999993,-0.27266499999999994,-0.2730091428571428,-0.0003441428571428484
4.088402,7.421537,4.801743,2.619794,-3.7777889999999994,-0.26998000000000033,-0.26984207142857136,0.00013792857142896908
4.090105,7.441363,4.799826,2.641537,-3.7579629999999993,-0.2680630000000006,-0.2684259285714285,-0.0003629285714278896
4.093787,7.473822,4.797908,2.675913,-3.725503999999999,-0.26614499999999985,-0.2661074285714285,3.757142857135909e-05
4.098845,7.502151,4.79484,2.707311,-3.6971749999999997,-0.263077,-0.26408392857142854,-0.0010069285714285336
4.100068,7.533516,4.792923,2.740593,-3.6658099999999996,-0.2611600000000003,-0.2618435714285714,-0.000683571428571117
4.103489,7.566413,4.791772,2.77464,-3.6329129999999994,-0.26000900000000016,-0.25949378571428566,0.0005152142857144937
4.106127,7.595854,4.789472,2.806383,-3.603471999999999,-0.2577090000000002,-0.2573908571428571,0.0003181428571431
4.109414,7.630539,4.786787,2.843752,-3.5687869999999995,-0.2550240000000006,-0.2549133571428571,0.00011064285714346145
4.112102,7.662829,4.783719,2.87911,-3.536496999999999,-0.25195599999999985,-0.25260692857142847,-0.0006509285714286217
4.115201,7.696124,4.781418,2.914706,-3.503201999999999,-0.24965500000000063,-0.2502287142857142,-0.0005737142857135669
4.118555,7.730593,4.779501,2.951092,-3.4687329999999994,-0.247738,-0.2477666428571428,-2.8642857142796574e-05
4.121187,7.762891,4.777583,2.985308,-3.4364349999999995,-0.24582000000000015,-0.2454596428571428,0.00036035714285734266
4.124547,7.799208,4.774132,3.025076,-3.400117999999999,-0.24236900000000006,-0.24286557142857138,-0.0004965714285713185
4.127784,7.842316,4.772214,3.070102,-3.357009999999999,-0.2404510000000002,-0.23978642857142848,0.0006645714285717086
4.130583,7.868322,4.769913,3.098409,-3.331003999999999,-0.23815000000000008,-0.23792885714285708,0.00022114285714300297
4.134065,7.908823,4.767612,3.141211,-3.2905029999999993,-0.23584899999999998,-0.23503592857142852,0.0008130714285714546
4.138259,7.959554,4.764544,3.195009,-3.2397719999999994,-0.23278100000000013,-0.23141228571428568,0.0013687142857144452
4.140132,7.980492,4.762243,3.218248,-3.2188339999999993,-0.23048000000000002,-0.22991671428571422,0.0005632857142857939
4.143697,8.017461,4.760326,3.257136,-3.1818649999999984,-0.2285630000000003,-0.2272760714285713,0.0012869285714289802
4.148403,8.06788,4.756491,3.311389,-3.1314459999999986,-0.22472799999999982,-0.2236747142857142,0.0010532857142856178
4.149938,8.08732,4.754573,3.332747,-3.112005999999999,-0.22280999999999995,-0.2222861428571428,0.0005238571428571592
4.153234,8.125816,4.751889,3.373927,-3.073509999999999,-0.2201260000000005,-0.2195364285714285,0.0005895714285719944
4.15636,8.164133,4.748438,3.415696,-3.0351929999999996,-0.2166750000000004,-0.21679949999999998,-0.00012449999999958328
4.159852,8.207596,4.745753,3.461843,-2.9917299999999987,-0.2139899999999999,-0.2136949999999999,0.0002949999999999897
4.16273,8.24296,4.743069,3.499891,-2.956365999999999,-0.21130600000000044,-0.21116899999999994,0.00013700000000049783
4.165788,8.282972,4.741151,3.541821,-2.916354,-0.20938800000000057,-0.208311,0.0010770000000005775
4.169291,8.326307,4.736549,3.589758,-2.8730189999999993,-0.20478600000000036,-0.2052156428571428,-0.0004296428571424482
4.171989,8.360488,4.734632,3.625856,-2.838837999999999,-0.20286900000000063,-0.2027741428571428,9.485714285784042e-05
4.175179,8.403169,4.73118,3.671989,-2.796156999999999,-0.1994170000000004,-0.19972549999999994,-0.00030849999999954525
4.178462,8.440419,4.728112,3.712307,-2.758906999999999,-0.19634900000000055,-0.19706478571428562,-0.0007157857142850721
4.181447,8.484687,4.725044,3.759642,-2.714639,-0.19328099999999981,-0.1939027857142857,-0.000621785714285894
4.184851,8.526105,4.72351,3.802595,-2.673221,-0.19174700000000033,-0.19094435714285712,0.0008026428571432098
4.187847,8.566833,4.720442,3.846391,-2.6324929999999984,-0.18867900000000049,-0.18803521428571418,0.0006437857142863046
4.190736,8.601952,4.716607,3.885344,-2.5973739999999985,-0.184844,-0.18552671428571418,-0.0006827142857141755
4.194039,8.647141,4.713923,3.933218,-2.5521849999999997,-0.18216000000000054,-0.18229892857142854,-0.00013892857142799864
4.198531,8.705465,4.711238,3.994227,-2.493860999999999,-0.17947500000000005,-0.1781329285714285,0.0013420714285715396
4.199869,8.730082,4.707787,4.022295,-2.4692439999999998,-0.17602399999999996,-0.1763745714285714,-0.00035057142857145007
4.203578,8.773641,4.704719,4.068921,-2.4256849999999996,-0.1729560000000001,-0.17326321428571426,-0.0003072142857141469
4.206407,8.812237,4.701651,4.110586,-2.3870889999999996,-0.16988800000000026,-0.1705063571428571,-0.0006183571428568513
4.209503,8.851295,4.698967,4.152329,-2.348030999999999,-0.1672039999999999,-0.1677164999999999,-0.0005124999999999991
4.212393,8.889454,4.696666,4.192788,-2.3098719999999986,-0.1649029999999998,-0.16499085714285705,-8.785714285725055e-05
4.21586,8.934977,4.692447,4.242529,-2.2643489999999993,-0.16068399999999983,-0.16173921428571422,-0.0010552142857143954
4.219274,8.983608,4.689763,4.293845,-2.215717999999999,-0.15800000000000036,-0.15826557142857137,-0.00026557142857100424
4.221712,9.018414,4.686695,4.331719,-2.1809119999999993,-0.1549320000000005,-0.1557794285714285,-0.0008474285714279994
4.224795,9.061718,4.684394,4.377324,-2.1376079999999984,-0.1526310000000004,-0.1526862857142856,-5.528571428520257e-05
4.228008,9.110907,4.680175,4.430732,-2.088419,-0.14841200000000043,-0.14917278571428572,-0.0007607857142852836
4.23077,9.146257,4.677107,4.46915,-2.053068999999999,-0.14534400000000058,-0.14664778571428563,-0.0013037857142850495
4.234243,9.195891,4.673656,4.522235,-2.0034349999999996,-0.1418930000000005,-0.14310249999999997,-0.0012094999999994749
4.238459,9.25652,4.671738,4.584782,-1.9428059999999991,-0.13997500000000063,-0.13877185714285709,0.001203142857143541
4.24001,9.284071,4.667137,4.616935,-1.9152549999999984,-0.13537400000000055,-0.13680392857142845,-0.001429928571427902
4.243755,9.333317,4.664069,4.669249,-1.866009,-0.1323059999999998,-0.13328635714285714,-0.0009803571428573243
4.24676,9.374927,4.661384,4.713543,-1.8243989999999997,-0.1296210000000002,-0.13031421428571427,-0.0006932142857140611
4.249954,9.419746,4.659467,4.760279,-1.7795799999999993,-0.12770400000000048,-0.12711285714285708,0.0005911428571434008
4.252717,9.460892,4.656399,4.804493,-1.7384339999999998,-0.12463600000000064,-0.12417385714285713,0.00046214285714350767
4.255677,9.504289,4.653331,4.850958,-1.6950369999999992,-0.1215679999999999,-0.12107407142857138,0.0004939285714285202
4.258932,9.546849,4.649112,4.897736,-1.6524769999999993,-0.11734899999999993,-0.11803407142857138,-0.0006850714285714515
4.261964,9.591666,4.644894,4.946772,-1.6076599999999992,-0.11313100000000009,-0.11483285714285708,-0.0017018571428569912
4.264984,9.634708,4.642976,4.991732,-1.5646179999999994,-0.11121300000000023,-0.11175842857142852,-0.0005454285714282942
4.268495,9.680938,4.638374,5.042563,-1.5183879999999998,-0.10661100000000001,-0.1084562857142857,-0.0018452857142856882
4.271486,9.729417,4.63569,5.093727,-1.4699089999999995,-0.10392700000000055,-0.10499349999999996,-0.0010664999999994151
4.274863,9.78202,4.631855,5.150165,-1.417306,-0.10009200000000007,-0.10123614285714286,-0.001144142857142788
4.278017,9.830497,4.628404,5.202094,-1.3688289999999999,-0.09664099999999998,-0.09777349999999999,-0.0011325000000000085
4.280736,9.870212,4.625719,5.244493,-1.3291139999999988,-0.09395600000000037,-0.0949367142857142,-0.0009807142857138212
4.284082,9.919039,4.622651,5.296388,-1.2802869999999995,-0.09088800000000052,-0.0914490714285714,-0.0005610714285708696
4.288279,9.982398,4.6192,5.363198,-1.2169279999999993,-0.08743700000000043,-0.08692342857142853,0.0005135714285719045
4.289804,10.011747,4.614981,5.396765,-1.1875789999999995,-0.08321800000000046,-0.08482707142857139,-0.0016090714285709323
4.293445,10.061652,4.611913,5.449739,-1.1376739999999987,-0.08015000000000061,-0.08126242857142849,-0.0011124285714278759
4.298268,10.134665,4.608845,5.52582,-1.0646609999999992,-0.07708199999999987,-0.07604721428571423,0.001034785714285641
4.299949,10.158349,4.604627,5.553722,-1.0409769999999998,-0.07286400000000004,-0.07435549999999999,-0.0014914999999999512
4.303088,10.204826,4.601942,5.602884,-0.9944999999999986,-0.07017900000000044,-0.07103571428571419,-0.0008567142857137527
4.306205,10.251576,4.598874,5.652701,-0.9477499999999992,-0.06711100000000059,-0.06769642857142852,-0.0005854285714279317
4.309455,10.296949,4.594272,5.702677,-0.9023769999999995,-0.06250900000000037,-0.06445549999999997,-0.0019464999999996013
4.312635,10.34609,4.591588,5.754502,-0.853235999999999,-0.05982500000000002,-0.0609454285714285,-0.0011204285714284806
4.316193,10.397102,4.588137,5.808965,-0.8022239999999989,-0.056373999999999924,-0.05730171428571421,-0.0009277142857142887
4.319547,10.44501,4.583535,5.861475,-0.7543159999999993,-0.051772000000000595,-0.05387971428571424,-0.002107714285713644
4.322377,10.493114,4.580467,5.912647,-0.706211999999999,-0.04870399999999986,-0.05044371428571421,-0.0017397142857143513
4.325881,10.548514,4.577782,5.970732,-0.6508119999999984,-0.046019000000000254,-0.046486571428571315,-0.00046757142857106054
4.329436,10.60134,4.57318,6.02816,-0.5979859999999988,-0.04141700000000004,-0.04271328571428563,-0.0012962857142855902
4.331803,10.640774,4.570112,6.070662,-0.5585519999999988,-0.03834900000000019,-0.039896571428571344,-0.0015475714285711553
4.335147,10.691225,4.567044,6.124181,-0.5081009999999999,-0.03528100000000034,-0.036292928571428566,-0.0010119285714282264
4.33856,10.739407,4.563593,6.175814,-0.4599189999999993,-0.03183000000000025,-0.03285135714285709,-0.001021357142856845
4.34125,10.787167,4.558607,6.22856,-0.41215899999999905,-0.026844000000000534,-0.029439928571428502,-0.0025959285714279683
4.344574,10.839697,4.555156,6.284541,-0.359629,-0.02339300000000044,-0.02568778571428571,-0.0022947857142852704
4.347794,10.897784,4.552855,6.344929,-0.30154199999999953,-0.021092000000000333,-0.02153871428571425,-0.00044671428571391864
4.350357,10.929751,4.550938,6.378813,-0.2695749999999997,-0.019175000000000608,-0.01925535714285712,-8.0357142856511e-05
4.353858,10.981622,4.546336,6.435286,-0.21770399999999945,-0.014573000000000391,-0.015550285714285675,-0.0009772857142852833
4.358641,11.029954,4.542884,6.48707,-0.1693719999999992,-0.011121000000000159,-0.012097999999999942,-0.0009769999999997836
4.359932,11.075564,4.539433,6.536131,-0.12376199999999926,-0.007670000000000066,-0.008840142857142805,-0.0011701428571427395
4.363218,11.124977,4.535214,6.589763,-0.07434899999999978,-0.003451000000000093,-0.005310642857142841,-0.0018596428571427482
4.366603,11.172945,4.531763,6.641183,-0.026380999999998878,-0.0,-0.0018843571428570627,-0.0018843571428570627
4.36998,11.229112,4.527544,6.701568,0.029786000000001422,0.004218999999999973,0.0021275714285715302,-0.0020914285714284425
4.373495,11.27954,4.524476,6.755063,0.08021400000000156,0.007286999999999821,0.00572957142857154,-0.001557428571428281
4.376557,11.329727,4.521025,6.808703,0.13040100000000088,0.010737999999999914,0.009314357142857206,-0.0014236428571427085
4.379752,11.378615,4.517957,6.860658,0.1792890000000007,0.013805999999999763,0.012806357142857192,-0.0009996428571425707
4.382673,11.424021,4.513355,6.910666,0.22469500000000053,0.01840799999999998,0.016049642857142894,-0.0023583571428570857
4.385719,11.473609,4.509904,6.963705,0.2742830000000005,0.021859000000000073,0.019591642857142894,-0.0022673571428571786
4.38929,11.528033,4.506836,7.021198,0.3287070000000014,0.02492699999999992,0.02347907142857153,-0.0014479285714283918
4.391851,11.570556,4.503768,7.066789,0.3712300000000006,0.02799499999999977,0.026516428571428614,-0.0014785714285711557
4.39493,11.620385,4.500316,7.120069,0.4210590000000014,0.031447,0.030075642857142957,-0.0013713571428570458
4.398037,11.668256,4.496098,7.172159,0.4689300000000003,0.035664999999999836,0.03349500000000002,-0.002169999999999818
4.400743,11.708796,4.493797,7.214999,0.5094700000000003,0.037965999999999944,0.03639071428571431,-0.0015752857142856333
4.404015,11.755791,4.490345,7.265446,0.5564650000000011,0.04141800000000018,0.03974750000000008,-0.0016705000000000955
4.408475,11.822144,4.487277,7.334866,0.6228180000000005,0.044486000000000026,0.04448700000000004,1.0000000000148779e-06
4.410048,11.850993,4.482292,7.368701,0.6516670000000016,0.0494709999999996,0.04654764285714297,-0.0029233571428566307
4.413451,11.900123,4.479991,7.420132,0.7007970000000014,0.05177199999999971,0.050056928571428676,-0.0017150714285710314
4.418436,11.972364,4.475389,7.496975,0.7730380000000014,0.056373999999999924,0.055217000000000106,-0.001156999999999818
4.419876,11.999057,4.471554,7.527503,0.7997310000000013,0.06020899999999951,0.05712364285714295,-0.0030853571428565638
4.423674,12.053362,4.46887,7.584492,0.8540360000000007,0.06289299999999987,0.061002571428571475,-0.0018904285714283903
4.426564,12.099333,4.466185,7.633148,0.9000070000000004,0.06557799999999947,0.06428621428571432,-0.0012917857142851485
4.429503,12.142869,4.463117,7.679752,0.943543,0.0686460000000002,0.06739592857142858,-0.001250071428571628
4.432535,12.186592,4.458132,7.72846,0.987266,0.07363099999999978,0.070519,-0.0031119999999997816
4.435438,12.232,4.455447,7.776553,1.032674,0.07631599999999938,0.07376242857142858,-0.0025535714285708083
4.438898,12.286567,4.452763,7.833805,1.0872410000000006,0.07899999999999974,0.07766007142857147,-0.00133992857142827
4.44191,12.332304,4.447394,7.88491,1.1329780000000014,0.0843689999999997,0.0809270000000001,-0.003441999999999598
4.445438,12.387979,4.444326,7.943653,1.1886530000000004,0.08743699999999954,0.08490378571428574,-0.0025332142857138057
4.448801,12.438996,4.441258,7.997738,1.2396700000000003,0.09050499999999939,0.08854785714285716,-0.0019571428571422272
4.451706,12.481429,4.436656,8.044773,1.282103000000001,0.09510699999999961,0.0915787857142858,-0.0035282142857138155
4.455138,12.530303,4.433588,8.096715,1.3309770000000007,0.09817499999999946,0.09506978571428577,-0.003105214285713684
4.458467,12.576183,4.430904,8.145279,1.376857000000001,0.10085899999999981,0.09834692857142865,-0.0025120714285711554
4.461056,12.618766,4.427069,8.191697,1.4194400000000016,0.1046939999999994,0.10138857142857154,-0.0033054285714278625
4.464425,12.668272,4.423617,8.244655,1.4689460000000008,0.10814599999999963,0.10492471428571434,-0.003221285714285288
4.468703,12.723535,4.419782,8.303753,1.5242090000000008,0.11198100000000011,0.10887207142857148,-0.0031089285714286236
4.471819,12.773798,4.417098,8.3567,1.574472,0.11466499999999957,0.11246228571428572,-0.00220271428571385
4.474863,12.817919,4.41403,8.40389,1.6185930000000006,0.11773299999999942,0.11561378571428575,-0.002119214285713669
4.477873,12.864682,4.410962,8.45372,1.665356000000001,0.12080100000000016,0.11895400000000007,-0.0018470000000000847
4.480724,12.90516,4.405976,8.499184,1.7058340000000012,0.12578699999999987,0.1218452857142858,-0.003941714285714076
4.484199,12.953899,4.404059,8.54984,1.7545730000000006,0.1277039999999996,0.1253266428571429,-0.0023773571428566953
4.488386,13.013697,4.400607,8.613089,1.8143710000000013,0.13115599999999983,0.12959792857142866,-0.0015580714285711728
4.48997,13.041569,4.396005,8.645564,1.8422430000000016,0.13575800000000005,0.13158878571428584,-0.004169214285714207
4.493769,13.089359,4.392937,8.696422,1.8900330000000007,0.1388259999999999,0.1350023571428572,-0.003823642857142706
4.49703,13.138566,4.390637,8.74793,1.9392400000000016,0.14112599999999986,0.13851714285714298,-0.002608857142856885
4.500346,13.178144,4.386035,8.79211,1.9788180000000004,0.14572800000000008,0.1413441428571429,-0.004383857142857189
4.503224,13.223753,4.38335,8.840403,2.024427000000001,0.14841299999999968,0.14460192857142865,-0.003811071428571039
4.506726,13.269105,4.380666,8.888439,2.0697790000000005,0.15109700000000004,0.14784135714285718,-0.0032556428571428597
4.509676,13.31257,4.378748,8.933822,2.113244,0.1530149999999999,0.150946,-0.0020689999999999042
4.512382,13.34847,4.374146,8.974324,2.1491440000000015,0.15761700000000012,0.15351028571428582,-0.004106714285714297
4.515502,13.39382,4.371462,9.022358,2.1944940000000006,0.16030099999999958,0.15674957142857146,-0.0035514285714281224
4.519385,13.446348,4.368777,9.077571,2.247022000000001,0.16298600000000008,0.16050157142857152,-0.002484428571428554
4.521924,13.483709,4.364942,9.118767,2.284383,0.16682099999999966,0.1631702142857143,-0.0036507857142853706
4.52515,13.52459,4.362258,9.162332,2.3252640000000007,0.16950500000000002,0.16609028571428577,-0.003414714285714243
4.528766,13.57238,4.359573,9.212807,2.3730540000000016,0.17218999999999962,0.16950385714285726,-0.0026861428571423596
4.531813,13.611275,4.355355,9.25592,2.411949,0.17640799999999945,0.1722820714285714,-0.004125928571428045
4.53561,13.665827,4.35152,9.314307,2.466501000000001,0.18024299999999993,0.17617864285714294,-0.004064357142856995
4.539299,13.713671,4.349219,9.364452,2.5143450000000005,0.18254400000000004,0.17959607142857145,-0.0029479285714285874
4.541795,13.747587,4.346535,9.401052,2.548261,0.1852279999999995,0.18201864285714286,-0.003209357142856639
4.544785,13.783032,4.344617,9.438415,2.583706000000001,0.18714599999999937,0.18455042857142864,-0.0025955714285707254
4.548493,13.827689,4.340782,9.486907,2.6283630000000002,0.19098099999999985,0.1877402142857143,-0.0032407857142855434
4.551376,13.86644,4.338098,9.528343,2.6671140000000015,0.1936650000000002,0.19050814285714296,-0.003156857142857239
4.554822,13.911895,4.335797,9.576098,2.7125690000000002,0.19596599999999942,0.1937549285714286,-0.0022110714285708266
4.558016,13.957122,4.332345,9.624777,2.757796000000001,0.19941799999999965,0.19698542857142862,-0.0024325714285710343
4.561333,13.99621,4.32851,9.6677,2.7968840000000004,0.20325300000000013,0.1997774285714286,-0.0034755714285715222
4.565421,14.042962,4.326209,9.716753,2.843636,0.20555399999999935,0.20311685714285715,-0.002437142857142194
4.568807,14.085343,4.323525,9.761818,2.8860170000000007,0.2082379999999997,0.20614407142857147,-0.002093928571428233
4.571563,14.121264,4.320073,9.80119,2.921938000000001,0.21168999999999993,0.2087098571428572,-0.002980142857142737
4.575163,14.16382,4.317772,9.846047,2.964494,0.21399100000000004,0.21174957142857145,-0.0022414285714285886
4.578549,14.201411,4.315088,9.886323,3.002085000000001,0.2166749999999995,0.21443464285714292,-0.002240357142856586
4.581161,14.240315,4.311636,9.928679,3.0409890000000015,0.22012699999999974,0.21721350000000011,-0.0029134999999996247
4.584658,14.279528,4.309719,9.969809,3.0802020000000017,0.22204399999999946,0.2200144285714287,-0.00202957142857077
4.590562,14.321504,4.307418,10.014086,3.122178,0.22434499999999957,0.2230127142857143,-0.0013322857142852862
4.590562,14.345206,4.303967,10.041239,3.14588,0.22779599999999967,0.2247057142857143,-0.003090285714285379
4.595073,14.397515,4.300899,10.096617,3.198189000000001,0.23086399999999951,0.2284420714285715,-0.002421928571428006
4.598559,14.433592,4.298598,10.134995,3.2342660000000016,0.23316499999999962,0.2310190000000001,-0.0021459999999995094
4.601165,14.469731,4.29553,10.174201,3.2704050000000002,0.23623299999999947,0.23360035714285715,-0.00263264285714232
4.60456,14.507806,4.293612,10.214194,3.308480000000001,0.23815099999999934,0.23632000000000009,-0.00183099999999925
4.607511,14.549991,4.291695,10.258296,3.350665000000001,0.24006799999999995,0.23933321428571436,-0.0007347857142855907
4.610299,14.571814,4.288243,10.283571,3.3724880000000006,0.24352000000000018,0.24089200000000005,-0.0026280000000001302
4.613792,14.608165,4.285942,10.322223,3.4088390000000004,0.2458209999999994,0.24348850000000002,-0.0023324999999993767
4.618451,14.657339,4.283258,10.374081,3.458013000000001,0.24850499999999975,0.24700092857142866,-0.001504071428571091
4.619871,14.677281,4.280957,10.396324,3.4779550000000015,0.25080599999999986,0.24842535714285724,-0.002380642857142623
4.623633,14.714384,4.279039,10.435345,3.5150580000000016,0.2527239999999997,0.25107557142857156,-0.0016484285714281621
4.626577,14.744719,4.277122,10.467597,3.5453930000000007,0.25464099999999945,0.2532423571428572,-0.0013986428571422516
4.629493,14.775306,4.275204,10.500101,3.5759800000000013,0.2565590000000002,0.25542714285714296,-0.00113185714285724
4.632483,14.804727,4.27252,10.532207,3.6054010000000005,0.25924299999999967,0.2575286428571429,-0.0017143571428567816
4.63598,14.834451,4.270603,10.563849,3.6351250000000004,0.2611599999999994,0.25965178571428577,-0.0015082142857136271
4.639363,14.867571,4.268685,10.598886,3.6682450000000006,0.26307800000000015,0.26201750000000007,-0.0010605000000000753
4.642136,14.895157,4.266384,10.628773,3.695831,0.26537899999999937,0.26398792857142855,-0.0013910714285708115
4.645062,14.925945,4.2637,10.662245,3.7266190000000012,0.2680629999999997,0.2661870714285715,-0.0018759285714282092
4.648573,14.95804,4.260632,10.697408,3.758714000000001,0.27113099999999957,0.26847957142857154,-0.0026514285714280272
4.653081,15.006245,4.257947,10.748298,3.8069190000000006,0.27381600000000006,0.27192278571428574,-0.0018932142857143175
4.658685,15.058411,4.255263,10.803148,3.8590850000000003,0.2764999999999995,0.2756489285714286,-0.0008510714285709375
4.660852,15.079858,4.252962,10.826896,3.8805320000000005,0.27880099999999963,0.2771808571428572,-0.0016201428571424592
4.665492,15.115454,4.250277,10.865177,3.9161280000000005,0.2814860000000001,0.2797234285714286,-0.0017625714285715022
4.669528,15.151696,4.24836,10.903336,3.95237,0.28340299999999985,0.28231214285714284,-0.0010908571428570046
4.67214,15.176382,4.245675,10.930707,3.977056000000001,0.28608799999999945,0.28407542857142865,-0.0020125714285708085
4.675771,15.20845,4.244141,10.964309,4.009124,0.2876219999999998,0.286366,-0.0012559999999998128
4.678393,15.231598,4.242607,10.98899,4.032272000000001,0.2891560000000002,0.28801942857142865,-0.0011365714285715423
4.68382,15.26169,4.239923,11.021767,4.0623640000000005,0.29183999999999966,0.2901688571428572,-0.0016711428571424825
4.685457,15.289314,4.238389,11.050925,4.089988,0.293374,0.292142,-0.0012320000000000109
4.689347,15.317752,4.236855,11.080897,4.118426000000001,0.2949079999999995,0.2941732857142858,-0.0007347142857137001
4.691684,15.335028,4.234554,11.100474,4.135702,0.2972089999999996,0.2954072857142857,-0.0018017142857139068
4.694826,15.355417,4.233787,11.12163,4.156091,0.29797599999999935,0.29686364285714284,-0.0011123571428565127
4.697891,15.380455,4.231486,11.148969,4.181129,0.30027699999999946,0.2986520714285715,-0.001624928571427986
4.700524,15.39907,4.230719,11.168351,4.199744000000001,0.3010440000000001,0.29998171428571435,-0.0010622857142857378
4.703429,15.420273,4.228418,11.191855,4.220947000000001,0.3033450000000002,0.3014962142857143,-0.0018487857142858721
4.706347,15.441857,4.227651,11.214205,4.242531000000001,0.30411199999999994,0.3030379285714287,-0.0010740714285712438
4.70928,15.465353,4.226501,11.238853,4.266027000000001,0.3052619999999999,0.3047162142857144,-0.0005457857142855405
4.712077,15.486006,4.224967,11.26104,4.2866800000000005,0.3067959999999994,0.3061914285714286,-0.0006045714285707882
4.715098,15.506452,4.223049,11.283402,4.307126,0.30871400000000015,0.30765185714285714,-0.0010621428571430114
4.718787,15.530014,4.221899,11.308115,4.330688,0.30986400000000014,0.3093348571428572,-0.0005291428571429502
4.720937,15.546326,4.220365,11.325961,4.347000000000001,0.3113979999999996,0.3105000000000001,-0.0008979999999995103
4.724028,15.564091,4.218831,11.34526,4.364765,0.312932,0.31176892857142857,-0.001163071428571416
4.727572,15.584328,4.217297,11.367031,4.385002,0.31446599999999947,0.31321442857142856,-0.0012515714285709079
4.730637,15.595024,4.215763,11.379261,4.395698000000001,0.31599999999999984,0.31397842857142866,-0.0020215714285711783
4.73481,15.616799,4.214996,11.401804,4.417473000000001,0.3167669999999996,0.3155337857142858,-0.0012332142857137685
4.738311,15.634492,4.213845,11.420647,4.435166000000001,0.3179179999999997,0.31679757142857146,-0.0011204285714282447
4.741813,15.65551,4.212311,11.443199,4.456184,0.31945200000000007,0.31829885714285716,-0.001153142857142908
4.744897,15.671001,4.211161,11.45984,4.471675000000001,0.32060200000000005,0.3194053571428572,-0.0011966428571428267
4.748217,15.693196,4.21001,11.483185,4.493870000000001,0.3217530000000002,0.32099071428571435,-0.0007622857142858264
4.751282,15.712099,4.209243,11.502856,4.512773000000001,0.3225199999999999,0.32234092857142865,-0.00017907142857126468
4.754094,15.729327,4.207326,11.522001,4.530001,0.32443699999999964,0.3235715,-0.0008654999999996305
4.758505,15.752124,4.206175,11.545948,4.552798000000001,0.32558799999999977,0.3251998571428572,-0.00038814285714255936
4.76018,15.76313,4.204641,11.558488,4.563804000000001,0.32712200000000013,0.32598600000000005,-0.0011360000000000814
4.763919,15.775628,4.203874,11.571753,4.576302,0.3278889999999999,0.3268787142857143,-0.0010102857142855748
4.767037,15.788541,4.203107,11.585433,4.589215000000001,0.3286559999999996,0.3278010714285715,-0.0008549285714281041
4.769928,15.800964,4.20234,11.598623,4.601638000000001,0.32942299999999936,0.32868842857142866,-0.0007345714285706961
4.773511,15.813595,4.201573,11.612022,4.614269,0.33019,0.32959064285714285,-0.0005993571428571376
4.776709,15.824493,4.20119,11.623303,4.625167000000001,0.33057299999999934,0.3303690714285715,-0.00020392857142781384
4.779798,15.836191,4.200423,11.635769,4.636865,0.33133999999999997,0.33120464285714285,-0.00013535714285711764
4.782897,15.83903,4.200423,11.638607,4.639704,0.33133999999999997,0.3314074285714286,6.742857142860714e-05
4.785916,15.847448,4.199656,11.647792,4.648122000000001,0.3321069999999997,0.3320087142857143,-9.828571428538435e-05
4.78935,15.858563,4.198505,11.660058,4.659237000000001,0.33325799999999983,0.33280264285714295,-0.00045535714285688256
4.792047,15.863047,4.198122,11.664925,4.663721000000001,0.3336410000000001,0.3331229285714286,-0.0005180714285714649
4.795074,15.875841,4.197738,11.678103,4.676515,0.3340249999999996,0.33403678571428574,1.1785714286172144e-05
4.798777,15.88687,4.196204,11.690665,4.687544000000001,0.33555899999999994,0.33482457142857147,-0.0007344285714284693
4.801,15.897482,4.195821,11.701661,4.698156000000001,0.3359420000000002,0.3355825714285715,-0.0003594285714286771
4.804236,15.911676,4.195054,11.716622,4.712350000000001,0.3367089999999999,0.33659642857142863,-0.00011257142857129532
4.810391,15.920162,4.194287,11.725875,4.720836,0.33747599999999967,0.33720257142857146,-0.00027342857142820254
4.810391,15.926632,4.19352,11.733112,4.7273060000000005,0.3382429999999994,0.3376647142857143,-0.0005782857142850872
4.815132,15.932748,4.193136,11.739612,4.733422000000001,0.3386269999999998,0.3381015714285715,-0.000525428571428288
4.818741,15.934726,4.192753,11.741973,4.7354,0.33901000000000003,0.3382428571428572,-0.0007671428571428551
4.821281,15.938588,4.192369,11.746218,4.739262,0.33939399999999953,0.3385187142857143,-0.0008752857142852455
4.824771,15.948828,4.191603,11.757226,4.7495020000000014,0.34016,0.33925014285714294,-0.0009098571428570734
4.827991,15.957123,4.191603,11.76552,4.757797,0.34016,0.3398426428571429,-0.0003173571428571331
4.83111,15.959248,4.191219,11.768029,4.759922000000001,0.3405439999999995,0.33999442857142864,-0.0005495714285708719
4.834628,15.964981,4.190452,11.774529,4.765655000000001,0.34131100000000014,0.3404039285714286,-0.0009070714285715487
4.83775,15.979755,4.190069,11.789686,4.780429000000002,0.3416939999999995,0.3414592142857144,-0.00023478571428509065
4.840461,15.981891,4.190069,11.791823,4.782565,0.3416939999999995,0.3416117857142857,-8.221428571381084e-05
4.84378,15.982098,4.189685,11.792413,4.782772000000001,0.3420779999999999,0.3416265714285715,-0.00045142857142838055
4.848492,15.981693,4.189302,11.792392,4.782367000000001,0.3424610000000001,0.3415976428571429,-0.0008633571428572351
4.850077,15.98162,4.189685,11.791935,4.782294,0.3420779999999999,0.3415924285714286,-0.00048557142857130753
4.853841,15.981422,4.189685,11.791737,4.782096000000001,0.3420779999999999,0.3415782857142858,-0.0004997142857141035
4.858649,15.981803,4.189685,11.792118,4.782477,0.3420779999999999,0.3416055,-0.0004724999999998758
4.86021,15.981677,4.189685,11.791992,4.782351,0.3420779999999999,0.3415965,-0.00048149999999985704
4.863972,15.98166,4.189685,11.791975,4.7823340000000005,0.3420779999999999,0.34159528571428577,-0.00048271428571411423
4.868911,15.981599,4.189302,11.792298,4.782273,0.3424610000000001,0.3415909285714286,-0.0008700714285715394
4.870157,15.98104,4.189302,11.791739,4.781714000000001,0.3424610000000001,0.34155100000000005,-0.0009100000000000774
4.87384,15.981395,4.189685,11.79171,4.782069,0.3420779999999999,0.3415763571428571,-0.00050164285714277
4.878802,15.981069,4.190069,11.791,4.7817430000000005,0.3416939999999995,0.34155307142857144,-0.00014092857142805615
4.880639,15.980855,4.189302,11.791553,4.781529000000001,0.3424610000000001,0.3415377857142858,-0.0009232142857143466
4.884887,15.980264,4.189302,11.790963,4.780938000000001,0.3424610000000001,0.3414955714285715,-0.000965428571428617
4.888456,15.979978,4.189302,11.790677,4.780652,0.3424610000000001,0.34147514285714287,-0.0009858571428572604
4.89144,15.979027,4.189685,11.789342,4.779701000000001,0.3420779999999999,0.34140721428571436,-0.0006707857142855267
4.894815,15.978016,4.189685,11.788331,4.778690000000001,0.3420779999999999,0.34133500000000006,-0.0007429999999998271
4.89815,15.976095,4.189685,11.78641,4.776769000000002,0.3420779999999999,0.34119778571428583,-0.0008802142857140538
4.900953,15.975658,4.190069,11.785589,4.776332,0.3416939999999995,0.34116657142857143,-0.000527428571428068
4.904224,15.974244,4.189685,11.784559,4.774918000000001,0.3420779999999999,0.3410655714285715,-0.0010124285714283587
4.907483,15.971872,4.190452,11.78142,4.772546,0.34131100000000014,0.34089614285714287,-0.00041485714285727227
4.910164,15.970066,4.190452,11.779614,4.77074,0.34131100000000014,0.3407671428571429,-0.0005438571428572625
4.913692,15.967579,4.190069,11.777511,4.768253000000001,0.3416939999999995,0.3405895000000001,-0.0011044999999993976
4.916811,15.965486,4.189685,11.775801,4.766160000000001,0.3420779999999999,0.3404400000000001,-0.0016379999999998063
4.919907,15.963834,4.190069,11.773765,4.764508000000001,0.3416939999999995,0.34032200000000007,-0.0013719999999994292
4.922897,15.960875,4.190069,11.770807,4.7615490000000005,0.3416939999999995,0.3401106428571429,-0.0015833571428566229
4.925835,15.959861,4.189685,11.770176,4.760535000000001,0.3420779999999999,0.34003821428571435,-0.002039785714285536
4.929401,15.957725,4.190069,11.767656,4.758399000000001,0.3416939999999995,0.3398856428571429,-0.001808357142856598
4.931653,15.956525,4.190069,11.766457,4.757199,0.3416939999999995,0.33979992857142854,-0.0018940714285709537
4.934914,15.948253,4.190836,11.757417,4.748927,0.34092699999999976,0.33920907142857143,-0.0017179285714283288
4.938397,15.934384,4.191603,11.742782,4.735058,0.34016,0.3382184285714286,-0.0019415714285714314
4.941157,15.930444,4.192369,11.738075,4.731118,0.33939399999999953,0.33793700000000004,-0.0014569999999994865
4.944495,15.918619,4.192753,11.725866,4.719293,0.33901000000000003,0.3370923571428572,-0.0019176428571428539
4.947809,15.906716,4.19352,11.713196,4.70739,0.3382429999999994,0.3362421428571429,-0.002000857142856527
4.950561,15.901991,4.19467,11.70732,4.702665000000001,0.3370929999999994,0.33590464285714294,-0.0011883571428564776
4.953889,15.886381,4.195437,11.690944,4.687055000000001,0.3363259999999997,0.3347896428571429,-0.0015363571428567702
4.957832,15.881029,4.195821,11.685208,4.681703000000001,0.3359420000000002,0.3344073571428572,-0.0015346428571429982
4.961043,15.874986,4.196204,11.678781,4.675660000000001,0.33555899999999994,0.3339757142857143,-0.0015832857142856205
4.96431,15.861008,4.196971,11.664036,4.661682000000001,0.3347920000000002,0.33297728571428575,-0.0018147142857144472
4.968936,15.852715,4.196971,11.655743,4.653389000000001,0.3347920000000002,0.3323849285714286,-0.0024070714285716055
4.970133,15.839087,4.198122,11.640965,4.639761,0.3336410000000001,0.3314115,-0.002229500000000051
4.973801,15.825699,4.200039,11.62566,4.626373000000001,0.33172399999999946,0.33045521428571434,-0.0012687857142851255
4.977495,15.797917,4.201573,11.596343,4.598591000000001,0.33019,0.3284707857142858,-0.001719214285714199
4.980393,15.783943,4.203107,11.580836,4.5846170000000015,0.3286559999999996,0.32747264285714295,-0.001183357142856667
4.98382,15.767738,4.203491,11.564247,4.568412,0.3282720000000001,0.32631514285714286,-0.00195685714285726
4.989195,15.756562,4.205025,11.551537,4.557236000000001,0.32673799999999975,0.3255168571428572,-0.001221142857142532
4.990287,15.739163,4.206175,11.532987,4.539837,0.32558799999999977,0.32427407142857145,-0.0013139285714283133
4.993694,15.727836,4.206559,11.521277,4.528510000000001,0.3252039999999994,0.32346500000000006,-0.0017389999999993244
4.996596,15.710243,4.208093,11.50215,4.510917000000001,0.3236699999999999,0.3222083571428572,-0.0014616428571426754
4.99973,15.697131,4.209243,11.487888,4.497805000000001,0.3225199999999999,0.32127178571428583,-0.0012482142857140888
5.002617,15.682919,4.210394,11.472525,4.483593000000001,0.3213689999999998,0.3202566428571429,-0.0011123571428569012
5.006367,15.666555,4.211161,11.455394,4.4672290000000014,0.32060200000000005,0.3190877857142858,-0.0015142142857142438
5.009314,15.649996,4.211544,11.438451,4.450670000000001,0.3202189999999998,0.31790500000000005,-0.0023139999999997607
5.012044,15.632512,4.213845,11.418667,4.433186000000001,0.3179179999999997,0.31665614285714294,-0.0012618571428567593
5.015099,15.611122,4.215379,11.395743,4.411796000000001,0.31638399999999933,0.31512828571428575,-0.0012557142857135828
5.018634,15.58967,4.217297,11.372373,4.390344000000001,0.31446599999999947,0.31359600000000004,-0.0008699999999994268
5.021413,15.567629,4.218831,11.348799,4.368303000000001,0.312932,0.3120216428571429,-0.0009103571428570878
5.024783,15.543908,4.220365,11.323544,4.344582000000001,0.3113979999999996,0.31032728571428575,-0.0010707142857138696
5.027958,15.518562,4.221899,11.296663,4.319236,0.30986400000000014,0.30851685714285715,-0.001347142857142991
5.030625,15.501637,4.223433,11.278204,4.302311000000001,0.30832999999999977,0.3073079285714287,-0.0010220714285710808
5.03374,15.479172,4.22535,11.253822,4.279846000000001,0.30641300000000005,0.3057032857142858,-0.000709714285714258
5.036863,15.457998,4.227268,11.23073,4.258672000000001,0.3044950000000002,0.3041908571428572,-0.00030414285714297495
5.039988,15.433898,4.228418,11.205479,4.234572,0.3033450000000002,0.30246942857142856,-0.000875571428571642
5.043284,15.414979,4.229569,11.18541,4.215653000000001,0.3021940000000001,0.30111807142857155,-0.0010759285714285194
5.046082,15.397711,4.231103,11.166609,4.198385,0.3006599999999997,0.29988464285714284,-0.0007753571428568695
5.049322,15.377089,4.232636,11.144453,4.177763000000001,0.2991269999999995,0.2984116428571429,-0.0007153571428565875
5.05195,15.356873,4.233787,11.123086,4.157547000000001,0.29797599999999935,0.29696764285714294,-0.0010083571428564087
5.054992,15.334379,4.235704,11.098675,4.135053000000001,0.29605899999999963,0.29536092857142865,-0.0006980714285709788
5.057999,15.30785,4.238005,11.069845,4.108524000000001,0.2937579999999995,0.29346600000000006,-0.00029199999999945936
5.060875,15.282699,4.239923,11.042776,4.083373,0.29183999999999966,0.29166949999999997,-0.0001704999999996848
5.064196,15.250773,4.241457,11.009316,4.051447000000001,0.2903060000000002,0.2893890714285715,-0.0009169285714286657
5.06712,15.225018,4.244141,10.980877,4.025692000000001,0.2876219999999998,0.2875494285714287,-7.257142857114429e-05
5.070189,15.195486,4.246059,10.949428,3.9961600000000015,0.28570399999999996,0.2854400000000001,-0.00026399999999987545
5.073758,15.165135,4.247593,10.917542,3.965809,0.2841699999999996,0.2832720714285714,-0.0008979285714281748
5.078305,15.12507,4.250277,10.874793,3.925744,0.2814860000000001,0.2804102857142857,-0.001075714285714402
5.080151,15.109678,4.251044,10.858634,3.9103520000000014,0.2807189999999995,0.27931085714285725,-0.0014081428571422472
5.083934,15.080968,4.254112,10.826856,3.881642000000001,0.27765099999999965,0.27726014285714295,-0.00039085714285669315
5.088423,15.042836,4.255646,10.78719,3.84351,0.27611700000000017,0.27453642857142857,-0.0015805714285715977
5.089924,15.027851,4.257947,10.769904,3.828525000000001,0.27381600000000006,0.2734660714285715,-0.0003499285714285705
5.093152,14.996731,4.259098,10.737633,3.7974050000000013,0.27266499999999994,0.27124321428571435,-0.0014217857142855839
5.096329,14.966312,4.262166,10.704146,3.766986000000001,0.2695970000000001,0.26907042857142865,-0.0005265714285714318
5.099556,14.934521,4.264467,10.670054,3.735195000000001,0.267296,0.2667996428571429,-0.0004963571428570623
5.102566,14.9043,4.266384,10.637916,3.704974,0.26537899999999937,0.264641,-0.0007379999999993503
5.10541,14.876384,4.267918,10.608466,3.6770580000000006,0.2638449999999999,0.262647,-0.0011979999999998658
5.108732,14.846741,4.270986,10.575755,3.6474150000000005,0.26077700000000004,0.2605296428571429,-0.00024735714285711863
5.111631,14.817513,4.272903,10.544609,3.6181870000000007,0.2588599999999994,0.2584419285714286,-0.0004180714285708098
5.114972,14.781339,4.274437,10.506901,3.582013,0.25732599999999994,0.2558580714285714,-0.0014679285714285228
5.118235,14.746485,4.277122,10.469363,3.5471590000000006,0.25464099999999945,0.25336850000000005,-0.0012724999999993991
5.121046,14.713774,4.280573,10.433201,3.5144480000000016,0.25118999999999936,0.2510320000000001,-0.00015799999999926984
5.12439,14.675708,4.282874,10.392834,3.476382000000001,0.24888900000000014,0.24831300000000006,-0.0005760000000000765
5.127659,14.631414,4.285942,10.345472,3.4320880000000002,0.2458209999999994,0.24514914285714287,-0.0006718571428565301
5.131205,14.601951,4.288243,10.313708,3.4026250000000005,0.24352000000000018,0.2430446428571429,-0.00047535714285729114
5.134749,14.565154,4.289777,10.275376,3.3658280000000005,0.2419859999999998,0.24041628571428575,-0.0015697142857140634
5.137971,14.526839,4.293229,10.23361,3.3275130000000015,0.23853399999999958,0.2376795000000001,-0.0008544999999994807
5.140903,14.498193,4.29553,10.202664,3.2988670000000013,0.23623299999999947,0.23563335714285724,-0.0005996428571422296
5.144404,14.459379,4.298598,10.160782,3.260053000000001,0.23316499999999962,0.23286092857142865,-0.00030407142857097336
5.14783,14.413895,4.300899,10.112996,3.214569000000001,0.23086399999999951,0.22961207142857148,-0.0012519285714280293
5.150923,14.384683,4.304734,10.07995,3.1853570000000015,0.22702899999999993,0.2275255000000001,0.0004965000000001774
5.154429,14.344143,4.306268,10.037876,3.1448170000000015,0.22549499999999956,0.22462978571428582,-0.0008652142857137335
5.157601,14.300728,4.308952,9.991776,3.101402,0.2228110000000001,0.2215287142857143,-0.0012822857142857913
5.160283,14.276837,4.31087,9.965968,3.077511000000001,0.22089299999999934,0.21982221428571438,-0.0010707857142849553
5.163768,14.234383,4.314704,9.919679,3.035057,0.2170589999999999,0.21678978571428573,-0.0002692142857141644
5.168746,14.176985,4.316622,9.860363,2.977659000000001,0.21514100000000003,0.21268992857142863,-0.0024510714285713997
5.16991,14.15359,4.318923,9.834667,2.9542640000000002,0.21283999999999992,0.21101885714285715,-0.0018211428571427712
5.173602,14.111224,4.323141,9.788083,2.9118980000000008,0.20862200000000009,0.20799271428571434,-0.0006292857142857489
5.178339,14.055301,4.326209,9.729092,2.855975000000001,0.20555399999999935,0.20399821428571435,-0.0015557857142849962
5.181269,14.019876,4.328894,9.690982,2.820550000000001,0.20286899999999974,0.2014678571428572,-0.0014011428571425455
5.184544,13.980671,4.333112,9.647559,2.781345,0.1986509999999999,0.1986675,1.650000000008589e-05
5.187718,13.930773,4.33503,9.595743,2.731447000000001,0.19673300000000005,0.19510335714285723,-0.0016296428571428156
5.190812,13.89744,4.337714,9.559726,2.6981140000000003,0.1940489999999997,0.1927224285714286,-0.0013265714285710939
5.194394,13.853677,4.341549,9.512128,2.654351,0.1902140000000001,0.1895965,-0.0006175000000001041
5.198616,13.800545,4.344234,9.456311,2.6012190000000004,0.1875289999999996,0.18580135714285717,-0.0017276428571424418
5.200493,13.770963,4.346918,9.424045,2.571637000000001,0.18484500000000015,0.1836883571428572,-0.0011566428571429532
5.204035,13.730195,4.349603,9.380592,2.530869000000001,0.18215999999999966,0.1807763571428572,-0.0013836428571424586
5.20877,13.670305,4.352287,9.318018,2.4709790000000016,0.1794760000000002,0.1764985000000001,-0.0029775000000000773
5.210555,13.644513,4.356505,9.288008,2.4451870000000007,0.17525799999999947,0.17465621428571435,-0.0006017857142851246
5.214424,13.58762,4.35919,9.22843,2.388294,0.17257299999999987,0.1705924285714286,-0.001980571428571276
5.217539,13.536193,4.361491,9.174702,2.3368670000000016,0.17027199999999976,0.16691907142857154,-0.0033529285714282153
5.220367,13.510476,4.364942,9.145534,2.3111500000000014,0.16682099999999966,0.16508214285714295,-0.001738857142856709
5.223687,13.468927,4.36801,9.100916,2.2696010000000015,0.16375299999999982,0.16211435714285724,-0.0016386428571425748
5.22685,13.425097,4.371078,9.054019,2.225771,0.16068499999999997,0.15898364285714287,-0.0017013571428571017
5.230001,13.381651,4.372996,9.008656,2.1823250000000005,0.1587670000000001,0.15588035714285717,-0.0028866428571429348
5.232896,13.341672,4.377214,8.964458,2.1423460000000016,0.15454899999999938,0.1530247142857144,-0.0015242857142849786
5.236069,13.299862,4.379515,8.920347,2.100536,0.15224800000000016,0.1500382857142857,-0.0022097142857144536
5.239752,13.247882,4.383734,8.864148,2.0485560000000014,0.1480290000000002,0.14632542857142866,-0.0017035714285715264
5.242905,13.205865,4.386802,8.819064,2.006539,0.14496099999999945,0.1433242142857143,-0.0016367857142851605
5.245794,13.163225,4.389486,8.773739,1.9638990000000014,0.142277,0.1402785000000001,-0.0019984999999998754
5.248882,13.120728,4.392937,8.72779,1.9214020000000005,0.1388259999999999,0.13724300000000003,-0.0015829999999998623
5.251397,13.08284,4.395622,8.687218,1.883514,0.1361409999999994,0.1345367142857143,-0.0016042857142851141
5.255101,13.035517,4.397923,8.637594,1.8361910000000012,0.13384000000000018,0.1311565000000001,-0.0026835000000000886
5.25792,12.991243,4.401374,8.589868,1.7919170000000015,0.1303890000000001,0.12799407142857153,-0.0023949285714285617
5.260838,12.952556,4.404442,8.548114,1.7532300000000003,0.12732099999999935,0.1252307142857143,-0.002090285714285045
5.26425,12.90337,4.407894,8.495476,1.7040440000000014,0.123869,0.12171742857142867,-0.002151571428571336
5.267285,12.858591,4.412496,8.446095,1.6592650000000013,0.11926699999999979,0.11851892857142866,-0.000748071428571126
5.270372,12.810533,4.41518,8.395353,1.6112070000000003,0.11658299999999944,0.1150862142857143,-0.0014967857142851315
5.273807,12.763682,4.417865,8.345817,1.564356,0.11389799999999983,0.11173971428571429,-0.0021582857142855433
5.276672,12.722507,4.420933,8.301574,1.523181000000001,0.11082999999999998,0.10879864285714293,-0.002031357142857057
5.279787,12.68106,4.423617,8.257443,1.4817340000000012,0.10814599999999963,0.10583814285714295,-0.0023078571428566813
5.28276,12.636845,4.427452,8.209393,1.437519,0.10431100000000004,0.10267992857142857,-0.0016310714285714678
5.285807,12.592179,4.43052,8.161659,1.3928530000000006,0.1012430000000002,0.09948950000000004,-0.0017535000000001577
5.289535,12.536982,4.435505,8.101477,1.3376560000000008,0.09625799999999973,0.0955468571428572,-0.0007111428571425354
5.292665,12.492969,4.43819,8.054779,1.2936430000000012,0.09357300000000013,0.09240307142857151,-0.0011699285714286134
5.295651,12.445134,4.441258,8.003877,1.2458080000000002,0.09050499999999939,0.08898628571428573,-0.0015187142857136654
5.299051,12.399215,4.44586,7.953355,1.1998890000000006,0.08590300000000006,0.0857063571428572,-0.00019664285714286744
5.302264,12.34639,4.448928,7.897463,1.1470640000000003,0.08283499999999933,0.08193314285714288,-0.0009018571428564409
5.305255,12.304151,4.451612,7.852539,1.104825,0.08015099999999986,0.07891607142857142,-0.0012349285714284425
5.308434,12.261565,4.453913,7.807651,1.062239,0.07784999999999975,0.07587421428571428,-0.001975785714285472
5.311312,12.214696,4.458899,7.755797,1.0153700000000008,0.07286400000000004,0.07252642857142863,-0.0003375714285714093
5.314898,12.164895,4.461967,7.702928,0.9655690000000003,0.06979600000000019,0.06896921428571431,-0.000826785714285877
5.318742,12.105317,4.466952,7.638364,0.9059910000000002,0.06481099999999973,0.06471364285714287,-9.735714285685759e-05
5.321461,12.06564,4.469637,7.596003,0.8663140000000009,0.062126000000000126,0.06187957142857149,-0.0002464285714286335
5.324646,12.016188,4.472704,7.543483,0.8168620000000004,0.05905899999999953,0.05834728571428575,-0.0007117142857137812
5.327662,11.961151,4.475389,7.485762,0.761825,0.056373999999999924,0.054416071428571425,-0.0019579285714284994
5.33041,11.929169,4.479991,7.449178,0.7298430000000007,0.05177199999999971,0.052131642857142904,0.000359642857143197
5.33406,11.877655,4.483059,7.394596,0.6783290000000015,0.04870399999999986,0.04845207142857154,-0.0002519285714283198
5.338588,11.810408,4.485743,7.324665,0.6110820000000015,0.046019999999999506,0.04364871428571439,-0.002371285714285118
5.340644,11.778024,4.490729,7.287296,0.578698000000001,0.04103399999999979,0.041335571428571506,0.0003015714285717133
5.344333,11.722304,4.494947,7.227356,0.5229780000000002,0.03681599999999996,0.03735557142857144,0.0005395714285714795
5.348574,11.661846,4.498015,7.16383,0.4625200000000014,0.03374800000000011,0.03303714285714295,-0.0007108571428571589
5.351593,11.611199,4.502234,7.108966,0.41187299999999993,0.02952900000000014,0.029419499999999994,-0.0001095000000001442
5.354627,11.566336,4.505685,7.060651,0.3670100000000005,0.026078000000000046,0.026215000000000037,0.0001369999999999913
5.357671,11.507665,4.50837,6.999295,0.30833900000000014,0.023392999999999553,0.022024214285714296,-0.0013687857142852568
5.36105,11.469854,4.512971,6.956882,0.27052800000000055,0.018791999999999476,0.01932342857142861,0.0005314285714291336
5.364422,11.418527,4.515656,6.902871,0.21920099999999998,0.01610699999999987,0.015657214285714285,-0.0004497857142855867
5.371282,11.373506,4.520258,6.853248,0.17418000000000156,0.011504999999999654,0.012441428571428683,0.0009364285714290287
5.372179,11.309049,4.524476,6.784572,0.10972300000000068,0.007286999999999821,0.007837357142857191,0.0005503571428573696
5.375757,11.249999,4.527928,6.722072,0.05067300000000152,0.0038349999999995887,0.0036195000000001087,-0.00021549999999948
5.379322,11.19642,4.530612,6.665808,-0.002905999999999409,0.0011510000000001241,-0.00020757142857138637,-0.0013585714285715106
5.382036,11.155449,4.535214,6.620235,-0.04387699999999839,-0.003451000000000093,-0.0031340714285713134,0.00031692857142877947
5.384917,11.109488,4.537899,6.571589,-0.08983799999999853,-0.006136000000000585,-0.006416999999999895,-0.0002809999999993096
5.3882,11.060067,4.54135,6.518717,-0.13925899999999913,-0.009587000000000678,-0.009947071428571366,-0.0003600714285706876
5.391338,11.009275,4.546719,6.462556,-0.19005099999999864,-0.014956000000000635,-0.01357507142857133,0.001380928571429305
5.394725,10.959259,4.54902,6.410239,-0.2400669999999998,-0.017256999999999856,-0.017147642857142844,0.00010935714285701184
5.397775,10.90224,4.551704,6.350536,-0.2970859999999984,-0.01994100000000021,-0.021220428571428456,-0.0012794285714282476
5.401273,10.869446,4.555539,6.313907,-0.3298799999999993,-0.023775999999999797,-0.02356285714285709,0.000213142857142707
5.404722,10.807993,4.558991,6.249003,-0.3913329999999995,-0.02722800000000003,-0.027952357142857105,-0.0007243571428570753
5.408056,10.753717,4.561675,6.192042,-0.44560899999999926,-0.029912000000000383,-0.03182921428571423,-0.0019172142857138488
5.410708,10.71931,4.565127,6.154183,-0.4800159999999991,-0.033364000000000615,-0.03428685714285708,-0.0009228571428564619
5.414008,10.671791,4.568195,6.103596,-0.5275349999999985,-0.036432000000000464,-0.03768107142857132,-0.0012490714285708568
5.418453,10.607831,4.570879,6.036951,-0.5914950000000001,-0.03911599999999993,-0.04224964285714287,-0.003133642857142939
5.419842,10.580532,4.576248,6.004284,-0.6187939999999994,-0.044484999999999886,-0.04419957142857139,0.00028542857142849903
5.423562,10.529347,4.578549,5.950798,-0.6699789999999997,-0.046785999999999994,-0.04785564285714283,-0.0010696428571428385
5.426783,10.483233,4.581617,5.901616,-0.716092999999999,-0.04985399999999984,-0.051149499999999924,-0.0012955000000000813
5.42973,10.43598,4.584685,5.851295,-0.7633459999999985,-0.05292200000000058,-0.05452471428571418,-0.0016027142857136037
5.432731,10.393273,4.587753,5.80552,-0.8060529999999986,-0.05599000000000043,-0.05757521428571418,-0.0015852142857137527
5.435763,10.346978,4.591204,5.755773,-0.8523479999999992,-0.05944100000000052,-0.06088199999999994,-0.001440999999999422
5.438946,10.300073,4.595423,5.70465,-0.8992529999999999,-0.0636600000000005,-0.06423235714285713,-0.0005723571428566387
5.441651,10.255257,4.599258,5.655999,-0.9440689999999989,-0.06749500000000008,-0.06743349999999992,6.150000000015865e-05
5.445102,10.205527,4.603093,5.602434,-0.9937989999999992,-0.07133000000000056,-0.0709856428571428,0.00034435714285775687
5.448361,10.154746,4.606161,5.548585,-1.0445799999999998,-0.07439800000000041,-0.07461285714285713,-0.0002148571428567253
5.45154,10.10893,4.608845,5.500085,-1.0903959999999984,-0.07708199999999987,-0.07788542857142845,-0.0008034285714285799
5.454627,10.065041,4.611913,5.453128,-1.1342849999999984,-0.08015000000000061,-0.08102035714285703,-0.0008703571428564233
5.457651,10.009366,4.616515,5.392851,-1.1899599999999992,-0.08475199999999994,-0.0849971428571428,-0.00024514285714286044
5.460611,9.975389,4.618816,5.356573,-1.2239369999999994,-0.08705300000000005,-0.08742407142857138,-0.0003710714285713318
5.464033,9.929047,4.621117,5.30793,-1.2702789999999986,-0.08935400000000016,-0.09073421428571418,-0.0013802142857140265
5.467081,9.886061,4.624185,5.261876,-1.3132649999999995,-0.092422,-0.09380464285714282,-0.0013826428571428184
5.470167,9.842481,4.62802,5.214461,-1.3568449999999999,-0.09625700000000048,-0.09691749999999999,-0.0006604999999995087
5.473557,9.796266,4.630705,5.165562,-1.40306,-0.09894200000000009,-0.10021857142857142,-0.0012765714285713353
5.476667,9.753219,4.633772,5.119447,-1.4461069999999996,-0.1020089999999998,-0.10329335714285712,-0.001284357142857323
5.479908,9.706722,4.636457,5.070265,-1.492604,-0.10469400000000029,-0.10661457142857143,-0.0019205714285711467
5.48259,9.666523,4.639525,5.026998,-1.5328029999999995,-0.10776200000000014,-0.10948592857142854,-0.0017239285714284042
5.485508,9.62272,4.644127,4.978593,-1.576606,-0.11236400000000035,-0.11261471428571428,-0.00025071428571392385
5.488796,9.576951,4.646811,4.930139,-1.622375,-0.11504799999999982,-0.11588392857142857,-0.0008359285714287512
5.491562,9.537251,4.649496,4.887755,-1.6620749999999997,-0.11773300000000031,-0.11871964285714284,-0.0009866428571425334
5.494855,9.492113,4.652564,4.839549,-1.7072129999999994,-0.12080100000000016,-0.12194378571428567,-0.001142785714285513
5.498081,9.443172,4.657166,4.786007,-1.7561539999999987,-0.12540300000000038,-0.12543957142857134,-3.657142857096951e-05
5.500989,9.401263,4.659467,4.741797,-1.798062999999999,-0.12770400000000048,-0.12843307142857135,-0.000729071428570871
5.504342,9.35626,4.662535,4.693725,-1.8430659999999985,-0.13077200000000033,-0.13164757142857134,-0.0008755714285710037
5.50881,9.302618,4.664836,4.637783,-1.8967079999999985,-0.13307300000000044,-0.13547914285714274,-0.0024061428571423016
5.510773,9.278351,4.668671,4.60968,-1.9209749999999985,-0.13690800000000003,-0.1372124999999999,-0.0003044999999998743
5.514268,9.224315,4.671738,4.552576,-1.9750109999999985,-0.13997500000000063,-0.14107221428571418,-0.0010972142857135492
5.51836,9.16942,4.675573,4.493847,-2.0299059999999987,-0.14381000000000022,-0.14499328571428563,-0.0011832857142854147
5.520453,9.141975,4.678258,4.463717,-2.057350999999999,-0.14649499999999982,-0.14695364285714277,-0.00045864285714294906
5.524238,9.092911,4.682093,4.410818,-2.1064149999999984,-0.1503300000000003,-0.15045821428571418,-0.0001282142857138846
5.528643,9.039587,4.684394,4.355193,-2.159739,-0.1526310000000004,-0.15426707142857143,-0.0016360714285710287
5.529997,9.013889,4.687462,4.326427,-2.1854369999999985,-0.15569900000000025,-0.15610264285714276,-0.0004036428571425055
5.533748,8.968687,4.691297,4.27739,-2.230639,-0.15953399999999984,-0.15933135714285715,0.00020264285714269303
5.538838,8.927946,4.693981,4.233964,-2.271379999999999,-0.1622180000000002,-0.16224142857142848,-2.3428571428285583e-05
5.540086,8.883814,4.6982,4.185614,-2.315512,-0.16643700000000017,-0.16539371428571428,0.0010432857142858853
5.544416,8.825754,4.700501,4.125253,-2.3735719999999993,-0.16873800000000028,-0.1695408571428571,-0.0008028571428568276
5.547643,8.774979,4.704336,4.070643,-2.424346999999999,-0.17257299999999987,-0.17316764285714278,-0.0005946428571429185
5.550674,8.744622,4.707404,4.037219,-2.4547039999999996,-0.1756410000000006,-0.17533599999999996,0.0003050000000006381
5.553936,8.70253,4.710088,3.992442,-2.496796,-0.17832500000000007,-0.1783425714285714,-1.7571428571339087e-05
5.558438,8.64452,4.712389,3.932131,-2.5548059999999992,-0.18062600000000018,-0.1824861428571428,-0.001860142857142616
5.560022,8.624224,4.716607,3.907617,-2.5751019999999993,-0.184844,-0.1839358571428571,0.0009081428571429129
5.563695,8.580597,4.718141,3.862456,-2.618729,-0.18637800000000038,-0.18705207142857144,-0.0006740714285710658
5.56672,8.545906,4.720826,3.82508,-2.653419999999999,-0.18906299999999998,-0.18952999999999992,-0.0004669999999999397
5.569699,8.510835,4.724661,3.786174,-2.688490999999999,-0.19289800000000046,-0.19203507142857137,0.0008629285714290835
5.572705,8.477076,4.726578,3.750498,-2.722249999999999,-0.19481500000000018,-0.1944464285714285,0.0003685714285716901
5.575703,8.439489,4.729263,3.710226,-2.759836999999999,-0.19750000000000068,-0.19713121428571423,0.0003687857142864459
5.57902,8.39948,4.732714,3.666765,-2.7998459999999987,-0.20095099999999988,-0.19998899999999992,0.0009619999999999629
5.582186,8.361306,4.735015,3.626291,-2.8380199999999984,-0.203252,-0.20271571428571417,0.0005362857142858224
5.585283,8.327114,4.736933,3.590181,-2.8722119999999993,-0.20516999999999985,-0.20515799999999995,1.1999999999900979e-05
5.588642,8.292311,4.73885,3.553461,-2.9070149999999995,-0.20708700000000047,-0.20764392857142852,-0.0005569285714280559
5.591443,8.258403,4.741918,3.516485,-2.9409229999999997,-0.2101550000000003,-0.21006592857142856,8.907142857175754e-05
5.594532,8.222992,4.744986,3.478006,-2.9763339999999996,-0.21322300000000016,-0.21259528571428568,0.0006277142857144813
5.598421,8.179073,4.747287,3.431786,-3.0202529999999985,-0.21552400000000027,-0.21573235714285705,-0.0002083571428567743
5.601176,8.144095,4.750739,3.393357,-3.055230999999999,-0.2189760000000005,-0.21823078571428564,0.0007452142857148625
5.604542,8.105924,4.753039,3.352885,-3.0934019999999993,-0.22127600000000047,-0.22095728571428566,0.00031871428571481064
5.607749,8.063688,4.75534,3.308347,-3.1356379999999984,-0.22357700000000058,-0.22397414285714273,-0.00039714285714215203
5.610589,8.039366,4.758408,3.280957,-3.15996,-0.22664500000000043,-0.22571142857142856,0.0009335714285718666
5.614602,7.998624,4.760709,3.237915,-3.200701999999999,-0.22894600000000054,-0.22862157142857134,0.00032442857142919723
5.618019,7.954704,4.763394,3.19131,-3.244621999999999,-0.23163100000000014,-0.2317587142857142,-0.0001277142857140645
5.62066,7.928675,4.766078,3.162597,-3.270650999999999,-0.2343150000000005,-0.23361792857142852,0.000697071428571977
5.624125,7.893276,4.767612,3.125664,-3.306049999999999,-0.23584899999999998,-0.2361464285714285,-0.00029742857142853185
5.628506,7.849233,4.771447,3.077786,-3.3500929999999993,-0.23968400000000045,-0.2392923571428571,0.0003916428571433539
5.630867,7.827389,4.772598,3.054791,-3.371936999999999,-0.24083500000000058,-0.24085264285714278,-1.7642857142202706e-05
5.634373,7.792807,4.773748,3.019059,-3.4065189999999994,-0.24198500000000056,-0.24332278571428567,-0.0013377857142851113
5.63884,7.756456,4.7772,2.979257,-3.442869999999999,-0.2454369999999999,-0.24591928571428565,-0.00048228571428574063
5.641067,7.731996,4.779884,2.952112,-3.4673299999999996,-0.24812100000000026,-0.24766642857142854,0.0004545714285717206
5.644782,7.699487,4.782185,2.917302,-3.499838999999999,-0.25042200000000037,-0.24998849999999992,0.0004335000000004474
5.648586,7.663023,4.784486,2.878537,-3.5363029999999993,-0.2527230000000005,-0.2525930714285714,0.0001299285714290721
5.651218,7.634014,4.786787,2.847227,-3.5653119999999996,-0.2550240000000006,-0.2546651428571428,0.00035885714285777137
5.65464,7.602455,4.788705,2.813751,-3.5968709999999993,-0.25694200000000045,-0.2569193571428571,2.264285714337344e-05
5.657657,7.56536,4.791389,2.773971,-3.633965999999999,-0.2596259999999999,-0.25956899999999994,5.699999999997374e-05
5.660681,7.544609,4.792923,2.751686,-3.654716999999999,-0.2611600000000003,-0.2610512142857142,0.00010878571428607486
5.664158,7.514609,4.794457,2.720152,-3.684716999999999,-0.26269400000000065,-0.2631940714285714,-0.0005000714285707253
5.669232,7.480083,4.797525,2.682558,-3.7192429999999996,-0.2657620000000005,-0.26566021428571424,0.00010178571428626215
5.67087,7.459359,4.798292,2.661067,-3.739966999999999,-0.26652900000000024,-0.26714049999999995,-0.0006114999999997095
5.674294,7.430478,4.800209,2.630268,-3.7688479999999993,-0.26844599999999996,-0.26920342857142854,-0.0007574285714285756
5.679063,7.394484,4.803661,2.590823,-3.804841999999999,-0.2718980000000002,-0.2717744285714285,0.00012357142857172265
5.680523,7.375498,4.805195,2.570303,-3.823827999999999,-0.27343200000000056,-0.27313057142857133,0.00030142857142922974
5.684192,7.344564,4.807496,2.537068,-3.854761999999999,-0.27573300000000067,-0.2753401428571428,0.0003928571428578609
5.68858,7.312232,4.80903,2.503202,-3.8870939999999994,-0.27726700000000015,-0.2776495714285714,-0.0003825714285712323
5.690641,7.293404,4.811714,2.48169,-3.9059219999999994,-0.2799510000000005,-0.27899442857142853,0.0009565714285719729
5.69422,7.270086,4.812481,2.457605,-3.929239999999999,-0.28071800000000025,-0.28065999999999997,5.800000000028005e-05
5.698263,7.241914,4.813632,2.428283,-3.957411999999999,-0.28186900000000037,-0.28267228571428565,-0.0008032857142852845
5.700019,7.228011,4.816316,2.411695,-3.971314999999999,-0.28455299999999983,-0.28366535714285707,0.0008876428571427675
5.703699,7.204436,4.817467,2.386969,-3.994889999999999,-0.28570399999999996,-0.28534928571428564,0.0003547142857143193
5.706722,7.184311,4.819001,2.36531,-4.015014999999999,-0.2872380000000003,-0.2867867857142857,0.0004512142857146517
5.709675,7.161011,4.820535,2.340476,-4.038314999999999,-0.2887719999999998,-0.28845107142857135,0.0003209285714284582
5.712696,7.137977,4.822452,2.315525,-4.061348999999999,-0.2906890000000004,-0.2900963571428571,0.0005926428571433329
5.715867,7.113181,4.82437,2.288812,-4.086144999999999,-0.2926070000000003,-0.29186749999999995,0.0007395000000003371
5.719721,7.08929,4.825904,2.263386,-4.110035999999999,-0.29414100000000065,-0.29357399999999995,0.0005670000000007058
5.722045,7.069013,4.827054,2.241959,-4.130312999999999,-0.29529100000000064,-0.2950223571428571,0.00026864285714356395
5.725516,7.047352,4.828205,2.219147,-4.151973999999999,-0.2964419999999999,-0.2965695714285714,-0.0001275714285715046
5.728603,7.03342,4.829355,2.204064,-4.165906,-0.29759199999999986,-0.29756471428571424,2.7285714285618656e-05
5.731408,7.020028,4.830889,2.189139,-4.179297999999999,-0.2991260000000002,-0.29852128571428566,0.0006047142857145693
5.734877,7.005111,4.831656,2.173455,-4.194214999999999,-0.29989299999999997,-0.29958678571428565,0.0003062142857143124
5.737947,6.991881,4.832423,2.159458,-4.207444999999999,-0.3006600000000006,-0.3005317857142856,0.00012821428571496707
5.740964,6.975342,4.833957,2.141385,-4.223983999999999,-0.3021940000000001,-0.3017131428571428,0.00048085714285728276
5.74442,6.958626,4.835107,2.123519,-4.2406999999999995,-0.30334400000000006,-0.3029071428571428,0.00043685714285723876
5.747873,6.936679,4.836641,2.100038,-4.262646999999999,-0.3048780000000004,-0.30447478571428566,0.00040321428571477025
5.750645,6.923979,4.837792,2.086187,-4.275346999999999,-0.30602900000000055,-0.3053819285714285,0.0006470714285720658
5.754078,6.901681,4.838559,2.063122,-4.297644999999999,-0.3067960000000003,-0.3069746428571428,-0.00017864285714253025
5.758819,6.884721,4.840093,2.044629,-4.314604999999999,-0.30833000000000066,-0.3081860714285714,0.00014392857142925264
5.76,6.86957,4.84086,2.02871,-4.329755999999999,-0.3090970000000004,-0.3092682857142856,-0.00017128571428520756
5.763686,6.853253,4.84201,2.011243,-4.346073,-0.3102470000000004,-0.3104337857142857,-0.0001867857142853202
5.76652,6.842063,4.843161,1.998902,-4.357263,-0.3113980000000005,-0.31123307142857143,0.00016492857142907935
5.769625,6.829542,4.844311,1.985231,-4.369783999999999,-0.3125480000000005,-0.3121274285714285,0.0004205714285719919
5.772886,6.817086,4.845078,1.972007,-4.3822399999999995,-0.31331500000000023,-0.3130171428571428,0.00029785714285740506
5.775941,6.804418,4.845845,1.958573,-4.394907999999999,-0.314082,-0.3139219999999999,0.000160000000000049
5.779435,6.794112,4.846229,1.947883,-4.405213999999999,-0.31446600000000036,-0.3146581428571428,-0.00019214285714241885
5.782204,6.783885,4.846996,1.936889,-4.4154409999999995,-0.3152330000000001,-0.3153886428571428,-0.00015564285714270154
5.785212,6.778272,4.846996,1.931276,-4.421053999999999,-0.3152330000000001,-0.31578957142857134,-0.0005565714285712398
5.788728,6.773599,4.847763,1.925836,-4.425726999999999,-0.31599999999999984,-0.3161233571428571,-0.00012335714285727217
5.79147,6.764481,4.848146,1.916334,-4.434844999999999,-0.3163830000000001,-0.3167746428571428,-0.0003916428571427155
5.794932,6.757304,4.849297,1.908007,-4.442021999999999,-0.3175340000000002,-0.3172872857142856,0.00024671428571459986
5.798074,6.751478,4.84968,1.901798,-4.447848,-0.31791700000000045,-0.3177034285714285,0.00021357142857192368
5.801277,6.742461,4.850064,1.892397,-4.456865,-0.31830099999999995,-0.31834749999999995,-4.650000000000487e-05
5.805028,6.729303,4.851214,1.878088,-4.470022999999999,-0.31945099999999993,-0.3192873571428571,0.00016364285714282056
5.80874,6.717721,4.851981,1.86574,-4.481604999999999,-0.32021800000000056,-0.3201146428571428,0.00010335714285775177
5.81177,6.706488,4.853132,1.853356,-4.492837999999999,-0.3213689999999998,-0.32091699999999995,0.0004519999999998414
5.815319,6.701349,4.853132,1.848218,-4.497977,-0.3213689999999998,-0.3212840714285714,8.492857142838872e-05
5.818525,6.695231,4.853515,1.841716,-4.5040949999999995,-0.32175200000000004,-0.32172107142857137,3.0928571428667784e-05
5.822259,6.690078,4.853899,1.836179,-4.5092479999999995,-0.3221360000000004,-0.3220891428571428,4.685714285762588e-05
5.82514,6.686997,4.854282,1.832715,-4.512328999999999,-0.32251900000000067,-0.32230921428571424,0.00020978571428642567
5.828666,6.684637,4.853515,1.831121,-4.514688999999999,-0.32175200000000004,-0.32247778571428565,-0.0007257857142856095
5.832024,6.683518,4.854282,1.829236,-4.515807999999999,-0.32251900000000067,-0.3225577142857142,-3.871428571355917e-05
5.83532,6.682501,4.855049,1.827452,-4.516824999999999,-0.3232860000000004,-0.3226303571428571,0.0006556428571433126
5.839023,6.681352,4.854282,1.82707,-4.517973999999999,-0.32251900000000067,-0.3227124285714285,-0.00019342857142784498
5.841507,6.679971,4.855049,1.824922,-4.519354999999999,-0.3232860000000004,-0.32281107142857135,0.0004749285714290563
5.844575,6.678021,4.855433,1.822589,-4.521304999999999,-0.3236699999999999,-0.3229503571428571,0.0007196428571428215
5.84761,6.675616,4.855433,1.820184,-4.5237099999999995,-0.3236699999999999,-0.3231221428571428,0.0005478571428571
5.850438,6.673768,4.855816,1.817951,-4.525557999999999,-0.32405300000000015,-0.3232541428571428,0.0007988571428573232
5.853936,6.66963,4.855816,1.813814,-4.5296959999999995,-0.32405300000000015,-0.3235497142857143,0.0005032857142858727
5.8568,6.666161,4.855816,1.810345,-4.5331649999999994,-0.32405300000000015,-0.32379749999999996,0.00025550000000018613
5.859713,6.662697,4.8562,1.806498,-4.536629,-0.32443700000000053,-0.3240449285714285,0.00039207142857200505
5.862879,6.660808,4.855816,1.804992,-4.538517999999999,-0.32405300000000015,-0.3241798571428571,-0.00012685714285692873
5.865885,6.658861,4.856583,1.802278,-4.540464999999999,-0.3248199999999999,-0.3243189285714285,0.0005010714285713647
5.869912,6.658059,4.856583,1.801476,-4.5412669999999995,-0.3248199999999999,-0.3243762142857142,0.0004437857142856605
5.872598,6.658226,4.856583,1.801642,-4.541099999999999,-0.3248199999999999,-0.32436428571428566,0.000455714285714226
5.875513,6.657993,4.855816,1.802177,-4.541332999999999,-0.32405300000000015,-0.3243809285714285,-0.00032792857142832643
5.878675,6.658105,4.8562,1.801905,-4.541220999999999,-0.32443700000000053,-0.3243729285714285,6.407142857201009e-05
5.881387,6.658683,4.856583,1.802099,-4.540642999999999,-0.3248199999999999,-0.32433164285714283,0.0004883571428570543
5.884699,6.659106,4.855816,1.80329,-4.540219999999999,-0.32405300000000015,-0.32430142857142846,-0.0002484285714283163
5.887798,6.659221,4.855816,1.803405,-4.540105,-0.32405300000000015,-0.3242932142857143,-0.0002402142857141354
5.890566,6.658964,4.855816,1.803148,-4.540361999999999,-0.32405300000000015,-0.32431157142857137,-0.0002585714285712193
5.894048,6.659635,4.855816,1.803819,-4.5396909999999995,-0.32405300000000015,-0.3242636428571428,-0.00021064285714267328
5.898443,6.660691,4.855816,1.804874,-4.538634999999999,-0.32405300000000015,-0.32418821428571426,-0.00013521428571411365
5.90054,6.661187,4.855816,1.805371,-4.538138999999999,-0.32405300000000015,-0.3241527857142857,-9.978571428553851e-05
5.903866,6.6626,4.855816,1.806784,-4.536725999999999,-0.32405300000000015,-0.32405185714285706,1.1428571430882606e-06
5.908411,6.666018,4.855433,1.810586,-4.533307999999999,-0.3236699999999999,-0.3238077142857142,-0.00013771428571429656
5.909846,6.667724,4.855433,1.812291,-4.5316019999999995,-0.3236699999999999,-0.3236858571428571,-1.585714285717854e-05
5.913566,6.672272,4.855049,1.817223,-4.527053999999999,-0.3232860000000004,-0.3233609999999999,-7.499999999949214e-05
5.916712,6.677093,4.855049,1.822044,-4.522232999999999,-0.3232860000000004,-0.32301664285714277,0.00026935714285764023
5.920058,6.681683,4.854666,1.827018,-4.517643,-0.32290300000000016,-0.32268878571428566,0.00021421428571449797
5.922878,6.687839,4.854282,1.833556,-4.511486999999999,-0.32251900000000067,-0.32224907142857134,0.00026992857142932314
5.925922,6.697868,4.853515,1.844353,-4.5014579999999995,-0.32175200000000004,-0.3215327142857142,0.00021928571428581067
5.929349,6.707336,4.852748,1.854588,-4.4919899999999995,-0.3209850000000003,-0.32085642857142854,0.0001285714285717554
5.931866,6.713313,4.852365,1.860948,-4.486012999999999,-0.32060200000000005,-0.3204294999999999,0.00017250000000013088
5.934822,6.724412,4.851981,1.87243,-4.474913999999999,-0.32021800000000056,-0.3196367142857142,0.0005812857142863392
5.938037,6.733897,4.850831,1.883066,-4.465428999999999,-0.3190680000000006,-0.3189592142857142,0.00010878571428635242
5.941337,6.739122,4.850447,1.888675,-4.460203999999999,-0.3186840000000002,-0.3185859999999999,9.800000000026454e-05
5.944812,6.74634,4.850064,1.896276,-4.452985999999999,-0.31830099999999995,-0.31807042857142853,0.00023057142857141333
5.947979,6.75295,4.849297,1.903654,-4.446375999999999,-0.3175340000000002,-0.31759828571428567,-6.428571428546137e-05
5.950838,6.758116,4.849297,1.908819,-4.441209999999999,-0.3175340000000002,-0.31722928571428566,0.00030471428571454684
5.954181,6.76869,4.848146,1.920544,-4.430635999999999,-0.3163830000000001,-0.3164739999999999,-9.099999999984121e-05
5.958522,6.785201,4.847763,1.937439,-4.414124999999999,-0.31599999999999984,-0.3152946428571428,0.0007053571428570216
5.960412,6.793543,4.846229,1.947314,-4.405783,-0.31446600000000036,-0.31469878571428567,-0.0002327857142853107
5.963616,6.810831,4.844695,1.966136,-4.388494999999999,-0.312932,-0.3134639285714285,-0.0005319285714285305
5.968983,6.833983,4.843928,1.990055,-4.365342999999999,-0.31216500000000025,-0.31181021428571426,0.0003547857142859878
5.970176,6.840008,4.843161,1.996847,-4.359317999999999,-0.3113980000000005,-0.3113798571428571,1.8142857143410573e-05
5.973692,6.853792,4.842394,2.011398,-4.345533999999999,-0.3106309999999999,-0.31039528571428565,0.00023571428571422803
5.976631,6.862155,4.841243,2.020912,-4.337171,-0.30948000000000064,-0.30979792857142857,-0.00031792857142792785
5.979741,6.874908,4.840476,2.034432,-4.324418,-0.308713,-0.30888699999999997,-0.00017399999999995197
5.982821,6.885953,4.840476,2.045476,-4.3133729999999995,-0.308713,-0.3080980714285714,0.0006149285714286412
5.985609,6.899771,4.838942,2.060828,-4.299554999999999,-0.30717900000000053,-0.30711107142857136,6.792857142917663e-05
5.990435,6.913251,4.837408,2.075843,-4.286074999999999,-0.30564500000000017,-0.30614821428571426,-0.0005032142857140931
5.992058,6.929193,4.836641,2.092552,-4.2701329999999995,-0.3048780000000004,-0.3050095,-0.00013149999999956252
5.995672,6.943918,4.835491,2.108427,-4.255407999999999,-0.30372800000000044,-0.3039577142857142,-0.00022971428571377794
5.999329,6.961098,4.83434,2.126758,-4.238227999999999,-0.3025770000000003,-0.3027305714285714,-0.00015357142857108652
6.002006,6.976681,4.832806,2.143874,-4.222644999999999,-0.30104299999999995,-0.3016174999999999,-0.0005744999999999778
6.004843,6.994244,4.832039,2.162204,-4.205081999999999,-0.3002760000000002,-0.30036299999999994,-8.699999999972619e-05
6.008138,7.015589,4.830889,2.1847,-4.183736999999999,-0.2991260000000002,-0.29883835714285706,0.0002876428571431666
6.011175,7.037202,4.828972,2.208231,-4.1621239999999995,-0.2972090000000005,-0.2972945714285714,-8.557142857090749e-05
6.014625,7.060901,4.827438,2.233463,-4.138424999999999,-0.29567500000000013,-0.29560178571428564,7.321428571449573e-05
6.017856,7.089341,4.825904,2.263437,-4.109984999999999,-0.29414100000000065,-0.29357035714285706,0.0005706428571435884
6.020607,7.104826,4.823603,2.281223,-4.094499999999999,-0.29184000000000054,-0.2924642857142857,-0.0006242857142851332
6.02396,7.125034,4.822836,2.302198,-4.074291999999999,-0.2910729999999999,-0.2910208571428571,5.2142857142833954e-05
6.028586,7.141427,4.821302,2.320126,-4.057898999999999,-0.28953900000000043,-0.2898499285714285,-0.00031092857142805963
6.03016,7.158864,4.820918,2.337946,-4.040461999999999,-0.28915500000000005,-0.2886044285714285,0.0005505714285715668
6.033548,7.17977,4.819384,2.360386,-4.019555999999999,-0.28762100000000057,-0.2871111428571428,0.0005098571428577836
6.038441,7.209206,4.817083,2.392122,-3.9901199999999992,-0.28532000000000046,-0.2850085714285714,0.0003114285714290732
6.040153,7.221904,4.815933,2.405971,-3.977421999999999,-0.2841700000000005,-0.28410157142857134,6.84285714291355e-05
6.043727,7.247439,4.814399,2.43304,-3.9518869999999993,-0.2826360000000001,-0.2822776428571428,0.0003583571428573129
6.046588,7.270637,4.812481,2.458156,-3.9286889999999994,-0.28071800000000025,-0.28062064285714283,9.73571428574127e-05
6.049689,7.297927,4.810947,2.48698,-3.9013989999999996,-0.2791839999999999,-0.2786713571428571,0.0005126428571427533
6.052484,7.322225,4.807879,2.514346,-3.877100999999999,-0.27611600000000003,-0.2769357857142856,-0.0008197857142855924
6.058647,7.375395,4.805962,2.569433,-3.823930999999999,-0.2741990000000003,-0.2731379285714285,0.0010610714285718137
6.059947,7.391708,4.804044,2.587664,-3.807617999999999,-0.27228100000000044,-0.2719727142857142,0.0003082857142862605
6.063378,7.418563,4.80251,2.616053,-3.7807629999999994,-0.27074700000000007,-0.2700545,0.0006925000000000958
6.066258,7.44167,4.800593,2.641077,-3.757655999999999,-0.26883000000000035,-0.2684039999999999,0.00042600000000042604
6.06951,7.465666,4.798675,2.66699,-3.7336599999999995,-0.2669120000000005,-0.26669,0.00022200000000049958
6.072479,7.486527,4.796758,2.689769,-3.7127989999999995,-0.26499499999999987,-0.26519992857142854,-0.00020492857142867527
6.075559,7.511155,4.79484,2.716314,-3.6881709999999996,-0.263077,-0.2634407857142857,-0.0003637857142856915
6.078865,7.541626,4.792539,2.749087,-3.6576999999999993,-0.2607759999999999,-0.26126428571428567,-0.0004882857142857744
6.081694,7.570141,4.791005,2.779136,-3.6291849999999997,-0.2592420000000004,-0.2592275,1.4500000000416957e-05
6.084642,7.598123,4.789088,2.809035,-3.601202999999999,-0.2573249999999998,-0.25722878571428565,9.621428571415791e-05
6.087657,7.632247,4.78602,2.846227,-3.5670789999999997,-0.25425699999999996,-0.2547913571428571,-0.0005343571428571559
6.091545,7.66492,4.784103,2.880817,-3.534405999999999,-0.25234000000000023,-0.25245757142857134,-0.00011757142857110603
6.095132,7.701227,4.782185,2.919042,-3.498098999999999,-0.25042200000000037,-0.2498642142857142,0.0005577857142861631
6.098168,7.732516,4.780268,2.952248,-3.466809999999999,-0.24850500000000064,-0.24762928571428564,0.0008757142857150069
6.100815,7.756959,4.777583,2.979376,-3.442366999999999,-0.24582000000000015,-0.24588335714285708,-6.335714285693461e-05
6.104222,7.78801,4.774899,3.013111,-3.4113159999999993,-0.2431359999999998,-0.24366542857142853,-0.0005294285714287361
6.108383,7.830338,4.773748,3.05659,-3.368987999999999,-0.24198500000000056,-0.24064199999999994,0.0013430000000006215
6.110181,7.849007,4.771064,3.077943,-3.350318999999999,-0.2393010000000002,-0.23930849999999992,-7.499999999716067e-06
6.113861,7.888773,4.768763,3.120011,-3.3105529999999996,-0.2370000000000001,-0.2364680714285714,0.000531928571428697
6.116914,7.919186,4.766462,3.152725,-3.2801399999999994,-0.234699,-0.23429571428571425,0.0004032857142857449
6.119972,7.95269,4.764544,3.188145,-3.2466359999999996,-0.23278100000000013,-0.2319025714285714,0.0008784285714287243
6.123014,7.984795,4.761476,3.223319,-3.214530999999999,-0.22971300000000028,-0.22960935714285707,0.00010364285714320465
6.125972,8.01335,4.759942,3.253408,-3.1859759999999984,-0.2281789999999999,-0.22756971428571418,0.0006092857142857289
6.129402,8.043511,4.757641,3.285869,-3.1558149999999987,-0.2258779999999998,-0.22541535714285704,0.00046264285714275877
6.13195,8.073852,4.755724,3.318128,-3.1254739999999988,-0.22396100000000008,-0.22324814285714276,0.0007128571428573205
6.135028,8.10673,4.753423,3.353307,-3.0925959999999986,-0.22165999999999997,-0.22089971428571417,0.0007602857142857966
6.138583,8.143485,4.749972,3.393513,-3.055840999999999,-0.21820899999999988,-0.2182743571428571,-6.535714285721417e-05
6.141361,8.181683,4.747287,3.434396,-3.0176429999999996,-0.21552400000000027,-0.21554592857142854,-2.1928571428270205e-05
6.144742,8.219698,4.74537,3.474329,-2.979628,-0.21360700000000055,-0.21283057142857142,0.0007764285714291219
6.147906,8.262268,4.741535,3.520734,-2.9370579999999986,-0.20977200000000007,-0.20978985714285706,-1.7857142856986252e-05
6.15086,8.289852,4.739617,3.550235,-2.9094739999999994,-0.2078540000000002,-0.20781957142857138,3.442857142882394e-05
6.154221,8.328469,4.736933,3.591536,-2.870856999999999,-0.20516999999999985,-0.20506121428571422,0.00010878571428563077
6.158391,8.377405,4.733865,3.643541,-2.8219209999999997,-0.202102,-0.20156578571428568,0.0005362142857143204
6.160332,8.402037,4.730797,3.67124,-2.7972889999999992,-0.19903400000000016,-0.19980635714285708,-0.000772357142856922
6.163848,8.445162,4.728879,3.716283,-2.7541639999999994,-0.1971160000000003,-0.19672599999999996,0.0003900000000003345
6.166721,8.47876,4.726195,3.752565,-2.720566,-0.19443199999999994,-0.19432614285714284,0.00010585714285710202
6.169818,8.51678,4.72236,3.79442,-2.6825459999999985,-0.19059700000000035,-0.19161042857142846,-0.00101342857142811
6.173875,8.56372,4.719292,3.844428,-2.6356059999999992,-0.1875290000000005,-0.18825757142857139,-0.0007285714285708844
6.178513,8.620777,4.716991,3.903786,-2.578548999999999,-0.1852280000000004,-0.18418207142857135,0.0010459285714290445
6.180215,8.644732,4.713923,3.930809,-2.554594,-0.18216000000000054,-0.182471,-0.0003109999999994506
6.183467,8.685972,4.712005,3.973967,-2.5133539999999996,-0.18024200000000068,-0.1795252857142857,0.0007167142857149866
6.186289,8.721818,4.709321,4.012497,-2.4775079999999985,-0.17755800000000033,-0.17696485714285703,0.0005931428571432917
6.189317,8.760354,4.706637,4.053717,-2.4389719999999997,-0.17487399999999997,-0.17421228571428568,0.0006617142857142932
6.192298,8.795286,4.702802,4.092485,-2.4040399999999984,-0.17103900000000039,-0.17171714285714273,-0.0006781428571423498
6.195392,8.834109,4.700501,4.133609,-2.3652169999999995,-0.16873800000000028,-0.1689440714285714,-0.00020607142857112515
6.198915,8.876626,4.696282,4.180343,-2.3226999999999993,-0.1645190000000003,-0.1659071428571428,-0.0013881428571425047
6.201833,8.917078,4.694365,4.222714,-2.282247999999999,-0.16260200000000058,-0.16301771428571424,-0.00041571428571365865
6.205013,8.958925,4.691297,4.267628,-2.2404009999999985,-0.15953399999999984,-0.16002864285714274,-0.0004946428571429018
6.208215,9.00173,4.688996,4.312734,-2.197595999999999,-0.15723300000000062,-0.15697114285714278,0.0002618571428578409
6.211052,9.038217,4.685161,4.353056,-2.1611089999999997,-0.15339800000000015,-0.15436492857142856,-0.0009669285714284104
6.214542,9.084246,4.682476,4.40177,-2.115079999999999,-0.15071300000000054,-0.15107714285714277,-0.00036414285714223005
6.217665,9.136886,4.679792,4.457094,-2.0624399999999987,-0.1480290000000002,-0.14731714285714276,0.0007118571428574305
6.220472,9.166206,4.676724,4.489482,-2.0331199999999985,-0.14496100000000034,-0.14522285714285704,-0.0002618571428567029
6.223825,9.21282,4.674423,4.538398,-1.9865059999999986,-0.14266000000000023,-0.1418932857142856,0.0007667142857146203
6.226706,9.255214,4.669821,4.585393,-1.9441119999999987,-0.13805800000000001,-0.13886514285714277,-0.0008071428571427564
6.229808,9.296639,4.66752,4.629119,-1.9026869999999985,-0.1357569999999999,-0.13590621428571417,-0.00014921428571426643
6.232715,9.337543,4.664069,4.673475,-1.861782999999999,-0.1323059999999998,-0.13298449999999992,-0.0006785000000001096
6.235754,9.377742,4.661768,4.715975,-1.8215839999999996,-0.1300050000000006,-0.13011314285714284,-0.00010814285714225158
6.239333,9.425886,4.659467,4.766419,-1.773439999999999,-0.12770400000000048,-0.12667428571428566,0.0010297142857148278
6.241681,9.458958,4.654865,4.804093,-1.7403679999999984,-0.12310200000000027,-0.12431199999999988,-0.0012099999999996142
6.244987,9.50657,4.651797,4.854773,-1.6927559999999993,-0.12003400000000042,-0.1209111428571428,-0.0008771428571423823
6.248737,9.547053,4.649496,4.897557,-1.6522729999999992,-0.11773300000000031,-0.11801949999999994,-0.00028649999999963427
6.25112,9.589402,4.645661,4.943741,-1.6099239999999995,-0.11389799999999983,-0.11499457142857139,-0.0010965714285715578
6.254717,9.637296,4.642209,4.995086,-1.56203,-0.11044600000000049,-0.11157357142857142,-0.0011275714285709365
6.257726,9.690897,4.639525,5.051373,-1.5084289999999996,-0.10776200000000014,-0.10774492857142855,1.7071428571588387e-05
6.260667,9.725011,4.634923,5.090088,-1.474314999999999,-0.10315999999999992,-0.10530821428571421,-0.002148214285714295
6.264116,9.776524,4.632238,5.144285,-1.422801999999999,-0.10047500000000031,-0.10162871428571421,-0.0011537142857138971
6.269227,9.836136,4.629554,5.206582,-1.3631899999999995,-0.09779099999999996,-0.09737071428571424,0.00042028571428572026
6.270728,9.870107,4.624569,5.245539,-1.3292189999999984,-0.09280600000000039,-0.09494421428571417,-0.0021382142857137854
6.274354,9.920255,4.620734,5.299521,-1.279071,-0.08897099999999991,-0.0913622142857143,-0.0023912142857143853
6.27869,9.982513,4.616515,5.365998,-1.2168129999999984,-0.08475199999999994,-0.08691521428571417,-0.0021632142857142267
6.281869,10.030612,4.613447,5.417165,-1.1687139999999996,-0.08168400000000009,-0.0834795714285714,-0.0017955714285713131
6.285211,10.083397,4.610763,5.472634,-1.1159289999999995,-0.07900000000000063,-0.07970921428571424,-0.0007092142857136191
6.289516,10.125263,4.608078,5.517185,-1.0740629999999989,-0.07631500000000013,-0.07671878571428563,-0.0004037857142854956
6.291397,10.174018,4.603476,5.570542,-1.025307999999999,-0.07171299999999992,-0.07323628571428564,-0.001523285714285727
6.295033,10.223076,4.600408,5.622667,-0.9762499999999985,-0.06864500000000007,-0.06973214285714276,-0.0010871428571426894
6.297902,10.273158,4.597724,5.675434,-0.9261679999999988,-0.0659610000000006,-0.06615485714285706,-0.0001938571428564545
6.300706,10.308691,4.593889,5.714802,-0.8906349999999996,-0.062126000000000126,-0.06361678571428568,-0.0014907857142855557
6.304125,10.35727,4.590054,5.767216,-0.8420559999999995,-0.05829100000000054,-0.060146857142857106,-0.0018558571428565693
6.308634,10.417874,4.587753,5.830121,-0.7814519999999998,-0.05599000000000043,-0.055817999999999986,0.00017200000000044263
6.310202,10.445374,4.583151,5.862223,-0.753952,-0.05138800000000021,-0.05385371428571428,-0.0024657142857140713
6.313818,10.499579,4.580083,5.919496,-0.6997469999999986,-0.04832000000000036,-0.04998192857142847,-0.0016619285714281062
6.318273,10.57061,4.577015,5.993595,-0.6287159999999989,-0.045252000000000514,-0.04490828571428564,0.0003437142857148773
6.320025,10.599429,4.572413,6.027016,-0.5998969999999986,-0.0406500000000003,-0.04284978571428561,-0.002199785714285314
6.323626,10.649526,4.569345,6.080181,-0.5497999999999994,-0.03758200000000045,-0.03927142857142853,-0.0016894285714280782
6.326766,10.694223,4.566661,6.127562,-0.5051030000000001,-0.034898000000000096,-0.03607878571428572,-0.0011807857142856273
6.330077,10.745443,4.562059,6.183384,-0.45388299999999937,-0.03029599999999988,-0.03242021428571424,-0.002124214285714361
6.332955,10.790205,4.558991,6.231214,-0.40912099999999896,-0.02722800000000003,-0.029222928571428497,-0.001994928571428467
6.336352,10.844104,4.555156,6.288948,-0.3552219999999995,-0.02339300000000044,-0.02537299999999996,-0.0019799999999995203
6.339897,10.891355,4.552855,6.3385,-0.30797099999999844,-0.021092000000000333,-0.02199792857142846,-0.0009059285714281273
6.342361,10.934372,4.550554,6.383818,-0.26495399999999947,-0.018791000000000224,-0.018925285714285676,-0.00013428571428545158
6.345284,10.977841,4.545952,6.431889,-0.2214849999999995,-0.014189000000000007,-0.015820357142857105,-0.0016313571428570976
6.348823,11.024896,4.542884,6.482012,-0.1744299999999992,-0.011121000000000159,-0.012459285714285657,-0.0013382857142854986
6.351719,11.071889,4.540583,6.531306,-0.1274369999999987,-0.00882000000000005,-0.009102642857142764,-0.00028264285714271406
6.354847,11.1226,4.537132,6.585469,-0.07672599999999896,-0.005368999999999957,-0.005480428571428497,-0.00011142857142854012
6.357813,11.173029,4.53253,6.640499,-0.02629699999999957,-0.0007670000000006283,-0.0018783571428571122,-0.001111357142856484
6.360544,11.206148,4.529078,6.677069,0.006822000000001438,0.0026849999999996044,0.000487285714285817,-0.002197714285713787
6.364098,11.257155,4.526777,6.730378,0.05782899999999991,0.004985999999999713,0.004130642857142851,-0.0008553571428568619
6.367062,11.30334,4.523326,6.780015,0.10401400000000116,0.008436999999999806,0.007429571428571512,-0.0010074285714282939
6.370436,11.353989,4.51834,6.835648,0.1546630000000011,0.013422999999999519,0.011047357142857222,-0.002375642857142297
6.373672,11.406555,4.514889,6.891666,0.20722900000000166,0.01687399999999961,0.014802071428571548,-0.0020719285714280635
6.376759,11.454546,4.512204,6.942342,0.25522000000000133,0.019559000000000104,0.018230000000000097,-0.0013290000000000073
6.380497,11.504606,4.50837,6.996236,0.30528000000000155,0.023392999999999553,0.021805714285714397,-0.001587285714285156
6.383295,11.555597,4.504151,7.051446,0.35627100000000134,0.027611999999999526,0.025447928571428666,-0.0021640714285708594
6.386523,11.606948,4.50185,7.105098,0.40762199999999993,0.029912999999999634,0.029115857142857138,-0.0007971428571424966
6.389561,11.652713,4.497248,7.155465,0.4533870000000011,0.03451499999999985,0.03238478571428579,-0.002130214285714062
6.392273,11.693444,4.494564,7.19888,0.4941180000000003,0.037199000000000204,0.03529414285714288,-0.001904857142857326
6.39561,11.742091,4.491496,7.250595,0.542765000000001,0.04026700000000005,0.03876892857142865,-0.0014980714285714042
6.398786,11.785356,4.488428,7.296928,0.5860300000000009,0.0433349999999999,0.04185928571428578,-0.001475714285714122
6.401502,11.829913,4.483826,7.346087,0.6305870000000002,0.04793700000000012,0.04504192857142859,-0.0028950714285715315
6.404754,11.881556,4.480758,7.400798,0.6822300000000006,0.05100499999999997,0.04873071428571433,-0.0022742857142856385
6.40792,11.934448,4.47769,7.456759,0.7351220000000005,0.054072999999999816,0.05250871428571432,-0.0015642857142854974
6.411024,11.97469,4.473471,7.501218,0.7753640000000015,0.05829199999999979,0.055383142857142964,-0.0029088571428568244
6.414457,12.023193,4.470787,7.552406,0.8238669999999999,0.06097600000000014,0.05884764285714285,-0.002128357142857293
6.417721,12.084602,4.467336,7.617266,0.8852760000000011,0.06442699999999935,0.06323400000000008,-0.001192999999999264
6.42092,12.122894,4.46235,7.660544,0.9235680000000013,0.06941299999999995,0.06596914285714295,-0.0034438571428569986
6.424494,12.177728,4.459282,7.718446,0.9784020000000009,0.0724809999999998,0.06988585714285721,-0.0025951428571425877
6.427842,12.234876,4.455064,7.779813,1.0355500000000006,0.07669899999999963,0.07396785714285718,-0.002731142857142446
6.430974,12.274322,4.451996,7.822326,1.0749960000000005,0.07976699999999948,0.0767854285714286,-0.0029815714285708755
6.434428,12.326345,4.449311,7.877033,1.1270190000000007,0.08245199999999997,0.0805013571428572,-0.0019506428571427759
6.437661,12.386935,4.446243,7.940692,1.1876090000000001,0.08551999999999982,0.0848292142857143,-0.0006907857142855189
6.440358,12.417636,4.440874,7.976762,1.2183100000000007,0.09088899999999978,0.08702214285714291,-0.0038668571428568665
6.443844,12.469316,4.437806,8.03151,1.26999,0.09395699999999962,0.09071357142857142,-0.003243428571428203
6.44836,12.533315,4.435889,8.097426,1.3339890000000008,0.09587399999999935,0.09528492857142863,-0.0005890714285707171
6.450159,12.559859,4.429753,8.130106,1.3605330000000002,0.10200999999999993,0.09718092857142858,-0.004829071428571349
6.454738,12.625042,4.426685,8.198357,1.4257160000000013,0.10507799999999978,0.10183685714285724,-0.00324114285714254
6.457904,12.674098,4.424001,8.250098,1.4747720000000015,0.10776200000000014,0.10534085714285725,-0.0024211428571428856
6.460653,12.710951,4.420933,8.290019,1.5116250000000004,0.11082999999999998,0.10797321428571431,-0.002856785714285673
6.46392,12.757781,4.417481,8.3403,1.5584550000000004,0.11428199999999933,0.11131821428571431,-0.0029637857142850166
6.469399,12.82363,4.41403,8.4096,1.6243040000000004,0.11773299999999942,0.11602171428571431,-0.0017112857142851101
6.470628,12.854581,4.409428,8.445153,1.6552550000000004,0.12233499999999964,0.11823250000000003,-0.0041024999999996065
6.474366,12.91021,4.40636,8.50385,1.710884,0.1254029999999995,0.12220600000000001,-0.003196999999999478
6.477515,12.969583,4.402525,8.567058,1.7702570000000009,0.12923799999999996,0.12644692857142864,-0.0027910714285713234
6.480649,13.001853,4.39869,8.603163,1.8025270000000013,0.13307299999999955,0.12875192857142867,-0.004321071428570883
6.484037,13.046981,4.396772,8.650209,1.8476550000000014,0.13499099999999942,0.13197535714285724,-0.0030156428571421756
6.488467,13.109996,4.392554,8.717442,1.9106700000000014,0.13920900000000014,0.13647642857142867,-0.002732571428571473
6.490059,13.138821,4.389486,8.749335,1.9394950000000009,0.142277,0.1385353571428572,-0.0037416428571427907
6.493916,13.188993,4.384884,8.804109,1.9896670000000007,0.1468790000000002,0.14211907142857147,-0.004759928571428734
6.497844,13.250279,4.381049,8.86923,2.0509530000000016,0.1507139999999998,0.14649664285714298,-0.004217357142856815
6.50163,13.295401,4.378748,8.916653,2.096075000000001,0.1530149999999999,0.14971964285714293,-0.003295357142856975
6.505051,13.342665,4.376064,8.966602,2.143339000000001,0.15569899999999937,0.15309564285714292,-0.0026033571428564495
6.508373,13.386859,4.372612,9.014246,2.187533,0.1591509999999996,0.15625235714285715,-0.002898642857142447
6.511185,13.426529,4.369928,9.056602,2.227203000000001,0.16183499999999995,0.15908592857142864,-0.002749071428571309
6.514625,13.472738,4.366476,9.106261,2.2734120000000004,0.16528700000000018,0.16238657142857146,-0.0029004285714287203
6.517595,13.523915,4.363025,9.16089,2.3245890000000013,0.1687379999999994,0.16604207142857152,-0.0026959285714278636
6.521826,13.55792,4.358806,9.199114,2.358594,0.17295699999999936,0.168471,-0.004485999999999352
6.525463,13.620313,4.356122,9.264191,2.4209870000000002,0.17564099999999971,0.17292764285714288,-0.002713357142856837
6.528805,13.666678,4.353054,9.313624,2.467352,0.17870899999999956,0.17623942857142857,-0.002469571428570988
6.53141,13.702256,4.349219,9.353037,2.502930000000001,0.18254400000000004,0.17878071428571435,-0.0037632857142856913
6.534728,13.742315,4.347302,9.395014,2.5429890000000004,0.18446099999999976,0.18164207142857144,-0.0028189285714283197
6.537907,13.788669,4.344617,9.444052,2.5893430000000013,0.18714599999999937,0.1849530714285715,-0.00219292857142786
6.540701,13.819154,4.341933,9.477221,2.619828,0.18982999999999972,0.18713057142857142,-0.0026994285714282973
6.54401,13.85916,4.338481,9.520679,2.659834,0.19328199999999995,0.18998814285714286,-0.0032938571428570984
6.548501,13.915784,4.33618,9.579604,2.716458000000001,0.19558300000000006,0.19403271428571436,-0.0015502857142856985
6.549758,13.940308,4.334263,9.606045,2.7409820000000007,0.1974999999999998,0.1957844285714286,-0.0017155714285711776
6.553348,13.977297,4.331578,9.645719,2.777971000000001,0.2001849999999994,0.19842650000000006,-0.00175849999999933
6.556134,14.01497,4.32851,9.68646,2.8156440000000007,0.20325300000000013,0.2011174285714286,-0.0021355714285715144
6.559355,14.052804,4.324675,9.728129,2.853478000000001,0.20708799999999972,0.2038198571428572,-0.0032681428571425253
6.562078,14.088706,4.322758,9.765948,2.889380000000001,0.20900499999999944,0.20638428571428577,-0.002620714285713671
6.565045,14.124464,4.320073,9.80439,2.9251380000000005,0.21168999999999993,0.2089384285714286,-0.0027515714285713255
6.568376,14.165015,4.317772,9.847243,2.965689000000001,0.21399100000000004,0.21183492857142866,-0.0021560714285713822
6.571029,14.199269,4.314704,9.884565,2.999943,0.2170589999999999,0.21428164285714285,-0.00277735714285704
6.574728,14.243335,4.31202,9.931315,3.044009000000001,0.21974299999999936,0.21742921428571435,-0.002313785714285005
6.578121,14.285055,4.309719,9.975336,3.0857290000000006,0.22204399999999946,0.22040921428571433,-0.0016347857142851308
6.580846,14.316009,4.307035,10.008974,3.116683,0.22472799999999982,0.2226202142857143,-0.0021077857142855205
6.584091,14.351716,4.30435,10.047366,3.1523900000000005,0.22741299999999942,0.2251707142857143,-0.002242285714285114
6.588344,14.400406,4.302049,10.098357,3.201080000000001,0.22971399999999953,0.2286485714285715,-0.0010654285714280232
6.589747,14.421452,4.299365,10.122088,3.222126000000001,0.23239799999999988,0.2301518571428572,-0.002246142857142669
6.593365,14.461327,4.296297,10.16503,3.2620010000000015,0.23546599999999973,0.23300007142857154,-0.0024659285714281887
6.598449,14.518632,4.293612,10.22502,3.319306000000001,0.23815099999999934,0.23709328571428578,-0.0010577142857135513
6.600138,14.537395,4.291695,10.2457,3.338069000000001,0.24006799999999995,0.23843350000000005,-0.0016344999999999
6.603142,14.569836,4.288627,10.28121,3.3705100000000012,0.2431359999999998,0.24075071428571437,-0.0023852857142854234
6.606205,14.603235,4.286326,10.316909,3.4039090000000005,0.2454369999999999,0.24313635714285717,-0.0023006428571427373
6.609561,14.636088,4.284025,10.352063,3.4367620000000016,0.247738,0.24548300000000012,-0.002254999999999896
6.612365,14.668849,4.28134,10.387508,3.4695230000000006,0.2504229999999996,0.24782307142857146,-0.002599928571428156
6.615852,14.706894,4.279806,10.427088,3.507568000000001,0.251957,0.2505405714285715,-0.0014164285714284852
6.619507,14.745885,4.277505,10.468379,3.5465590000000002,0.2542580000000001,0.2533256428571429,-0.0009323571428572208
6.622727,14.778381,4.274054,10.504327,3.5790550000000003,0.2577090000000002,0.25564678571428573,-0.0020622142857144588
6.625815,14.810126,4.272136,10.53799,3.610800000000001,0.25962700000000005,0.2579142857142858,-0.0017127142857142341
6.628904,14.839305,4.270603,10.568702,3.6399790000000003,0.2611599999999994,0.2599985,-0.0011614999999993714
6.631703,14.866007,4.268302,10.597706,3.6666810000000005,0.2634609999999995,0.26190578571428574,-0.0015552142857137574
6.635277,14.899756,4.265234,10.634523,3.7004300000000008,0.26652899999999935,0.2643164285714286,-0.002212571428570731
6.638913,14.939869,4.2637,10.676169,3.7405430000000006,0.2680629999999997,0.2671816428571429,-0.000881357142856809
6.64174,14.96876,4.260248,10.708512,3.7694340000000004,0.27151499999999995,0.26924528571428574,-0.0022697142857142083
6.645099,15.003132,4.258331,10.744801,3.8038060000000016,0.2734319999999997,0.2717004285714287,-0.0017315714285709993
6.648475,15.033518,4.256797,10.776721,3.8341920000000016,0.27496600000000004,0.27387085714285725,-0.0010951428571427946
6.650968,15.060441,4.255263,10.805178,3.8611150000000016,0.2764999999999995,0.2757939285714287,-0.0007060714285708203
6.65451,15.089465,4.252578,10.836887,3.8901390000000013,0.279185,0.27786707142857153,-0.0013179285714284839
6.657644,15.123353,4.251428,10.871926,3.9240270000000006,0.280335,0.2802876428571429,-4.7357142857085144e-05
6.661077,15.143404,4.247976,10.895428,3.944078000000001,0.28378699999999935,0.28171985714285724,-0.0020671428571421013
6.664238,15.174659,4.246442,10.928217,3.975333000000001,0.2853209999999997,0.2839523571428572,-0.0013686428571424991
6.667276,15.201965,4.244908,10.957057,4.002639,0.2868550000000001,0.28590278571428573,-0.0009522142857143479
6.670746,15.228814,4.242224,10.986591,4.029488000000001,0.28953899999999955,0.2878205714285715,-0.0017184285714280656
6.674116,15.261491,4.240306,11.021185,4.062165,0.2914569999999994,0.2901546428571429,-0.0013023571428565361
6.677569,15.297289,4.238389,11.0589,4.097963,0.293374,0.29271164285714285,-0.0006623571428571728
6.680226,15.31188,4.236471,11.075409,4.112554000000001,0.2952919999999999,0.29375385714285723,-0.0015381428571426548
6.683743,15.337762,4.235321,11.102441,4.1384360000000004,0.2964419999999999,0.29560257142857144,-0.0008394285714284355
6.686669,15.35899,4.233403,11.125587,4.159664000000001,0.29835999999999974,0.29711885714285724,-0.0012411428571424965
6.691185,15.385475,4.231486,11.153989,4.186149,0.30027699999999946,0.2990106428571429,-0.0012663571428565557
6.694373,15.416708,4.230336,11.186372,4.217382000000001,0.30142699999999945,0.3012415714285715,-0.000185428571427948
6.698567,15.447017,4.227651,11.219366,4.247691000000001,0.30411199999999994,0.3034065000000001,-0.000705499999999859
6.700525,15.464724,4.226501,11.238223,4.265398000000001,0.3052619999999999,0.3046712857142858,-0.0005907142857141112
6.704209,15.4919,4.223816,11.268084,4.292574,0.3079469999999995,0.30661242857142856,-0.0013345714285709631
6.708498,15.520776,4.221899,11.298877,4.3214500000000005,0.30986400000000014,0.30867500000000003,-0.0011890000000001066
6.7113,15.54148,4.220365,11.321115,4.342154000000001,0.3113979999999996,0.3101538571428572,-0.0012441428571424162
6.714647,15.562097,4.219598,11.3425,4.362771,0.31216499999999936,0.31162650000000003,-0.0005384999999993312
6.719075,15.584715,4.21768,11.367034,4.385389,0.3140830000000001,0.3132420714285714,-0.0008409285714287007
6.721439,15.599268,4.21653,11.382738,4.399942000000001,0.3152330000000001,0.3142815714285715,-0.000951428571428603
6.725106,15.618834,4.214996,11.403838,4.419508,0.3167669999999996,0.3156791428571429,-0.0010878571428566963
6.728465,15.638345,4.213845,11.4245,4.439019,0.3179179999999997,0.3170727857142857,-0.000845214285713991
6.731156,15.6545,4.212311,11.442189,4.455174000000001,0.31945200000000007,0.31822671428571436,-0.0012252857142857065
6.734845,15.675194,4.211161,11.464033,4.475868,0.32060200000000005,0.3197048571428572,-0.0008971428571428741
6.738587,15.696662,4.20886,11.487802,4.497336000000001,0.32290300000000016,0.32123828571428575,-0.0016647142857144082
6.741188,15.718767,4.207709,11.511058,4.5194410000000005,0.3240539999999994,0.3228172142857143,-0.0012367857142850935
6.744443,15.740438,4.206559,11.533879,4.541112,0.3252039999999994,0.32436514285714285,-0.0008388571428565306
6.748062,15.761981,4.205025,11.556956,4.562655000000001,0.32673799999999975,0.32590392857142864,-0.0008340714285711148
6.751011,15.772593,4.203874,11.568718,4.573267000000001,0.3278889999999999,0.3266619285714287,-0.0012270714285712025
6.754651,15.789959,4.203107,11.586852,4.590633,0.3286559999999996,0.32790235714285715,-0.0007536428571424669
6.76019,15.809215,4.201573,11.607642,4.609889000000001,0.33019,0.3292777857142858,-0.0009122142857141968
6.762037,15.819974,4.20119,11.618784,4.620648000000001,0.33057299999999934,0.3300462857142858,-0.0005267142857135476
6.765932,15.836783,4.200423,11.63636,4.637457000000001,0.33133999999999997,0.3312469285714287,-9.30714285712897e-05
6.769322,15.841602,4.199272,11.64233,4.642276000000001,0.3324910000000001,0.3315911428571429,-0.0008998571428571744
6.771964,15.85274,4.198889,11.653851,4.6534140000000015,0.33287399999999945,0.33238671428571437,-0.0004872857142850795
6.775005,15.861612,4.198505,11.663106,4.662286,0.33325799999999983,0.33302042857142855,-0.00023757142857128155
6.778104,15.871181,4.197355,11.673826,4.671855000000001,0.3344079999999998,0.3337039285714286,-0.0007040714285712069
6.781726,15.887908,4.196204,11.691703,4.688582,0.33555899999999994,0.3348987142857143,-0.0006602857142856133
6.785068,15.906039,4.195437,11.710601,4.706713000000001,0.3363259999999997,0.33619378571428576,-0.00013221428571391636
6.788042,15.914908,4.19352,11.721388,4.715582000000001,0.3382429999999994,0.33682728571428583,-0.0014157142857135763
6.791084,15.9301,4.193136,11.736963,4.730774,0.3386269999999998,0.3379124285714286,-0.0007145714285711757
6.794708,15.936826,4.192753,11.744073,4.737500000000001,0.33901000000000003,0.3383928571428572,-0.0006171428571428161
6.798943,15.948156,4.191986,11.75617,4.748830000000002,0.3397769999999998,0.33920214285714295,-0.0005748571428568217
6.801965,15.959184,4.191219,11.767965,4.759858000000001,0.3405439999999995,0.33998985714285723,-0.0005541428571422813
6.805168,15.962652,4.190452,11.7722,4.763326000000001,0.34131100000000014,0.34023757142857153,-0.001073428571428614
6.808475,15.976224,4.190069,11.786156,4.776898000000001,0.3416939999999995,0.3412070000000001,-0.0004869999999994046
6.811285,15.984424,4.189685,11.794739,4.785098000000001,0.3420779999999999,0.3417927142857144,-0.0002852857142854881
6.814721,15.986923,4.188918,11.798005,4.787597000000002,0.3428449999999996,0.3419712142857144,-0.0008737857142852024
6.817805,15.996151,4.188535,11.807616,4.796825,0.34322799999999987,0.34263035714285717,-0.0005976428571426995
6.820666,16.001066,4.188151,11.812915,4.801740000000002,0.34361199999999936,0.3429814285714287,-0.0006305714285706476
6.824154,16.003631,4.188151,11.81548,4.804304999999999,0.34361199999999936,0.3431646428571428,-0.0004473571428565415
6.82845,16.005618,4.188151,11.817467,4.806291999999999,0.34361199999999936,0.34330657142857135,-0.0003054285714280125
6.830184,16.006414,4.187768,11.818646,4.807088,0.3439949999999996,0.3433634285714286,-0.0006315714285710095
6.834058,16.007173,4.187768,11.819406,4.807847000000002,0.3439949999999996,0.34341764285714305,-0.0005773571428565605
6.838386,16.01021,4.187384,11.822826,4.8108840000000015,0.344379,0.3436345714285715,-0.0007444285714284793
6.839973,16.011757,4.187384,11.824373,4.812431,0.344379,0.3437450714285714,-0.000633928571428577
6.843791,16.016818,4.187001,11.829817,4.817492000000001,0.34476199999999935,0.34410657142857154,-0.0006554285714278074
6.848698,16.02014,4.187001,11.83314,4.820814000000002,0.34476199999999935,0.3443438571428573,-0.00041814285714203425
6.850953,16.020934,4.187001,11.833934,4.821608000000001,0.34476199999999935,0.3444005714285715,-0.00036142857142784646
6.854082,16.019405,4.187001,11.832404,4.820079,0.34476199999999935,0.34429135714285714,-0.00047064285714221166
6.85858,16.019609,4.186617,11.832991,4.820283,0.34514599999999973,0.34430592857142855,-0.0008400714285711763
6.860257,16.019221,4.187001,11.83222,4.8198950000000025,0.34476199999999935,0.3442782142857145,-0.00048378571428486783
6.864048,16.020021,4.186617,11.833403,4.820695000000001,0.34514599999999973,0.3443353571428572,-0.0008106428571425517
6.869338,16.018478,4.187001,11.831477,4.8191520000000025,0.34476199999999935,0.34422514285714306,-0.000536857142856284
6.870634,16.018045,4.186617,11.831428,4.8187190000000015,0.34514599999999973,0.3441942142857144,-0.0009517857142853359
6.874223,16.018054,4.187001,11.831053,4.818728,0.34476199999999935,0.34419485714285714,-0.000567142857142211
6.878526,16.01746,4.187001,11.83046,4.818134000000001,0.34476199999999935,0.34415242857142864,-0.0006095714285707099
6.879991,16.016965,4.187001,11.829964,4.817639,0.34476199999999935,0.3441170714285714,-0.0006449285714279496
6.883709,16.014735,4.186617,11.828118,4.8154090000000025,0.34514599999999973,0.34395778571428587,-0.0011882142857138622
6.886856,16.01353,4.186617,11.826912,4.814204,0.34514599999999973,0.3438717142857143,-0.0012742857142854502
6.889941,16.011991,4.186617,11.825374,4.812664999999999,0.34514599999999973,0.3437617857142857,-0.0013842142857140582
6.892724,16.011061,4.186617,11.824444,4.811735000000002,0.34514599999999973,0.3436953571428573,-0.0014506428571424146
6.895884,16.009852,4.187001,11.822851,4.810525999999999,0.34476199999999935,0.34360899999999994,-0.0011529999999994045
6.899387,16.009083,4.187001,11.822083,4.809757000000001,0.34476199999999935,0.34355407142857153,-0.0012079285714278187
6.90208,16.007854,4.187384,11.820469,4.808527999999999,0.344379,0.34346628571428567,-0.0009127142857143222
6.905209,16.006991,4.187384,11.819607,4.807665,0.344379,0.34340464285714284,-0.0009743571428571518
6.908794,16.00506,4.187384,11.817676,4.805734000000001,0.344379,0.34326671428571437,-0.0011122857142856213
6.912025,15.99955,4.187384,11.812166,4.800224,0.344379,0.3428731428571429,-0.0015058571428571144
6.915069,15.989939,4.187768,11.802171,4.7906130000000005,0.3439949999999996,0.3421866428571429,-0.0018083571428567091
6.918713,15.982808,4.188151,11.794657,4.783482000000001,0.34361199999999936,0.3416772857142858,-0.001934714285713568
6.922008,15.981433,4.188918,11.792515,4.782107000000002,0.3428449999999996,0.3415790714285715,-0.0012659285714280988
6.924945,15.978288,4.188535,11.789754,4.778962,0.34322799999999987,0.34135442857142856,-0.0018735714285713079
6.928599,15.971087,4.188918,11.782169,4.7717610000000015,0.3428449999999996,0.34084007142857153,-0.0020049285714280884
6.931537,15.964769,4.189685,11.775084,4.765443000000001,0.3420779999999999,0.3403887857142858,-0.001689214285714058
6.934942,15.96146,4.189685,11.771775,4.762134000000001,0.3420779999999999,0.3401524285714287,-0.0019255714285711933
6.938572,15.959815,4.189685,11.77013,4.7604890000000015,0.3420779999999999,0.3400349285714287,-0.002043071428571186
6.941494,15.957996,4.190069,11.767928,4.75867,0.3416939999999995,0.339905,-0.0017889999999994854
6.944513,15.95583,4.190069,11.765761,4.756504000000001,0.3416939999999995,0.33975028571428584,-0.0019437142857136602
6.94751,15.943759,4.190836,11.752923,4.744433000000001,0.34092699999999976,0.33888807142857147,-0.002038928571428289
6.950249,15.933652,4.191603,11.742049,4.734326000000001,0.34016,0.3381661428571429,-0.001993857142857103
6.953614,15.927872,4.192369,11.735503,4.7285460000000015,0.33939399999999953,0.3377532857142858,-0.001640714285713718
6.956469,15.910345,4.192753,11.717592,4.711019,0.33901000000000003,0.33650135714285717,-0.002508642857142862
6.959521,15.903392,4.19467,11.708721,4.704066000000001,0.3370929999999994,0.3360047142857144,-0.0010882857142850422
6.962222,15.886888,4.195054,11.691834,4.687562000000002,0.3367089999999999,0.33482585714285723,-0.0018831428571426945
6.965159,15.880533,4.195437,11.685096,4.681207000000001,0.3363259999999997,0.3343719285714286,-0.001954071428571069
6.969718,15.869897,4.196588,11.673309,4.670571000000001,0.33517499999999956,0.33361221428571436,-0.0015627857142851975
6.971953,15.857469,4.196971,11.660498,4.658143000000001,0.3347920000000002,0.33272450000000003,-0.0020675000000001664
6.975343,15.84454,4.198122,11.646418,4.645214000000001,0.3336410000000001,0.33180100000000007,-0.0018400000000000083
6.978741,15.831631,4.199656,11.631976,4.632305000000001,0.3321069999999997,0.3308789285714286,-0.0012280714285711203
6.981237,15.811979,4.200423,11.611556,4.612653,0.33133999999999997,0.3294752142857143,-0.001864785714285666
6.984815,15.794341,4.201957,11.592384,4.595015,0.3298059999999996,0.32821535714285716,-0.0015906428571424436
6.987934,15.775598,4.203107,11.57249,4.576272000000001,0.3286559999999996,0.3268765714285715,-0.0017794285714280988
6.990721,15.760195,4.204641,11.555554,4.560869,0.32712200000000013,0.3257763571428572,-0.001345642857142948
6.994251,15.746353,4.205408,11.540945,4.547027,0.3263549999999995,0.32478764285714284,-0.0015673571428566624
6.998446,15.726503,4.206559,11.519944,4.527177,0.3252039999999994,0.3233697857142857,-0.0018342142857136756
7.000603,15.712624,4.208093,11.504531,4.513298000000001,0.3236699999999999,0.3223784285714286,-0.001291571428571281
7.004181,15.694808,4.209627,11.485181,4.495482000000001,0.32213599999999953,0.3211058571428572,-0.0010301428571423132
7.007611,15.674184,4.210777,11.463407,4.474858000000001,0.32098599999999955,0.3196327142857144,-0.0013532857142851684
7.010523,15.661736,4.211928,11.449808,4.46241,0.3198349999999994,0.31874357142857146,-0.001091428571427966
7.014012,15.641641,4.213078,11.428563,4.442315000000001,0.31868499999999944,0.3173082142857143,-0.0013767857142851225
7.018627,15.613387,4.213845,11.399542,4.414061,0.3179179999999997,0.31529007142857146,-0.0026279285714282397
7.019895,15.601975,4.21653,11.385445,4.402649,0.3152330000000001,0.3144749285714286,-0.0007580714285714829
7.023426,15.580143,4.21768,11.362462,4.380817,0.3140830000000001,0.3129155,-0.001167500000000099
7.026441,15.557997,4.218831,11.339167,4.358671000000001,0.312932,0.31133364285714293,-0.0015983571428570542
7.029521,15.533825,4.221515,11.31231,4.334499000000001,0.31024799999999964,0.3096070714285715,-0.0006409285714281121
7.032687,15.509927,4.222666,11.287261,4.310601,0.3090969999999995,0.30790007142857145,-0.0011969285714280575
7.035789,15.487858,4.224583,11.263275,4.288532,0.3071799999999998,0.3063237142857143,-0.0008562857142854763
7.038934,15.464135,4.225734,11.238402,4.264809000000001,0.30602899999999966,0.3046292142857144,-0.0013997857142852843
7.041754,15.443759,4.228035,11.215724,4.244433000000001,0.30372799999999955,0.30317378571428577,-0.0005542142857137833
7.045276,15.420656,4.229569,11.191088,4.22133,0.3021940000000001,0.30152357142857145,-0.0006704285714286273
7.048941,15.397338,4.230719,11.166619,4.198012,0.3010440000000001,0.299858,-0.0011860000000000759
7.051591,15.379104,4.233403,11.145701,4.179778000000001,0.29835999999999974,0.2985555714285715,0.00019557142857173915
7.054885,15.354668,4.234554,11.120114,4.155342000000001,0.2972089999999996,0.2968101428571429,-0.00039885714285670115
7.058245,15.32809,4.235704,11.092386,4.128764,0.29605899999999963,0.29491171428571433,-0.0011472857142852955
7.061206,15.302511,4.239156,11.063356,4.103185000000002,0.2926069999999994,0.293084642857143,0.0004776428571435787
7.06473,15.269736,4.240306,11.02943,4.070410000000001,0.2914569999999994,0.2907435714285715,-0.0007134285714279209
7.068958,15.23584,4.242224,10.993616,4.036514,0.28953899999999955,0.2883224285714286,-0.0012165714285709561
7.070562,15.214842,4.244525,10.970318,4.015516000000002,0.28723799999999944,0.28682257142857154,-0.00041542857142790046
7.073937,15.185153,4.246826,10.938327,3.9858270000000005,0.28493699999999933,0.2847019285714286,-0.00023507142857071006
7.078401,15.14444,4.248743,10.895696,3.9451140000000002,0.2830199999999996,0.28179385714285715,-0.0012261428571424537
7.080331,15.127714,4.251428,10.876286,3.928388,0.280335,0.2805991428571429,0.00026414285714287944
7.083992,15.097568,4.252195,10.845373,3.8982420000000015,0.2795679999999994,0.27844585714285724,-0.0011221428571421277
7.088348,15.06147,4.254112,10.807358,3.8621440000000007,0.27765099999999965,0.2758674285714286,-0.0017835714285710513
7.089683,15.044893,4.256413,10.788479,3.845567000000001,0.27534999999999954,0.2746833571428572,-0.0006666428571423522
7.093566,15.013501,4.258714,10.754787,3.8141750000000005,0.27304899999999943,0.2724410714285715,-0.0006079285714279403
7.096846,14.980672,4.260632,10.72004,3.781346000000001,0.27113099999999957,0.27009614285714295,-0.0010348571428566156
7.100007,14.94833,4.262549,10.685781,3.749004000000001,0.26921399999999984,0.2677860000000001,-0.0014279999999997628
7.102868,14.919741,4.264467,10.655275,3.720415000000001,0.267296,0.26574392857142864,-0.0015520714285713333
7.10575,14.890739,4.267535,10.623205,3.6914130000000007,0.26422800000000013,0.2636723571428572,-0.000555642857142935
7.108875,14.85959,4.269069,10.590521,3.6602640000000015,0.26269399999999976,0.26144742857142866,-0.0012465714285710972
7.111925,14.831188,4.272136,10.559052,3.631862,0.25962700000000005,0.2594187142857143,-0.00020828571428577192
7.115836,14.793336,4.27367,10.519666,3.594010000000001,0.2580929999999997,0.2567150000000001,-0.0013779999999996018
7.119461,14.75525,4.277122,10.478128,3.555924000000001,0.25464099999999945,0.2539945714285715,-0.0006464285714279372
7.122456,14.718441,4.279806,10.438634,3.519115000000001,0.251957,0.25136535714285724,-0.000591642857142749
7.125963,14.679177,4.281724,10.397454,3.479851,0.2500390000000001,0.24856078571428572,-0.001478214285714402
7.129379,14.641978,4.285559,10.35642,3.4426520000000007,0.24620399999999965,0.24590371428571434,-0.0003002857142853088
7.132033,14.612153,4.287476,10.324676,3.412827,0.24428699999999992,0.24377335714285714,-0.000513642857142782
7.135759,14.573177,4.290928,10.282249,3.373851,0.2408349999999997,0.24098935714285716,0.0001543571428574697
7.139719,14.534732,4.292462,10.24227,3.3354060000000008,0.23930099999999932,0.23824328571428577,-0.0010577142857135513
7.142061,14.504218,4.294763,10.209456,3.3048920000000006,0.2370000000000001,0.23606371428571432,-0.0009362857142857783
7.145581,14.467241,4.297831,10.16941,3.2679150000000003,0.23393199999999936,0.23342250000000003,-0.0005094999999993299
7.148707,14.432323,4.300515,10.131808,3.232997000000001,0.2312479999999999,0.23092835714285723,-0.00031964285714267127
7.151886,14.391327,4.302816,10.088511,3.192001000000001,0.2289469999999998,0.2280000714285715,-0.0009469285714282794
7.154814,14.356628,4.305117,10.051511,3.1573020000000014,0.22664599999999968,0.22552157142857152,-0.0011244285714281654
7.157908,14.316406,4.308185,10.008221,3.1170800000000014,0.22357799999999983,0.22264857142857153,-0.0009294285714283035
7.160998,14.28605,4.310486,9.975564,3.0867240000000002,0.22127699999999972,0.22048028571428574,-0.0007967142857139842
7.164841,14.240222,4.31317,9.927052,3.040896,0.21859299999999937,0.21720685714285715,-0.0013861428571422252
7.168775,14.195123,4.316238,9.878884,2.9957970000000014,0.21552499999999952,0.2139855000000001,-0.0015394999999994163
7.170804,14.166441,4.318539,9.847902,2.9671150000000015,0.21322399999999941,0.2119367857142858,-0.0012872142857136004
7.174405,14.12025,4.322758,9.797492,2.920924000000001,0.20900499999999944,0.20863742857142867,-0.0003675714285707732
7.177824,14.071799,4.324675,9.747124,2.872473000000001,0.20708799999999972,0.20517664285714293,-0.0019113571428567844
7.180729,14.042195,4.32851,9.713685,2.8428690000000003,0.20325300000000013,0.20306207142857144,-0.00019092857142868902
7.184827,13.993692,4.330811,9.662881,2.794366,0.20095200000000002,0.19959757142857143,-0.0013544285714285897
7.188007,13.95061,4.333879,9.616731,2.751284,0.19788400000000017,0.19652028571428573,-0.0013637142857144402
7.190752,13.915973,4.337714,9.578258,2.716647,0.1940489999999997,0.19404621428571428,-2.785714285413743e-06
7.194129,13.871502,4.339632,9.53187,2.6721760000000003,0.19213099999999983,0.1908697142857143,-0.0012612857142855205
7.197638,13.817303,4.343467,9.473837,2.6179770000000016,0.18829599999999935,0.18699835714285726,-0.001297642857142095
7.200921,13.783562,4.346535,9.437027,2.5842360000000006,0.1852279999999995,0.18458828571428576,-0.0006397142857137439
7.204157,13.743437,4.348836,9.394602,2.544111000000001,0.1829269999999994,0.18172221428571436,-0.0012047857142850338
7.208344,13.687759,4.35152,9.336239,2.4884330000000006,0.18024299999999993,0.17774521428571433,-0.0024977857142856053
7.209997,13.662088,4.354971,9.307117,2.4627620000000014,0.17679199999999984,0.17591157142857153,-0.00088042857142831
7.213989,13.612584,4.357656,9.254929,2.413258000000001,0.17410699999999935,0.1723755714285715,-0.0017314285714278566
7.218565,13.55201,4.36034,9.19167,2.352684,0.17142299999999988,0.16804885714285714,-0.0033741428571427423
7.219642,13.527853,4.364175,9.163678,2.328527000000001,0.1675879999999994,0.16632335714285723,-0.001264642857142173
7.223166,13.49082,4.366093,9.124727,2.291494,0.16566999999999954,0.16367814285714286,-0.0019918571428566845
7.226197,13.451344,4.369161,9.082183,2.2520180000000014,0.1626019999999997,0.16085842857142868,-0.0017435714285710113
7.229435,13.408099,4.371078,9.037021,2.2087730000000008,0.16068499999999997,0.15776950000000006,-0.0029154999999999043
7.232473,13.365125,4.374146,8.990979,2.1657990000000016,0.15761700000000012,0.1546999285714287,-0.0029170714285714217
7.235426,13.322661,4.378748,8.943912,2.123335000000001,0.1530149999999999,0.15166678571428577,-0.0013482142857141333
7.238549,13.275732,4.381049,8.894683,2.0764060000000004,0.1507139999999998,0.14831471428571433,-0.002399285714285465
7.241086,13.241706,4.383734,8.857972,2.0423800000000014,0.1480290000000002,0.14588428571428583,-0.002144714285714361
7.24412,13.199731,4.386418,8.813313,2.0004050000000007,0.14534499999999984,0.1428860714285715,-0.002458928571428348
7.248567,13.144726,4.391404,8.753323,1.9454000000000011,0.14035900000000012,0.13895714285714295,-0.0014018571428571769
7.250297,13.114427,4.393704,8.720723,1.915101,0.13805900000000015,0.13679292857142858,-0.0012660714285715746
7.254164,13.063593,4.396389,8.667204,1.864267,0.13537399999999966,0.13316192857142856,-0.002212071428571105
7.258398,13.002842,4.400607,8.602235,1.8035160000000001,0.13115599999999983,0.12882257142857143,-0.002333428571428403
7.260213,12.976519,4.402908,8.57361,1.7771930000000005,0.12885499999999972,0.12694235714285718,-0.0019126428571425436
7.263615,12.930791,4.40636,8.524432,1.731465,0.1254029999999995,0.12367607142857143,-0.0017269285714280602
7.266595,12.888165,4.409428,8.478737,1.6888390000000015,0.12233499999999964,0.12063135714285725,-0.00170364285714239
7.269654,12.84205,4.411345,8.430704,1.6427240000000012,0.12041799999999991,0.11733742857142866,-0.003080571428571252
7.272504,12.798862,4.414797,8.384065,1.5995360000000005,0.11696599999999968,0.11425257142857147,-0.002713428571428214
7.275482,12.757895,4.419399,8.338496,1.5585690000000003,0.11236399999999946,0.11132635714285717,-0.001037642857142293
7.27866,12.714768,4.4217,8.293069,1.5154420000000002,0.11006299999999936,0.10824585714285716,-0.0018171428571421983
7.281685,12.671303,4.424768,8.246535,1.4719770000000008,0.10699499999999951,0.10514121428571434,-0.0018537857142851694
7.284719,12.62456,4.428219,8.196341,1.4252340000000014,0.10354399999999941,0.10180242857142867,-0.0017415714285707456
7.287704,12.569693,4.432821,8.136872,1.370367,0.09894200000000009,0.09788335714285713,-0.0010586428571429524
7.290587,12.536919,4.435122,8.101797,1.337593,0.09664099999999998,0.09554235714285715,-0.0010986428571428258
7.293934,12.489162,4.437806,8.051356,1.289836000000001,0.09395699999999962,0.09213114285714294,-0.001825857142856685
7.298283,12.422866,4.442408,7.980458,1.2235400000000016,0.08935499999999941,0.0873957142857144,-0.001959285714285011
7.300178,12.394826,4.44586,7.948966,1.195500000000001,0.08590300000000006,0.0853928571428572,-0.0005101428571428618
7.303879,12.341308,4.448544,7.892763,1.1419820000000005,0.08321899999999971,0.0815701428571429,-0.0016488571428568133
7.308761,12.273899,4.452763,7.821136,1.0745730000000009,0.07899999999999974,0.07675521428571434,-0.002244785714285394
7.310133,12.246474,4.455447,7.791027,1.047148,0.07631599999999938,0.07479628571428572,-0.0015197142857136664
7.313837,12.196573,4.460816,7.735757,0.9972470000000015,0.07094699999999943,0.07123192857142868,0.0002849285714292549
7.318573,12.129321,4.463884,7.665437,0.9299949999999999,0.06787899999999958,0.06642821428571428,-0.0014507857142852937
7.320071,12.101425,4.466185,7.63524,0.9020990000000015,0.06557799999999947,0.06443564285714297,-0.001142357142856501
7.323623,12.049732,4.46887,7.580863,0.8504060000000013,0.06289299999999987,0.06074328571428581,-0.0021497142857140536
7.326588,12.006041,4.474238,7.531803,0.8067150000000005,0.05752500000000005,0.057622500000000035,9.749999999998649e-05
7.329738,11.955947,4.477306,7.47864,0.7566210000000009,0.0544570000000002,0.054044357142857206,-0.00041264285714299326
7.332787,11.911786,4.479224,7.432562,0.7124600000000001,0.05253899999999945,0.050890000000000005,-0.0016489999999994426
7.335596,11.869199,4.482675,7.386523,0.6698730000000008,0.049087999999999354,0.04784807142857149,-0.0012399285714278646
7.338845,11.824595,4.487277,7.337318,0.6252690000000012,0.044486000000000026,0.044662071428571516,0.00017607142857149066
7.341662,11.776329,4.490729,7.2856,0.5770030000000013,0.04103399999999979,0.04121450000000009,0.00018050000000029848
7.345007,11.727828,4.493413,7.234415,0.5285020000000014,0.03834999999999944,0.037750142857142954,-0.0005998571428564858
7.347996,11.679562,4.496865,7.182697,0.48023600000000144,0.034898000000000096,0.03430257142857153,-0.0005954285714285662
7.350886,11.638837,4.501083,7.137753,0.4395110000000013,0.030679999999999374,0.03139364285714295,0.0007136428571435788
7.354143,11.58897,4.503768,7.085203,0.38964400000000055,0.02799499999999977,0.027831714285714324,-0.0001632857142854459
7.358534,11.523303,4.506836,7.016467,0.32397700000000107,0.02492699999999992,0.023141214285714362,-0.0017857857142855593
7.360209,11.491086,4.511437,6.979649,0.29176,0.020325999999999844,0.02084,0.0005140000000001567
7.364007,11.441811,4.514122,6.927689,0.24248500000000028,0.01764099999999935,0.01732035714285716,-0.00032064285714219
7.368811,11.375873,4.51719,6.858684,0.17654700000000112,0.014572999999999503,0.01261050000000008,-0.001962499999999423
7.369894,11.347761,4.521792,6.825969,0.14843500000000098,0.009971000000000174,0.01060250000000007,0.000631499999999896
7.373464,11.299144,4.524476,6.774668,0.09981800000000085,0.007286999999999821,0.007129857142857203,-0.00015714285714261804
7.376378,11.254704,4.527928,6.726776,0.05537800000000104,0.0038349999999995887,0.003955571428571503,0.00012057142857191394
7.37955,11.207184,4.530612,6.676572,0.007858000000000587,0.0011510000000001241,0.0005612857142857562,-0.0005897142857143679
7.382727,11.161672,4.535214,6.626458,-0.037653999999999854,-0.003451000000000093,-0.0026895714285714183,0.0007614285714286745
7.386322,11.103838,4.537899,6.56594,-0.09548799999999957,-0.006136000000000585,-0.006820571428571398,-0.0006845714285708127
7.389843,11.04826,4.54135,6.50691,-0.15106599999999837,-0.009587000000000678,-0.010790428571428454,-0.001203428571427776
7.392551,11.005792,4.545952,6.45984,-0.19353399999999965,-0.014189000000000007,-0.013823857142857119,0.0003651428571428885
7.395833,10.959456,4.549404,6.410053,-0.2398699999999998,-0.01764100000000024,-0.017133571428571415,0.0005074285714288251
7.399104,10.907224,4.551704,6.355519,-0.29210199999999986,-0.01994100000000021,-0.02086442857142856,-0.000923428571428353
7.401797,10.866969,4.553622,6.313347,-0.332357,-0.021859000000000073,-0.023739785714285717,-0.001880785714285644
7.405055,10.818582,4.557073,6.261508,-0.38074399999999997,-0.025310000000000166,-0.027195999999999998,-0.0018859999999998323
7.408449,10.771768,4.561675,6.210093,-0.42755799999999944,-0.029912000000000383,-0.0305398571428571,-0.0006278571428567185
7.411871,10.717562,4.565894,6.151668,-0.4817640000000001,-0.034131000000000355,-0.03441171428571429,-0.00028071428571393303
7.415357,10.666893,4.568195,6.098698,-0.5324329999999993,-0.036432000000000464,-0.03803092857142852,-0.0015989285714280571
7.418599,10.622796,4.571263,6.051533,-0.57653,-0.03950000000000031,-0.041180714285714286,-0.0016807142857139731
7.421222,10.578246,4.575865,6.002381,-0.6210799999999992,-0.04410200000000053,-0.044362857142857086,-0.0002608571428565562
7.424575,10.529205,4.578933,5.950273,-0.670121,-0.04717000000000038,-0.047865785714285715,-0.0006957857142853366
7.427761,10.471488,4.581617,5.889871,-0.7278379999999984,-0.04985399999999984,-0.051988428571428456,-0.0021344285714286135
7.430548,10.43639,4.585069,5.851322,-0.7629359999999998,-0.053306000000000076,-0.05449542857142856,-0.0011894285714284872
7.43388,10.390458,4.589287,5.801171,-0.8088679999999986,-0.05752399999999991,-0.05777628571428561,-0.0002522857142857049
7.438639,10.321875,4.592355,5.72952,-0.8774509999999989,-0.060592000000000645,-0.06267507142857134,-0.0020830714285706986
7.440318,10.295199,4.595806,5.699393,-0.904126999999999,-0.06404299999999985,-0.06458049999999993,-0.0005375000000000796
7.443824,10.238182,4.600025,5.638157,-0.9611439999999991,-0.06826199999999982,-0.06865314285714279,-0.0003911428571429648
7.445918,10.194204,4.603093,5.591111,-1.005122,-0.07133000000000056,-0.07179442857142858,-0.00046442857142801885
7.449748,10.148075,4.606544,5.541531,-1.0512509999999988,-0.07478100000000065,-0.07508935714285705,-0.0003083571428564025
7.452857,10.104485,4.609229,5.495256,-1.0948409999999988,-0.07746600000000026,-0.07820292857142849,-0.0007369285714282359
7.455915,10.059022,4.611913,5.447109,-1.1403039999999987,-0.08015000000000061,-0.08145028571428561,-0.0013002857142850044
7.459793,10.009342,4.615748,5.393594,-1.189983999999999,-0.0839850000000002,-0.08499885714285707,-0.0010138571428568721
7.462394,9.965527,4.62035,5.345177,-1.2337989999999994,-0.08858700000000042,-0.08812849999999996,0.00045850000000045854
7.466153,9.913308,4.622651,5.290657,-1.2860179999999986,-0.09088800000000052,-0.09185842857142847,-0.000970428571427942
7.469718,9.862518,4.625336,5.237183,-1.3368079999999996,-0.09357300000000013,-0.09548628571428568,-0.001913285714285548
7.472741,9.820011,4.629938,5.190073,-1.379315,-0.09817500000000035,-0.0985225,-0.00034749999999965364
7.475636,9.780966,4.632238,5.148727,-1.4183599999999998,-0.10047500000000031,-0.10131142857142857,-0.0008364285714282521
7.479663,9.726203,4.635306,5.090896,-1.4731229999999993,-0.10354300000000016,-0.10522307142857137,-0.0016800714285712115
7.481992,9.6863,4.639908,5.046392,-1.513026,-0.10814500000000038,-0.10807328571428572,7.171428571466076e-05
7.485585,9.635893,4.642593,4.9933,-1.5634329999999999,-0.11082999999999998,-0.1116737857142857,-0.0008437857142857136
7.488709,9.594106,4.645277,4.948829,-1.6052199999999992,-0.11351400000000034,-0.11465857142857137,-0.0011445714285710368
7.492038,9.546732,4.649879,4.896853,-1.6525939999999988,-0.11811600000000055,-0.11804242857142848,7.35714285720751e-05
7.495122,9.498578,4.652947,4.845631,-1.700747999999999,-0.1211840000000004,-0.12148199999999994,-0.00029799999999953475
7.498945,9.454929,4.655632,4.799297,-1.7443969999999993,-0.123869,-0.12459978571428566,-0.0007307857142856561
7.501395,9.409298,4.65985,4.749448,-1.7900279999999995,-0.12808699999999984,-0.1278591428571428,0.00022785714285702974
7.504836,9.363444,4.662535,4.70091,-1.8358819999999998,-0.13077200000000033,-0.13113442857142857,-0.00036242857142823603
7.508646,9.315797,4.665603,4.650195,-1.8835289999999993,-0.13384000000000018,-0.13453778571428568,-0.0006977857142854982
7.511229,9.27692,4.669438,4.607482,-1.9224059999999987,-0.13767500000000066,-0.1373147142857142,0.0003602857142864513
7.514523,9.231648,4.672122,4.559526,-1.9676779999999994,-0.14035900000000012,-0.14054842857142852,-0.00018942857142839609
7.517784,9.180147,4.674423,4.505724,-2.0191789999999994,-0.14266000000000023,-0.14422707142857139,-0.001567071428571154
7.520656,9.149185,4.677874,4.471311,-2.050141,-0.14611100000000032,-0.14643864285714286,-0.0003276428571425405
7.524196,9.105747,4.681326,4.424422,-2.093579,-0.14956300000000056,-0.14954135714285716,2.1642857143400196e-05
7.527636,9.05115,4.684394,4.366756,-2.1481759999999994,-0.1526310000000004,-0.1534411428571428,-0.0008101428571423985
7.531236,9.021118,4.687462,4.333656,-2.1782079999999997,-0.15569900000000025,-0.1555862857142857,0.00011271428571454911
7.53432,8.973803,4.689763,4.28404,-2.225522999999999,-0.15800000000000036,-0.1589659285714285,-0.0009659285714281318
7.53855,8.917961,4.694365,4.223596,-2.281364999999999,-0.16260200000000058,-0.1629546428571428,-0.0003526428571422324
7.540171,8.8884,4.696666,4.191734,-2.3109259999999985,-0.1649029999999998,-0.16506614285714274,-0.00016314285714294496
7.543919,8.843818,4.69935,4.144468,-2.3555079999999986,-0.16758700000000015,-0.16825057142857133,-0.0006635714285711802
7.548365,8.785638,4.703569,4.082069,-2.4136879999999987,-0.17180600000000013,-0.17240628571428562,-0.0006002857142854978
7.550893,8.761475,4.70702,4.054455,-2.4378509999999984,-0.17525700000000022,-0.17413221428571418,0.0011247857142860362
7.55423,8.709078,4.710088,3.99899,-2.4902479999999994,-0.17832500000000007,-0.17787485714285708,0.0004501428571429822
7.558757,8.655984,4.712772,3.943211,-2.543341999999999,-0.18100900000000042,-0.18166728571428564,-0.0006582857142852228
7.560517,8.627385,4.71584,3.911545,-2.571940999999999,-0.18407700000000027,-0.18371007142857135,0.00036692857142892055
7.563925,8.586325,4.718908,3.867416,-2.613000999999999,-0.18714500000000012,-0.18664292857142847,0.0005020714285716432
7.566957,8.552896,4.720826,3.832071,-2.6464299999999987,-0.18906299999999998,-0.1890307142857142,3.228571428579019e-05
7.570014,8.516921,4.723127,3.793794,-2.6824049999999993,-0.1913640000000001,-0.1916003571428571,-0.0002363571428569966
7.573025,8.482686,4.726962,3.755724,-2.71664,-0.19519900000000057,-0.1940457142857143,0.001153285714286273
7.576287,8.443564,4.729263,3.714301,-2.755761999999999,-0.19750000000000068,-0.19684014285714277,0.0006598571428579059
7.57957,8.403974,4.730797,3.673177,-2.7953519999999994,-0.19903400000000016,-0.19966799999999996,-0.0006339999999998014
7.582261,8.370885,4.733481,3.637404,-2.8284409999999998,-0.2017180000000005,-0.20203149999999997,-0.000313499999999467
7.585129,8.33892,4.735782,3.603138,-2.8604059999999993,-0.20401900000000062,-0.20431471428571424,-0.0002957142857136219
7.588391,8.305517,4.7377,3.567818,-2.893808999999999,-0.20593700000000048,-0.2067006428571428,-0.0007636428571423104
7.591015,8.272513,4.741151,3.531362,-2.926812999999999,-0.20938800000000057,-0.20905807142857138,0.00032992857142918885
7.594549,8.235342,4.744219,3.491123,-2.963984,-0.21245600000000042,-0.21171314285714285,0.0007428571428575725
7.597852,8.188557,4.746137,3.442421,-3.010769,-0.2143740000000003,-0.21505492857142855,-0.0006809285714282631
7.600665,8.15968,4.749588,3.410092,-3.0396459999999994,-0.21782500000000038,-0.21711757142857138,0.0007074285714289974
7.603893,8.123738,4.751889,3.371849,-3.0755879999999998,-0.2201260000000005,-0.21968485714285713,0.00044114285714336177
7.60871,8.089347,4.75419,3.335157,-3.109978999999999,-0.2224270000000006,-0.22214135714285707,0.00028564285714352544
7.610056,8.055629,4.757258,3.298371,-3.1436969999999995,-0.22549500000000045,-0.2245497857142857,0.0009452142857147572
7.613546,8.019656,4.759559,3.260097,-3.1796699999999998,-0.22779600000000055,-0.2271192857142857,0.0006767142857148634
7.616682,7.985657,4.761476,3.22418,-3.2136689999999994,-0.22971300000000028,-0.22954778571428566,0.0001652142857146155
7.619806,7.951178,4.763777,3.187401,-3.2481479999999996,-0.2320140000000004,-0.2320105714285714,3.428571428987226e-06
7.622608,7.921613,4.767229,3.154384,-3.2777129999999994,-0.23546600000000062,-0.2341223571428571,0.0013436428571435288
7.626215,7.881823,4.769146,3.112677,-3.3175029999999994,-0.23738300000000034,-0.23696449999999997,0.0004185000000003769
7.629565,7.847854,4.77068,3.077174,-3.3514719999999993,-0.23891699999999982,-0.2393908571428571,-0.00047385714285727576
7.632588,7.818282,4.773365,3.044917,-3.3810439999999993,-0.24160200000000032,-0.2415031428571428,9.885714285751135e-05
7.635671,7.790718,4.775666,3.015053,-3.408607999999999,-0.24390300000000043,-0.24347199999999994,0.00043100000000048655
7.638808,7.760542,4.7772,2.983342,-3.438783999999999,-0.2454369999999999,-0.24562742857142852,-0.00019042857142861913
7.641786,7.735894,4.779501,2.956393,-3.463431999999999,-0.247738,-0.24738799999999994,0.0003500000000000725
7.64523,7.704414,4.781035,2.923379,-3.4949119999999994,-0.24927200000000038,-0.24963657142857137,-0.00036457142857099223
7.648566,7.677159,4.783719,2.89344,-3.5221669999999996,-0.25195599999999985,-0.2515833571428571,0.00037264285714272427
7.651198,7.646169,4.785637,2.860533,-3.553156999999999,-0.2538740000000006,-0.2537969285714285,7.707142857210636e-05
7.654599,7.61448,4.787554,2.826926,-3.584845999999999,-0.2557910000000003,-0.25606042857142847,-0.000269428571428143
7.65748,7.577874,4.789855,2.788019,-3.621451999999999,-0.25809200000000043,-0.25867514285714277,-0.000583142857142338
7.660894,7.559537,4.792539,2.766998,-3.6397889999999995,-0.2607759999999999,-0.2599849285714285,0.0007910714285713771
7.664117,7.527677,4.79369,2.733987,-3.6716489999999995,-0.261927,-0.26226064285714284,-0.00033364285714282405
7.667182,7.501245,4.795607,2.705638,-3.6980809999999993,-0.26384400000000063,-0.2641486428571428,-0.00030464285714215666
7.669987,7.475376,4.797908,2.677468,-3.7239499999999994,-0.26614499999999985,-0.2659964285714285,0.00014857142857133132
7.673472,7.449934,4.799059,2.650875,-3.7493919999999994,-0.267296,-0.26781371428571427,-0.000517714285714288
7.676313,7.425561,4.800976,2.624585,-3.773764999999999,-0.2692130000000006,-0.2695546428571428,-0.0003416428571422214
7.679842,7.393666,4.803661,2.590005,-3.8056599999999996,-0.2718980000000002,-0.2718328571428571,6.514285714309676e-05
7.682651,7.368868,4.805578,2.563289,-3.8304579999999993,-0.2738149999999999,-0.2736041428571428,0.00021085714285712376
7.68566,7.344117,4.807112,2.537005,-3.8552089999999994,-0.2753490000000003,-0.2753720714285714,-2.3071428571108665e-05
7.688792,7.318203,4.808646,2.509557,-3.8811229999999997,-0.27688300000000066,-0.2772230714285714,-0.0003400714285707318
7.691793,7.297193,4.811331,2.485862,-3.902132999999999,-0.27956800000000026,-0.27872378571428563,0.0008442142857146284
7.6951,7.273953,4.812865,2.461088,-3.9253729999999996,-0.28110200000000063,-0.2803837857142857,0.0007182142857149465
7.698219,7.253454,4.814015,2.439439,-3.9458719999999996,-0.2822520000000006,-0.281848,0.0004040000000006261
7.700819,7.235498,4.814782,2.420715,-3.9638279999999995,-0.28301900000000035,-0.2831305714285714,-0.00011157142857104452
7.704193,7.213489,4.815933,2.397557,-3.985836999999999,-0.2841700000000005,-0.2847026428571428,-0.0005326428571423292
7.708618,7.184296,4.819001,2.365295,-4.015029999999999,-0.2872380000000003,-0.2867878571428571,0.000450142857143232
7.710634,7.167518,4.819768,2.34775,-4.031807999999999,-0.28800500000000007,-0.28798628571428564,1.8714285714427348e-05
7.714155,7.139227,4.822452,2.316775,-4.060098999999999,-0.2906890000000004,-0.29000707142857135,0.000681928571429069
7.718544,7.106521,4.823219,2.283302,-4.092804999999999,-0.29145600000000016,-0.29234321428571425,-0.0008872142857140886
7.719835,7.093361,4.82552,2.267841,-4.105964999999999,-0.29375700000000027,-0.29328321428571424,0.00047378571428602356
7.723728,7.070323,4.826671,2.243652,-4.129002999999999,-0.2949080000000004,-0.29492878571428566,-2.078571428526521e-05
7.726621,7.050573,4.827821,2.222752,-4.148752999999999,-0.2960580000000004,-0.2963394999999999,-0.000281499999999546
7.729507,7.03588,4.829355,2.206525,-4.1634459999999995,-0.29759199999999986,-0.29738899999999996,0.0002029999999998977
7.732498,7.022702,4.830506,2.192196,-4.1766239999999994,-0.298743,-0.29833028571428566,0.0004127142857143218
7.738778,6.999198,4.832039,2.167158,-4.200127999999999,-0.3002760000000002,-0.3000091428571428,0.0002668571428574018
7.740712,6.987408,4.83319,2.154218,-4.211917999999999,-0.30142700000000033,-0.30085128571428565,0.0005757142857146791
7.744572,6.969018,4.834724,2.134294,-4.230307999999999,-0.3029609999999998,-0.30216485714285707,0.0007961428571427454
7.747804,6.947928,4.835874,2.112053,-4.251397999999999,-0.3041109999999998,-0.30367128571428564,0.0004397142857141545
7.750765,6.933701,4.836258,2.097443,-4.265624999999999,-0.3044950000000002,-0.30468749999999994,-0.0001924999999997623
7.754101,6.914928,4.837408,2.077519,-4.2843979999999995,-0.30564500000000017,-0.30602842857142853,-0.00038342857142836806
7.758836,6.888795,4.839326,2.049469,-4.310530999999999,-0.30756300000000003,-0.30789507142857137,-0.0003320714285713344
7.76015,6.878518,4.840476,2.038042,-4.3208079999999995,-0.308713,-0.3086291428571428,8.385714285719104e-05
7.7637,6.862226,4.84201,2.020216,-4.3370999999999995,-0.3102470000000004,-0.3097928571428571,0.0004541428571432915
7.766675,6.851145,4.842394,2.008751,-4.348180999999999,-0.3106309999999999,-0.3105843571428571,4.664285714278682e-05
7.769832,6.838374,4.843928,1.994446,-4.360951999999999,-0.31216500000000025,-0.3114965714285714,0.0006684285714288474
7.772902,6.827469,4.844695,1.982774,-4.371856999999999,-0.312932,-0.3122755,0.0006565000000000043
7.778642,6.812344,4.845845,1.966499,-4.386981999999999,-0.314082,-0.3133558571428571,0.0007261428571428974
7.779989,6.800323,4.845845,1.954477,-4.3990029999999996,-0.314082,-0.31421449999999995,-0.00013249999999997986
7.783074,6.790034,4.846612,1.943422,-4.409291999999999,-0.3148490000000006,-0.3149494285714285,-0.00010042857142789074
7.786114,6.782297,4.847379,1.934918,-4.417028999999999,-0.31561600000000034,-0.3155020714285714,0.00011392857142894508
7.789474,6.777343,4.847763,1.92958,-4.421982999999999,-0.31599999999999984,-0.3158559285714285,0.00014407142857131294
7.792373,6.771533,4.847763,1.923771,-4.427792999999999,-0.31599999999999984,-0.3162709285714285,-0.00027092857142868576
7.795426,6.76373,4.84853,1.9152,-4.435595999999999,-0.31676700000000046,-0.3168282857142857,-6.128571428520857e-05
7.79862,6.757043,4.848913,1.90813,-4.442282999999999,-0.3171499999999998,-0.3173059285714285,-0.00015592857142865402
7.801491,6.752045,4.849297,1.902748,-4.447280999999999,-0.3175340000000002,-0.3176629285714285,-0.0001289285714283217
7.804907,6.742142,4.850064,1.892078,-4.457183999999999,-0.31830099999999995,-0.31837028571428566,-6.928571428571617e-05
7.807969,6.731466,4.851214,1.880252,-4.467859999999999,-0.31945099999999993,-0.31913285714285705,0.00031814285714287793
7.810956,6.722231,4.851981,1.87025,-4.477094999999999,-0.32021800000000056,-0.3197925,0.0004255000000005782
7.814143,6.709376,4.852365,1.857011,-4.489949999999999,-0.32060200000000005,-0.32071071428571424,-0.00010871428571418429
7.818428,6.702981,4.853132,1.849849,-4.496344999999999,-0.3213689999999998,-0.32116749999999994,0.00020149999999985457
7.8202,6.700187,4.853515,1.846672,-4.4991389999999996,-0.32175200000000004,-0.3213670714285714,0.00038492857142863324
7.823982,6.694605,4.853515,1.84109,-4.504720999999999,-0.32175200000000004,-0.32176578571428566,-1.3785714285619033e-05
7.82864,6.689948,4.853899,1.836049,-4.509377999999999,-0.3221360000000004,-0.3220984285714285,3.75714285719142e-05
7.829951,6.688424,4.853899,1.834526,-4.510901999999999,-0.3221360000000004,-0.32220728571428564,-7.128571428521857e-05
7.833581,6.686805,4.854666,1.832139,-4.512521,-0.32290300000000016,-0.3223229285714285,0.000580071428571638
7.836535,6.685563,4.853899,1.831664,-4.513762999999999,-0.3221360000000004,-0.3224116428571428,-0.00027564285714237746
7.839517,6.685009,4.854666,1.830343,-4.514316999999999,-0.32290300000000016,-0.3224512142857142,0.00045178571428594605
7.842261,6.684294,4.854282,1.830011,-4.515031999999999,-0.32251900000000067,-0.32250228571428563,1.671428571503597e-05
7.845184,6.683763,4.854666,1.829097,-4.515562999999999,-0.32290300000000016,-0.3225402142857142,0.0003627857142859403
7.848564,6.683127,4.854282,1.828845,-4.516198999999999,-0.32251900000000067,-0.3225856428571428,-6.664285714214069e-05
7.85126,6.682835,4.854282,1.828553,-4.516490999999999,-0.32251900000000067,-0.32260649999999996,-8.749999999929647e-05
7.854657,6.682834,4.854282,1.828552,-4.5164919999999995,-0.32251900000000067,-0.3226065714285714,-8.757142857074296e-05
7.857744,6.683153,4.854282,1.828871,-4.516172999999999,-0.32251900000000067,-0.32258378571428564,-6.478571428497615e-05
7.860673,6.683052,4.854666,1.828387,-4.516273999999999,-0.32290300000000016,-0.32259099999999996,0.000312000000000201
7.864301,6.683697,4.854282,1.829414,-4.515628999999999,-0.32251900000000067,-0.32254492857142847,-2.592857142780236e-05
7.86719,6.68335,4.854666,1.828684,-4.515975999999999,-0.32290300000000016,-0.32256971428571424,0.0003332857142859247
7.870082,6.683993,4.854282,1.829711,-4.515332999999999,-0.32251900000000067,-0.32252378571428564,-4.785714284971654e-06
7.873303,6.684426,4.854282,1.830144,-4.514899999999999,-0.32251900000000067,-0.3224928571428571,2.6142857143585108e-05
7.876603,6.685267,4.854666,1.830601,-4.514059,-0.32290300000000016,-0.3224327857142857,0.00047021428571447643
7.879583,6.686332,4.854282,1.832049,-4.512993999999999,-0.32251900000000067,-0.3223567142857142,0.00016228571428644756
7.882372,6.686553,4.853899,1.832655,-4.512772999999999,-0.3221360000000004,-0.32234092857142854,-0.00020492857142812015
7.885446,6.68758,4.853899,1.833682,-4.511746,-0.3221360000000004,-0.3222675714285714,-0.0001315714285709535
7.888905,6.688686,4.854282,1.834404,-4.5106399999999995,-0.32251900000000067,-0.3221885714285714,0.0003304285714292865
7.89149,6.689851,4.853515,1.836335,-4.509474999999999,-0.32175200000000004,-0.3221053571428571,-0.0003533571428570581
7.894436,6.691855,4.853515,1.83834,-4.507470999999999,-0.32175200000000004,-0.3219622142857142,-0.0002102142857141609
7.897648,6.695226,4.853899,1.841327,-4.504099999999999,-0.3221360000000004,-0.32172142857142855,0.0004145714285718749
7.900542,6.697335,4.853899,1.843436,-4.501990999999999,-0.3221360000000004,-0.32157078571428566,0.0005652142857147657
7.904071,6.699751,4.853132,1.846619,-4.499574999999999,-0.3213689999999998,-0.32139821428571425,-2.9214285714451727e-05
7.908433,6.703352,4.853132,1.850221,-4.4959739999999995,-0.3213689999999998,-0.32114099999999995,0.00022799999999983944
7.910132,6.704873,4.853132,1.851741,-4.494452999999999,-0.3213689999999998,-0.3210323571428571,0.00033664285714268827
7.9136,6.708047,4.853132,1.854915,-4.491279,-0.3213689999999998,-0.3208056428571428,0.0005633571428569906
7.916606,6.712988,4.852365,1.860623,-4.486337999999999,-0.32060200000000005,-0.3204527142857142,0.0001492857142858517
7.919823,6.721799,4.851598,1.870201,-4.477526999999999,-0.3198350000000003,-0.3198233571428571,1.1642857143223662e-05
7.92278,6.729003,4.851214,1.877789,-4.470323,-0.31945099999999993,-0.31930878571428567,0.00014221428571425943
7.925811,6.733334,4.850831,1.882503,-4.465991999999999,-0.3190680000000006,-0.3189994285714285,6.857142857208398e-05
7.929328,6.736875,4.851214,1.885661,-4.462450999999999,-0.31945099999999993,-0.31874649999999993,0.0007044999999999968
7.931936,6.739796,4.850447,1.889349,-4.459529999999999,-0.3186840000000002,-0.3185378571428571,0.0001461428571430945
7.934839,6.743089,4.850064,1.893025,-4.456236999999999,-0.31830099999999995,-0.31830264285714277,-1.6428571428250827e-06
7.937831,6.748281,4.84968,1.898601,-4.451044999999999,-0.31791700000000045,-0.31793178571428565,-1.47857142852037e-05
7.941168,6.753304,4.848913,1.904391,-4.446021999999999,-0.3171499999999998,-0.31757299999999994,-0.0004230000000001177
7.944825,6.761206,4.84853,1.912676,-4.43812,-0.31676700000000046,-0.3170085714285714,-0.00024157142857095248
7.948113,6.775294,4.848146,1.927147,-4.4240319999999995,-0.3163830000000001,-0.3160022857142857,0.0003807142857144008
7.950978,6.786024,4.846612,1.939412,-4.413301999999999,-0.3148490000000006,-0.31523585714285707,-0.0003868571428564671
7.954607,6.804528,4.845845,1.958682,-4.394797999999999,-0.314082,-0.31391414285714275,0.00016785714285721953
7.957594,6.822044,4.844695,1.977349,-4.377281999999999,-0.312932,-0.31266299999999997,0.0002690000000000192
7.960656,6.831284,4.843928,1.987356,-4.368041999999999,-0.31216500000000025,-0.3120029999999999,0.00016200000000032855
7.963861,6.84104,4.842777,1.998263,-4.358286,-0.3110140000000001,-0.3113061428571428,-0.0002921428571426854
7.966773,6.851083,4.842394,2.008689,-4.348242999999999,-0.3106309999999999,-0.31058878571428566,4.221428571421493e-05
7.969782,6.858642,4.84201,2.016632,-4.3406839999999995,-0.3102470000000004,-0.3100488571428571,0.00019814285714325752
7.9727,6.866621,4.841243,2.025377,-4.332704999999999,-0.30948000000000064,-0.3094789285714285,1.0714285721413752e-06
7.975827,6.878927,4.840476,2.038451,-4.320398999999999,-0.308713,-0.30859992857142854,0.00011307142857147623
7.979585,6.892285,4.839709,2.052576,-4.307040999999999,-0.3079460000000003,-0.30764578571428564,0.0003002142857146395
7.982105,6.906729,4.838559,2.06817,-4.292596999999999,-0.3067960000000003,-0.30661407142857133,0.00018192857142895758
7.985582,6.921797,4.837408,2.084389,-4.2775289999999995,-0.30564500000000017,-0.3055377857142857,0.00010721428571447422
7.988604,6.933454,4.836641,2.096812,-4.265871999999999,-0.3048780000000004,-0.3047051428571428,0.00017285714285764087
7.991308,6.946235,4.835491,2.110744,-4.2530909999999995,-0.30372800000000044,-0.30379221428571423,-6.421428571379284e-05
7.994606,6.960706,4.83434,2.126366,-4.238619999999999,-0.3025770000000003,-0.3027585714285714,-0.000181571428571059
7.997914,6.981791,4.83319,2.148601,-4.217534999999999,-0.30142700000000033,-0.3012524999999999,0.00017450000000041044
8.000748,6.995986,4.831656,2.16433,-4.203339999999999,-0.29989299999999997,-0.30023857142857135,-0.00034557142857138956
8.004374,7.018549,4.829739,2.188811,-4.180776999999999,-0.29797600000000024,-0.29862692857142853,-0.0006509285714282886
8.007904,7.045808,4.828972,2.216837,-4.153517999999999,-0.2972090000000005,-0.2966798571428571,0.0005291428571433943
8.010368,7.0595,4.827821,2.231679,-4.139825999999999,-0.2960580000000004,-0.29570185714285707,0.0003561428571433045
8.013673,7.08238,4.825904,2.256477,-4.1169459999999996,-0.29414100000000065,-0.2940675714285714,7.342857142927928e-05
8.016608,7.102925,4.824753,2.278172,-4.096400999999999,-0.29299000000000053,-0.29260007142857136,0.0003899285714291656
8.019784,7.120132,4.823603,2.29653,-4.079193999999999,-0.29184000000000054,-0.29137099999999994,0.0004690000000006078
8.022529,7.134414,4.822836,2.311578,-4.064912,-0.2910729999999999,-0.29035085714285713,0.0007221428571427824
8.025435,7.152055,4.820918,2.331137,-4.047270999999999,-0.28915500000000005,-0.28909078571428565,6.421428571440346e-05
8.028873,7.170697,4.819768,2.350929,-4.028629,-0.28800500000000007,-0.28775921428571427,0.00024578571428579554
8.0318,7.189025,4.818617,2.370408,-4.010300999999999,-0.28685399999999994,-0.2864500714285714,0.00040392857142856897
8.035188,7.209418,4.817083,2.392334,-3.989907999999999,-0.28532000000000046,-0.2849934285714285,0.0003265714285719534
8.038297,7.227913,4.815933,2.41198,-3.971412999999999,-0.2841700000000005,-0.2836723571428571,0.0004976428571433766
8.040935,7.249179,4.814782,2.434397,-3.9501469999999994,-0.28301900000000035,-0.2821533571428571,0.0008656428571432451
8.044019,7.273404,4.811714,2.461689,-3.925921999999999,-0.2799510000000005,-0.2804229999999999,-0.00047199999999941733
8.048497,7.30918,4.810564,2.498617,-3.8901459999999997,-0.2788010000000005,-0.2778675714285714,0.0009334285714291402
8.049882,7.325028,4.808263,2.516765,-3.8742979999999996,-0.2765000000000004,-0.2767355714285714,-0.000235571428571002
8.053599,7.35466,4.806729,2.547932,-3.8446659999999993,-0.27496600000000004,-0.27461899999999995,0.00034700000000009723
8.056337,7.379819,4.804428,2.575391,-3.819506999999999,-0.27266499999999994,-0.2728219285714285,-0.00015692857142857175
8.059648,7.405806,4.80251,2.603296,-3.793519999999999,-0.27074700000000007,-0.2709657142857142,-0.00021871428571412777
8.062633,7.429769,4.800976,2.628792,-3.769556999999999,-0.2692130000000006,-0.26925407142857133,-4.107142857073809e-05
8.065535,7.452719,4.799442,2.653277,-3.746606999999999,-0.2676790000000002,-0.26761478571428565,6.421428571457e-05
8.06892,7.473629,4.798292,2.675337,-3.7256969999999994,-0.26652900000000024,-0.2661212142857142,0.00040778571428601307
8.071641,7.49681,4.795991,2.700819,-3.7025159999999993,-0.26422800000000013,-0.2644654285714285,-0.00023742857142838858
8.074761,7.522619,4.794073,2.728545,-3.6767069999999995,-0.26231000000000027,-0.2626219285714285,-0.0003119285714282549
8.077929,7.556162,4.792539,2.763623,-3.6431639999999996,-0.2607759999999999,-0.26022599999999996,0.0005499999999999394
8.080684,7.578094,4.789472,2.788623,-3.621231999999999,-0.2577090000000002,-0.2586594285714285,-0.0009504285714282967
8.084197,7.613087,4.787554,2.825533,-3.586238999999999,-0.2557910000000003,-0.2561599285714285,-0.00036892857142817315
8.088578,7.655744,4.785637,2.870107,-3.543581999999999,-0.2538740000000006,-0.2531129999999999,0.0007610000000006778
8.091027,7.673668,4.783719,2.889949,-3.525657999999999,-0.25195599999999985,-0.25183271428571424,0.00012328571428560364
8.093584,7.707155,4.781802,2.925354,-3.492170999999999,-0.2500390000000001,-0.24944078571428566,0.0005982142857144657
8.096434,7.735432,4.778734,2.956699,-3.463893999999999,-0.24697100000000027,-0.24742099999999992,-0.00044999999999964513
8.099758,7.766337,4.777583,2.988753,-3.432988999999999,-0.24582000000000015,-0.24521349999999995,0.0006065000000002041
8.102676,7.791739,4.775666,3.016073,-3.4075869999999995,-0.24390300000000043,-0.2433990714285714,0.0005039285714290298
8.105472,7.82098,4.773748,3.047232,-3.3783459999999996,-0.24198500000000056,-0.24131042857142854,0.0006745714285720239
8.108993,7.85069,4.77068,3.08001,-3.348635999999999,-0.23891699999999982,-0.23918828571428566,-0.0002712857142858349
8.111893,7.888789,4.768763,3.120026,-3.310536999999999,-0.2370000000000001,-0.2364669285714285,0.000533071428571591
8.115085,7.920102,4.766462,3.15364,-3.2792239999999993,-0.234699,-0.23423028571428567,0.0004687142857143223
8.118161,7.954457,4.765311,3.189145,-3.2448689999999996,-0.23354799999999987,-0.2317763571428571,0.0017716428571427634
8.120831,7.982515,4.761476,3.221039,-3.216810999999999,-0.22971300000000028,-0.2297722142857142,-5.921428571392662e-05
8.124419,8.015502,4.759942,3.25556,-3.1838239999999995,-0.2281789999999999,-0.22741599999999998,0.0007629999999999304
8.128518,8.055229,4.758408,3.296821,-3.1440969999999986,-0.22664500000000043,-0.22457835714285704,0.0020666428571433915
8.131088,8.081603,4.75419,3.327413,-3.117723,-0.2224270000000006,-0.2226945,-0.0002674999999993932
8.135221,8.123207,4.751122,3.372085,-3.0761189999999985,-0.21935899999999986,-0.2197227857142856,-0.000363785714285747
8.141962,8.163014,4.748821,3.414193,-3.036311999999999,-0.21705800000000064,-0.21687942857142847,0.00017857142857216624
8.141962,8.195235,4.744219,3.451016,-3.004090999999999,-0.21245600000000042,-0.2145779285714285,-0.0021219285714280667
8.146635,8.260788,4.741535,3.519253,-2.9385379999999994,-0.20977200000000007,-0.20989557142857138,-0.00012357142857130632
8.149751,8.297535,4.740001,3.557534,-2.9017909999999993,-0.2082380000000006,-0.20727078571428567,0.000967214285714918
8.152658,8.330197,4.737316,3.592881,-2.869128999999999,-0.2055530000000001,-0.20493778571428564,0.0006152142857144549
8.15554,8.362756,4.735399,3.627357,-2.83657,-0.20363600000000037,-0.20261214285714285,0.0010238571428575205
8.158742,8.399271,4.73118,3.668091,-2.8000549999999986,-0.1994170000000004,-0.20000392857142849,-0.0005869285714280859
8.161518,8.435894,4.729263,3.706631,-2.763432,-0.19750000000000068,-0.19738799999999998,0.00011200000000069488
8.164742,8.475447,4.727345,3.748102,-2.7238789999999984,-0.19558199999999992,-0.1945627857142856,0.0010192142857143316
8.168972,8.519022,4.724277,3.794745,-2.6803039999999996,-0.19251400000000007,-0.19145028571428568,0.00106371428571439
8.170111,8.543411,4.721976,3.821435,-2.6559149999999985,-0.19021299999999997,-0.1897082142857142,0.000504785714285777
8.173757,8.580663,4.718525,3.862138,-2.6186629999999997,-0.18676199999999987,-0.1870473571428571,-0.0002853571428572399
8.178747,8.639705,4.71584,3.923864,-2.559621,-0.18407700000000027,-0.1828300714285714,0.001246928571428857
8.180525,8.665374,4.712005,3.953368,-2.5339519999999993,-0.18024200000000068,-0.18099657142857137,-0.0007545714285706884
8.184089,8.71064,4.709321,4.001319,-2.4886859999999995,-0.17755800000000033,-0.17776328571428568,-0.00020528571428535258
8.1869,8.748348,4.70702,4.041328,-2.450977999999999,-0.17525700000000022,-0.17506985714285708,0.0001871428571431355
8.189939,8.786981,4.705103,4.081878,-2.4123449999999984,-0.1733400000000005,-0.17231035714285703,0.0010296428571434646
8.192931,8.820615,4.700884,4.119731,-2.378710999999999,-0.16912100000000052,-0.1699079285714285,-0.0007869285714279806
8.1959,8.857671,4.698583,4.159088,-2.3416549999999994,-0.1668200000000004,-0.16726107142857138,-0.0004410714285709716
8.199491,8.901228,4.696282,4.204945,-2.2980979999999995,-0.1645190000000003,-0.1641498571428571,0.0003691428571432065
8.202266,8.938946,4.692447,4.246499,-2.2603799999999996,-0.16068399999999983,-0.16145571428571426,-0.000771714285714431
8.205879,8.98689,4.689379,4.297511,-2.2124359999999985,-0.15761599999999998,-0.15803114285714276,-0.00041514285714278065
8.209517,9.033335,4.686695,4.34664,-2.165991,-0.1549320000000005,-0.15471364285714287,0.00021835714285764474
8.212165,9.070988,4.683243,4.387745,-2.1283379999999994,-0.15148000000000028,-0.1520241428571428,-0.0005441428571425211
8.215243,9.113038,4.679792,4.433246,-2.0862879999999997,-0.1480290000000002,-0.14902057142857142,-0.0009915714285712307
8.218596,9.1518,4.677107,4.474692,-2.0475259999999995,-0.14534400000000058,-0.1462518571428571,-0.0009078571428565163
8.221202,9.19559,4.674806,4.520784,-2.003736,-0.14304300000000048,-0.143124,-8.09999999995259e-05
8.224824,9.243041,4.670971,4.572069,-1.9562849999999994,-0.139208,-0.13973464285714282,-0.0005266428571428228
8.227968,9.295116,4.667904,4.627213,-1.904209999999999,-0.1361410000000003,-0.13601499999999994,0.00012600000000034806
8.231065,9.330359,4.663685,4.666674,-1.8689669999999996,-0.13192200000000032,-0.13349764285714283,-0.0015756428571425118
8.23456,9.377099,4.661384,4.715715,-1.8222269999999998,-0.1296210000000002,-0.13015907142857142,-0.0005380714285712074
8.23772,9.430687,4.6587,4.771987,-1.7686389999999985,-0.12693699999999986,-0.12633135714285704,0.0006056428571428185
8.240669,9.461252,4.654481,4.806771,-1.7380739999999992,-0.12271799999999988,-0.1241481428571428,-0.0014301428571429214
8.244619,9.516521,4.651413,4.865108,-1.682805,-0.11965000000000003,-0.12020035714285715,-0.0005503571428571163
8.247731,9.567453,4.647578,4.919875,-1.6318729999999988,-0.11581500000000045,-0.11656235714285705,-0.0007473571428566056
8.250391,9.594663,4.644127,4.950536,-1.6046629999999986,-0.11236400000000035,-0.11461878571428562,-0.002254785714285265
8.254233,9.648578,4.641826,5.006752,-1.5507479999999987,-0.11006300000000024,-0.11076771428571419,-0.0007047142857139477
8.258615,9.706872,4.637607,5.069264,-1.4924539999999986,-0.10584400000000027,-0.10660385714285704,-0.0007598571428567708
8.260683,9.742418,4.634156,5.108262,-1.4569079999999985,-0.10239300000000018,-0.10406485714285704,-0.001671857142856864
8.264217,9.791029,4.631855,5.159174,-1.4082969999999992,-0.10009200000000007,-0.1005926428571428,-0.0005006428571427274
8.268815,9.851454,4.627253,5.224201,-1.3478719999999988,-0.09548999999999985,-0.09627657142857135,-0.0007865714285714975
8.270364,9.878384,4.624569,5.253815,-1.3209419999999987,-0.09280600000000039,-0.09435299999999991,-0.001546999999999521
8.274441,9.936483,4.62035,5.316133,-1.2628429999999984,-0.08858700000000042,-0.09020307142857131,-0.0016160714285708977
8.278714,9.997512,4.616899,5.380613,-1.2018139999999988,-0.08513600000000032,-0.08584385714285706,-0.0007078571428567326
8.280045,10.026474,4.614214,5.412259,-1.172851999999999,-0.08245099999999983,-0.08377514285714278,-0.0013241428571429542
8.283817,10.076909,4.61153,5.465379,-1.1224169999999987,-0.07976700000000037,-0.08017264285714276,-0.00040564285714239645
8.288868,10.120847,4.608462,5.512385,-1.0784789999999997,-0.07669900000000052,-0.07703421428571426,-0.0003352142857137447
8.289941,10.163599,4.604627,5.558972,-1.0357269999999996,-0.07286400000000004,-0.07398049999999998,-0.001116499999999937
8.293389,10.216174,4.601559,5.614615,-0.9831519999999987,-0.06979600000000019,-0.07022514285714276,-0.0004291428571425726
8.296604,10.26162,4.597724,5.663896,-0.9377059999999986,-0.0659610000000006,-0.0669789999999999,-0.0010179999999992972
8.299544,10.304499,4.594272,5.710226,-0.8948269999999994,-0.06250900000000037,-0.06391621428571424,-0.001407214285713873
8.302711,10.348483,4.591204,5.757279,-0.8508429999999993,-0.05944100000000052,-0.060774499999999954,-0.0013334999999994324
8.306167,10.39648,4.586986,5.809494,-0.8028459999999988,-0.0552229999999998,-0.057346142857142776,-0.002123142857142976
8.309945,10.447996,4.584302,5.863694,-0.7513299999999994,-0.052539000000000335,-0.053666428571428525,-0.0011274285714281893
8.312381,10.492389,4.581617,5.910772,-0.7069369999999999,-0.04985399999999984,-0.05049549999999999,-0.0006415000000001489
8.315416,10.539404,4.577782,5.961622,-0.6599219999999999,-0.046019000000000254,-0.04713728571428571,-0.0011182857142854538
8.318768,10.585852,4.573564,6.012288,-0.6134740000000001,-0.04180100000000042,-0.04381957142857144,-0.0020185714285710157
8.322165,10.639312,4.570496,6.068816,-0.5600139999999989,-0.03873300000000057,-0.04000099999999992,-0.001267999999999346
8.32511,10.686106,4.567811,6.118294,-0.5132199999999987,-0.03604800000000008,-0.03665857142857133,-0.0006105714285712521
8.328437,10.729835,4.564743,6.165091,-0.46949099999999966,-0.03298000000000023,-0.03353507142857141,-0.0005550714285711758
8.330986,10.775962,4.559758,6.216204,-0.4233639999999994,-0.027995000000000658,-0.03024028571428567,-0.0022452857142850127
8.334278,10.825719,4.556306,6.269412,-0.3736069999999998,-0.024543000000000426,-0.02668621428571427,-0.002143214285713846
8.338559,10.888499,4.553238,6.335261,-0.31082699999999974,-0.021475000000000577,-0.022201928571428553,-0.0007269285714279761
8.340053,10.916381,4.550554,6.365827,-0.2829449999999998,-0.018791000000000224,-0.020210357142857127,-0.001419357142856903
8.343615,10.966581,4.547103,6.419478,-0.23274499999999954,-0.015340000000000131,-0.016624642857142824,-0.0012846428571426927
8.346575,11.010436,4.544418,6.466018,-0.1888899999999989,-0.012655000000000527,-0.013492142857142777,-0.0008371428571422503
8.349595,11.05568,4.54135,6.51433,-0.1436459999999986,-0.009587000000000678,-0.010260428571428473,-0.0006734285714277942
8.352872,11.101883,4.536748,6.565134,-0.09744299999999839,-0.004985000000000461,-0.006960214285714171,-0.00197521428571371
8.356112,11.152368,4.532913,6.619455,-0.046958000000000055,-0.0011499999999999844,-0.003354142857142861,-0.0022041428571428767
8.35938,11.199362,4.530612,6.668749,3.600000000147929e-05,0.0011510000000001241,2.571428571534235e-06,-0.00114842857142859
8.362253,11.244727,4.527544,6.717183,0.045401000000000025,0.004218999999999973,0.0032429285714285733,-0.0009760714285713995
8.365178,11.288659,4.524476,6.764183,0.08933300000000166,0.007286999999999821,0.00638092857142869,-0.0009060714285711313
8.368561,11.336112,4.521408,6.814704,0.13678600000000074,0.01035499999999967,0.009770428571428624,-0.0005845714285710457
8.371111,11.379794,4.51719,6.862604,0.18046800000000118,0.014572999999999503,0.012890571428571513,-0.0016824285714279897
8.37438,11.432016,4.513738,6.918277,0.23269000000000162,0.018024999999999736,0.016620714285714402,-0.001404285714285334
8.377703,11.49452,4.509904,6.984616,0.2951940000000004,0.021859000000000073,0.021085285714285744,-0.0007737142857143289
8.380205,11.523366,4.505302,7.018064,0.3240400000000001,0.0264609999999994,0.023145714285714294,-0.003315285714285108
8.383855,11.57868,4.503001,7.07568,0.3793540000000011,0.02876199999999951,0.027096714285714363,-0.0016652857142851474
8.388513,11.649926,4.499933,7.149993,0.45060000000000144,0.03182999999999936,0.03218571428571439,0.00035571428571502806
8.390037,11.678581,4.495331,7.18325,0.4792550000000002,0.036431999999999576,0.03423250000000001,-0.002199499999999563
8.39384,11.732379,4.492263,7.240116,0.5330530000000007,0.039499999999999424,0.03807521428571433,-0.0014247857142850942
8.396833,11.77392,4.489962,7.283958,0.5745940000000012,0.04180099999999953,0.04104242857142865,-0.0007585714285708797
8.399742,11.820177,4.48651,7.333667,0.620851,0.045252999999999766,0.044346500000000004,-0.0009064999999997617
8.402798,11.864489,4.482292,7.382197,0.6651630000000015,0.0494709999999996,0.04751164285714297,-0.001959357142856631
8.405729,11.908323,4.478457,7.429866,0.7089970000000001,0.053306000000000076,0.050642642857142865,-0.0026633571428572103
8.408964,11.957145,4.476156,7.480989,0.7578190000000014,0.055607000000000184,0.05412992857142867,-0.001477071428571515
8.411868,11.999068,4.473088,7.52598,0.7997420000000002,0.05867500000000003,0.05712442857142858,-0.0015505714285714498
8.415036,12.046323,4.470404,7.575919,0.846997,0.0613589999999995,0.060499785714285714,-0.000859214285713783
8.418054,12.094384,4.465418,7.628966,0.8950580000000006,0.0663450000000001,0.06393271428571433,-0.0024122857142857695
8.421053,12.138375,4.461967,7.676408,0.9390490000000007,0.06979600000000019,0.06707492857142862,-0.0027210714285715726
8.424618,12.190761,4.458899,7.731862,0.991435000000001,0.07286400000000004,0.07081678571428578,-0.0020472142857142633
8.42784,12.248608,4.454297,7.794311,1.0492820000000016,0.07746599999999937,0.0749487142857144,-0.0025172857142849725
8.430461,12.280923,4.451612,7.829311,1.0815970000000004,0.08015099999999986,0.0772569285714286,-0.00289407142857126
8.434021,12.332695,4.448544,7.884151,1.133369,0.08321899999999971,0.08095492857142858,-0.0022640714285711294
8.436731,12.377242,4.445093,7.932149,1.1779160000000015,0.0866699999999998,0.08413685714285725,-0.0025331428571425535
8.440159,12.421898,4.440874,7.981023,1.2225720000000013,0.09088899999999978,0.08732657142857152,-0.0035624285714282583
8.442958,12.467079,4.437806,8.029273,1.2677530000000008,0.09395699999999962,0.09055378571428577,-0.003403214285713857
8.44602,12.511206,4.435122,8.076084,1.3118800000000004,0.09664099999999998,0.09370571428571431,-0.002935285714285668
8.449372,12.557633,4.432054,8.125579,1.358307,0.09970899999999983,0.09702192857142856,-0.002687071428571261
8.451912,12.597425,4.42937,8.168055,1.3980990000000002,0.10239300000000018,0.0998642142857143,-0.002528785714285872
8.454904,12.641392,4.426685,8.214707,1.4420660000000005,0.10507799999999978,0.10300471428571432,-0.0020732857142854583
8.457965,12.691657,4.422467,8.26919,1.492331,0.10929599999999962,0.10659507142857143,-0.0027009285714281878
8.460744,12.725287,4.419782,8.305505,1.5259610000000006,0.11198100000000011,0.10899721428571432,-0.002983785714285786
8.464173,12.7742,4.417098,8.357102,1.5748740000000012,0.11466499999999957,0.11249100000000009,-0.002173999999999482
8.469122,12.817713,4.41403,8.403683,1.6183870000000002,0.11773299999999942,0.11559907142857144,-0.0021339285714279815
8.469978,12.863723,4.409044,8.454679,1.664397000000001,0.12271900000000002,0.11888550000000007,-0.003833499999999948
8.473585,12.911289,4.405976,8.505312,1.7119630000000008,0.12578699999999987,0.12228307142857149,-0.00350392857142838
8.477209,12.955885,4.403292,8.552593,1.756559000000001,0.12847099999999934,0.12546850000000007,-0.0030024999999992696
8.480116,13.001847,4.398306,8.603541,1.8025210000000005,0.13345699999999994,0.12875150000000005,-0.00470549999999989
8.482965,13.04193,4.396389,8.645541,1.8426040000000015,0.13537399999999966,0.13161457142857153,-0.003759428571428136
8.486018,13.086959,4.393704,8.693255,1.887633000000001,0.13805900000000015,0.13483092857142864,-0.0032280714285715106
8.489609,13.133013,4.390637,8.742377,1.9336870000000008,0.14112599999999986,0.13812050000000006,-0.0030054999999998
8.491844,13.170793,4.387952,8.782841,1.9714670000000005,0.14381099999999947,0.14081907142857147,-0.002991928571427993
8.495332,13.218351,4.383734,8.834618,2.019025000000001,0.1480290000000002,0.14421607142857149,-0.003812928571428703
8.498749,13.259947,4.381049,8.878898,2.060621000000001,0.1507139999999998,0.14718721428571438,-0.003526785714285413
8.501554,13.302364,4.378748,8.923616,2.1030380000000015,0.1530149999999999,0.1502170000000001,-0.0027979999999998006
8.504864,13.349041,4.376064,8.972977,2.1497150000000005,0.15569899999999937,0.15355107142857147,-0.0021479285714278984
8.507838,13.398855,4.371845,9.02701,2.199529,0.15991799999999934,0.15710921428571428,-0.002808785714285056
8.510586,13.430276,4.369161,9.061115,2.23095,0.1626019999999997,0.15935357142857143,-0.0032484285714282635
8.514616,13.481766,4.365709,9.116057,2.282440000000001,0.16605399999999992,0.16303142857142866,-0.0030225714285712635
8.517809,13.534025,4.361491,9.172534,2.3346990000000005,0.17027199999999976,0.16676421428571434,-0.003507785714285422
8.520795,13.56529,4.358806,9.206484,2.365964,0.17295699999999936,0.16899742857142858,-0.003959571428570785
8.524652,13.617586,4.356122,9.261464,2.41826,0.17564099999999971,0.17273285714285716,-0.002908142857142554
8.528059,13.669403,4.351903,9.3175,2.4700770000000016,0.1798599999999997,0.17643407142857154,-0.0034259285714281495
8.531143,13.706066,4.349219,9.356847,2.5067400000000006,0.18254400000000004,0.17905285714285718,-0.0034911428571428593
8.534581,13.748126,4.346535,9.401591,2.5488,0.1852279999999995,0.18205714285714286,-0.0031708571428566423
8.537486,13.797612,4.344617,9.452995,2.5982860000000016,0.18714599999999937,0.18559185714285725,-0.0015541428571421156
8.540193,13.821567,4.340782,9.480785,2.6222410000000007,0.19098099999999985,0.18730292857142863,-0.0036780714285712113
8.544011,13.867982,4.338481,9.529501,2.6686560000000004,0.19328199999999995,0.19061828571428574,-0.0026637142857142138
8.548486,13.925466,4.334646,9.590819,2.726140000000001,0.19711699999999954,0.19472428571428577,-0.002392714285713776
8.549914,13.950941,4.332345,9.618596,2.751615000000001,0.19941799999999965,0.19654392857142863,-0.002874071428571018
8.553793,13.994866,4.329661,9.665205,2.795540000000001,0.202102,0.19968142857142862,-0.002420571428571383
8.55845,14.0506,4.32736,9.723241,2.851274,0.2044030000000001,0.20366242857142858,-0.0007405714285715348
8.559901,14.073618,4.323525,9.750093,2.8742920000000005,0.2082379999999997,0.20530657142857148,-0.002931428571428224
8.563345,14.11062,4.321607,9.789013,2.9112940000000016,0.21015599999999957,0.20794957142857154,-0.0022064285714280263
8.566355,14.148189,4.318923,9.829267,2.948863000000001,0.21283999999999992,0.21063307142857152,-0.0022069285714284015
8.566355,14.148189,4.317005,9.831184,2.948863000000001,0.21475799999999978,0.21063307142857152,-0.004124928571428266
8.573587,14.203446,4.31317,9.890275,3.0041200000000003,0.21859299999999937,0.21458000000000002,-0.00401299999999935
8.575395,14.264868,4.31087,9.953998,3.0655420000000007,0.22089299999999934,0.21896728571428575,-0.0019257142857135867
8.579739,14.30346,4.308569,9.994892,3.104134,0.22319399999999945,0.22172385714285717,-0.0014701428571422814
8.581651,14.336977,4.305501,10.031476,3.137651,0.22626200000000019,0.22411792857142857,-0.00214407142857162
8.584883,14.372124,4.302433,10.069691,3.1727980000000002,0.22933000000000003,0.2266284285714286,-0.002701571428571442
8.588095,14.405633,4.300132,10.105501,3.2063070000000007,0.23163100000000014,0.2290219285714286,-0.00260907142857153
8.59073,14.440802,4.298598,10.142205,3.2414760000000005,0.23316499999999962,0.23153400000000005,-0.0016309999999995772
8.59393,14.478262,4.296297,10.181965,3.2789360000000016,0.23546599999999973,0.2342097142857144,-0.0012562857142853212
8.598675,14.525731,4.292078,10.233653,3.326405000000001,0.2396849999999997,0.23760035714285724,-0.0020846428571424658
8.600694,14.551059,4.28901,10.262048,3.351733000000001,0.24275299999999955,0.23940950000000008,-0.003343499999999472
8.604094,14.590193,4.28786,10.302333,3.390867,0.24390299999999954,0.24220478571428572,-0.0016982142857138172
8.608351,14.633931,4.285175,10.348756,3.4346050000000012,0.24658800000000003,0.24532892857142866,-0.0012590714285713733
8.610782,14.660836,4.282491,10.378345,3.4615100000000005,0.2492719999999995,0.24725071428571432,-0.0020212857142851703
8.613966,14.698032,4.28019,10.417842,3.4987060000000003,0.2515729999999996,0.24990757142857145,-0.0016654285714281514
8.61862,14.742405,4.277889,10.464516,3.5430790000000005,0.2538739999999997,0.25307707142857144,-0.0007969285714282681
8.619881,14.7627,4.276355,10.486345,3.5633740000000014,0.2554080000000001,0.2545267142857144,-0.0008812857142856956
8.62319,14.794956,4.273287,10.521669,3.5956300000000017,0.25847599999999993,0.2568307142857144,-0.001645285714285516
8.628651,14.841382,4.270219,10.571163,3.642056,0.2615439999999998,0.2601468571428572,-0.001397142857142597
8.630801,14.859317,4.268685,10.590632,3.6599910000000015,0.26307800000000015,0.26142792857142866,-0.0016500714285714868
8.633538,14.896883,4.266001,10.630882,3.6975570000000015,0.2657619999999996,0.2641112142857144,-0.00165078571428523
8.638529,14.942234,4.264083,10.678151,3.742908,0.2676799999999995,0.26735057142857144,-0.0003294285714280365
8.639739,14.959535,4.261399,10.698136,3.7602090000000015,0.2703639999999998,0.2685863571428572,-0.0017776428571426028
8.642858,14.99094,4.259098,10.731842,3.791614000000001,0.27266499999999994,0.2708295714285715,-0.0018354285714284324
8.645917,15.023749,4.25718,10.766569,3.8244230000000012,0.2745829999999998,0.2731730714285715,-0.0014099285714282983
8.649789,15.052771,4.254879,10.797892,3.8534450000000007,0.2768839999999999,0.2752460714285715,-0.0016379285714284153
8.652447,15.084842,4.253345,10.831497,3.885516000000001,0.2784179999999994,0.2775368571428572,-0.000881142857142192
8.656216,15.114492,4.250277,10.864215,3.915166000000001,0.2814860000000001,0.27965471428571437,-0.0018312857142857575
8.65953,15.143078,4.24836,10.894718,3.943752,0.28340299999999985,0.2816965714285714,-0.0017064285714284422
8.662164,15.166756,4.247209,10.919546,3.9674300000000002,0.284554,0.28338785714285714,-0.0011661428571428378
8.665302,15.195882,4.245675,10.950207,3.996556,0.28608799999999945,0.28546828571428573,-0.0006197142857137239
8.669259,15.225415,4.243758,10.981658,4.026089000000001,0.28800500000000007,0.28757778571428577,-0.00042721428571429465
8.671557,15.250155,4.241073,11.009082,4.050829,0.29068999999999967,0.2893449285714286,-0.0013450714285710985
8.675333,15.283013,4.239156,11.043857,4.083687000000001,0.2926069999999994,0.29169192857142867,-0.000915071428570724
8.67934,15.312512,4.236855,11.075657,4.113186000000001,0.2949079999999995,0.29379900000000003,-0.0011089999999994715
8.681442,15.330042,4.235704,11.094338,4.130716000000001,0.29605899999999963,0.29505114285714296,-0.0010078571428566718
8.684538,15.353067,4.23417,11.118896,4.153741,0.297593,0.29669578571428573,-0.0008972142857142651
8.687622,15.379527,4.232253,11.147274,4.180201,0.2995099999999997,0.29858578571428573,-0.0009242142857139868
8.690874,15.397585,4.231486,11.166099,4.198259,0.30027699999999946,0.29987564285714285,-0.0004013571428566065
8.693515,15.420507,4.228802,11.191705,4.221181000000001,0.3029609999999998,0.3015129285714287,-0.0014480714285711183
8.698396,15.45594,4.227651,11.228288,4.256614000000001,0.30411199999999994,0.3040438571428572,-6.814285714273893e-05
8.699906,15.470604,4.224967,11.245637,4.271278000000001,0.3067959999999994,0.30509128571428573,-0.001704714285713671
8.703368,15.497227,4.223433,11.273794,4.297901000000001,0.30832999999999977,0.3069929285714287,-0.0013370714285710905
8.708591,15.528429,4.222666,11.305763,4.329103,0.3090969999999995,0.3092216428571429,0.00012464285714336443
8.710074,15.542034,4.220365,11.32167,4.342708,0.3113979999999996,0.31019342857142856,-0.0012045714285710551
8.713418,15.563108,4.219214,11.343894,4.3637820000000005,0.31254899999999974,0.31169871428571433,-0.0008502857142854148
8.718771,15.580671,4.217297,11.363375,4.381345000000001,0.31446599999999947,0.3129532142857144,-0.001512785714285092
8.720868,15.597574,4.216146,11.381427,4.398248000000001,0.3156169999999996,0.31416057142857146,-0.0014564285714281366
8.7234,15.618786,4.214996,11.40379,4.419460000000001,0.3167669999999996,0.31567571428571434,-0.0010912857142852395
8.726563,15.637559,4.213462,11.424097,4.438233,0.31830099999999995,0.31701664285714287,-0.0012843571428570733
8.729513,15.654112,4.212311,11.441801,4.454786,0.31945200000000007,0.318199,-0.0012530000000000596
8.732305,15.671208,4.210777,11.46043,4.471882000000001,0.32098599999999955,0.31942014285714293,-0.0015658571428566193
8.735405,15.69202,4.209243,11.482776,4.492694,0.3225199999999999,0.3209067142857143,-0.001613285714285595
8.738808,15.715389,4.208093,11.507296,4.516063000000001,0.3236699999999999,0.32257592857142864,-0.0010940714285712638
8.741412,15.733878,4.206559,11.527319,4.5345520000000015,0.3252039999999994,0.32389657142857153,-0.0013074285714278489
8.744828,15.749965,4.205792,11.544173,4.550639,0.325971,0.3250456428571429,-0.0009253571428571306
8.748706,15.768923,4.204258,11.564665,4.569597,0.3275049999999995,0.3263997857142857,-0.001105214285713807
8.752143,15.788861,4.203491,11.58537,4.5895350000000015,0.3282720000000001,0.32782392857142867,-0.00044807142857145044
8.755196,15.80168,4.20234,11.59934,4.602354,0.32942299999999936,0.3287395714285714,-0.0006834285714279464
8.758405,15.814319,4.20119,11.613129,4.614993,0.33057299999999934,0.32964235714285717,-0.0009306428571421721
8.761409,15.827059,4.200806,11.626253,4.627733000000001,0.3309569999999997,0.3305523571428572,-0.00040464285714253423
8.765079,15.838205,4.199656,11.638549,4.638879000000001,0.3321069999999997,0.3313485000000001,-0.0007584999999996067
8.769007,15.845413,4.199656,11.645757,4.646087000000001,0.3321069999999997,0.33186335714285725,-0.00024364285714245648
8.771122,15.856601,4.198889,11.657712,4.657275,0.33287399999999945,0.3326625,-0.00021149999999942048
8.774351,15.863048,4.197738,11.66531,4.663722,0.3340249999999996,0.333123,-0.0009019999999995698
8.77797,15.882299,4.196971,11.685328,4.6829730000000005,0.3347920000000002,0.33449807142857146,-0.0002939285714287365
8.780826,15.889282,4.196204,11.693077,4.6899560000000005,0.33555899999999994,0.33499685714285715,-0.0005621428571427889
8.784308,15.910194,4.194287,11.715907,4.710868000000001,0.33747599999999967,0.3364905714285715,-0.0009854285714281374
8.788422,15.92421,4.19352,11.73069,4.724884000000001,0.3382429999999994,0.3374917142857144,-0.0007512857142850105
8.791007,15.934353,4.192753,11.7416,4.7350270000000005,0.33901000000000003,0.3382162142857143,-0.000793785714285733
8.794256,15.939352,4.192369,11.746982,4.740026,0.33939399999999953,0.33857328571428574,-0.0008207142857137861
8.798447,15.955637,4.191603,11.764034,4.756311,0.34016,0.3397365,-0.0004235000000000211
8.801595,15.96042,4.190452,11.769968,4.761094,0.34131100000000014,0.34007814285714283,-0.0012328571428573132
8.805233,15.972979,4.190452,11.782527,4.773653000000001,0.34131100000000014,0.34097521428571437,-0.00033578571428577453
8.808212,15.983952,4.190069,11.793884,4.784626000000001,0.3416939999999995,0.3417590000000001,6.500000000059236e-05
8.810917,15.985566,4.188535,11.797031,4.786240000000001,0.34322799999999987,0.3418742857142858,-0.0013537142857140694
8.814357,15.994181,4.188535,11.805646,4.794855,0.34322799999999987,0.34248964285714284,-0.0007383571428570268
8.818722,16.002067,4.188151,11.813916,4.802741000000001,0.34361199999999936,0.34305292857142866,-0.000559071428570701
8.82162,16.005374,4.188535,11.81684,4.8060480000000005,0.34322799999999987,0.3432891428571429,6.114285714303724e-05
8.825038,16.006385,4.187768,11.818618,4.807059000000002,0.3439949999999996,0.3433613571428573,-0.0006336428571422914
8.828417,16.006952,4.187384,11.819568,4.807625999999999,0.344379,0.3434018571428571,-0.0009771428571428986
8.831939,16.008138,4.187001,11.821138,4.808812,0.34476199999999935,0.3434865714285714,-0.0012754285714279279
8.835349,16.013118,4.187001,11.826117,4.813791999999999,0.34476199999999935,0.34384228571428566,-0.0009197142857136908
8.838561,16.018608,4.186617,11.831991,4.819282000000001,0.34514599999999973,0.34423442857142866,-0.0009115714285710674
8.840859,16.02364,4.186617,11.837023,4.824314000000001,0.34514599999999973,0.34459385714285723,-0.0005521428571425013
8.844071,16.02531,4.186617,11.838693,4.825984000000002,0.34514599999999973,0.344713142857143,-0.00043285714285673516
8.847093,16.026002,4.187001,11.839002,4.826675999999999,0.34476199999999935,0.34476257142857136,5.714285720159751e-07
8.849972,16.025144,4.187001,11.838143,4.825818000000002,0.34476199999999935,0.3447012857142858,-6.071428571352566e-05
8.853505,16.024604,4.186617,11.837987,4.825278000000001,0.34514599999999973,0.3446627142857143,-0.00048328571428540856
8.856415,16.025782,4.186617,11.839165,4.826456,0.34514599999999973,0.3447468571428572,-0.0003991428571425426
8.859824,16.025445,4.186234,11.839211,4.826119000000002,0.345529,0.3447227857142859,-0.0008062142857140908
8.862338,16.025331,4.186617,11.838714,4.826005000000002,0.34514599999999973,0.344714642857143,-0.00043135714285674753
8.865396,16.024744,4.187001,11.837743,4.825417999999999,0.34476199999999935,0.3446727142857142,-8.928571428512555e-05
8.868742,16.025207,4.187001,11.838206,4.8258810000000025,0.34476199999999935,0.3447057857142859,-5.621428571345177e-05
8.871275,16.024834,4.186234,11.8386,4.825507999999999,0.345529,0.3446791428571428,-0.00084985714285718
8.874749,16.024318,4.186617,11.837701,4.824992000000002,0.34514599999999973,0.34464228571428585,-0.0005037142857138854
8.877879,16.023662,4.186617,11.837045,4.824336000000002,0.34514599999999973,0.3445954285714287,-0.0005505714285710117
8.880964,16.021809,4.187001,11.834809,4.822483000000002,0.34476199999999935,0.3444630714285716,-0.0002989285714277701
8.884603,16.021232,4.187001,11.834232,4.821906000000002,0.34476199999999935,0.3444218571428573,-0.00034014285714206727
8.887775,16.018991,4.186617,11.832374,4.8196650000000005,0.34514599999999973,0.34426178571428573,-0.0008842142857140023
8.890507,16.017459,4.186617,11.830842,4.8181329999999996,0.34514599999999973,0.34415235714285713,-0.000993642857142596
8.894068,16.016227,4.186617,11.82961,4.816901000000001,0.34514599999999973,0.34406435714285727,-0.0010816428571424619
8.89853,16.013239,4.187001,11.826238,4.813912999999999,0.34476199999999935,0.3438509285714285,-0.000911071428570831
8.899973,16.010954,4.186617,11.824337,4.8116280000000025,0.34514599999999973,0.3436877142857145,-0.0014582857142852457
8.903662,16.009924,4.187001,11.822923,4.810598000000002,0.34476199999999935,0.34361414285714303,-0.0011478571428563122
8.906559,16.007671,4.187001,11.82067,4.808344999999999,0.34476199999999935,0.34345321428571424,-0.00130878571428511
8.909912,16.006651,4.187001,11.81965,4.807325000000002,0.34476199999999935,0.3433803571428573,-0.0013816428571420403
8.912515,16.004866,4.186617,11.818249,4.805540000000001,0.34514599999999973,0.3432528571428572,-0.001893142857142538
8.915411,16.001288,4.187384,11.813904,4.801962,0.344379,0.34299728571428567,-0.0013817142857143194
8.918989,15.988589,4.187768,11.800821,4.789263,0.3439949999999996,0.3420902142857143,-0.0019047857142853175
8.922182,15.982411,4.188535,11.793876,4.783085000000002,0.34322799999999987,0.3416489285714287,-0.001579071428571166
8.92502,15.980777,4.188535,11.792242,4.781451000000001,0.34322799999999987,0.34153221428571434,-0.0016957857142855248
8.928218,15.975842,4.188918,11.786924,4.776516000000001,0.3428449999999996,0.34117971428571436,-0.0016652857142852584
8.931153,15.967291,4.189302,11.77799,4.767965,0.3424610000000001,0.34056892857142856,-0.0018920714285715623
8.934731,15.961827,4.189302,11.772525,4.762501,0.3424610000000001,0.3401786428571429,-0.0022823571428572387
8.938091,15.95959,4.189685,11.769905,4.760264000000001,0.3420779999999999,0.34001885714285723,-0.0020591428571426484
8.940966,15.958859,4.189685,11.769174,4.759533000000001,0.3420779999999999,0.33996664285714295,-0.002111357142856929
8.944607,15.957087,4.190452,11.766635,4.757761,0.34131100000000014,0.3398400714285715,-0.0014709285714286646
8.94779,15.948893,4.191219,11.757674,4.749567000000001,0.3405439999999995,0.33925478571428574,-0.001289214285713769
8.950784,15.935623,4.191603,11.744021,4.736297,0.34016,0.3383069285714286,-0.00185307142857144
8.954329,15.928521,4.192369,11.736151,4.729195000000001,0.33939399999999953,0.3377996428571429,-0.0015943571428566061
8.958728,15.907048,4.193136,11.713912,4.707722,0.3386269999999998,0.33626585714285717,-0.0023611428571426174
8.961587,15.901398,4.195437,11.70596,4.702072000000001,0.3363259999999997,0.3358622857142858,-0.00046371428571390094
8.965836,15.880693,4.196204,11.684489,4.681367000000002,0.33555899999999994,0.3343833571428573,-0.001175642857142667
8.965836,15.880693,4.196971,11.683722,4.681367000000002,0.3347920000000002,0.3343833571428573,-0.0004086428571429268
8.972779,15.857649,4.196971,11.660678,4.658323000000001,0.3347920000000002,0.33273735714285724,-0.002054642857142963
8.97503,15.849394,4.198122,11.651272,4.650068000000001,0.3336410000000001,0.3321477142857144,-0.001493285714285697
8.978453,15.831179,4.199656,11.631523,4.631853000000001,0.3321069999999997,0.33084664285714294,-0.0012603571428567717
8.981758,15.814109,4.200423,11.613686,4.614783000000001,0.33133999999999997,0.32962735714285724,-0.0017126428571427321
8.98464,15.798188,4.201573,11.596615,4.5988620000000004,0.33019,0.3284901428571429,-0.0016998571428570863
8.988436,15.778287,4.203107,11.575179,4.578961000000001,0.3286559999999996,0.32706864285714293,-0.0015873571428566824
8.990742,15.762526,4.204258,11.558268,4.5632,0.3275049999999995,0.32594285714285715,-0.0015621428571423457
8.993708,15.749099,4.205408,11.543691,4.549773,0.3263549999999995,0.3249837857142857,-0.0013712142857137954
8.998759,15.727901,4.206559,11.521342,4.528575,0.3252039999999994,0.32346964285714286,-0.001734357142856524
9.000669,15.715256,4.207709,11.507546,4.515930000000001,0.3240539999999994,0.32256642857142864,-0.0014875714285707553
9.003869,15.696192,4.20886,11.487332,4.496866000000001,0.32290300000000016,0.32120471428571434,-0.0016982857142858188
9.008633,15.675781,4.210777,11.465004,4.476455000000001,0.32098599999999955,0.31974678571428583,-0.001239214285713719
9.01015,15.663941,4.211161,11.45278,4.464615,0.32060200000000005,0.31890107142857144,-0.001700928571428617
9.013439,15.648229,4.212695,11.435535,4.448903000000001,0.3190679999999997,0.3177787857142858,-0.00128921428571388
9.016242,15.629116,4.213462,11.415654,4.429790000000001,0.31830099999999995,0.31641357142857146,-0.0018874285714284844
9.019634,15.607684,4.216146,11.391538,4.4083580000000016,0.3156169999999996,0.3148827142857144,-0.0007342857142851877
9.022338,15.587372,4.21653,11.370842,4.388046000000001,0.3152330000000001,0.3134318571428572,-0.00180114285714289
9.025336,15.565573,4.218831,11.346742,4.366247000000001,0.312932,0.3118747857142858,-0.001057214285714203
9.028639,15.54096,4.220748,11.320212,4.341634000000001,0.3110149999999994,0.31011671428571436,-0.0008982857142850187
9.031295,15.520666,4.222666,11.298001,4.321340000000001,0.3090969999999995,0.3086671428571429,-0.0004298571428565934
9.034718,15.495386,4.223816,11.271569,4.296060000000001,0.3079469999999995,0.3068614285714286,-0.0010855714285709084
9.038188,15.474242,4.22535,11.248892,4.274916000000001,0.30641300000000005,0.30535114285714293,-0.0010618571428571144
9.040984,15.44895,4.227651,11.221299,4.249624000000001,0.30411199999999994,0.3035445714285715,-0.000567428571428441
9.044353,15.426028,4.229185,11.196843,4.226702000000001,0.30257799999999957,0.3019072857142858,-0.0006707142857137471
9.048272,15.402042,4.230336,11.171706,4.202716000000001,0.30142699999999945,0.300194,-0.001232999999999429
9.050658,15.386579,4.231869,11.15471,4.187253,0.2998940000000001,0.2990895,-0.0008045000000000968
9.054202,15.359309,4.23417,11.125139,4.159983,0.297593,0.2971416428571429,-0.0004513571428571006
9.058438,15.328198,4.235321,11.092877,4.128872000000001,0.2964419999999999,0.29491942857142867,-0.0015225714285712066
9.060583,15.309838,4.238005,11.071833,4.110512,0.2937579999999995,0.293608,-0.0001499999999995394
9.06353,15.2799,4.239923,11.039977,4.080574,0.29183999999999966,0.29146957142857144,-0.0003704285714282163
9.069488,15.250167,4.241457,11.00871,4.050841,0.2903060000000002,0.2893457857142857,-0.0009602142857144669
9.07041,15.22055,4.244141,10.976409,4.021224,0.2876219999999998,0.2872302857142857,-0.0003917142857141065
9.073472,15.186638,4.246059,10.940579,3.987312000000001,0.28570399999999996,0.28480800000000006,-0.0008959999999998969
9.078374,15.145899,4.247976,10.897922,3.9465730000000008,0.28378699999999935,0.2818980714285715,-0.0018889285714278614
9.0797,15.133179,4.250661,10.882518,3.933853000000001,0.28110199999999974,0.28098950000000006,-0.0001124999999996823
9.082928,15.106817,4.251811,10.855005,3.9074910000000003,0.27995199999999976,0.27910650000000004,-0.0008454999999997215
9.088468,15.062903,4.254879,10.808024,3.863577000000001,0.2768839999999999,0.2759697857142858,-0.0009142142857140878
9.089922,15.047949,4.256413,10.791535,3.848623,0.27534999999999954,0.27490164285714286,-0.00044835714285668127
9.093209,15.016014,4.258331,10.757683,3.816688000000001,0.2734319999999997,0.2726205714285715,-0.0008114285714281855
9.096457,14.984299,4.261399,10.7229,3.784973000000001,0.2703639999999998,0.27035521428571435,-8.785714285475255e-06
9.099995,14.953036,4.263316,10.68972,3.7537100000000017,0.2684470000000001,0.268122142857143,-0.00032485714285712675
9.102899,14.91707,4.265234,10.651837,3.7177440000000015,0.26652899999999935,0.265553142857143,-0.0009758571428563623
9.10635,14.885908,4.268302,10.617607,3.6865820000000014,0.2634609999999995,0.2633272857142858,-0.00013371428571368194
9.109684,14.854636,4.269836,10.5848,3.65531,0.261927,0.2610935714285714,-0.0008334285714285961
9.112345,14.826191,4.27137,10.554821,3.6268650000000004,0.26039299999999965,0.25906178571428573,-0.001331214285713922
9.115649,14.794142,4.27367,10.520472,3.5948160000000016,0.2580929999999997,0.2567725714285715,-0.0013204285714281672
9.119376,14.75682,4.277122,10.479698,3.557494,0.25464099999999945,0.2541067142857143,-0.0005342857142851543
9.121401,14.72859,4.279423,10.449167,3.5292640000000013,0.25233999999999934,0.2520902857142858,-0.0002497142857135204
9.124495,14.695522,4.28134,10.414182,3.496196000000001,0.2504229999999996,0.2497282857142858,-0.0006947142857138267
9.128284,14.652613,4.284025,10.368588,3.4532870000000013,0.247738,0.24666335714285723,-0.001074642857142788
9.130642,14.627827,4.285942,10.341884,3.4285010000000007,0.2458209999999994,0.2448929285714286,-0.0009280714285707925
9.133267,14.596955,4.288243,10.308712,3.3976290000000002,0.24352000000000018,0.24268778571428573,-0.0008322142857144499
9.136135,14.566003,4.290161,10.275842,3.366677000000001,0.24160199999999943,0.24047692857142863,-0.0011250714285707952
9.139484,14.533554,4.292462,10.241092,3.3342280000000013,0.23930099999999932,0.23815914285714296,-0.0011418571428563618
9.141794,14.505292,4.29553,10.209763,3.3059660000000015,0.23623299999999947,0.23614042857142867,-9.257142857080347e-05
9.144995,14.467973,4.297447,10.170526,3.2686470000000014,0.23431599999999975,0.23347478571428582,-0.0008412142857139315
9.148677,14.434037,4.300132,10.133906,3.234711000000001,0.23163100000000014,0.23105078571428578,-0.0005802142857143644
9.150767,14.401188,4.302433,10.098756,3.201862,0.22933000000000003,0.2287044285714286,-0.0006255714285714475
9.153644,14.366532,4.30435,10.062181,3.167206,0.22741299999999942,0.226229,-0.0011839999999994077
9.158552,14.332565,4.307035,10.025531,3.1332390000000014,0.22472799999999982,0.22380278571428583,-0.0009252142857139878
9.159772,14.298127,4.308952,9.989175,3.098801,0.2228110000000001,0.22134292857142857,-0.0014680714285715268
9.16268,14.26174,4.311253,9.950487,3.0624140000000004,0.22050999999999998,0.21874385714285718,-0.0017661428571427995
9.16558,14.226767,4.315088,9.911679,3.0274410000000014,0.2166749999999995,0.21624578571428582,-0.00042921428571368603
9.16946,14.183723,4.317005,9.866717,2.9843970000000013,0.21475799999999978,0.21317121428571437,-0.0015867857142854158
9.172026,14.150634,4.319306,9.831328,2.951308000000001,0.21245699999999967,0.21080771428571435,-0.0016492857142853257
9.175286,14.111098,4.322374,9.788724,2.911772000000001,0.20938899999999983,0.20798371428571436,-0.0014052857142854702
9.178988,14.0749,4.325442,9.749458,2.8755740000000003,0.20632099999999998,0.2053981428571429,-0.0009228571428570864
9.181255,14.038333,4.328127,9.710206,2.8390070000000005,0.20363599999999948,0.20278621428571433,-0.0008497857142851506
9.184321,14.001547,4.330428,9.67112,2.802221000000001,0.20133499999999938,0.20015864285714294,-0.0011763571428564379
9.187558,13.94752,4.333112,9.614407,2.7481940000000016,0.1986509999999999,0.19629957142857155,-0.0023514285714283656
9.190537,13.921229,4.33503,9.586199,2.721903000000001,0.19673300000000005,0.19442164285714295,-0.002311357142857101
9.193703,13.879275,4.340015,9.53926,2.6799490000000006,0.19174799999999959,0.19142492857142862,-0.0003230714285709646
9.196803,13.838111,4.342316,9.495795,2.6387850000000004,0.18944699999999948,0.1884846428571429,-0.0009623571428565847
9.199918,13.799087,4.346151,9.452936,2.599761000000001,0.1856119999999999,0.18569721428571434,8.521428571445222e-05
9.203552,13.750557,4.348452,9.402105,2.5512310000000014,0.18331099999999978,0.1822307857142858,-0.0010802142857139763
9.206585,13.712939,4.350753,9.362186,2.513613000000001,0.18100999999999967,0.1795437857142858,-0.0014662142857138627
9.209881,13.66882,4.353054,9.315766,2.469494000000001,0.17870899999999956,0.17639242857142864,-0.0023165714285709182
9.212517,13.633124,4.356122,9.277002,2.4337980000000012,0.17564099999999971,0.17384271428571438,-0.001798285714285336
9.215596,13.591253,4.359573,9.231679,2.391927000000001,0.17218999999999962,0.17085192857142864,-0.0013380714285709805
9.218621,13.54612,4.362258,9.183862,2.346794000000001,0.16950500000000002,0.16762814285714292,-0.0018768571428570968
9.221113,13.509995,4.364559,9.145436,2.3106690000000008,0.1672039999999999,0.16504778571428577,-0.0021562142857141364
9.2244,13.469304,4.366476,9.102828,2.269978,0.16528700000000018,0.1621412857142857,-0.0031457142857144738
9.228312,13.420468,4.369928,9.050541,2.2211420000000004,0.16183499999999995,0.15865300000000002,-0.003181999999999935
9.229952,13.391004,4.373763,9.017241,2.1916780000000013,0.15799999999999947,0.15654842857142867,-0.0014515714285708026
9.233876,13.345935,4.376447,8.969488,2.1466090000000015,0.155316,0.1533292142857144,-0.0019867857142856216
9.238845,13.282722,4.378748,8.903974,2.0833960000000005,0.1530149999999999,0.14881400000000003,-0.0042009999999998715
9.240287,13.257317,4.38335,8.873967,2.0579910000000012,0.14841299999999968,0.14699935714285722,-0.0014136428571424609
9.243731,13.212183,4.386035,8.826148,2.0128570000000003,0.14572800000000008,0.14377550000000003,-0.0019525000000000514
9.246706,13.169507,4.389103,8.780404,1.9701810000000002,0.14265999999999934,0.1407272142857143,-0.0019327857142850402
9.249781,13.125203,4.393321,8.731882,1.9258770000000016,0.1384419999999995,0.13756264285714298,-0.0008793571428565294
9.253066,13.077964,4.396005,8.681958,1.8786380000000005,0.13575800000000005,0.1341884285714286,-0.001569571428571448
9.256057,13.033845,4.399073,8.634772,1.8345190000000002,0.1326900000000002,0.13103707142857143,-0.0016529285714287634
9.259499,12.988825,4.401758,8.587067,1.789499000000001,0.1300049999999997,0.12782135714285722,-0.0021836428571424815
9.262463,12.947667,4.404059,8.543608,1.748341,0.1277039999999996,0.12488149999999999,-0.002822499999999603
9.2652,12.906886,4.408661,8.498225,1.7075600000000009,0.12310199999999938,0.1219685714285715,-0.001133428571427883
9.269103,12.862138,4.411729,8.45041,1.6628120000000006,0.12003399999999953,0.11877228571428576,-0.0012617142857137692
9.271514,12.814345,4.414797,8.399548,1.6150190000000002,0.11696599999999968,0.11535850000000002,-0.0016074999999996648
9.275078,12.762455,4.419015,8.34344,1.563129,0.11274799999999985,0.11165207142857143,-0.0010959285714284145
9.277966,12.71826,4.421316,8.296944,1.5189340000000016,0.11044699999999974,0.10849528571428582,-0.001951714285713918
9.280754,12.682302,4.424001,8.258301,1.4829760000000007,0.10776200000000014,0.1059268571428572,-0.001835142857142938
9.284036,12.634595,4.427452,8.207143,1.435269,0.10431100000000004,0.10251921428571428,-0.0017917857142857596
9.289111,12.589833,4.432054,8.157779,1.3905070000000013,0.09970899999999983,0.09932192857142866,-0.0003870714285711674
9.29018,12.542971,4.434738,8.108233,1.3436450000000004,0.09702499999999947,0.09597464285714288,-0.0010503571428565894
9.293751,12.492065,4.437039,8.055025,1.292739000000001,0.09472399999999936,0.09233850000000007,-0.002385499999999291
9.296683,12.448187,4.440491,8.007696,1.2488610000000016,0.09127200000000002,0.08920435714285725,-0.002067642857142768
9.299823,12.402253,4.445093,7.95716,1.2029270000000007,0.0866699999999998,0.08592335714285719,-0.0007466428571426126
9.302694,12.3592,4.447777,7.911423,1.1598740000000003,0.08398599999999945,0.08284814285714288,-0.001137857142856566
9.305726,12.314628,4.451229,7.8634,1.1153020000000016,0.0805340000000001,0.07966442857142868,-0.0008695714285714279
9.308826,12.265849,4.453913,7.811936,1.066523,0.07784999999999975,0.0761802142857143,-0.0016697857142854572
9.311657,12.225586,4.456981,7.768605,1.0262600000000006,0.0747819999999999,0.07330428571428575,-0.0014777142857141518
9.314882,12.179115,4.460049,7.719066,0.9797890000000002,0.07171400000000006,0.06998492857142859,-0.0017290714285714687
9.318022,12.127985,4.464268,7.663717,0.9286590000000015,0.06749500000000008,0.06633278571428582,-0.0011622142857142664
9.320574,12.094009,4.467336,7.626673,0.8946830000000006,0.06442699999999935,0.06390592857142861,-0.0005210714285707324
9.324199,12.042915,4.470787,7.572128,0.8435890000000015,0.06097600000000014,0.06025635714285725,-0.0007196428571428909
9.32856,11.975082,4.473088,7.501994,0.7757560000000012,0.05867500000000003,0.05541114285714294,-0.0032638571428570892
9.330289,11.947637,4.478073,7.469564,0.7483110000000011,0.05368999999999957,0.05345078571428579,-0.0002392142857137805
9.333504,11.900329,4.481141,7.419188,0.701003,0.05062199999999972,0.05007164285714286,-0.0005503571428568596
9.336561,11.853944,4.483826,7.370118,0.654618000000001,0.04793700000000012,0.046758428571428645,-0.0011785714285714732
9.339616,11.80716,4.487277,7.319883,0.6078340000000004,0.044486000000000026,0.043416714285714315,-0.0010692857142857101
9.342633,11.762087,4.491496,7.270591,0.5627610000000001,0.04026700000000005,0.04019721428571429,-6.978571428576524e-05
9.345514,11.71681,4.494564,7.222247,0.5174840000000014,0.037199000000000204,0.03696314285714296,-0.0002358571428572459
9.348888,11.671926,4.497632,7.174295,0.4725999999999999,0.03413099999999947,0.033757142857142854,-0.0003738571428566137
9.351485,11.627219,4.500316,7.126903,0.42789300000000097,0.031447,0.030563785714285783,-0.0008832142857142199
9.355088,11.575412,4.504918,7.070494,0.3760860000000008,0.026844999999999786,0.026863285714285774,1.8285714285987825e-05
9.358229,11.523687,4.507986,7.015701,0.32436100000000145,0.023776999999999937,0.02316864285714296,-0.0006083571428569766
9.361202,11.480531,4.510287,6.970244,0.2812049999999999,0.02147599999999983,0.020086071428571422,-0.0013899285714284067
9.364629,11.432461,4.515656,6.916806,0.23313500000000076,0.01610699999999987,0.016652500000000053,0.0005455000000001813
9.369008,11.375279,4.517573,6.857705,0.17595300000000158,0.014190000000000147,0.012568071428571541,-0.0016219285714286057
9.370825,11.337544,4.521408,6.816136,0.13821800000000017,0.01035499999999967,0.009872714285714299,-0.00048228571428537113
9.374286,11.288215,4.52601,6.762205,0.088889,0.005752999999999453,0.006349214285714285,0.0005962142857148323
9.377701,11.222929,4.529078,6.69385,0.023603000000001373,0.0026849999999996044,0.0016859285714286695,-0.0009990714285709348
9.380864,11.18491,4.533297,6.651613,-0.014415999999998874,-0.0015340000000003684,-0.0010297142857142053,0.0005042857142861631
9.384216,11.135632,4.535598,6.600035,-0.06369399999999992,-0.003835000000000477,-0.004549571428571423,-0.0007145714285709459
9.388396,11.068656,4.538666,6.52999,-0.1306699999999985,-0.0069030000000003255,-0.009333571428571321,-0.002430571428570996
9.3901,11.039876,4.542117,6.497759,-0.15944999999999965,-0.010354000000000418,-0.011389285714285689,-0.0010352857142852702
9.3937,10.991395,4.547103,6.444292,-0.20793099999999853,-0.015340000000000131,-0.01485221428571418,0.00048778571428595083
9.396425,10.946514,4.550554,6.39596,-0.2528119999999987,-0.018791000000000224,-0.018057999999999907,0.0007330000000003167
9.399534,10.898983,4.552855,6.346128,-0.3003429999999998,-0.021092000000000333,-0.021453071428571415,-0.0003610714285710824
9.402399,10.856961,4.555156,6.301805,-0.34236499999999914,-0.02339300000000044,-0.024454642857142796,-0.0010616428571423552
9.405242,10.815617,4.558607,6.25701,-0.38370899999999963,-0.026844000000000534,-0.027407785714285687,-0.0005637857142851525
9.408775,10.762114,4.562059,6.200055,-0.4372119999999988,-0.03029599999999988,-0.031229428571428488,-0.0009334285714286093
9.412029,10.715076,4.564743,6.150333,-0.4842499999999994,-0.03298000000000023,-0.03458928571428567,-0.0016092857142854383
9.415299,10.66555,4.567811,6.097739,-0.5337759999999996,-0.03604800000000008,-0.038126857142857115,-0.002078857142857035
9.418981,10.623214,4.572413,6.050801,-0.5761119999999984,-0.0406500000000003,-0.04115085714285703,-0.0005008571428567338
9.421219,10.578108,4.575098,6.003011,-0.6212179999999989,-0.0433349999999999,-0.04437271428571421,-0.0010377142857143085
9.425,10.523164,4.5797,5.943465,-0.6761619999999997,-0.04793700000000012,-0.048297285714285695,-0.000360285714285577
9.428409,10.474037,4.582768,5.89127,-0.7252890000000001,-0.05100499999999997,-0.05180635714285715,-0.00080135714285718
9.431298,10.426426,4.58737,5.839057,-0.7728999999999999,-0.055607000000000184,-0.05520714285714285,0.0003998571428573336
9.435401,10.365693,4.590438,5.775256,-0.833632999999999,-0.05867500000000003,-0.05954521428571421,-0.0008702142857141756
9.438882,10.320992,4.595806,5.725186,-0.8783339999999988,-0.06404299999999985,-0.06273814285714277,0.0013048571428570799
9.441829,10.268943,4.598491,5.670452,-0.9303829999999991,-0.06672800000000034,-0.0664559285714285,0.0002720714285718434
9.445274,10.215953,4.601559,5.614394,-0.9833729999999985,-0.06979600000000019,-0.07024092857142847,-0.0004449285714282769
9.448446,10.170305,4.60501,5.565295,-1.0290209999999984,-0.07324700000000028,-0.07350149999999989,-0.00025449999999960227
9.451161,10.126177,4.608462,5.517715,-1.073148999999999,-0.07669900000000052,-0.07665349999999993,4.550000000058674e-05
9.454565,10.07707,4.61153,5.465541,-1.1222559999999984,-0.07976700000000037,-0.08016114285714274,-0.00039414285714237107
9.458044,10.019834,4.614214,5.405619,-1.1794919999999998,-0.08245099999999983,-0.08424942857142856,-0.0017984285714287285
9.460736,9.986288,4.618433,5.367855,-1.2130379999999992,-0.0866699999999998,-0.08664557142857136,2.442857142843924e-05
9.464171,9.93716,4.620734,5.316426,-1.2621659999999988,-0.08897099999999991,-0.0901547142857142,-0.001183714285714288
9.467167,9.895609,4.623802,5.271807,-1.303716999999999,-0.09203900000000065,-0.09312264285714278,-0.0010836428571421308
9.470433,9.855048,4.62687,5.228178,-1.3442779999999992,-0.0951070000000005,-0.09601985714285709,-0.0009128571428565907
9.473424,9.811196,4.628787,5.182409,-1.3881299999999985,-0.09702400000000022,-0.09915214285714276,-0.002128142857142537
9.476285,9.770335,4.633389,5.136946,-1.428991,-0.10162600000000044,-0.10207078571428571,-0.0004447857142852729
9.479792,9.717178,4.636457,5.080721,-1.4821479999999987,-0.10469400000000029,-0.10586771428571419,-0.0011737142857139032
9.483044,9.671123,4.640675,5.030447,-1.5282029999999995,-0.10891200000000012,-0.10915735714285711,-0.00024535714285699173
9.48605,9.626613,4.642976,4.983636,-1.5727129999999985,-0.11121300000000023,-0.11233664285714275,-0.0011236428571425178
9.489564,9.581586,4.646044,4.935541,-1.6177399999999995,-0.11428100000000008,-0.11555285714285711,-0.001271857142857033
9.492491,9.538196,4.65103,4.887166,-1.66113,-0.11926700000000068,-0.11865214285714286,0.0006148571428578192
9.496174,9.484847,4.653331,4.831517,-1.714478999999999,-0.1215679999999999,-0.12246278571428564,-0.0008947857142857368
9.499847,9.430651,4.658316,4.772335,-1.768675,-0.12655300000000036,-0.12633392857142858,0.00021907142857177653
9.502889,9.386938,4.661001,4.725937,-1.8123879999999986,-0.12923799999999996,-0.1294562857142856,-0.00021828571428564314
9.50592,9.34632,4.663302,4.683019,-1.8530059999999988,-0.13153900000000007,-0.13235757142857135,-0.0008185714285712797
9.509368,9.300645,4.665986,4.634659,-1.8986809999999998,-0.13422300000000043,-0.1356200714285714,-0.001397071428570984
9.511913,9.266569,4.669054,4.597515,-1.9327569999999987,-0.13729100000000027,-0.13805407142857135,-0.0007630714285710716
9.514802,9.227666,4.671738,4.555927,-1.97166,-0.13997500000000063,-0.14083285714285715,-0.0008578571428565218
9.517881,9.179468,4.67519,4.504278,-2.0198579999999993,-0.14342699999999997,-0.14427557142857136,-0.000848571428571393
9.520979,9.145045,4.677491,4.467554,-2.0542809999999996,-0.14572800000000008,-0.14673435714285712,-0.001006357142857045
9.524523,9.102192,4.681709,4.420482,-2.0971339999999987,-0.1499459999999999,-0.14979528571428563,0.0001507142857142818
9.527665,9.051085,4.684394,4.366691,-2.1482409999999987,-0.1526310000000004,-0.15344578571428563,-0.0008147857142852266
9.530677,9.021714,4.686311,4.335403,-2.177612,-0.15454800000000013,-0.15554371428571429,-0.0009957142857141554
9.534046,8.97558,4.690146,4.285434,-2.2237459999999984,-0.1583830000000006,-0.1588389999999999,-0.0004559999999992903
9.538617,8.916445,4.693598,4.222847,-2.2828809999999997,-0.16183499999999995,-0.16306292857142854,-0.0012279285714285881
9.540045,8.890265,4.696282,4.193983,-2.309061,-0.1645190000000003,-0.16493292857142855,-0.0004139285714282459
9.543506,8.848893,4.698967,4.149926,-2.350432999999999,-0.1672039999999999,-0.16788807142857134,-0.0006840714285714367
9.54641,8.810676,4.701651,4.109025,-2.3886499999999984,-0.16988800000000026,-0.17061785714285702,-0.0007298571428567546
9.549901,8.770715,4.705486,4.065229,-2.428611,-0.17372299999999985,-0.1734722142857143,0.00025078571428555074
9.552772,8.730788,4.709321,4.021467,-2.468537999999999,-0.17755800000000033,-0.17632414285714276,0.001233857142857564
9.558678,8.656633,4.712005,3.944627,-2.542693,-0.18024200000000068,-0.18162092857142856,-0.0013789285714278787
9.560354,8.632398,4.71469,3.917708,-2.566927999999999,-0.18292700000000028,-0.18335199999999993,-0.0004249999999996479
9.563817,8.590984,4.718141,3.872842,-2.6083419999999986,-0.18637800000000038,-0.18631014285714276,6.785714285761912e-05
9.566686,8.55877,4.720442,3.838328,-2.6405559999999983,-0.18867900000000049,-0.18861114285714273,6.78571428577579e-05
9.5695,8.52303,4.723127,3.799903,-2.676295999999999,-0.1913640000000001,-0.19116399999999992,0.00020000000000017226
9.572377,8.489901,4.725428,3.764473,-2.7094249999999995,-0.1936650000000002,-0.1935303571428571,0.00013464285714309687
9.575386,8.457498,4.727729,3.729769,-2.741828,-0.1959660000000003,-0.19584485714285713,0.00012114285714318052
9.578607,8.419194,4.730797,3.688397,-2.780132,-0.19903400000000016,-0.19858085714285714,0.00045314285714301294
9.581406,8.382738,4.733481,3.649257,-2.8165879999999994,-0.2017180000000005,-0.2011848571428571,0.0005331428571433983
9.58458,8.344322,4.735399,3.608923,-2.855003999999999,-0.20363600000000037,-0.20392885714285708,-0.00029285714285670617
9.587624,8.301078,4.7377,3.563378,-2.898247999999999,-0.20593700000000048,-0.2070177142857142,-0.001080714285713713
9.590411,8.278144,4.741151,3.536993,-2.921182,-0.20938800000000057,-0.20865585714285714,0.0007321428571434307
9.59406,8.238605,4.743836,3.494769,-2.9607209999999995,-0.21207300000000018,-0.2114800714285714,0.0005929285714287857
9.598908,8.205137,4.74652,3.458617,-2.9941889999999987,-0.21475700000000053,-0.21387064285714277,0.0008863571428577577
9.599998,8.169345,4.748054,3.421291,-3.0299809999999994,-0.216291,-0.21642721428571424,-0.00013621428571422567
9.603385,8.131499,4.751889,3.37961,-3.0678269999999994,-0.2201260000000005,-0.21913049999999995,0.0009955000000005376
9.608595,8.09641,4.753806,3.342603,-3.1029159999999987,-0.2220430000000002,-0.22163685714285705,0.00040614285714316023
9.609937,8.059665,4.757258,3.302407,-3.1396609999999985,-0.22549500000000045,-0.2242614999999999,0.0012335000000005536
9.613219,8.023157,4.759175,3.263982,-3.176169,-0.22741200000000017,-0.22686921428571427,0.0005427857142858983
9.616311,7.991634,4.760709,3.230925,-3.207691999999999,-0.22894600000000054,-0.22912085714285707,-0.00017485714285653264
9.619418,7.957411,4.76301,3.194401,-3.2419149999999997,-0.23124700000000065,-0.23156535714285711,-0.000318357142856468
9.622385,7.923833,4.766462,3.157371,-3.275492999999999,-0.234699,-0.23396378571428564,0.0007352142857143529
9.628521,7.857996,4.76953,3.088467,-3.3413299999999992,-0.23776699999999984,-0.23866642857142853,-0.0008994285714286898
9.629755,7.845128,4.771831,3.073297,-3.3541979999999993,-0.24006799999999995,-0.23958557142857137,0.0004824285714285781
9.633258,7.810945,4.773748,3.037197,-3.388380999999999,-0.24198500000000056,-0.24202721428571422,-4.2214285713659816e-05
9.636332,7.78564,4.776049,3.009591,-3.4136859999999993,-0.24428600000000067,-0.24383471428571424,0.00045128571428643127
9.639405,7.757678,4.777583,2.980095,-3.441647999999999,-0.24582000000000015,-0.2458319999999999,-1.1999999999762201e-05
9.642754,7.730537,4.779501,2.951036,-3.4687889999999992,-0.247738,-0.24777064285714281,-3.2642857142800574e-05
9.645563,7.703368,4.781418,2.92195,-3.495957999999999,-0.24965500000000063,-0.24971128571428564,-5.628571428500928e-05
9.648863,7.675704,4.783336,2.892369,-3.5236219999999996,-0.2515730000000005,-0.25168728571428567,-0.00011428571428517831
9.651402,7.646562,4.78602,2.860542,-3.552763999999999,-0.25425699999999996,-0.2537688571428571,0.0004881428571428814
9.654927,7.612447,4.787554,2.824893,-3.586878999999999,-0.2557910000000003,-0.25620564285714276,-0.0004146428571424332
9.657919,7.578557,4.790239,2.788319,-3.6207689999999992,-0.25847599999999993,-0.2586263571428571,-0.0001503571428571604
9.660619,7.557415,4.791389,2.766026,-3.6419109999999995,-0.2596259999999999,-0.26013649999999994,-0.0005105000000000248
9.664204,7.528836,4.794073,2.734763,-3.670489999999999,-0.26231000000000027,-0.2621778571428571,0.00013214285714319152
9.669082,7.490329,4.795607,2.694721,-3.708996999999999,-0.26384400000000063,-0.26492835714285706,-0.0010843571428564291
9.670587,7.473733,4.798292,2.675441,-3.725592999999999,-0.26652900000000024,-0.2661137857142856,0.0004152142857146157
9.674163,7.445359,4.799826,2.645533,-3.7539669999999994,-0.2680630000000006,-0.26814049999999995,-7.749999999934198e-05
9.678322,7.408095,4.802127,2.605968,-3.791230999999999,-0.2703639999999998,-0.2708022142857142,-0.0004382142857143889
9.68002,7.39304,4.804811,2.588229,-3.806285999999999,-0.2730480000000002,-0.2718775714285714,0.0011704285714287943
9.683634,7.362777,4.806345,2.556431,-3.836548999999999,-0.27458200000000055,-0.2740392142857142,0.0005427857142863424
9.686728,7.337171,4.807879,2.529292,-3.8621549999999996,-0.27611600000000003,-0.27586821428571423,0.00024778571428579754
9.691185,7.314109,4.809413,2.504696,-3.885216999999999,-0.2776500000000004,-0.2775154999999999,0.00013450000000048146
9.692532,7.292002,4.812098,2.479905,-3.907323999999999,-0.280335,-0.27909457142857136,0.0012404285714286423
9.696382,7.26673,4.813248,2.453482,-3.9325959999999993,-0.281485,-0.28089971428571425,0.0005852857142857326
9.699952,7.242538,4.814782,2.427756,-3.9567879999999995,-0.28301900000000035,-0.28262771428571426,0.0003912857142860937
9.702871,7.221063,4.816316,2.404746,-3.978262999999999,-0.28455299999999983,-0.2841616428571428,0.0003913571428570406
9.705932,7.200437,4.81785,2.382587,-3.9988889999999992,-0.2860870000000002,-0.2856349285714285,0.0004520714285716765
9.709333,7.177249,4.818617,2.358632,-4.0220769999999995,-0.28685399999999994,-0.28729121428571425,-0.00043721428571430465
9.711938,7.158091,4.821685,2.336406,-4.0412349999999995,-0.2899220000000007,-0.2886596428571428,0.001262357142857884
9.715267,7.129989,4.822836,2.307154,-4.069336999999999,-0.2910729999999999,-0.2906669285714285,0.00040607142857140843
9.718887,7.106257,4.823986,2.282271,-4.093068999999999,-0.2922229999999999,-0.29236207142857135,-0.00013907142857144672
9.721467,7.086346,4.82552,2.260826,-4.112979999999999,-0.29375700000000027,-0.29378428571428566,-2.7285714285396612e-05
9.724549,7.06629,4.827054,2.239236,-4.133035999999999,-0.29529100000000064,-0.29521685714285706,7.41428571435776e-05
9.727873,7.043754,4.828588,2.215166,-4.155571999999999,-0.2968250000000001,-0.2968265714285714,-1.5714285712675746e-06
9.730952,7.03055,4.829355,2.201195,-4.168775999999999,-0.29759199999999986,-0.29776971428571425,-0.00017771428571439207
9.73427,7.01778,4.830889,2.186891,-4.181545999999999,-0.2991260000000002,-0.29868185714285705,0.0004441428571431705
9.738711,6.999778,4.831656,2.168122,-4.199547999999999,-0.29989299999999997,-0.2999677142857142,-7.471428571426131e-05
9.740568,6.989894,4.832423,2.157471,-4.209432,-0.3006600000000006,-0.30067371428571427,-1.3714285713672947e-05
9.744148,6.972546,4.833957,2.138589,-4.226779999999999,-0.3021940000000001,-0.30191285714285704,0.0002811428571430352
9.748504,6.949382,4.835107,2.114275,-4.249943999999999,-0.30334400000000006,-0.30356742857142854,-0.0002234285714284856
9.749909,6.940593,4.836258,2.104335,-4.258732999999999,-0.3044950000000002,-0.3041952142857142,0.00029978571428596057
9.753633,6.92027,4.837408,2.082862,-4.279055999999999,-0.30564500000000017,-0.30564685714285705,-1.857142856886984e-06
9.756621,6.901204,4.839709,2.061494,-4.298121999999999,-0.3079460000000003,-0.30700871428571425,0.0009372857142860291
9.759815,6.882416,4.840476,2.04194,-4.316909999999999,-0.308713,-0.3083507142857142,0.0003622857142858149
9.763157,6.86894,4.84086,2.02808,-4.330385999999999,-0.3090970000000004,-0.3093132857142856,-0.0002162857142852248
9.766039,6.854214,4.84201,2.012204,-4.345111999999999,-0.3102470000000004,-0.31036514285714284,-0.00011814285714245587
9.766039,6.854214,4.843544,2.01067,-4.345111999999999,-0.31178099999999986,-0.31036514285714284,0.0014158571428570244
9.773316,6.829629,4.844311,1.985318,-4.3696969999999995,-0.3125480000000005,-0.31212121428571427,0.00042678571428622636
9.775336,6.819719,4.844695,1.975024,-4.379606999999999,-0.312932,-0.31282907142857136,0.00010292857142862877
9.779333,6.804376,4.845845,1.958531,-4.394949999999999,-0.314082,-0.3139249999999999,0.00015700000000007375
9.781785,6.796105,4.846229,1.949876,-4.403220999999999,-0.31446600000000036,-0.3145157857142857,-4.978571428532197e-05
9.7846,6.785885,4.846612,1.939273,-4.413440999999999,-0.3148490000000006,-0.31524578571428563,-0.0003967857142850306
9.787688,6.779738,4.846996,1.932742,-4.419587999999999,-0.3152330000000001,-0.3156848571428571,-0.00045185714285700396
9.790582,6.775835,4.847763,1.928072,-4.423490999999999,-0.31599999999999984,-0.3159636428571428,3.635714285704639e-05
9.793934,6.767981,4.84853,1.919451,-4.431344999999999,-0.31676700000000046,-0.3165246428571428,0.00024235714285764098
9.798455,6.757717,4.848913,1.908804,-4.441608999999999,-0.3171499999999998,-0.31725778571428565,-0.00010778571428582406
9.800796,6.753962,4.84968,1.904281,-4.445364,-0.31791700000000045,-0.317526,0.0003910000000004743
9.807878,6.743463,4.850831,1.892633,-4.455862999999999,-0.3190680000000006,-0.3182759285714285,0.000792071428572072
9.807878,6.731403,4.851214,1.880189,-4.467922999999999,-0.31945099999999993,-0.31913735714285707,0.00031364285714285955
9.812,6.717977,4.851981,1.865995,-4.481348999999999,-0.32021800000000056,-0.32009635714285706,0.0001216428571435002
9.815196,6.707307,4.852365,1.854942,-4.492018999999999,-0.32060200000000005,-0.32085849999999994,-0.0002564999999998818
9.818267,6.703951,4.852748,1.851203,-4.495374999999999,-0.3209850000000003,-0.3210982142857142,-0.00011321428571392511
9.8211,6.699622,4.853132,1.84649,-4.4997039999999995,-0.3213689999999998,-0.3214074285714285,-3.842857142871692e-05
9.824648,6.694565,4.853515,1.84105,-4.504760999999999,-0.32175200000000004,-0.3217686428571428,-1.6642857142756817e-05
9.827982,6.69073,4.853899,1.836831,-4.508595999999999,-0.3221360000000004,-0.32204257142857134,9.342857142907723e-05
9.830923,6.688105,4.854282,1.833823,-4.511220999999999,-0.32251900000000067,-0.32223007142857135,0.0002889285714293144
9.834281,6.686912,4.854666,1.832246,-4.512413999999999,-0.32290300000000016,-0.32231528571428564,0.0005877142857145246
9.838309,6.686165,4.854666,1.8315,-4.513160999999999,-0.32290300000000016,-0.3223686428571428,0.0005343571428573779
9.84078,6.685163,4.854282,1.830881,-4.514162999999999,-0.32251900000000067,-0.32244021428571423,7.878571428643344e-05
9.844098,6.684744,4.853899,1.830845,-4.514581999999999,-0.3221360000000004,-0.32247014285714276,-0.0003341428571423388
9.848628,6.684115,4.854282,1.829832,-4.515210999999999,-0.32251900000000067,-0.32251507142857133,3.928571429334671e-06
9.850178,6.684321,4.853899,1.830423,-4.5150049999999995,-0.3221360000000004,-0.32250035714285713,-0.0003643571428567083
9.853539,6.684347,4.854282,1.830065,-4.514978999999999,-0.32251900000000067,-0.32249849999999997,2.0500000000700513e-05
9.858466,6.68435,4.854666,1.829684,-4.514975999999999,-0.32290300000000016,-0.3224982857142856,0.0004047142857145358
9.859884,6.684538,4.854282,1.830256,-4.514787999999999,-0.32251900000000067,-0.3224848571428571,3.414285714359311e-05
9.86297,6.685028,4.854282,1.830746,-4.514297999999999,-0.32251900000000067,-0.32244985714285707,6.914285714360036e-05
9.866092,6.685405,4.854282,1.831123,-4.513920999999999,-0.32251900000000067,-0.3224229285714285,9.607142857215312e-05
9.869567,6.685168,4.853899,1.83127,-4.514157999999999,-0.3221360000000004,-0.3224398571428571,-0.0003038571428566894
9.872199,6.685752,4.854282,1.83147,-4.513573999999999,-0.32251900000000067,-0.3223981428571428,0.00012085714285786642
9.875386,6.686649,4.854282,1.832367,-4.512676999999999,-0.32251900000000067,-0.32233407142857134,0.0001849285714293214
9.878598,6.687478,4.854282,1.833195,-4.511848,-0.32251900000000067,-0.32227485714285714,0.00024414285714352557
9.88122,6.687931,4.854282,1.833649,-4.511394999999999,-0.32251900000000067,-0.32224249999999993,0.0002765000000007345
9.884646,6.689137,4.853899,1.835238,-4.510189,-0.3221360000000004,-0.3221563571428571,-2.035714285669732e-05
9.887997,6.690606,4.853899,1.836708,-4.508719999999999,-0.3221360000000004,-0.32205142857142854,8.457142857187794e-05
9.891375,6.69253,4.853515,1.839015,-4.506796,-0.32175200000000004,-0.321914,-0.00016199999999993997
9.89437,6.694352,4.853899,1.840453,-4.504973999999999,-0.3221360000000004,-0.32178385714285707,0.000352142857143356
9.898462,6.697128,4.853515,1.843613,-4.502197999999999,-0.32175200000000004,-0.32158557142857136,0.0001664285714286784
9.900717,6.698953,4.853515,1.845437,-4.500372999999999,-0.32175200000000004,-0.3214552142857142,0.0002967857142858188
9.903632,6.701432,4.853899,1.847533,-4.497894,-0.3221360000000004,-0.32127814285714285,0.0008578571428575765
9.908563,6.705478,4.853132,1.852346,-4.493847999999999,-0.3213689999999998,-0.3209891428571428,0.00037985714285698746
9.910455,6.70708,4.853132,1.853948,-4.492245999999999,-0.3213689999999998,-0.3208747142857142,0.0004942857142856139
9.913207,6.711015,4.852365,1.85865,-4.4883109999999995,-0.32060200000000005,-0.3205936428571428,8.35714285724043e-06
9.916339,6.718396,4.851981,1.866415,-4.480929999999999,-0.32021800000000056,-0.3200664285714285,0.00015157142857208372
9.919848,6.726744,4.851214,1.87553,-4.472581999999999,-0.31945099999999993,-0.3194701428571428,-1.9142857142884218e-05
9.922436,6.731644,4.851214,1.88043,-4.467681999999999,-0.31945099999999993,-0.3191201428571428,0.00033085714285713275
9.925471,6.73422,4.850831,1.883389,-4.465106,-0.3190680000000006,-0.31893614285714283,0.00013185714285773864
9.928739,6.73705,4.850831,1.88622,-4.462275999999999,-0.3190680000000006,-0.31873399999999996,0.0003340000000006116
9.931385,6.739251,4.850447,1.888804,-4.460074999999999,-0.3186840000000002,-0.31857678571428566,0.00010721428571452973
9.934909,6.742681,4.850064,1.892617,-4.456644999999999,-0.31830099999999995,-0.31833178571428566,-3.07857142857193e-05
9.938358,6.747717,4.84968,1.898037,-4.4516089999999995,-0.31791700000000045,-0.31797207142857137,-5.5071428570918624e-05
9.940972,6.754245,4.849297,1.904949,-4.445080999999999,-0.3175340000000002,-0.31750578571428567,2.8214285714533993e-05
9.944431,6.761894,4.848913,1.91298,-4.437431999999999,-0.3171499999999998,-0.3169594285714285,0.0001905714285713178
9.947628,6.778143,4.848146,1.929997,-4.421182999999999,-0.3163830000000001,-0.31579878571428566,0.0005842142857144239
9.950301,6.786324,4.846612,1.939711,-4.413002,-0.3148490000000006,-0.31521442857142856,-0.0003654285714279615
9.953835,6.803743,4.845845,1.957898,-4.395582999999999,-0.314082,-0.31397021428571426,0.00011178571428571704
9.958446,6.822836,4.844695,1.978142,-4.3764899999999995,-0.312932,-0.31260642857142856,0.00032557142857142507
9.961031,6.832439,4.843928,1.988511,-4.366886999999999,-0.31216500000000025,-0.31192049999999993,0.0002445000000003139
9.963643,6.840452,4.843544,1.996907,-4.358873999999999,-0.31178099999999986,-0.3113481428571428,0.0004328571428570682
9.969546,6.851002,4.842394,2.008609,-4.348323999999999,-0.3106309999999999,-0.31059457142857133,3.6428571428548384e-05
9.970324,6.858079,4.84201,2.016069,-4.341246999999999,-0.3102470000000004,-0.3100890714285714,0.00015792857142898908
9.973708,6.868807,4.841243,2.027564,-4.330518999999999,-0.30948000000000064,-0.3093227857142856,0.00015721428571502383
9.978773,6.881388,4.840093,2.041295,-4.317937999999999,-0.30833000000000066,-0.30842414285714276,-9.41428571420988e-05
9.979804,6.892925,4.838942,2.053982,-4.306400999999999,-0.30717900000000053,-0.3076000714285714,-0.00042107142857084057
9.98343,6.910284,4.838175,2.072108,-4.289041999999999,-0.3064119999999999,-0.3063601428571428,5.185714285710352e-05
9.986733,6.927222,4.837408,2.089814,-4.272103999999999,-0.30564500000000017,-0.30515028571428565,0.0004947142857145148
9.989777,6.939018,4.835874,2.103144,-4.260307999999999,-0.3041109999999998,-0.30430771428571424,-0.00019671428571443883
9.992433,6.951823,4.835491,2.116332,-4.247502999999999,-0.30372800000000044,-0.30339307142857136,0.00033492857142908283
9.995537,6.965745,4.833957,2.131788,-4.233580999999999,-0.3021940000000001,-0.3023986428571428,-0.0002046428571427228
9.999106,6.984483,4.832806,2.151676,-4.214842999999999,-0.30104299999999995,-0.3010602142857142,-1.7214285714273192e-05
10.002046,7.004947,4.831272,2.173675,-4.194379,-0.29950900000000047,-0.2995985,-8.949999999952052e-05
10.005058,7.022928,4.829739,2.19319,-4.176397999999999,-0.29797600000000024,-0.2983141428571428,-0.00033814285714256487
10.008432,7.042742,4.829355,2.213387,-4.156584,-0.29759199999999986,-0.29689885714285713,0.0006931428571427256
10.011293,7.065291,4.827054,2.238237,-4.134034999999999,-0.29529100000000064,-0.2952882142857142,2.7857142864129436e-06
10.014602,7.088199,4.82552,2.262679,-4.111126999999999,-0.29375700000000027,-0.29365192857142847,0.0001050714285718013
10.018045,7.111551,4.823603,2.287949,-4.087774999999999,-0.29184000000000054,-0.29198392857142846,-0.00014392857142792037
10.021586,7.129467,4.822452,2.307015,-4.069858999999999,-0.2906890000000004,-0.29070421428571425,-1.5214285713827103e-05
10.024801,7.14855,4.821302,2.327248,-4.050775999999999,-0.28953900000000043,-0.2893411428571428,0.0001978571428576381
10.027898,7.169496,4.820918,2.348578,-4.02983,-0.28915500000000005,-0.28784499999999996,0.0013100000000000889
10.030715,7.182122,4.818617,2.363505,-4.0172039999999996,-0.28685399999999994,-0.28694314285714284,-8.914285714289871e-05
10.034094,7.20247,4.81785,2.38462,-3.9968559999999993,-0.2860870000000002,-0.28548971428571424,0.0005972857142859667
10.038658,7.23026,4.815933,2.414328,-3.969065999999999,-0.2841700000000005,-0.2835047142857142,0.0006652857142862567
10.039983,7.244398,4.814782,2.429616,-3.954927999999999,-0.28301900000000035,-0.28249485714285705,0.000524142857143306
10.043664,7.270615,4.812481,2.458134,-3.928710999999999,-0.28071800000000025,-0.2806222142857142,9.578571428603411e-05
10.046399,7.294282,4.81018,2.484102,-3.9050439999999993,-0.27841700000000014,-0.2789317142857142,-0.0005147142857140907
10.049627,7.320836,4.808646,2.51219,-3.8784899999999993,-0.27688300000000066,-0.277035,-0.00015199999999931935
10.052581,7.347879,4.806729,2.54115,-3.8514469999999994,-0.27496600000000004,-0.2751033571428571,-0.00013735714285706413
10.055771,7.374719,4.805578,2.569141,-3.8246069999999994,-0.2738149999999999,-0.27318621428571427,0.0006287857142856512
10.058811,7.401284,4.80251,2.598774,-3.798041999999999,-0.27074700000000007,-0.2712887142857142,-0.0005417142857141455
10.061703,7.423849,4.800593,2.623256,-3.7754769999999995,-0.26883000000000035,-0.26967692857142855,-0.0008469285714282071
10.065112,7.449776,4.799442,2.650334,-3.7495499999999993,-0.2676790000000002,-0.2678249999999999,-0.00014599999999970192
10.068974,7.475156,4.797908,2.677247,-3.724169999999999,-0.26614499999999985,-0.2660121428571428,0.00013285714285704575
10.071619,7.498345,4.795991,2.702354,-3.7009809999999996,-0.26422800000000013,-0.2643557857142857,-0.0001277857142855665
10.074955,7.525701,4.794073,2.731627,-3.6736249999999995,-0.26231000000000027,-0.2624017857142857,-9.178571428541948e-05
10.077955,7.557823,4.791772,2.76605,-3.6415029999999993,-0.26000900000000016,-0.2601073571428571,-9.835714285694186e-05
10.081223,7.580299,4.790239,2.79006,-3.619026999999999,-0.25847599999999993,-0.2585019285714285,-2.5928571428579517e-05
10.085026,7.621101,4.787554,2.833547,-3.578224999999999,-0.2557910000000003,-0.2555874999999999,0.00020350000000041168
10.088022,7.656452,4.78487,2.871583,-3.5428739999999994,-0.25310699999999997,-0.2530624285714285,4.4571428571449356e-05
10.09096,7.682349,4.782952,2.899397,-3.516976999999999,-0.2511890000000001,-0.2512126428571428,-2.364285714268055e-05
10.094461,7.716227,4.781035,2.935192,-3.4830989999999993,-0.24927200000000038,-0.24879278571428567,0.0004792142857147075
10.099729,7.742542,4.778734,2.963808,-3.456783999999999,-0.24697100000000027,-0.24691314285714278,5.78571428574981e-05
10.100817,7.770914,4.776049,2.994865,-3.428411999999999,-0.24428600000000067,-0.24488657142857134,-0.0006005714285706731
10.10458,7.812482,4.773748,3.038734,-3.386843999999999,-0.24198500000000056,-0.2419174285714285,6.757142857205523e-05
10.107916,7.850108,4.771447,3.07866,-3.3492179999999996,-0.23968400000000045,-0.2392298571428571,0.000454142857143347
10.11089,7.877647,4.768763,3.108885,-3.3216789999999996,-0.2370000000000001,-0.2372627857142857,-0.0002627857142855905
10.114303,7.91265,4.767229,3.145422,-3.286675999999999,-0.23546600000000062,-0.23476257142857135,0.000703428571429271
10.118416,7.95631,4.764928,3.191382,-3.243015999999999,-0.2331650000000005,-0.23164399999999993,0.0015210000000005774
10.120221,7.976131,4.762243,3.213887,-3.2231949999999996,-0.23048000000000002,-0.23022821428571424,0.0002517857142857738
10.124091,8.01243,4.760326,3.252104,-3.186895999999999,-0.2285630000000003,-0.22763542857142852,0.0009275714285717773
10.128422,8.055017,4.758025,3.296992,-3.144309,-0.22626200000000019,-0.22459349999999997,0.0016685000000002115
10.130021,8.074237,4.754957,3.31928,-3.125088999999999,-0.22319400000000034,-0.2232206428571428,-2.6642857142461507e-05
10.133943,8.112753,4.752656,3.360097,-3.0865729999999996,-0.22089300000000023,-0.22046949999999996,0.0004235000000002709
10.138747,8.165481,4.749205,3.416276,-3.0338449999999995,-0.21744200000000014,-0.21670321428571424,0.0007387857142859
10.141237,8.194483,4.74537,3.449114,-3.0048429999999993,-0.21360700000000055,-0.2146316428571428,-0.001024642857142266
10.14472,8.238424,4.743069,3.495355,-2.960901999999999,-0.21130600000000044,-0.21149299999999993,-0.00018699999999949313
10.14851,8.27742,4.739617,3.537803,-2.921906,-0.2078540000000002,-0.2087075714285714,-0.0008535714285712037
10.151288,8.313546,4.7377,3.575846,-2.8857799999999987,-0.20593700000000048,-0.20612714285714276,-0.00019014285714227808
10.154454,8.349832,4.735782,3.61405,-2.849494,-0.20401900000000062,-0.20353528571428572,0.0004837142857148924
10.157514,8.396483,4.733098,3.663385,-2.8028429999999993,-0.20133500000000026,-0.20020307142857138,0.0011319285714288807
10.160258,8.419672,4.73118,3.688491,-2.779653999999999,-0.1994170000000004,-0.19854671428571422,0.0008702857142861842
10.163694,8.460604,4.726962,3.733643,-2.738721999999999,-0.19519900000000057,-0.19562299999999994,-0.0004239999999993693
10.166855,8.496752,4.724277,3.772474,-2.7025739999999985,-0.19251400000000007,-0.19304099999999988,-0.0005269999999998054
10.170876,8.539008,4.721209,3.817799,-2.6603179999999984,-0.18944600000000023,-0.19002271428571418,-0.0005767142857139584
10.173569,8.578103,4.718908,3.859195,-2.6212229999999987,-0.18714500000000012,-0.1872302142857142,-8.52142857140914e-05
10.17671,8.615803,4.716607,3.899196,-2.5835229999999996,-0.184844,-0.1845373571428571,0.00030664285714290807
10.179788,8.655673,4.713923,3.94175,-2.543652999999999,-0.18216000000000054,-0.18168949999999992,0.0004705000000006232
10.182633,8.691859,4.711622,3.980237,-2.507467,-0.17985900000000044,-0.17910478571428573,0.000754214285714705
10.185663,8.729745,4.707404,4.022341,-2.469581,-0.1756410000000006,-0.17639864285714285,-0.0007576428571422489
10.189667,8.778577,4.706253,4.072324,-2.420748999999999,-0.17449000000000048,-0.17291064285714278,0.0015793571428577013
10.192457,8.813958,4.702035,4.111924,-2.3853679999999997,-0.17027200000000065,-0.17038342857142855,-0.00011142857142790175
10.195973,8.857048,4.69935,4.157698,-2.3422779999999985,-0.16758700000000015,-0.16730557142857133,0.00028142857142882116
10.199362,8.899781,4.696282,4.203499,-2.2995449999999984,-0.1645190000000003,-0.16425321428571418,0.00026578571428612086
10.202059,8.936172,4.693598,4.242574,-2.263154,-0.16183499999999995,-0.16165385714285715,0.00018114285714279643
10.204985,8.975617,4.691297,4.284321,-2.2237089999999995,-0.15953399999999984,-0.1588363571428571,0.000697642857142744
10.207955,9.020496,4.687078,4.333418,-2.1788299999999996,-0.15531499999999987,-0.15563071428571426,-0.0003157142857143913
10.210781,9.050193,4.684777,4.365416,-2.149132999999999,-0.15301400000000065,-0.15350949999999994,-0.0004954999999992882
10.21481,9.102354,4.680559,4.421795,-2.096971999999999,-0.14879599999999993,-0.14978371428571421,-0.0009877142857142862
10.218081,9.153409,4.677874,4.475534,-2.0459169999999993,-0.14611100000000032,-0.14613692857142851,-2.592857142819094e-05
10.221042,9.190984,4.673656,4.517328,-2.008341999999999,-0.1418930000000005,-0.14345299999999991,-0.001559999999999423
10.224857,9.243202,4.670971,4.57223,-1.956123999999999,-0.139208,-0.1397231428571428,-0.0005151428571427974
10.228118,9.293483,4.666753,4.626729,-1.905842999999999,-0.13499000000000017,-0.1361316428571428,-0.001141642857142633
10.231729,9.337214,4.664069,4.673146,-1.8621119999999998,-0.1323059999999998,-0.133008,-0.0007020000000001747
10.235386,9.38609,4.660234,4.725856,-1.8132359999999998,-0.12847100000000022,-0.12951685714285713,-0.0010458571428569041
10.238963,9.433252,4.657549,4.775703,-1.7660739999999997,-0.12578600000000062,-0.12614814285714285,-0.00036214285714222805
10.241746,9.474096,4.653714,4.820382,-1.7252299999999998,-0.12195100000000014,-0.12323071428571428,-0.0012797142857141341
10.245766,9.530653,4.650263,4.880391,-1.668673,-0.11850000000000005,-0.11919092857142857,-0.0006909285714285229
10.249518,9.58034,4.646428,4.933912,-1.6189859999999996,-0.11466500000000046,-0.11564185714285712,-0.0009768571428566547
10.252373,9.619877,4.641826,4.978051,-1.5794489999999985,-0.11006300000000024,-0.1128177857142856,-0.0027547857142853627
10.256715,9.681213,4.639525,5.041689,-1.5181129999999996,-0.10776200000000014,-0.10843664285714283,-0.0006746428571426932
10.259881,9.726592,4.63684,5.089751,-1.472733999999999,-0.10507700000000053,-0.10519528571428564,-0.00011828571428511292
10.262793,9.769951,4.633772,5.136178,-1.4293749999999985,-0.1020089999999998,-0.10209821428571418,-8.921428571438683e-05
10.265631,9.810358,4.629554,5.180804,-1.3889679999999984,-0.09779099999999996,-0.09921199999999988,-0.0014209999999999223
10.270172,9.856007,4.626486,5.229521,-1.3433189999999993,-0.09472300000000011,-0.09595135714285709,-0.0012283571428569756
10.27158,9.896609,4.623802,5.272807,-1.3027169999999995,-0.09203900000000065,-0.09305121428571425,-0.001012214285713603
10.275207,9.946794,4.621117,5.325676,-1.2525319999999986,-0.08935400000000016,-0.08946657142857133,-0.00011257142857117042
10.278404,9.989487,4.616515,5.372971,-1.2098389999999988,-0.08475199999999994,-0.08641707142857134,-0.0016650714285714047
10.281301,10.038071,4.613831,5.42424,-1.1612549999999988,-0.08206800000000047,-0.08294678571428563,-0.0008787857142851518
10.284785,10.088909,4.610379,5.47853,-1.110417,-0.07861600000000024,-0.0793155,-0.0006994999999997559
10.287854,10.1432,4.606161,5.537039,-1.056125999999999,-0.07439800000000041,-0.07543757142857135,-0.0010395714285709456
10.290899,10.177491,4.603476,5.574014,-1.0218349999999994,-0.07171299999999992,-0.07298821428571424,-0.001275214285714324
10.29426,10.225083,4.600792,5.624291,-0.9742429999999995,-0.06902900000000045,-0.06958878571428569,-0.0005597857142852353
10.298314,10.286909,4.59619,5.690719,-0.9124169999999996,-0.06442700000000023,-0.06517264285714283,-0.0007456428571425977
10.299869,10.314429,4.593505,5.720924,-0.8848969999999987,-0.06174200000000063,-0.06320692857142848,-0.0014649285714278537
10.303472,10.358858,4.590821,5.768037,-0.8404679999999995,-0.05905800000000028,-0.060033428571428536,-0.0009754285714282593
10.306705,10.402854,4.587753,5.815101,-0.7964719999999996,-0.05599000000000043,-0.05689085714285712,-0.0009008571428566897
10.309628,10.446818,4.584685,5.862133,-0.7525079999999988,-0.05292200000000058,-0.05375057142857135,-0.0008285714285707693
10.312633,10.492811,4.580083,5.912727,-0.7065149999999996,-0.04832000000000036,-0.05046535714285711,-0.0021453571428567478
10.315963,10.543298,4.577015,5.966283,-0.6560279999999992,-0.045252000000000514,-0.0468591428571428,-0.0016071428571422866
10.319386,10.596284,4.574331,6.021953,-0.6030419999999985,-0.04256800000000016,-0.043074428571428465,-0.0005064285714283037
10.322247,10.638951,4.570496,6.068455,-0.5603749999999987,-0.03873300000000057,-0.040026785714285626,-0.0012937857142850534
10.325599,10.689906,4.567044,6.122862,-0.5094199999999987,-0.03528100000000034,-0.036387142857142764,-0.001106142857142424
10.329413,10.745935,4.562059,6.183877,-0.4533909999999999,-0.03029599999999988,-0.03238507142857142,-0.002089071428571544
10.331917,10.787264,4.558607,6.228656,-0.4120619999999988,-0.026844000000000534,-0.029432999999999914,-0.00258899999999938
10.335339,10.839225,4.555539,6.283686,-0.36010099999999845,-0.023775999999999797,-0.02572149999999989,-0.001945500000000093
10.338933,10.886188,4.553238,6.33295,-0.3131379999999986,-0.021475000000000577,-0.022366999999999897,-0.0008919999999993204
10.341713,10.933337,4.54902,6.384317,-0.26598899999999936,-0.017256999999999856,-0.01899921428571424,-0.001742214285714385
10.345376,10.991049,4.546719,6.44433,-0.20827699999999894,-0.014956000000000635,-0.014876928571428496,7.907142857213958e-05
10.348598,11.034982,4.542884,6.492098,-0.16434399999999982,-0.011121000000000159,-0.01173885714285713,-0.0006178571428569722
10.351261,11.080009,4.538666,6.541343,-0.11931699999999879,-0.0069030000000003255,-0.00852264285714277,-0.0016196428571424448
10.354638,11.128398,4.535598,6.592801,-0.07092799999999855,-0.003835000000000477,-0.005066285714285611,-0.001231285714285134
10.357713,11.184889,4.53253,6.652359,-0.014436999999999145,-0.0007670000000006283,-0.0010312142857142245,-0.00026421428571359626
10.360577,11.219284,4.527928,6.691356,0.01995800000000081,0.0038349999999995887,0.0014255714285714863,-0.0024094285714281027
10.364002,11.268681,4.52486,6.743821,0.06935500000000161,0.006902999999999437,0.004953928571428686,-0.001949071428570751
10.367066,11.3152,4.521792,6.793408,0.11587400000000159,0.009971000000000174,0.0082767142857144,-0.0016942857142857749
10.370539,11.367983,4.517573,6.85041,0.1686570000000014,0.014190000000000147,0.01204692857142867,-0.0021430714285714768
10.373914,11.423652,4.514122,6.90953,0.22432600000000136,0.01764099999999935,0.016023285714285813,-0.001617714285713539
10.378748,11.468457,4.510671,6.957786,0.26913100000000156,0.021091999999999445,0.01922364285714297,-0.0018683571428564742
10.380017,11.519249,4.506452,7.012797,0.31992300000000107,0.025310999999999417,0.022851642857142935,-0.0024593571428564824
10.383785,11.570121,4.503384,7.066737,0.3707950000000011,0.028379000000000154,0.02648535714285722,-0.001893642857142934
10.386434,11.618826,4.499549,7.119277,0.4195000000000011,0.03221399999999974,0.029964285714285794,-0.002249714285713949
10.389773,11.666761,4.497248,7.169513,0.46743500000000004,0.03451499999999985,0.03338821428571429,-0.0011267857142855595
10.392266,11.706792,4.494564,7.212229,0.5074660000000009,0.037199000000000204,0.03624757142857149,-0.0009514285714287141
10.395337,11.750464,4.491879,7.258584,0.5511379999999999,0.03988399999999981,0.03936699999999999,-0.0005169999999998162
10.398673,11.795412,4.487277,7.308135,0.5960860000000014,0.044486000000000026,0.042577571428571534,-0.0019084285714284915
10.401227,11.840515,4.483826,7.356689,0.6411890000000007,0.04793700000000012,0.04579921428571433,-0.0021377857142857865
10.404757,11.891403,4.481525,7.409878,0.6920770000000012,0.05023799999999934,0.049434071428571515,-0.0008039285714278241
10.407665,11.945968,4.476923,7.469045,0.7466420000000014,0.054839999999999556,0.05333157142857153,-0.001508428571428029
10.411077,11.977362,4.473855,7.503507,0.7780360000000002,0.057907999999999404,0.05557400000000001,-0.002333999999999392
10.414163,12.032267,4.470404,7.561863,0.8329409999999999,0.0613589999999995,0.05949578571428571,-0.0018632142857137879
10.41859,12.096484,4.467719,7.628765,0.897158000000001,0.06404399999999999,0.06408271428571435,3.871428571436408e-05
10.419925,12.123467,4.463117,7.66035,0.9241410000000005,0.0686460000000002,0.06601007142857147,-0.0026359285714287334
10.423376,12.170695,4.460049,7.710646,0.971369000000001,0.07171400000000006,0.06938350000000007,-0.0023304999999999854
10.426528,12.216604,4.456598,7.760007,1.017278000000001,0.07516500000000015,0.07266271428571436,-0.00250228571428579
10.429832,12.266536,4.453913,7.812623,1.067210000000001,0.07784999999999975,0.07622928571428579,-0.0016207142857139617
10.432717,12.310777,4.448928,7.861849,1.1114510000000006,0.08283499999999933,0.07938935714285719,-0.003445642857142134
10.435751,12.35731,4.446243,7.911066,1.1579840000000008,0.08551999999999982,0.08271314285714292,-0.002806857142856903
10.43887,12.406334,4.442792,7.963542,1.207008,0.08897099999999991,0.08621485714285715,-0.0027561428571427626
10.441634,12.445878,4.440491,8.005387,1.2465520000000012,0.09127200000000002,0.08903942857142866,-0.0022325714285713616
10.444906,12.494298,4.437423,8.056875,1.2949720000000013,0.09433999999999987,0.0924980000000001,-0.0018419999999997744
10.447875,12.54492,4.434738,8.110182,1.3455940000000002,0.09702499999999947,0.09611385714285715,-0.0009111428571423191
10.450575,12.57618,4.430137,8.146043,1.3768540000000016,0.10162599999999955,0.0983467142857144,-0.0032792857142851517
10.453519,12.62067,4.427069,8.193601,1.4213440000000013,0.1046939999999994,0.10152457142857152,-0.003169428571427879
10.456592,12.663591,4.424384,8.239207,1.464265000000001,0.10737899999999989,0.10459035714285722,-0.0027886428571426702
10.459847,12.710061,4.421316,8.288745,1.5107350000000004,0.11044699999999974,0.10790964285714288,-0.0025373571428568553
10.462843,12.75319,4.418632,8.334558,1.5538640000000008,0.11313100000000009,0.11099028571428578,-0.002140714285714315
10.465853,12.797064,4.414413,8.382651,1.5977380000000014,0.11735000000000007,0.11412414285714297,-0.0032258571428571
10.469216,12.844944,4.411345,8.433599,1.6456180000000007,0.12041799999999991,0.1175441428571429,-0.0028738571428570114
10.472166,12.890646,4.408277,8.482368,1.691320000000001,0.12348599999999976,0.1208085714285715,-0.0026774285714282614
10.475613,12.93984,4.403675,8.536164,1.740514000000001,0.12808799999999998,0.12432242857142864,-0.0037655714285713404
10.478789,12.986112,4.400991,8.585121,1.786786000000001,0.13077199999999944,0.1276275714285715,-0.0031444285714279374
10.481682,13.023927,4.397539,8.626387,1.8246010000000012,0.13422399999999968,0.13032864285714293,-0.0038953571428567424
10.484895,13.069981,4.395238,8.674742,1.870655000000001,0.13652499999999979,0.13361821428571435,-0.0029067857142854314
10.487889,13.120171,4.390637,8.729534,1.920845,0.14112599999999986,0.13720321428571428,-0.003922785714285587
10.490921,13.155659,4.388336,8.767323,1.9563330000000008,0.14342699999999997,0.13973807142857148,-0.003688928571428496
10.494639,13.206283,4.385651,8.820632,2.0069570000000017,0.14611199999999958,0.14335407142857154,-0.0027579285714280366
10.497527,13.2593,4.382583,8.876717,2.0599740000000004,0.14917999999999942,0.14714100000000002,-0.0020389999999994024
10.501668,13.286787,4.377214,8.909573,2.087461000000001,0.15454899999999938,0.14910435714285722,-0.005444642857142162
10.505863,13.361404,4.373379,8.988025,2.162078000000001,0.15838399999999986,0.15443414285714294,-0.003949857142856922
10.509497,13.411264,4.370695,9.04057,2.211938,0.16106799999999932,0.15799557142857143,-0.003072428571427893
10.512265,13.452652,4.368777,9.083875,2.2533260000000013,0.16298600000000008,0.16095185714285723,-0.0020341428571428455
10.515562,13.494961,4.364559,9.130402,2.2956350000000008,0.1672039999999999,0.16397392857142862,-0.0032300714285712906
10.520263,13.535114,4.361874,9.17324,2.335788000000001,0.1698889999999995,0.16684200000000007,-0.003046999999999439
10.52221,13.586651,4.357656,9.228995,2.3873250000000006,0.17410699999999935,0.17052321428571432,-0.003583785714285026
10.526068,13.637862,4.355355,9.282507,2.438536000000001,0.17640799999999945,0.17418114285714292,-0.002226857142856531
10.529601,13.681587,4.35267,9.328916,2.482261000000001,0.17909299999999995,0.17730435714285722,-0.0017886428571427249
10.531885,13.714663,4.348452,9.366211,2.5153370000000006,0.18331099999999978,0.1796669285714286,-0.0036440714285711773
10.535272,13.757628,4.346151,9.411477,2.558302000000001,0.1856119999999999,0.18273585714285723,-0.0028761428571426606
10.538455,13.79514,4.343467,9.451674,2.5958140000000007,0.18829599999999935,0.18541528571428575,-0.002880714285713598
10.541178,13.832132,4.339632,9.492501,2.6328060000000004,0.19213099999999983,0.18805757142857146,-0.004073428571428367
10.544522,13.875554,4.337331,9.538224,2.676228,0.19443199999999994,0.19115914285714286,-0.0032728571428570774
10.548528,13.925687,4.33503,9.590658,2.7263610000000007,0.19673300000000005,0.19474007142857147,-0.001992928571428576
10.551141,13.957374,4.330811,9.626562,2.7580480000000005,0.20095200000000002,0.1970034285714286,-0.003948571428571412
10.555185,14.007952,4.328894,9.679058,2.8086260000000003,0.20286899999999974,0.20061614285714288,-0.0022528571428568622
10.5584,14.04843,4.326593,9.721837,2.8491040000000005,0.20516999999999985,0.20350742857142862,-0.0016625714285712356
10.561068,14.082824,4.322758,9.760067,2.8834980000000012,0.20900499999999944,0.20596414285714296,-0.0030408571428564846
10.56427,14.123562,4.320457,9.803105,2.9242360000000005,0.21130599999999955,0.20887400000000003,-0.002431999999999518
10.569264,14.174821,4.317005,9.857816,2.9754950000000004,0.21475799999999978,0.21253535714285718,-0.002222642857142604
10.570917,14.200676,4.314321,9.886355,3.0013500000000004,0.21744200000000014,0.21438214285714288,-0.003059857142857253
10.574679,14.24933,4.311636,9.937694,3.0500040000000013,0.22012699999999974,0.21785742857142867,-0.0022695714285710655
10.577802,14.295305,4.308952,9.986353,3.0959790000000016,0.2228110000000001,0.22114135714285726,-0.001669642857142828
10.580626,14.320362,4.306268,10.014095,3.121036,0.22549499999999956,0.22293114285714286,-0.0025638571428567014
10.584086,14.35917,4.304734,10.054437,3.1598440000000014,0.22702899999999993,0.22570314285714296,-0.001325857142856962
10.588936,14.392584,4.302049,10.090535,3.193258,0.22971399999999953,0.22808985714285715,-0.00162414285714238
10.58998,14.431852,4.298981,10.13287,3.232526,0.23278199999999938,0.2308947142857143,-0.0018872857142850918
10.593352,14.467445,4.29668,10.170765,3.2681190000000004,0.2350829999999995,0.23343707142857145,-0.0016459285714280347
10.596288,14.500608,4.293612,10.206996,3.3012820000000005,0.23815099999999934,0.23580585714285718,-0.0023451428571421573
10.599531,14.536018,4.292078,10.24394,3.336692000000001,0.2396849999999997,0.23833514285714294,-0.001349857142856764
10.602273,14.566121,4.288627,10.277495,3.3667950000000015,0.2431359999999998,0.24048535714285726,-0.0026506428571425322
10.605389,14.599798,4.286709,10.313089,3.4004720000000006,0.24505399999999966,0.24289085714285719,-0.002163142857142475
10.608853,14.639222,4.284792,10.35443,3.439896000000001,0.24697099999999939,0.2457068571428572,-0.0012641428571421864
10.611582,14.667174,4.282874,10.384299,3.467848,0.24888900000000014,0.24770342857142857,-0.0011855714285715635
10.614787,14.704159,4.28019,10.423969,3.5048330000000014,0.2515729999999996,0.2503452142857144,-0.0012277857142852233
10.617896,14.742478,4.276738,10.46574,3.543152000000001,0.25502499999999984,0.25308228571428576,-0.0019427142857140756
10.620621,14.766154,4.275204,10.49095,3.566828000000001,0.2565590000000002,0.25477342857142865,-0.001785571428571553
10.624161,14.799902,4.273287,10.526615,3.600576,0.25847599999999993,0.257184,-0.0012919999999999043
10.628419,14.840932,4.270603,10.570329,3.6416060000000012,0.2611599999999994,0.26011471428571437,-0.001045285714285027
10.630245,14.860181,4.268302,10.59188,3.6608550000000015,0.2634609999999995,0.261489642857143,-0.0019713571428565113
10.633902,14.895445,4.266768,10.628677,3.6961190000000013,0.26499499999999987,0.2640085000000001,-0.0009864999999997792
10.638905,14.925242,4.2637,10.661542,3.7259160000000016,0.2680629999999997,0.26613685714285723,-0.0019261428571424877
10.640016,14.959444,4.261782,10.697661,3.7601180000000003,0.2699809999999996,0.26857985714285715,-0.0014011428571424345
10.643395,14.992617,4.258714,10.733903,3.793291,0.27304899999999943,0.2709493571428571,-0.0020996428571423142
10.646441,15.024515,4.257947,10.766568,3.825189,0.27381600000000006,0.2732277857142857,-0.0005882142857143724
10.649451,15.053103,4.25603,10.797074,3.853777000000001,0.2757329999999998,0.2752697857142858,-0.0004632142857139976
10.652309,15.078823,4.252962,10.825861,3.8794970000000006,0.27880099999999963,0.2771069285714286,-0.0016940714285710312
10.655207,15.102979,4.251811,10.851167,3.9036530000000003,0.27995199999999976,0.27883235714285715,-0.001119642857142611
10.658927,15.134216,4.24951,10.884705,3.934890000000001,0.28225299999999987,0.2810635714285715,-0.0011894285714283415
10.66177,15.1608,4.247593,10.913207,3.961474000000001,0.2841699999999996,0.2829624285714286,-0.0012075714285709749
10.664858,15.18684,4.245675,10.941164,3.987514000000001,0.28608799999999945,0.28482242857142864,-0.0012655714285708108
10.668504,15.21842,4.243374,10.975045,4.019094000000001,0.28838899999999956,0.2870781428571429,-0.0013108571428566695
10.671495,15.243799,4.241457,11.002342,4.044473,0.2903060000000002,0.28889092857142856,-0.0014150714285716126
10.674619,15.273212,4.239156,11.034056,4.073886,0.2926069999999994,0.29099185714285714,-0.00161514285714226
10.677605,15.30549,4.238005,11.067484,4.1061640000000015,0.2937579999999995,0.29329742857142865,-0.0004605714285708662
10.680349,15.321103,4.236471,11.084632,4.121777000000002,0.2952919999999999,0.29441264285714297,-0.000879357142856918
10.683745,15.344676,4.23417,11.110506,4.1453500000000005,0.297593,0.2960964285714286,-0.0014965714285714027
10.68687,15.368581,4.232636,11.135944,4.1692550000000015,0.2991269999999995,0.2978039285714287,-0.001323071428570799
10.689789,15.391562,4.231486,11.160076,4.192236000000001,0.30027699999999946,0.29944542857142864,-0.0008315714285708209
10.693095,15.414793,4.230336,11.184458,4.215467,0.30142699999999945,0.3011047857142857,-0.0003222142857137178
10.696143,15.438444,4.227651,11.210793,4.239118000000001,0.30411199999999994,0.30279414285714296,-0.0013178571428569819
10.699586,15.466824,4.226117,11.240707,4.267498000000002,0.3056459999999994,0.30482128571428585,-0.0008247142857135681
10.703026,15.493907,4.224583,11.269324,4.294581000000001,0.3071799999999998,0.3067557857142858,-0.00042421428571398634
10.70597,15.514631,4.222666,11.291965,4.315305,0.3090969999999995,0.30823607142857146,-0.0008609285714280546
10.708873,15.533447,4.220748,11.312699,4.3341210000000014,0.3110149999999994,0.3095800714285715,-0.0014349285714278515
10.711894,15.551217,4.219598,11.331619,4.351891,0.31216499999999936,0.31084935714285716,-0.0013156428571421963
10.71525,15.571117,4.218831,11.352286,4.371791,0.312932,0.31227078571428574,-0.0006612142857142511
10.718647,15.590361,4.217297,11.373064,4.3910350000000005,0.31446599999999947,0.3136453571428572,-0.0008206428571422841
10.721183,15.603501,4.215379,11.388122,4.404175,0.31638399999999933,0.3145839285714286,-0.0018000714285707486
10.724782,15.622767,4.213845,11.408922,4.423441,0.3179179999999997,0.31596007142857147,-0.0019579285714282357
10.728289,15.644171,4.213078,11.431093,4.444845000000001,0.31868499999999944,0.31748892857142863,-0.0011960714285708107
10.731471,15.665744,4.212311,11.453433,4.466418000000001,0.31945200000000007,0.3190298571428572,-0.0004221428571428709
10.734249,15.681244,4.210394,11.470851,4.481918,0.3213689999999998,0.320137,-0.0012319999999997888
10.738305,15.71014,4.208476,11.501664,4.510814000000002,0.32328699999999966,0.3222010000000001,-0.0010859999999995318
10.740007,15.722138,4.207326,11.514812,4.522812,0.32443699999999964,0.323058,-0.0013789999999996305
10.743976,15.743231,4.206559,11.536673,4.5439050000000005,0.3252039999999994,0.32456464285714287,-0.0006393571428565115
10.746887,15.761705,4.204641,11.557064,4.562379,0.32712200000000013,0.3258842142857143,-0.001237785714285844
10.750079,15.774497,4.204258,11.570239,4.575171000000001,0.3275049999999995,0.32679792857142864,-0.000707071428570849
10.752972,15.78955,4.203107,11.586443,4.590224000000001,0.3286559999999996,0.3278731428571429,-0.0007828571428566966
10.756086,15.803788,4.20234,11.601447,4.604462000000002,0.32942299999999936,0.32889014285714296,-0.0005328571428563911
10.759771,15.816808,4.201573,11.615235,4.617482000000001,0.33019,0.3298201428571429,-0.0003698571428570885
10.762628,15.830581,4.200039,11.630542,4.631255000000001,0.33172399999999946,0.33080392857142865,-0.0009200714285708123
10.766049,15.838795,4.200039,11.638756,4.639469,0.33172399999999946,0.33139064285714287,-0.000333357142856594
10.766049,15.838795,4.198889,11.639906,4.639469,0.33287399999999945,0.33139064285714287,-0.0014833571428565784
10.774379,15.85995,4.198889,11.661061,4.660624,0.33287399999999945,0.3329017142857143,2.7714285714852682e-05
10.775514,15.867635,4.197355,11.67028,4.668309000000001,0.3344079999999998,0.33345064285714293,-0.000957357142856885
10.779353,15.886411,4.196204,11.690207,4.6870850000000015,0.33555899999999994,0.3347917857142858,-0.0007672142857141351
10.78501,15.912911,4.196204,11.716707,4.713585,0.33555899999999994,0.3366846428571429,0.00112564285714295
10.788532,15.92493,4.193903,11.731027,4.725604000000001,0.33786000000000005,0.3375431428571429,-0.00031685714285717426
10.79081,15.934879,4.193136,11.741742,4.735553000000001,0.3386269999999998,0.3382537857142858,-0.0003732142857139631
10.793847,15.938785,4.192369,11.746416,4.739459,0.33939399999999953,0.33853278571428574,-0.000861214285713785
10.799345,15.956477,4.191986,11.764491,4.757151,0.3397769999999998,0.3397965,1.950000000022767e-05
10.801103,15.959689,4.190836,11.768853,4.760363,0.34092699999999976,0.34002592857142855,-0.0009010714285712096
10.804293,15.969404,4.190452,11.778952,4.770078000000002,0.34131100000000014,0.34071985714285724,-0.0005911428571429012
10.808347,15.983782,4.189685,11.794097,4.7844560000000005,0.3420779999999999,0.3417468571428572,-0.00033114285714269664
10.810677,15.984718,4.188918,11.7958,4.785392000000002,0.3428449999999996,0.3418137142857144,-0.001031285714285235
10.814334,15.992559,4.188535,11.804024,4.793233000000001,0.34322799999999987,0.3423737857142858,-0.0008542142857140833
10.818285,16.003118,4.188535,11.814584,4.803792000000001,0.34322799999999987,0.3431280000000001,-9.999999999976694e-05
10.821264,16.005755,4.188151,11.817604,4.806429000000001,0.34361199999999936,0.34331635714285724,-0.0002956428571421199
10.824226,16.006381,4.188151,11.81823,4.807055000000002,0.34361199999999936,0.3433610714285716,-0.0002509285714277776
10.827246,16.006961,4.187768,11.819193,4.807635000000001,0.3439949999999996,0.3434025000000001,-0.0005924999999994962
10.830688,16.007638,4.187768,11.81987,4.808312000000001,0.3439949999999996,0.3434508571428572,-0.0005441428571423823
10.833584,16.010107,4.187384,11.822722,4.810781000000002,0.344379,0.34362721428571447,-0.0007517857142855244
10.836276,16.014866,4.187001,11.827865,4.815540000000002,0.34476199999999935,0.343967142857143,-0.00079485714285632
10.838577,16.018013,4.187001,11.831013,4.818687000000001,0.34476199999999935,0.3441919285714286,-0.0005700714285707398
10.842143,16.023385,4.187001,11.836385,4.824059000000002,0.34476199999999935,0.344575642857143,-0.00018635714285636373
10.845409,16.024612,4.186617,11.837995,4.825286000000002,0.34514599999999973,0.34466328571428584,-0.0004827142857138922
10.848698,16.023875,4.186617,11.837258,4.824549000000001,0.34514599999999973,0.34461064285714293,-0.000535357142856796
10.851337,16.022647,4.186234,11.836413,4.823321,0.345529,0.3445229285714286,-0.0010060714285713979
10.85469,16.023613,4.186617,11.836996,4.824287000000002,0.34514599999999973,0.3445919285714287,-0.0005540714285710568
10.857775,16.02464,4.187001,11.83764,4.825314000000002,0.34476199999999935,0.3446652857142859,-9.671428571345064e-05
10.861389,16.023491,4.186234,11.837258,4.824165000000001,0.345529,0.3445832142857143,-0.0009457857142856629
10.864681,16.022638,4.186617,11.83602,4.823312000000001,0.34514599999999973,0.34452228571428584,-0.0006237142857138944
10.869342,16.022682,4.186617,11.836065,4.823356,0.34514599999999973,0.3445254285714286,-0.0006205714285711372
10.872387,16.02263,4.186617,11.836013,4.823304,0.34514599999999973,0.3445217142857143,-0.0006242857142854108
10.875654,16.02165,4.186617,11.835033,4.822324000000002,0.34514599999999973,0.3444517142857144,-0.0006942857142853143
10.879581,16.020531,4.187384,11.833147,4.821204999999999,0.344379,0.34437178571428567,-7.214285714318702e-06
10.881483,16.019568,4.186234,11.833335,4.820242,0.345529,0.344303,-0.0012259999999999494
10.884661,16.018428,4.186617,11.831811,4.819102000000001,0.34514599999999973,0.3442215714285715,-0.0009244285714282152
10.888319,16.016618,4.186617,11.830001,4.817292000000002,0.34514599999999973,0.34409228571428585,-0.0010537142857138804
10.891595,16.014127,4.187001,11.827127,4.814800999999999,0.34476199999999935,0.34391435714285706,-0.0008476428571422834
10.894547,16.012956,4.187001,11.825955,4.81363,0.34476199999999935,0.34383071428571427,-0.0009312857142850794
10.898854,16.010598,4.187001,11.823597,4.811272000000002,0.34476199999999935,0.34366228571428586,-0.0010997142857134823
10.901177,16.008865,4.186617,11.822248,4.809539000000001,0.34514599999999973,0.3435385000000001,-0.0016074999999996509
10.904401,16.008249,4.187384,11.820865,4.808923,0.344379,0.3434945,-0.0008845000000000103
10.907808,16.006556,4.187001,11.819556,4.807230000000001,0.34476199999999935,0.34337357142857144,-0.001388428571427902
10.911405,16.004296,4.187001,11.817295,4.804970000000001,0.34476199999999935,0.3432121428571429,-0.0015498571428564367
10.913939,15.999101,4.187001,11.8121,4.799775,0.34476199999999935,0.34284107142857145,-0.0019209285714278934
10.918466,15.985981,4.187768,11.798213,4.786655000000001,0.3439949999999996,0.34190392857142865,-0.0020910714285709564
10.919941,15.983034,4.188535,11.7945,4.783708000000001,0.34322799999999987,0.34169342857142865,-0.0015345714285712186
10.923183,15.981007,4.188918,11.792089,4.781681000000001,0.3428449999999996,0.3415486428571429,-0.0012963571428566967
10.92613,15.977526,4.189302,11.788224,4.7782,0.3424610000000001,0.3413,-0.0011610000000001341
10.929651,15.969158,4.188918,11.78024,4.769832000000001,0.3428449999999996,0.3407022857142858,-0.0021427142857138315
10.931942,15.963521,4.189302,11.774219,4.764195000000001,0.3424610000000001,0.3402996428571429,-0.002161357142857201
10.934969,15.960913,4.190069,11.770844,4.7615870000000005,0.3416939999999995,0.3401133571428572,-0.0015806428571423226
10.937979,15.9591,4.190069,11.769032,4.759774,0.3416939999999995,0.33998385714285717,-0.0017101428571423272
10.940903,15.958453,4.190069,11.768385,4.759127000000001,0.3416939999999995,0.33993764285714295,-0.001756357142856546
10.944583,15.956375,4.190452,11.765923,4.757049,0.34131100000000014,0.3397892142857143,-0.0015217857142858504
10.947973,15.946514,4.191219,11.755295,4.747188000000001,0.3405439999999995,0.33908485714285724,-0.0014591428571422704
10.950774,15.931942,4.191603,11.74034,4.732616,0.34016,0.338044,-0.0021160000000000068
10.953848,15.926256,4.192369,11.733886,4.726930000000001,0.33939399999999953,0.3376378571428572,-0.0017561428571423177
10.958553,15.905685,4.193903,11.711782,4.706359000000001,0.33786000000000005,0.33616850000000004,-0.0016915000000000124
10.960084,15.901368,4.19467,11.706697,4.7020420000000005,0.3370929999999994,0.3358601428571429,-0.001232857142856536
10.963368,15.88283,4.195054,11.687776,4.683504000000001,0.3367089999999999,0.33453600000000006,-0.0021729999999998695
10.966315,15.878172,4.196204,11.681968,4.678846,0.33555899999999994,0.3342032857142857,-0.001355714285714238
10.969703,15.863628,4.196971,11.666656,4.664302000000001,0.3347920000000002,0.33316442857142864,-0.0016275714285715615
10.972019,15.856583,4.196971,11.659611,4.657257000000001,0.3347920000000002,0.3326612142857144,-0.002130785714285821
10.975375,15.842825,4.198122,11.644703,4.643499,0.3336410000000001,0.33167850000000004,-0.0019625000000000337
10.979364,15.827227,4.199272,11.627955,4.627901000000001,0.3324910000000001,0.33056435714285726,-0.0019266428571428351
10.981916,15.808945,4.20119,11.607755,4.609619,0.33057299999999934,0.3292585,-0.00131449999999933
10.984886,15.792251,4.20234,11.589911,4.592925000000001,0.32942299999999936,0.3280660714285715,-0.001356928571427829
10.988374,15.775569,4.203491,11.572078,4.576243000000002,0.3282720000000001,0.3268745000000001,-0.001397499999999996
10.991405,15.757725,4.204258,11.553467,4.558399000000001,0.3275049999999995,0.32559992857142867,-0.001905071428570826
10.994451,15.743132,4.205408,11.537724,4.543806,0.3263549999999995,0.32455757142857145,-0.0017974285714280613
10.997563,15.724879,4.206559,11.51832,4.525553,0.3252039999999994,0.32325378571428576,-0.001950214285713625
11.000647,15.711109,4.208093,11.503016,4.511783000000001,0.3236699999999999,0.3222702142857144,-0.0013997857142855064
11.004037,15.693906,4.209243,11.484662,4.494580000000001,0.3225199999999999,0.32104142857142864,-0.0014785714285712737
11.008464,15.672852,4.210394,11.462459,4.4735260000000014,0.3213689999999998,0.31953757142857153,-0.0018314285714282619
11.010338,15.661111,4.211928,11.449183,4.461785000000001,0.3198349999999994,0.3186989285714286,-0.0011360714285708062
11.013845,15.6438,4.213462,11.430338,4.444474000000001,0.31830099999999995,0.31746242857142865,-0.0008385714285712997
11.016775,15.625645,4.214229,11.411416,4.426319000000001,0.3175340000000002,0.31616564285714294,-0.0013683571428572683
11.019947,15.605483,4.215763,11.38972,4.406157,0.31599999999999984,0.31472550000000005,-0.0012744999999997897
11.022929,15.583909,4.218064,11.365845,4.384583000000001,0.31369899999999973,0.3131845000000001,-0.0005144999999996402
11.026822,15.558047,4.219214,11.338832,4.358721000000001,0.31254899999999974,0.31133721428571437,-0.0012117857142853738
11.029754,15.533028,4.220748,11.31228,4.333702000000001,0.3110149999999994,0.3095501428571429,-0.0014648571428564905
11.032696,15.511176,4.222282,11.288894,4.3118500000000015,0.3094809999999999,0.3079892857142858,-0.0014917142857140964
11.035569,15.490346,4.224583,11.265763,4.291020000000001,0.3071799999999998,0.30650142857142865,-0.0006785714285711397
11.039047,15.465133,4.226117,11.239016,4.265807000000001,0.3056459999999994,0.30470050000000004,-0.0009454999999993774
11.041743,15.444328,4.228035,11.216294,4.245002000000001,0.30372799999999955,0.30321442857142866,-0.0005135714285708914
11.044858,15.423799,4.229185,11.194614,4.2244730000000015,0.30257799999999957,0.3017480714285715,-0.0008299285714280513
11.047945,15.400963,4.230336,11.170628,4.201637000000002,0.30142699999999945,0.3001169285714287,-0.0013100714285707582
11.05068,15.386407,4.232636,11.153771,4.187081000000001,0.2991269999999995,0.2990772142857144,-4.9785714285099925e-05
11.054464,15.358042,4.23417,11.123871,4.158716,0.297593,0.29705114285714285,-0.0005418571428571495
11.057733,15.326968,4.235321,11.091647,4.127642000000002,0.2964419999999999,0.2948315714285715,-0.0016104285714283462
11.060347,15.309744,4.238005,11.071739,4.110418000000001,0.2937579999999995,0.2936012857142858,-0.0001567142857137327
11.063846,15.281093,4.239923,11.04117,4.081767000000001,0.29183999999999966,0.2915547857142858,-0.0002852142857138751
11.066853,15.251737,4.241073,11.010664,4.052411000000001,0.29068999999999967,0.28945792857142866,-0.0012320714285710133
11.070086,15.221219,4.243758,10.977462,4.021893,0.28800500000000007,0.2872780714285715,-0.0007269285714285867
11.07307,15.193758,4.246059,10.947699,3.9944320000000015,0.28570399999999996,0.28531657142857153,-0.00038742857142842757
11.076077,15.165789,4.247976,10.917813,3.966463000000001,0.28378699999999935,0.28331878571428576,-0.00046821428571358625
11.079395,15.138377,4.249127,10.88925,3.939051000000001,0.2826360000000001,0.2813607857142858,-0.00127521428571431
11.082312,15.113802,4.251428,10.862374,3.9144760000000005,0.280335,0.2796054285714286,-0.000729571428571385
11.085206,15.089212,4.252962,10.83625,3.8898860000000006,0.27880099999999963,0.27784900000000007,-0.0009519999999995643
11.088684,15.06425,4.254879,10.809371,3.8649240000000002,0.2768839999999999,0.27606600000000003,-0.0008179999999998744
11.091233,15.036041,4.25718,10.778861,3.8367150000000017,0.2745829999999998,0.27405107142857155,-0.0005319285714282529
11.094816,15.001746,4.259098,10.742649,3.8024200000000015,0.27266499999999994,0.27160142857142866,-0.001063571428571275
11.097832,14.964911,4.262166,10.702746,3.7655850000000015,0.2695970000000001,0.2689703571428573,-0.0006266428571428118
11.101521,14.933414,4.265234,10.66818,3.7340880000000016,0.26652899999999935,0.26672057142857153,0.00019157142857217924
11.1049,14.899792,4.266768,10.633025,3.7004660000000005,0.26499499999999987,0.264319,-0.0006759999999998434
11.108041,14.866235,4.268685,10.59755,3.6669090000000004,0.26307800000000015,0.26192207142857143,-0.0011559285714287104
11.110971,14.840656,4.270219,10.570437,3.64133,0.2615439999999998,0.260095,-0.001448999999999756
11.114174,14.810291,4.27252,10.537771,3.610965,0.25924299999999967,0.25792607142857144,-0.001316928571428233
11.118422,14.766235,4.274437,10.491798,3.5669090000000008,0.25732599999999994,0.2547792142857143,-0.0025467857142856265
11.120033,14.747151,4.277889,10.469262,3.5478250000000013,0.2538739999999997,0.25341607142857153,-0.0004579285714281789
11.123189,14.711411,4.28019,10.431221,3.512085000000001,0.2515729999999996,0.25086321428571434,-0.0007097857142852604
11.126186,14.676322,4.282874,10.393448,3.4769960000000015,0.24888900000000014,0.24835685714285724,-0.0005321428571428977
11.129379,14.641331,4.284408,10.356923,3.442005,0.24735499999999977,0.2458575,-0.001497499999999763
11.132124,14.612048,4.286326,10.325722,3.4127220000000005,0.2454369999999999,0.24376585714285717,-0.0016711428571427323
11.135115,14.579735,4.289777,10.289958,3.380409,0.2419859999999998,0.24145778571428572,-0.0005282142857140903
11.138934,14.547075,4.292078,10.254997,3.3477490000000003,0.2396849999999997,0.23912492857142859,-0.0005600714285711184
11.14151,14.509643,4.293996,10.215647,3.3103170000000013,0.23776699999999984,0.2364512142857144,-0.00131578571428545
11.144998,14.472556,4.297064,10.175492,3.2732300000000016,0.234699,0.23380214285714299,-0.0008968571428570049
11.14795,14.43105,4.299365,10.131685,3.2317240000000016,0.23239799999999988,0.2308374285714287,-0.0015605714285711891
11.150906,14.402195,4.302433,10.099762,3.2028690000000015,0.22933000000000003,0.22877635714285724,-0.0005536428571427943
11.154149,14.363765,4.304734,10.059031,3.1644390000000016,0.22702899999999993,0.22603135714285724,-0.0009976428571426832
11.158584,14.314987,4.306651,10.008336,3.115661000000001,0.2251120000000002,0.22254721428571436,-0.002564785714285839
11.159767,14.293712,4.309719,9.983993,3.094386,0.22204399999999946,0.22102757142857143,-0.0010164285714280297
11.163412,14.257498,4.312787,9.944711,3.058172000000001,0.21897599999999962,0.2184408571428572,-0.0005351428571424288
11.166397,14.220865,4.314704,9.90616,3.0215390000000006,0.2170589999999999,0.21582421428571433,-0.0012347857142855634
11.169657,14.179769,4.317389,9.86238,2.980443000000001,0.2143739999999994,0.2128887857142858,-0.0014852142857136041
11.172381,14.144034,4.321224,9.82281,2.9447080000000003,0.2105389999999998,0.21033628571428573,-0.000202714285714084
11.175473,14.107242,4.323525,9.783717,2.907916,0.2082379999999997,0.20770828571428573,-0.000529714285713967
11.178576,14.072253,4.325442,9.746811,2.8729270000000007,0.20632099999999998,0.20520907142857148,-0.0011119285714284999
11.181211,14.037645,4.32736,9.710286,2.8383190000000003,0.2044030000000001,0.20273707142857145,-0.0016659285714286654
11.184398,13.998348,4.330428,9.66792,2.799022000000001,0.20133499999999938,0.19993014285714292,-0.0014048571428564582
11.188343,13.946275,4.332729,9.613546,2.7469490000000008,0.19903400000000016,0.1962106428571429,-0.0028233571428572524
11.189658,13.922056,4.336564,9.585492,2.7227300000000003,0.19519899999999968,0.1944807142857143,-0.000718285714285366
11.193613,13.883323,4.339248,9.544075,2.6839970000000015,0.19251499999999933,0.19171407142857153,-0.0008009285714278003
11.196465,13.841185,4.341549,9.499636,2.641859,0.1902140000000001,0.1887042142857143,-0.0015097857142858107
11.200006,13.797882,4.345768,9.452114,2.5985560000000003,0.18599500000000013,0.1856111428571429,-0.00038385714285724126
11.203473,13.751242,4.348069,9.403173,2.5519160000000003,0.18369400000000002,0.1822797142857143,-0.001414285714285729
11.208774,13.685872,4.351903,9.333969,2.4865460000000006,0.1798599999999997,0.1776104285714286,-0.0022495714285710733
11.209876,13.663813,4.354204,9.309608,2.464487,0.17755899999999958,0.1760347857142857,-0.0015242142857138652
11.213395,13.618368,4.356889,9.261479,2.419042000000001,0.17487399999999997,0.17278871428571435,-0.002085285714285623
11.216212,13.580753,4.359573,9.221179,2.3814270000000004,0.17218999999999962,0.1701019285714286,-0.002088071428571009
11.219392,13.540069,4.363408,9.176661,2.3407430000000016,0.16835500000000003,0.16719592857142868,-0.0011590714285713566
11.222237,13.501173,4.365709,9.135464,2.3018470000000004,0.16605399999999992,0.1644176428571429,-0.0016363571428570367
11.225254,13.463565,4.368394,9.095171,2.264239,0.16336899999999943,0.16173135714285714,-0.0016376428571422963
11.228542,13.423088,4.371078,9.05201,2.2237620000000007,0.16068499999999997,0.1588401428571429,-0.0018448571428570648
11.231321,13.37984,4.374913,9.004927,2.1805140000000005,0.1568499999999995,0.15575100000000003,-0.0010989999999994615
11.23472,13.331915,4.377598,8.954318,2.132589000000001,0.15416499999999989,0.1523277857142858,-0.001837214285714095
11.237911,13.280932,4.380666,8.900266,2.0816060000000007,0.15109700000000004,0.1486861428571429,-0.0024108571428571313
11.241056,13.245575,4.384501,8.861074,2.0462490000000013,0.14726199999999956,0.14616064285714295,-0.0011013571428566127
11.24486,13.194736,4.387569,8.807168,1.9954100000000015,0.1441939999999997,0.14252928571428583,-0.0016647142857138808
11.247994,13.146398,4.390253,8.756145,1.9470720000000004,0.14150999999999936,0.13907657142857147,-0.0024334285714278925
11.250637,13.110119,4.393704,8.716414,1.910793,0.13805900000000015,0.13648521428571428,-0.0015737857142858747
11.253583,13.068564,4.397539,8.671024,1.869238000000001,0.13422399999999968,0.13351700000000008,-0.0007069999999995968
11.258732,13.024996,4.39984,8.625156,1.8256700000000006,0.13192299999999957,0.13040500000000005,-0.0015179999999995197
11.260067,12.977675,4.402525,8.57515,1.7783490000000004,0.12923799999999996,0.1270249285714286,-0.002213071428571356
11.263122,12.935232,4.405593,8.529639,1.735906,0.12617000000000012,0.12399328571428571,-0.0021767142857144067
11.266155,12.891631,4.408277,8.483354,1.692305000000001,0.12348599999999976,0.12087892857142865,-0.0026070714285711116
11.269555,12.843392,4.412496,8.430896,1.6440660000000005,0.11926699999999979,0.11743328571428575,-0.001833714285714036
11.272231,12.80144,4.415564,8.385876,1.6021140000000003,0.11619899999999994,0.11443671428571431,-0.001762285714285633
11.275602,12.754024,4.418248,8.335776,1.5546980000000001,0.11351499999999959,0.11104985714285716,-0.00246514285714243
11.278679,12.712391,4.421316,8.291075,1.513065000000001,0.11044699999999974,0.1080760714285715,-0.0023709285714282463
11.281218,12.674263,4.425535,8.248729,1.4749370000000006,0.10622799999999977,0.1053526428571429,-0.0008753571428568724
11.284464,12.628913,4.428603,8.200311,1.4295870000000015,0.10315999999999992,0.10211335714285726,-0.0010466428571426628
11.288781,12.567229,4.43167,8.135558,1.367903,0.10009299999999932,0.09770735714285715,-0.00238564285714217
11.291065,12.532384,4.435889,8.096495,1.3330580000000012,0.09587399999999935,0.09521842857142866,-0.0006555714285706865
11.29467,12.474879,4.438957,8.035922,1.2755530000000004,0.0928059999999995,0.09111092857142859,-0.0016950714285709073
11.297876,12.419705,4.443175,7.97653,1.2203790000000012,0.08858799999999967,0.08716992857142866,-0.001418071428571005
11.300982,12.381052,4.446627,7.934425,1.1817260000000012,0.08513599999999943,0.08440900000000008,-0.0007269999999993532
11.304657,12.328333,4.450845,7.877488,1.1290070000000014,0.0809179999999996,0.08064335714285724,-0.0002746428571423626
11.30799,12.270133,4.453913,7.816219,1.0708070000000003,0.07784999999999975,0.07648621428571431,-0.0013637857142854426
11.310935,12.235484,4.458132,7.777352,1.0361580000000004,0.07363099999999978,0.07401128571428574,0.0003802857142859578
11.314805,12.178948,4.460816,7.718131,0.9796220000000009,0.07094699999999943,0.06997300000000006,-0.0009739999999993643
11.318218,12.129714,4.465802,7.663913,0.9303880000000007,0.06596099999999971,0.06645628571428576,0.0004952857142860451
11.321648,12.076991,4.468486,7.608505,0.8776650000000004,0.06327699999999936,0.06269035714285717,-0.0005866428571421889
11.324982,12.026264,4.471554,7.55471,0.8269380000000002,0.06020899999999951,0.059067000000000015,-0.0011419999999994976
11.327921,11.97401,4.474622,7.499388,0.7746840000000006,0.057140999999999664,0.05533457142857147,-0.0018064285714281952
11.330638,11.942246,4.47769,7.464556,0.7429200000000016,0.054072999999999816,0.053065714285714397,-0.0010072857142854191
11.333718,11.896159,4.480374,7.415784,0.6968330000000016,0.05138899999999946,0.049773785714285826,-0.001615214285713637
11.336705,11.849837,4.484976,7.36486,0.6505110000000016,0.046787000000000134,0.04646507142857154,-0.00032192857142859105
11.340016,11.798586,4.488811,7.309774,0.599260000000001,0.04295199999999966,0.04280428571428579,-0.0001477142857138694
11.34286,11.756236,4.491496,7.26474,0.5569100000000002,0.04026700000000005,0.03977928571428573,-0.00048771428571432046
11.346053,11.707483,4.494564,7.212919,0.5081570000000006,0.037199000000000204,0.03629692857142862,-0.0009020714285715853
11.349544,11.658934,4.498782,7.160152,0.4596080000000011,0.03298099999999948,0.03282914285714294,-0.00015185714285654434
11.352257,11.615998,4.501467,7.114532,0.41667200000000015,0.03029599999999988,0.029762285714285724,-0.0005337142857141548
11.355887,11.561767,4.504918,7.056849,0.36244100000000046,0.026844999999999786,0.02588864285714289,-0.0009563571428568944
11.358848,11.511578,4.509137,7.002441,0.31225200000000086,0.022625999999999813,0.022303714285714347,-0.0003222857142854661
11.361735,11.472078,4.511821,6.960257,0.27275200000000055,0.01994199999999946,0.019482285714285754,-0.0004597142857137061
11.36496,11.424646,4.515272,6.909374,0.22531999999999996,0.016490999999999367,0.01609428571428571,-0.000396714285713657
11.368466,11.377885,4.519491,6.858394,0.1785589999999999,0.012271999999999395,0.01275421428571428,0.0004822142857148857
11.371225,11.332022,4.522559,6.809464,0.13269600000000104,0.009203999999999546,0.009478285714285788,0.0002742857142862421
11.374763,11.278928,4.525627,6.753301,0.07960200000000128,0.006135999999999697,0.005685857142857235,-0.00045014285714246264
11.377859,11.221607,4.528695,6.692912,0.022281000000001328,0.0030679999999998486,0.0015915000000000948,-0.0014764999999997538
11.380674,11.187425,4.53253,6.654896,-0.01190099999999994,-0.0007670000000006283,-0.0008500714285714242,-8.307142857079592e-05
11.384214,11.134662,4.535981,6.598681,-0.06466399999999872,-0.004217999999999833,-0.004618857142857051,-0.00040085714285721837
11.38919,11.087065,4.539049,6.548016,-0.11226099999999839,-0.00728600000000057,-0.008018642857142742,-0.0007326428571421718
11.390731,11.039708,4.544035,6.495674,-0.15961800000000004,-0.012272000000000283,-0.011401285714285716,0.0008707142857145665
11.393886,10.984899,4.547103,6.437796,-0.2144269999999988,-0.015340000000000131,-0.0153162142857142,2.3785714285930876e-05
11.397024,10.935593,4.549787,6.385806,-0.26373299999999844,-0.018024000000000484,-0.01883807142857132,-0.0008140714285708346
11.400318,10.890464,4.553622,6.336842,-0.3088619999999995,-0.021859000000000073,-0.022061571428571396,-0.00020257142857132288
11.403343,10.842903,4.556306,6.286596,-0.3564229999999995,-0.024543000000000426,-0.025458785714285677,-0.0009157857142852513
11.408513,10.765802,4.560908,6.204894,-0.43352399999999847,-0.029145000000000643,-0.03096599999999989,-0.0018209999999992468
11.409988,10.741458,4.563209,6.178248,-0.4578679999999995,-0.03144599999999986,-0.032704857142857105,-0.001258857142857242
11.413317,10.693509,4.566277,6.127232,-0.5058169999999986,-0.0345140000000006,-0.036129785714285614,-0.0016157857142850146
11.416278,10.649055,4.568962,6.080093,-0.5502709999999986,-0.037199000000000204,-0.03930507142857133,-0.002106071428571124
11.42003,10.605219,4.574331,6.030888,-0.5941069999999993,-0.04256800000000016,-0.04243621428571424,0.0001317857142859244
11.422239,10.562098,4.576632,5.985466,-0.6372279999999986,-0.04486900000000027,-0.04551628571428561,-0.0006472857142853436
11.425895,10.507989,4.5797,5.92829,-0.691336999999999,-0.04793700000000012,-0.049381214285714216,-0.0014442142857140974
11.428835,10.460549,4.584302,5.876247,-0.7387769999999989,-0.052539000000000335,-0.05276978571428564,-0.00023078571428530176
11.431872,10.41752,4.58737,5.83015,-0.7818059999999996,-0.055607000000000184,-0.055843285714285686,-0.00023628571428550155
11.435339,10.365646,4.589671,5.775975,-0.8336799999999993,-0.05790800000000029,-0.05954857142857138,-0.0016405714285710887
11.438685,10.323945,4.595039,5.728905,-0.8753809999999991,-0.06327600000000011,-0.06252721428571421,0.0007487857142858961
11.441404,10.273639,4.598491,5.675148,-0.9256869999999999,-0.06672800000000034,-0.0661205,0.0006075000000003439
11.44543,10.213118,4.603093,5.610025,-0.9862079999999995,-0.07133000000000056,-0.07044342857142853,0.0008865714285720278
11.449439,10.152854,4.607311,5.545543,-1.0464719999999996,-0.07554800000000039,-0.07474799999999997,0.0008000000000004254
11.452692,10.103461,4.609612,5.493849,-1.0958649999999999,-0.0778490000000005,-0.07827607142857142,-0.00042707142857091596
11.455679,10.059501,4.61268,5.44682,-1.139825,-0.08091700000000035,-0.08141607142857143,-0.0004990714285710851
11.459133,10.011645,4.614981,5.396664,-1.1876809999999995,-0.08321800000000046,-0.08483435714285711,-0.0016163571428566559
11.462051,9.965944,4.619583,5.34636,-1.2333819999999989,-0.08782000000000068,-0.08809871428571421,-0.0002787142857135355
11.465271,9.921964,4.622268,5.299696,-1.277362,-0.09050500000000028,-0.09124014285714287,-0.0007351428571425872
11.468991,9.870814,4.624569,5.246246,-1.328512,-0.09280600000000039,-0.09489371428571428,-0.0020877142857138875
11.471698,9.834348,4.62802,5.206328,-1.364977999999999,-0.09625700000000048,-0.0974984285714285,-0.0012414285714280188
11.475022,9.786878,4.631855,5.155023,-1.4124479999999995,-0.10009200000000007,-0.10088914285714282,-0.0007971428571427464
11.478077,9.739404,4.635306,5.104098,-1.4599219999999988,-0.10354300000000016,-0.10428014285714278,-0.000737142857142617
11.480823,9.699638,4.637607,5.062031,-1.499687999999999,-0.10584400000000027,-0.10712057142857136,-0.0012765714285710855
11.484298,9.650496,4.641826,5.00867,-1.5488299999999988,-0.11006300000000024,-0.11063071428571421,-0.0005677142857139633
11.488489,9.591658,4.644894,4.946764,-1.6076679999999985,-0.11313100000000009,-0.11483342857142846,-0.0017024285714283688
11.491157,9.55782,4.649112,4.908708,-1.6415059999999997,-0.11734899999999993,-0.11725042857142855,9.857142857137846e-05
11.495245,9.507754,4.652564,4.85519,-1.691571999999999,-0.12080100000000016,-0.12082657142857135,-2.5571428571194432e-05
11.497772,9.44758,4.654865,4.792715,-1.751745999999999,-0.12310200000000027,-0.1251247142857142,-0.0020227142857139335
11.500493,9.418062,4.659083,4.758978,-1.7812639999999984,-0.1273200000000001,-0.12723314285714274,8.685714285736057e-05
11.503989,9.371482,4.662151,4.709331,-1.827843999999999,-0.13038799999999995,-0.13056028571428563,-0.0001722857142856804
11.506797,9.332633,4.664452,4.668181,-1.8666929999999997,-0.13268900000000006,-0.13333521428571427,-0.0006462142857142084
11.509987,9.293257,4.667137,4.626121,-1.9060689999999987,-0.13537400000000055,-0.13614778571428562,-0.0007737857142850746
11.512815,9.252882,4.670205,4.582678,-1.9464439999999996,-0.1384420000000004,-0.13903171428571426,-0.0005897142857138604
11.515861,9.213192,4.672505,4.540686,-1.9861339999999998,-0.14074200000000037,-0.14186671428571426,-0.0011247142857138959
11.519468,9.166902,4.677107,4.489795,-2.032423999999999,-0.14534400000000058,-0.14517314285714278,0.0001708571428578054
11.522709,9.125861,4.678641,4.44722,-2.073464999999999,-0.14687800000000006,-0.14810464285714278,-0.001226642857142718
11.525713,9.084129,4.682476,4.401652,-2.1151969999999984,-0.15071300000000054,-0.1510854999999999,-0.00037249999999935945
11.52901,9.043029,4.685544,4.357485,-2.1562969999999986,-0.1537810000000004,-0.1540212142857142,-0.00024021428571380232
11.531907,9.002573,4.689379,4.313194,-2.1967529999999993,-0.15761599999999998,-0.15691092857142852,0.0007050714285714577
11.535922,8.94848,4.692447,4.256033,-2.2508459999999992,-0.16068399999999983,-0.16077471428571424,-9.071428571441609e-05
11.539461,8.902438,4.694748,4.20769,-2.296887999999999,-0.16298499999999994,-0.1640634285714285,-0.0010784285714285635
11.54197,8.866716,4.698967,4.167749,-2.332609999999999,-0.1672039999999999,-0.16661499999999993,0.0005889999999999784
11.545046,8.825949,4.702035,4.123914,-2.3733769999999996,-0.17027200000000065,-0.16952692857142854,0.0007450714285721083
11.54829,8.784915,4.703952,4.080963,-2.4144109999999994,-0.17218900000000037,-0.17245792857142853,-0.0002689285714281564
11.551134,8.74999,4.706637,4.043354,-2.449335999999999,-0.17487399999999997,-0.17495257142857135,-7.857142857137234e-05
11.554201,8.708934,4.708938,3.999996,-2.490392,-0.17717500000000008,-0.17788514285714285,-0.0007101428571427704
11.558412,8.654267,4.713156,3.941111,-2.5450589999999984,-0.18139299999999992,-0.18178992857142845,-0.0003969285714285342
11.560239,8.630443,4.715457,3.914986,-2.5688829999999996,-0.18369400000000002,-0.18349164285714284,0.00020235714285718465
11.563778,8.58904,4.718141,3.870899,-2.6102859999999986,-0.18637800000000038,-0.1864489999999999,-7.09999999995159e-05
11.566759,8.554664,4.721593,3.833071,-2.6446619999999985,-0.1898300000000006,-0.18890442857142847,0.0009255714285721361
11.570857,8.513832,4.723894,3.789938,-2.6854939999999985,-0.19213099999999983,-0.19182099999999988,0.0003099999999999492
11.573334,8.47852,4.726195,3.752325,-2.7208059999999996,-0.19443199999999994,-0.1943432857142857,8.871428571424755e-05
11.576324,8.442085,4.728496,3.713589,-2.7572409999999987,-0.19673300000000005,-0.19694578571428561,-0.00021278571428556825
11.579728,8.40245,4.730797,3.671653,-2.7968759999999993,-0.19903400000000016,-0.1997768571428571,-0.0007428571428569342
11.58224,8.370968,4.733098,3.637871,-2.8283579999999997,-0.20133500000000026,-0.20202557142857142,-0.0006905714285711517
11.58509,8.338448,4.736933,3.601516,-2.8608779999999996,-0.20516999999999985,-0.20434842857142854,0.0008215714285713105
11.588251,8.301733,4.73885,3.562883,-2.8975929999999988,-0.20708700000000047,-0.2069709285714285,0.00011607142857197883
11.59118,8.269508,4.741151,3.528357,-2.929817999999999,-0.20938800000000057,-0.20927271428571423,0.00011528571428634504
11.594745,8.232192,4.743452,3.48874,-2.9671339999999997,-0.2116889999999998,-0.21193814285714282,-0.00024914285714303097
11.597722,8.187399,4.746904,3.440496,-3.011927,-0.21514100000000003,-0.21513764285714285,3.3571428571799178e-06
11.600597,8.162802,4.748821,3.413981,-3.036524,-0.21705800000000064,-0.21689457142857144,0.00016342857142920275
11.604264,8.12192,4.751505,3.370415,-3.077406,-0.2197420000000001,-0.21981471428571428,-7.271428571417604e-05
11.607079,8.089641,4.753806,3.335834,-3.109684999999999,-0.2220430000000002,-0.22212035714285708,-7.735714285686535e-05
11.610006,8.054761,4.756874,3.297886,-3.144565,-0.22511100000000006,-0.22461178571428572,0.0004992142857143389
11.612967,8.025343,4.758792,3.266551,-3.1739829999999998,-0.22702899999999993,-0.22671307142857142,0.0003159285714285087
11.615996,7.994008,4.760709,3.233299,-3.2053179999999992,-0.22894600000000054,-0.22895128571428566,-5.2857142851248096e-06
11.619461,7.955528,4.76301,3.192518,-3.243797999999999,-0.23124700000000065,-0.23169985714285707,-0.0004528571428564221
11.622197,7.924044,4.766845,3.157199,-3.275281999999999,-0.23508200000000024,-0.2339487142857142,0.0011332857142860309
11.625464,7.891644,4.767996,3.123648,-3.307681999999999,-0.23623300000000036,-0.23626299999999992,-2.9999999999558158e-05
11.628699,7.858768,4.77068,3.088088,-3.340557999999999,-0.23891699999999982,-0.23861128571428564,0.000305714285714187
11.631704,7.825936,4.772598,3.053339,-3.3733899999999997,-0.24083500000000058,-0.24095642857142854,-0.00012142857142796726
11.63477,7.798442,4.774515,3.023927,-3.4008839999999996,-0.2427520000000003,-0.24292028571428567,-0.0001682857142853711
11.637724,7.766076,4.7772,2.988876,-3.4332499999999992,-0.2454369999999999,-0.24523214285714282,0.00020485714285709
11.640717,7.746503,4.77835,2.968152,-3.4528229999999995,-0.2465869999999999,-0.24663021428571424,-4.3214285714354705e-05
11.644011,7.718157,4.780268,2.937889,-3.4811689999999995,-0.24850500000000064,-0.24865492857142854,-0.00014992857142789862
11.648725,7.688638,4.782569,2.906069,-3.510687999999999,-0.25080599999999986,-0.2507634285714285,4.2571428571336334e-05
11.650361,7.657576,4.78487,2.872706,-3.5417499999999995,-0.25310699999999997,-0.2529821428571428,0.00012485714285714877
11.65337,7.626751,4.786404,2.840347,-3.5725749999999996,-0.25464100000000034,-0.2551839285714285,-0.0005429285714281806
11.656636,7.595268,4.788321,2.806947,-3.6040579999999993,-0.25655800000000006,-0.25743271428571424,-0.0008747142857141732
11.659562,7.56556,4.790239,2.775321,-3.6337659999999996,-0.25847599999999993,-0.25955471428571425,-0.0010787142857143217
11.662375,7.541505,4.792923,2.748582,-3.6578209999999993,-0.2611600000000003,-0.26127292857142853,-0.00011292857142825019
11.665321,7.515033,4.794457,2.720576,-3.6842929999999994,-0.26269400000000065,-0.26316378571428567,-0.00046978571428502036
11.669108,7.485951,4.796758,2.689193,-3.713374999999999,-0.26499499999999987,-0.2652410714285714,-0.000246071428571526
11.671764,7.461897,4.798675,2.663222,-3.7374289999999997,-0.2669120000000005,-0.2669592142857143,-4.7214285713803594e-05
11.675133,7.436013,4.800209,2.635804,-3.7633129999999992,-0.26844599999999996,-0.2688080714285714,-0.00036207142857141994
11.678509,7.409705,4.802894,2.606812,-3.7896209999999995,-0.27113100000000045,-0.27068721428571424,0.0004437857142862156
11.681127,7.384604,4.804428,2.580176,-3.814721999999999,-0.27266499999999994,-0.2724801428571428,0.00018485714285715327
11.684219,7.357884,4.806729,2.551155,-3.841441999999999,-0.27496600000000004,-0.2743887142857142,0.0005772857142858356
11.68838,7.322558,4.80903,2.513528,-3.8767679999999993,-0.27726700000000015,-0.27691199999999994,0.00035500000000021625
11.68993,7.309153,4.809797,2.499357,-3.890172999999999,-0.2780339999999999,-0.27786949999999994,0.00016449999999995635
11.693692,7.285345,4.811331,2.474014,-3.913980999999999,-0.27956800000000026,-0.2795700714285713,-2.071428571059908e-06
11.696621,7.264893,4.812481,2.452411,-3.9344329999999994,-0.28071800000000025,-0.28103092857142853,-0.0003129285714282837
11.699569,7.243484,4.814782,2.428702,-3.9558419999999996,-0.28301900000000035,-0.2825601428571428,0.0004588571428575383
11.702598,7.222501,4.816316,2.406185,-3.976824999999999,-0.28455299999999983,-0.2840589285714285,0.0004940714285713299
11.705623,7.202579,4.817467,2.385112,-3.996746999999999,-0.28570399999999996,-0.2854819285714285,0.00022207142857144646
11.708901,7.179198,4.819001,2.360197,-4.020127999999999,-0.2872380000000003,-0.2871519999999999,8.600000000041907e-05
11.711915,7.157166,4.820918,2.336248,-4.042159999999999,-0.28915500000000005,-0.2887257142857142,0.00042928571428585416
11.715137,7.130573,4.823219,2.307354,-4.068752999999999,-0.29145600000000016,-0.29062521428571425,0.0008307857142859087
11.718687,7.107862,4.823986,2.283876,-4.091463999999999,-0.2922229999999999,-0.29224742857142855,-2.4428571428647405e-05
11.72144,7.086017,4.826671,2.259346,-4.113308999999999,-0.2949080000000004,-0.2938077857142857,0.001100214285714718
11.724911,7.063773,4.828205,2.235569,-4.135552999999999,-0.2964419999999999,-0.2953966428571428,0.001045357142857084
11.727843,7.042792,4.828588,2.214204,-4.156533999999999,-0.2968250000000001,-0.29689528571428564,-7.028571428552288e-05
11.730779,7.031527,4.829355,2.202172,-4.167799,-0.29759199999999986,-0.2976999285714285,-0.00010792857142866152
11.733715,7.019444,4.830506,2.188938,-4.179881999999999,-0.298743,-0.29856299999999997,0.00018000000000001348
11.73681,7.006431,4.831272,2.175159,-4.192894999999999,-0.29950900000000047,-0.29949249999999994,1.650000000052998e-05
11.73981,6.993914,4.832423,2.161491,-4.205411999999999,-0.3006600000000006,-0.30038657142857134,0.00027342857142925725
11.743184,6.975999,4.833573,2.142426,-4.223326999999999,-0.3018100000000006,-0.3016662142857142,0.00014378571428635967
11.746095,6.9611,4.834724,2.126376,-4.238225999999999,-0.3029609999999998,-0.3027304285714285,0.0002305714285713023
11.749439,6.944678,4.836258,2.10842,-4.2546479999999995,-0.3044950000000002,-0.30390342857142855,0.0005915714285716356
11.75227,6.926579,4.837408,2.089171,-4.272746999999999,-0.30564500000000017,-0.3051962142857142,0.0004487857142859708
11.755766,6.905634,4.838559,2.067075,-4.293691999999999,-0.3067960000000003,-0.30669228571428564,0.00010371428571465113
11.75894,6.889228,4.839709,2.049518,-4.310097999999999,-0.3079460000000003,-0.3078641428571428,8.185714285746659e-05
11.761613,6.873438,4.841243,2.032195,-4.325887999999999,-0.30948000000000064,-0.30899199999999993,0.0004880000000007101
11.764784,6.857384,4.84201,2.015374,-4.3419419999999995,-0.3102470000000004,-0.31013871428571427,0.000108285714286116
11.769234,6.84454,4.843161,2.001379,-4.354785999999999,-0.3113980000000005,-0.3110561428571428,0.0003418571428577266
11.770844,6.833763,4.843544,1.990219,-4.365562999999999,-0.31178099999999986,-0.3118259285714285,-4.4928571428626274e-05
11.77407,6.8238,4.843928,1.979872,-4.375525999999999,-0.31216500000000025,-0.31253757142857136,-0.00037257142857111125
11.777037,6.811409,4.845462,1.965947,-4.387916999999999,-0.3136990000000006,-0.3134226428571428,0.0002763571428578415
11.780493,6.801149,4.846229,1.954921,-4.398177,-0.31446600000000036,-0.3141555,0.0003105000000003799
11.782943,6.792009,4.846612,1.945396,-4.407316999999999,-0.3148490000000006,-0.3148083571428571,4.0642857143502464e-05
11.785784,6.783384,4.847379,1.936005,-4.415941999999999,-0.31561600000000034,-0.31542442857142855,0.00019157142857179066
11.789372,6.777815,4.847763,1.930052,-4.421510999999999,-0.31599999999999984,-0.3158222142857142,0.00017778571428561651
11.791854,6.773779,4.848146,1.925633,-4.425546999999999,-0.3163830000000001,-0.3161104999999999,0.0002725000000001754
11.7948,6.766372,4.84853,1.917842,-4.432954,-0.31676700000000046,-0.3166395714285714,0.00012742857142905573
11.797901,6.758295,4.849297,1.908999,-4.441030999999999,-0.3175340000000002,-0.3172164999999999,0.00031750000000030365
11.800638,6.753828,4.84968,1.904147,-4.445497999999999,-0.31791700000000045,-0.31753557142857136,0.0003814285714290877
11.804144,6.746437,4.850064,1.896373,-4.452888999999999,-0.31830099999999995,-0.31806349999999994,0.0002375000000000016
11.80848,6.730543,4.850447,1.880096,-4.468782999999999,-0.3186840000000002,-0.31919878571428567,-0.0005147857142854817
11.809963,6.725853,4.851981,1.873872,-4.473472999999999,-0.32021800000000056,-0.31953378571428565,0.0006842142857149125
11.813568,6.712736,4.851981,1.860755,-4.48659,-0.32021800000000056,-0.3204707142857143,-0.0002527142857137177
11.81855,6.702782,4.852748,1.850034,-4.496543999999999,-0.3209850000000003,-0.32118171428571424,-0.00019671428571393923
11.821109,6.700755,4.853132,1.847623,-4.498570999999999,-0.3213689999999998,-0.32132649999999996,4.249999999983434e-05
11.82428,6.694399,4.853515,1.840883,-4.5049269999999995,-0.32175200000000004,-0.32178049999999997,-2.8499999999931358e-05
11.828469,6.689003,4.853899,1.835104,-4.510323,-0.3221360000000004,-0.32216592857142856,-2.9928571428139428e-05
11.829873,6.687693,4.854666,1.833028,-4.511632999999999,-0.32290300000000016,-0.3222594999999999,0.0006435000000002411
11.833903,6.686211,4.854282,1.831929,-4.513114999999999,-0.32251900000000067,-0.3223653571428571,0.00015364285714358772
11.837028,6.68552,4.853899,1.831621,-4.513805999999999,-0.3221360000000004,-0.3224147142857142,-0.0002787142857137992
11.839777,6.684668,4.853899,1.830769,-4.514657999999999,-0.3221360000000004,-0.32247557142857136,-0.00033957142857093947
11.842848,6.684275,4.854282,1.829993,-4.515050999999999,-0.32251900000000067,-0.3225036428571428,1.5357142857885808e-05
11.845804,6.683597,4.854282,1.829315,-4.515728999999999,-0.32251900000000067,-0.3225520714285714,-3.307142857073009e-05
11.849109,6.682897,4.854282,1.828614,-4.516429,-0.32251900000000067,-0.3226020714285714,-8.307142857072458e-05
11.851933,6.682641,4.854282,1.828359,-4.516684999999999,-0.32251900000000067,-0.3226203571428571,-0.0001013571428564175
11.855126,6.682495,4.854666,1.827829,-4.516830999999999,-0.32290300000000016,-0.32263078571428566,0.00027221428571450046
11.858861,6.682772,4.854282,1.82849,-4.516553999999999,-0.32251900000000067,-0.3226109999999999,-9.199999999925934e-05
11.862725,6.683051,4.854666,1.828385,-4.516274999999999,-0.32290300000000016,-0.3225910714285714,0.0003119285714287545
11.865779,6.683052,4.854282,1.82877,-4.516273999999999,-0.32251900000000067,-0.32259099999999996,-7.199999999929485e-05
11.869011,6.683563,4.854282,1.829281,-4.515762999999999,-0.32251900000000067,-0.3225544999999999,-3.549999999924447e-05
11.871746,6.684206,4.854282,1.829924,-4.51512,-0.32251900000000067,-0.3225085714285714,1.0428571429244027e-05
11.875125,6.684025,4.854282,1.829743,-4.515300999999999,-0.32251900000000067,-0.32252149999999996,-2.499999999294733e-06
11.878711,6.684922,4.854282,1.83064,-4.514403999999999,-0.32251900000000067,-0.3224574285714285,6.157142857216025e-05
11.881369,6.686052,4.854282,1.83177,-4.513273999999999,-0.32251900000000067,-0.32237671428571424,0.00014228571428642756
11.8847,6.686954,4.854666,1.832288,-4.512371999999999,-0.32290300000000016,-0.32231228571428566,0.0005907142857144998
11.888353,6.689063,4.853899,1.835164,-4.510262999999999,-0.3221360000000004,-0.3221616428571428,-2.5642857142404996e-05
11.890689,6.689928,4.853515,1.836413,-4.509397999999999,-0.32175200000000004,-0.3220998571428571,-0.0003478571428570665
11.893822,6.691841,4.853899,1.837943,-4.507484999999999,-0.3221360000000004,-0.3219632142857142,0.00017278571428619438
11.89854,6.695403,4.853899,1.841504,-4.5039229999999995,-0.3221360000000004,-0.3217087857142857,0.00042721428571473874
11.900058,6.69627,4.853515,1.842754,-4.503055999999999,-0.32175200000000004,-0.32164685714285707,0.00010514285714297023
11.903439,6.698607,4.853515,1.845092,-4.500718999999999,-0.32175200000000004,-0.32147992857142854,0.00027207142857149647
11.906305,6.70034,4.853515,1.846824,-4.4989859999999995,-0.32175200000000004,-0.3213561428571428,0.0003958571428572255
11.90947,6.703316,4.853132,1.850185,-4.496009999999999,-0.3213689999999998,-0.32114357142857136,0.0002254285714284321
11.912277,6.706148,4.852748,1.853399,-4.4931779999999995,-0.3209850000000003,-0.32094128571428565,4.371428571464664e-05
11.915316,6.709807,4.852365,1.857443,-4.489519,-0.32060200000000005,-0.3206799285714285,-7.792857142846499e-05
11.918683,6.715677,4.851981,1.863695,-4.483648999999999,-0.32021800000000056,-0.3202606428571428,-4.264285714222771e-05
11.921524,6.725541,4.851214,1.874327,-4.4737849999999995,-0.31945099999999993,-0.3195560714285714,-0.00010507142857146823
11.924912,6.731961,4.851214,1.880747,-4.467364999999999,-0.31945099999999993,-0.3190974999999999,0.0003535000000000066
11.928148,6.735788,4.851214,1.884573,-4.463537999999999,-0.31945099999999993,-0.3188241428571428,0.0006268571428571512
11.930974,6.738533,4.84968,1.888852,-4.460792999999999,-0.31791700000000045,-0.31862807142857136,-0.0007110714285709085
11.934285,6.741562,4.850447,1.891115,-4.457763999999999,-0.3186840000000002,-0.31841171428571424,0.00027228571428594694
11.93857,6.74806,4.850064,1.897996,-4.4512659999999995,-0.31830099999999995,-0.3179475714285714,0.0003534285714285601
11.940267,6.750653,4.850064,1.900589,-4.448672999999999,-0.31830099999999995,-0.3177623571428571,0.0005386428571428348
11.943799,6.757552,4.849297,1.908256,-4.441774,-0.3175340000000002,-0.31726957142857143,0.0002644285714287764
11.946731,6.766723,4.84853,1.918194,-4.432602999999999,-0.31676700000000046,-0.31661449999999997,0.00015250000000049946
11.950297,6.782039,4.847763,1.934276,-4.417286999999999,-0.31599999999999984,-0.3155204999999999,0.00047949999999991055
11.952925,6.793587,4.846612,1.946975,-4.405739,-0.3148490000000006,-0.31469564285714285,0.00015335714285774626
11.955833,6.808985,4.845845,1.96314,-4.390340999999999,-0.314082,-0.31359578571428565,0.0004862142857143259
11.959871,6.824684,4.844695,1.979989,-4.374641999999999,-0.312932,-0.3124744285714285,0.00045757142857150157
11.962244,6.835406,4.843161,1.992246,-4.363919999999999,-0.3113980000000005,-0.3117085714285714,-0.0003105714285708827
11.965434,6.845386,4.843161,2.002225,-4.353939999999999,-0.3113980000000005,-0.3109957142857142,0.000402285714286299
11.968826,6.85475,4.842777,2.011972,-4.344575999999999,-0.3110140000000001,-0.31032685714285707,0.0006871428571430527
11.971139,6.860461,4.84201,2.018451,-4.338864999999999,-0.3102470000000004,-0.3099189285714285,0.00032807142857188554
11.974272,6.871033,4.84086,2.030173,-4.3282929999999995,-0.3090970000000004,-0.30916378571428565,-6.67857142852557e-05
11.978456,6.887,4.839709,2.047291,-4.312326,-0.3079460000000003,-0.30802328571428567,-7.72857142853911e-05
11.980043,6.896902,4.838942,2.05796,-4.302423999999999,-0.30717900000000053,-0.307316,-0.00013699999999944312
11.983923,6.911035,4.837792,2.073243,-4.288290999999999,-0.30602900000000055,-0.3063064999999999,-0.00027749999999937547
11.986794,6.926846,4.837408,2.089438,-4.272479999999999,-0.30564500000000017,-0.30517714285714276,0.00046785714285740854
11.990165,6.938791,4.836641,2.10215,-4.260534999999999,-0.3048780000000004,-0.3043239285714285,0.000554071428571945
11.993172,6.954282,4.835107,2.119175,-4.245043999999999,-0.30334400000000006,-0.3032174285714285,0.00012657142857153136
11.996126,6.967353,4.833573,2.133779,-4.231972999999999,-0.3018100000000006,-0.30228378571428566,-0.0004737857142850799
11.999397,6.985328,4.832423,2.152905,-4.213997999999999,-0.3006600000000006,-0.3009998571428571,-0.00033985714285650337
12.002361,7.004705,4.831656,2.173049,-4.194620999999999,-0.29989299999999997,-0.29961578571428565,0.00027721428571431117
12.005349,7.024655,4.830122,2.194533,-4.174670999999999,-0.2983590000000005,-0.29819078571428564,0.00016821428571484054
12.008748,7.045658,4.828588,2.21707,-4.153667999999999,-0.2968250000000001,-0.29669057142857136,0.00013442857142875742
12.011518,7.067987,4.826671,2.241317,-4.131339,-0.2949080000000004,-0.29509564285714285,-0.000187642857142456
12.014734,7.089601,4.82552,2.264081,-4.109724999999999,-0.29375700000000027,-0.29355178571428564,0.00020521428571462774
12.021069,7.111571,4.82437,2.287201,-4.087755,-0.2926070000000003,-0.2919825,0.0006245000000003054
12.021069,7.126021,4.822069,2.303952,-4.0733049999999995,-0.2903060000000002,-0.2909503571428571,-0.0006443571428569328
12.025426,7.151724,4.821302,2.330422,-4.0476019999999995,-0.28953900000000043,-0.28911442857142855,0.0004245714285718849
12.028857,7.171881,4.820151,2.35173,-4.027444999999999,-0.2883880000000003,-0.2876746428571428,0.0007133571428575292
12.031654,7.187543,4.818234,2.369309,-4.011782999999999,-0.2864710000000006,-0.28655592857142853,-8.492857142794463e-05
12.035459,7.206577,4.817083,2.389494,-3.992748999999999,-0.28532000000000046,-0.28519635714285707,0.00012364285714339118
12.038649,7.227703,4.815549,2.412153,-3.9716229999999992,-0.2837860000000001,-0.2836873571428571,9.864285714300536e-05
12.041316,7.251287,4.813248,2.438039,-3.9480389999999996,-0.281485,-0.28200278571428566,-0.000517785714285679
12.044667,7.278249,4.811714,2.466535,-3.9210769999999995,-0.2799510000000005,-0.2800769285714285,-0.0001259285714280134
12.047734,7.308941,4.810564,2.498378,-3.8903849999999993,-0.2788010000000005,-0.2778846428571428,0.0009163571428577044
12.050434,7.327173,4.808263,2.51891,-3.872152999999999,-0.2765000000000004,-0.27658235714285706,-8.23571428566483e-05
12.053691,7.355329,4.806729,2.5486,-3.843996999999999,-0.27496600000000004,-0.27457121428571424,0.0003947857142858058
12.056706,7.382092,4.804811,2.577281,-3.817233999999999,-0.2730480000000002,-0.2726595714285714,0.0003884285714287894
12.060033,7.408739,4.802127,2.606612,-3.7905869999999995,-0.2703639999999998,-0.2707562142857142,-0.0003922142857143984
12.063133,7.434195,4.799826,2.634369,-3.7651309999999993,-0.2680630000000006,-0.2689379285714285,-0.000874928571427902
12.066733,7.460737,4.798675,2.662062,-3.7385889999999993,-0.2669120000000005,-0.2670420714285714,-0.00013007142857091036
12.069577,7.481641,4.797141,2.684499,-3.7176849999999995,-0.2653780000000001,-0.26554892857142853,-0.00017092857142841922
12.072689,7.506743,4.795607,2.711136,-3.692582999999999,-0.26384400000000063,-0.2637559285714285,8.807142857214512e-05
12.075887,7.534066,4.79369,2.740377,-3.665259999999999,-0.261927,-0.26180428571428566,0.00012271428571436482
12.079043,7.562636,4.791389,2.771247,-3.636689999999999,-0.2596259999999999,-0.25976357142857137,-0.0001375714285714591
12.08188,7.590707,4.789472,2.801235,-3.608618999999999,-0.2577090000000002,-0.25775849999999995,-4.949999999975807e-05
12.085222,7.623083,4.787554,2.835529,-3.576242999999999,-0.2557910000000003,-0.2554459285714285,0.00034507142857181927
12.08864,7.654278,4.784486,2.869792,-3.5450479999999995,-0.2527230000000005,-0.25321771428571427,-0.0004947142857137932
12.091757,7.687214,4.782569,2.904645,-3.5121119999999992,-0.25080599999999986,-0.2508651428571428,-5.914285714292422e-05
12.09507,7.721378,4.780268,2.941111,-3.4779479999999996,-0.24850500000000064,-0.24842485714285711,8.014285714352809e-05
12.098213,7.749543,4.778734,2.970809,-3.449782999999999,-0.24697100000000027,-0.24641307142857136,0.0005579285714289173
12.101041,7.777187,4.776049,3.001138,-3.4221389999999996,-0.24428600000000067,-0.24443849999999998,-0.00015249999999930597
12.104269,7.808082,4.774132,3.03395,-3.3912439999999995,-0.24236900000000006,-0.24223171428571424,0.00013728571428581193
12.10859,7.850128,4.772214,3.077914,-3.3491979999999995,-0.2404510000000002,-0.23922842857142854,0.001222571428571656
12.11094,7.87233,4.769146,3.103184,-3.3269959999999994,-0.23738300000000034,-0.2376425714285714,-0.00025957142857105375
12.11457,7.915255,4.767612,3.147643,-3.284070999999999,-0.23584899999999998,-0.23457649999999994,0.0012725000000000375
12.117856,7.955499,4.764544,3.190954,-3.2438269999999996,-0.23278100000000013,-0.23170192857142854,0.001079071428571582
12.120593,7.978011,4.762627,3.215384,-3.221314999999999,-0.2308640000000004,-0.2300939285714285,0.0007700714285719112
12.123727,8.008411,4.760709,3.247702,-3.1909149999999986,-0.22894600000000054,-0.2279224999999999,0.0010235000000006489
12.12678,8.036179,4.758792,3.277387,-3.1631469999999986,-0.22702899999999993,-0.22593907142857134,0.001089928571428589
12.130283,8.067109,4.756107,3.311002,-3.132216999999999,-0.22434400000000032,-0.22372978571428564,0.000614214285714676
12.132924,8.100232,4.753039,3.347193,-3.099093999999999,-0.22127600000000047,-0.22136385714285708,-8.785714285661217e-05
12.135845,8.134613,4.750355,3.384258,-3.0647129999999994,-0.21859200000000012,-0.21890807142857138,-0.0003160714285712629
12.139546,8.175478,4.748438,3.42704,-3.023847999999999,-0.2166750000000004,-0.2159891428571428,0.0006858571428575988
12.142097,8.208068,4.744986,3.463082,-2.9912579999999984,-0.21322300000000016,-0.2136612857142856,-0.0004382857142854468
12.145504,8.248415,4.742302,3.506114,-2.9509109999999996,-0.2105389999999998,-0.21077935714285712,-0.00024035714285730592
12.148926,8.283883,4.740384,3.543499,-2.915443,-0.20862099999999995,-0.20824592857142857,0.00037507142857137743
12.151538,8.317439,4.7377,3.579739,-2.881886999999999,-0.20593700000000048,-0.20584907142857137,8.792857142911337e-05
12.154918,8.355436,4.734632,3.620804,-2.84389,-0.20286900000000063,-0.203135,-0.00026599999999937785
12.158109,8.395454,4.732331,3.663123,-2.8038719999999984,-0.20056800000000052,-0.2002765714285713,0.00029142857142921974
12.160995,8.428492,4.729646,3.698846,-2.770833999999999,-0.19788300000000003,-0.1979167142857142,-3.371428571416479e-05
12.164423,8.470878,4.727729,3.743149,-2.7284479999999984,-0.1959660000000003,-0.19488914285714273,0.0010768571428575735
12.170094,8.505114,4.723894,3.78122,-2.6942119999999985,-0.19213099999999983,-0.1924437142857142,-0.00031271428571436055
12.171094,8.540075,4.720442,3.819632,-2.6592509999999994,-0.18867900000000049,-0.18994649999999996,-0.0012674999999994774
12.174876,8.592855,4.717758,3.875097,-2.606470999999999,-0.18599500000000013,-0.18617649999999994,-0.00018149999999980682
12.178044,8.635782,4.715073,3.920708,-2.5635439999999985,-0.18331000000000053,-0.18311028571428561,0.00019971428571491368
12.180968,8.671544,4.711622,3.959922,-2.5277819999999984,-0.17985900000000044,-0.18055585714285702,-0.0006968571428565828
12.18444,8.715004,4.709321,4.005683,-2.484321999999999,-0.17755800000000033,-0.17745157142857135,0.00010642857142897921
12.187811,8.767674,4.707404,4.06027,-2.4316519999999997,-0.1756410000000006,-0.17368942857142855,0.001951571428572052
12.190937,8.796051,4.703185,4.092866,-2.403274999999999,-0.17142200000000063,-0.1716624999999999,-0.00024049999999928295
12.193992,8.832948,4.700501,4.132447,-2.366377999999999,-0.16873800000000028,-0.16902699999999996,-0.0002889999999996784
12.198837,8.889601,4.696666,4.192935,-2.3097249999999985,-0.1649029999999998,-0.16498035714285703,-7.735714285722617e-05
12.200455,8.91738,4.694748,4.222632,-2.2819459999999996,-0.16298499999999994,-0.16299614285714284,-1.1142857142903972e-05
12.204242,8.965152,4.69053,4.274622,-2.2341739999999994,-0.1587670000000001,-0.1595838571428571,-0.0008168571428570082
12.207692,9.021651,4.687462,4.334189,-2.177674999999999,-0.15569900000000025,-0.15554821428571422,0.0001507857142860336
12.211047,9.051302,4.685161,4.366141,-2.1480239999999995,-0.15339800000000015,-0.15343028571428569,-3.228571428554039e-05
12.213905,9.093165,4.682476,4.410689,-2.1061609999999984,-0.15071300000000054,-0.15044007142857133,0.0002729285714292151
12.218914,9.132229,4.680175,4.452053,-2.0670969999999986,-0.14841200000000043,-0.1476497857142856,0.000762214285714824
12.219854,9.173129,4.675573,4.497556,-2.026197,-0.14381000000000022,-0.14472835714285712,-0.0009183571428569015
12.223698,9.223382,4.672505,4.550876,-1.9759439999999984,-0.14074200000000037,-0.14113885714285704,-0.0003968571428566714
12.226605,9.268152,4.668671,4.599481,-1.9311739999999986,-0.13690800000000003,-0.1379409999999999,-0.0010329999999998674
12.229819,9.313596,4.665986,4.64761,-1.8857299999999988,-0.13422300000000043,-0.13469499999999993,-0.0004719999999995006
12.233078,9.35604,4.662918,4.693122,-1.843285999999999,-0.13115500000000058,-0.13166328571428565,-0.0005082857142850727
12.236013,9.395411,4.65985,4.73556,-1.803915,-0.12808699999999984,-0.1288510714285714,-0.0007640714285715722
12.239421,9.442497,4.656399,4.786098,-1.7568289999999998,-0.12463600000000064,-0.1254877857142857,-0.0008517857142850693
12.242579,9.486471,4.653714,4.832756,-1.7128549999999994,-0.12195100000000014,-0.12234678571428567,-0.0003957857142855292
12.245679,9.531474,4.65103,4.880445,-1.667852,-0.11926700000000068,-0.1191322857142857,0.00013471428571497357
12.24893,9.575709,4.646811,4.928897,-1.6236169999999994,-0.11504799999999982,-0.11597264285714282,-0.0009246428571429988
12.251832,9.612943,4.643743,4.9692,-1.5863829999999997,-0.11197999999999997,-0.1133130714285714,-0.0013330714285714335
12.255196,9.659173,4.641059,5.018114,-1.540153,-0.1092960000000005,-0.11001092857142858,-0.0007149285714280751
12.258335,9.705514,4.636457,5.069057,-1.4938119999999984,-0.10469400000000029,-0.10670085714285703,-0.002006857142856741
12.262127,9.759384,4.633772,5.125611,-1.4399419999999985,-0.1020089999999998,-0.10285299999999989,-0.0008440000000000947
12.265198,9.805777,4.631471,5.174306,-1.3935489999999984,-0.09970800000000057,-0.09953921428571418,0.00016878571428639855
12.268646,9.850371,4.627253,5.223118,-1.3489549999999983,-0.09548999999999985,-0.09635392857142845,-0.0008639285714285988
12.271268,9.890578,4.624569,5.266009,-1.3087479999999996,-0.09280600000000039,-0.09348199999999997,-0.0006759999999995797
12.274982,9.940643,4.62035,5.320293,-1.2586829999999996,-0.08858700000000042,-0.08990592857142854,-0.001318928571428124
12.278623,9.995121,4.614981,5.38014,-1.204205,-0.08321800000000046,-0.08601464285714286,-0.0027966428571424007
12.282007,10.049444,4.612297,5.437148,-1.1498819999999998,-0.0805340000000001,-0.08213442857142857,-0.001600428571428461
12.285157,10.097887,4.609229,5.488658,-1.1014389999999992,-0.07746600000000026,-0.07867421428571422,-0.0012082142857139655
12.288271,10.140895,4.605394,5.535501,-1.0584309999999988,-0.07363100000000067,-0.0756022142857142,-0.001971214285713535
12.292323,10.197453,4.601175,5.596277,-1.0018729999999998,-0.06941199999999981,-0.07156235714285712,-0.002150357142857315
12.29592,10.250454,4.598491,5.651963,-0.9488719999999997,-0.06672800000000034,-0.06777657142857141,-0.0010485714285710657
12.299443,10.300602,4.595423,5.705179,-0.8987239999999996,-0.0636600000000005,-0.0641945714285714,-0.0005345714285709124
12.302196,10.342703,4.590821,5.751882,-0.856622999999999,-0.05905800000000028,-0.06118735714285707,-0.0021293571428567942
12.305575,10.390478,4.588137,5.802342,-0.8088479999999993,-0.056373999999999924,-0.05777485714285709,-0.001400857142857169
12.308766,10.43965,4.585069,5.854581,-0.7596759999999989,-0.053306000000000076,-0.05426257142857135,-0.000956571428571272
12.311349,10.477698,4.582001,5.895698,-0.721627999999999,-0.05023800000000023,-0.05154485714285707,-0.001306857142856846
12.314259,10.522116,4.578933,5.943183,-0.6772099999999988,-0.04717000000000038,-0.048372142857142766,-0.0012021428571423881
12.318767,10.565486,4.575865,5.989621,-0.6338399999999993,-0.04410200000000053,-0.04527428571428566,-0.0011722857142851331
12.320187,10.611355,4.57318,6.038175,-0.5879709999999996,-0.04141700000000004,-0.04199792857142854,-0.0005809285714285031
12.323149,10.655263,4.568195,6.087069,-0.5440629999999995,-0.036432000000000464,-0.038861642857142824,-0.0024296428571423598
12.326341,10.70414,4.565127,6.139013,-0.49518599999999857,-0.033364000000000615,-0.03537042857142847,-0.002006428571427854
12.329662,10.753346,4.562442,6.190904,-0.4459799999999987,-0.030679000000000123,-0.031855714285714196,-0.0011767142857140728
12.332731,10.801177,4.558607,6.242569,-0.3981490000000001,-0.026844000000000534,-0.028439214285714293,-0.0015952142857137593
12.335738,10.847323,4.554005,6.293317,-0.35200299999999984,-0.022242000000000317,-0.025143071428571417,-0.0029010714285711003
12.338894,10.896003,4.552088,6.343915,-0.3033229999999989,-0.020325000000000593,-0.021665928571428492,-0.0013409285714278997
12.342275,10.944376,4.54902,6.395356,-0.2549499999999991,-0.017256999999999856,-0.018210714285714222,-0.0009537142857143667
12.34544,10.993102,4.545952,6.44715,-0.20622399999999885,-0.014189000000000007,-0.014730285714285632,-0.0005412857142856244
12.348717,11.036026,4.542117,6.493908,-0.16329999999999956,-0.010354000000000418,-0.011664285714285683,-0.0013102857142852642
12.351506,11.085173,4.538282,6.546891,-0.11415299999999995,-0.0065189999999999415,-0.00815378571428571,-0.0016347857142857691
12.354742,11.132117,4.535981,6.596135,-0.06720900000000007,-0.004217999999999833,-0.004800642857142863,-0.0005826428571430297
12.358084,11.182915,4.531763,6.651153,-0.01641099999999973,-0.0,-0.0011722142857142665,-0.0011722142857142665
12.361064,11.22255,4.528311,6.694239,0.0232240000000008,0.0034519999999993445,0.0016588571428572,-0.0017931428571421445
12.364137,11.272056,4.52486,6.747196,0.07272999999999996,0.006902999999999437,0.005194999999999997,-0.00170799999999944
12.369685,11.32263,4.520641,6.801988,0.12330400000000097,0.01112199999999941,0.008807428571428641,-0.002314571428570769
12.370692,11.376941,4.51719,6.859751,0.1776150000000012,0.014572999999999503,0.0126867857142858,-0.0018862142857137033
12.374136,11.426501,4.514122,6.912379,0.2271750000000008,0.01764099999999935,0.01622678571428577,-0.0014142142857135817
12.377157,11.474973,4.511437,6.963536,0.2756470000000011,0.020325999999999844,0.019689071428571507,-0.0006369285714283371
12.380143,11.519892,4.506452,7.01344,0.32056600000000124,0.025310999999999417,0.022897571428571517,-0.0024134285714279002
12.383143,11.566814,4.504151,7.062663,0.3674880000000016,0.027611999999999526,0.02624914285714297,-0.001362857142856555
12.386224,11.61538,4.5007,7.114681,0.4160540000000008,0.03106299999999962,0.029718142857142915,-0.0013448571428567035
12.389499,11.663308,4.497632,7.165676,0.46398200000000145,0.03413099999999947,0.033141571428571534,-0.0009894285714279333
12.392232,11.705004,4.49303,7.211975,0.5056780000000014,0.038732999999999684,0.036119857142857245,-0.002613142857142439
12.395342,11.751156,4.490345,7.26081,0.5518300000000007,0.04141800000000018,0.03941642857142862,-0.002001571428571554
12.398999,11.803838,4.485743,7.318094,0.6045120000000015,0.046019999999999506,0.04317942857142868,-0.0028405714285708247
12.402062,11.853233,4.483059,7.370174,0.6539070000000002,0.04870399999999986,0.04670764285714287,-0.0019963571428569873
12.405652,11.897802,4.479991,7.417811,0.6984760000000012,0.05177199999999971,0.049891142857142946,-0.0018808571428567608
12.408263,11.945307,4.476923,7.468384,0.7459810000000004,0.054839999999999556,0.053284357142857175,-0.0015556428571423808
12.411142,11.984605,4.473855,7.51075,0.785279000000001,0.057907999999999404,0.056091357142857214,-0.0018166428571421908
12.414128,12.030995,4.470404,7.560591,0.8316690000000015,0.0613589999999995,0.059404928571428685,-0.0019540714285708125
12.418823,12.077437,4.468486,7.608951,0.8781110000000005,0.06327699999999936,0.06272221428571433,-0.000554785714285036
12.420398,12.122185,4.463884,7.658301,0.9228590000000008,0.06787899999999958,0.06591850000000006,-0.001960499999999518
12.423706,12.178191,4.459282,7.718909,0.9788650000000008,0.0724809999999998,0.06991892857142863,-0.0025620714285711638
12.428643,12.248246,4.455447,7.792799,1.0489200000000007,0.07631599999999938,0.0749228571428572,-0.0013931428571421905
12.430208,12.277307,4.452379,7.824928,1.0779810000000012,0.07938400000000012,0.07699864285714295,-0.002385357142857175
12.433671,12.326686,4.449311,7.877375,1.1273600000000012,0.08245199999999997,0.08052571428571438,-0.0019262857142855888
12.436369,12.368661,4.444709,7.923952,1.1693350000000002,0.08705400000000019,0.08352392857142858,-0.0035300714285716045
12.439742,12.413808,4.442025,7.971784,1.2144820000000003,0.08973799999999965,0.0867487142857143,-0.0029892857142853474
12.442403,12.460047,4.438957,8.02109,1.2607210000000002,0.0928059999999995,0.09005150000000002,-0.0027544999999994796
12.445268,12.500002,4.436656,8.063346,1.300676000000001,0.09510699999999961,0.09290542857142865,-0.002201571428570956
12.448507,12.548492,4.433204,8.115288,1.3491660000000003,0.09855899999999984,0.09636900000000002,-0.002189999999999817
12.451617,12.590463,4.428603,8.161861,1.3911370000000005,0.10315999999999992,0.0993669285714286,-0.0037930714285713124
12.454728,12.638168,4.425918,8.21225,1.438842000000001,0.10584499999999952,0.10277442857142864,-0.0030705714285708813
12.457919,12.692659,4.423234,8.269425,1.4933330000000016,0.10852899999999988,0.10666664285714297,-0.001862357142856902
12.461393,12.729128,4.417481,8.311647,1.529802,0.11428199999999933,0.10927157142857144,-0.0050104285714278884
12.465588,12.79494,4.414797,8.380143,1.5956140000000012,0.11696599999999968,0.11397242857142866,-0.0029935714285710263
12.471876,12.844399,4.411345,8.433053,1.645073,0.12041799999999991,0.11750521428571428,-0.0029127857142856317
12.471876,12.886224,4.405593,8.480631,1.6868980000000011,0.12617000000000012,0.12049271428571437,-0.005677285714285746
12.476629,12.954775,4.402908,8.551866,1.7554490000000005,0.12885499999999972,0.1253892142857143,-0.0034657857142854076
12.480074,13.002469,4.39984,8.602629,1.8031430000000004,0.13192299999999957,0.1287959285714286,-0.0031270714285709655
12.482965,13.041458,4.397156,8.644302,1.8421320000000012,0.13460699999999992,0.13158085714285722,-0.0030261428571426996
12.485697,13.081438,4.394088,8.68735,1.8821120000000011,0.13767499999999977,0.13443657142857152,-0.0032384285714282535
12.488779,13.128706,4.390253,8.738453,1.92938,0.14150999999999936,0.13781285714285715,-0.003697142857142205
12.491708,13.166491,4.387185,8.779306,1.9671650000000014,0.1445780000000001,0.14051178571428583,-0.00406621428571427
12.495322,13.219379,4.384117,8.835262,2.0200530000000008,0.14764599999999994,0.14428950000000004,-0.0033564999999999012
12.498853,13.257619,4.381816,8.875803,2.058293000000001,0.14994700000000005,0.14702092857142862,-0.0029260714285714307
12.501299,13.299943,4.377981,8.921962,2.1006170000000015,0.15378199999999964,0.15004407142857154,-0.0037379285714281008
12.504752,13.347251,4.375297,8.971954,2.1479250000000008,0.156466,0.15342321428571434,-0.0030427857142856507
12.50774,13.400694,4.372229,9.028466,2.2013680000000004,0.15953399999999984,0.15724057142857145,-0.002293428571428391
12.510748,13.434026,4.368777,9.065248,2.2347,0.16298600000000008,0.15962142857142858,-0.0033645714285714945
12.514399,13.481778,4.366093,9.115685,2.282452000000001,0.16566999999999954,0.1630322857142858,-0.0026377142857137437
12.517844,13.536314,4.362258,9.174056,2.3369880000000016,0.16950500000000002,0.1669277142857144,-0.0025772857142856154
12.52096,13.569724,4.35919,9.210534,2.3703980000000016,0.17257299999999987,0.16931414285714297,-0.003258857142856897
12.524333,13.615365,4.357272,9.258092,2.4160390000000014,0.17449099999999973,0.17257421428571437,-0.0019167857142853573
12.527768,13.671914,4.35267,9.319243,2.472588,0.17909299999999995,0.17661342857142856,-0.0024795714285713866
12.530698,13.701945,4.349986,9.351959,2.502619000000001,0.1817769999999994,0.17875850000000007,-0.003018499999999341
12.533989,13.743851,4.347302,9.396549,2.544525,0.18446099999999976,0.1817517857142857,-0.002709214285714051
12.536997,13.780725,4.345001,9.435724,2.581399000000001,0.18676199999999987,0.18438564285714293,-0.002376357142856944
12.540082,13.820109,4.341549,9.47856,2.620783000000001,0.1902140000000001,0.1871987857142858,-0.0030152142857143016
12.543636,13.864084,4.338098,9.525986,2.664758000000001,0.1936650000000002,0.1903398571428572,-0.0033251428571429986
12.548566,13.927329,4.335413,9.591916,2.728003000000001,0.1963499999999998,0.1948573571428572,-0.0014926428571425954
12.549809,13.951359,4.332729,9.61863,2.752033000000001,0.19903400000000016,0.19657378571428577,-0.002460214285714385
12.553339,13.989858,4.330811,9.659047,2.7905320000000007,0.20095200000000002,0.19932371428571433,-0.0016282857142856932
12.556319,14.026821,4.328127,9.698694,2.8274950000000008,0.20363599999999948,0.2019639285714286,-0.0016720714285708704
12.559587,14.062463,4.324675,9.737788,2.863137,0.20708799999999972,0.2045097857142857,-0.0025782142857140034
12.562346,14.099504,4.321991,9.777513,2.9001780000000004,0.20977200000000007,0.20715557142857147,-0.002616428571428603
12.565201,14.134674,4.320073,9.814601,2.935348000000001,0.21168999999999993,0.20966771428571437,-0.00202228571428556
12.568499,14.17315,4.317005,9.856144,2.9738240000000005,0.21475799999999978,0.21241600000000002,-0.002341999999999761
12.570898,14.20637,4.313554,9.892816,3.0070440000000005,0.21820899999999988,0.21478885714285717,-0.003420142857142705
12.574632,14.251005,4.311636,9.939369,3.051679,0.22012699999999974,0.21797707142857142,-0.0021499285714283167
12.578236,14.294409,4.309336,9.985073,3.0950830000000007,0.2224269999999997,0.2210773571428572,-0.0013496428571425079
12.581068,14.325924,4.305884,10.02004,3.1265980000000013,0.22587899999999994,0.22332842857142868,-0.0025505714285712633
12.584353,14.364058,4.303583,10.060475,3.1647320000000008,0.22818000000000005,0.22605228571428576,-0.0021277142857142883
12.587597,14.411812,4.300899,10.110914,3.212486,0.23086399999999951,0.22946328571428573,-0.0014007142857137833
12.5909,14.434695,4.299365,10.13533,3.2353690000000004,0.23239799999999988,0.23109778571428574,-0.0013002142857141408
12.593892,14.474163,4.29553,10.178634,3.2748370000000016,0.23623299999999947,0.23391692857142868,-0.002316071428570793
12.598539,14.526892,4.293229,10.233664,3.327566000000001,0.23853399999999958,0.2376832857142858,-0.0008507142857137884
12.600046,14.549113,4.289777,10.259335,3.349787000000001,0.2419859999999998,0.23927050000000008,-0.002715499999999732
12.60379,14.584661,4.288243,10.296418,3.3853350000000013,0.24352000000000018,0.24180964285714296,-0.0017103571428572217
12.606799,14.617668,4.285942,10.331726,3.418342000000001,0.2458209999999994,0.24416728571428578,-0.00165371428571362
12.609861,14.648663,4.283641,10.365021,3.4493370000000017,0.2481219999999995,0.2463812142857144,-0.001740785714285098
12.613099,14.683943,4.280573,10.403369,3.484617,0.25118999999999936,0.2489012142857143,-0.002288785714285063
12.616523,14.721895,4.279039,10.442856,3.5225690000000007,0.2527239999999997,0.2516120714285715,-0.0011119285714282223
12.619821,14.758624,4.276738,10.481885,3.559298,0.25502499999999984,0.25423557142857145,-0.0007894285714283855
12.622674,14.786592,4.27367,10.512922,3.5872660000000014,0.2580929999999997,0.25623328571428583,-0.0018597142857138538
12.62567,14.816159,4.271753,10.544406,3.6168330000000015,0.2600099999999994,0.2583452142857144,-0.001664785714285022
12.628921,14.84662,4.269836,10.576784,3.6472940000000005,0.261927,0.26052100000000006,-0.0014059999999999628
12.631679,14.874171,4.268302,10.60587,3.6748450000000012,0.2634609999999995,0.26248892857142864,-0.0009720714285708643
12.634869,14.905521,4.266001,10.63952,3.706195000000001,0.2657619999999996,0.26472821428571436,-0.0010337857142852513
12.637843,14.9426,4.262933,10.679667,3.7432740000000013,0.26882999999999946,0.26737671428571436,-0.001453285714285102
12.642097,14.979787,4.259481,10.720306,3.7804610000000007,0.2722819999999997,0.27003292857142863,-0.002249071428571059
12.645101,15.011072,4.257564,10.753508,3.811746000000001,0.2741989999999994,0.2722675714285715,-0.0019314285714279178
12.648434,15.040933,4.25603,10.784904,3.8416070000000015,0.2757329999999998,0.2744005000000001,-0.0013324999999996812
12.651304,15.070065,4.253345,10.81672,3.8707390000000004,0.2784179999999994,0.27648135714285715,-0.0019366428571422345
12.654701,15.097445,4.251811,10.845634,3.898119000000001,0.27995199999999976,0.2784370714285715,-0.0015149285714282645
12.657703,15.131249,4.250277,10.880972,3.931923000000001,0.2814860000000001,0.2808516428571429,-0.0006343571428572004
12.6607,15.1508,4.24836,10.90244,3.951474000000001,0.28340299999999985,0.28224814285714295,-0.001154857142856902
12.664218,15.181546,4.245292,10.936254,3.9822200000000016,0.2864709999999997,0.2844442857142858,-0.002026714285713882
12.667094,15.207354,4.244141,10.963212,4.008028000000001,0.2876219999999998,0.28628771428571437,-0.0013342857142854547
12.669937,15.236559,4.242224,10.994335,4.0372330000000005,0.28953899999999955,0.28837378571428574,-0.0011652142857138115
12.673236,15.261202,4.240306,11.020895,4.061876000000002,0.2914569999999994,0.2901340000000001,-0.001322999999999297
12.676236,15.286754,4.239156,11.047598,4.087428000000001,0.2926069999999994,0.2919591428571429,-0.0006478571428564783
12.679561,15.312467,4.236471,11.075996,4.113141000000001,0.2952919999999999,0.2937957857142858,-0.0014962142857141147
12.682148,15.333636,4.235704,11.097932,4.134310000000001,0.29605899999999963,0.29530785714285723,-0.000751142857142395
12.685212,15.355266,4.233787,11.121479,4.155940000000001,0.29797599999999935,0.2968528571428572,-0.0011231428571421564
12.688504,15.377669,4.232636,11.145033,4.178343,0.2991269999999995,0.2984530714285714,-0.0006739285714280618
12.691099,15.399714,4.231103,11.168612,4.200388,0.3006599999999997,0.3000277142857143,-0.0006322857142854188
12.694526,15.424524,4.228802,11.195723,4.225198000000001,0.3029609999999998,0.3017998571428572,-0.0011611428571426385
12.697659,15.455607,4.227268,11.228339,4.256281000000001,0.3044950000000002,0.3040200714285715,-0.00047492857142866773
12.700496,15.472756,4.22535,11.247406,4.273430000000001,0.30641300000000005,0.3052450000000001,-0.0011679999999999469
12.703787,15.496705,4.2242,11.272506,4.297379000000001,0.30756300000000003,0.30695564285714294,-0.0006073571428570901
12.708446,15.527169,4.223049,11.30412,4.327843000000001,0.30871400000000015,0.30913164285714295,0.00041764285714279703
12.709921,15.537281,4.220748,11.316533,4.337955000000001,0.3110149999999994,0.3098539285714286,-0.001161071428570748
12.713438,15.560662,4.219214,11.341448,4.361336000000001,0.31254899999999974,0.3115240000000001,-0.001024999999999665
12.71633,15.576591,4.218064,11.358527,4.377265000000001,0.31369899999999973,0.3126617857142858,-0.0010372142857139055
12.719614,15.595532,4.216146,11.379386,4.396206000000001,0.3156169999999996,0.31401471428571437,-0.0016022857142852232
12.722987,15.613156,4.215379,11.397777,4.413830000000001,0.31638399999999933,0.3152735714285715,-0.0011104285714278461
12.725747,15.628783,4.214612,11.414171,4.429457000000001,0.31715099999999996,0.3163897857142858,-0.0007612142857141846
12.729505,15.648971,4.212311,11.43666,4.449645,0.31945200000000007,0.3178317857142857,-0.0016202142857143498
12.731921,15.666952,4.211544,11.455407,4.467626000000001,0.3202189999999998,0.3191161428571429,-0.0011028571428569056
12.73545,15.689765,4.21001,11.479755,4.490439,0.3217530000000002,0.32074564285714285,-0.0010073571428573236
12.738557,15.714014,4.208476,11.505538,4.514688000000001,0.32328699999999966,0.32247771428571437,-0.0008092857142852905
12.74123,15.730822,4.207326,11.523496,4.531496000000001,0.32443699999999964,0.32367828571428575,-0.0007587142857138907
12.744737,15.750419,4.206175,11.544244,4.551093000000002,0.32558799999999977,0.32507807142857154,-0.0005099285714282309
12.747855,15.766795,4.204641,11.562154,4.567469000000001,0.32712200000000013,0.32624778571428575,-0.0008742142857143809
12.750592,15.782384,4.203874,11.578509,4.583058000000001,0.3278889999999999,0.3273612857142858,-0.000527714285714076
12.754595,15.794311,4.202724,11.591587,4.594985000000001,0.32903899999999986,0.32821321428571437,-0.0008257857142854874
12.757689,15.814058,4.201573,11.612485,4.614732,0.33019,0.3296237142857143,-0.0005662857142856859
12.760804,15.820486,4.200806,11.61968,4.6211600000000015,0.3309569999999997,0.33008285714285723,-0.0008741428571424903
12.764919,15.837352,4.200423,11.63693,4.638026,0.33133999999999997,0.3312875714285714,-5.2428571428564386e-05
12.769067,15.844354,4.199656,11.644698,4.645028,0.3321069999999997,0.3317877142857143,-0.0003192857142854111
12.770771,15.852262,4.199272,11.65299,4.652936,0.3324910000000001,0.33235257142857144,-0.0001384285714286504
12.774063,15.862044,4.197738,11.664306,4.662718,0.3340249999999996,0.3330512857142857,-0.0009737142857138559
12.778594,15.881943,4.197355,11.684588,4.6826170000000005,0.3344079999999998,0.3344726428571429,6.464285714308238e-05
12.780763,15.888519,4.196588,11.691931,4.689193000000001,0.33517499999999956,0.33494235714285725,-0.0002326428571423067
12.784109,15.908046,4.19467,11.713375,4.708720000000001,0.3370929999999994,0.33633714285714295,-0.0007558571428564753
12.788458,15.921468,4.194287,11.727181,4.722142000000002,0.33747599999999967,0.33729585714285726,-0.00018014285714240685
12.790408,15.930705,4.19352,11.737185,4.7313790000000004,0.3382429999999994,0.3379556428571429,-0.0002873571428564925
12.793332,15.936198,4.192753,11.743445,4.736872,0.33901000000000003,0.338348,-0.0006620000000000514
12.79624,15.943954,4.192753,11.751201,4.7446280000000005,0.33901000000000003,0.33890200000000004,-0.00010799999999999699
12.7994,15.957003,4.191603,11.7654,4.757677000000001,0.34016,0.3398340714285715,-0.00032592857142849097
12.802273,15.959875,4.191219,11.768656,4.760549000000001,0.3405439999999995,0.3400392142857144,-0.0005047857142851386
12.80507,15.967513,4.190452,11.777061,4.768187000000001,0.34131100000000014,0.3405847857142858,-0.0007262142857143439
12.808454,15.982657,4.190069,11.792588,4.783331,0.3416939999999995,0.34166650000000004,-2.7499999999458513e-05
12.811219,15.985323,4.189685,11.795638,4.785997,0.3420779999999999,0.3418569285714286,-0.00022107142857130668
12.814865,15.992199,4.188918,11.803281,4.792873,0.3428449999999996,0.34234807142857143,-0.0004969285714281901
12.817822,16.001673,4.188535,11.813138,4.802347000000001,0.34322799999999987,0.3430247857142858,-0.00020321428571407063
12.820674,16.004765,4.188918,11.815847,4.805439,0.3428449999999996,0.3432456428571428,0.00040064285714319636
12.824322,16.006057,4.188151,11.817906,4.806730999999999,0.34361199999999936,0.34333792857142853,-0.00027407142857083233
12.828846,16.006875,4.187768,11.819108,4.807549000000002,0.3439949999999996,0.34339635714285727,-0.0005986428571423397
12.830597,16.007581,4.187768,11.819813,4.808254999999999,0.3439949999999996,0.34344678571428566,-0.0005482142857139438
12.834066,16.00991,4.187384,11.822526,4.810584000000002,0.344379,0.343613142857143,-0.0007658571428569849
12.838779,16.017372,4.187001,11.830371,4.8180460000000025,0.34476199999999935,0.344146142857143,-0.0006158571428563353
12.840854,16.021255,4.186617,11.834638,4.821929000000001,0.34514599999999973,0.34442350000000005,-0.0007224999999996817
12.84383,16.024305,4.187001,11.837304,4.824978999999999,0.34476199999999935,0.3446413571428571,-0.0001206428571422502
12.846838,16.025455,4.186617,11.838838,4.826129000000002,0.34514599999999973,0.3447235000000001,-0.00042249999999960375
12.849838,16.023646,4.186617,11.837029,4.82432,0.34514599999999973,0.34459428571428574,-0.000551714285713989
12.853753,16.023864,4.186617,11.837247,4.824538,0.34514599999999973,0.3446098571428572,-0.0005361428571425408
12.86063,16.024916,4.186617,11.838299,4.825590000000002,0.34514599999999973,0.34468500000000013,-0.0004609999999996006
12.86063,16.024507,4.187001,11.837507,4.825181000000001,0.34476199999999935,0.34465578571428573,-0.0001062142857136128
12.865095,16.024194,4.186617,11.837577,4.824868000000002,0.34514599999999973,0.3446334285714287,-0.0005125714285710292
12.869094,16.023815,4.186617,11.837198,4.824489,0.34514599999999973,0.34460635714285714,-0.000539642857142586
12.871433,16.023968,4.186617,11.837351,4.824642000000001,0.34514599999999973,0.3446172857142858,-0.0005287142857139382
12.87472,16.023524,4.187001,11.836524,4.824197999999999,0.34476199999999935,0.3445855714285714,-0.00017642857142796675
12.877588,16.022221,4.186617,11.835604,4.822894999999999,0.34514599999999973,0.3444924999999999,-0.000653499999999807
12.881065,16.02134,4.186617,11.834723,4.822013999999999,0.34514599999999973,0.3444295714285714,-0.0007164285714283403
12.883966,16.019528,4.186617,11.832911,4.820202000000002,0.34514599999999973,0.344300142857143,-0.0008458571428567319
12.886719,16.018181,4.186617,11.831564,4.818854999999999,0.34514599999999973,0.3442039285714285,-0.0009420714285712228
12.889585,16.016439,4.186617,11.829822,4.817112999999999,0.34514599999999973,0.3440794999999999,-0.0010664999999998037
12.892597,16.015234,4.186617,11.828617,4.815908,0.34514599999999973,0.3439934285714286,-0.0011525714285711142
12.895534,16.012601,4.186617,11.825984,4.813275000000001,0.34514599999999973,0.3438053571428572,-0.0013406428571425266
12.898896,16.011236,4.187384,11.823852,4.811910000000001,0.344379,0.34370785714285723,-0.0006711428571427591
12.901683,16.009563,4.187384,11.822179,4.810237000000001,0.344379,0.3435883571428572,-0.0007906428571428092
12.905306,16.008261,4.187001,11.82126,4.808935000000002,0.34476199999999935,0.3434953571428573,-0.001266642857142064
12.909443,16.006409,4.187001,11.819409,4.807083000000002,0.34476199999999935,0.3433630714285716,-0.00139892857142776
12.912143,16.004648,4.187384,11.817264,4.805322,0.344379,0.34323728571428574,-0.001141714285714246
12.915492,15.997832,4.187768,11.810064,4.7985060000000015,0.3439949999999996,0.3427504285714287,-0.0012445714285709286
12.918866,15.987322,4.188151,11.79917,4.7879960000000015,0.34361199999999936,0.3419997142857144,-0.0016122857142849556
12.921446,15.982824,4.188151,11.794673,4.783498000000002,0.34361199999999936,0.34167842857142866,-0.0019335714285707017
12.924761,15.981157,4.188918,11.792239,4.781831,0.3428449999999996,0.3415593571428572,-0.0012856428571424439
12.928385,15.977595,4.188918,11.788677,4.778269000000002,0.3428449999999996,0.3413049285714287,-0.0015400714285709327
12.931484,15.968827,4.189302,11.779525,4.769501,0.3424610000000001,0.34067864285714283,-0.0017823571428572937
12.934831,15.962089,4.189685,11.772404,4.762763000000001,0.3420779999999999,0.34019735714285726,-0.0018806428571426226
12.938412,15.959428,4.189685,11.769743,4.760102000000002,0.3420779999999999,0.34000728571428585,-0.002070714285714037
12.941157,15.95864,4.189685,11.768955,4.759314000000002,0.3420779999999999,0.3399510000000001,-0.002126999999999768
12.944645,15.956637,4.190452,11.766185,4.757311000000001,0.34131100000000014,0.33980792857142866,-0.0015030714285714786
12.947761,15.948843,4.190836,11.758008,4.749517000000001,0.34092699999999976,0.33925121428571436,-0.0016757857142853938
12.951406,15.936234,4.191986,11.744248,4.7369080000000015,0.3397769999999998,0.33835057142857156,-0.0014264285714282177
12.954405,15.928581,4.192753,11.735828,4.729255,0.33901000000000003,0.3378039285714286,-0.0012060714285714313
12.957978,15.906969,4.19352,11.713449,4.707643000000001,0.3382429999999994,0.33626021428571434,-0.0019827857142850625
12.961047,15.900024,4.195054,11.70497,4.700698000000001,0.3367089999999999,0.3357641428571429,-0.0009448571428570252
12.964638,15.881812,4.195437,11.686375,4.682486000000001,0.3363259999999997,0.3344632857142858,-0.0018627142857138845
12.967549,15.877699,4.196204,11.681494,4.678373000000001,0.33555899999999994,0.33416950000000006,-0.001389499999999877
12.970848,15.862016,4.196971,11.665045,4.662690000000001,0.3347920000000002,0.3330492857142858,-0.0017427142857143751
12.974309,15.854273,4.197738,11.656534,4.654947,0.3340249999999996,0.3324962142857143,-0.0015287857142852745
12.978463,15.832413,4.199272,11.633141,4.6330870000000015,0.3324910000000001,0.3309347857142858,-0.0015562142857142858
12.980102,15.824159,4.200039,11.62412,4.624833000000001,0.33172399999999946,0.33034521428571434,-0.0013787857142851245
12.98416,15.802525,4.20119,11.601335,4.603199,0.33057299999999934,0.3287999285714286,-0.0017730714285707494
12.988447,15.778132,4.201957,11.576176,4.578806,0.3298059999999996,0.32705757142857145,-0.002748428571428152
12.990041,15.766735,4.204258,11.562478,4.567409000000001,0.3275049999999995,0.3262435000000001,-0.0012614999999994159
12.993332,15.753797,4.205025,11.548772,4.554471000000001,0.32673799999999975,0.32531935714285726,-0.0014186428571424936
12.996592,15.735358,4.205792,11.529566,4.5360320000000005,0.325971,0.32400228571428574,-0.001968714285714268
12.999662,15.721842,4.207709,11.514133,4.522516000000001,0.3240539999999994,0.32303685714285724,-0.0010171428571421615
13.002669,15.706467,4.208476,11.49799,4.507141000000001,0.32328699999999966,0.3219386428571429,-0.0013483571428567487
13.005664,15.688504,4.209627,11.478877,4.489178000000001,0.32213599999999953,0.3206555714285715,-0.0014804285714280496
13.008958,15.676604,4.210777,11.465826,4.477278,0.32098599999999955,0.3198055714285714,-0.0011804285714281382
13.011532,15.659531,4.211544,11.447986,4.460205,0.3202189999999998,0.3185860714285714,-0.0016329285714283825
13.014881,15.641551,4.213078,11.428473,4.4422250000000005,0.31868499999999944,0.31730178571428574,-0.0013832142857136964
13.018119,15.619006,4.214612,11.404394,4.419680000000001,0.31715099999999996,0.3156914285714287,-0.0014595714285712824
13.021148,15.601031,4.21653,11.384501,4.4017050000000015,0.3152330000000001,0.3144075000000001,-0.000825499999999979
13.024442,15.577972,4.218447,11.359525,4.378646000000002,0.3133159999999995,0.31276042857142866,-0.0005555714285708224
13.027801,15.547553,4.219598,11.327955,4.348227000000001,0.31216499999999936,0.31058764285714296,-0.0015773571428563948
13.030401,15.532439,4.221132,11.311308,4.333113000000001,0.3106309999999999,0.3095080714285715,-0.001122928571428372
13.033762,15.507888,4.222282,11.285606,4.308562,0.3094809999999999,0.3077544285714286,-0.0017265714285712996
13.036673,15.485648,4.224583,11.261065,4.286322,0.3071799999999998,0.30616585714285716,-0.0010141428571426303
13.039815,15.462089,4.226501,11.235588,4.262763000000001,0.3052619999999999,0.3044830714285715,-0.0007789285714284166
13.043323,15.437484,4.228418,11.209066,4.238158,0.3033450000000002,0.3027255714285714,-0.0006194285714287706
13.048679,15.415743,4.230336,11.185407,4.216417000000002,0.30142699999999945,0.30117264285714296,-0.00025435714285648725
13.050059,15.392004,4.231103,11.160901,4.192678000000001,0.3006599999999997,0.29947700000000005,-0.0011829999999996565
13.053,15.371584,4.23302,11.138564,4.172258000000001,0.298743,0.29801842857142863,-0.0007245714285713523
13.056047,15.347894,4.234554,11.11334,4.148568000000001,0.2972089999999996,0.29632628571428576,-0.0008827142857138481
13.059569,15.322467,4.237238,11.085228,4.123141,0.29452500000000015,0.29451007142857144,-1.4928571428707293e-05
13.062022,15.300315,4.238389,11.061926,4.100989,0.293374,0.29292778571428574,-0.0004462142857142859
13.066024,15.264408,4.241073,11.023334,4.065082,0.29068999999999967,0.29036300000000004,-0.00032699999999963314
13.069424,15.231884,4.242991,10.988893,4.032558000000002,0.2887719999999998,0.28803985714285724,-0.0007321428571425703
13.072143,15.206599,4.244525,10.962074,4.007273000000001,0.28723799999999944,0.2862337857142858,-0.0010042142857136227
13.075309,15.176117,4.246442,10.929675,3.9767910000000004,0.2853209999999997,0.28405650000000005,-0.0012644999999996687
13.07969,15.150933,4.249127,10.901807,3.951607000000001,0.2826360000000001,0.28225764285714294,-0.0003783571428571664
13.081887,15.119405,4.251811,10.867593,3.920079000000001,0.27995199999999976,0.28000564285714297,5.3642857143210154e-05
13.085314,15.092125,4.253345,10.83878,3.892799,0.2784179999999994,0.27805707142857145,-0.0003609285714279431
13.088491,15.06715,4.254879,10.812271,3.8678240000000006,0.2768839999999999,0.2762731428571429,-0.0006108571428570242
13.091211,15.040103,4.256413,10.78369,3.840777000000001,0.27534999999999954,0.27434121428571434,-0.0010087857142851986
13.094518,15.009003,4.258714,10.750289,3.8096770000000006,0.27304899999999943,0.27211978571428574,-0.0009292142857136865
13.09869,14.967847,4.261399,10.706449,3.7685210000000016,0.2703639999999998,0.26918007142857153,-0.0011839285714282943
13.100266,14.946489,4.2637,10.682789,3.7471630000000005,0.2680629999999997,0.2676545,-0.00040849999999970077
13.104099,14.911594,4.266001,10.645593,3.712268,0.2657619999999996,0.265162,-0.0005999999999996009
13.108717,14.882216,4.267535,10.614681,3.6828900000000004,0.26422800000000013,0.26306357142857145,-0.0011644285714286773
13.110064,14.852619,4.269836,10.582784,3.6532930000000015,0.261927,0.2609495000000001,-0.000977499999999909
13.113195,14.822381,4.272136,10.550245,3.623055000000001,0.25962700000000005,0.2587896428571429,-0.0008373571428571536
13.116217,14.794275,4.274054,10.520222,3.5949490000000015,0.2577090000000002,0.2567820714285715,-0.0009269285714286757
13.119445,14.759655,4.276355,10.4833,3.560329000000001,0.2554080000000001,0.25430921428571435,-0.0010987857142857327
13.122421,14.72551,4.279039,10.446471,3.5261840000000007,0.2527239999999997,0.25187028571428577,-0.0008537142857139579
13.125339,14.691282,4.282107,10.409174,3.491956,0.24965599999999988,0.24942542857142858,-0.0002305714285713023
13.128946,14.650591,4.284408,10.366182,3.451265000000001,0.24735499999999977,0.24651892857142865,-0.0008360714285711168
13.131757,14.62023,4.286709,10.333521,3.420904,0.24505399999999966,0.24435028571428571,-0.0007037142857139467
13.134969,14.585212,4.289394,10.295818,3.385886000000001,0.24236900000000006,0.24184900000000006,-0.0005199999999999927
13.138157,14.550795,4.291311,10.259484,3.3514690000000016,0.24045199999999944,0.23939064285714298,-0.0010613571428564617
13.140817,14.522966,4.293229,10.229737,3.323640000000001,0.23853399999999958,0.23740285714285722,-0.0011311428571423587
13.144206,14.483667,4.296297,10.18737,3.2843410000000013,0.23546599999999973,0.2345957857142858,-0.0008702142857139328
13.149051,14.451285,4.299365,10.151921,3.251959000000001,0.23239799999999988,0.2322827857142858,-0.00011521428571409364
13.150107,14.412879,4.302049,10.11083,3.213553000000001,0.22971399999999953,0.22953950000000006,-0.00017449999999946675
13.153526,14.377711,4.303583,10.074128,3.1783850000000005,0.22818000000000005,0.22702750000000002,-0.0011525000000000285
13.15649,14.340872,4.306268,10.034604,3.141546,0.22549499999999956,0.22439614285714285,-0.0010988571428567073
13.159634,14.305929,4.308185,9.997744,3.1066030000000016,0.22357799999999983,0.2219002142857144,-0.0016777857142854236
13.162456,14.272051,4.311636,9.960414,3.072725,0.22012699999999974,0.21948035714285716,-0.000646642857142582
13.165478,14.23466,4.313937,9.920723,3.0353340000000006,0.21782599999999963,0.21680957142857146,-0.0010164285714281684
13.171534,14.1595,4.316622,9.842878,2.9601740000000003,0.21514100000000003,0.21144100000000002,-0.003700000000000009
13.171534,14.1595,4.321607,9.837892,2.9601740000000003,0.21015599999999957,0.21144100000000002,0.0012850000000004524
13.17633,14.099623,4.323908,9.775715,2.900297,0.20785499999999946,0.20716407142857143,-0.0006909285714280233
13.179653,14.060374,4.326209,9.734164,2.8610480000000003,0.20555399999999935,0.20436057142857145,-0.0011934285714279014
13.182332,14.027341,4.32851,9.69883,2.8280150000000006,0.20325300000000013,0.20200107142857146,-0.0012519285714286676
13.185197,13.993108,4.332729,9.660379,2.793782,0.19903400000000016,0.19955585714285715,0.0005218571428569907
13.188975,13.940922,4.33503,9.605893,2.7415960000000013,0.19673300000000005,0.19582828571428582,-0.000904714285714231
13.191947,13.903961,4.336947,9.567014,2.7046350000000015,0.19481599999999943,0.1931882142857144,-0.0016277857142850405
13.194921,13.865345,4.340015,9.52533,2.6660190000000004,0.19174799999999959,0.1904299285714286,-0.0013180714285709882
13.198092,13.821498,4.342316,9.479182,2.622172000000001,0.18944699999999948,0.18729800000000005,-0.002148999999999429
13.200906,13.788083,4.346151,9.441932,2.588757000000001,0.1856119999999999,0.18491121428571436,-0.0007007857142855289
13.204206,13.743905,4.348836,9.395069,2.5445790000000006,0.1829269999999994,0.1817556428571429,-0.0011713571428564884
13.208585,13.688603,4.351137,9.337467,2.4892770000000013,0.18062600000000018,0.1778055000000001,-0.002820500000000087
13.209796,13.663056,4.353437,9.309619,2.46373,0.1783260000000002,0.1759807142857143,-0.0023452857142859107
13.213579,13.621003,4.357272,9.263731,2.4216770000000007,0.17449099999999973,0.17297692857142863,-0.001514071428571101
13.216588,13.578089,4.36034,9.217749,2.378763000000001,0.17142299999999988,0.16991164285714294,-0.0015113571428569395
13.220085,13.535518,4.362641,9.172877,2.3361920000000005,0.16912199999999977,0.16687085714285718,-0.0022511428571425907
13.22308,13.49384,4.366476,9.127364,2.2945140000000013,0.16528700000000018,0.16389385714285723,-0.0013931428571429538
13.226106,13.453722,4.369161,9.084561,2.2543960000000016,0.1626019999999997,0.16102828571428582,-0.001573714285713873
13.229421,13.408935,4.371462,9.037473,2.2096090000000004,0.16030099999999958,0.1578292142857143,-0.002471785714285274
13.23225,13.369937,4.374146,8.995791,2.170611000000001,0.15761700000000012,0.15504364285714292,-0.0025733571428571966
13.235264,13.327441,4.376831,8.95061,2.128115000000001,0.15493199999999963,0.15200821428571437,-0.002923785714285254
13.23881,13.284184,4.381049,8.903135,2.0848580000000005,0.1507139999999998,0.14891842857142862,-0.0017955714285711744
13.241393,13.242714,4.383734,8.85898,2.043388,0.1480290000000002,0.14595628571428573,-0.0020727142857144554
13.244732,13.199114,4.386418,8.812696,1.9997880000000006,0.14534499999999984,0.14284200000000005,-0.002502999999999783
13.247694,13.145327,4.39102,8.754307,1.9460010000000008,0.14074299999999962,0.1390000714285715,-0.0017429285714281317
13.251032,13.109085,4.394088,8.714997,1.909759000000001,0.13767499999999977,0.1364113571428572,-0.0012636428571425606
13.254672,13.056557,4.396772,8.659784,1.8572310000000005,0.13499099999999942,0.13265935714285718,-0.002331642857142241
13.257737,13.002483,4.400607,8.601875,1.8031570000000006,0.13115599999999983,0.1287969285714286,-0.0023590714285712244
13.260363,12.974748,4.403292,8.571456,1.7754220000000007,0.12847099999999934,0.1268158571428572,-0.0016551428571421334
13.264046,12.926035,4.405976,8.520059,1.7267090000000014,0.12578699999999987,0.12333635714285725,-0.0024506428571426236
13.266971,12.881195,4.409428,8.471767,1.6818690000000007,0.12233499999999964,0.12013350000000005,-0.0022014999999995927
13.270634,12.831772,4.413646,8.418126,1.6324460000000016,0.1181169999999998,0.11660328571428583,-0.0015137142857139796
13.273826,12.7812,4.416331,8.364869,1.581874000000001,0.1154320000000002,0.11299100000000006,-0.0024410000000001375
13.278416,12.715492,4.420933,8.294559,1.5161660000000001,0.11082999999999998,0.10829757142857144,-0.0025324285714285466
13.280024,12.692608,4.423234,8.269374,1.4932820000000007,0.10852899999999988,0.10666300000000005,-0.0018659999999998261
13.283668,12.646129,4.426685,8.219444,1.446803000000001,0.10507799999999978,0.10334307142857149,-0.0017349285714282903
13.286245,12.60422,4.429753,8.174467,1.4048940000000005,0.10200999999999993,0.10034957142857147,-0.0016604285714284656
13.289491,12.55798,4.433971,8.124009,1.3586540000000014,0.0977920000000001,0.09704671428571439,-0.0007452857142857122
13.292295,12.512942,4.437039,8.075903,1.3136160000000014,0.09472399999999936,0.09382971428571439,-0.0008942857142849731
13.295467,12.468861,4.439724,8.029137,1.2695350000000012,0.09203899999999976,0.09068107142857151,-0.0013579285714282463
13.299047,12.425146,4.444326,7.98082,1.2258200000000006,0.08743699999999954,0.08755857142857147,0.00012157142857192882
13.302641,12.363576,4.447777,7.915799,1.164250000000001,0.08398599999999945,0.08316071428571435,-0.0008252857142850983
13.305633,12.316479,4.450462,7.866017,1.117153,0.08130099999999985,0.07979664285714286,-0.001504357142856988
13.30877,12.273334,4.45468,7.818654,1.074008000000001,0.07708300000000001,0.07671485714285721,-0.00036814285714280304
13.311795,12.225199,4.457748,7.767451,1.0258730000000007,0.07401500000000016,0.0732766428571429,-0.0007383571428572627
13.315126,12.1786,4.460816,7.717784,0.9792740000000002,0.07094699999999943,0.06994814285714288,-0.0009988571428565518
13.318173,12.133199,4.463501,7.669699,0.9338730000000002,0.06826199999999982,0.0667052142857143,-0.0015567857142855246
13.320856,12.093488,4.468103,7.625386,0.8941620000000015,0.0636599999999996,0.06386871428571439,0.0002087142857147839
13.324175,12.042322,4.470787,7.571535,0.8429960000000012,0.06097600000000014,0.06021400000000009,-0.0007620000000000543
13.328655,11.975909,4.473855,7.502054,0.7765830000000005,0.057907999999999404,0.05547021428571432,-0.0024377857142850873
13.33031,11.948224,4.478457,7.469767,0.7488980000000005,0.053306000000000076,0.053492714285714324,0.00018671428571424842
13.333879,11.898637,4.481141,7.417495,0.6993110000000016,0.05062199999999972,0.04995078571428583,-0.0006712142857138934
13.338706,11.850826,4.484593,7.366233,0.6515000000000004,0.04716999999999949,0.04653571428571431,-0.0006342857142851779
13.340152,11.800785,4.487661,7.313125,0.6014590000000002,0.04410199999999964,0.042961357142857155,-0.0011406428571424862
13.343212,11.753371,4.490729,7.262643,0.5540450000000003,0.04103399999999979,0.039574642857142885,-0.0014593571428569083
13.346101,11.710051,4.495331,7.214721,0.5107250000000008,0.036431999999999576,0.036480357142857196,4.835714285762044e-05
13.349453,11.661601,4.498399,7.163203,0.462275,0.03336399999999973,0.03301964285714286,-0.0003443571428568687
13.352262,11.619091,4.501083,7.118008,0.41976499999999994,0.030679999999999374,0.029983214285714283,-0.0006967857142850913
13.355575,11.566578,4.505302,7.061277,0.3672520000000006,0.0264609999999994,0.026232285714285757,-0.0002287142857136451
13.358974,11.521954,4.509137,7.012817,0.3226279999999999,0.022625999999999813,0.023044857142857138,0.00041885714285732484
13.36155,11.476319,4.511821,6.964498,0.27699300000000093,0.01994199999999946,0.019785214285714354,-0.00015678571428510632
13.36549,11.427275,4.516039,6.911236,0.22794900000000062,0.015723999999999627,0.016282071428571472,0.0005580714285718449
13.368967,11.37436,4.518724,6.855636,0.17503400000000013,0.013039000000000023,0.012502428571428581,-0.0005365714285714418
13.371726,11.327283,4.522942,6.80434,0.12795700000000032,0.00882100000000019,0.009139785714285737,0.0003187857142855476
13.375189,11.273072,4.526394,6.746678,0.07374600000000164,0.005368999999999957,0.005267571428571546,-0.0001014285714284113
13.378766,11.227366,4.529462,6.697904,0.02804000000000073,0.0023010000000001085,0.002002857142857195,-0.00029814285714291344
13.381845,11.173814,4.534064,6.63975,-0.02551199999999909,-0.0023010000000001085,-0.0018222857142856494,0.00047871428571445913
13.385046,11.124046,4.536748,6.587298,-0.07527999999999935,-0.004985000000000461,-0.00537714285714281,-0.0003921428571423491
13.388204,11.073225,4.539433,6.533792,-0.12610099999999846,-0.007670000000000066,-0.009007214285714176,-0.0013372142857141101
13.391218,11.027141,4.542884,6.484257,-0.17218499999999892,-0.011121000000000159,-0.012298928571428494,-0.0011779285714283352
13.394288,10.978708,4.546336,6.432372,-0.22061799999999998,-0.014573000000000391,-0.01575842857142857,-0.0011854285714281779
13.398578,10.917501,4.550554,6.366947,-0.28182499999999955,-0.018791000000000224,-0.02013035714285711,-0.0013393571428568854
13.400095,10.892965,4.553238,6.339727,-0.306360999999999,-0.021475000000000577,-0.0218829285714285,-0.0004079285714279242
13.403436,10.844833,4.555923,6.28891,-0.3544929999999997,-0.02416000000000018,-0.025320928571428553,-0.001160928571428372
13.406407,10.799081,4.558607,6.240474,-0.40024499999999996,-0.026844000000000534,-0.028588928571428567,-0.0017449285714280331
13.409646,10.750379,4.563209,6.18717,-0.44894699999999865,-0.03144599999999986,-0.03206764285714276,-0.000621642857142897
13.412485,10.708029,4.56551,6.142518,-0.49129699999999943,-0.03374699999999997,-0.035092642857142815,-0.0013456428571428439
13.415487,10.664843,4.568578,6.096265,-0.5344829999999998,-0.03681499999999982,-0.03817735714285713,-0.0013623571428573109
13.418679,10.622654,4.571263,6.051391,-0.5766719999999985,-0.03950000000000031,-0.041190857142857036,-0.0016908571428567234
13.421365,10.579131,4.575865,6.003267,-0.6201949999999989,-0.04410200000000053,-0.04429964285714278,-0.00019764285714225088
13.424685,10.528018,4.578933,5.949085,-0.6713079999999998,-0.04717000000000038,-0.04795057142857141,-0.0007805714285710336
13.4279,10.472033,4.582001,5.890032,-0.7272929999999995,-0.05023800000000023,-0.05194949999999997,-0.001711499999999741
13.431088,10.430866,4.586603,5.844263,-0.7684599999999993,-0.054840000000000444,-0.054889999999999946,-4.999999999950183e-05
13.43481,10.376974,4.589671,5.787304,-0.8223519999999986,-0.05790800000000029,-0.05873942857142848,-0.0008314285714281847
13.437973,10.322064,4.592738,5.729325,-0.877262,-0.060975,-0.06266157142857143,-0.0016865714285714262
13.44094,10.282868,4.59734,5.685528,-0.9164579999999987,-0.06557700000000022,-0.06546128571428562,0.00011571428571459375
13.444452,10.229341,4.601175,5.628166,-0.9699849999999994,-0.06941199999999981,-0.06928464285714282,0.00012735714285698474
13.44767,10.166921,4.603476,5.563444,-1.032404999999999,-0.07171299999999992,-0.0737432142857142,-0.002030214285714288
13.450369,10.137137,4.606928,5.530209,-1.062189,-0.07516500000000015,-0.07587064285714286,-0.0007056428571427104
13.453781,10.093598,4.610379,5.483219,-1.1057279999999992,-0.07861600000000024,-0.07898057142857137,-0.000364571428571131
13.456646,10.051133,4.613447,5.437686,-1.1481929999999991,-0.08168400000000009,-0.08201378571428565,-0.00032978571428556036
13.459945,10.002146,4.615748,5.386398,-1.1971799999999995,-0.0839850000000002,-0.0855128571428571,-0.0015278571428569004
13.462573,9.961632,4.618816,5.342816,-1.2376939999999994,-0.08705300000000005,-0.08840671428571424,-0.0013537142857141943
13.465384,9.924427,4.621501,5.302926,-1.2748989999999996,-0.08973800000000054,-0.09106421428571425,-0.0013262142857137088
13.469019,9.876449,4.625719,5.25073,-1.322877,-0.09395600000000037,-0.09449121428571429,-0.0005352142857139169
13.47156,9.838175,4.628404,5.209772,-1.3611509999999996,-0.09664099999999998,-0.0972250714285714,-0.0005840714285714199
13.475194,9.788662,4.631088,5.157574,-1.4106639999999988,-0.09932500000000033,-0.1007617142857142,-0.0014367142857138748
13.478368,9.741312,4.63569,5.105622,-1.4580139999999986,-0.10392700000000055,-0.10414385714285704,-0.00021685714285649138
13.482134,9.686963,4.638758,5.048205,-1.5123629999999988,-0.1069950000000004,-0.10802592857142848,-0.0010309285714280858
13.485268,9.641031,4.641826,4.999205,-1.5582949999999993,-0.11006300000000024,-0.11130678571428566,-0.0012437857142854197
13.488399,9.599117,4.645277,4.95384,-1.6002089999999995,-0.11351400000000034,-0.11430064285714282,-0.000786642857142486
13.49118,9.556236,4.648345,4.907891,-1.643089999999999,-0.11658200000000019,-0.11736357142857136,-0.0007815714285711733
13.494534,9.509497,4.651797,4.857701,-1.6898289999999996,-0.12003400000000042,-0.1207020714285714,-0.0006680714285709766
13.498542,9.450624,4.655632,4.794992,-1.7487019999999998,-0.123869,-0.12490728571428569,-0.001038285714285686
13.50075,9.418081,4.658316,4.759765,-1.7812449999999984,-0.12655300000000036,-0.1272317857142856,-0.0006787857142852294
13.50075,9.418081,4.661384,4.756697,-1.7812449999999984,-0.1296210000000002,-0.1272317857142856,0.0023892142857146192
13.508689,9.314838,4.665603,4.649236,-1.8844879999999993,-0.13384000000000018,-0.13460628571428565,-0.0007662857142854695
13.510992,9.290015,4.669438,4.620577,-1.9093109999999989,-0.13767500000000066,-0.13637935714285707,0.0012956428571435918
13.514723,9.232923,4.671355,4.561568,-1.9664029999999997,-0.13959200000000038,-0.14045735714285712,-0.0008653571428567375
13.51761,9.181509,4.674423,4.507086,-2.017816999999999,-0.14266000000000023,-0.14412978571428564,-0.0014697857142854098
13.520197,9.156155,4.677107,4.479048,-2.043170999999999,-0.14534400000000058,-0.14594078571428565,-0.0005967857142850641
13.523316,9.119759,4.680175,4.439584,-2.079566999999999,-0.14841200000000043,-0.14854049999999994,-0.000128499999999504
13.526374,9.079637,4.682476,4.39716,-2.1196889999999993,-0.15071300000000054,-0.15140635714285708,-0.0006933571428565377
13.529462,9.040942,4.684777,4.356165,-2.158384,-0.15301400000000065,-0.1541702857142857,-0.0011562857142850547
13.532315,9.00171,4.689379,4.312331,-2.197616,-0.15761599999999998,-0.15697257142857143,0.0006434285714285448
13.535275,8.96277,4.69168,4.27109,-2.2365559999999984,-0.1599170000000001,-0.1597539999999999,0.00016300000000019077
13.53862,8.922066,4.693598,4.228468,-2.27726,-0.16183499999999995,-0.16266142857142857,-0.0008264285714286168
13.541346,8.879422,4.697433,4.18199,-2.3199039999999993,-0.16567000000000043,-0.16570742857142853,-3.7428571428105295e-05
13.544838,8.836739,4.700884,4.135855,-2.3625869999999995,-0.16912100000000052,-0.16875621428571425,0.0003647857142862754
13.548394,8.787413,4.703569,4.083845,-2.4119129999999984,-0.17180600000000013,-0.1722794999999999,-0.0004734999999997658
13.550826,8.757797,4.70587,4.051927,-2.441528999999999,-0.17410700000000023,-0.17439492857142852,-0.00028792857142828643
13.554176,8.713996,4.708938,4.005058,-2.4853299999999994,-0.17717500000000008,-0.1775235714285714,-0.0003485714285713093
13.558616,8.659656,4.712005,3.94765,-2.539669999999999,-0.18024200000000068,-0.18140499999999996,-0.0011629999999992757
13.560051,8.638674,4.715073,3.923601,-2.5606519999999993,-0.18331000000000053,-0.18290371428571423,0.000406285714286303
13.563367,8.598431,4.717374,3.881057,-2.6008949999999995,-0.18561100000000064,-0.18577821428571425,-0.0001672142857136183
13.566427,8.56282,4.720442,3.842378,-2.636505999999999,-0.18867900000000049,-0.18832185714285707,0.00035714285714341654
13.566427,8.56282,4.72236,3.84046,-2.636505999999999,-0.19059700000000035,-0.18832185714285707,0.002275142857143281
13.574522,8.512355,4.725428,3.786927,-2.6869709999999998,-0.1936650000000002,-0.19192649999999997,0.001738500000000226
13.576482,8.451642,4.728879,3.722763,-2.7476839999999996,-0.1971160000000003,-0.19626314285714283,0.0008528571428574605
13.579616,8.40455,4.731564,3.672987,-2.794775999999999,-0.1998009999999999,-0.19962685714285705,0.00017414285714284494
13.582381,8.371335,4.733865,3.63747,-2.827990999999999,-0.202102,-0.20199935714285708,0.00010264285714292609
13.58536,8.335762,4.736166,3.599596,-2.8635639999999984,-0.2044030000000001,-0.2045402857142856,-0.00013728571428547887
13.588628,8.300213,4.739617,3.560596,-2.899113,-0.2078540000000002,-0.2070795,0.0007745000000002056
13.591181,8.268029,4.741535,3.526494,-2.931296999999999,-0.20977200000000007,-0.20937835714285707,0.0003936428571429951
13.594742,8.230254,4.744219,3.486035,-2.969071999999999,-0.21245600000000042,-0.21207657142857134,0.0003794285714290857
13.598189,8.194055,4.746137,3.447918,-3.0052709999999987,-0.2143740000000003,-0.2146622142857142,-0.00028821428571390584
13.600904,8.158836,4.749588,3.409248,-3.0404899999999984,-0.21782500000000038,-0.21717785714285703,0.0006471428571433457
13.604085,8.12121,4.752272,3.368938,-3.0781159999999996,-0.22050899999999984,-0.21986542857142855,0.000643571428571299
13.608728,8.076188,4.75419,3.321998,-3.123137999999999,-0.2224270000000006,-0.22308128571428565,-0.0006542857142850522
13.610148,8.054908,4.757258,3.29765,-3.144418,-0.22549500000000045,-0.2246012857142857,0.0008937142857147473
13.613408,8.021782,4.759559,3.262223,-3.1775439999999993,-0.22779600000000055,-0.22696742857142851,0.0008285714285720391
13.616623,7.987245,4.761476,3.225768,-3.2120809999999995,-0.22971300000000028,-0.22943435714285712,0.0002786428571431576
13.621135,7.950246,4.764544,3.185702,-3.2490799999999993,-0.23278100000000013,-0.23207714285714282,0.0007038571428573115
13.623226,7.914629,4.766462,3.148167,-3.2846969999999995,-0.234699,-0.23462121428571425,7.778571428573855e-05
13.626277,7.881879,4.768763,3.113116,-3.3174469999999996,-0.2370000000000001,-0.23696049999999996,3.950000000013665e-05
13.629539,7.851658,4.77068,3.080978,-3.3476679999999996,-0.23891699999999982,-0.23911914285714284,-0.00020214285714301172
13.632302,7.822811,4.772598,3.050214,-3.3765149999999995,-0.24083500000000058,-0.24117964285714283,-0.0003446428571422522
13.635175,7.796032,4.774132,3.0219,-3.403293999999999,-0.24236900000000006,-0.2430924285714285,-0.0007234285714284305
13.638614,7.77127,4.776816,2.994453,-3.428055999999999,-0.2450530000000004,-0.24486114285714278,0.0001918571428576321
13.64188,7.736321,4.779117,2.957203,-3.463004999999999,-0.24735400000000052,-0.24735749999999992,-3.4999999994067554e-06
13.644952,7.710083,4.781035,2.929048,-3.489242999999999,-0.24927200000000038,-0.2492316428571428,4.0357142857577744e-05
13.64834,7.679591,4.783336,2.896255,-3.519734999999999,-0.2515730000000005,-0.2514096428571428,0.00016335714285770075
13.651316,7.650925,4.785637,2.865289,-3.5484009999999993,-0.2538740000000006,-0.2534572142857142,0.0004167857142863829
13.654341,7.619468,4.786787,2.832681,-3.579857999999999,-0.2550240000000006,-0.25570414285714277,-0.0006801428571421853
13.658548,7.582504,4.789855,2.792649,-3.616821999999999,-0.25809200000000043,-0.25834442857142853,-0.00025242857142809827
13.661631,7.55144,4.791772,2.759667,-3.647885999999999,-0.26000900000000016,-0.2605632857142856,-0.0005542857142854518
13.665133,7.523299,4.79369,2.729609,-3.6760269999999995,-0.261927,-0.2625733571428571,-0.0006463571428571013
13.669835,7.494506,4.795991,2.698515,-3.704819999999999,-0.26422800000000013,-0.2646299999999999,-0.0004019999999997914
13.671682,7.469466,4.797908,2.671557,-3.7298599999999995,-0.26614499999999985,-0.2664185714285714,-0.0002735714285715396
13.674533,7.440739,4.799826,2.640913,-3.7585869999999995,-0.2680630000000006,-0.26847049999999995,-0.00040749999999933895
13.677722,7.414408,4.801743,2.612664,-3.7849179999999993,-0.26998000000000033,-0.2703512857142857,-0.00037128571428535206
13.680487,7.388733,4.803661,2.585072,-3.810592999999999,-0.2718980000000002,-0.27218521428571424,-0.0002872142857140436
13.683789,7.362642,4.806729,2.555913,-3.836683999999999,-0.27496600000000004,-0.2740488571428571,0.0009171428571429496
13.689075,7.339127,4.807879,2.531248,-3.860198999999999,-0.27611600000000003,-0.27572849999999993,0.0003875000000000961
13.690241,7.314159,4.809413,2.504746,-3.885166999999999,-0.2776500000000004,-0.27751192857142853,0.00013807142857186205
13.693216,7.288952,4.812098,2.476855,-3.910373999999999,-0.280335,-0.2793124285714285,0.0010225714285714838
13.696532,7.267368,4.813248,2.45412,-3.931957999999999,-0.281485,-0.2808541428571428,0.0006308571428572107
13.699731,7.244768,4.814399,2.430369,-3.9545579999999996,-0.2826360000000001,-0.28246842857142856,0.0001675714285715446
13.702506,7.225434,4.815933,2.409501,-3.9738919999999993,-0.2841700000000005,-0.28384942857142853,0.0003205714285719474
13.705425,7.206287,4.8167,2.389587,-3.9930389999999996,-0.2849370000000002,-0.2852170714285714,-0.0002800714285711714
13.708637,7.185461,4.819001,2.36646,-4.013864999999999,-0.2872380000000003,-0.2867046428571428,0.0005333571428575157
13.711877,7.157767,4.821685,2.336082,-4.0415589999999995,-0.2899220000000007,-0.2886827857142857,0.0012392142857149957
13.715384,7.130782,4.823219,2.307563,-4.068543999999999,-0.29145600000000016,-0.29061028571428565,0.000845714285714505
13.719429,7.104806,4.824753,2.280053,-4.094519999999999,-0.29299000000000053,-0.2924657142857142,0.00052428571428631
13.721609,7.086963,4.826287,2.260676,-4.112362999999999,-0.294524,-0.29374021428571423,0.0007837857142857785
13.724751,7.065838,4.827054,2.238784,-4.133487999999999,-0.29529100000000064,-0.29524914285714277,4.185714285787068e-05
13.727906,7.046706,4.828588,2.218117,-4.152619999999999,-0.2968250000000001,-0.2966157142857142,0.0002092857142859117
13.73111,7.030411,4.829739,2.200672,-4.168914999999999,-0.29797600000000024,-0.2977796428571428,0.00019635714285742845
13.734229,7.019113,4.830889,2.188224,-4.180212999999999,-0.2991260000000002,-0.2985866428571428,0.0005393571428574107
13.738541,7.001237,4.831656,2.169581,-4.1980889999999995,-0.29989299999999997,-0.29986349999999995,2.9500000000015625e-05
13.741138,6.992256,4.832806,2.159449,-4.207069999999999,-0.30104299999999995,-0.3005049999999999,0.0005380000000000384
13.744332,6.97229,4.833957,2.138333,-4.227035999999999,-0.3021940000000001,-0.3019311428571428,0.0002628571428572868
13.748552,6.952308,4.835491,2.116817,-4.247017999999999,-0.30372800000000044,-0.3033584285714285,0.0003695714285719687
13.750748,6.940406,4.836258,2.104148,-4.258919999999999,-0.3044950000000002,-0.30420857142857133,0.0002864285714288539
13.75372,6.92184,4.837408,2.084431,-4.277485999999999,-0.30564500000000017,-0.3055347142857142,0.00011028571428595146
13.758382,6.895605,4.838559,2.057046,-4.3037209999999995,-0.3067960000000003,-0.3074086428571428,-0.0006126428571425202
13.759938,6.885288,4.840476,2.044811,-4.314037999999999,-0.308713,-0.30814557142857135,0.0005674285714286631
13.76317,6.868913,4.841243,2.027669,-4.330412999999999,-0.30948000000000064,-0.30931521428571424,0.00016478571428640842
13.766413,6.854658,4.842394,2.012264,-4.3446679999999995,-0.3106309999999999,-0.31033342857142854,0.00029757142857134156
13.770788,6.841463,4.843928,1.997535,-4.357862999999999,-0.31216500000000025,-0.3112759285714285,0.0008890714285717527
13.77351,6.827811,4.845078,1.982733,-4.371515,-0.31331500000000023,-0.3122510714285714,0.0010639285714288405
13.778588,6.810368,4.845078,1.96529,-4.388957999999999,-0.31331500000000023,-0.3134969999999999,-0.00018199999999968242
13.78071,6.804519,4.845845,1.958673,-4.394806999999999,-0.314082,-0.31391478571428566,0.00016721428571431218
13.784063,6.791511,4.846612,1.944899,-4.407814999999999,-0.3148490000000006,-0.3148439285714285,5.071428572089864e-06
13.788563,6.780886,4.846996,1.93389,-4.4184399999999995,-0.3152330000000001,-0.31560285714285713,-0.00036985714285703297
13.790191,6.778421,4.847763,1.930659,-4.420904999999999,-0.31599999999999984,-0.31577892857142853,0.00022107142857130668
13.793841,6.771328,4.848146,1.923182,-4.427998,-0.3163830000000001,-0.3162855714285714,9.742857142869266e-05
13.796969,6.763222,4.848913,1.914308,-4.436103999999999,-0.3171499999999998,-0.3168645714285714,0.0002854285714284366
13.800083,6.756328,4.848913,1.907415,-4.442997999999999,-0.3171499999999998,-0.31735699999999994,-0.00020700000000012375
13.802783,6.752203,4.84968,1.902523,-4.4471229999999995,-0.31791700000000045,-0.3176516428571428,0.00026535714285763623
13.805751,6.745682,4.850064,1.895618,-4.453643999999999,-0.31830099999999995,-0.3181174285714285,0.0001835714285714496
13.809069,6.733948,4.850831,1.883117,-4.465377999999999,-0.3190680000000006,-0.3189555714285714,0.0001124285714291795
13.81187,6.725917,4.851598,1.874319,-4.473408999999999,-0.3198350000000003,-0.31952921428571424,0.0003057857142860776
13.815346,6.713279,4.852365,1.860914,-4.486046999999999,-0.32060200000000005,-0.3204319285714285,0.000170071428571561
13.818827,6.706222,4.852365,1.853858,-4.493103999999999,-0.32060200000000005,-0.32093599999999994,-0.00033399999999988994
13.821279,6.703143,4.852748,1.850394,-4.496182999999999,-0.3209850000000003,-0.32115592857142855,-0.00017092857142825268
13.824905,6.699323,4.853515,1.845807,-4.5000029999999995,-0.32175200000000004,-0.3214287857142857,0.0003232142857143572
13.827974,6.695319,4.853899,1.84142,-4.504007,-0.3221360000000004,-0.3217147857142857,0.00042121428571473274
13.830814,6.69343,4.853899,1.839531,-4.505895999999999,-0.3221360000000004,-0.32184971428571424,0.000286285714286183
13.83423,6.690475,4.853899,1.836576,-4.508850999999999,-0.3221360000000004,-0.32206078571428565,7.521428571477529e-05
13.838933,6.688236,4.853899,1.834337,-4.511089999999999,-0.3221360000000004,-0.32222071428571425,-8.471428571382722e-05
13.841049,6.687551,4.853899,1.833652,-4.511774999999999,-0.3221360000000004,-0.3222696428571428,-0.00013364285714240198
13.844526,6.686468,4.853899,1.832569,-4.512858,-0.3221360000000004,-0.322347,-0.00021099999999957264
13.84837,6.685836,4.854282,1.831554,-4.513489999999999,-0.32251900000000067,-0.3223921428571428,0.00012685714285787242
13.851244,6.685976,4.854282,1.831694,-4.513349999999999,-0.32251900000000067,-0.3223821428571428,0.00013685714285788242
13.854454,6.686007,4.854282,1.831724,-4.513318999999999,-0.32251900000000067,-0.3223799285714285,0.00013907142857216837
13.85778,6.68644,4.853899,1.832542,-4.512885999999999,-0.3221360000000004,-0.32234899999999994,-0.00021299999999951913
13.860411,6.686247,4.853899,1.832348,-4.513078999999999,-0.3221360000000004,-0.32236278571428567,-0.00022678571428524918
13.863807,6.686928,4.853899,1.833029,-4.512397999999999,-0.3221360000000004,-0.3223141428571428,-0.00017814285714240485
13.869255,6.6871,4.854282,1.832818,-4.512225999999999,-0.32251900000000067,-0.3223018571428571,0.00021714285714358184
13.870099,6.68729,4.854282,1.833007,-4.512035999999999,-0.32251900000000067,-0.32228828571428564,0.00023071428571502794
13.873902,6.68796,4.854282,1.833678,-4.511365999999999,-0.32251900000000067,-0.3222404285714285,0.000278571428572183
13.87863,6.688559,4.853515,1.835044,-4.5107669999999995,-0.32175200000000004,-0.3221976428571428,-0.0004456428571427695
13.880221,6.689529,4.853515,1.836014,-4.509796999999999,-0.32175200000000004,-0.3221283571428571,-0.00037635714285705335
13.884151,6.689872,4.853515,1.836357,-4.509453999999999,-0.32175200000000004,-0.32210385714285705,-0.00035185714285701497
13.88842,6.692423,4.853899,1.838525,-4.506902999999999,-0.3221360000000004,-0.3219216428571428,0.00021435714285761298
13.890856,6.693069,4.853899,1.83917,-4.506256999999999,-0.3221360000000004,-0.3218754999999999,0.00026050000000049645
13.894329,6.695282,4.853899,1.841383,-4.5040439999999995,-0.3221360000000004,-0.32171742857142854,0.0004185714285718789
13.898566,6.698714,4.853899,1.844815,-4.500611999999999,-0.3221360000000004,-0.32147228571428565,0.0006637142857147671
13.899775,6.699931,4.853132,1.8468,-4.499394999999999,-0.3213689999999998,-0.32138535714285704,-1.635714285724843e-05
13.903525,6.70192,4.853132,1.848788,-4.497405999999999,-0.3213689999999998,-0.3212432857142856,0.00012571428571417353
13.906676,6.704452,4.852748,1.851704,-4.494873999999999,-0.3209850000000003,-0.3210624285714285,-7.742857142822857e-05
13.909645,6.707434,4.852748,1.854686,-4.491891999999999,-0.3209850000000003,-0.3208494285714285,0.00013557142857179016
13.91272,6.710978,4.852365,1.858613,-4.488347999999999,-0.32060200000000005,-0.32059628571428567,5.714285714386591e-06
13.915937,6.71824,4.851981,1.866259,-4.4810859999999995,-0.32021800000000056,-0.3200775714285714,0.000140428571429152
13.919431,6.727808,4.851214,1.876593,-4.471518,-0.31945099999999993,-0.31939414285714285,5.685714285708077e-05
13.922187,6.732331,4.851214,1.881117,-4.466994999999999,-0.31945099999999993,-0.31907107142857133,0.0003799285714286005
13.925164,6.735156,4.850831,1.884325,-4.464169999999999,-0.3190680000000006,-0.3188692857142857,0.00019871428571488492
13.928808,6.737618,4.850447,1.887171,-4.461707999999999,-0.3186840000000002,-0.3186934285714285,-9.428571428327093e-06
13.931429,6.740385,4.850064,1.890321,-4.458940999999999,-0.31830099999999995,-0.31849578571428566,-0.00019478571428571678
13.934543,6.74373,4.850447,1.893283,-4.455595999999999,-0.3186840000000002,-0.31825685714285706,0.0004271428571431257
13.93862,6.750232,4.84968,1.900551,-4.449094,-0.31791700000000045,-0.31779242857142853,0.00012457142857191794
13.94069,6.754559,4.848913,1.905646,-4.444766999999999,-0.3171499999999998,-0.3174833571428571,-0.00033335714285726015
13.944595,6.765225,4.848146,1.917079,-4.434100999999999,-0.3163830000000001,-0.31672149999999993,-0.0003384999999998528
13.948102,6.782292,4.847379,1.934912,-4.417033999999999,-0.31561600000000034,-0.3155024285714285,0.00011357142857182367
13.950907,6.792626,4.846612,1.946014,-4.406699999999999,-0.3148490000000006,-0.31476428571428566,8.471428571493744e-05
13.954137,6.808842,4.845462,1.96338,-4.390483999999999,-0.3136990000000006,-0.31360599999999994,9.300000000067588e-05
13.958592,6.828617,4.844311,1.984306,-4.370708999999999,-0.3125480000000005,-0.3121934999999999,0.00035450000000059045
13.960891,6.834659,4.843544,1.991115,-4.364666999999999,-0.31178099999999986,-0.3117619285714285,1.907142857138222e-05
13.96436,6.846564,4.842777,2.003786,-4.352761999999999,-0.3110140000000001,-0.3109115714285714,0.00010242857142872541
13.96926,6.857678,4.842777,2.0149,-4.341647999999999,-0.3110140000000001,-0.3101177142857142,0.0008962857142859049
13.970619,6.862572,4.841243,2.021328,-4.336753999999999,-0.30948000000000064,-0.30976814285714277,-0.0002881428571421263
13.974085,6.875081,4.84086,2.034221,-4.3242449999999995,-0.3090970000000004,-0.30887464285714283,0.00022235714285756547
13.977579,6.893041,4.840093,2.052948,-4.306284999999999,-0.30833000000000066,-0.30759178571428564,0.000738214285715022
13.980405,6.902741,4.838559,2.064182,-4.296584999999999,-0.3067960000000003,-0.30689892857142853,-0.00010292857142824019
13.983737,6.916899,4.838175,2.078724,-4.282426999999999,-0.3064119999999999,-0.3058876428571428,0.0005243571428570903
13.986905,6.932295,4.836641,2.095654,-4.267030999999999,-0.3048780000000004,-0.3047879285714285,9.007142857192507e-05
13.990153,6.944888,4.835491,2.109397,-4.2544379999999995,-0.30372800000000044,-0.30388842857142856,-0.00016042857142811728
13.993002,6.957986,4.83434,2.123645,-4.241339999999999,-0.3025770000000003,-0.3029528571428571,-0.0003758571428567614
13.995928,6.974103,4.833957,2.140146,-4.225222999999999,-0.3021940000000001,-0.3018016428571428,0.0003923571428572914
13.999642,6.992361,4.832039,2.160321,-4.206964999999999,-0.3002760000000002,-0.3004975,-0.00022149999999976355
14.001945,7.009063,4.831656,2.177407,-4.190262999999999,-0.29989299999999997,-0.2993044999999999,0.0005885000000000473
14.005389,7.030974,4.829739,2.201235,-4.168352,-0.29797600000000024,-0.29773942857142854,0.00023657142857169688
14.008633,7.05194,4.827821,2.224119,-4.147385999999999,-0.2960580000000004,-0.29624185714285706,-0.00018385714285668042
14.011669,7.074876,4.826287,2.248589,-4.1244499999999995,-0.294524,-0.2946035714285714,-7.957142857140109e-05
14.014806,7.096862,4.825137,2.271726,-4.1024639999999994,-0.293374,-0.2930331428571428,0.00034085714285719826
14.017802,7.116775,4.823986,2.292789,-4.082551,-0.2922229999999999,-0.29161078571428567,0.0006122142857142299
14.021022,7.130403,4.822452,2.30795,-4.068922999999999,-0.2906890000000004,-0.29063735714285704,5.164285714337469e-05
14.024954,7.151535,4.821302,2.330234,-4.047790999999999,-0.28953900000000043,-0.2891279285714285,0.0004110714285719408
14.027974,7.173788,4.820151,2.353637,-4.025537999999999,-0.2883880000000003,-0.28753842857142853,0.0008495714285717826
14.030949,7.186905,4.819001,2.367905,-4.012420999999999,-0.2872380000000003,-0.2866014999999999,0.0006365000000004284
14.034358,7.206182,4.81785,2.388332,-3.993143999999999,-0.2860870000000002,-0.2852245714285714,0.0008624285714288193
14.038865,7.233608,4.815549,2.418059,-3.965717999999999,-0.2837860000000001,-0.28326557142857134,0.0005204285714287549
14.040643,7.251566,4.814015,2.437551,-3.947759999999999,-0.2822520000000006,-0.28198285714285704,0.00026914285714357833
14.044043,7.27766,4.810947,2.466713,-3.921665999999999,-0.2791839999999999,-0.28011899999999995,-0.0009350000000000747
14.04697,7.302489,4.81018,2.492308,-3.8968369999999997,-0.27841700000000014,-0.27834549999999997,7.150000000016865e-05
14.050766,7.330701,4.808263,2.522438,-3.868624999999999,-0.2765000000000004,-0.2763303571428571,0.00016964285714332616
14.053383,7.357189,4.805962,2.551227,-3.8421369999999992,-0.2741990000000003,-0.2744383571428571,-0.00023935714285677756
14.056173,7.38227,4.803661,2.578609,-3.817055999999999,-0.2718980000000002,-0.2726468571428571,-0.0007488571428568846
14.059616,7.411082,4.802127,2.608955,-3.788243999999999,-0.2703639999999998,-0.2705888571428571,-0.00022485714285724878
14.062849,7.435093,4.800209,2.634884,-3.764232999999999,-0.26844599999999996,-0.26887378571428566,-0.0004277857142857
14.065619,7.456892,4.799059,2.657833,-3.7424339999999994,-0.267296,-0.26731671428571424,-2.0714285714262815e-05
14.069132,7.477487,4.797141,2.680345,-3.7218389999999992,-0.2653780000000001,-0.2658456428571428,-0.0004676428571426805
14.071788,7.502364,4.795607,2.706757,-3.696961999999999,-0.26384400000000063,-0.2640687142857142,-0.00022471428571357865
14.07512,7.530652,4.794457,2.736195,-3.6686739999999993,-0.26269400000000065,-0.2620481428571428,0.0006458571428578641
14.078125,7.558415,4.791389,2.767026,-3.640910999999999,-0.2596259999999999,-0.2600650714285714,-0.0004390714285714692
14.081873,7.591716,4.789088,2.802628,-3.6076099999999993,-0.2573249999999998,-0.25768642857142854,-0.00036142857142873464
14.084925,7.623657,4.787938,2.835719,-3.5756689999999995,-0.2561749999999998,-0.25540492857142855,0.0007700714285712729
14.088122,7.658857,4.784103,2.874754,-3.540468999999999,-0.25234000000000023,-0.2528906428571428,-0.0005506428571425692
14.091175,7.686678,4.782952,2.903726,-3.5126479999999995,-0.2511890000000001,-0.25090342857142856,0.0002855714285715516
14.094935,7.720235,4.780651,2.939584,-3.4790909999999995,-0.248888,-0.24850649999999996,0.0003815000000000346
14.097927,7.756342,4.77835,2.977992,-3.442983999999999,-0.2465869999999999,-0.24592742857142852,0.0006595714285713705
14.100882,7.77772,4.776049,3.001671,-3.421605999999999,-0.24428600000000067,-0.2444004285714285,-0.00011442857142782148
14.104818,7.816399,4.773748,3.042651,-3.3829269999999996,-0.24198500000000056,-0.24163764285714281,0.000347357142857746
14.108704,7.851713,4.771831,3.079882,-3.347612999999999,-0.24006799999999995,-0.23911521428571422,0.0009527857142857254
14.111415,7.884965,4.769146,3.115818,-3.314360999999999,-0.23738300000000034,-0.23674007142857137,0.0006429285714289745
14.115086,7.921524,4.766462,3.155062,-3.2778019999999994,-0.234699,-0.23412871428571425,0.0005702857142857454
14.118286,7.957716,4.764544,3.193172,-3.2416099999999997,-0.23278100000000013,-0.2315435714285714,0.0012374285714287225
14.12095,7.984515,4.762627,3.221888,-3.214810999999999,-0.2308640000000004,-0.2296293571428571,0.0012346428571433088
14.124172,8.013991,4.759559,3.254432,-3.1853349999999985,-0.22779600000000055,-0.22752392857142847,0.00027207142857207933
14.127686,8.057555,4.757641,3.299914,-3.1417709999999985,-0.2258779999999998,-0.22441221428571417,0.0014657857142856279
14.130295,8.076485,4.755724,3.320761,-3.1228409999999993,-0.22396100000000008,-0.22306007142857137,0.0009009285714287052
14.133543,8.111021,4.753423,3.357598,-3.088305,-0.22165999999999997,-0.2205932142857143,0.001066785714285673
14.13647,8.143464,4.751122,3.392342,-3.0558619999999994,-0.21935899999999986,-0.2182758571428571,0.0010831428571427548
14.139413,8.178859,4.748438,3.430421,-3.020467,-0.2166750000000004,-0.21574764285714285,0.0009273571428575489
14.142308,8.210088,4.746137,3.463951,-2.9892379999999985,-0.2143740000000003,-0.2135169999999999,0.0008570000000003852
14.144939,8.24259,4.743836,3.498755,-2.9567359999999994,-0.21207300000000018,-0.21119542857142853,0.000877571428571644
14.147764,8.284293,4.740384,3.543909,-2.9150329999999993,-0.20862099999999995,-0.2082166428571428,0.00040435714285713686
14.151037,8.314053,4.7377,3.576353,-2.8852729999999998,-0.20593700000000048,-0.20609092857142855,-0.00015392857142806915
14.154156,8.349158,4.735399,3.613759,-2.850168,-0.20363600000000037,-0.20358342857142858,5.2571428571790424e-05
14.156934,8.382196,4.733481,3.648715,-2.817129999999999,-0.2017180000000005,-0.20122357142857134,0.000494428571429173
14.159924,8.417628,4.731564,3.686064,-2.7816979999999987,-0.1998009999999999,-0.1986927142857142,0.0011082857142857006
14.162675,8.451469,4.729263,3.722206,-2.7478569999999998,-0.19750000000000068,-0.1962755,0.0012245000000006834
14.165612,8.487227,4.725044,3.762183,-2.7120989999999985,-0.19328099999999981,-0.19372135714285704,-0.0004403571428572284
14.169413,8.531748,4.722743,3.809005,-2.667577999999999,-0.1909800000000006,-0.19054128571428564,0.0004387142857149584
14.171728,8.558942,4.720826,3.838117,-2.640383999999999,-0.18906299999999998,-0.1885988571428571,0.00046414285714288517
14.175153,8.600797,4.716607,3.88419,-2.598528999999999,-0.184844,-0.18560921428571422,-0.0007652142857142163
14.178596,8.639699,4.714306,3.925392,-2.559626999999999,-0.1825429999999999,-0.18283049999999992,-0.00028750000000002385
14.181033,8.676729,4.712005,3.964723,-2.5225969999999993,-0.18024200000000068,-0.18018549999999994,5.650000000073652e-05
14.184557,8.719807,4.709321,4.010486,-2.479519,-0.17755800000000033,-0.17710849999999997,0.0004495000000003524
14.188095,8.770516,4.70587,4.064647,-2.4288099999999986,-0.17410700000000023,-0.17348642857142846,0.0006205714285717756
14.191437,8.801468,4.702035,4.099433,-2.3978579999999994,-0.17027200000000065,-0.1712755714285714,-0.001003571428570743
14.195761,8.856444,4.698583,4.157861,-2.3428819999999995,-0.1668200000000004,-0.16734871428571424,-0.0005287142857138272
14.199984,8.904035,4.694748,4.209287,-2.295290999999999,-0.16298499999999994,-0.16394935714285705,-0.000964357142857114
14.202935,8.950218,4.69168,4.258538,-2.2491079999999997,-0.1599170000000001,-0.1606505714285714,-0.0007335714285713058
14.208668,8.996219,4.688996,4.307223,-2.2031069999999993,-0.15723300000000062,-0.15736478571428567,-0.00013178571428504315
14.210093,9.04277,4.685161,4.357609,-2.1565559999999984,-0.15339800000000015,-0.15403971428571417,-0.0006417142857140234
14.213784,9.093577,4.680942,4.412634,-2.1057489999999994,-0.14917900000000017,-0.1504106428571428,-0.0012316428571426397
14.218639,9.158047,4.678258,4.479789,-2.0412789999999994,-0.14649499999999982,-0.14580564285714281,0.0006893571428570056
14.220018,9.18618,4.674039,4.512141,-2.013145999999999,-0.14227599999999985,-0.1437961428571428,-0.001520142857142942
14.22392,9.232846,4.671738,4.561108,-1.966479999999999,-0.13997500000000063,-0.14046285714285706,-0.00048785714285642934
14.226826,9.274335,4.668671,4.605665,-1.9249909999999986,-0.13690800000000003,-0.13749935714285705,-0.0005913571428570186
14.229791,9.315218,4.66637,4.648849,-1.8841079999999994,-0.13460699999999992,-0.13457914285714281,2.7857142857107275e-05
14.232454,9.350336,4.663302,4.687035,-1.8489899999999988,-0.13153900000000007,-0.1320707142857142,-0.0005317142857141355
14.235263,9.387561,4.661384,4.726177,-1.8117649999999994,-0.1296210000000002,-0.12941178571428566,0.00020921428571454848
14.238312,9.431672,4.657166,4.774506,-1.7676539999999985,-0.12540300000000038,-0.1262609999999999,-0.0008579999999995258
14.241547,9.477082,4.654098,4.822984,-1.7222439999999999,-0.12233500000000053,-0.12301742857142857,-0.0006824285714280426
14.245245,9.52116,4.651413,4.869746,-1.6781659999999992,-0.11965000000000003,-0.11986899999999993,-0.00021899999999989983
14.248505,9.567799,4.646811,4.920988,-1.6315269999999984,-0.11504799999999982,-0.11653764285714274,-0.0014896428571429254
14.251334,9.608628,4.64451,4.964118,-1.5906979999999997,-0.1127470000000006,-0.11362128571428569,-0.0008742857142850918
14.254731,9.65744,4.641826,5.015614,-1.5418859999999999,-0.11006300000000024,-0.11013471428571428,-7.171428571403626e-05
14.25768,9.710185,4.638758,5.071427,-1.489141,-0.1069950000000004,-0.10636721428571429,0.0006277857142861082
14.260275,9.737204,4.634156,5.103048,-1.462121999999999,-0.10239300000000018,-0.10443728571428565,-0.002044285714285471
14.263963,9.78807,4.631471,5.156599,-1.4112559999999998,-0.09970800000000057,-0.10080399999999999,-0.0010959999999994169
14.266841,9.831034,4.628787,5.202247,-1.3682919999999985,-0.09702400000000022,-0.09773514285714276,-0.0007111428571425354
14.269955,9.873577,4.625719,5.247858,-1.325749,-0.09395600000000037,-0.09469635714285715,-0.000740357142856779
14.272762,9.913749,4.623035,5.290715,-1.285577,-0.09127200000000002,-0.09182692857142857,-0.0005549285714285535
14.275818,9.957542,4.618433,5.339109,-1.241783999999999,-0.0866699999999998,-0.08869885714285708,-0.0020288571428572766
14.279435,10.012104,4.616132,5.395972,-1.1872219999999984,-0.08436900000000058,-0.08480157142857132,-0.00043257142857074105
14.282196,10.05358,4.61268,5.4409,-1.145745999999999,-0.08091700000000035,-0.08183899999999993,-0.0009219999999995759
14.285018,10.096712,4.609612,5.4871,-1.102613999999999,-0.0778490000000005,-0.07875814285714279,-0.0009091428571422894
14.288266,10.14519,4.605394,5.539796,-1.0541359999999997,-0.07363100000000067,-0.07529542857142855,-0.0016644285714278867
14.291031,10.181917,4.603093,5.578824,-1.017408999999999,-0.07133000000000056,-0.07267207142857135,-0.0013420714285707902
14.294755,10.23438,4.600408,5.633971,-0.9649459999999994,-0.06864500000000007,-0.06892471428571424,-0.0002797142857141749
14.297814,10.290932,4.596957,5.693975,-0.9083939999999995,-0.06519399999999997,-0.06488528571428567,0.00030871428571430104
14.300396,10.319486,4.592738,5.726747,-0.8798399999999997,-0.060975,-0.06284571428571427,-0.0018707142857142672
14.303906,10.36752,4.590438,5.777083,-0.8318059999999985,-0.05867500000000003,-0.059414714285714175,-0.0007397142857141423
14.308673,10.434161,4.586986,5.847175,-0.7651649999999997,-0.0552229999999998,-0.05465464285714283,0.0005683571428569678
14.310188,10.458512,4.582384,5.876128,-0.7408139999999985,-0.05062100000000047,-0.05291528571428561,-0.002294285714285138
14.313587,10.512594,4.5797,5.932894,-0.6867319999999992,-0.04793700000000012,-0.04905228571428566,-0.001115285714285541
14.316771,10.560414,4.576632,5.983783,-0.6389119999999995,-0.04486900000000027,-0.045636571428571394,-0.0007675714285711246
14.320065,10.612034,4.573564,6.03847,-0.5872919999999997,-0.04180100000000042,-0.04194942857142855,-0.0001484285714281261
14.322966,10.649613,4.570496,6.079117,-0.5497129999999988,-0.03873300000000057,-0.0392652142857142,-0.0005322142857136294
14.325792,10.694975,4.565894,6.129081,-0.5043509999999998,-0.034131000000000355,-0.03602507142857141,-0.0018940714285710578
14.329165,10.746236,4.563209,6.183026,-0.45308999999999955,-0.03144599999999986,-0.032363571428571394,-0.0009175714285715314
14.332105,10.792141,4.559374,6.232766,-0.40718499999999835,-0.027611000000000274,-0.02908464285714274,-0.0014736428571424653
14.335204,10.837977,4.554772,6.283205,-0.3613489999999988,-0.023009000000000057,-0.02581064285714277,-0.0028016428571427145
14.338267,10.886825,4.552471,6.334353,-0.31250099999999925,-0.02070799999999995,-0.022321499999999946,-0.0016134999999999969
14.341366,10.930099,4.550171,6.379929,-0.269226999999999,-0.01840799999999998,-0.019230499999999928,-0.0008224999999999483
14.344724,10.982031,4.547103,6.434928,-0.21729500000000002,-0.015340000000000131,-0.01552107142857143,-0.0001810714285712979
14.348096,11.0383,4.542117,6.496182,-0.16102599999999967,-0.010354000000000418,-0.01150185714285712,-0.0011478571428567008
14.350689,11.073387,4.539433,6.533954,-0.1259389999999989,-0.007670000000000066,-0.00899564285714278,-0.0013256428571427146
14.35401,11.121581,4.536748,6.584833,-0.0777449999999984,-0.004985000000000461,-0.005553214285714171,-0.0005682142857137097
14.357026,11.165443,4.53368,6.631763,-0.03388299999999944,-0.0019170000000006127,-0.0024202142857142456,-0.000503214285713633
14.360175,11.211758,4.529078,6.682679,0.012432000000000443,0.0026849999999996044,0.0008880000000000317,-0.0017969999999995728
14.362963,11.255168,4.52601,6.729157,0.05584200000000017,0.005752999999999453,0.003988714285714298,-0.0017642857142851553
14.366202,11.303454,4.522559,6.780895,0.10412800000000111,0.009203999999999546,0.007437714285714365,-0.0017662857142851807
14.369447,11.353832,4.519491,6.834341,0.15450600000000136,0.012271999999999395,0.011036142857142954,-0.0012358571428564401
14.371989,11.39562,4.515272,6.880347,0.19629399999999997,0.016490999999999367,0.014020999999999997,-0.0024699999999993703
14.375509,11.448738,4.511821,6.936917,0.2494120000000013,0.01994199999999946,0.01781514285714295,-0.0021268571428565107
14.378988,11.502541,4.50952,6.993021,0.30321500000000157,0.02224299999999957,0.0216582142857144,-0.0005847857142851701
14.38167,11.545469,4.505685,7.039784,0.3461430000000014,0.026078000000000046,0.0247245000000001,-0.001353499999999945
14.38477,11.592903,4.502617,7.090285,0.3935770000000005,0.029145999999999894,0.028112642857142895,-0.0010333571428569992
14.387894,11.65056,4.498015,7.152545,0.45123400000000125,0.03374800000000011,0.032231000000000086,-0.0015170000000000253
14.390715,11.684049,4.495714,7.188335,0.4847230000000007,0.03604899999999933,0.034623071428571475,-0.0014259285714278563
14.394143,11.734234,4.492263,7.241971,0.5349080000000015,0.039499999999999424,0.03820771428571439,-0.001292285714285031
14.398626,11.799046,4.489195,7.309851,0.5997200000000014,0.04256800000000016,0.042837142857142955,0.00026914285714279423
14.400032,11.825561,4.484976,7.340584,0.6262350000000012,0.046787000000000134,0.044731071428571516,-0.0020559285714286182
14.403602,11.87523,4.481908,7.393322,0.675904000000001,0.04985499999999998,0.048278857142857214,-0.001576142857142769
14.406699,11.921075,4.47884,7.442234,0.7217490000000009,0.05292299999999983,0.051553500000000065,-0.0013694999999997667
14.409693,11.964959,4.474622,7.490337,0.7656330000000011,0.057140999999999664,0.05468807142857151,-0.002452928571428155
14.412723,12.01195,4.471554,7.540396,0.8126240000000013,0.06020899999999951,0.05804457142857152,-0.0021644285714279912
14.415764,12.057882,4.46887,7.589013,0.8585560000000001,0.06289299999999987,0.06132542857142858,-0.0015675714285712863
14.418932,12.105242,4.465035,7.640207,0.9059160000000013,0.06672799999999945,0.0647082857142858,-0.002019714285713653
14.422188,12.152817,4.460433,7.692384,0.9534910000000014,0.07132999999999967,0.0681065000000001,-0.003223499999999574
14.425524,12.205166,4.457748,7.747418,1.005840000000001,0.07401500000000016,0.07184571428571436,-0.002169285714285804
14.428811,12.248976,4.45468,7.794296,1.0496500000000015,0.07708300000000001,0.07497500000000011,-0.0021079999999999016
14.431438,12.293891,4.451229,7.842663,1.0945650000000011,0.0805340000000001,0.07818321428571437,-0.002350785714285736
14.434812,12.344242,4.44701,7.897231,1.1449160000000003,0.08475300000000008,0.0817797142857143,-0.0029732857142857755
14.437703,12.402008,4.443942,7.958065,1.2026820000000011,0.08782099999999993,0.08590585714285723,-0.0019151428571426987
14.441212,12.432932,4.438957,7.993975,1.233606,0.0928059999999995,0.08811471428571428,-0.004691285714285218
14.445094,12.499199,4.436656,8.062543,1.2998730000000016,0.09510699999999961,0.09284807142857154,-0.002258928571428065
14.448452,12.541793,4.432054,8.109739,1.342467000000001,0.09970899999999983,0.09589050000000007,-0.0038184999999997526
14.451192,12.587249,4.429753,8.157496,1.3879230000000007,0.10200999999999993,0.0991373571428572,-0.0028726428571427404
14.454768,12.636976,4.426302,8.210674,1.4376500000000014,0.10546100000000003,0.10268928571428582,-0.0027717142857142107
14.457594,12.694024,4.422083,8.27194,1.4946980000000014,0.10968,0.10676414285714296,-0.0029158571428570396
14.460652,12.72352,4.419399,8.304121,1.5241940000000014,0.11236399999999946,0.10887100000000009,-0.0034929999999993716
14.464246,12.77541,4.417098,8.358312,1.5760840000000016,0.11466499999999957,0.11257742857142869,-0.0020875714285708835
14.469183,12.837635,4.412112,8.425523,1.6383090000000013,0.11965100000000017,0.11702207142857153,-0.002628928571428643
14.470414,12.869438,4.408661,8.460777,1.6701120000000014,0.12310199999999938,0.11929371428571438,-0.0038082857142850007
14.474348,12.922344,4.405976,8.516368,1.7230180000000015,0.12578699999999987,0.1230727142857144,-0.002714285714285475
14.478452,12.981052,4.401758,8.579294,1.7817260000000008,0.1300049999999997,0.1272661428571429,-0.002738857142856793
14.480354,13.005401,4.39869,8.606711,1.8060750000000017,0.13307299999999955,0.12900535714285727,-0.004067642857142284
14.483982,13.057659,4.396005,8.661654,1.858333,0.13575800000000005,0.13273807142857144,-0.003019928571428604
14.486868,13.098977,4.393704,8.705272,1.8996510000000004,0.13805900000000015,0.13568935714285718,-0.002369642857142973
14.490031,13.146064,4.388719,8.757345,1.9467380000000016,0.14304399999999973,0.1390527142857144,-0.003991285714285336
14.492915,13.185176,4.386035,8.799141,1.985850000000001,0.14572800000000008,0.14184642857142865,-0.0038815714285714287
14.495967,13.228584,4.38335,8.845234,2.0292580000000005,0.14841299999999968,0.14494700000000002,-0.003465999999999664
14.499626,13.274963,4.381049,8.893914,2.0756370000000004,0.1507139999999998,0.14825978571428575,-0.002454214285714046
14.501956,13.310855,4.376831,8.934024,2.111529000000001,0.15493199999999963,0.15082350000000005,-0.004108499999999571
14.50531,13.356637,4.374913,8.981724,2.157311,0.1568499999999995,0.15409364285714286,-0.0027563571428566302
14.508915,13.402167,4.371845,9.030322,2.202841000000001,0.15991799999999934,0.15734578571428579,-0.0025722142857135533
14.511669,13.44574,4.367627,9.078113,2.2464140000000015,0.16413600000000006,0.16045814285714297,-0.003677857142857094
14.514858,13.489998,4.365709,9.124289,2.2906720000000007,0.16605399999999992,0.1636194285714286,-0.002434571428571314
14.51802,13.538037,4.363025,9.175012,2.338711,0.1687379999999994,0.16705078571428572,-0.0016872142857136674
14.521289,13.576191,4.358039,9.218152,2.3768650000000004,0.173724,0.16977607142857146,-0.003947928571428533
14.524415,13.618,4.355738,9.262261,2.418674000000001,0.1760250000000001,0.17276242857142865,-0.003262571428571448
14.529078,13.672919,4.35152,9.321399,2.473593000000001,0.18024299999999993,0.17668521428571435,-0.003557785714285583
14.530726,13.703212,4.349219,9.353993,2.5038860000000014,0.18254400000000004,0.1788490000000001,-0.0036949999999999483
14.534738,13.754452,4.346535,9.407918,2.5551260000000013,0.1852279999999995,0.1825090000000001,-0.0027189999999994163
14.537851,13.801382,4.34385,9.457532,2.602056000000001,0.187913,0.18586114285714292,-0.0020518571428570775
14.540566,13.827811,4.340782,9.487029,2.6284850000000013,0.19098099999999985,0.18774892857142866,-0.0032320714285711816
14.544142,13.871985,4.338481,9.533503,2.6726590000000012,0.19328199999999995,0.19090421428571439,-0.0023777857142855685
14.547231,13.91052,4.335413,9.575107,2.7111940000000008,0.1963499999999998,0.19365671428571435,-0.002693285714285454
14.550426,13.952637,4.331962,9.620675,2.753311,0.1998009999999999,0.19666507142857143,-0.00313592857142847
14.553626,13.994706,4.328894,9.665812,2.7953800000000015,0.20286899999999974,0.1996700000000001,-0.0031989999999996466
14.556596,14.030355,4.32736,9.702995,2.831029000000001,0.2044030000000001,0.2022163571428572,-0.002186642857142901
14.559637,14.067724,4.324292,9.743433,2.868398000000001,0.20747099999999996,0.2048855714285715,-0.002585428571428461
14.563039,14.108667,4.321991,9.786676,2.9093410000000013,0.20977200000000007,0.20781007142857152,-0.001961928571428545
14.566016,14.146865,4.318923,9.827942,2.947539000000001,0.21283999999999992,0.21053850000000005,-0.002301499999999873
14.569451,14.188855,4.316238,9.872616,2.989529000000001,0.21552499999999952,0.21353778571428578,-0.0019872142857137454
14.571864,14.219834,4.314321,9.905513,3.0205080000000013,0.21744200000000014,0.2157505714285715,-0.0016914285714286215
14.575268,14.259667,4.310486,9.949181,3.060341000000001,0.22127699999999972,0.21859578571428578,-0.00268121428571394
14.57884,14.295365,4.308569,9.986796,3.096039000000001,0.22319399999999945,0.22114564285714294,-0.002048357142856505
14.581591,14.33249,4.306268,10.026223,3.1331640000000007,0.22549499999999956,0.22379742857142862,-0.0016975714285709376
14.58496,14.370337,4.303583,10.066753,3.171011,0.22818000000000005,0.22650078571428572,-0.0016792142857143255
14.587896,14.412199,4.300132,10.112067,3.212873,0.23163100000000014,0.22949092857142858,-0.0021400714285715605
14.591616,14.439514,4.297447,10.142067,3.2401880000000016,0.23431599999999975,0.23144200000000012,-0.002873999999999627
14.594022,14.476661,4.296297,10.180364,3.2773350000000008,0.23546599999999973,0.2340953571428572,-0.0013706428571425289
14.598568,14.52834,4.293612,10.234727,3.329014000000001,0.23815099999999934,0.23778671428571435,-0.00036428571428498424
14.60009,14.546286,4.290161,10.256125,3.346960000000001,0.24160199999999943,0.2390685714285715,-0.002533428571427937
14.603277,14.580451,4.288243,10.292208,3.381125000000001,0.24352000000000018,0.24150892857142864,-0.0020110714285715425
14.606504,14.61514,4.286326,10.328814,3.415814000000001,0.2454369999999999,0.24398671428571436,-0.001450285714285543
14.609903,14.647506,4.283258,10.364248,3.4481800000000007,0.24850499999999975,0.24629857142857148,-0.002206428571428276
14.612952,14.686355,4.280957,10.405398,3.4870290000000015,0.25080599999999986,0.24907350000000011,-0.0017324999999997481
14.616005,14.718836,4.279423,10.439413,3.5195100000000004,0.25233999999999934,0.25139357142857144,-0.0009464285714279042
14.619442,14.755274,4.277122,10.478152,3.5559480000000008,0.25464099999999945,0.2539962857142858,-0.0006447142857136656
14.621904,14.781007,4.274821,10.506186,3.5816810000000014,0.25694199999999956,0.25583435714285724,-0.0011076428571423214
14.62501,14.811308,4.272136,10.539172,3.611982000000001,0.25962700000000005,0.25799871428571436,-0.0016282857142856932
14.628194,14.84148,4.270219,10.571261,3.6421540000000014,0.2615439999999998,0.26015385714285727,-0.0013901428571425067
14.631201,14.871162,4.267918,10.603244,3.6718360000000008,0.2638449999999999,0.26227400000000006,-0.0015709999999998225
14.634762,14.90529,4.266001,10.639289,3.7059640000000016,0.2657619999999996,0.2647117142857144,-0.0010502857142852262
14.637647,14.945179,4.262933,10.682247,3.7458530000000003,0.26882999999999946,0.2675609285714286,-0.001269071428570856
14.64085,14.968811,4.260248,10.708563,3.7694850000000013,0.27151499999999995,0.2692489285714287,-0.00226607142857127
14.644742,15.008982,4.258331,10.750651,3.8096560000000004,0.2734319999999997,0.27211828571428576,-0.0013137142857139184
14.648037,15.046232,4.25603,10.790202,3.8469060000000006,0.2757329999999998,0.27477900000000005,-0.0009539999999997328
14.650621,15.066592,4.254496,10.812096,3.8672660000000008,0.27726700000000015,0.2762332857142858,-0.00103371428571436
14.653863,15.092738,4.253345,10.839393,3.8934120000000014,0.2784179999999994,0.27810085714285726,-0.00031714285714212753
14.65873,15.133016,4.249894,10.883122,3.9336900000000004,0.2818689999999995,0.28097785714285717,-0.000891142857142313
14.660217,15.150173,4.247593,10.90258,3.9508470000000013,0.2841699999999996,0.2822033571428572,-0.0019666428571423755
14.663902,15.180906,4.246442,10.934464,3.981580000000001,0.2853209999999997,0.2843985714285715,-0.0009224285714282132
14.667131,15.210134,4.244141,10.965993,4.010808000000001,0.2876219999999998,0.28648628571428575,-0.0011357142857140734
14.67007,15.239509,4.24184,10.997669,4.040183000000001,0.28992299999999993,0.2885845000000001,-0.0013384999999998537
14.674385,15.273665,4.239923,11.033743,4.074339,0.29183999999999966,0.2910242142857143,-0.0008157857142853664
14.677582,15.306977,4.237622,11.069355,4.107651000000001,0.29414099999999976,0.2934036428571429,-0.000737357142856887
14.680384,15.322862,4.236088,11.086774,4.123536000000001,0.29567500000000013,0.2945382857142858,-0.0011367142857143242
14.683822,15.347085,4.234554,11.112531,4.147759000000001,0.2972089999999996,0.29626850000000005,-0.0009404999999995667
14.68678,15.368255,4.233403,11.134852,4.168929,0.29835999999999974,0.2977806428571429,-0.00057935714285684
14.689823,15.392512,4.231103,11.161409,4.193186000000001,0.3006599999999997,0.29951328571428576,-0.0011467142857139456
14.692887,15.41504,4.230336,11.184705,4.215714,0.30142699999999945,0.30112242857142857,-0.0003045714285708767
14.695844,15.436679,4.228035,11.208645,4.237353000000001,0.30372799999999955,0.3026680714285715,-0.0010599285714280593
14.69974,15.465738,4.226884,11.238854,4.266412000000001,0.3048789999999997,0.30474371428571434,-0.0001352857142853381
14.702093,15.486896,4.2242,11.262697,4.2875700000000005,0.30756300000000003,0.30625500000000005,-0.0013079999999999758
14.705653,15.51091,4.223049,11.287861,4.311584000000002,0.30871400000000015,0.3079702857142858,-0.0007437142857143475
14.708878,15.533122,4.221132,11.311991,4.333796000000001,0.3106309999999999,0.30955685714285724,-0.0010741428571426348
14.711799,15.551359,4.219598,11.331762,4.3520330000000005,0.31216499999999936,0.3108595,-0.0013054999999993488
14.715226,15.573671,4.218447,11.355224,4.374345,0.3133159999999995,0.31245321428571426,-0.0008627857142852191
14.718752,15.59211,4.216913,11.375197,4.392784000000001,0.31484999999999985,0.3137702857142858,-0.001079714285714073
14.721201,15.606512,4.215379,11.391133,4.407186000000001,0.31638399999999933,0.3147990000000001,-0.001584999999999226
14.724908,15.625148,4.213845,11.411303,4.425822,0.3179179999999997,0.31613014285714286,-0.0017878571428568413
14.728098,15.646134,4.213078,11.433055,4.446808000000001,0.31868499999999944,0.3176291428571429,-0.0010558571428565533
14.730979,15.664502,4.211544,11.452958,4.465176000000001,0.3202189999999998,0.318941142857143,-0.0012778571428568308
14.734623,15.686113,4.210777,11.475336,4.486787000000001,0.32098599999999955,0.3204847857142858,-0.000501214285713758
14.738712,15.710854,4.208476,11.502378,4.511528,0.32328699999999966,0.32225200000000004,-0.0010349999999996196
14.741933,15.73473,4.206942,11.527788,4.5354040000000015,0.324821,0.3239574285714287,-0.0008635714285713525
14.745045,15.749748,4.205792,11.543956,4.550422000000001,0.325971,0.32503014285714293,-0.0009408571428570767
14.74813,15.767372,4.205025,11.562347,4.568046000000001,0.32673799999999975,0.32628900000000005,-0.00044899999999969964
14.751116,15.78335,4.204258,11.579092,4.584024000000001,0.3275049999999995,0.3274302857142858,-7.47142857137062e-05
14.754562,15.794695,4.203107,11.591587,4.595369000000002,0.3286559999999996,0.328240642857143,-0.0004153571428566205
14.757733,15.813824,4.201957,11.611868,4.614498000000001,0.3298059999999996,0.3296070000000001,-0.00019899999999950513
14.760282,15.819003,4.200806,11.618197,4.619677000000001,0.3309569999999997,0.32997692857142863,-0.0009800714285710943
14.763712,15.835723,4.200806,11.634916,4.6363970000000005,0.3309569999999997,0.33117121428571433,0.000214214285714609
14.766677,15.839577,4.199656,11.639921,4.640251000000001,0.3321069999999997,0.3314465000000001,-0.0006604999999996197
14.770307,15.849699,4.198889,11.65081,4.650373,0.33287399999999945,0.3321695,-0.0007044999999994417
14.773691,15.862287,4.198122,11.664165,4.662961000000001,0.3336410000000001,0.33306864285714294,-0.0005723571428571383
14.778543,15.883905,4.197355,11.68655,4.684579000000001,0.3344079999999998,0.3346127857142858,0.00020478571428600434
14.780086,15.888705,4.196204,11.6925,4.689379000000001,0.33555899999999994,0.3349556428571429,-0.0006033571428570306
14.783732,15.908184,4.19467,11.713513,4.708858000000001,0.3370929999999994,0.33634700000000006,-0.0007459999999993583
14.788565,15.92637,4.193903,11.732466,4.727044000000001,0.33786000000000005,0.33764600000000006,-0.00021399999999999197
14.789877,15.933948,4.193903,11.740045,4.734622,0.33786000000000005,0.3381872857142857,0.00032728571428564113
14.793461,15.938044,4.192753,11.745291,4.738718,0.33901000000000003,0.33847985714285717,-0.0005301428571428679
14.79627,15.949014,4.192369,11.756644,4.749688000000001,0.33939399999999953,0.3392634285714286,-0.00013057142857092474
14.799622,15.958901,4.191603,11.767298,4.759575,0.34016,0.3399696428571429,-0.0001903571428571449
14.802434,15.961457,4.190452,11.771005,4.762131,0.34131100000000014,0.3401522142857143,-0.0011587857142858482
14.805208,15.973654,4.190452,11.783202,4.774328000000001,0.34131100000000014,0.3410234285714286,-0.0002875714285715536
14.808278,15.984213,4.190069,11.794145,4.784887000000001,0.3416939999999995,0.34177764285714296,8.36428571434622e-05
14.811438,15.986249,4.189302,11.796947,4.786923000000002,0.3424610000000001,0.34192307142857153,-0.000537928571428592
14.814751,15.994982,4.188918,11.806064,4.795656000000001,0.3428449999999996,0.3425468571428572,-0.00029814285714241384
14.818141,16.002356,4.188535,11.813821,4.80303,0.34322799999999987,0.3430735714285714,-0.00015442857142844435
14.820725,16.004155,4.188535,11.81562,4.804829000000002,0.34322799999999987,0.34320207142857156,-2.592857142830196e-05
14.823764,16.006072,4.188151,11.817921,4.806746,0.34361199999999936,0.343339,-0.0002729999999993571
14.826882,16.006583,4.188535,11.818049,4.807257,0.34322799999999987,0.3433755,0.00014750000000013364
14.829995,16.007813,4.187768,11.820046,4.8084869999999995,0.3439949999999996,0.3434633571428571,-0.0005316428571425225
14.833028,16.009399,4.187768,11.821632,4.810072999999999,0.3439949999999996,0.3435766428571428,-0.0004183571428568178
14.836329,16.014013,4.187384,11.826629,4.814686999999999,0.344379,0.3439062142857142,-0.00047278571428577276
14.839867,16.021276,4.187001,11.834275,4.821950000000001,0.34476199999999935,0.3444250000000001,-0.00033699999999925456
14.842892,16.025249,4.187001,11.838248,4.8259229999999995,0.34476199999999935,0.3447087857142857,-5.321428571364306e-05
14.84584,16.025632,4.187001,11.838632,4.826306000000002,0.34476199999999935,0.34473614285714305,-2.5857142856300364e-05
14.84941,16.026067,4.186617,11.839449,4.826741000000002,0.34514599999999973,0.34476721428571444,-0.0003787857142852902
14.851969,16.024435,4.186617,11.837818,4.825109000000001,0.34514599999999973,0.3446506428571429,-0.0004953571428568115
14.854975,16.024892,4.187001,11.837892,4.825566000000002,0.34476199999999935,0.34468328571428586,-7.871428571348815e-05
14.859026,16.025535,4.186234,11.839301,4.826209000000002,0.345529,0.34472921428571446,-0.0007997857142855169
14.861925,16.025055,4.186617,11.838438,4.825728999999999,0.34514599999999973,0.3446949285714285,-0.00045107142857120364
14.86513,16.023902,4.187001,11.836901,4.824576,0.34476199999999935,0.34461257142857143,-0.000149428571427912
14.868804,16.024882,4.186617,11.838265,4.825556000000002,0.34514599999999973,0.3446825714285716,-0.000463428571428115
14.870969,16.024627,4.186234,11.838393,4.825301,0.345529,0.3446643571428571,-0.0008646428571428832
14.873905,16.0235,4.186617,11.836883,4.824173999999999,0.34514599999999973,0.3445838571428571,-0.0005621428571426224
14.87677,16.023002,4.186617,11.836385,4.8236760000000025,0.34514599999999973,0.3445482857142859,-0.0005977142857138129
14.880082,16.021895,4.187001,11.834894,4.822569000000001,0.34476199999999935,0.34446921428571436,-0.0002927857142849821
14.882998,16.019955,4.187001,11.832954,4.820629,0.34476199999999935,0.3443306428571429,-0.00043135714285647
14.885588,16.020274,4.187001,11.833273,4.820948000000001,0.34476199999999935,0.34435342857142864,-0.00040857142857070317
14.889083,16.018476,4.187001,11.831475,4.8191500000000005,0.34476199999999935,0.34422500000000006,-0.000536999999999288
14.89169,16.016681,4.186617,11.830064,4.817354999999999,0.34514599999999973,0.34409678571428565,-0.001049214285714084
14.895264,16.014102,4.186617,11.827485,4.814776000000002,0.34514599999999973,0.34391257142857157,-0.0012334285714281634
14.899459,16.011205,4.186617,11.824588,4.811879000000001,0.34514599999999973,0.34370564285714295,-0.0014403571428567852
14.902133,16.009755,4.187001,11.822754,4.810428999999999,0.34476199999999935,0.34360207142857135,-0.0011599285714279928
14.905101,16.008478,4.187001,11.821478,4.809152000000001,0.34476199999999935,0.34351085714285723,-0.001251142857142118
14.908649,16.007127,4.187384,11.819743,4.807801000000001,0.344379,0.34341435714285723,-0.0009646428571427612
14.911764,16.005839,4.187001,11.818838,4.8065130000000025,0.34476199999999935,0.3433223571428573,-0.0014396428571420428
14.914991,16.001804,4.187384,11.81442,4.802478000000001,0.344379,0.3430341428571429,-0.0013448571428570921
14.91816,15.991305,4.187384,11.803921,4.791979000000001,0.344379,0.34228421428571437,-0.0020947857142856185
14.921603,15.982624,4.188535,11.794089,4.783298,0.34322799999999987,0.34166414285714286,-0.0015638571428570058
14.924702,15.981353,4.188918,11.792435,4.782027000000001,0.3428449999999996,0.34157335714285725,-0.0012716428571423743
14.927827,15.975552,4.188918,11.786633,4.776226000000001,0.3428449999999996,0.3411590000000001,-0.0016859999999995212
14.930377,15.969784,4.189302,11.780483,4.770458000000001,0.3424610000000001,0.3407470000000001,-0.0017140000000000488
14.933721,15.96332,4.189302,11.774019,4.763994,0.3424610000000001,0.34028528571428573,-0.002175714285714392
14.936809,15.960183,4.190069,11.770115,4.7608570000000014,0.3416939999999995,0.3400612142857144,-0.001632785714285101
14.939744,15.958983,4.190069,11.768915,4.759657000000001,0.3416939999999995,0.33997550000000004,-0.0017184999999994566
14.942676,15.957893,4.190069,11.767824,4.758567000000001,0.3416939999999995,0.3398976428571429,-0.001796357142856586
14.945589,15.956065,4.190069,11.765997,4.756739000000001,0.3416939999999995,0.33976707142857154,-0.001926928571427955
14.948995,15.946132,4.190836,11.755296,4.746806000000001,0.34092699999999976,0.3390575714285715,-0.0018694285714282444
14.951415,15.932942,4.191603,11.741339,4.733616000000001,0.34016,0.3381154285714287,-0.00204457142857134
14.954374,15.92742,4.192369,11.73505,4.7280940000000005,0.33939399999999953,0.33772100000000005,-0.0016729999999994805
14.958452,15.905958,4.193903,11.712054,4.706632000000001,0.33786000000000005,0.33618800000000004,-0.0016720000000000068
14.961058,15.899091,4.195054,11.704037,4.699765000000001,0.3367089999999999,0.3356975000000001,-0.001011499999999832
14.964677,15.880887,4.195821,11.685066,4.681561,0.3359420000000002,0.3343972142857143,-0.0015447857142859012
14.969088,15.870212,4.196204,11.674007,4.670886000000001,0.33555899999999994,0.3336347142857144,-0.0019242857142855452
14.97043,15.859799,4.197355,11.662444,4.660473000000001,0.3344079999999998,0.33289092857142866,-0.0015170714285711595
14.973839,15.854055,4.198505,11.65555,4.6547290000000014,0.33325799999999983,0.33248064285714296,-0.0007773571428568715
14.978409,15.830995,4.199272,11.631722,4.6316690000000005,0.3324910000000001,0.33083350000000006,-0.001657500000000034
14.980201,15.821025,4.200423,11.620603,4.621699000000001,0.33133999999999997,0.33012135714285723,-0.0012186428571427377
14.983761,15.802684,4.201573,11.60111,4.603358,0.33019,0.3288112857142857,-0.0013787142857142887
14.986732,15.78305,4.20234,11.58071,4.583724,0.32942299999999936,0.32740885714285717,-0.002014142857142187
14.989883,15.766376,4.203491,11.562885,4.56705,0.3282720000000001,0.32621785714285717,-0.0020541428571429488
14.992936,15.754529,4.205025,11.549505,4.555203000000001,0.32673799999999975,0.3253716428571429,-0.0013663571428568777
14.995848,15.73631,4.205792,11.530519,4.536984,0.325971,0.32407028571428576,-0.0019007142857142556
14.999018,15.722947,4.206559,11.516388,4.523621,0.3252039999999994,0.32311578571428573,-0.002088214285713652
15.001748,15.708718,4.208093,11.500625,4.509392,0.3236699999999999,0.3220994285714286,-0.0015705714285713102
15.005061,15.689924,4.209243,11.480681,4.490598,0.3225199999999999,0.320757,-0.0017629999999999035
15.008361,15.676075,4.210777,11.465297,4.476749000000002,0.32098599999999955,0.3197677857142858,-0.0012182142857137257
15.011397,15.659205,4.211928,11.447278,4.459879000000001,0.3198349999999994,0.31856278571428576,-0.0012722142857136687
15.014815,15.638676,4.213078,11.425598,4.439350000000001,0.31868499999999944,0.31709642857142867,-0.001588571428570773
15.017831,15.614146,4.214612,11.399534,4.414820000000001,0.31715099999999996,0.31534428571428574,-0.001806714285714217
15.020543,15.602559,4.21653,11.386029,4.403233,0.3152330000000001,0.31451664285714287,-0.0007163571428572268
15.024343,15.576796,4.21768,11.359116,4.377470000000001,0.3140830000000001,0.31267642857142863,-0.0014065714285714792
15.028063,15.543872,4.220748,11.323124,4.344546000000001,0.3110149999999994,0.31032471428571434,-0.0006902857142850327
15.031274,15.523728,4.222282,11.301446,4.324402000000001,0.3094809999999999,0.3088858571428572,-0.0005951428571426831
15.034873,15.497763,4.223816,11.273947,4.298437000000002,0.3079469999999995,0.3070312142857144,-0.0009157857142851333
15.038043,15.47084,4.22535,11.24549,4.271514000000002,0.30641300000000005,0.305108142857143,-0.0013048571428570521
15.041025,15.453092,4.226884,11.226208,4.253766000000001,0.3048789999999997,0.3038404285714286,-0.0010385714285710557
15.044399,15.429029,4.228802,11.200227,4.229703000000001,0.3029609999999998,0.3021216428571429,-0.0008393571428569335
15.047645,15.402866,4.230719,11.172147,4.20354,0.3010440000000001,0.30025285714285715,-0.0007911428571429346
15.050607,15.388224,4.231869,11.156355,4.188898,0.2998940000000001,0.299207,-0.0006870000000001042
15.053953,15.363484,4.233403,11.130081,4.1641580000000005,0.29835999999999974,0.2974398571428572,-0.0009201428571425363
15.058624,15.328794,4.235704,11.09309,4.129468000000001,0.29605899999999963,0.29496200000000006,-0.0010969999999995705
15.05981,15.316813,4.237238,11.079575,4.117487000000001,0.29452500000000015,0.2941062142857143,-0.0004187857142858298
15.06358,15.285238,4.239156,11.046082,4.085912,0.2926069999999994,0.2918508571428572,-0.0007561428571422057
15.066556,15.256492,4.24184,11.014652,4.0571660000000005,0.28992299999999993,0.2897975714285715,-0.0001254285714284431
15.069631,15.22785,4.243374,10.984475,4.028524000000001,0.28838899999999956,0.28775171428571433,-0.0006372857142852295
15.072577,15.200001,4.245292,10.95471,4.000675000000001,0.2864709999999997,0.2857625000000001,-0.0007084999999996122
15.075536,15.173663,4.247593,10.92607,3.9743370000000002,0.2841699999999996,0.2838812142857143,-0.0002887857142853112
15.078858,15.143505,4.24951,10.893994,3.944179,0.28225299999999987,0.28172707142857145,-0.0005259285714284134
15.08191,15.118617,4.251428,10.867189,3.919291000000001,0.280335,0.27994935714285724,-0.00038564285714276503
15.084969,15.092495,4.252578,10.839917,3.8931690000000003,0.279185,0.27808350000000004,-0.0011014999999999775
15.088063,15.063503,4.254879,10.808623,3.8641770000000015,0.2768839999999999,0.27601264285714294,-0.0008713571428569655
15.090745,15.043113,4.25603,10.787083,3.8437870000000007,0.2757329999999998,0.27455621428571436,-0.0011767857142854221
15.094224,15.010225,4.259481,10.750744,3.810899000000001,0.2722819999999997,0.2722070714285715,-7.492857142821219e-05
15.098774,14.965985,4.261015,10.70497,3.7666590000000006,0.2707479999999993,0.2690470714285715,-0.00170092857142784
15.101071,14.946934,4.262933,10.684001,3.7476080000000014,0.26882999999999946,0.2676862857142858,-0.0011437142857136373
15.103779,14.913226,4.26485,10.648376,3.7139000000000006,0.26691299999999973,0.2652785714285715,-0.0016344285714282591
15.108468,14.867095,4.267535,10.59956,3.6677690000000016,0.26422800000000013,0.2619835000000001,-0.002244500000000038
15.109841,14.853502,4.269836,10.583666,3.6541760000000014,0.261927,0.26101257142857154,-0.0009144285714284828
15.113182,14.822158,4.272136,10.550022,3.6228320000000007,0.25962700000000005,0.25877371428571433,-0.0008532857142857231
15.116245,14.791043,4.274821,10.516222,3.591717000000001,0.25694199999999956,0.25655121428571437,-0.00039078571428519115
15.119604,14.757566,4.277122,10.480444,3.5582400000000014,0.25464099999999945,0.2541600000000001,-0.00048099999999934306
15.123059,14.715921,4.28019,10.435731,3.5165950000000006,0.2515729999999996,0.25118535714285717,-0.00038764285714243396
15.12613,14.679498,4.283258,10.39624,3.4801720000000014,0.24850499999999975,0.24858371428571438,7.871428571462613e-05
15.129419,14.643787,4.285175,10.358611,3.4444610000000004,0.24658800000000003,0.2460329285714286,-0.0005550714285714187
15.131889,14.617676,4.286709,10.330967,3.41835,0.24505399999999966,0.24416785714285716,-0.0008861428571425023
15.135006,14.583659,4.288627,10.295032,3.3843330000000016,0.2431359999999998,0.24173807142857154,-0.0013979285714282585
15.137999,14.546984,4.292462,10.254522,3.347658000000001,0.23930099999999932,0.23911842857142865,-0.00018257142857067143
15.14133,14.516276,4.294379,10.221897,3.3169500000000003,0.2373839999999996,0.23692500000000002,-0.00045899999999957086
15.144924,14.477507,4.296297,10.18121,3.278181,0.23546599999999973,0.23415578571428572,-0.001310214285714012
15.147869,14.432966,4.298981,10.133985,3.233640000000001,0.23278199999999938,0.2309742857142858,-0.0018077142857135797
15.150629,14.408082,4.302049,10.106033,3.208756000000001,0.22971399999999953,0.22919685714285723,-0.0005171428571422998
15.154027,14.368609,4.304734,10.063876,3.169283,0.22702899999999993,0.22637735714285714,-0.0006516428571427813
15.158651,14.31686,4.306651,10.010209,3.117534000000001,0.2251120000000002,0.22268100000000007,-0.0024310000000001275
15.160055,14.297069,4.309719,9.98735,3.0977430000000012,0.22204399999999946,0.22126735714285722,-0.0007766428571422401
15.163836,14.2556,4.312403,9.943196,3.056274,0.21936,0.21830528571428573,-0.00105471428571427
15.166699,14.217177,4.315088,9.902089,3.0178510000000003,0.2166749999999995,0.21556078571428575,-0.0011142142857137605
15.169606,14.18203,4.317005,9.865024,2.982704,0.21475799999999978,0.21305028571428572,-0.0017077142857140626
15.172561,14.148104,4.32084,9.827264,2.948778000000001,0.2109230000000002,0.21062700000000006,-0.0002960000000001295
15.175712,14.107753,4.323525,9.784228,2.9084270000000014,0.2082379999999997,0.2077447857142858,-0.0004932142857138888
15.17946,14.061585,4.325826,9.73576,2.862259,0.2059369999999996,0.2044470714285714,-0.001489928571428184
15.182271,14.029546,4.329277,9.700268,2.8302200000000006,0.2024859999999995,0.20215857142857147,-0.0003274285714280345
15.185365,13.988521,4.331578,9.656942,2.789195000000001,0.2001849999999994,0.19922821428571438,-0.0009567857142850078
15.188931,13.946296,4.334646,9.611649,2.746970000000001,0.19711699999999954,0.19621214285714292,-0.0009048571428566243
15.191557,13.907566,4.337331,9.570235,2.70824,0.19443199999999994,0.19344571428571428,-0.0009862857142856618
15.19472,13.86797,4.340782,9.527188,2.6686440000000005,0.19098099999999985,0.1906174285714286,-0.00036357142857124103
15.198053,13.817419,4.343467,9.473952,2.618093,0.18829599999999935,0.18700664285714286,-0.0012893571428564954
15.20103,13.785526,4.345768,9.439758,2.5862000000000016,0.18599500000000013,0.18472857142857155,-0.001266428571428585
15.204503,13.740724,4.348452,9.392272,2.541398000000001,0.18331099999999978,0.18152842857142865,-0.0017825714285711336
15.207722,13.688364,4.351903,9.33646,2.4890380000000007,0.1798599999999997,0.17778842857142862,-0.002071571428571062
15.210255,13.662855,4.354588,9.308267,2.463529000000001,0.17717500000000008,0.17596635714285722,-0.0012086428571428665
15.213428,13.62177,4.357272,9.264498,2.4224440000000005,0.17449099999999973,0.17303171428571432,-0.0014592857142854132
15.216388,13.581638,4.359573,9.222065,2.3823120000000007,0.17218999999999962,0.1701651428571429,-0.0020248571428567175
15.220296,13.535497,4.363792,9.171706,2.336171,0.16797099999999965,0.16686935714285717,-0.0011016428571424819
15.223205,13.491671,4.366093,9.125578,2.292345000000001,0.16566999999999954,0.16373892857142863,-0.0019310714285709074
15.226324,13.451755,4.368777,9.082977,2.252429000000001,0.16298600000000008,0.1608877857142858,-0.0020982142857142727
15.229512,13.409149,4.372229,9.036921,2.209823,0.15953399999999984,0.1578445,-0.001689499999999844
15.232637,13.365871,4.374913,8.990958,2.166545000000001,0.1568499999999995,0.15475321428571437,-0.002096785714285121
15.23568,13.321688,4.377598,8.944091,2.1223620000000007,0.15416499999999989,0.15159728571428577,-0.0025677142857141178
15.239007,13.274256,4.380666,8.893591,2.07493,0.15109700000000004,0.14820928571428574,-0.002887714285714299
15.241965,13.236788,4.384501,8.852287,2.0374620000000014,0.14726199999999956,0.1455330000000001,-0.0017289999999994532
15.245424,13.188999,4.387569,8.80143,1.9896730000000016,0.1441939999999997,0.14211950000000012,-0.0020744999999995906
15.24922,13.146131,4.39217,8.753961,1.9468050000000012,0.13959299999999963,0.13905750000000008,-0.0005354999999995502
15.251877,13.095909,4.394471,8.701437,1.8965830000000015,0.13729199999999953,0.1354702142857144,-0.0018217857142851235
15.25534,13.047109,4.397539,8.649569,1.8477830000000015,0.13422399999999968,0.13198450000000012,-0.0022394999999995613
15.25872,13.003651,4.401374,8.602277,1.8043250000000004,0.1303890000000001,0.12888035714285717,-0.0015086428571429167
15.261279,12.963174,4.404059,8.559115,1.7638480000000012,0.1277039999999996,0.12598914285714294,-0.0017148571428566572
15.264827,12.913805,4.406743,8.507062,1.7144790000000008,0.12502000000000013,0.12246278571428577,-0.002557214285714357
15.267899,12.866986,4.410195,8.456791,1.6676600000000015,0.1215679999999999,0.11911857142857153,-0.0024494285714283665
15.271158,12.823461,4.414413,8.409047,1.6241350000000008,0.11735000000000007,0.11600964285714291,-0.001340357142857157
15.273959,12.78012,4.417481,8.362639,1.580794000000001,0.11428199999999933,0.1129138571428572,-0.001368142857142124
15.276924,12.735399,4.419782,8.315617,1.536073,0.11198100000000011,0.1097195,-0.0022615000000001106
15.279827,12.694809,4.42285,8.271958,1.4954830000000001,0.10891299999999937,0.1068202142857143,-0.0020927857142850753
15.282759,12.654622,4.426302,8.228321,1.4552960000000006,0.10546100000000003,0.10394971428571433,-0.0015112857142857011
15.285765,12.610167,4.428603,8.181564,1.4108410000000013,0.10315999999999992,0.10077435714285723,-0.0023856428571426835
15.289091,12.561354,4.432821,8.128533,1.3620280000000005,0.09894200000000009,0.09728771428571432,-0.0016542857142857609
15.291931,12.516698,4.436272,8.080425,1.3173720000000007,0.09549099999999999,0.09409800000000004,-0.0013929999999999498
15.29535,12.469185,4.43934,8.029844,1.2698590000000003,0.09242300000000014,0.0907042142857143,-0.0017187857142858393
15.298691,12.423361,4.443942,7.979418,1.2240350000000007,0.08782099999999993,0.08743107142857147,-0.0003899285714284578
15.301559,12.380642,4.44701,7.933632,1.1813160000000007,0.08475300000000008,0.08437971428571434,-0.00037328571428574264
15.304523,12.332309,4.449695,7.882614,1.1329830000000012,0.08206799999999959,0.08092735714285723,-0.0011406428571423544
15.307951,12.271855,4.452379,7.819475,1.0725290000000012,0.07938400000000012,0.07660921428571436,-0.0027747857142857574
15.310317,12.245055,4.455447,7.789608,1.0457290000000015,0.07631599999999938,0.07469492857142868,-0.0016210714285707084
15.313676,12.198496,4.458515,7.739981,0.9991700000000012,0.07324799999999954,0.0713692857142858,-0.001878714285713734
15.31908,12.157688,4.463501,7.694188,0.958362000000001,0.06826199999999982,0.06845442857142865,0.0001924285714288293
15.319846,12.111754,4.467336,7.644418,0.9124280000000002,0.06442699999999935,0.06517342857142859,0.0007464285714292446
15.323436,12.051895,4.470787,7.581108,0.8525690000000008,0.06097600000000014,0.06089778571428577,-7.821428571436889e-05
15.32634,12.008893,4.473088,7.535805,0.8095670000000013,0.05867500000000003,0.05782621428571438,-0.0008487857142856561
15.329475,11.962244,4.476539,7.485705,0.7629180000000009,0.05522399999999994,0.05449414285714292,-0.0007298571428570183
15.332219,11.919669,4.479607,7.440061,0.7203430000000015,0.05215600000000009,0.051453071428571535,-0.0007029285714285557
15.335597,11.873245,4.482675,7.39057,0.6739190000000015,0.049087999999999354,0.048137071428571536,-0.0009509285714278184
15.338763,11.824758,4.486894,7.337864,0.625432,0.04486899999999938,0.04467371428571428,-0.00019528571428509972
15.341465,11.778803,4.490345,7.288458,0.5794770000000007,0.04141800000000018,0.04139121428571434,-2.67857142858402e-05
15.344681,11.729289,4.492646,7.236643,0.5299630000000004,0.03911700000000007,0.03785450000000003,-0.0012625000000000414
15.34776,11.673917,4.498399,7.175519,0.4745910000000002,0.03336399999999973,0.033899357142857155,0.0005353571428574275
15.351292,11.632976,4.500316,7.132659,0.4336500000000001,0.031447,0.030975000000000006,-0.00047199999999999673
15.354967,11.57702,4.503384,7.073636,0.377694,0.028379000000000154,0.026978142857142857,-0.0014008571428572973
15.358246,11.521339,4.50837,7.01297,0.3220130000000001,0.023392999999999553,0.02300092857142858,-0.00039207142857097463
15.360974,11.483966,4.511054,6.972912,0.28464000000000134,0.02070900000000009,0.020331428571428667,-0.00037757142857142156
15.364632,11.432961,4.514122,6.918839,0.23363500000000137,0.01764099999999935,0.016688214285714383,-0.0009527857142849691
15.367404,11.390836,4.51834,6.872496,0.19151000000000096,0.013422999999999519,0.013679285714285783,0.000256285714286264
15.37026,11.342439,4.521025,6.821414,0.14311300000000138,0.010737999999999914,0.010222357142857241,-0.000515642857142673
15.373637,11.297001,4.524093,6.772908,0.09767500000000062,0.007670000000000066,0.006976785714285759,-0.0006932142857143065
15.376549,11.252846,4.527544,6.725301,0.05352000000000068,0.004218999999999973,0.003822857142857191,-0.0003961428571427816
15.379663,11.205043,4.530612,6.674431,0.005717000000000638,0.0011510000000001241,0.00040835714285718846,-0.0007426428571429357
15.382737,11.160832,4.534831,6.626002,-0.03849400000000003,-0.0030679999999998486,-0.0027495714285714306,0.000318428571428418
15.386027,11.107923,4.538282,6.569641,-0.09140299999999968,-0.0065189999999999415,-0.006528785714285691,-9.785714285749474e-06
15.389523,11.055522,4.540583,6.514939,-0.14380399999999938,-0.00882000000000005,-0.010271714285714242,-0.0014517142857141917
15.39208,11.012878,4.544035,6.468843,-0.18644799999999861,-0.012272000000000283,-0.013317714285714186,-0.0010457142857139036
15.395005,10.968183,4.547486,6.420697,-0.23114299999999943,-0.015723000000000376,-0.016510214285714246,-0.0007872142857138706
15.398012,10.916206,4.551704,6.364501,-0.2831199999999985,-0.01994100000000021,-0.020222857142857036,-0.000281857142856827
15.400947,10.879712,4.553238,6.326473,-0.3196139999999996,-0.021475000000000577,-0.0228295714285714,-0.0013545714285708235
15.404588,10.827706,4.558224,6.269482,-0.37162000000000006,-0.02646100000000029,-0.026544285714285718,-8.328571428542833e-05
15.408136,10.767714,4.560908,6.206806,-0.43161199999999944,-0.029145000000000643,-0.030829428571428532,-0.0016844285714278893
15.410674,10.733623,4.563976,6.169647,-0.46570299999999953,-0.03221300000000049,-0.03326449999999997,-0.0010514999999994765
15.414023,10.686231,4.566277,6.119954,-0.5130949999999999,-0.0345140000000006,-0.036649642857142846,-0.002135642857142246
15.416956,10.644431,4.569729,6.074702,-0.5548949999999984,-0.037965999999999944,-0.03963535714285703,-0.0016693571428570836
15.420134,10.596874,4.573564,6.02331,-0.6024519999999995,-0.04180100000000042,-0.04303228571428568,-0.0012312857142852615
15.423059,10.553565,4.576632,5.976933,-0.6457609999999985,-0.04486900000000027,-0.046125785714285605,-0.0012567857142853356
15.426284,10.503442,4.5797,5.923742,-0.6958839999999995,-0.04793700000000012,-0.049705999999999965,-0.001768999999999847
15.429609,10.45216,4.582768,5.869392,-0.747166,-0.05100499999999997,-0.053369,-0.0023640000000000327
15.432462,10.411064,4.58737,5.823694,-0.7882619999999996,-0.055607000000000184,-0.05630442857142854,-0.000697428571428356
15.435324,10.366541,4.590438,5.776104,-0.8327849999999994,-0.05867500000000003,-0.05948464285714282,-0.0008096428571427866
15.438795,10.324638,4.593122,5.731516,-0.874687999999999,-0.061359000000000385,-0.06247771428571421,-0.0011187142857138274
15.441335,10.276511,4.596957,5.679554,-0.9228149999999999,-0.06519399999999997,-0.06591535714285714,-0.0007213571428571625
15.444789,10.224234,4.601942,5.622292,-0.9750920000000001,-0.07017900000000044,-0.06964942857142857,0.000529571428571865
15.44792,10.16529,4.604627,5.560663,-1.0340359999999986,-0.07286400000000004,-0.07385971428571418,-0.0009957142857141416
15.450864,10.131742,4.607695,5.524047,-1.067584,-0.07593199999999989,-0.076256,-0.00032400000000011586
15.454458,10.080978,4.611146,5.469832,-1.1183479999999992,-0.07938299999999998,-0.07988199999999994,-0.0004989999999999578
15.458629,10.020061,4.615748,5.404312,-1.1792649999999991,-0.0839850000000002,-0.08423321428571422,-0.0002482142857140185
15.461611,9.976295,4.618433,5.357862,-1.2230309999999989,-0.0866699999999998,-0.08735935714285706,-0.0006893571428572554
15.464889,9.930085,4.621117,5.308968,-1.2692409999999992,-0.08935400000000016,-0.09066007142857137,-0.0013060714285712122
15.469058,9.880581,4.625336,5.255246,-1.3187449999999998,-0.09357300000000013,-0.09419607142857142,-0.0006230714285712924
15.471523,9.839736,4.627253,5.212483,-1.359589999999999,-0.09548999999999985,-0.09711357142857135,-0.001623571428571502
15.474869,9.791217,4.630321,5.160896,-1.4081089999999996,-0.09855800000000059,-0.10057921428571426,-0.0020212142857136683
15.481048,9.700182,4.634539,5.065643,-1.4991439999999994,-0.10277600000000042,-0.10708171428571424,-0.004305714285713816
15.481048,9.700182,4.639908,5.060274,-1.4991439999999994,-0.10814500000000038,-0.10708171428571424,0.0010632857142861413
15.485885,9.630204,4.642593,4.987611,-1.5691219999999984,-0.11082999999999998,-0.11208014285714274,-0.0012501428571427553
15.489443,9.580837,4.646811,4.934025,-1.6184889999999985,-0.11504799999999982,-0.11560635714285704,-0.0005583571428572215
15.492037,9.544071,4.649496,4.894575,-1.6552549999999986,-0.11773300000000031,-0.1182324999999999,-0.0004994999999995836
15.495268,9.496385,4.653714,4.842671,-1.7029409999999991,-0.12195100000000014,-0.12163864285714279,0.00031235714285735017
15.499138,9.444881,4.656399,4.788483,-1.7544449999999987,-0.12463600000000064,-0.12531749999999992,-0.0006814999999992799
15.501991,9.401262,4.659467,4.741795,-1.798064,-0.12770400000000048,-0.12843314285714286,-0.000729142857142373
15.50543,9.354273,4.663685,4.690587,-1.845053,-0.13192200000000032,-0.1317895,0.00013250000000031292
15.509192,9.304464,4.666753,4.637711,-1.8948619999999998,-0.13499000000000017,-0.1353472857142857,-0.00035728571428553235
15.512496,9.261217,4.669821,4.591395,-1.938108999999999,-0.13805800000000001,-0.13843635714285707,-0.00037835714285705535
15.51583,9.214802,4.672122,4.54268,-1.9845239999999986,-0.14035900000000012,-0.14175171428571418,-0.0013927142857140529
15.518909,9.173062,4.675573,4.497489,-2.0262639999999994,-0.14381000000000022,-0.1447331428571428,-0.0009231428571425948
15.521628,9.138509,4.679025,4.459484,-2.0608169999999983,-0.14726200000000045,-0.14720121428571417,6.078571428627666e-05
15.525194,9.093507,4.681709,4.411798,-2.1058189999999986,-0.1499459999999999,-0.15041564285714276,-0.00046964285714284904
15.528812,9.049705,4.684394,4.365311,-2.149621,-0.1526310000000004,-0.15354435714285714,-0.00091335714285673
15.531378,9.012279,4.687462,4.324818,-2.1870469999999997,-0.15569900000000025,-0.15621764285714285,-0.0005186428571425927
15.534653,8.967918,4.691297,4.276621,-2.231408,-0.15953399999999984,-0.15938628571428573,0.00014771428571411227
15.537804,8.91529,4.694365,4.220926,-2.2840359999999986,-0.16260200000000058,-0.16314542857142847,-0.0005434285714278897
15.540684,8.886206,4.697433,4.188773,-2.3131199999999996,-0.16567000000000043,-0.16522285714285712,0.00044714285714331226
15.544239,8.837973,4.700884,4.137089,-2.3613529999999994,-0.16912100000000052,-0.16866807142857138,0.00045292857142914533
15.547762,8.784336,4.702802,4.081534,-2.4149899999999995,-0.17103900000000039,-0.1724992857142857,-0.0014602857142853032
15.550869,8.754789,4.70702,4.047769,-2.4445369999999986,-0.17525700000000022,-0.17460978571428562,0.0006472142857145979
15.553957,8.715631,4.708554,4.007077,-2.483694999999999,-0.1767910000000006,-0.17740678571428564,-0.0006157857142850554
15.558714,8.656391,4.712389,3.944002,-2.542935,-0.18062600000000018,-0.18163821428571428,-0.0010122142857141025
15.560223,8.635342,4.71584,3.919501,-2.5639839999999996,-0.18407700000000027,-0.18314171428571427,0.0009352857142859994
15.563883,8.589577,4.718525,3.871052,-2.609748999999999,-0.18676199999999987,-0.1864106428571428,0.00035135714285708386
15.566895,8.554543,4.720826,3.833718,-2.6447829999999986,-0.18906299999999998,-0.18891307142857133,0.00014992857142864802
15.569865,8.519836,4.723127,3.796709,-2.6794899999999995,-0.1913640000000001,-0.19139214285714282,-2.8142857142726685e-05
15.572828,8.486832,4.726195,3.760637,-2.7124939999999995,-0.19443199999999994,-0.19374957142857138,0.0006824285714285561
15.575987,8.446596,4.728879,3.717716,-2.7527299999999997,-0.1971160000000003,-0.1966235714285714,0.0004924285714288934
15.579571,8.406423,4.730797,3.675626,-2.792902999999999,-0.19903400000000016,-0.19949307142857137,-0.00045907142857121164
15.582214,8.371093,4.733098,3.637996,-2.828232999999999,-0.20133500000000026,-0.2020166428571428,-0.0006816428571425337
15.585267,8.337506,4.736549,3.600957,-2.86182,-0.20478600000000036,-0.20441571428571428,0.0003702857142860727
15.588882,8.300419,4.739617,3.560802,-2.8989069999999995,-0.2078540000000002,-0.2070647857142857,0.0007892142857145179
15.592075,8.260385,4.742685,3.5177,-2.938941,-0.21092200000000005,-0.20992435714285712,0.000997642857142933
15.595887,8.219462,4.744603,3.474859,-2.979863999999999,-0.21283999999999992,-0.21284742857142852,-7.428571428602648e-06
15.599458,8.176723,4.746904,3.429819,-3.0226029999999984,-0.21514100000000003,-0.21590021428571418,-0.0007592142857141548
15.601973,8.147728,4.750739,3.39699,-3.0515979999999985,-0.2189760000000005,-0.21797128571428562,0.001004714285714886
15.605129,8.111683,4.752656,3.359027,-3.087643,-0.22089300000000023,-0.22054592857142857,0.00034707142857165474
15.608371,8.075074,4.754957,3.320117,-3.1242519999999985,-0.22319400000000034,-0.22316085714285702,3.314285714331455e-05
15.610986,8.047207,4.757258,3.289949,-3.152118999999999,-0.22549500000000045,-0.22515135714285708,0.0003436428571433614
15.614146,8.014913,4.759175,3.255738,-3.1844129999999993,-0.22741200000000017,-0.22745807142857138,-4.6071428571214934e-05
15.618428,7.96792,4.761093,3.206827,-3.231405999999999,-0.22933000000000003,-0.2308147142857142,-0.0014847142857141726
15.620007,7.946638,4.764161,3.182477,-3.252687999999999,-0.23239799999999988,-0.2323348571428571,6.314285714278944e-05
15.623752,7.908472,4.766845,3.141626,-3.2908539999999995,-0.23508200000000024,-0.23506099999999996,2.1000000000270802e-05
15.628824,7.876218,4.769913,3.106305,-3.3231079999999995,-0.23815000000000008,-0.2373648571428571,0.0007851428571429842
15.630162,7.843319,4.771831,3.071489,-3.356006999999999,-0.24006799999999995,-0.23971478571428564,0.0003532142857143039
15.633239,7.814515,4.773365,3.04115,-3.384810999999999,-0.24160200000000032,-0.24177221428571422,-0.00017021428571389885
15.636342,7.786418,4.776049,3.010369,-3.412907999999999,-0.24428600000000067,-0.24377914285714278,0.0005068571428578916
15.640043,7.754686,4.77835,2.976336,-3.444639999999999,-0.2465869999999999,-0.2460457142857142,0.0005412857142856886
15.642956,7.728749,4.779501,2.949248,-3.4705769999999996,-0.247738,-0.2478983571428571,-0.00016035714285708713
15.645875,7.701655,4.781035,2.92062,-3.4976709999999995,-0.24927200000000038,-0.24983364285714282,-0.0005616428571424414
15.649132,7.668857,4.784486,2.884371,-3.530468999999999,-0.2527230000000005,-0.2521763571428571,0.0005466428571433979
15.652645,7.635135,4.785253,2.849882,-3.564190999999999,-0.2534900000000002,-0.2545850714285714,-0.0010950714285711816
15.65583,7.604887,4.789088,2.815799,-3.5944389999999995,-0.2573249999999998,-0.2567456428571428,0.0005793571428570066
15.65911,7.573047,4.791005,2.782041,-3.6262789999999994,-0.2592420000000004,-0.2590199285714285,0.00022207142857189055
15.66193,7.546042,4.792923,2.753119,-3.6532839999999993,-0.2611600000000003,-0.2609488571428571,0.00021114285714318726
15.665025,7.519339,4.794457,2.724882,-3.679986999999999,-0.26269400000000065,-0.2628562142857142,-0.00016221428571355778
15.668409,7.490618,4.795991,2.694628,-3.708707999999999,-0.26422800000000013,-0.2649077142857142,-0.0006797142857140615
15.67084,7.469803,4.798675,2.671128,-3.7295229999999995,-0.2669120000000005,-0.2663945,0.0005175000000005037
15.674035,7.444565,4.799442,2.645123,-3.7547609999999993,-0.2676790000000002,-0.26819721428571425,-0.0005182142857140248
15.678602,7.407013,4.801743,2.60527,-3.792312999999999,-0.26998000000000033,-0.27087949999999994,-0.0008994999999996089
15.680226,7.390451,4.803661,2.58679,-3.8088749999999996,-0.2718980000000002,-0.2720625,-0.00016449999999978981
15.683581,7.363767,4.805578,2.558189,-3.835558999999999,-0.2738149999999999,-0.27396849999999995,-0.00015350000000002861
15.686346,7.339714,4.808263,2.531451,-3.8596119999999994,-0.2765000000000004,-0.2756865714285714,0.0008134285714290201
15.68959,7.316288,4.809413,2.506875,-3.883037999999999,-0.2776500000000004,-0.2773598571428571,0.000290142857143294
15.692219,7.29535,4.810947,2.484403,-3.9039759999999992,-0.2791839999999999,-0.27885542857142853,0.0003285714285713448
15.695815,7.271893,4.812481,2.459412,-3.927432999999999,-0.28071800000000025,-0.2805309285714285,0.00018707142857177228
15.6988,7.25199,4.813632,2.438358,-3.947335999999999,-0.28186900000000037,-0.2819525714285714,-8.357142857101652e-05
15.701491,7.232529,4.815549,2.41698,-3.966796999999999,-0.2837860000000001,-0.2833426428571428,0.00044335714285731465
15.704864,7.209007,4.8167,2.392307,-3.9903189999999995,-0.2849370000000002,-0.2850227857142857,-8.5785714285469e-05
15.708105,7.183638,4.819384,2.364254,-4.015687999999999,-0.28762100000000057,-0.28683485714285706,0.0007861428571435125
15.711364,7.161338,4.820535,2.340803,-4.0379879999999995,-0.2887719999999998,-0.28842771428571423,0.00034428571428557486
15.714876,7.132964,4.822069,2.310896,-4.066361999999999,-0.2903060000000002,-0.2904544285714285,-0.00014842857142832733
15.717945,7.104838,4.824753,2.280085,-4.094487999999999,-0.29299000000000053,-0.29246342857142854,0.0005265714285719869
15.720749,7.090535,4.82552,2.265015,-4.108790999999999,-0.29375700000000027,-0.2934850714285714,0.00027192857142888105
15.724894,7.063408,4.826671,2.236737,-4.135917999999999,-0.2949080000000004,-0.29542271428571426,-0.0005147142857138687
15.728174,7.041967,4.828588,2.213378,-4.157359,-0.2968250000000001,-0.2969542142857143,-0.00012921428571416316
15.731342,7.026951,4.829739,2.197213,-4.172374999999999,-0.29797600000000024,-0.29802678571428565,-5.0785714285406236e-05
15.734731,7.015541,4.830889,2.184652,-4.183784999999999,-0.2991260000000002,-0.29884178571428566,0.00028421428571456797
15.737696,6.999246,4.831656,2.167591,-4.200079999999999,-0.29989299999999997,-0.3000057142857142,-0.0001127142857142438
15.740405,6.990033,4.832806,2.157226,-4.209292999999999,-0.30104299999999995,-0.30066378571428565,0.00037921428571430216
15.743836,6.973672,4.833573,2.140099,-4.225654,-0.3018100000000006,-0.30183242857142856,-2.242857142797927e-05
15.746742,6.958806,4.835107,2.123699,-4.240519999999999,-0.30334400000000006,-0.30289428571428567,0.00044971428571438654
15.750141,6.940874,4.836641,2.104233,-4.258451999999999,-0.3048780000000004,-0.3041751428571428,0.0007028571428576158
15.753058,6.924224,4.837792,2.086432,-4.2751019999999995,-0.30602900000000055,-0.30536442857142854,0.0006645714285720139
15.755962,6.905138,4.838559,2.066579,-4.294187999999999,-0.3067960000000003,-0.3067277142857142,6.8285714286076e-05
15.759636,6.885751,4.840093,2.045658,-4.313574999999999,-0.30833000000000066,-0.30811249999999996,0.00021750000000070324
15.761909,6.873305,4.841243,2.032062,-4.326020999999999,-0.30948000000000064,-0.30900149999999993,0.00047850000000071446
15.765273,6.856575,4.842394,2.014181,-4.342750999999999,-0.3106309999999999,-0.31019649999999993,0.0004344999999999488
15.768726,6.846567,4.842777,2.00379,-4.352758999999999,-0.3110140000000001,-0.31091135714285706,0.00010264285714306487
15.77121,6.833402,4.844311,1.989091,-4.365923999999999,-0.3125480000000005,-0.3118517142857142,0.0006962857142863155
15.774536,6.82344,4.844695,1.978745,-4.3758859999999995,-0.312932,-0.31256328571428565,0.0003687142857143333
15.777904,6.806467,4.845462,1.961006,-4.392859,-0.3136990000000006,-0.3137756428571428,-7.66428571422062e-05
15.780779,6.80027,4.846229,1.954041,-4.399055999999999,-0.31446600000000036,-0.3142182857142856,0.00024771428571473963
15.784224,6.788478,4.846612,1.941866,-4.410848,-0.3148490000000006,-0.3150605714285714,-0.00021157142857081146
15.787789,6.779327,4.847763,1.931564,-4.419998999999999,-0.31599999999999984,-0.3157142142857142,0.0002857857142856135
15.791207,6.775272,4.848146,1.927126,-4.424053999999999,-0.3163830000000001,-0.31600385714285706,0.0003791428571430222
15.794721,6.766473,4.848913,1.91756,-4.432852999999999,-0.3171499999999998,-0.31663235714285703,0.000517642857142786
15.797902,6.757586,4.849297,1.908289,-4.441739999999999,-0.3175340000000002,-0.3172671428571428,0.0002668571428574018
15.800802,6.753602,4.84968,1.903922,-4.445723999999999,-0.31791700000000045,-0.3175517142857142,0.00036528571428623424
15.804121,6.747641,4.850447,1.897194,-4.4516849999999994,-0.3186840000000002,-0.31797749999999997,0.0007065000000002208
15.808664,6.731696,4.850447,1.881248,-4.467629999999999,-0.3186840000000002,-0.31911642857142847,-0.0004324285714282783
15.81031,6.726982,4.851598,1.875384,-4.472344,-0.3198350000000003,-0.3194531428571428,0.00038185714285748906
15.81436,6.711262,4.852365,1.858897,-4.488064,-0.32060200000000005,-0.32057599999999997,2.6000000000081513e-05
15.818557,6.703799,4.853132,1.850667,-4.495526999999999,-0.3213689999999998,-0.32110907142857137,0.00025992857142842496
15.819994,6.701773,4.853132,1.848642,-4.497552999999999,-0.3213689999999998,-0.32125378571428564,0.00011521428571414916
15.824011,6.697311,4.853132,1.84418,-4.502014999999999,-0.3213689999999998,-0.32157249999999993,-0.00020350000000013413
15.826864,6.693463,4.853899,1.839564,-4.505862999999999,-0.3221360000000004,-0.32184735714285706,0.0002886428571433619
15.829985,6.690364,4.853515,1.836849,-4.5089619999999995,-0.32175200000000004,-0.32206871428571426,-0.0003167142857142258
15.832883,6.688075,4.854282,1.833793,-4.511250999999999,-0.32251900000000067,-0.3222322142857142,0.0002867857142864749
15.836098,6.687197,4.854666,1.832532,-4.512128999999999,-0.32290300000000016,-0.3222949285714285,0.000608071428571666
15.83953,6.685935,4.853899,1.832036,-4.5133909999999995,-0.3221360000000004,-0.32238507142857137,-0.0002490714285709461
15.842224,6.685282,4.853899,1.831383,-4.514043999999999,-0.3221360000000004,-0.3224317142857142,-0.00029571428571378844
15.845233,6.684664,4.854666,1.829999,-4.5146619999999995,-0.32290300000000016,-0.3224758571428571,0.0004271428571430702
15.848716,6.684461,4.854282,1.830178,-4.5148649999999995,-0.32251900000000067,-0.3224903571428571,2.8642857143545974e-05
15.851553,6.683743,4.854666,1.829077,-4.5155829999999995,-0.32290300000000016,-0.3225416428571428,0.00036135714285734366
15.854828,6.683747,4.854666,1.829081,-4.515578999999999,-0.32290300000000016,-0.3225413571428571,0.0003616428571430741
15.857994,6.683951,4.854282,1.829668,-4.515374999999999,-0.32251900000000067,-0.3225267857142856,-7.785714284946899e-06
15.860759,6.683965,4.853899,1.830066,-4.5153609999999995,-0.3221360000000004,-0.3225257857142857,-0.0003897857142852734
15.864081,6.684422,4.854282,1.830139,-4.514904,-0.32251900000000067,-0.3224931428571428,2.5857142857854676e-05
15.869245,6.684669,4.854282,1.830387,-4.514656999999999,-0.32251900000000067,-0.3224754999999999,4.350000000075127e-05
15.870122,6.684926,4.854282,1.830644,-4.514399999999999,-0.32251900000000067,-0.32245714285714283,6.185714285783517e-05
15.873816,6.685456,4.854282,1.831174,-4.513869999999999,-0.32251900000000067,-0.32241928571428563,9.971428571503571e-05
15.876622,6.68571,4.854282,1.831428,-4.513615999999999,-0.32251900000000067,-0.3224011428571428,0.00011785714285789117
15.87974,6.686765,4.854282,1.832483,-4.512560999999999,-0.32251900000000067,-0.32232578571428566,0.00019321428571500432
15.882691,6.687842,4.853899,1.833943,-4.511483999999999,-0.3221360000000004,-0.3222488571428571,-0.00011285714285669268
15.885953,6.688206,4.854282,1.833923,-4.511119999999999,-0.32251900000000067,-0.3222228571428571,0.0002961428571435776
15.88965,6.689966,4.853899,1.836067,-4.509359999999999,-0.3221360000000004,-0.3220971428571428,3.885714285761788e-05
15.892854,6.692229,4.853899,1.838331,-4.507096999999999,-0.3221360000000004,-0.32193549999999993,0.00020050000000049195
15.895799,6.694177,4.853515,1.840662,-4.505148999999999,-0.32175200000000004,-0.3217963571428571,-4.435714285705439e-05
15.89923,6.695673,4.853899,1.841775,-4.503652999999999,-0.3221360000000004,-0.3216894999999999,0.00044650000000051593
15.901665,6.697905,4.853515,1.844389,-4.501420999999999,-0.32175200000000004,-0.3215300714285713,0.00022192857142872002
15.90517,6.700593,4.853515,1.847078,-4.498733,-0.32175200000000004,-0.3213380714285714,0.0004139285714286345
15.908322,6.703432,4.853132,1.8503,-4.495893999999999,-0.3213689999999998,-0.3211352857142856,0.00023371428571417052
15.911128,6.705945,4.852748,1.853197,-4.493380999999999,-0.3209850000000003,-0.3209557857142857,2.921428571461826e-05
15.914592,6.709199,4.852748,1.856451,-4.490126999999999,-0.3209850000000003,-0.3207233571428571,0.00026164285714319613
15.918013,6.717163,4.851981,1.865182,-4.482162999999999,-0.32021800000000056,-0.32015449999999995,6.350000000060474e-05
15.920914,6.724662,4.851598,1.873064,-4.474663999999999,-0.3198350000000003,-0.31961885714285704,0.00021614285714327552
15.924148,6.731422,4.851214,1.880208,-4.467903999999999,-0.31945099999999993,-0.3191359999999999,0.0003150000000000097
15.928498,6.736177,4.851214,1.884963,-4.463149,-0.31945099999999993,-0.3187963571428571,0.0006546428571428398
15.930155,6.737889,4.850064,1.887826,-4.461436999999999,-0.31830099999999995,-0.31867407142857135,-0.0003730714285714032
15.934006,6.741449,4.850064,1.891385,-4.457876999999999,-0.31830099999999995,-0.31841978571428564,-0.00011878571428569629
15.938745,6.747238,4.850064,1.897175,-4.452087999999999,-0.31830099999999995,-0.31800628571428563,0.0002947142857143148
15.939922,6.751418,4.84968,1.901738,-4.447907999999999,-0.31791700000000045,-0.3177077142857142,0.00020928571428624476
15.943601,6.757186,4.848913,1.908273,-4.442139999999999,-0.3171499999999998,-0.31729571428571424,-0.00014571428571441558
15.946497,6.766566,4.848146,1.91842,-4.432759999999999,-0.3163830000000001,-0.31662571428571423,-0.00024271428571415177
15.95017,6.780712,4.847763,1.932949,-4.418613999999999,-0.31599999999999984,-0.31561528571428565,0.00038471428571418276
15.952493,6.791764,4.846612,1.945152,-4.4075619999999995,-0.3148490000000006,-0.3148258571428571,2.314285714349884e-05
15.955955,6.809162,4.845845,1.963317,-4.3901639999999995,-0.314082,-0.31358314285714284,0.0004988571428571342
15.959425,6.825534,4.844695,1.98084,-4.373791999999999,-0.312932,-0.31241371428571424,0.0005182857142857489
15.9619,6.834811,4.843928,1.990883,-4.364514999999999,-0.31216500000000025,-0.31175107142857134,0.00041392857142891204
15.964871,6.84337,4.843161,2.000209,-4.355955999999999,-0.3113980000000005,-0.31113971428571424,0.000258285714286266
15.969218,6.85517,4.842777,2.012393,-4.344155999999999,-0.3110140000000001,-0.3102968571428571,0.0007171428571430272
15.970561,6.859922,4.841627,2.018295,-4.339403999999999,-0.30986400000000014,-0.3099574285714285,-9.342857142835559e-05
15.974309,6.870815,4.84086,2.029955,-4.328510999999999,-0.3090970000000004,-0.30917935714285705,-8.23571428566483e-05
15.978774,6.887076,4.840093,2.046984,-4.312249999999999,-0.30833000000000066,-0.30801785714285707,0.0003121428571435936
15.980799,6.899127,4.838559,2.060568,-4.300198999999999,-0.3067960000000003,-0.30715707142857135,-0.0003610714285710581
15.984594,6.914763,4.838175,2.076588,-4.2845629999999995,-0.3064119999999999,-0.30604021428571426,0.000371785714285644
15.987869,6.933667,4.837025,2.096642,-4.265658999999999,-0.3052619999999999,-0.3046899285714285,0.0005720714285714079
15.991096,6.943197,4.835491,2.107706,-4.256129,-0.30372800000000044,-0.30400921428571426,-0.00028121428571381557
15.994466,6.958902,4.834724,2.124178,-4.240423999999999,-0.3029609999999998,-0.30288742857142853,7.357142857128407e-05
15.997781,6.981274,4.83319,2.148084,-4.218051999999999,-0.30142700000000033,-0.30128942857142854,0.00013757142857179216
16.000887,6.995403,4.832039,2.163364,-4.203923,-0.3002760000000002,-0.3002802142857143,-4.214285714065902e-06
16.004605,7.019141,4.830889,2.188252,-4.180184999999999,-0.2991260000000002,-0.29858464285714276,0.0005413571428574682
16.007839,7.044585,4.828205,2.216381,-4.154741,-0.2964419999999999,-0.29676721428571423,-0.0003252142857143592
16.010823,7.061648,4.827438,2.234211,-4.137677999999999,-0.29567500000000013,-0.29554842857142855,0.00012657142857158687
16.014185,7.08417,4.82552,2.25865,-4.115155999999999,-0.29375700000000027,-0.2939397142857142,-0.00018271428571392523
16.017091,7.103762,4.82437,2.279393,-4.0955639999999995,-0.2926070000000003,-0.2925402857142857,6.671428571458637e-05
16.020312,7.119856,4.823219,2.296637,-4.079469999999999,-0.29145600000000016,-0.2913907142857142,6.528571428593422e-05
16.023312,7.135231,4.822069,2.313162,-4.064094999999999,-0.2903060000000002,-0.29029249999999995,1.3500000000221668e-05
16.026529,7.154651,4.821302,2.33335,-4.044674999999999,-0.28953900000000043,-0.2889053571428571,0.0006336428571433461
16.029617,7.174328,4.820151,2.354177,-4.024997999999999,-0.2883880000000003,-0.2874998571428571,0.0008881428571432259
16.032393,7.189284,4.818617,2.370667,-4.010041999999999,-0.28685399999999994,-0.2864315714285714,0.00042242857142854584
16.035417,7.206869,4.817083,2.389786,-3.992456999999999,-0.28532000000000046,-0.2851754999999999,0.00014450000000054697
16.038783,7.227706,4.815549,2.412156,-3.971619999999999,-0.2837860000000001,-0.28368714285714275,9.885714285734482e-05
16.04162,7.252302,4.814015,2.438287,-3.947023999999999,-0.2822520000000006,-0.28193028571428563,0.0003217142857149802
16.045072,7.278953,4.812481,2.466472,-3.9203729999999997,-0.28071800000000025,-0.28002664285714285,0.0006913571428573961
16.047937,7.308538,4.810947,2.49759,-3.890787999999999,-0.2791839999999999,-0.2779134285714285,0.0012705714285713987
16.05065,7.328093,4.807496,2.520597,-3.8712329999999993,-0.27573300000000067,-0.2765166428571428,-0.0007836428571421084
16.05376,7.356154,4.806345,2.549809,-3.843171999999999,-0.27458200000000055,-0.27451228571428565,6.971428571489469e-05
16.056836,7.381645,4.804428,2.577217,-3.8176809999999994,-0.27266499999999994,-0.2726915,-2.650000000004038e-05
16.059955,7.408366,4.802127,2.606239,-3.790959999999999,-0.2703639999999998,-0.2707828571428571,-0.00041885714285727627
16.063185,7.432934,4.800976,2.631957,-3.766391999999999,-0.2692130000000006,-0.26902799999999993,0.00018500000000065686
16.066539,7.459455,4.799442,2.660013,-3.739870999999999,-0.2676790000000002,-0.2671336428571428,0.0005453571428574167
16.069705,7.481356,4.797525,2.683831,-3.7179699999999993,-0.2657620000000005,-0.2655692857142857,0.0001927142857148234
16.072365,7.501674,4.795607,2.706066,-3.697651999999999,-0.26384400000000063,-0.2641179999999999,-0.0002739999999992748
16.075625,7.529029,4.79369,2.735339,-3.670296999999999,-0.261927,-0.26216407142857134,-0.00023707142857132268
16.078944,7.56078,4.791772,2.769008,-3.638545999999999,-0.26000900000000016,-0.2598961428571428,0.00011285714285735882
16.081758,7.586432,4.790239,2.796194,-3.612893999999999,-0.25847599999999993,-0.25806385714285707,0.0004121428571428609
16.084987,7.618686,4.788705,2.829981,-3.580639999999999,-0.25694200000000045,-0.25575999999999993,0.001182000000000516
16.088047,7.652446,4.78487,2.867576,-3.546879999999999,-0.25310699999999997,-0.25334857142857137,-0.00024157142857139657
16.090936,7.677026,4.782952,2.894073,-3.5222999999999995,-0.2511890000000001,-0.2515928571428571,-0.00040385714285701146
16.094226,7.709864,4.781418,2.928446,-3.4894619999999996,-0.24965500000000063,-0.2492472857142857,0.0004077142857149274
16.098427,7.749395,4.779117,2.970278,-3.4499309999999994,-0.24735400000000052,-0.24642364285714283,0.0009303571428576907
16.100254,7.767662,4.7772,2.990462,-3.4316639999999996,-0.2454369999999999,-0.2451188571428571,0.00031814285714279467
16.104005,7.80299,4.774515,3.028474,-3.396335999999999,-0.2427520000000003,-0.2425954285714285,0.00015657142857181117
16.108689,7.848768,4.772598,3.076171,-3.3505579999999995,-0.24083500000000058,-0.2393255714285714,0.0015094285714291888
16.110414,7.86746,4.770297,3.097163,-3.331865999999999,-0.23853400000000047,-0.2379904285714285,0.0005435714285719762
16.113968,7.907476,4.767229,3.140247,-3.2918499999999993,-0.23546600000000062,-0.23513214285714282,0.0003338571428578019
16.116964,7.939285,4.765695,3.17359,-3.2600409999999993,-0.23393200000000025,-0.23286007142857137,0.0010719285714288762
16.120091,7.970997,4.763394,3.207603,-3.2283289999999996,-0.23163100000000014,-0.23059492857142855,0.0010360714285715944
16.123003,8.001152,4.761093,3.240059,-3.198174,-0.22933000000000003,-0.22844099999999998,0.0008890000000000564
16.125971,8.028414,4.759175,3.269238,-3.1709119999999995,-0.22741200000000017,-0.22649371428571424,0.0009182857142859269
16.129457,8.063147,4.757258,3.305889,-3.1361789999999985,-0.22549500000000045,-0.2240127857142856,0.0014822142857148501
16.132348,8.092399,4.753806,3.338592,-3.106926999999999,-0.2220430000000002,-0.22192335714285708,0.00011964285714313738
16.135414,8.128328,4.751505,3.376822,-3.0709979999999995,-0.2197420000000001,-0.21935699999999997,0.00038500000000013523
16.139325,8.165786,4.747671,3.418115,-3.0335399999999986,-0.21590800000000065,-0.21668142857142847,-0.0007734285714278144
16.142153,8.20783,4.74537,3.462461,-2.9914959999999997,-0.21360700000000055,-0.21367828571428568,-7.12857142851353e-05
16.145336,8.243747,4.743452,3.500295,-2.9555789999999984,-0.2116889999999998,-0.2111127857142856,0.0005762142857141939
16.148844,8.2832,4.739617,3.543583,-2.9161259999999984,-0.2078540000000002,-0.20829471428571417,-0.0004407142857139612
16.151509,8.314736,4.737316,3.57742,-2.8845899999999993,-0.2055530000000001,-0.2060421428571428,-0.0004891428571427159
16.154885,8.354946,4.735399,3.619548,-2.8443799999999992,-0.20363600000000037,-0.20316999999999993,0.0004660000000004383
16.158749,8.39777,4.731947,3.665823,-2.8015559999999997,-0.20018400000000014,-0.20011114285714285,7.285714285729106e-05
16.161052,8.429973,4.729646,3.700327,-2.769352999999999,-0.19788300000000003,-0.19781092857142848,7.207142857154625e-05
16.164837,8.474141,4.726962,3.747179,-2.7251849999999997,-0.19519900000000057,-0.19465607142857141,0.0005429285714291521
16.169072,8.518991,4.724661,3.79433,-2.6803349999999995,-0.19289800000000046,-0.19145249999999997,0.001445500000000488
16.170811,8.544003,4.721209,3.822793,-2.655322999999999,-0.18944600000000023,-0.18966592857142853,-0.0002199285714283017
16.173781,8.580444,4.718908,3.861536,-2.6188819999999993,-0.18714500000000012,-0.18706299999999995,8.200000000016527e-05
16.176917,8.618932,4.716224,3.902708,-2.580394,-0.18446100000000065,-0.18431385714285714,0.00014714285714351183
16.179844,8.656964,4.713923,3.943041,-2.542361999999999,-0.18216000000000054,-0.18159728571428563,0.0005627142857149159
16.183068,8.695701,4.710088,3.985613,-2.5036249999999995,-0.17832500000000007,-0.1788303571428571,-0.0005053571428570436
16.190719,8.79372,4.706637,4.087084,-2.405605999999999,-0.17487399999999997,-0.17182899999999993,0.0030450000000000477
16.190719,8.79372,4.701651,4.092069,-2.405605999999999,-0.16988800000000026,-0.17182899999999993,-0.0019409999999996652
16.195995,8.85435,4.698967,4.155383,-2.344975999999999,-0.1672039999999999,-0.16749828571428566,-0.0002942857142857469
16.199714,8.900584,4.696666,4.203919,-2.298741999999999,-0.1649029999999998,-0.16419585714285706,0.0007071428571427396
16.202293,8.940119,4.693981,4.246138,-2.259207,-0.1622180000000002,-0.16137192857142857,0.0008460714285716264
16.20523,8.975089,4.690913,4.284176,-2.2242369999999987,-0.15915000000000035,-0.15887407142857132,0.00027592857142902383
16.207925,9.021319,4.687078,4.334241,-2.178006999999999,-0.15531499999999987,-0.1555719285714285,-0.000256928571428644
16.211461,9.051129,4.683243,4.367885,-2.1481969999999997,-0.15148000000000028,-0.15344264285714285,-0.001962642857142566
16.215258,9.111026,4.680175,4.43085,-2.0882999999999985,-0.14841200000000043,-0.1491642857142856,-0.000752285714285178
16.218664,9.150932,4.677874,4.473058,-2.048394,-0.14611100000000032,-0.14631385714285713,-0.00020285714285681045
16.221185,9.19129,4.67519,4.5161,-2.008035999999999,-0.14342699999999997,-0.14343114285714278,-4.142857142813705e-06
16.224593,9.239122,4.672122,4.567,-1.9602039999999992,-0.14035900000000012,-0.14001457142857138,0.0003444285714287454
16.228591,9.294223,4.667904,4.62632,-1.9051029999999987,-0.1361410000000003,-0.1360787857142856,6.221428571467902e-05
16.230922,9.327131,4.664452,4.662679,-1.8721949999999996,-0.13268900000000006,-0.13372821428571427,-0.0010392142857142128
16.234652,9.373607,4.661384,4.712223,-1.8257189999999994,-0.1296210000000002,-0.13040849999999996,-0.0007874999999997467
16.237626,9.431401,4.659467,4.771934,-1.767925,-0.12770400000000048,-0.12628035714285715,0.0014236428571433313
16.240284,9.457151,4.656399,4.800752,-1.7421749999999996,-0.12463600000000064,-0.1244410714285714,0.00019492857142923425
16.243608,9.502863,4.653331,4.849533,-1.6964629999999996,-0.1215679999999999,-0.12117592857142855,0.0003920714285713528
16.24643,9.53974,4.650263,4.889478,-1.6595859999999991,-0.11850000000000005,-0.11854185714285707,-4.185714285702413e-05
16.249676,9.584267,4.646044,4.938223,-1.6150589999999987,-0.11428100000000008,-0.11536135714285704,-0.0010803571428569664
16.252622,9.623561,4.643743,4.979818,-1.5757649999999988,-0.11197999999999997,-0.11255464285714277,-0.0005746428571428014
16.255618,9.665666,4.640675,5.024991,-1.5336599999999994,-0.10891200000000012,-0.10954714285714282,-0.0006351428571426954
16.259224,9.707321,4.637224,5.070097,-1.492004999999999,-0.10546100000000003,-0.10657178571428563,-0.001110785714285606
16.261481,9.751917,4.633005,5.118912,-1.4474089999999986,-0.10124200000000005,-0.10338635714285704,-0.0021443571428569896
16.264807,9.798108,4.630705,5.167403,-1.401218,-0.09894200000000009,-0.10008700000000001,-0.0011449999999999239
16.26915,9.851685,4.628404,5.223282,-1.3476409999999994,-0.09664099999999998,-0.09626007142857139,0.0003809285714285876
16.271102,9.887144,4.623802,5.263342,-1.312182,-0.09203900000000065,-0.09372728571428571,-0.0016882857142850594
16.274997,9.941661,4.620734,5.320927,-1.2576649999999994,-0.08897099999999991,-0.08983321428571424,-0.0008622142857143272
16.278654,9.990774,4.615748,5.375026,-1.2085519999999992,-0.0839850000000002,-0.0863251428571428,-0.0023401428571425964
16.281575,10.041497,4.613447,5.428049,-1.1578289999999996,-0.08168400000000009,-0.0827020714285714,-0.0010180714285713127
16.284731,10.08832,4.610379,5.477941,-1.1110059999999997,-0.07861600000000024,-0.0793575714285714,-0.0007415714285711611
16.287897,10.143755,4.605777,5.537978,-1.0555709999999987,-0.07401400000000002,-0.07539792857142848,-0.0013839285714284527
16.290759,10.175252,4.603476,5.571776,-1.0240739999999988,-0.07171299999999992,-0.07314814285714277,-0.001435142857142857
16.294254,10.225347,4.600408,5.624939,-0.9739789999999999,-0.06864500000000007,-0.06956992857142856,-0.0009249285714284933
16.298578,10.288345,4.59734,5.691004,-0.9109809999999996,-0.06557700000000022,-0.0650700714285714,0.0005069285714288246
16.300123,10.311765,4.593505,5.718259,-0.8875609999999998,-0.06174200000000063,-0.06339721428571428,-0.0016552142857136493
16.303453,10.357418,4.590821,5.766597,-0.8419080000000001,-0.05905800000000028,-0.06013628571428572,-0.0010782857142854416
16.306632,10.401296,4.586986,5.81431,-0.7980299999999989,-0.0552229999999998,-0.05700214285714278,-0.001779142857142979
16.309772,10.447584,4.584302,5.863282,-0.7517419999999984,-0.052539000000000335,-0.053695857142857024,-0.001156857142856689
16.312618,10.493133,4.581617,5.911516,-0.706192999999999,-0.04985399999999984,-0.05044235714285707,-0.0005883571428572237
16.315573,10.53846,4.577399,5.961061,-0.6608659999999986,-0.04563600000000001,-0.04720471428571419,-0.0015687142857141803
16.319072,10.584617,4.574714,6.009903,-0.6147089999999995,-0.042951000000000406,-0.04390778571428568,-0.0009567857142852715
16.321811,10.633123,4.570496,6.062627,-0.5662029999999998,-0.03873300000000057,-0.04044307142857141,-0.001710071428570839
16.325157,10.683453,4.568195,6.115258,-0.5158729999999991,-0.036432000000000464,-0.03684807142857137,-0.00041607142857090496
16.32833,10.732219,4.563593,6.168627,-0.4671069999999986,-0.03183000000000025,-0.03336478571428562,-0.0015347857142853708
16.331087,10.774272,4.560141,6.214131,-0.4250539999999994,-0.028378000000000014,-0.030360999999999954,-0.0019829999999999397
16.334466,10.824267,4.557073,6.267194,-0.3750589999999985,-0.025310000000000166,-0.02678992857142846,-0.0014799285714282955
16.338623,10.886376,4.554005,6.332371,-0.31294999999999895,-0.022242000000000317,-0.022353571428571355,-0.00011157142857103758
16.340387,10.914491,4.550554,6.363937,-0.2848349999999993,-0.018791000000000224,-0.020345357142857092,-0.001554357142856868
16.343935,10.966879,4.54787,6.419009,-0.23244699999999874,-0.01610699999999987,-0.01660335714285705,-0.0004963571428571803
16.346987,11.01251,4.544802,6.467709,-0.18681599999999854,-0.013039000000000023,-0.013343999999999896,-0.0003049999999998731
16.349989,11.057746,4.542117,6.515629,-0.14157999999999937,-0.010354000000000418,-0.010112857142857099,0.0002411428571433196
16.353054,11.104799,4.536748,6.56805,-0.09452699999999936,-0.004985000000000461,-0.006751928571428526,-0.0017669285714280647
16.359296,11.154603,4.53368,6.620923,-0.0447229999999994,-0.0019170000000006127,-0.0031944999999999574,-0.0012774999999993447
16.360169,11.205733,4.529462,6.676271,0.006407000000001162,0.0023010000000001085,0.00045764285714294014,-0.0018433571428571683
16.363587,11.261791,4.526777,6.735014,0.062465000000001325,0.004985999999999713,0.004461785714285809,-0.0005242142857139042
16.366811,11.308464,4.521792,6.786672,0.10913800000000151,0.009971000000000174,0.007795571428571536,-0.002175428571428638
16.369648,11.355652,4.518724,6.836928,0.15632599999999996,0.013039000000000023,0.011166142857142855,-0.0018728571428571674
16.372767,11.402206,4.515656,6.88655,0.2028800000000004,0.01610699999999987,0.0144914285714286,-0.001615571428571272
16.375592,11.448165,4.512588,6.935577,0.24883900000000025,0.01917499999999972,0.017774214285714303,-0.0014007857142854171
16.379491,11.493008,4.509137,6.983871,0.29368200000000044,0.022625999999999813,0.020977285714285747,-0.001648714285714066
16.381742,11.543597,4.504535,7.039063,0.3442710000000009,0.02722800000000003,0.024590785714285777,-0.002637214285714253
16.385215,11.59632,4.50185,7.094469,0.3969940000000012,0.029912999999999634,0.02835671428571437,-0.0015562857142852639
16.388273,11.646631,4.499166,7.147465,0.44730500000000006,0.03259699999999999,0.03195035714285715,-0.0006466428571428387
16.390967,11.685867,4.49418,7.191687,0.4865410000000008,0.0375829999999997,0.03475292857142863,-0.002830071428571071
16.39477,11.740842,4.491496,7.249346,0.5415160000000014,0.04026700000000005,0.03867971428571439,-0.0015872857142856661
16.398169,11.79655,4.488428,7.308123,0.5972240000000006,0.0433349999999999,0.042658857142857186,-0.0006761428571427155
16.400673,11.831793,4.483826,7.347967,0.6324670000000001,0.04793700000000012,0.04517621428571429,-0.0027607857142858266
16.404072,11.880561,4.480758,7.399803,0.6812350000000009,0.05100499999999997,0.04865964285714292,-0.002345357142857045
16.408524,11.945872,4.47769,7.468182,0.7465460000000004,0.054072999999999816,0.053324714285714316,-0.0007482857142855001
16.410165,11.974989,4.473855,7.501134,0.7756630000000015,0.057907999999999404,0.05540450000000011,-0.002503499999999291
16.414011,12.025997,4.470404,7.555594,0.826671000000001,0.0613589999999995,0.05904792857142865,-0.0023110714285708503
16.418594,12.097181,4.466952,7.630229,0.8978550000000016,0.06481099999999973,0.06413250000000012,-0.00067849999999961
16.420007,12.125767,4.462734,7.663033,0.9264410000000005,0.06902899999999956,0.06617435714285717,-0.0028546428571423893
16.423742,12.174874,4.459666,7.715208,0.9755480000000016,0.07209699999999941,0.06968200000000012,-0.0024149999999992927
16.42667,12.218755,4.456598,7.762157,1.0194290000000006,0.07516500000000015,0.07281635714285718,-0.0023486428571429657
16.429723,12.263746,4.453146,7.810599,1.0644200000000001,0.07861699999999949,0.07603000000000001,-0.0025869999999994786
16.432725,12.310969,4.451229,7.85974,1.1116430000000008,0.0805340000000001,0.07940307142857149,-0.001130928571428616
16.435645,12.356473,4.447777,7.908696,1.1571470000000001,0.08398599999999945,0.08265335714285715,-0.0013326428571422966
16.438835,12.400248,4.442792,7.957456,1.2009220000000003,0.08897099999999991,0.08578014285714287,-0.003190857142857037
16.44161,12.445045,4.440107,8.004938,1.2457190000000011,0.09165599999999952,0.08897992857142865,-0.0026760714285708614
16.444882,12.493245,4.437423,8.055822,1.2939190000000007,0.09433999999999987,0.09242278571428576,-0.0019172142857141056
16.448339,12.542031,4.432821,8.10921,1.3427050000000005,0.09894200000000009,0.09590750000000003,-0.003034500000000051
16.451209,12.583448,4.429753,8.153695,1.3841220000000014,0.10200999999999993,0.09886585714285724,-0.0031441428571426927
16.454621,12.632885,4.427069,8.205816,1.4335590000000007,0.1046939999999994,0.10239707142857148,-0.0022969285714279225
16.458748,12.691031,4.422467,8.268564,1.4917050000000014,0.10929599999999962,0.10655035714285724,-0.0027456428571423774
16.460681,12.717274,4.420166,8.297109,1.5179480000000005,0.11159699999999972,0.10842485714285718,-0.0031721428571425403
16.463982,12.769427,4.417098,8.352329,1.570101000000001,0.11466499999999957,0.1121500714285715,-0.002514928571428071
16.467278,12.810277,4.41403,8.396247,1.610951,0.11773299999999942,0.11506792857142857,-0.0026650714285708504
16.469955,12.855029,4.410962,8.444067,1.6557030000000008,0.12080100000000016,0.11826450000000006,-0.0025365000000000942
16.472914,12.897657,4.407894,8.489763,1.6983310000000014,0.123869,0.12130935714285725,-0.0025596428571427604
16.475867,12.941393,4.403675,8.537718,1.7420670000000005,0.12808799999999998,0.12443335714285718,-0.003654642857142801
16.479074,12.98618,4.400607,8.585572,1.786854,0.13115599999999983,0.12763242857142856,-0.003523571428571265
16.481984,13.0269,4.397923,8.628977,1.8275740000000003,0.13384000000000018,0.13054100000000002,-0.003299000000000163
16.485035,13.069582,4.395238,8.674344,1.8702560000000013,0.13652499999999979,0.13358971428571437,-0.0029352857142854183
16.488175,13.116478,4.392937,8.723541,1.9171520000000015,0.1388259999999999,0.13693942857142868,-0.0018865714285712099
16.490994,13.15362,4.388336,8.765285,1.9542940000000009,0.14342699999999997,0.13959242857142865,-0.003834571428571326
16.494309,13.201675,4.385651,8.816024,2.0023490000000006,0.14611199999999958,0.14302492857142862,-0.0030870714285709533
16.498763,13.259995,4.382583,8.877412,2.0606690000000008,0.14917999999999942,0.14719064285714292,-0.0019893571428565016
16.500202,13.285361,4.379132,8.90623,2.0860350000000007,0.15263099999999952,0.14900250000000007,-0.0036284999999994516
16.503849,13.33164,4.37568,8.95596,2.132314000000001,0.15608299999999975,0.15230814285714292,-0.00377485714285683
16.506825,13.374047,4.373763,9.000285,2.174721,0.15799999999999947,0.1553372142857143,-0.0026627857142851874
16.509658,13.414716,4.371078,9.043638,2.215390000000001,0.16068499999999997,0.15824214285714294,-0.0024428571428570245
16.512675,13.45597,4.367243,9.088727,2.2566440000000014,0.16451999999999956,0.16118885714285724,-0.0033311428571423107
16.515926,13.499561,4.364559,9.135002,2.3002350000000007,0.1672039999999999,0.16430250000000005,-0.0029014999999998625
16.519587,13.545121,4.361874,9.183246,2.3457950000000007,0.1698889999999995,0.16755678571428576,-0.0023322142857137573
16.522175,13.582101,4.358039,9.224062,2.3827750000000005,0.173724,0.17019821428571433,-0.003525785714285662
16.525548,13.628074,4.354971,9.273103,2.4287480000000006,0.17679199999999984,0.17348200000000005,-0.0033099999999997853
16.528927,13.670085,4.352287,9.317798,2.470759000000001,0.1794760000000002,0.1764827857142858,-0.0029932142857143906
16.531493,13.709066,4.349603,9.359464,2.5097400000000007,0.18215999999999966,0.1792671428571429,-0.002892857142856753
16.534724,13.748734,4.347685,9.401049,2.5494080000000015,0.18407799999999952,0.18210057142857153,-0.0019774285714279916
16.537786,13.796935,4.345001,9.451934,2.5976090000000003,0.18676199999999987,0.18554350000000003,-0.0012184999999998447
16.54064,13.823029,4.341549,9.48148,2.623703000000001,0.1902140000000001,0.1874073571428572,-0.0028066428571429103
16.544043,13.865928,4.338865,9.527063,2.666602000000001,0.19289799999999957,0.1904715714285715,-0.0024264285714280798
16.548741,13.905179,4.336947,9.568232,2.705853000000001,0.19481599999999943,0.19327521428571437,-0.0015407857142850645
16.5501,13.946044,4.334263,9.611781,2.7467180000000013,0.1974999999999998,0.19619414285714296,-0.001305857142856831
16.553048,13.981974,4.330044,9.65193,2.782648,0.20171899999999976,0.19876057142857143,-0.0029584285714283343
16.556228,14.022003,4.328127,9.693876,2.8226770000000005,0.20363599999999948,0.20161978571428577,-0.002016214285713719
16.559564,14.060429,4.325059,9.73537,2.861103,0.20670399999999933,0.2043645,-0.0023394999999993282
16.562678,14.100507,4.322758,9.777749,2.901181000000001,0.20900499999999944,0.20722721428571436,-0.0017777857142850795
16.565527,14.136274,4.319306,9.816968,2.936948000000001,0.21245699999999967,0.20978200000000008,-0.0026749999999995944
16.568997,14.174027,4.317389,9.856638,2.9747010000000014,0.2143739999999994,0.21247864285714296,-0.0018953571428564353
16.572117,14.218959,4.31317,9.905789,3.0196330000000007,0.21859299999999937,0.21568807142857147,-0.002904928571427906
16.575415,14.257336,4.311253,9.946083,3.0580100000000012,0.22050999999999998,0.2184292857142858,-0.002080714285714186
16.57908,14.293885,4.308952,9.984933,3.0945590000000003,0.2228110000000001,0.2210399285714286,-0.0017710714285714968
16.58188,14.332197,4.305884,10.026313,3.1328710000000015,0.22587899999999994,0.2237765000000001,-0.0021024999999998406
16.585058,14.368966,4.303583,10.065383,3.169640000000001,0.22818000000000005,0.2264028571428572,-0.0017771428571428383
16.588303,14.407805,4.301282,10.106523,3.2084790000000005,0.23048100000000016,0.22917707142857147,-0.001303928571428692
16.590998,14.439397,4.298598,10.140799,3.2400710000000004,0.23316499999999962,0.23143364285714288,-0.0017313571428567431
16.59398,14.473732,4.296297,10.177435,3.274406000000001,0.23546599999999973,0.2338861428571429,-0.0015798571428568275
16.596926,14.507039,4.294379,10.21266,3.3077130000000015,0.2373839999999996,0.2362652142857144,-0.0011187857142851976
16.600075,14.54185,4.290928,10.250922,3.342524000000001,0.2408349999999997,0.23875171428571434,-0.0020832857142853434
16.603154,14.574561,4.288243,10.286318,3.375235,0.24352000000000018,0.24108821428571428,-0.0024317857142859
16.606104,14.609149,4.287093,10.322056,3.409823000000001,0.24467000000000017,0.2435587857142858,-0.001111214285714368
16.609598,14.643436,4.284408,10.359028,3.4441100000000002,0.24735499999999977,0.24600785714285717,-0.0013471428571426025
16.611833,14.669714,4.28134,10.388374,3.4703880000000016,0.2504229999999996,0.24788485714285727,-0.0025381428571423503
16.615317,14.707983,4.279423,10.42856,3.5086570000000012,0.25233999999999934,0.25061835714285724,-0.0017216428571421027
16.618733,14.74055,4.277505,10.463045,3.5412240000000015,0.2542580000000001,0.2529445714285715,-0.0013134285714285765
16.621717,14.769977,4.275588,10.49439,3.5706510000000016,0.2561749999999998,0.2550465000000001,-0.0011284999999996992
16.624518,14.80334,4.27367,10.52967,3.604014000000001,0.2580929999999997,0.25742957142857154,-0.0006634285714281485
16.627763,14.840478,4.270603,10.569875,3.641152,0.2611599999999994,0.2600822857142857,-0.0010777142857136823
16.63042,14.86003,4.268685,10.591345,3.660704000000001,0.26307800000000015,0.2614788571428572,-0.0015991428571429656
16.633908,14.891415,4.266384,10.625031,3.692089000000001,0.26537899999999937,0.2637206428571429,-0.001658357142856448
16.636801,14.922647,4.26485,10.657797,3.7233210000000003,0.26691299999999973,0.2659515,-0.0009614999999997265
16.639911,14.955348,4.262549,10.692799,3.7560220000000015,0.26921399999999984,0.26828728571428584,-0.0009267142857140032
16.64276,14.985442,4.259481,10.725961,3.7861160000000016,0.2722819999999997,0.27043685714285726,-0.0018451428571424344
16.645744,15.01402,4.258331,10.755689,3.814694000000001,0.2734319999999997,0.27247814285714295,-0.0009538571428567288
16.648936,15.043775,4.255646,10.788129,3.844449000000001,0.27611700000000017,0.27460350000000006,-0.001513500000000112
16.651778,15.071066,4.253345,10.817721,3.871740000000001,0.2784179999999994,0.2765528571428572,-0.0018651428571421769
16.655413,15.10294,4.251428,10.851512,3.903614000000001,0.280335,0.2788295714285715,-0.001505428571428491
16.659088,15.130373,4.249894,10.880479,3.9310470000000013,0.2818689999999995,0.2807890714285715,-0.0010799285714279683
16.661792,15.158581,4.247209,10.911372,3.9592550000000006,0.284554,0.2828039285714286,-0.0017500714285713648
16.665428,15.191406,4.245675,10.94573,3.9920800000000014,0.28608799999999945,0.28514857142857153,-0.0009394285714279249
16.669116,15.224614,4.243374,10.98124,4.0252880000000015,0.28838899999999956,0.2875205714285715,-0.0008684285714280482
16.671886,15.2485,4.24184,11.00666,4.049174000000001,0.28992299999999993,0.28922671428571434,-0.0006962857142855938
16.675351,15.277566,4.240306,11.03726,4.078240000000001,0.2914569999999994,0.2913028571428572,-0.00015414285714221432
16.678901,15.301565,4.237238,11.064326,4.102239000000001,0.29452500000000015,0.2930170714285715,-0.0015079285714286739
16.681582,15.326649,4.236088,11.090561,4.1273230000000005,0.29567500000000013,0.29480878571428576,-0.0008662142857143729
16.684831,15.348997,4.234937,11.114059,4.149671000000001,0.29682599999999937,0.29640507142857153,-0.0004209285714278366
16.688109,15.376549,4.23302,11.143529,4.1772230000000015,0.298743,0.29837307142857156,-0.00036992857142842395
16.690785,15.393756,4.230719,11.163037,4.1944300000000005,0.3010440000000001,0.2996021428571429,-0.0014418571428572169
16.694431,15.420546,4.229569,11.190977,4.221220000000001,0.3021940000000001,0.30151571428571433,-0.0006782857142857424
16.697827,15.452218,4.228035,11.224184,4.252892000000001,0.30372799999999955,0.30377800000000005,5.0000000000494094e-05
16.700426,15.470058,4.225734,11.244325,4.270732000000001,0.30602899999999966,0.3050522857142858,-0.0009767142857138866
16.703584,15.493739,4.223816,11.269923,4.2944130000000005,0.3079469999999995,0.30674378571428573,-0.001203214285713794
16.706734,15.515398,4.222282,11.293116,4.316072,0.3094809999999999,0.30829085714285714,-0.0011901428571427508
16.709645,15.535097,4.221132,11.313965,4.335771000000001,0.3106309999999999,0.30969792857142864,-0.0009330714285712416
16.71287,15.555149,4.219598,11.335552,4.355823000000001,0.31216499999999936,0.31113021428571436,-0.0010347857142850025
16.715789,15.572912,4.218064,11.354848,4.373586000000001,0.31369899999999973,0.3123990000000001,-0.0012999999999996348
16.719056,15.591632,4.21653,11.375103,4.392306000000001,0.3152330000000001,0.31373614285714296,-0.0014968571428571331
16.722156,15.607383,4.215763,11.39162,4.408057000000001,0.31599999999999984,0.3148612142857144,-0.0011387857142854396
16.725379,15.623229,4.213845,11.409384,4.423903000000001,0.3179179999999997,0.3159930714285715,-0.001924928571428175
16.729063,15.645743,4.213462,11.432281,4.446417,0.31830099999999995,0.3176012142857143,-0.000699785714285639
16.731908,15.666108,4.212311,11.453797,4.466782,0.31945200000000007,0.31905585714285717,-0.00039614285714290043
16.73523,15.684757,4.21001,11.474747,4.485431,0.3217530000000002,0.32038792857142856,-0.0013650714285716181
16.738647,15.70456,4.20886,11.4957,4.5052340000000015,0.32290300000000016,0.32180242857142866,-0.0011005714285715062
16.741454,15.72454,4.207709,11.516831,4.525214,0.3240539999999994,0.32322957142857145,-0.0008244285714279487
16.744789,15.744541,4.206175,11.538365,4.545215000000001,0.32558799999999977,0.32465821428571434,-0.0009297857142854249
16.747938,15.766427,4.205025,11.561402,4.567101000000001,0.32673799999999975,0.32622150000000005,-0.0005164999999996978
16.750935,15.778772,4.203874,11.574898,4.579446000000001,0.3278889999999999,0.32710328571428576,-0.000785714285714112
16.754591,15.79275,4.202724,11.590026,4.593424000000001,0.32903899999999986,0.32810171428571433,-0.0009372857142855295
16.758609,15.813483,4.201957,11.611526,4.6141570000000005,0.3298059999999996,0.3295826428571429,-0.00022335714285670605
16.760859,15.81993,4.200806,11.619124,4.620604,0.3309569999999997,0.33004314285714287,-0.0009138571428568554
16.764389,15.836698,4.200039,11.636658,4.637372000000001,0.33172399999999946,0.3312408571428572,-0.00048314285714223804
16.769782,15.842296,4.199656,11.64264,4.64297,0.3321069999999997,0.3316407142857143,-0.0004662857142854193
16.771173,15.854046,4.199272,11.654774,4.654720000000001,0.3324910000000001,0.33248000000000005,-1.1000000000038757e-05
16.774648,15.861856,4.198505,11.66335,4.66253,0.33325799999999983,0.33303785714285716,-0.0002201428571426689
16.778549,15.879135,4.197738,11.681397,4.6798090000000006,0.3340249999999996,0.33427207142857146,0.0002470714285718878
16.780397,15.887217,4.195821,11.691396,4.6878910000000005,0.3359420000000002,0.3348493571428572,-0.0010926428571430002
16.784142,15.904391,4.195437,11.708953,4.705065000000001,0.3363259999999997,0.3360760714285715,-0.0002499285714281929
16.788931,15.914377,4.194287,11.72009,4.715051000000001,0.33747599999999967,0.3367893571428572,-0.0006866428571424832
16.789868,15.930137,4.19352,11.736617,4.730811000000001,0.3382429999999994,0.3379150714285715,-0.00032792857142788234
16.793302,15.935631,4.192369,11.743261,4.7363050000000015,0.33939399999999953,0.3383075000000001,-0.0010864999999994351
16.796161,15.941197,4.192369,11.748828,4.7418710000000015,0.33939399999999953,0.33870507142857154,-0.0006889285714279936
16.800755,15.955304,4.191603,11.763702,4.755978000000001,0.34016,0.3397127142857143,-0.0004472857142857056
16.80319,15.960201,4.190452,11.769749,4.760875,0.34131100000000014,0.34006250000000005,-0.0012485000000000968
16.806731,15.970592,4.190069,11.780523,4.771266000000001,0.3416939999999995,0.34080471428571435,-0.0008892857142851485
16.809889,15.983521,4.189685,11.793836,4.784195,0.3420779999999999,0.3417282142857143,-0.0003497857142855665
16.81272,15.984642,4.189302,11.79534,4.785316,0.3424610000000001,0.34180828571428573,-0.0006527142857143953
16.815985,15.991055,4.188535,11.80252,4.791729,0.34322799999999987,0.34226635714285714,-0.0009616428571427305
16.819625,16.000458,4.188535,11.811923,4.801131999999999,0.34322799999999987,0.3429379999999999,-0.00028999999999995696
16.82208,16.003548,4.188151,11.815397,4.804221999999999,0.34361199999999936,0.34315871428571426,-0.000453285714285101
16.825253,16.005509,4.188151,11.817358,4.806183000000001,0.34361199999999936,0.3432987857142858,-0.00031321428571357
16.828816,16.005776,4.188151,11.817625,4.806450000000002,0.34361199999999936,0.3433178571428573,-0.0002941428571420768
16.832529,16.00707,4.187768,11.819302,4.807744,0.3439949999999996,0.34341028571428567,-0.0005847142857139387
16.836359,16.009074,4.187384,11.82169,4.809747999999999,0.344379,0.3435534285714285,-0.000825571428571481
16.841164,16.013004,4.187001,11.826003,4.8136779999999995,0.34476199999999935,0.3438341428571428,-0.0009278571428565363
16.841164,16.013004,4.187384,11.82562,4.8136779999999995,0.344379,0.3438341428571428,-0.0005448571428571802
16.846922,16.023202,4.187001,11.836202,4.823876000000002,0.34476199999999935,0.34456257142857155,-0.00019942857142779546
16.849981,16.023568,4.187001,11.836567,4.824242000000002,0.34476199999999935,0.3445887142857144,-0.000173285714284932
16.853154,16.022238,4.186617,11.835621,4.822912000000002,0.34514599999999973,0.34449371428571446,-0.0006522857142852723
16.858736,16.022238,4.186617,11.835621,4.822912000000002,0.34514599999999973,0.34449371428571446,-0.0006522857142852723
16.859789,16.022431,4.186617,11.835814,4.823105000000002,0.34514599999999973,0.34450750000000013,-0.0006384999999995977
16.863061,16.022495,4.187001,11.835495,4.823169,0.34476199999999935,0.34451207142857143,-0.00024992857142791536
16.865911,16.022416,4.187001,11.835415,4.8230900000000005,0.34476199999999935,0.3445064285714286,-0.00025557142857074444
16.869064,16.021309,4.186617,11.834692,4.8219829999999995,0.34514599999999973,0.3444273571428571,-0.0007186428571426262
16.872112,16.02134,4.187001,11.83434,4.822013999999999,0.34476199999999935,0.3444295714285714,-0.00033242857142795623
16.875395,16.020257,4.187001,11.833257,4.820931000000002,0.34476199999999935,0.3443522142857144,-0.00040978571428496036
16.879026,16.020903,4.187001,11.833902,4.821577000000001,0.34476199999999935,0.3443983571428572,-0.0003636428571421324
16.8816,16.019483,4.186617,11.832866,4.820157000000002,0.34514599999999973,0.3442969285714287,-0.0008490714285710466
16.884899,16.017348,4.187001,11.830347,4.818021999999999,0.34476199999999935,0.3441444285714285,-0.0006175714285708289
16.887907,16.01484,4.187384,11.827456,4.815514,0.344379,0.34396528571428575,-0.0004137142857142395
16.890864,16.013813,4.186617,11.827196,4.814487,0.34514599999999973,0.34389192857142853,-0.0012540714285712018
16.894242,16.012151,4.187384,11.824767,4.812825,0.344379,0.3437732142857143,-0.0006057857142857115
16.898703,16.010459,4.187001,11.823458,4.811133000000002,0.34476199999999935,0.34365235714285725,-0.0011096428571421013
16.900221,16.009226,4.187384,11.821842,4.8099000000000025,0.344379,0.3435642857142859,-0.0008147142857141132
16.904088,16.007828,4.187384,11.820444,4.808502000000001,0.344379,0.3434644285714286,-0.0009145714285713757
16.908691,16.006041,4.187384,11.818657,4.8067150000000005,0.344379,0.3433367857142858,-0.0010422142857142158
16.912373,16.004179,4.187001,11.817178,4.804853000000001,0.34476199999999935,0.34320378571428584,-0.0015582142857135106
16.914686,15.995117,4.187768,11.80735,4.795791000000001,0.3439949999999996,0.3425565000000001,-0.0014384999999995096
16.918686,15.984233,4.187768,11.796465,4.7849070000000005,0.3439949999999996,0.34177907142857145,-0.0022159285714281607
16.921168,15.981705,4.188535,11.793171,4.782379000000001,0.34322799999999987,0.3415985,-0.0016294999999998394
16.924661,15.979691,4.188535,11.791156,4.7803650000000015,0.34322799999999987,0.34145464285714294,-0.001773357142856924
16.927597,15.971881,4.189302,11.78258,4.7725550000000005,0.3424610000000001,0.3408967857142858,-0.0015642142857143493
16.930356,15.967834,4.189685,11.778149,4.768508000000001,0.3420779999999999,0.34060771428571435,-0.0014702857142855352
16.933635,15.961546,4.189685,11.771861,4.762220000000001,0.3420779999999999,0.3401585714285715,-0.0019194285714284054
16.936701,15.959254,4.189302,11.769953,4.759928,0.3424610000000001,0.33999485714285715,-0.002466142857142972
16.93993,15.95835,4.189685,11.768665,4.759024,0.3420779999999999,0.33993028571428574,-0.002147714285714142
16.943156,15.956974,4.190069,11.766906,4.757648000000001,0.3416939999999995,0.3398320000000001,-0.0018619999999994197
16.946246,15.951009,4.191603,11.759407,4.751683000000002,0.34016,0.3394059285714287,-0.0007540714285713124
16.949574,15.934103,4.191603,11.7425,4.734777000000001,0.34016,0.33819835714285723,-0.001961642857142787
16.952377,15.928828,4.192369,11.736459,4.729502,0.33939399999999953,0.33782157142857144,-0.0015724285714280861
16.955351,15.913586,4.192753,11.720833,4.714260000000001,0.33901000000000003,0.3367328571428572,-0.002277142857142811
16.958392,15.904533,4.194287,11.710246,4.7052070000000015,0.33747599999999967,0.3360862142857144,-0.0013897857142852743
16.96192,15.887138,4.195054,11.692084,4.687812000000001,0.3367089999999999,0.33484371428571436,-0.0018652857142855694
16.964667,15.88018,4.195821,11.684359,4.680854,0.3359420000000002,0.3343467142857143,-0.00159528571428591
16.969454,15.863742,4.196204,11.667537,4.664416000000001,0.33555899999999994,0.3331725714285715,-0.002386428571428456
16.970803,15.857663,4.197355,11.660308,4.658337000000001,0.3344079999999998,0.3327383571428572,-0.0016696428571426059
16.97437,15.847464,4.198122,11.649342,4.648138000000001,0.3336410000000001,0.33200985714285725,-0.001631142857142831
16.978872,15.828704,4.199272,11.629432,4.629378000000001,0.3324910000000001,0.3306698571428572,-0.00182114285714291
16.980788,15.813251,4.200806,11.612444,4.613925,0.3309569999999997,0.3295660714285714,-0.001390928571428307
16.983965,15.795343,4.201957,11.593386,4.596017000000002,0.3298059999999996,0.32828692857142866,-0.0015190714285709395
16.988821,15.779253,4.203491,11.575762,4.579927000000001,0.3282720000000001,0.327137642857143,-0.0011343571428571453
16.9901,15.761091,4.204641,11.556449,4.561765000000001,0.32712200000000013,0.32584035714285725,-0.001281642857142884
16.993545,15.747928,4.205408,11.542519,4.548602000000001,0.3263549999999995,0.3249001428571429,-0.0014548571428565915
16.996691,15.732547,4.206175,11.526372,4.533221000000001,0.32558799999999977,0.3238015000000001,-0.0017864999999996911
16.999628,15.716409,4.207326,11.509083,4.517083000000001,0.32443699999999964,0.3226487857142858,-0.0017882142857138517
17.002433,15.704579,4.208476,11.496103,4.5052530000000015,0.32328699999999966,0.3218037857142858,-0.001483214285713852
17.005288,15.68681,4.209627,11.477183,4.487484,0.32213599999999953,0.32053457142857145,-0.0016014285714280874
17.009037,15.67322,4.210777,11.462442,4.473894000000001,0.32098599999999955,0.31956385714285723,-0.0014221428571423167
17.011356,15.657814,4.211928,11.445886,4.458488000000001,0.3198349999999994,0.3184634285714286,-0.0013715714285708058
17.014834,15.636181,4.213078,11.423103,4.436855000000001,0.31868499999999944,0.3169182142857144,-0.0017667857142850685
17.017752,15.611805,4.214612,11.397193,4.412479000000001,0.31715099999999996,0.3151770714285715,-0.0019739285714284738
17.020543,15.598829,4.215763,11.383066,4.399503000000001,0.31599999999999984,0.31425021428571437,-0.0017497857142854678
17.023802,15.577001,4.218064,11.358937,4.377675,0.31369899999999973,0.31269107142857144,-0.0010079285714282848
17.026824,15.55649,4.219214,11.337276,4.357164000000001,0.31254899999999974,0.31122600000000006,-0.0013229999999996855
17.029655,15.532409,4.221515,11.310894,4.333083,0.31024799999999964,0.3095059285714286,-0.0007420714285710228
17.032581,15.509579,4.223049,11.28653,4.310253000000001,0.30871400000000015,0.30787521428571435,-0.0008387857142858057
17.035547,15.488638,4.224583,11.264055,4.289312000000001,0.3071799999999998,0.30637942857142864,-0.0008005714285711507
17.038936,15.466972,4.226501,11.240472,4.267646000000001,0.3052619999999999,0.3048318571428572,-0.0004301428571427124
17.041666,15.444444,4.227651,11.216793,4.2451180000000015,0.30411199999999994,0.3032227142857144,-0.000889285714285537
17.044912,15.422682,4.228802,11.19388,4.223356000000001,0.3029609999999998,0.3016682857142858,-0.0012927142857140361
17.047974,15.399915,4.230719,11.169196,4.200589000000001,0.3010440000000001,0.3000420714285715,-0.001001928571428612
17.050692,15.385195,4.231869,11.153326,4.185869,0.2998940000000001,0.2989906428571429,-0.0009033571428572196
17.054146,15.36118,4.23417,11.12701,4.161854,0.297593,0.2972752857142857,-0.00031771428571431004
17.058666,15.326242,4.235704,11.090537,4.126916000000001,0.29605899999999963,0.29477971428571437,-0.001279285714285261
17.060567,15.308583,4.238389,11.070194,4.109257000000001,0.293374,0.29351835714285723,0.0001443571428572099
17.064497,15.272325,4.239923,11.032402,4.072999000000001,0.29183999999999966,0.2909285000000001,-0.0009114999999995654
17.069545,15.244064,4.241457,11.002608,4.044738000000001,0.2903060000000002,0.28890985714285716,-0.0013961428571430123
17.070406,15.216146,4.244141,10.972004,4.016820000000001,0.2876219999999998,0.28691571428571433,-0.0007062857142854928
17.074101,15.183328,4.246442,10.936886,3.9840020000000003,0.2853209999999997,0.2845715714285714,-0.00074942857142829
17.078564,15.143232,4.24836,10.894872,3.943906,0.28340299999999985,0.28170757142857145,-0.0016954285714284034
17.080073,15.126704,4.250661,10.876044,3.927378000000001,0.28110199999999974,0.2805270000000001,-0.0005749999999996591
17.083498,15.100862,4.251811,10.849051,3.901536,0.27995199999999976,0.27868114285714285,-0.001270857142856907
17.08642,15.077028,4.254112,10.822916,3.877702000000001,0.27765099999999965,0.27697871428571436,-0.0006722857142852923
17.08955,15.05233,4.256413,10.795917,3.8530040000000003,0.27534999999999954,0.2752145714285715,-0.00013542857142806453
17.092731,15.020968,4.258331,10.762637,3.8216420000000006,0.2734319999999997,0.2729744285714286,-0.0004575714285710575
17.096003,14.987235,4.260632,10.726603,3.787909000000001,0.27113099999999957,0.2705649285714286,-0.0005660714285709578
17.099603,14.953586,4.262166,10.691421,3.7542600000000004,0.2695970000000001,0.2681614285714286,-0.0014355714285714805
17.102013,14.926737,4.26485,10.661887,3.727411,0.26691299999999973,0.26624364285714286,-0.0006693571428568745
17.105243,14.895897,4.267535,10.628363,3.6965710000000005,0.26422800000000013,0.26404078571428574,-0.0001872142857143877
17.108319,14.864437,4.269069,10.595369,3.6651110000000013,0.26269399999999976,0.26179364285714296,-0.0009003571428568002
17.111268,14.835838,4.271753,10.564085,3.6365120000000015,0.2600099999999994,0.2597508571428572,-0.00025914285714218055
17.115038,14.798957,4.27367,10.525286,3.5996310000000005,0.2580929999999997,0.2571165,-0.0009764999999996582
17.118695,14.76502,4.276355,10.488666,3.5656940000000006,0.2554080000000001,0.2546924285714286,-0.000715571428571482
17.121178,14.73041,4.278656,10.451754,3.531084,0.25310699999999997,0.25222028571428573,-0.0008867142857142407
17.124132,14.696944,4.282107,10.414837,3.497618000000001,0.24965599999999988,0.24982985714285721,0.00017385714285733656
17.128799,14.648418,4.284408,10.36401,3.4490920000000003,0.24735499999999977,0.2463637142857143,-0.0009912857142854725
17.130933,14.624694,4.286709,10.337985,3.4253680000000006,0.24505399999999966,0.2446691428571429,-0.0003848571428567704
17.13461,14.582645,4.289394,10.293251,3.383319,0.24236900000000006,0.24166564285714287,-0.0007033571428571861
17.137923,14.542027,4.291311,10.250716,3.342701,0.24045199999999944,0.23876435714285713,-0.0016876428571423185
17.140591,14.520201,4.294379,10.225822,3.320875000000001,0.2373839999999996,0.2372053571428572,-0.00017864285714239148
17.144192,14.480582,4.29668,10.183902,3.281256000000001,0.2350829999999995,0.23437542857142862,-0.0007075714285708634
17.148486,14.429344,4.299748,10.129596,3.230018000000001,0.23201499999999964,0.23071557142857152,-0.0012994285714281184
17.150874,14.402318,4.302433,10.099885,3.202992,0.22933000000000003,0.22878514285714285,-0.0005448571428571802
17.154078,14.362422,4.305117,10.057305,3.1630960000000012,0.22664599999999968,0.22593542857142865,-0.000710571428571033
17.158634,14.311382,4.306651,10.004731,3.112056000000001,0.2251120000000002,0.22228971428571434,-0.0028222857142858604
17.160134,14.293004,4.310486,9.982518,3.0936780000000006,0.22127699999999972,0.22097700000000003,-0.0002999999999996894
17.163709,14.253558,4.313554,9.940004,3.0542320000000007,0.21820899999999988,0.21815942857142862,-4.957142857126007e-05
17.167185,14.207222,4.316238,9.890984,3.0078960000000006,0.21552499999999952,0.21484971428571434,-0.0006752857142851842
17.170136,14.1658,4.319306,9.846494,2.9664740000000016,0.21245699999999967,0.2118910000000001,-0.0005659999999995668
17.17312,14.132358,4.321224,9.811134,2.9330320000000007,0.2105389999999998,0.20950228571428578,-0.00103671428571403
17.176048,14.096516,4.323908,9.772608,2.89719,0.20785499999999946,0.20694214285714288,-0.0009128571428565768
17.179672,14.056474,4.326976,9.729498,2.8571480000000005,0.2047869999999996,0.20408200000000004,-0.0007049999999995671
17.18226,14.02255,4.329661,9.692889,2.8232240000000015,0.202102,0.20165885714285725,-0.00044314285714275314
17.185915,13.976423,4.331962,9.644461,2.7770970000000013,0.1998009999999999,0.19836407142857151,-0.0014369285714283808
17.189124,13.934448,4.335797,9.598651,2.7351220000000005,0.19596599999999942,0.19536585714285717,-0.000600142857142244
17.191972,13.896638,4.338481,9.558156,2.697312,0.19328199999999995,0.19266514285714287,-0.0006168571428570857
17.195296,13.85466,4.341549,9.513111,2.6553340000000016,0.1902140000000001,0.1896667142857144,-0.0005472857142856946
17.198713,13.815756,4.343467,9.472289,2.616430000000001,0.18829599999999935,0.18688785714285722,-0.0014081428571421362
17.201438,13.776828,4.346918,9.42991,2.577502000000001,0.18484500000000015,0.18410728571428578,-0.0007377142857143693
17.204492,13.735603,4.349986,9.385617,2.536277,0.1817769999999994,0.18116264285714287,-0.000614357142856542
17.209015,13.682911,4.351903,9.331007,2.4835850000000015,0.1798599999999997,0.17739892857142867,-0.002461071428571021
17.210635,13.653505,4.355738,9.297766,2.454179,0.1760250000000001,0.1752985,-0.0007265000000001021
17.21423,13.606299,4.358423,9.247876,2.4069730000000007,0.1733399999999996,0.1719266428571429,-0.0014133571428567027
17.218734,13.547813,4.361107,9.186705,2.3484870000000004,0.17065600000000014,0.16774907142857146,-0.002906928571428685
17.220188,13.523305,4.364942,9.158363,2.3239790000000013,0.16682099999999966,0.1659985000000001,-0.0008224999999995597
17.223879,13.477669,4.367243,9.110426,2.2783430000000013,0.16451999999999956,0.16273878571428582,-0.0017812142857137336
17.228657,13.416037,4.369928,9.046109,2.216711,0.16183499999999995,0.15833650000000002,-0.0034984999999999322
17.229935,13.389708,4.373763,9.015945,2.1903820000000014,0.15799999999999947,0.15645585714285723,-0.0015441428571422444
17.234123,13.339434,4.376831,8.962603,2.1401080000000015,0.15493199999999963,0.15286485714285725,-0.002067142857142379
17.237099,13.296367,4.379132,8.917236,2.097041000000001,0.15263099999999952,0.1497886428571429,-0.0028423571428566052
17.240164,13.255726,4.383734,8.871992,2.0564,0.1480290000000002,0.14688571428571429,-0.001143285714285902
17.243145,13.215451,4.386035,8.829417,2.0161250000000006,0.14572800000000008,0.1440089285714286,-0.0017190714285714725
17.246088,13.175788,4.388336,8.787452,1.9764620000000015,0.14342699999999997,0.14117585714285724,-0.0022511428571427294
17.249666,13.123899,4.392554,8.731345,1.9245730000000005,0.13920900000000014,0.13746950000000005,-0.0017395000000000882
17.252763,13.080533,4.396389,8.684144,1.8812070000000016,0.13537399999999966,0.13437192857142868,-0.0010020714285709775
17.25565,13.037491,4.399073,8.638418,1.838165,0.1326900000000002,0.1312975,-0.0013925000000001853
17.258971,12.991902,4.401374,8.590528,1.7925760000000004,0.1303890000000001,0.12804114285714288,-0.002347857142857207
17.261598,12.953919,4.404059,8.549861,1.7545930000000016,0.1277039999999996,0.12532807142857155,-0.002375928571428043
17.264957,12.907383,4.407127,8.500256,1.7080570000000002,0.12463599999999975,0.12200407142857143,-0.002631928571428313
17.269354,12.85376,4.411345,8.442415,1.6544340000000002,0.12041799999999991,0.11817385714285715,-0.002244142857142764
17.271905,12.8186,4.416714,8.401885,1.6192740000000008,0.11504899999999996,0.11566242857142862,0.0006134285714286675
17.27528,12.756297,4.418632,8.337665,1.5569710000000008,0.11313100000000009,0.11121221428571434,-0.0019187857142857478
17.278852,12.713378,4.422083,8.291295,1.5140520000000013,0.10968,0.10814657142857152,-0.0015334285714284773
17.281357,12.669567,4.425918,8.243649,1.4702410000000015,0.10584499999999952,0.1050172142857144,-0.0008277857142851286
17.284717,12.619587,4.428986,8.190601,1.420261,0.10277699999999967,0.10144721428571428,-0.0013297857142853947
17.288028,12.564141,4.43167,8.13247,1.3648150000000001,0.10009299999999932,0.09748678571428572,-0.002606214285713601
17.290516,12.535514,4.434738,8.100776,1.336188,0.09702499999999947,0.095442,-0.0015829999999994737
17.29394,12.485532,4.43819,8.047342,1.286206,0.09357300000000013,0.09187185714285714,-0.0017011428571429843
17.296879,12.441497,4.442792,7.998705,1.2421710000000008,0.08897099999999991,0.08872650000000006,-0.00024449999999985594
17.29989,12.396755,4.445093,7.951662,1.1974290000000014,0.0866699999999998,0.08553064285714296,-0.001139357142856845
17.302945,12.352612,4.448161,7.904452,1.1532860000000014,0.08360199999999995,0.08237757142857152,-0.001224428571428432
17.30606,12.306439,4.451229,7.85521,1.107113,0.0805340000000001,0.0790795,-0.0014545000000001085
17.309473,12.25685,4.45353,7.80332,1.0575240000000008,0.078233,0.07553742857142863,-0.0026955714285713667
17.311999,12.220838,4.458515,7.762323,1.0215120000000013,0.07324799999999954,0.07296514285714295,-0.00028285714285658514
17.31516,12.174208,4.4612,7.713008,0.9748820000000009,0.07056299999999993,0.06963442857142864,-0.0009285714285712926
17.318382,12.126093,4.464268,7.661825,0.9267669999999999,0.06749500000000008,0.06619764285714284,-0.001297357142857239
17.321461,12.078008,4.469253,7.608755,0.8786820000000013,0.06250999999999962,0.0627630000000001,0.00025300000000047507
17.32478,12.028015,4.472704,7.555311,0.8286890000000007,0.05905899999999953,0.059192071428571476,0.00013307142857194726
17.327876,11.971315,4.475389,7.495926,0.7719890000000014,0.056373999999999924,0.055142071428571526,-0.0012319285714283978
17.33066,11.939292,4.478073,7.461218,0.7399660000000008,0.05368999999999957,0.052854714285714345,-0.0008352857142852263
17.334101,11.889454,4.482675,7.406778,0.6901280000000014,0.049087999999999354,0.049294857142857244,0.00020685714285788998
17.338637,11.820371,4.486894,7.333478,0.6210450000000005,0.04486899999999938,0.04436035714285718,-0.0005086428571422011
17.341083,11.779795,4.490345,7.28945,0.5804690000000008,0.04141800000000018,0.04146207142857149,4.407142857131008e-05
17.344745,11.727239,4.493413,7.233826,0.5279130000000016,0.03834999999999944,0.03770807142857154,-0.000641928571427898
17.348004,11.669424,4.498015,7.171409,0.4700980000000001,0.03374800000000011,0.03357842857142858,-0.00016957142857153273
17.350997,11.634434,4.5007,7.133734,0.4351080000000014,0.03106299999999962,0.031079142857142954,1.6142857143335715e-05
17.354568,11.578888,4.503768,7.075121,0.37956199999999995,0.02799499999999977,0.027111571428571426,-0.0008834285714283442
17.35905,11.517148,4.50837,7.008778,0.3178220000000014,0.023392999999999553,0.022701571428571526,-0.0006914285714280273
17.361213,11.479405,4.512971,6.966434,0.28007900000000063,0.018791999999999476,0.020005642857142902,0.0012136428571434266
17.364793,11.426503,4.516039,6.910464,0.22717700000000107,0.015723999999999627,0.01622692857142865,0.0005029285714290219
17.369018,11.3719,4.517957,6.853943,0.1725740000000009,0.013805999999999763,0.012326714285714349,-0.0014792857142854141
17.370704,11.339071,4.521025,6.818047,0.13974500000000134,0.010737999999999914,0.00998178571428581,-0.000756214285714105
17.373767,11.292065,4.524476,6.767588,0.0927389999999999,0.007286999999999821,0.006624214285714279,-0.0006627857142855421
17.378636,11.218425,4.529078,6.689346,0.019099000000000643,0.0026849999999996044,0.0013642142857143316,-0.0013207857142852727
17.380133,11.193802,4.531379,6.662422,-0.005523999999999418,0.00038399999999949586,-0.000394571428571387,-0.0007785714285708828
17.383621,11.144601,4.535981,6.60862,-0.05472499999999947,-0.004217999999999833,-0.003908928571428534,0.0003090714285712993
17.38668,11.093753,4.539433,6.55432,-0.1055729999999997,-0.007670000000000066,-0.00754092857142855,0.00012907142857151565
17.39003,11.043173,4.542884,6.500289,-0.15615299999999976,-0.011121000000000159,-0.011153785714285698,-3.2785714285539155e-05
17.392849,10.998388,4.545569,6.452819,-0.20093799999999895,-0.013806000000000651,-0.01435271428571421,-0.0005467142857135589
17.395769,10.95304,4.54902,6.40402,-0.24628599999999956,-0.017256999999999856,-0.01759185714285711,-0.0003348571428572547
17.398865,10.910597,4.551704,6.358893,-0.288729,-0.01994100000000021,-0.0206235,-0.0006824999999997909
17.401377,10.869801,4.555156,6.314645,-0.3295249999999985,-0.02339300000000044,-0.023537499999999895,-0.0001444999999994541
17.404706,10.821695,4.558224,6.263471,-0.37763099999999916,-0.02646100000000029,-0.026973642857142797,-0.0005126428571425069
17.407986,10.764258,4.560908,6.203349,-0.43506799999999934,-0.029145000000000643,-0.031076285714285667,-0.0019312857142850248
17.410827,10.72777,4.56551,6.16226,-0.47155599999999964,-0.03374699999999997,-0.0336825714285714,6.442857142856945e-05
17.414456,10.675924,4.568195,6.107729,-0.523401999999999,-0.036432000000000464,-0.037385857142857075,-0.0009538571428566109
17.417984,10.616981,4.572413,6.044568,-0.5823450000000001,-0.0406500000000003,-0.041596071428571434,-0.0009460714285711366
17.420861,10.581384,4.575098,6.006287,-0.6179419999999993,-0.0433349999999999,-0.04413871428571424,-0.0008037142857143381
17.424399,10.527975,4.578549,5.949425,-0.6713509999999996,-0.046785999999999994,-0.04795364285714283,-0.0011676428571428324
17.428676,10.465824,4.581617,5.884207,-0.7335019999999997,-0.04985399999999984,-0.052392999999999974,-0.0025390000000001314
17.430056,10.436708,4.585836,5.850872,-0.7626179999999998,-0.054072999999999816,-0.05447271428571427,-0.0003997142857144545
17.43363,10.39091,4.588904,5.802007,-0.8084159999999994,-0.05714100000000055,-0.057743999999999955,-0.0006029999999994026
17.436824,10.342659,4.591971,5.750687,-0.8566669999999998,-0.06020800000000026,-0.06119049999999999,-0.0009824999999997266
17.439907,10.29597,4.596573,5.699397,-0.9033559999999987,-0.06481000000000048,-0.06452542857142848,0.0002845714285719947
17.443285,10.243623,4.599641,5.643982,-0.9557029999999997,-0.06787800000000033,-0.06826449999999998,-0.000386499999999651
17.446002,10.195377,4.602709,5.592668,-1.0039489999999986,-0.07094600000000018,-0.07171064285714276,-0.000764642857142589
17.449803,10.146613,4.605777,5.540836,-1.052712999999999,-0.07401400000000002,-0.07519378571428563,-0.0011797857142856055
17.452486,10.106246,4.609996,5.49625,-1.0930799999999987,-0.078233,-0.07807714285714276,0.0001558571428572353
17.455534,10.060862,4.61268,5.448182,-1.138463999999999,-0.08091700000000035,-0.08131885714285707,-0.00040185714285671803
17.459147,10.016313,4.615748,5.400564,-1.183012999999999,-0.0839850000000002,-0.0845009285714285,-0.0005159285714283063
17.461568,9.973945,4.618049,5.355896,-1.2253809999999987,-0.0862860000000003,-0.0875272142857142,-0.0012412142857138875
17.464846,9.92812,4.622268,5.305852,-1.2712059999999994,-0.09050500000000028,-0.09080042857142853,-0.0002954285714282523
17.469026,9.876853,4.624952,5.251901,-1.3224729999999987,-0.09318900000000063,-0.09446235714285704,-0.00127335714285641
17.471848,9.832179,4.629554,5.202625,-1.3671469999999992,-0.09779099999999996,-0.09765335714285708,0.00013764285714287783
17.475096,9.784435,4.631855,5.15258,-1.414890999999999,-0.10009200000000007,-0.10106364285714278,-0.0009716428571427127
17.478959,9.737933,4.634923,5.10301,-1.4613929999999993,-0.10315999999999992,-0.10438521428571423,-0.0012252142857143156
17.481858,9.686956,4.639908,5.047048,-1.5123699999999989,-0.10814500000000038,-0.1080264285714285,0.00011857142857188419
17.485371,9.636294,4.642209,4.994084,-1.5630319999999998,-0.11044600000000049,-0.11164514285714285,-0.0011991428571423574
17.488507,9.588587,4.646811,4.941775,-1.6107389999999988,-0.11504799999999982,-0.11505278571428564,-4.785714285818199e-06
17.492395,9.542449,4.65103,4.891419,-1.6568769999999997,-0.11926700000000068,-0.11834835714285712,0.0009186428571435618
17.495571,9.490421,4.654098,4.836323,-1.7089049999999997,-0.12233500000000053,-0.12206464285714283,0.00027035714285769674
17.500138,9.438063,4.656399,4.781665,-1.7612629999999996,-0.12463600000000064,-0.12580449999999996,-0.0011684999999993229
17.501932,9.39684,4.661001,4.73584,-1.802486,-0.12923799999999996,-0.128749,0.0004889999999999617
17.505575,9.349526,4.663302,4.686224,-1.8498,-0.13153900000000007,-0.13212857142857143,-0.000589571428571356
17.509051,9.30115,4.66637,4.634781,-1.8981759999999994,-0.13460699999999992,-0.13558399999999995,-0.0009770000000000334
17.511876,9.265067,4.668671,4.596397,-1.934258999999999,-0.13690800000000003,-0.13816135714285707,-0.0012533571428570423
17.514976,9.223148,4.672505,4.550642,-1.976177999999999,-0.14074200000000037,-0.14115557142857135,-0.0004135714285709857
17.517976,9.176475,4.675957,4.500518,-2.0228509999999993,-0.1441940000000006,-0.1444893571428571,-0.0002953571428565005
17.521056,9.142019,4.677874,4.464145,-2.0573069999999998,-0.14611100000000032,-0.14695049999999998,-0.00083949999999966
17.524339,9.101506,4.682093,4.419413,-2.0978199999999987,-0.1503300000000003,-0.14984428571428562,0.00048571428571467234
17.527848,9.046852,4.68401,4.362841,-2.1524739999999998,-0.15224700000000002,-0.15374814285714283,-0.001501142857142812
17.530746,9.017114,4.688229,4.328886,-2.182212,-0.156466,-0.1558722857142857,0.0005937142857142808
17.534331,8.970002,4.691297,4.278705,-2.229324,-0.15953399999999984,-0.15923742857142859,0.0002965714285712573
17.538253,8.912434,4.695132,4.217302,-2.286892,-0.16336900000000032,-0.16334942857142856,1.957142857175742e-05
17.541115,8.876782,4.6982,4.178582,-2.322543999999999,-0.16643700000000017,-0.1658959999999999,0.0005410000000002635
17.544827,8.83264,4.700501,4.13214,-2.3666859999999996,-0.16873800000000028,-0.16904899999999998,-0.0003109999999997004
17.54772,8.78249,4.703185,4.079305,-2.416836,-0.17142200000000063,-0.17263114285714284,-0.0012091428571422147
17.550511,8.758121,4.706637,4.051484,-2.441205,-0.17487399999999997,-0.17437178571428572,0.0005022142857142586
17.554147,8.709518,4.709321,4.000197,-2.489808,-0.17755800000000033,-0.17784342857142857,-0.0002854285714282423
17.558785,8.672779,4.712389,3.96039,-2.526546999999999,-0.18062600000000018,-0.18046764285714278,0.00015835714285739044
17.560107,8.633746,4.71469,3.919056,-2.565579999999999,-0.18292700000000028,-0.18325571428571422,-0.00032871428571393246
17.563259,8.596251,4.718525,3.877726,-2.6030749999999987,-0.18676199999999987,-0.1859339285714285,0.0008280714285713864
17.566366,8.558336,4.720826,3.83751,-2.6409899999999986,-0.18906299999999998,-0.18864214285714276,0.00042085714285722275
17.566366,8.558336,4.722743,3.835592,-2.6409899999999986,-0.1909800000000006,-0.18864214285714276,0.0023378571428578354
17.575353,8.507285,4.726578,3.780707,-2.6920409999999997,-0.19481500000000018,-0.19228864285714284,0.002526357142857344
17.575713,8.445653,4.729263,3.716391,-2.753672999999999,-0.19750000000000068,-0.1966909285714285,0.0008090714285721723
17.579647,8.398965,4.732331,3.666634,-2.8003609999999988,-0.20056800000000052,-0.20002578571428561,0.0005422142857149093
17.58254,8.365304,4.734248,3.631055,-2.834021999999999,-0.20248500000000025,-0.2024301428571428,5.485714285743959e-05
17.585368,8.330958,4.736549,3.594408,-2.8683679999999985,-0.20478600000000036,-0.20488342857142847,-9.742857142810979e-05
17.5886,8.298184,4.739234,3.558951,-2.901142,-0.20747099999999996,-0.2072244285714286,0.0002465714285713738
17.591478,8.262641,4.741151,3.52149,-2.936684999999999,-0.20938800000000057,-0.2097632142857142,-0.000375214285713632
17.594737,8.226968,4.744603,3.482366,-2.972358,-0.21283999999999992,-0.2123112857142857,0.0005287142857142157
17.59793,8.187497,4.747287,3.44021,-3.0118289999999988,-0.21552400000000027,-0.21513064285714276,0.00039335714285751444
17.600827,8.155268,4.749205,3.406064,-3.0440579999999997,-0.21744200000000014,-0.21743271428571426,9.28571428587821e-06
17.604066,8.118074,4.752272,3.365801,-3.081251999999999,-0.22050899999999984,-0.22008942857142852,0.0004195714285713248
17.608457,8.071897,4.755724,3.316173,-3.1274289999999993,-0.22396100000000008,-0.22338778571428566,0.0005732142857144129
17.611174,8.041738,4.757641,3.284097,-3.1575879999999987,-0.2258779999999998,-0.2255419999999999,0.00033599999999989194
17.614952,8.000048,4.760326,3.239722,-3.1992779999999996,-0.2285630000000003,-0.2285198571428571,4.3142857143185775e-05
17.618074,7.968398,4.763394,3.205004,-3.2309279999999996,-0.23163100000000014,-0.2307805714285714,0.0008504285714287518
17.620885,7.931585,4.766078,3.165506,-3.267740999999999,-0.2343150000000005,-0.23341007142857137,0.0009049285714291255
17.624331,7.898803,4.767612,3.131191,-3.300522999999999,-0.23584899999999998,-0.2357516428571428,9.73571428571629e-05
17.629039,7.856765,4.77068,3.086085,-3.342560999999999,-0.23891699999999982,-0.23875435714285706,0.00016264285714276405
17.630827,7.837636,4.772981,3.064655,-3.3616899999999994,-0.24121799999999993,-0.24012071428571424,0.0010972857142856896
17.634174,7.802959,4.774899,3.02806,-3.396366999999999,-0.2431359999999998,-0.24259764285714278,0.0005383571428570211
17.63855,7.766158,4.776816,2.989342,-3.4331679999999993,-0.2450530000000004,-0.24522628571428567,-0.00017328571428526507
17.640338,7.749827,4.77835,2.971477,-3.4494989999999994,-0.2465869999999999,-0.24639278571428566,0.00019421428571422816
17.643546,7.720959,4.779884,2.941075,-3.4783669999999995,-0.24812100000000026,-0.24845478571428567,-0.0003337857142854117
17.646292,7.693771,4.782185,2.911585,-3.5055549999999993,-0.25042200000000037,-0.25039678571428564,2.5214285714725282e-05
17.649678,7.660484,4.783719,2.876765,-3.538841999999999,-0.25195599999999985,-0.2527744285714285,-0.0008184285714286643
17.652476,7.632657,4.786404,2.846253,-3.566668999999999,-0.25464100000000034,-0.2547620714285714,-0.00012107142857104014
17.655539,7.603006,4.788705,2.814302,-3.5963199999999995,-0.25694200000000045,-0.25687999999999994,6.20000000005061e-05
17.658985,7.570937,4.791389,2.779548,-3.6283889999999994,-0.2596259999999999,-0.2591706428571428,0.0004553571428571046
17.661451,7.546654,4.792156,2.754498,-3.652671999999999,-0.26039300000000054,-0.2609051428571428,-0.0005121428571422393
17.664948,7.516006,4.795224,2.720782,-3.6833199999999993,-0.2634610000000004,-0.26309428571428567,0.00036671428571471987
17.669055,7.4889,4.796758,2.692142,-3.710425999999999,-0.26499499999999987,-0.2650304285714285,-3.542857142863065e-05
17.67132,7.464114,4.797908,2.666205,-3.735211999999999,-0.26614499999999985,-0.26680085714285706,-0.000655857142857208
17.674395,7.438447,4.800976,2.63747,-3.760878999999999,-0.2692130000000006,-0.2686342142857142,0.0005787857142863784
17.678529,7.406052,4.802127,2.603925,-3.7932739999999994,-0.2703639999999998,-0.2709481428571428,-0.0005841428571429774
17.680673,7.383866,4.804428,2.579438,-3.815459999999999,-0.27266499999999994,-0.2725328571428571,0.00013214285714285845
17.683896,7.356915,4.806345,2.55057,-3.8424109999999994,-0.27458200000000055,-0.27445792857142853,0.00012407142857201459
17.688904,7.321917,4.808646,2.51327,-3.877408999999999,-0.27688300000000066,-0.27695778571428564,-7.478571428498615e-05
17.690583,7.309009,4.809797,2.499212,-3.8903169999999996,-0.2780339999999999,-0.2778797857142857,0.00015421428571421592
17.693821,7.28184,4.811714,2.470126,-3.9174859999999994,-0.2799510000000005,-0.2798204285714285,0.00013057142857197945
17.698558,7.251737,4.813248,2.438489,-3.947588999999999,-0.281485,-0.2819706428571428,-0.0004856428571428095
17.699888,7.240687,4.815166,2.425522,-3.958638999999999,-0.28340299999999985,-0.2827599285714285,0.0006430714285713401
17.702956,7.21878,4.815933,2.402848,-3.9805459999999995,-0.2841700000000005,-0.28432471428571426,-0.0001547142857137862
17.705968,7.196774,4.817467,2.379308,-4.002552,-0.28570399999999996,-0.2858965714285714,-0.00019257142857143084
17.709526,7.175094,4.819768,2.355326,-4.024232,-0.28800500000000007,-0.28744514285714284,0.000559857142857223
17.711669,7.152874,4.821685,2.331189,-4.0464519999999995,-0.2899220000000007,-0.2890322857142857,0.0008897142857149931
17.714947,7.127564,4.822452,2.305112,-4.071762,-0.2906890000000004,-0.2908401428571428,-0.0001511428571424056
17.718132,7.108131,4.823986,2.284145,-4.091194999999999,-0.2922229999999999,-0.2922282142857142,-5.214285714316702e-06
17.721267,7.083717,4.826287,2.257429,-4.115608999999999,-0.294524,-0.29397207142857135,0.0005519285714286615
17.725208,7.058076,4.827821,2.230255,-4.141249999999999,-0.2960580000000004,-0.2958035714285714,0.00025442857142898845
17.728719,7.039688,4.829355,2.210333,-4.159637999999999,-0.29759199999999986,-0.29711699999999996,0.0004749999999998922
17.731384,7.025521,4.830506,2.195016,-4.173804999999999,-0.298743,-0.2981289285714285,0.0006140714285715054
17.734727,7.012728,4.830889,2.181839,-4.186597999999999,-0.2991260000000002,-0.2990427142857142,8.328571428600773e-05
17.737906,6.999967,4.831656,2.168311,-4.199358999999999,-0.29989299999999997,-0.2999542142857142,-6.121428571426168e-05
17.740704,6.986695,4.83319,2.153505,-4.212630999999999,-0.30142700000000033,-0.30090221428571423,0.0005247857142861023
17.743889,6.971684,4.83434,2.137344,-4.2276419999999995,-0.3025770000000003,-0.30197442857142853,0.0006025714285717854
17.74851,6.948831,4.834724,2.114107,-4.250494999999999,-0.3029609999999998,-0.3036067857142856,-0.000645785714285807
17.750135,6.939135,4.836258,2.102877,-4.260190999999999,-0.3044950000000002,-0.30429935714285705,0.00019564285714313012
17.753275,6.920324,4.838559,2.081765,-4.279001999999999,-0.3067960000000003,-0.30564299999999994,0.0011530000000003482
17.756524,6.90062,4.839326,2.061294,-4.298705999999999,-0.30756300000000003,-0.3070504285714285,0.0005125714285715288
17.759656,6.881566,4.840093,2.041473,-4.317759999999999,-0.30833000000000066,-0.3084114285714285,-8.142857142784399e-05
17.762422,6.868387,4.84086,2.027527,-4.330938999999999,-0.3090970000000004,-0.30935278571428565,-0.00025578571428525043
17.765317,6.854877,4.841627,2.01325,-4.344448999999999,-0.30986400000000014,-0.31031778571428564,-0.00045378571428550396
17.769304,6.844896,4.842394,2.002502,-4.354429999999999,-0.3106309999999999,-0.3110307142857142,-0.00039971428571433654
17.771408,6.831608,4.843928,1.98768,-4.367717999999999,-0.31216500000000025,-0.3119798571428571,0.00018514285714316125
17.775181,6.819837,4.844695,1.975143,-4.3794889999999995,-0.312932,-0.31282064285714284,0.00011135714285714915
17.778149,6.806352,4.845462,1.96089,-4.392973999999999,-0.3136990000000006,-0.31378385714285706,-8.485714285644264e-05
17.780922,6.798517,4.846612,1.951905,-4.400808999999999,-0.3148490000000006,-0.31434349999999994,0.0005055000000006582
17.784408,6.785681,4.847379,1.938302,-4.413644999999999,-0.31561600000000034,-0.31526035714285705,0.00035564285714329014
17.787985,6.778799,4.847379,1.93142,-4.420526999999999,-0.31561600000000034,-0.3157519285714285,-0.00013592857142813441
17.790664,6.774915,4.847763,1.927152,-4.424410999999999,-0.31599999999999984,-0.31602935714285707,-2.9357142857233676e-05
17.793892,6.767029,4.848146,1.918883,-4.432296999999999,-0.3163830000000001,-0.3165926428571428,-0.00020964285714270003
17.796887,6.75983,4.848913,1.910917,-4.439495999999999,-0.3171499999999998,-0.3171068571428571,4.3142857142741686e-05
17.800005,6.754308,4.849297,1.905011,-4.445017999999999,-0.3175340000000002,-0.31750128571428565,3.271428571455237e-05
17.802862,6.749072,4.84968,1.899392,-4.450253999999999,-0.31791700000000045,-0.31787528571428564,4.171428571481117e-05
17.805857,6.739539,4.850831,1.888708,-4.4597869999999995,-0.3190680000000006,-0.31855621428571423,0.0005117857142863391
17.809156,6.727991,4.851214,1.876777,-4.471334999999999,-0.31945099999999993,-0.31938107142857136,6.992857142856801e-05
17.812606,6.716524,4.851981,1.864542,-4.4828019999999995,-0.32021800000000056,-0.3202001428571428,1.7857142857735653e-05
17.815464,6.707058,4.852365,1.854694,-4.492267999999999,-0.32060200000000005,-0.32087628571428567,-0.0002742857142856159
17.819067,6.703253,4.853132,1.850121,-4.496072999999999,-0.3213689999999998,-0.3211480714285714,0.0002209285714284137
17.821443,6.69977,4.853899,1.845872,-4.499555999999999,-0.3221360000000004,-0.3213968571428571,0.0007391428571433267
17.824794,6.695216,4.853899,1.841317,-4.504109999999999,-0.3221360000000004,-0.3217221428571428,0.0004138571428576321
17.827779,6.691167,4.853899,1.837269,-4.508158999999999,-0.3221360000000004,-0.32201135714285706,0.00012464285714336443
17.830781,6.689052,4.853899,1.835153,-4.510273999999999,-0.3221360000000004,-0.3221624285714285,-2.6428571428094294e-05
17.834658,6.687482,4.854282,1.8332,-4.511843999999999,-0.32251900000000067,-0.32227457142857135,0.0002444285714293115
17.837868,6.685864,4.854282,1.831582,-4.513462,-0.32251900000000067,-0.32239014285714285,0.0001288571428578189
17.840758,6.685828,4.853899,1.83193,-4.513497999999999,-0.3221360000000004,-0.32239271428571425,-0.0002567142857138327
17.844429,6.684487,4.854282,1.830205,-4.514838999999999,-0.32251900000000067,-0.32248849999999996,3.0500000000710514e-05
17.848621,6.684687,4.853899,1.830788,-4.514638999999999,-0.3221360000000004,-0.3224742142857142,-0.0003382142857137893
17.85066,6.68415,4.853899,1.830251,-4.515175999999999,-0.3221360000000004,-0.32251257142857137,-0.0003765714285709487
17.853753,6.684213,4.854282,1.829931,-4.5151129999999995,-0.32251900000000067,-0.3225080714285714,1.0928571429258405e-05
17.856669,6.684705,4.854282,1.830423,-4.514620999999999,-0.32251900000000067,-0.3224729285714285,4.6071428572158624e-05
17.859909,6.684744,4.854282,1.830462,-4.514581999999999,-0.32251900000000067,-0.32247014285714276,4.8857142857905433e-05
17.862848,6.685043,4.854666,1.830378,-4.514282999999999,-0.32290300000000016,-0.32244878571428565,0.00045421428571451594
17.865599,6.685616,4.854666,1.83095,-4.51371,-0.32290300000000016,-0.32240785714285713,0.0004951428571430272
17.869072,6.685544,4.854282,1.831262,-4.513781999999999,-0.32251900000000067,-0.32241299999999995,0.00010600000000071663
17.871617,6.686406,4.854666,1.83174,-4.512919999999999,-0.32290300000000016,-0.3223514285714285,0.0005515714285716511
17.874996,6.686353,4.854282,1.832071,-4.512972999999999,-0.32251900000000067,-0.3223552142857142,0.0001637857142864907
17.878187,6.687627,4.853899,1.833729,-4.511698999999999,-0.3221360000000004,-0.3222642142857142,-0.00012821428571380133
17.880811,6.688439,4.854282,1.834157,-4.510886999999999,-0.32251900000000067,-0.3222062142857142,0.0003127857142864454
17.884392,6.689302,4.853899,1.835404,-4.510024,-0.3221360000000004,-0.3221445714285714,-8.571428570969264e-06
17.888549,6.690863,4.854282,1.836581,-4.508462999999999,-0.32251900000000067,-0.32203307142857135,0.0004859285714293171
17.889914,6.691972,4.853899,1.838073,-4.507353999999999,-0.3221360000000004,-0.3219538571428571,0.00018214285714329703
17.893544,6.693943,4.853899,1.840044,-4.505382999999999,-0.3221360000000004,-0.32181307142857135,0.00032292857142907083
17.896414,6.696427,4.853515,1.842912,-4.502898999999999,-0.32175200000000004,-0.3216356428571428,0.00011635714285723742
17.899757,6.698657,4.853515,1.845142,-4.500668999999999,-0.32175200000000004,-0.3214763571428571,0.0002756428571429326
17.902439,6.700135,4.853515,1.84662,-4.499190999999999,-0.32175200000000004,-0.3213707857142856,0.0003812142857144152
17.905277,6.70274,4.853515,1.849224,-4.496585999999999,-0.32175200000000004,-0.3211847142857142,0.0005672857142858256
17.908377,6.705562,4.852748,1.852814,-4.493764,-0.3209850000000003,-0.32098314285714286,1.8571428574420956e-06
17.911233,6.708288,4.852748,1.85554,-4.491038,-0.3209850000000003,-0.32078842857142853,0.0001965714285717679
17.914644,6.713642,4.852365,1.861277,-4.485683999999999,-0.32060200000000005,-0.3204059999999999,0.0001960000000001405
17.918681,6.72373,4.851598,1.872132,-4.4755959999999995,-0.3198350000000003,-0.3196854285714285,0.00014957142857180417
17.920344,6.727882,4.851598,1.876285,-4.471443999999999,-0.3198350000000003,-0.3193888571428571,0.000446142857143228
17.923956,6.732583,4.851214,1.881369,-4.466742999999999,-0.31945099999999993,-0.31905307142857137,0.00039792857142856297
17.926919,6.735489,4.850447,1.885042,-4.463836999999999,-0.3186840000000002,-0.31884549999999995,-0.00016149999999975906
17.929901,6.737266,4.850831,1.886435,-4.462059999999999,-0.3190680000000006,-0.31871857142857135,0.00034942857142922223
17.932895,6.740166,4.850447,1.889719,-4.459159999999999,-0.3186840000000002,-0.3185114285714285,0.0001725714285716884
17.935812,6.743768,4.850447,1.893321,-4.455557999999999,-0.3186840000000002,-0.31825414285714276,0.00042985714285742604
17.939248,6.74931,4.84968,1.89963,-4.450015999999999,-0.31791700000000045,-0.31785828571428565,5.871428571480042e-05
17.942157,6.75586,4.849297,1.906564,-4.443465999999999,-0.3175340000000002,-0.3173904285714285,0.00014357142857168714
17.945595,6.765583,4.84853,1.917054,-4.433742999999999,-0.31676700000000046,-0.3166959285714285,7.107142857198934e-05
17.948795,6.77937,4.847379,1.93199,-4.419955999999999,-0.31561600000000034,-0.3157111428571428,-9.514285714246062e-05
17.951449,6.789764,4.846229,1.943536,-4.409561999999999,-0.31446600000000036,-0.3149687142857142,-0.0005027142857138567
17.9548,6.807658,4.845845,1.961813,-4.391667999999999,-0.314082,-0.3136905714285714,0.0003914285714285981
17.957857,6.824407,4.844311,1.980096,-4.374918999999999,-0.3125480000000005,-0.3124942142857142,5.378571428626966e-05
17.96069,6.833093,4.843928,1.989166,-4.366232999999999,-0.31216500000000025,-0.31187378571428565,0.00029121428571460273
17.964174,6.8422,4.842777,1.999423,-4.357125999999999,-0.3110140000000001,-0.31122328571428565,-0.00020928571428552312
17.969346,6.856415,4.842394,2.014021,-4.342910999999999,-0.3106309999999999,-0.3102079285714285,0.0004230714285713977
17.970978,6.860807,4.84201,2.018797,-4.338518999999999,-0.3102470000000004,-0.30989421428571423,0.00035278571428615235
17.974553,6.874944,4.840476,2.034467,-4.324381999999999,-0.308713,-0.3088844285714285,-0.0001714285714284891
17.978817,6.889523,4.840093,2.04943,-4.309803,-0.30833000000000066,-0.3078430714285714,0.00048692857142923485
17.980739,6.900907,4.839326,2.061581,-4.298418999999999,-0.30756300000000003,-0.3070299285714285,0.0005330714285715077
17.984095,6.914424,4.837792,2.076632,-4.284901999999999,-0.30602900000000055,-0.3060644285714285,-3.542857142796452e-05
17.988564,6.934508,4.836641,2.097866,-4.264817999999999,-0.3048780000000004,-0.30462985714285706,0.00024814285714336304
17.989891,6.941615,4.836258,2.105357,-4.257711,-0.3044950000000002,-0.30412221428571423,0.0003727857142859503
17.993523,6.957139,4.835107,2.122032,-4.2421869999999995,-0.30334400000000006,-0.3030133571428571,0.0003306428571429598
17.998524,6.982748,4.83319,2.149558,-4.216577999999999,-0.30142700000000033,-0.3011841428571428,0.00024285714285754434
18.000687,6.99682,4.832039,2.16478,-4.202506,-0.3002760000000002,-0.300179,9.700000000023579e-05
18.004126,7.01587,4.830506,2.185365,-4.183456,-0.298743,-0.2988182857142857,-7.528571428572217e-05
18.00702,7.035884,4.828972,2.206912,-4.163441999999999,-0.2972090000000005,-0.29738871428571423,-0.00017971428571372794
18.010271,7.058133,4.827821,2.230312,-4.1411929999999995,-0.2960580000000004,-0.29579949999999994,0.00025850000000043893
18.012962,7.07855,4.825904,2.252646,-4.120775999999999,-0.29414100000000065,-0.2943411428571428,-0.0002001428571421493
18.015975,7.099689,4.825137,2.274552,-4.0996369999999995,-0.293374,-0.29283121428571424,0.0005427857142857873
18.019664,7.117575,4.823603,2.293972,-4.081750999999999,-0.29184000000000054,-0.29155364285714275,0.000286357142857796
18.022106,7.132534,4.822836,2.309699,-4.0667919999999995,-0.2910729999999999,-0.29048514285714283,0.0005878571428570845
18.02517,7.150755,4.820918,2.329837,-4.048570999999999,-0.28915500000000005,-0.28918364285714276,-2.8642857142713307e-05
18.028563,7.167495,4.820151,2.347343,-4.0318309999999995,-0.2883880000000003,-0.2879879285714285,0.000400071428571791
18.031888,7.188095,4.818617,2.369478,-4.0112309999999995,-0.28685399999999994,-0.28651649999999995,0.0003374999999999906
18.034681,7.205649,4.817467,2.388182,-3.993676999999999,-0.28570399999999996,-0.2852626428571428,0.0004413571428571461
18.037871,7.230952,4.816316,2.414636,-3.968373999999999,-0.28455299999999983,-0.28345528571428563,0.001097714285714202
18.040482,7.246611,4.813632,2.432979,-3.9527149999999995,-0.28186900000000037,-0.28233678571428567,-0.0004677857142852959
18.044026,7.273337,4.811331,2.462006,-3.9259889999999995,-0.27956800000000026,-0.28042778571428567,-0.0008597857142854104
18.047823,7.311994,4.809797,2.502197,-3.887331999999999,-0.2780339999999999,-0.2776665714285714,0.0003674285714285186
18.051344,7.334045,4.807112,2.526933,-3.8652809999999995,-0.2753490000000003,-0.2760915,-0.0007424999999997017
18.054661,7.366511,4.805578,2.560933,-3.832814999999999,-0.2738149999999999,-0.2737724999999999,4.250000000000087e-05
18.057816,7.399233,4.804044,2.595188,-3.8000929999999995,-0.27228100000000044,-0.27143521428571427,0.0008457857142861736
18.061082,7.415605,4.80136,2.614245,-3.783720999999999,-0.2695970000000001,-0.27026578571428567,-0.0006687857142855802
18.064874,7.448152,4.799826,2.648326,-3.751173999999999,-0.2680630000000006,-0.26794099999999993,0.00012200000000067712
18.068498,7.472784,4.798675,2.674109,-3.7265419999999994,-0.2669120000000005,-0.2661815714285714,0.0007304285714290759
18.071006,7.494146,4.796758,2.697388,-3.7051799999999995,-0.26499499999999987,-0.26465571428571427,0.0003392857142855976
18.074137,7.519885,4.794457,2.725428,-3.679440999999999,-0.26269400000000065,-0.2628172142857142,-0.00012321428571354653
18.078786,7.558442,4.792539,2.765902,-3.640883999999999,-0.2607759999999999,-0.26006314285714277,0.0007128571428571262
18.080523,7.573626,4.789855,2.783771,-3.6256999999999993,-0.25809200000000043,-0.2589785714285714,-0.0008865714285709592
18.084283,7.612469,4.788321,2.824148,-3.5868569999999993,-0.25655800000000006,-0.2562040714285714,0.0003539285714286855
18.088727,7.655457,4.78602,2.869437,-3.543868999999999,-0.25425699999999996,-0.25313349999999996,0.0011234999999999995
18.090364,7.673409,4.783719,2.889689,-3.525916999999999,-0.25195599999999985,-0.2518512142857142,0.00010478571428562677
18.093736,7.708641,4.781418,2.927223,-3.490684999999999,-0.24965500000000063,-0.2493346428571428,0.00032035714285783
18.096696,7.736183,4.779884,2.956299,-3.4631429999999996,-0.24812100000000026,-0.24736735714285712,0.0007536428571431331
18.099638,7.76404,4.777967,2.986073,-3.4352859999999996,-0.24620400000000053,-0.2453775714285714,0.0008264285714291442
18.102446,7.790435,4.775666,3.01477,-3.408890999999999,-0.24390300000000043,-0.2434922142857142,0.0004107857142862381
18.1054,7.81897,4.772598,3.046372,-3.380355999999999,-0.24083500000000058,-0.24145399999999992,-0.0006189999999993423
18.108811,7.850248,4.771447,3.078801,-3.3490779999999996,-0.23968400000000045,-0.23921985714285712,0.00046414285714332926
18.11136,7.883112,4.769146,3.113966,-3.3162139999999996,-0.23738300000000034,-0.23687242857142854,0.0005105714285718044
18.114861,7.916518,4.767229,3.14929,-3.2828079999999993,-0.23546600000000062,-0.23448628571428567,0.0009797142857149443
18.11794,7.958189,4.764544,3.193645,-3.2411369999999993,-0.23278100000000013,-0.23150978571428565,0.0012712142857144726
18.120919,7.981784,4.762627,3.219158,-3.217541999999999,-0.2308640000000004,-0.2298244285714285,0.0010395714285718893
18.124674,8.017023,4.759942,3.257081,-3.182302999999999,-0.2281789999999999,-0.22730735714285707,0.0008716428571428347
18.12859,8.056618,4.757258,3.29936,-3.142707999999999,-0.22549500000000045,-0.2244791428571428,0.0010158571428576513
18.130157,8.076063,4.75534,3.320722,-3.1232629999999997,-0.22357700000000058,-0.22309021428571427,0.0004867857142863141
18.133996,8.112838,4.752656,3.360182,-3.0864879999999992,-0.22089300000000023,-0.2204634285714285,0.00042957142857172337
18.139238,8.14779,4.750355,3.397435,-3.0515359999999987,-0.21859200000000012,-0.21796685714285705,0.0006251428571430739
18.140431,8.185686,4.746904,3.438783,-3.0136399999999988,-0.21514100000000003,-0.21525999999999992,-0.00011899999999989697
18.143762,8.226696,4.744986,3.481709,-2.9726299999999988,-0.21322300000000016,-0.2123307142857142,0.0008922857142859564
18.14681,8.261087,4.743069,3.518019,-2.9382389999999994,-0.21130600000000044,-0.20987421428571423,0.0014317857142862045
18.149901,8.298261,4.740384,3.557877,-2.901064999999999,-0.20862099999999995,-0.2072189285714285,0.001402071428571433
18.152621,8.328231,4.736549,3.591682,-2.8710949999999986,-0.20478600000000036,-0.20507821428571418,-0.00029221428571382657
18.155382,8.361141,4.734248,3.626892,-2.8381849999999993,-0.20248500000000025,-0.20272749999999995,-0.0002424999999997013
18.158891,8.397481,4.731947,3.665534,-2.8018449999999984,-0.20018400000000014,-0.2001317857142856,5.221428571453024e-05
18.16135,8.433953,4.729646,3.704307,-2.7653729999999985,-0.19788300000000003,-0.19752664285714275,0.00035635714285728315
18.165865,8.473825,4.725811,3.748014,-2.7255009999999995,-0.19404800000000044,-0.19467864285714281,-0.0006306428571423717
18.168879,8.521956,4.722743,3.799213,-2.67737,-0.1909800000000006,-0.19124071428571426,-0.00026071428571367017
18.171991,8.559292,4.720059,3.839233,-2.640034,-0.18829600000000024,-0.18857385714285715,-0.0002778571428569132
18.175226,8.600563,4.717374,3.883188,-2.598763,-0.18561100000000064,-0.18562592857142857,-1.4928571427930137e-05
18.179028,8.637325,4.715457,3.921868,-2.5620009999999986,-0.18369400000000002,-0.18300007142857133,0.0006939285714286925
18.181227,8.676001,4.711238,3.964762,-2.523325,-0.17947500000000005,-0.1802375,-0.0007624999999999438
18.184738,8.71865,4.709321,4.009329,-2.480675999999999,-0.17755800000000033,-0.1771911428571428,0.00036685714285752957
18.187935,8.768194,4.706637,4.061557,-2.431132,-0.17487399999999997,-0.1736522857142857,0.0012217142857142704
18.190907,8.793743,4.703185,4.090558,-2.405583,-0.17142200000000063,-0.17182735714285716,-0.00040535714285652724
18.194433,8.838456,4.700501,4.137955,-2.3608699999999985,-0.16873800000000028,-0.16863357142857133,0.00010442857142894946
18.198002,8.890373,4.696666,4.193707,-2.308952999999999,-0.1649029999999998,-0.16492521428571422,-2.221428571441697e-05
18.200867,8.919949,4.693981,4.225968,-2.2793769999999984,-0.1622180000000002,-0.16281264285714275,-0.0005946428571425577
18.204531,8.967339,4.69168,4.275659,-2.2319869999999984,-0.1599170000000001,-0.15942764285714275,0.0004893571428573329
18.207881,9.022473,4.688612,4.33386,-2.1768529999999995,-0.15684900000000024,-0.15548949999999997,0.0013595000000002633
18.210278,9.046834,4.684777,4.362057,-2.1524919999999987,-0.15301400000000065,-0.15374942857142848,-0.0007354285714278319
18.213529,9.088101,4.682476,4.405624,-2.1112249999999992,-0.15071300000000054,-0.15080178571428565,-8.878571428511117e-05
18.216409,9.124569,4.679408,4.44516,-2.074757,-0.1476449999999998,-0.14819692857142858,-0.0005519285714287725
18.219918,9.174015,4.676724,4.497291,-2.0253109999999985,-0.14496100000000034,-0.14466507142857132,0.0002959285714290161
18.222929,9.21349,4.674423,4.539067,-1.985835999999999,-0.14266000000000023,-0.1418454285714285,0.0008145714285717198
18.225688,9.2552,4.669054,4.586146,-1.944125999999999,-0.13729100000000027,-0.13886614285714277,-0.0015751428571424975
18.228965,9.299915,4.666753,4.633162,-1.8994109999999989,-0.13499000000000017,-0.13567221428571422,-0.0006822142857140501
18.232205,9.343487,4.663302,4.680186,-1.8558389999999996,-0.13153900000000007,-0.13255992857142854,-0.0010209285714284644
18.235854,9.390487,4.660617,4.72987,-1.808838999999999,-0.12885400000000047,-0.12920278571428565,-0.0003487857142851769
18.239147,9.4383,4.657933,4.780367,-1.7610259999999993,-0.12617000000000012,-0.1257875714285714,0.0003824285714287279
18.242131,9.480282,4.653714,4.826568,-1.7190439999999985,-0.12195100000000014,-0.12278885714285703,-0.0008378571428568904
18.245439,9.527034,4.65103,4.876004,-1.6722919999999988,-0.11926700000000068,-0.11944942857142848,-0.00018242857142780622
18.248918,9.569189,4.648729,4.92046,-1.6301369999999995,-0.11696600000000057,-0.11643835714285711,0.0005276428571434622
18.251491,9.607856,4.645277,4.962579,-1.5914699999999993,-0.11351400000000034,-0.11367642857142853,-0.00016242857142818867
18.254743,9.653603,4.641059,5.012544,-1.5457229999999988,-0.1092960000000005,-0.11040878571428563,-0.0011127857142851222
18.257804,9.707887,4.638758,5.069129,-1.4914389999999997,-0.1069950000000004,-0.10653135714285712,0.00046364285714327325
18.260664,9.737506,4.634923,5.102583,-1.4618199999999995,-0.10315999999999992,-0.10441571428571425,-0.0012557142857143322
18.264234,9.788778,4.630705,5.158073,-1.4105479999999986,-0.09894200000000009,-0.10075342857142847,-0.0018114285714283807
18.267331,9.833215,4.62802,5.205195,-1.366111,-0.09625700000000048,-0.09757935714285715,-0.0013223571428566672
18.270748,9.878849,4.625719,5.25313,-1.3204769999999986,-0.09395600000000037,-0.0943197857142856,-0.00036378571428523354
18.273862,9.926191,4.622651,5.30354,-1.273135,-0.09088800000000052,-0.09093821428571428,-5.0214285713751083e-05
18.276716,9.970395,4.619583,5.350812,-1.2289309999999993,-0.08782000000000068,-0.08778078571428567,3.921428571500296e-05
18.279719,10.014045,4.615365,5.398681,-1.1852809999999998,-0.08360199999999995,-0.08466292857142856,-0.0010609285714286015
18.282458,10.054483,4.612297,5.442186,-1.1448429999999998,-0.0805340000000001,-0.08177449999999999,-0.0012404999999998806
18.285324,10.098482,4.609612,5.48887,-1.1008439999999986,-0.0778490000000005,-0.07863171428571418,-0.0007827142857136787
18.288588,10.141348,4.606544,5.534804,-1.0579779999999985,-0.07478100000000065,-0.07556985714285704,-0.0007888571428563834
18.291303,10.183413,4.604243,5.57917,-1.0159129999999994,-0.07248000000000054,-0.07256521428571425,-8.521428571370282e-05
18.294567,10.231035,4.600792,5.630244,-0.9682909999999989,-0.06902900000000045,-0.06916364285714278,-0.0001346428571423336
18.299105,10.289388,4.59619,5.693198,-0.9099379999999986,-0.06442700000000023,-0.06499557142857133,-0.0005685714285710991
18.300821,10.321279,4.593122,5.728157,-0.8780469999999987,-0.061359000000000385,-0.06271764285714276,-0.001358642857142378
18.304412,10.370486,4.588904,5.781583,-0.8288399999999996,-0.05714100000000055,-0.05920285714285711,-0.00206185714285656
18.308551,10.432115,4.586219,5.845896,-0.7672109999999996,-0.05445600000000006,-0.05480078571428569,-0.0003447857142856309
18.31008,10.458414,4.583918,5.874496,-0.7409119999999998,-0.05215499999999995,-0.0529222857142857,-0.0007672857142857481
18.31373,10.510718,4.580467,5.930251,-0.6886079999999986,-0.04870399999999986,-0.04918628571428561,-0.0004822857142857545
18.31916,10.554511,4.575865,5.978647,-0.6448149999999995,-0.04410200000000053,-0.04605821428571425,-0.0019562142857137213
18.320194,10.610096,4.572797,6.037299,-0.5892299999999988,-0.04103399999999979,-0.04208785714285706,-0.001053857142857266
18.32366,10.660094,4.568578,6.091516,-0.5392319999999984,-0.03681499999999982,-0.03851657142857131,-0.0017015714285714897
18.32654,10.70537,4.565127,6.140243,-0.49395599999999895,-0.033364000000000615,-0.03528257142857135,-0.0019185714285707353
18.329658,10.752949,4.562059,6.19089,-0.446377,-0.03029599999999988,-0.03188407142857143,-0.0015880714285715497
18.332385,10.794699,4.558991,6.235708,-0.4046269999999996,-0.02722800000000003,-0.028901928571428544,-0.0016739285714285138
18.335352,10.838617,4.555923,6.282694,-0.36070899999999995,-0.02416000000000018,-0.025764928571428567,-0.0016049285714283858
18.338655,10.884321,4.553622,6.330699,-0.3150049999999993,-0.021859000000000073,-0.022500357142857093,-0.00064135714285702
18.341278,10.929803,4.549404,6.380399,-0.2695229999999995,-0.01764100000000024,-0.01925164285714282,-0.0016106428571425815
18.344404,10.976779,4.546719,6.430059,-0.22254699999999872,-0.014956000000000635,-0.015896214285714194,-0.0009402142857135587
18.347748,11.039013,4.543651,6.495362,-0.1603129999999986,-0.011887999999999899,-0.011450928571428471,0.0004370714285714273
18.35031,11.06759,4.539816,6.527774,-0.13173600000000008,-0.00805300000000031,-0.00940971428571429,-0.0013567142857139804
18.353424,11.112482,4.537132,6.57535,-0.08684399999999926,-0.005368999999999957,-0.006203142857142804,-0.0008341428571428467
18.356355,11.155643,4.534447,6.621196,-0.043682999999999694,-0.0026840000000003528,-0.003120214285714264,-0.00043621428571391117
18.359731,11.205152,4.530996,6.674156,0.005826000000000775,0.0007669999999997401,0.0004161428571429125,-0.0003508571428568276
18.362466,11.246561,4.526394,6.720168,0.04723500000000058,0.005368999999999957,0.003373928571428613,-0.001995071428571344
18.365315,11.290331,4.523326,6.767005,0.09100500000000089,0.008436999999999806,0.006500357142857206,-0.0019366428571425997
18.368996,11.341432,4.521025,6.820407,0.14210600000000007,0.010737999999999914,0.010150428571428576,-0.0005875714285713384
18.371537,11.385344,4.516039,6.869305,0.18601800000000068,0.015723999999999627,0.013287000000000049,-0.0024369999999995784
18.37509,11.441323,4.512204,6.929119,0.24199700000000135,0.019559000000000104,0.017285500000000096,-0.002273500000000008
18.378198,11.491511,4.50952,6.981991,0.2921849999999999,0.02224299999999957,0.02087035714285714,-0.0013726428571424303
18.381052,11.533362,4.506452,7.02691,0.3340360000000011,0.025310999999999417,0.023859714285714366,-0.0014512857142850513
18.384415,11.586958,4.501467,7.085492,0.387632,0.03029599999999988,0.027687999999999997,-0.0026079999999998812
18.388791,11.649989,4.499166,7.150823,0.4506630000000005,0.03259699999999999,0.03219021428571432,-0.0004067857142856651
18.390717,11.684312,4.49418,7.190132,0.484986000000001,0.0375829999999997,0.03464185714285722,-0.0029411428571424827
18.394258,11.733572,4.491879,7.241693,0.5342460000000013,0.03988399999999981,0.038160428571428665,-0.001723571428571144
18.397792,11.798513,4.488428,7.310085,0.5991870000000006,0.0433349999999999,0.04279907142857147,-0.0005359285714284304
18.400935,11.831292,4.484593,7.346699,0.6319660000000002,0.04716999999999949,0.04514042857142859,-0.002029571428570902
18.404025,11.882146,4.481141,7.401004,0.6828200000000013,0.05062199999999972,0.048772857142857236,-0.001849142857142487
18.409001,11.926832,4.478073,7.448759,0.727506,0.05368999999999957,0.05196471428571429,-0.0017252857142852837
18.41005,11.975403,4.475772,7.499631,0.7760770000000008,0.05599099999999968,0.055434071428571485,-0.0005569285714281946
18.413424,12.017935,4.470787,7.547148,0.8186090000000004,0.06097600000000014,0.05847207142857146,-0.0025039285714286846
18.41631,12.06482,4.467336,7.597485,0.865494,0.06442699999999935,0.061821,-0.002605999999999345
18.419628,12.115168,4.465035,7.650133,0.9158420000000014,0.06672799999999945,0.06541728571428582,-0.0013107142857136378
18.422345,12.156109,4.461967,7.694142,0.9567830000000015,0.06979600000000019,0.06834164285714296,-0.0014543571428572294
18.425633,12.203552,4.456981,7.746571,1.004226000000001,0.0747819999999999,0.07173042857142864,-0.0030515714285712647
18.428814,12.254652,4.453913,7.800739,1.0553260000000009,0.07784999999999975,0.07538042857142864,-0.002469571428571113
18.431703,12.295837,4.450845,7.844992,1.0965110000000013,0.0809179999999996,0.07832221428571438,-0.0025957857142852175
18.435373,12.352759,4.446243,7.906516,1.1534330000000015,0.08551999999999982,0.08238807142857153,-0.0031319285714282857
18.438961,12.398433,4.443559,7.954874,1.1991070000000015,0.08820400000000017,0.0856505000000001,-0.0025535000000000696
18.441615,12.446825,4.440107,8.006718,1.2474990000000012,0.09165599999999952,0.08910707142857152,-0.002548928571427994
18.444478,12.487465,4.437423,8.050042,1.288139000000001,0.09433999999999987,0.09200992857142865,-0.002330071428571223
18.447795,12.548204,4.435122,8.113082,1.348878000000001,0.09664099999999998,0.09634842857142864,-0.00029257142857133656
18.450367,12.575856,4.43167,8.144186,1.3765300000000007,0.10009299999999932,0.09832357142857148,-0.001769428571427839
18.453296,12.617644,4.428603,8.189041,1.418318000000001,0.10315999999999992,0.10130842857142865,-0.001851571428571272
18.458729,12.658339,4.424384,8.233955,1.4590130000000006,0.10737899999999989,0.10421521428571433,-0.0031637857142855635
18.459591,12.70546,4.419782,8.285677,1.5061340000000012,0.11198100000000011,0.10758100000000008,-0.004400000000000029
18.46322,12.759047,4.417481,8.341566,1.5597210000000015,0.11428199999999933,0.11140864285714296,-0.0028733571428563726
18.466467,12.803899,4.414413,8.389486,1.6045730000000002,0.11735000000000007,0.11461235714285715,-0.0027376428571429107
18.466467,12.803899,4.409811,8.394088,1.6045730000000002,0.1219519999999994,0.11461235714285715,-0.0073396428571422395
18.473431,12.902937,4.406743,8.496194,1.7036110000000004,0.12502000000000013,0.12168650000000003,-0.0033335000000001003
18.476402,12.956698,4.402525,8.554173,1.7573720000000002,0.12923799999999996,0.12552657142857143,-0.0037114285714285322
18.479862,12.99938,4.399457,8.599923,1.8000540000000012,0.1323059999999998,0.1285752857142858,-0.003730714285714004
18.482889,13.047047,4.396772,8.650275,1.847721,0.13499099999999942,0.13198007142857143,-0.0030109285714279843
18.485838,13.088191,4.394088,8.694103,1.888865000000001,0.13767499999999977,0.13491892857142865,-0.002756071428571122
18.489554,13.134842,4.389486,8.745356,1.9355160000000016,0.142277,0.13825114285714296,-0.0040258571428570256
18.491933,13.175199,4.386802,8.788398,1.975873,0.14496099999999945,0.14113378571428573,-0.003827214285713726
18.495055,13.219472,4.384117,8.835355,2.0201460000000004,0.14764599999999994,0.1442961428571429,-0.0033498571428570434
18.498234,13.258933,4.381816,8.877117,2.0596070000000015,0.14994700000000005,0.14711478571428582,-0.0028322142857142296
18.500945,13.300746,4.377598,8.923148,2.101420000000001,0.15416499999999989,0.15010142857142864,-0.00406357142857125
18.504429,13.345908,4.374913,8.970995,2.1465820000000004,0.1568499999999995,0.15332728571428575,-0.0035227142857137406
18.50853,13.400889,4.372612,9.028277,2.201563,0.1591509999999996,0.15725450000000002,-0.001896499999999579
18.510753,13.436661,4.368394,9.068267,2.2373350000000016,0.16336899999999943,0.15980964285714297,-0.003559357142856462
18.514217,13.484244,4.365326,9.118918,2.284918000000001,0.16643700000000017,0.16320842857142864,-0.003228571428571525
18.518512,13.536846,4.363408,9.173437,2.3375200000000014,0.16835500000000003,0.16696571428571438,-0.0013892857142856485
18.520714,13.566782,4.35919,9.207592,2.3674560000000007,0.17257299999999987,0.16910400000000006,-0.0034689999999998056
18.523878,13.612062,4.356505,9.255556,2.4127360000000007,0.17525799999999947,0.17233828571428575,-0.0029197142857137204
18.528708,13.671259,4.352287,9.318972,2.471933,0.1794760000000002,0.17656664285714285,-0.0029093571428573384
18.531068,13.699638,4.349986,9.349652,2.500312000000001,0.1817769999999994,0.17859371428571436,-0.0031832857142850557
18.534249,13.750697,4.347302,9.403395,2.5513710000000014,0.18446099999999976,0.1822407857142858,-0.0022202142857139506
18.539048,13.799396,4.343467,9.455929,2.6000700000000005,0.18829599999999935,0.18571928571428575,-0.0025767142857135994
18.541152,13.824475,4.340015,9.484459,2.6251490000000004,0.19174799999999959,0.1875106428571429,-0.004237357142856696
18.544523,13.87764,4.337714,9.539925,2.6783140000000003,0.1940489999999997,0.19130814285714287,-0.002740857142856823
18.548648,13.927128,4.33503,9.592099,2.7278020000000005,0.19673300000000005,0.19484300000000004,-0.0018900000000000028
18.550878,13.956954,4.331195,9.625759,2.7576280000000004,0.20056799999999964,0.1969734285714286,-0.0035945714285710306
18.554143,14.003709,4.329277,9.674432,2.8043830000000014,0.2024859999999995,0.20031307142857152,-0.002172928571427979
18.559073,14.052398,4.326976,9.725422,2.853072000000001,0.2047869999999996,0.20379085714285722,-0.0009961428571423903
18.560429,14.077153,4.323141,9.754012,2.877827,0.20862200000000009,0.2055590714285714,-0.0030629285714286747
18.563713,14.121021,4.32084,9.800181,2.9216950000000015,0.2109230000000002,0.20869250000000011,-0.0022305000000000796
18.566805,14.15904,4.318539,9.8405,2.959714,0.21322399999999941,0.21140814285714285,-0.001815857142856564
18.571688,14.197055,4.314321,9.882734,2.9977290000000014,0.21744200000000014,0.2141235000000001,-0.0033185000000000298
18.572987,14.242477,4.312403,9.930073,3.043151,0.21936,0.21736792857142856,-0.0019920714285714403
18.578749,14.295312,4.310486,9.984826,3.095986,0.22127699999999972,0.22114185714285714,-0.0001351428571425839
18.580277,14.315693,4.307035,10.008658,3.1163670000000003,0.22472799999999982,0.22259764285714287,-0.002130357142856948
18.58329,14.350318,4.304734,10.045585,3.1509920000000005,0.22702899999999993,0.22507085714285718,-0.0019581428571427417
18.586328,14.388425,4.302433,10.085993,3.1890990000000006,0.22933000000000003,0.22779278571428577,-0.0015372142857142668
18.589695,14.422907,4.300132,10.122775,3.223581000000001,0.23163100000000014,0.2302557857142858,-0.0013752142857143546
18.592015,14.455285,4.297831,10.157455,3.2559590000000007,0.23393199999999936,0.23256850000000004,-0.0013634999999993236
18.594972,14.4906,4.29553,10.19507,3.2912740000000014,0.23623299999999947,0.2350910000000001,-0.0011419999999993657
18.598161,14.523974,4.291695,10.23228,3.3246480000000016,0.24006799999999995,0.23747485714285727,-0.002593142857142683
18.601362,14.559834,4.28901,10.270824,3.360508000000001,0.24275299999999955,0.24003628571428579,-0.002716714285713767
18.605211,14.604104,4.286709,10.317394,3.4047780000000003,0.24505399999999966,0.2431984285714286,-0.0018555714285710678
18.608792,14.639967,4.283258,10.356709,3.440641000000001,0.24850499999999975,0.2457600714285715,-0.0027449285714282456
18.611613,14.673656,4.281724,10.391932,3.47433,0.2500390000000001,0.2481664285714286,-0.001872571428571529
18.614862,14.708933,4.279806,10.429126,3.509607000000001,0.251957,0.25068621428571436,-0.0012707857142856271
18.618373,14.743341,4.277122,10.466219,3.544015,0.25464099999999945,0.2531439285714286,-0.001497071428570862
18.621296,14.775322,4.274821,10.500501,3.575996,0.25694199999999956,0.2554282857142857,-0.0015137142857138408
18.624207,14.807055,4.272136,10.534919,3.607729000000001,0.25962700000000005,0.2576949285714286,-0.0019320714285714358
18.628494,14.842125,4.270603,10.571523,3.642799,0.2611599999999994,0.2601999285714286,-0.0009600714285707967
18.629929,14.861083,4.268685,10.592398,3.6617570000000015,0.26307800000000015,0.2615540714285715,-0.0015239285714286344
18.633466,14.893716,4.267151,10.626565,3.6943900000000003,0.2646119999999996,0.26388500000000004,-0.0007269999999995891
18.636344,14.924764,4.265234,10.659531,3.7254380000000005,0.26652899999999935,0.2661027142857143,-0.00042628571428504625
18.639851,14.955083,4.262933,10.69215,3.755757000000001,0.26882999999999946,0.2682683571428572,-0.0005616428571422749
18.642266,14.983569,4.259865,10.723705,3.784243,0.2718980000000002,0.2703030714285714,-0.0015949285714287886
18.645188,15.013714,4.257947,10.755767,3.814388000000001,0.27381600000000006,0.27245628571428576,-0.0013597142857142974
18.648739,15.04875,4.256413,10.792337,3.849424000000001,0.27534999999999954,0.2749588571428572,-0.00039114285714231256
18.651405,15.073598,4.253345,10.820253,3.8742720000000013,0.2784179999999994,0.27673371428571436,-0.0016842857142850276
18.654672,15.102393,4.251811,10.850582,3.903067,0.27995199999999976,0.2787905,-0.00116149999999976
18.657725,15.131862,4.250277,10.881585,3.9325360000000007,0.2814860000000001,0.28089542857142863,-0.0005905714285714958
18.660397,15.153383,4.247976,10.905406,3.9540570000000006,0.28378699999999935,0.2824326428571429,-0.0013543571428564216
18.663779,15.180424,4.245675,10.934748,3.981098000000001,0.28608799999999945,0.28436414285714295,-0.0017238571428564997
18.66712,15.210814,4.243374,10.96744,4.011488,0.28838899999999956,0.28653485714285715,-0.0018541428571424157
18.671264,15.238191,4.242607,10.995583,4.038865000000001,0.2891560000000002,0.28849035714285726,-0.000665642857142934
18.673592,15.267753,4.24069,11.027063,4.068427000000002,0.2910729999999999,0.2906019285714287,-0.00047107142857122364
18.677025,15.292785,4.237622,11.055163,4.093459000000001,0.29414099999999976,0.29238992857142865,-0.001751071428571116
18.679863,15.314924,4.236855,11.078069,4.115598,0.2949079999999995,0.2939712857142857,-0.0009367142857137911
18.682808,15.336147,4.234937,11.101209,4.136821000000001,0.29682599999999937,0.2954872142857144,-0.0013387857142849735
18.686014,15.358229,4.233787,11.124442,4.1589030000000005,0.29797599999999935,0.2970645,-0.0009114999999993434
18.689866,15.384893,4.231486,11.153407,4.185567000000001,0.30027699999999946,0.2989690714285715,-0.0013079285714279743
18.692169,15.406283,4.230719,11.175564,4.206957000000001,0.3010440000000001,0.3004969285714286,-0.0005470714285714662
18.695667,15.431553,4.228802,11.202752,4.232227,0.3029609999999998,0.30230192857142857,-0.0006590714285712451
18.698773,15.45499,4.226117,11.228873,4.255664000000001,0.3056459999999994,0.3039760000000001,-0.0016699999999993387
18.702965,15.49194,4.224583,11.267357,4.292614,0.3071799999999998,0.30661528571428576,-0.0005647142857140297
18.705982,15.514032,4.223049,11.290982,4.314706000000001,0.30871400000000015,0.3081932857142858,-0.0005207142857143743
18.709163,15.532737,4.220748,11.311989,4.333411,0.3110149999999994,0.3095293571428571,-0.0014856428571422553
18.71176,15.550408,4.220365,11.330044,4.351082,0.3113979999999996,0.31079157142857144,-0.0006064285714281747
18.715111,15.571318,4.218447,11.35287,4.3719920000000005,0.3133159999999995,0.31228514285714287,-0.0010308571428566116
18.718779,15.590588,4.216913,11.373675,4.391262000000001,0.31484999999999985,0.3136615714285715,-0.0011884285714283682
18.721478,15.605838,4.215379,11.390459,4.406512000000001,0.31638399999999933,0.3147508571428572,-0.0016331428571421114
18.724897,15.622826,4.214229,11.408597,4.423500000000001,0.3175340000000002,0.31596428571428575,-0.001569714285714452
18.728235,15.645063,4.213078,11.431984,4.445737000000001,0.31868499999999944,0.31755264285714296,-0.0011323571428564772
18.73098,15.662664,4.211544,11.45112,4.463338,0.3202189999999998,0.31880985714285714,-0.0014091428571426645
18.734358,15.680007,4.210777,11.46923,4.480681000000001,0.32098599999999955,0.3200486428571429,-0.000937357142856643
18.738722,15.710209,4.20886,11.501349,4.5108830000000015,0.32290300000000016,0.32220592857142866,-0.0006970714285715052
18.740718,15.721492,4.207326,11.514166,4.522166,0.32443699999999964,0.3230118571428572,-0.0014251428571424585
18.744159,15.743657,4.206559,11.537098,4.5443310000000015,0.3252039999999994,0.3245950714285715,-0.0006089285714278581
18.748569,15.766825,4.205025,11.5618,4.5674990000000015,0.32673799999999975,0.3262499285714287,-0.00048807142857104635
18.750098,15.775195,4.204258,11.570937,4.575869000000001,0.3275049999999995,0.3268477857142858,-0.000657214285713692
18.753624,15.790473,4.203107,11.587366,4.591147000000001,0.3286559999999996,0.32793907142857154,-0.0007169285714280771
18.756401,15.806566,4.201957,11.60461,4.607240000000001,0.3298059999999996,0.3290885714285715,-0.0007174285714280915
18.759674,15.815367,4.201573,11.613794,4.616041000000001,0.33019,0.3297172142857144,-0.00047278571428560623
18.762271,15.829062,4.200806,11.628256,4.629736000000001,0.3309569999999997,0.33069542857142864,-0.0002615714285710835
18.76563,15.837877,4.200039,11.637837,4.638551000000001,0.33172399999999946,0.33132507142857154,-0.0003989285714279256
18.768761,15.842739,4.199656,11.643083,4.643413000000001,0.3321069999999997,0.3316723571428572,-0.0004346428571425087
18.771661,15.857513,4.198889,11.658624,4.658187000000002,0.33287399999999945,0.33272764285714296,-0.00014635714285649026
18.774997,15.86408,4.198505,11.665575,4.664754,0.33325799999999983,0.3331967142857143,-6.128571428554164e-05
18.778219,15.88256,4.196971,11.685589,4.683234000000001,0.3347920000000002,0.33451671428571433,-0.0002752857142858667
18.780963,15.889189,4.196204,11.692984,4.689863000000001,0.33555899999999994,0.33499021428571435,-0.0005687857142855912
18.784331,15.909805,4.195054,11.714751,4.710479000000001,0.3367089999999999,0.3364627857142858,-0.0002462142857141414
18.788551,15.923228,4.194287,11.728941,4.723902000000001,0.33747599999999967,0.3374215714285715,-5.442857142817781e-05
18.79021,15.933127,4.19352,11.739607,4.7338010000000015,0.3382429999999994,0.33812864285714295,-0.00011435714285645826
18.79386,15.936934,4.192753,11.744181,4.737608000000002,0.33901000000000003,0.33840057142857155,-0.0006094285714284831
18.796719,15.946312,4.192369,11.753942,4.7469860000000015,0.33939399999999953,0.33907042857142866,-0.00032357142857086796
18.799915,15.958416,4.191219,11.767197,4.7590900000000005,0.3405439999999995,0.33993500000000004,-0.0006089999999994711
18.802989,15.96042,4.190836,11.769584,4.761094,0.34092699999999976,0.34007814285714283,-0.0008488571428569291
18.80603,15.969679,4.190452,11.779227,4.770353,0.34131100000000014,0.34073950000000003,-0.0005715000000001136
18.809651,15.983569,4.189302,11.794267,4.784243,0.3424610000000001,0.34173164285714286,-0.0007293571428572676
18.812583,15.985164,4.188918,11.796246,4.785838,0.3428449999999996,0.3418455714285714,-0.000999428571428207
18.816013,15.992313,4.188535,11.803778,4.792987,0.34322799999999987,0.3423562142857143,-0.0008717857142855889
18.819508,16.001205,4.188535,11.812671,4.801879,0.34322799999999987,0.3429913571428571,-0.0002366428571427548
18.822227,16.004422,4.188151,11.81627,4.8050960000000025,0.34361199999999936,0.34322114285714306,-0.0003908571428563046
18.828427,16.00553,4.188535,11.816996,4.806204000000001,0.34322799999999987,0.3433002857142858,7.228571428591346e-05
18.828935,16.00632,4.188151,11.818168,4.8069939999999995,0.34361199999999936,0.34335671428571424,-0.00025528571428512503
18.833052,16.007412,4.187768,11.819644,4.808085999999999,0.3439949999999996,0.34343471428571426,-0.0005602857142853468
18.836078,16.009242,4.187384,11.821858,4.809916000000001,0.344379,0.34356542857142863,-0.000813571428571358
18.839714,16.013819,4.187001,11.826818,4.814493000000002,0.34476199999999935,0.3438923571428573,-0.0008696428571420278
18.842767,16.020127,4.187001,11.833126,4.8208009999999994,0.34476199999999935,0.3443429285714285,-0.00041907142857083857
18.845795,16.023622,4.187001,11.836621,4.824296,0.34476199999999935,0.34459257142857147,-0.00016942857142787648
18.849027,16.023424,4.186617,11.836807,4.824097999999999,0.34514599999999973,0.3445784285714285,-0.000567571428571223
18.852375,16.022471,4.187001,11.835471,4.823145,0.34476199999999935,0.34451035714285716,-0.0002516428571421869
18.855468,16.02211,4.187384,11.834726,4.822784000000002,0.344379,0.3444845714285716,0.00010557142857159363
18.859827,16.022525,4.187001,11.835525,4.8231990000000025,0.34476199999999935,0.34451421428571444,-0.00024778571428490936
18.862662,16.022593,4.187001,11.835592,4.823267000000001,0.34476199999999935,0.3445190714285715,-0.0002429285714278251
18.865577,16.022563,4.187001,11.835562,4.823237000000002,0.34476199999999935,0.34451692857142874,-0.00024507142857060904
18.869034,16.021417,4.187001,11.834416,4.822091,0.34476199999999935,0.34443507142857144,-0.0003269285714279091
18.871522,16.021568,4.186617,11.834951,4.822241999999999,0.34514599999999973,0.3444458571428571,-0.0007001428571426493
18.875014,16.021156,4.186617,11.834539,4.821830000000002,0.34514599999999973,0.34441642857142873,-0.0007295714285709964
18.878115,16.019917,4.186617,11.8333,4.820591,0.34514599999999973,0.3443279285714286,-0.0008180714285711543
18.880904,16.018873,4.187001,11.831872,4.819547,0.34476199999999935,0.34425335714285715,-0.0005086428571421941
18.884421,16.017847,4.186617,11.83123,4.8185210000000005,0.34514599999999973,0.3441800714285715,-0.0009659285714282428
18.888124,16.016346,4.187384,11.828962,4.817019999999999,0.344379,0.3440728571428571,-0.00030614285714286593
18.8907,16.014385,4.187001,11.827384,4.8150590000000015,0.34476199999999935,0.3439327857142858,-0.000829214285713531
18.893943,16.012577,4.187384,11.825193,4.813251000000001,0.344379,0.34380364285714293,-0.0005753571428570581
18.896891,16.010593,4.187001,11.823593,4.811267000000001,0.34476199999999935,0.34366192857142863,-0.0011000714285707147
18.899906,16.009429,4.187001,11.822429,4.810103000000002,0.34476199999999935,0.34357878571428585,-0.0011832142857134964
18.902788,16.008667,4.187384,11.821283,4.809341,0.344379,0.3435243571428571,-0.0008546428571428732
18.905736,16.007356,4.187001,11.820356,4.808030000000002,0.34476199999999935,0.3434307142857144,-0.0013312857142849244
18.90892,16.006258,4.187384,11.818874,4.806932,0.344379,0.3433522857142857,-0.0010267142857142697
18.913301,16.001849,4.187384,11.814465,4.802523000000001,0.344379,0.3430373571428572,-0.0013416428571427774
18.916403,15.990912,4.187768,11.803145,4.791586000000001,0.3439949999999996,0.3422561428571429,-0.001738857142856709
18.919715,15.982869,4.188151,11.794718,4.783543000000002,0.34361199999999936,0.341681642857143,-0.001930357142856387
18.922448,15.981491,4.188535,11.792957,4.782165000000001,0.34322799999999987,0.34158321428571436,-0.0016447857142855016
18.92543,15.979629,4.188918,11.790711,4.780303,0.3428449999999996,0.34145021428571426,-0.0013947857142853626
18.928634,15.972714,4.189302,11.783413,4.773388000000001,0.3424610000000001,0.34095628571428577,-0.0015047142857143592
18.931618,15.965283,4.188918,11.776365,4.765957,0.3428449999999996,0.3404255,-0.0024194999999996303
18.934914,15.961554,4.189685,11.771869,4.762228,0.3420779999999999,0.3401591428571429,-0.001918857142857
18.938022,15.959524,4.189685,11.769839,4.760198000000001,0.3420779999999999,0.34001414285714293,-0.0020638571428569508
18.941245,15.958441,4.190069,11.768373,4.759115000000001,0.3416939999999995,0.3399367857142858,-0.0017572142857136819
18.944933,15.956267,4.190452,11.765815,4.756941000000001,0.34131100000000014,0.33978150000000007,-0.0015295000000000725
18.948251,15.944763,4.190836,11.753927,4.745437000000001,0.34092699999999976,0.33895978571428576,-0.001967214285714003
18.950956,15.932572,4.191603,11.740969,4.733246000000001,0.34016,0.3380890000000001,-0.002070999999999934
18.954414,15.925209,4.192753,11.732456,4.725883000000001,0.33901000000000003,0.3375630714285715,-0.0014469285714285296
18.958698,15.904857,4.19352,11.711337,4.705531000000001,0.3382429999999994,0.33610935714285717,-0.0021336428571422372
18.96034,15.897479,4.194287,11.703192,4.698153000000001,0.33747599999999967,0.3355823571428572,-0.0018936428571424413
18.96393,15.881441,4.195437,11.686003,4.682115000000001,0.3363259999999997,0.3344367857142858,-0.0018892142857138694
18.966828,15.876739,4.195821,11.680918,4.677413000000001,0.3359420000000002,0.33410092857142865,-0.001841071428571539
18.96995,15.86103,4.196588,11.664442,4.661704,0.33517499999999956,0.3329788571428572,-0.002196142857142369
18.972916,15.856353,4.197355,11.658999,4.657027000000001,0.3344079999999998,0.3326447857142858,-0.001763214285714021
18.975843,15.842491,4.198889,11.643602,4.6431650000000015,0.33287399999999945,0.33165464285714297,-0.0012193571428564809
18.979062,15.828379,4.199656,11.628723,4.629053000000001,0.3321069999999997,0.3306466428571429,-0.0014603571428568052
18.982,15.809279,4.20119,11.60809,4.609953000000001,0.33057299999999934,0.3292823571428572,-0.0012906428571421436
18.985598,15.787234,4.202724,11.584511,4.5879080000000005,0.32903899999999986,0.3277077142857143,-0.001331285714285535
18.990156,15.77336,4.203874,11.569485,4.574034000000001,0.3278889999999999,0.32671671428571436,-0.0011722857142855148
18.992328,15.755996,4.205025,11.550971,4.55667,0.32673799999999975,0.3254764285714286,-0.00126157142857114
18.995994,15.735257,4.206175,11.529082,4.5359310000000015,0.32558799999999977,0.32399507142857153,-0.0015929285714282315
18.998968,15.720957,4.206942,11.514015,4.521631000000001,0.324821,0.3229736428571429,-0.001847357142857109
19.002706,15.704796,4.208476,11.49632,4.505470000000001,0.32328699999999966,0.32181928571428575,-0.0014677142857139058
19.005646,15.685012,4.209627,11.475385,4.485686000000001,0.32213599999999953,0.3204061428571429,-0.0017298571428566167
19.008967,15.669302,4.210777,11.458525,4.469976000000001,0.32098599999999955,0.31928400000000007,-0.0017019999999994817
19.011769,15.65662,4.212695,11.443925,4.457294000000001,0.3190679999999997,0.31837814285714294,-0.0006898571428567424
19.015236,15.634855,4.213845,11.42101,4.435529000000001,0.3179179999999997,0.31682350000000004,-0.0010944999999996652
19.018622,15.612326,4.215379,11.396947,4.413,0.31638399999999933,0.3152142857142857,-0.0011697142857136078
19.021339,15.592871,4.21653,11.376342,4.393545000000001,0.3152330000000001,0.31382464285714295,-0.0014083571428571418
19.024794,15.569866,4.218831,11.351035,4.37054,0.312932,0.31218142857142855,-0.0007505714285714338
19.027855,15.540292,4.220365,11.319927,4.340966000000002,0.3113979999999996,0.3100690000000001,-0.001328999999999525
19.03102,15.522476,4.222282,11.300194,4.32315,0.3094809999999999,0.3087964285714286,-0.0006845714285713123
19.034514,15.497847,4.223433,11.274414,4.298521000000001,0.30832999999999977,0.30703721428571434,-0.001292785714285427
19.038941,15.479116,4.224583,11.254532,4.27979,0.3071799999999998,0.30569928571428573,-0.0014807142857140576
19.040133,15.457166,4.227268,11.229899,4.257840000000002,0.3044950000000002,0.30413142857142866,-0.0003635714285715186
19.043732,15.433563,4.229185,11.204378,4.234237,0.30257799999999957,0.30244550000000003,-0.00013249999999953577
19.048618,15.401958,4.230719,11.171239,4.202632000000001,0.3010440000000001,0.30018800000000007,-0.0008560000000000234
19.050693,15.389135,4.232253,11.156882,4.189809,0.2995099999999997,0.29927207142857143,-0.00023792857142829194
19.054211,15.362072,4.23417,11.127901,4.162746,0.297593,0.297339,-0.00025399999999997647
19.058615,15.327906,4.235704,11.092202,4.128580000000001,0.29605899999999963,0.2948985714285715,-0.0011604285714281182
19.06013,15.313597,4.237238,11.076358,4.1142710000000005,0.29452500000000015,0.29387650000000004,-0.0006485000000001073
19.06343,15.2843,4.240306,11.043994,4.084974000000001,0.2914569999999994,0.2917838571428572,0.0003268571428577949
19.066765,15.254648,4.24184,11.012808,4.055322,0.28992299999999993,0.28966585714285714,-0.00025714285714278917
19.069951,15.222551,4.243758,10.978793,4.023225,0.28800500000000007,0.2873732142857143,-0.000631785714285793
19.072952,15.194126,4.246442,10.947684,3.9948000000000015,0.2853209999999997,0.28534285714285723,2.185714285751761e-05
19.076007,15.164783,4.24836,10.916423,3.9654570000000007,0.28340299999999985,0.28324692857142864,-0.00015607142857121392
19.079905,15.136022,4.249894,10.886128,3.9366960000000013,0.2818689999999995,0.2811925714285715,-0.0006764285714279672
19.082202,15.112346,4.252195,10.860151,3.9130200000000013,0.2795679999999994,0.2795014285714287,-6.65714285706942e-05
19.085738,15.083636,4.253729,10.829907,3.884310000000001,0.2780339999999999,0.2774507142857144,-0.0005832857142855086
19.088908,15.054965,4.255646,10.799319,3.855639,0.27611700000000017,0.2754027857142857,-0.0007142142857144429
19.091523,15.031681,4.257564,10.774118,3.8323550000000015,0.2741989999999994,0.273739642857143,-0.00045935714285644247
19.095309,14.991732,4.260248,10.731484,3.7924060000000015,0.27151499999999995,0.27088614285714296,-0.0006288571428569867
19.099904,14.954099,4.262549,10.691549,3.754773,0.26921399999999984,0.26819807142857144,-0.0010159285714284039
19.102372,14.921244,4.265234,10.65601,3.7219180000000005,0.26652899999999935,0.26585128571428573,-0.0006777142857136154
19.106078,14.890907,4.266768,10.62414,3.691581000000001,0.26499499999999987,0.2636843571428572,-0.0013106428571426632
19.109121,14.859208,4.269452,10.589755,3.6598820000000014,0.2623109999999995,0.26142014285714293,-0.0008908571428565826
19.111842,14.831491,4.27137,10.560121,3.6321650000000005,0.26039299999999965,0.2594403571428572,-0.0009526428571424717
19.115427,14.79748,4.27367,10.523809,3.598154000000001,0.2580929999999997,0.25701100000000004,-0.0010819999999996388
19.118764,14.765695,4.275971,10.489723,3.566369,0.2557919999999996,0.2547406428571429,-0.0010513571428567015
19.121281,14.731119,4.279423,10.451696,3.5317930000000004,0.25233999999999934,0.2522709285714286,-6.907142857076609e-05
19.124573,14.694426,4.28134,10.413086,3.4951000000000008,0.2504229999999996,0.24965000000000007,-0.0007729999999995518
19.127773,14.649066,4.284025,10.365041,3.4497400000000003,0.247738,0.24641000000000002,-0.0013279999999999959
19.130404,14.62876,4.286326,10.342434,3.4294340000000005,0.2454369999999999,0.24495957142857147,-0.0004774285714284343
19.13377,14.594203,4.288243,10.30596,3.394877000000001,0.24352000000000018,0.24249121428571435,-0.0010287857142858292
19.136581,14.564255,4.291311,10.272944,3.364929,0.24045199999999944,0.24035207142857143,-9.992857142801514e-05
19.139595,14.530605,4.293229,10.237376,3.3312790000000003,0.23853399999999958,0.23794850000000003,-0.0005854999999995447
19.142424,14.501077,4.295146,10.205931,3.301751000000001,0.23661699999999986,0.23583935714285723,-0.0007776428571426297
19.145245,14.467699,4.297447,10.170252,3.2683730000000004,0.23431599999999975,0.2334552142857143,-0.0008607857142854392
19.148178,14.432022,4.300132,10.131891,3.2326960000000007,0.23163100000000014,0.2309068571428572,-0.0007241428571429509
19.150917,14.401894,4.301666,10.100228,3.202568000000001,0.23009699999999977,0.22875485714285723,-0.001342142857142542
19.154129,14.363297,4.303967,10.059331,3.163971,0.22779599999999967,0.22599792857142859,-0.0017980714285710797
19.158604,14.31307,4.307802,10.005268,3.1137440000000005,0.22396100000000008,0.22241028571428575,-0.001550714285714322
19.159722,14.291353,4.310486,9.980867,3.0920270000000016,0.22127699999999972,0.22085907142857156,-0.00041792857142816664
19.163376,14.25706,4.312403,9.944657,3.057734,0.21936,0.21840957142857143,-0.0009504285714285743
19.166259,14.219365,4.314704,9.904661,3.0200390000000006,0.2170589999999999,0.21571707142857147,-0.0013419285714284246
19.166259,14.219365,4.318539,9.900826,3.0200390000000006,0.21322399999999941,0.21571707142857147,0.0024930714285720523
19.172938,14.139087,4.32084,9.818247,2.9397610000000007,0.2109230000000002,0.2099829285714286,-0.0009400714285715817
19.175967,14.094593,4.322758,9.771835,2.8952670000000005,0.20900499999999944,0.20680478571428576,-0.002200214285713681
19.179547,14.057715,4.325826,9.731889,2.8583890000000007,0.2059369999999996,0.2041706428571429,-0.0017663571428566949
19.181753,14.026538,4.328894,9.697644,2.827212000000001,0.20286899999999974,0.20194371428571437,-0.0009252857142853788
19.185156,13.984779,4.331578,9.6532,2.7854530000000004,0.2001849999999994,0.1989609285714286,-0.0012240714285707832
19.188555,13.943755,4.335413,9.608342,2.7444290000000002,0.1963499999999998,0.19603064285714286,-0.00031935714285694083
19.191148,13.898828,4.337714,9.561113,2.6995020000000007,0.1940489999999997,0.19282157142857148,-0.001227428571428213
19.195466,13.858378,4.340399,9.517979,2.659052000000001,0.1913640000000001,0.18993228571428578,-0.001431714285714314
19.198074,13.816352,4.344234,9.472119,2.617026000000001,0.1875289999999996,0.18693042857142864,-0.0005985714285709764
19.201324,13.775513,4.346918,9.428595,2.576187000000001,0.18484500000000015,0.18401335714285721,-0.0008316428571429335
19.20441,13.736035,4.348836,9.3872,2.536709,0.1829269999999994,0.1811935,-0.0017334999999993883
19.210992,13.68514,4.353054,9.332086,2.4858140000000013,0.17870899999999956,0.17755814285714294,-0.0011508571428566206
19.210992,13.653759,4.356889,9.29687,2.4544330000000016,0.17487399999999997,0.17531664285714296,0.00044264285714298857
19.215219,13.589633,4.35919,9.230443,2.390307,0.17257299999999987,0.17073621428571428,-0.0018367857142855826
19.218866,13.551065,4.362258,9.188807,2.3517390000000002,0.16950500000000002,0.16798135714285717,-0.0015236428571428484
19.221653,13.505441,4.366093,9.139348,2.306115,0.16566999999999954,0.16472250000000002,-0.0009474999999995182
19.225176,13.458547,4.36801,9.090536,2.259221,0.16375299999999982,0.16137292857142857,-0.0023800714285712454
19.22847,13.416172,4.370695,9.045477,2.2168460000000003,0.16106799999999932,0.15834614285714288,-0.002721857142856443
19.230945,13.379403,4.373763,9.00564,2.1800770000000007,0.15799999999999947,0.15571978571428577,-0.0022802142857137053
19.234045,13.335413,4.377981,8.957432,2.1360870000000016,0.15378199999999964,0.15257764285714298,-0.0012043571428566602
19.239209,13.279269,4.380282,8.898987,2.079943,0.15148099999999953,0.14856735714285715,-0.002913642857142379
19.241303,13.244138,4.384117,8.860021,2.0448120000000003,0.14764599999999994,0.14605800000000002,-0.0015879999999999228
19.244318,13.196867,4.387185,8.809682,1.997541,0.1445780000000001,0.1426815,-0.0018965000000001064
19.248702,13.141631,4.391787,8.749844,1.942305000000001,0.13997599999999988,0.1387360714285715,-0.001239928571428378
19.252121,13.085244,4.396005,8.689239,1.8859180000000002,0.13575800000000005,0.1347084285714286,-0.0010495714285714552
19.255502,13.03515,4.39869,8.63646,1.8358240000000006,0.13307299999999955,0.13113028571428575,-0.001942714285713798
19.259473,12.986526,4.401374,8.585151,1.7872000000000003,0.1303890000000001,0.12765714285714289,-0.0027318571428572025
19.26176,12.949237,4.405209,8.544027,1.7499110000000009,0.1265539999999996,0.12499364285714291,-0.001560357142856697
19.264751,12.905926,4.408661,8.497265,1.7066,0.12310199999999938,0.1219,-0.0012019999999993841
19.268893,12.858763,4.411345,8.447418,1.6594370000000005,0.12041799999999991,0.11853121428571432,-0.001886785714285591
19.270756,12.816326,4.41403,8.402296,1.6170000000000009,0.11773299999999942,0.11550000000000006,-0.0022329999999993605
19.27416,12.76924,4.417481,8.351758,1.5699140000000007,0.11428199999999933,0.11213671428571434,-0.002145285714284989
19.278456,12.711248,4.421316,8.289932,1.5119220000000002,0.11044699999999974,0.10799442857142859,-0.0024525714285711514
19.280003,12.685182,4.423617,8.261565,1.485856,0.10814599999999963,0.10613257142857144,-0.002013428571428194
19.283174,12.639985,4.426685,8.2133,1.4406590000000001,0.10507799999999978,0.1029042142857143,-0.0021737857142854894
19.286155,12.597164,4.43052,8.166644,1.3978380000000001,0.1012430000000002,0.09984557142857144,-0.0013974285714287576
19.289675,12.548338,4.433588,8.11475,1.349012,0.09817499999999946,0.09635800000000001,-0.001816999999999444
19.292212,12.509191,4.437423,8.071768,1.3098650000000003,0.09433999999999987,0.09356178571428574,-0.0007782142857141322
19.295099,12.463359,4.440107,8.023251,1.2640330000000013,0.09165599999999952,0.09028807142857152,-0.0013679285714279926
19.29837,12.420235,4.443559,7.976676,1.2209090000000007,0.08820400000000017,0.08720778571428577,-0.0009962142857144057
19.301011,12.373994,4.446627,7.927367,1.1746680000000005,0.08513599999999943,0.08390485714285718,-0.0012311428571422506
19.30438,12.32784,4.449311,7.878528,1.128514000000001,0.08245199999999997,0.08060814285714292,-0.00184385714285705
19.308538,12.270043,4.45353,7.816513,1.0707170000000001,0.078233,0.07647978571428572,-0.0017532142857142746
19.310913,12.236586,4.456598,7.779988,1.0372600000000016,0.07516500000000015,0.07409000000000011,-0.0010750000000000343
19.314028,12.186923,4.4612,7.725723,0.987597000000001,0.07056299999999993,0.07054264285714293,-2.035714285700263e-05
19.31876,12.125084,4.464651,7.660433,0.9257580000000001,0.06711199999999984,0.06612557142857144,-0.0009864285714284021
19.320282,12.093747,4.467719,7.626028,0.8944210000000012,0.06404399999999999,0.06388721428571438,-0.0001567857142856094
19.323657,12.043849,4.471937,7.571911,0.8445230000000006,0.05982600000000016,0.06032307142857147,0.0004970714285713121
19.328848,11.972621,4.474622,7.497999,0.773295000000001,0.057140999999999664,0.05523535714285721,-0.0019056428571424533
19.330305,11.942841,4.47769,7.465151,0.7435150000000004,0.054072999999999816,0.053108214285714314,-0.0009647857142855015
19.33356,11.893242,4.480374,7.412868,0.6939160000000015,0.05138899999999946,0.049565428571428684,-0.001823571428570779
19.338894,11.847006,4.48536,7.361646,0.6476800000000011,0.04640299999999975,0.046262857142857224,-0.00014014285714252644
19.339789,11.797684,4.488428,7.309256,0.5983580000000011,0.0433349999999999,0.04273985714285722,-0.0005951428571426831
19.342886,11.751443,4.491496,7.259948,0.5521170000000009,0.04026700000000005,0.03943692857142863,-0.0008300714285714231
19.34602,11.706925,4.493797,7.213128,0.5075990000000008,0.037965999999999944,0.036257071428571486,-0.0017089285714284586
19.349631,11.65847,4.498782,7.159688,0.4591440000000002,0.03298099999999948,0.03279600000000001,-0.0001849999999994703
19.351655,11.619549,4.501467,7.118083,0.420223,0.03029599999999988,0.030015928571428572,-0.0002800714285713067
19.354904,11.571339,4.504535,7.066805,0.3720130000000008,0.02722800000000003,0.0265723571428572,-0.0006556428571428304
19.357987,11.521524,4.509137,7.012388,0.3221980000000002,0.022625999999999813,0.023014142857142872,0.00038814285714305896
19.360831,11.477202,4.512204,6.964997,0.2778760000000009,0.019559000000000104,0.01984828571428578,0.000289285714285676
19.364699,11.4238,4.515272,6.908527,0.22447400000000073,0.016490999999999367,0.016033857142857193,-0.00045714285714217387
19.369254,11.372868,4.519491,6.853378,0.1735420000000012,0.012271999999999395,0.012395857142857227,0.000123857142857833
19.371093,11.33277,4.522942,6.809828,0.13344400000000078,0.00882100000000019,0.009531714285714341,0.0007107142857141514
19.374544,11.278896,4.525243,6.753653,0.07957000000000036,0.006520000000000081,0.0056835714285714545,-0.0008364285714286268
19.37811,11.21907,4.529845,6.689224,0.019744000000001094,0.0019179999999998643,0.0014102857142857925,-0.0005077142857140718
19.381061,11.1823,4.534831,6.64747,-0.01702599999999954,-0.0030679999999998486,-0.0012161428571428243,0.0018518571428570243
19.385143,11.118828,4.537515,6.581312,-0.08049799999999863,-0.005752000000000201,-0.0057498571428570445,2.142857143156915e-06
19.388854,11.067659,4.540583,6.527076,-0.13166699999999842,-0.00882000000000005,-0.009404785714285602,-0.0005847857142855517
19.391361,11.02136,4.543651,6.477709,-0.17796599999999962,-0.011887999999999899,-0.012711857142857117,-0.0008238571428572181
19.394656,10.973165,4.54787,6.425296,-0.2261609999999994,-0.01610699999999987,-0.0161543571428571,-4.735714285722739e-05
19.39871,10.914256,4.550554,6.363702,-0.28506999999999927,-0.018791000000000224,-0.020362142857142804,-0.0015711428571425802
19.400951,10.884872,4.554772,6.330099,-0.31445399999999957,-0.023009000000000057,-0.02246099999999997,0.0005480000000000866
19.404729,10.823053,4.55784,6.265213,-0.3762729999999994,-0.026076999999999906,-0.026876642857142814,-0.0007996428571429084
19.408333,10.769369,4.560525,6.208844,-0.4299569999999999,-0.0287620000000004,-0.03071121428571428,-0.0019492142857138808
19.410996,10.727496,4.565127,6.162369,-0.47182999999999886,-0.033364000000000615,-0.03370214285714278,-0.0003381428571421624
19.414224,10.681609,4.567811,6.113798,-0.5177169999999993,-0.03604800000000008,-0.036979785714285666,-0.0009317857142855865
19.419435,10.639848,4.570879,6.068969,-0.5594779999999986,-0.03911599999999993,-0.039962714285714185,-0.0008467142857142562
19.420625,10.594405,4.574714,6.019691,-0.6049209999999992,-0.042951000000000406,-0.0432086428571428,-0.00025764285714239415
19.423933,10.537572,4.577782,5.95979,-0.6617539999999984,-0.046019000000000254,-0.047268142857142745,-0.0012491428571424906
19.427124,10.490436,4.58085,5.909586,-0.7088899999999985,-0.0490870000000001,-0.05063499999999989,-0.0015479999999997857
19.430203,10.443202,4.584302,5.8589,-0.7561239999999998,-0.052539000000000335,-0.05400885714285713,-0.0014698571428567939
19.433351,10.402206,4.586986,5.81522,-0.7971199999999996,-0.0552229999999998,-0.05693714285714283,-0.001714142857143032
19.436132,10.35517,4.591971,5.763199,-0.8441559999999999,-0.06020800000000026,-0.06029685714285714,-8.885714285687685e-05
19.439672,10.304643,4.594656,5.709987,-0.8946829999999988,-0.06289299999999987,-0.06390592857142849,-0.001012928571428623
19.442299,10.259754,4.598107,5.661647,-0.9395720000000001,-0.06634399999999996,-0.06711228571428572,-0.000768285714285763
19.445209,10.215365,4.600408,5.614957,-0.983960999999999,-0.06864500000000007,-0.0702829285714285,-0.0016379285714284292
19.448335,10.165676,4.60501,5.560665,-1.0336499999999997,-0.07324700000000028,-0.07383214285714283,-0.0005851428571425482
19.451629,10.120381,4.608462,5.511919,-1.0789449999999992,-0.07669900000000052,-0.07706749999999994,-0.00036849999999942484
19.455095,10.06919,4.610763,5.458427,-1.1301359999999985,-0.07900000000000063,-0.0807239999999999,-0.0017239999999992678
19.458141,10.017445,4.615748,5.401697,-1.1818809999999988,-0.0839850000000002,-0.08442007142857134,-0.000435071428571146
19.461268,9.979565,4.618049,5.361516,-1.219761,-0.0862860000000003,-0.08712578571428573,-0.0008397857142854182
19.464761,9.931963,4.621117,5.310846,-1.2673629999999996,-0.08935400000000016,-0.09052592857142853,-0.0011719285714283795
19.467689,9.889814,4.624952,5.264862,-1.3095119999999998,-0.09318900000000063,-0.09353657142857141,-0.00034757142857078094
19.470928,9.850891,4.627253,5.223638,-1.3484349999999985,-0.09548999999999985,-0.0963167857142856,-0.0008267857142857521
19.47461,9.796526,4.631855,5.164671,-1.4027999999999992,-0.10009200000000007,-0.10019999999999994,-0.00010799999999987209
19.478138,9.736804,4.634539,5.102265,-1.4625219999999999,-0.10277600000000042,-0.10446585714285714,-0.0016898571428567155
19.481134,9.69888,4.637224,5.061656,-1.5004459999999984,-0.10546100000000003,-0.10717471428571416,-0.001713714285714138
19.484334,9.651713,4.641442,5.010271,-1.5476129999999984,-0.10967899999999986,-0.1105437857142856,-0.0008647857142857346
19.487393,9.609701,4.644127,4.965574,-1.5896249999999998,-0.11236400000000035,-0.11354464285714284,-0.0011806428571424915
19.491081,9.566205,4.647195,4.91901,-1.6331209999999992,-0.1154320000000002,-0.11665149999999994,-0.0012194999999997347
19.493941,9.521095,4.651797,4.869298,-1.6782309999999985,-0.12003400000000042,-0.11987364285714275,0.00016035714285767
19.498767,9.448564,4.654481,4.794083,-1.750762,-0.12271799999999988,-0.12505442857142857,-0.0023364285714286837
19.500838,9.421911,4.6587,4.763212,-1.7774149999999995,-0.12693699999999986,-0.12695821428571424,-2.1214285714388215e-05
19.50455,9.367397,4.661768,4.70563,-1.8319289999999988,-0.1300050000000006,-0.13085207142857133,-0.0008470714285707392
19.508584,9.311674,4.664452,4.647222,-1.8876519999999992,-0.13268900000000006,-0.13483228571428565,-0.0021432857142855977
19.510842,9.290818,4.666753,4.624064,-1.9085079999999994,-0.13499000000000017,-0.13632199999999997,-0.0013319999999998056
19.513404,9.248481,4.669438,4.579044,-1.9508449999999993,-0.13767500000000066,-0.1393460714285714,-0.0016710714285707307
19.516182,9.210398,4.673656,4.536742,-1.9889279999999996,-0.1418930000000005,-0.14206628571428567,-0.0001732857142851818
19.519542,9.166793,4.67634,4.490452,-2.032532999999999,-0.14457699999999996,-0.1451809285714285,-0.0006039285714285469
19.522291,9.130141,4.678641,4.4515,-2.069184999999999,-0.14687800000000006,-0.1477989285714285,-0.0009209285714284476
19.525103,9.094383,4.681326,4.413057,-2.1049429999999987,-0.14956300000000056,-0.15035307142857132,-0.0007900714285707655
19.528442,9.050398,4.685544,4.364853,-2.1489279999999997,-0.1537810000000004,-0.15349485714285713,0.00028614285714326226
19.531687,9.007868,4.688229,4.319639,-2.191457999999999,-0.156466,-0.15653271428571422,-6.671428571422555e-05
19.534986,8.964381,4.69053,4.273851,-2.2349449999999997,-0.1587670000000001,-0.15963892857142856,-0.0008719285714284541
19.538027,8.914556,4.693214,4.221342,-2.28477,-0.16145100000000046,-0.16319785714285714,-0.0017468571428566892
19.540771,8.883601,4.697816,4.185785,-2.3157249999999987,-0.16605300000000067,-0.16540892857142847,0.0006440714285722016
19.544285,8.837284,4.700501,4.136784,-2.362041999999999,-0.16873800000000028,-0.16871728571428563,2.0714285714651393e-05
19.548677,8.783232,4.702802,4.080431,-2.4160939999999993,-0.17103900000000039,-0.17257814285714282,-0.0015391428571424337
19.550142,8.762835,4.705103,4.057733,-2.4364909999999984,-0.1733400000000005,-0.1740350714285713,-0.0006950714285708093
19.553761,8.720729,4.709321,4.011408,-2.478596999999999,-0.17755800000000033,-0.17704264285714277,0.0005153571428575532
19.556439,8.683759,4.711622,3.972137,-2.515566999999999,-0.17985900000000044,-0.17968335714285708,0.00017564285714335992
19.56054,8.638051,4.715073,3.922978,-2.5612749999999984,-0.18331000000000053,-0.18294821428571417,0.00036178571428635564
19.563008,8.599591,4.718141,3.88145,-2.599734999999999,-0.18637800000000038,-0.18569535714285706,0.0006826428571433119
19.56594,8.56658,4.720442,3.846138,-2.632745999999999,-0.18867900000000049,-0.18805328571428565,0.0006257142857148401
19.569058,8.530923,4.72236,3.808563,-2.6684029999999996,-0.19059700000000035,-0.19060021428571425,-3.2142857138983683e-06
19.571816,8.500081,4.724661,3.77542,-2.6992449999999995,-0.19289800000000046,-0.19280321428571426,9.478571428619964e-05
19.575413,8.457673,4.728496,3.729178,-2.7416529999999995,-0.19673300000000005,-0.1958323571428571,0.000900642857142947
19.578918,8.418656,4.730797,3.687859,-2.780669999999999,-0.19903400000000016,-0.19861928571428564,0.00041471428571451807
19.58146,8.382762,4.733098,3.649664,-2.8165639999999996,-0.20133500000000026,-0.20118314285714284,0.00015185714285742558
19.584816,8.342989,4.735399,3.60759,-2.856337,-0.20363600000000037,-0.20402407142857143,-0.00038807142857105736
19.58796,8.300469,4.73885,3.561619,-2.8988569999999996,-0.20708700000000047,-0.20706121428571425,2.57857142862139e-05
19.590796,8.275172,4.741151,3.534021,-2.9241539999999997,-0.20938800000000057,-0.20886814285714284,0.0005198571428577381
19.594708,8.232115,4.74537,3.486746,-2.967210999999999,-0.21360700000000055,-0.2119436428571428,0.0016633571428577576
19.597833,8.187136,4.746904,3.440233,-3.0121899999999986,-0.21514100000000003,-0.21515642857142847,-1.5428571428444116e-05
19.600761,8.161456,4.749205,3.412252,-3.03787,-0.21744200000000014,-0.2169907142857143,0.0004512857142858484
19.604089,8.122924,4.752272,3.370652,-3.076402,-0.22050899999999984,-0.219743,0.0007659999999998501
19.608927,8.07297,4.75419,3.31878,-3.1263559999999995,-0.2224270000000006,-0.22331114285714282,-0.0008841428571422227
19.610736,8.051157,4.757641,3.293516,-3.1481689999999993,-0.2258779999999998,-0.22486921428571424,0.0010087857142855594
19.614278,8.012358,4.759942,3.252416,-3.1869679999999985,-0.2281789999999999,-0.22764057142857133,0.0005384285714285786
19.617221,7.981426,4.76186,3.219567,-3.2178999999999993,-0.23009700000000066,-0.22984999999999994,0.00024700000000071887
19.620136,7.949142,4.764161,3.184982,-3.250183999999999,-0.23239799999999988,-0.23215599999999995,0.0002419999999999367
19.623078,7.918075,4.766078,3.151996,-3.2812509999999993,-0.2343150000000005,-0.23437507142857136,-6.007142857086811e-05
19.626189,7.885731,4.768763,3.116968,-3.3135949999999994,-0.2370000000000001,-0.2366853571428571,0.00031464285714299933
19.629609,7.851087,4.771064,3.080024,-3.3482389999999995,-0.2393010000000002,-0.23915992857142854,0.00014107142857167076
19.632438,7.822866,4.773365,3.049501,-3.376459999999999,-0.24160200000000032,-0.24117571428571422,0.00042628571428610096
19.635467,7.796486,4.774899,3.021587,-3.4028399999999994,-0.2431359999999998,-0.24305999999999997,7.59999999998262e-05
19.63887,7.769789,4.776433,2.993357,-3.429536999999999,-0.24467000000000017,-0.2449669285714285,-0.0002969285714283232
19.641648,7.741833,4.779501,2.962332,-3.4574929999999995,-0.247738,-0.24696378571428568,0.0007742142857143364
19.644761,7.711997,4.781418,2.930579,-3.487328999999999,-0.24965500000000063,-0.2490949285714285,0.0005600714285721176
19.648427,7.676723,4.782952,2.893771,-3.5226029999999993,-0.2511890000000001,-0.25161449999999996,-0.00042549999999985655
19.650637,7.654405,4.786404,2.868002,-3.5449209999999995,-0.25464100000000034,-0.25320864285714284,0.0014323571428574988
19.654522,7.621466,4.787554,2.833912,-3.5778599999999994,-0.2557910000000003,-0.25556142857142855,0.00022957142857177315
19.658627,7.578195,4.789855,2.78834,-3.621130999999999,-0.25809200000000043,-0.2586522142857142,-0.0005602142857137893
19.660163,7.561801,4.791005,2.770795,-3.6375249999999992,-0.2592420000000004,-0.25982321428571425,-0.000581214285713838
19.66355,7.532972,4.79369,2.739282,-3.6663539999999992,-0.261927,-0.2618824285714285,4.457142857150487e-05
19.66656,7.507828,4.795224,2.712604,-3.6914979999999993,-0.2634610000000004,-0.26367842857142854,-0.00021742857142814653
19.669723,7.481359,4.797525,2.683834,-3.717966999999999,-0.2657620000000005,-0.26556907142857133,0.00019292857142916287
19.672672,7.458309,4.798675,2.659634,-3.7410169999999994,-0.2669120000000005,-0.26721549999999994,-0.000303499999999457
19.67565,7.432837,4.800209,2.632628,-3.766488999999999,-0.26844599999999996,-0.2690349285714285,-0.0005889285714285597
19.678813,7.408946,4.802127,2.606819,-3.790379999999999,-0.2703639999999998,-0.2707414285714285,-0.0003774285714286951
19.681385,7.382573,4.804811,2.577762,-3.8167529999999994,-0.2730480000000002,-0.27262521428571423,0.0004227857142859448
19.68472,7.356145,4.806729,2.549416,-3.8431809999999995,-0.27496600000000004,-0.27451292857142856,0.0004530714285714832
19.68786,7.324395,4.808646,2.515749,-3.8749309999999992,-0.27688300000000066,-0.27678078571428566,0.00010221428571499658
19.690588,7.309526,4.809797,2.49973,-3.8897999999999993,-0.2780339999999999,-0.2778428571428571,0.00019114285714277868
19.693804,7.286292,4.810947,2.475345,-3.913033999999999,-0.2791839999999999,-0.2795024285714285,-0.00031842857142860836
19.697321,7.266382,4.812865,2.453517,-3.932943999999999,-0.28110200000000063,-0.28092457142857136,0.00017742857142927226
19.699694,7.245643,4.814782,2.430861,-3.953682999999999,-0.28301900000000035,-0.2824059285714285,0.0006130714285718653
19.70272,7.225096,4.8167,2.408396,-3.9742299999999995,-0.2849370000000002,-0.2838735714285714,0.001063428571428826
19.705784,7.204261,4.817467,2.386795,-3.9950649999999994,-0.28570399999999996,-0.28536178571428567,0.0003422142857142929
19.708746,7.181159,4.819001,2.362158,-4.018166999999999,-0.2872380000000003,-0.2870119285714285,0.00022607142857183904
19.711311,7.160126,4.821302,2.338824,-4.039199999999999,-0.28953900000000043,-0.28851428571428567,0.0010247142857147673
19.714729,7.134055,4.822836,2.311219,-4.065270999999999,-0.2910729999999999,-0.2903764999999999,0.0006964999999999888
19.718046,7.108301,4.823986,2.284315,-4.091024999999999,-0.2922229999999999,-0.29221607142857137,6.928571428532759e-06
19.72084,7.087668,4.826671,2.260997,-4.111657999999999,-0.2949080000000004,-0.2936898571428571,0.0012181428571432784
19.724872,7.06459,4.827438,2.237152,-4.134735999999999,-0.29567500000000013,-0.29533828571428566,0.0003367142857144678
19.728392,7.043779,4.828588,2.215191,-4.155546999999999,-0.2968250000000001,-0.29682478571428567,2.142857144504795e-07
19.731175,7.029019,4.830506,2.198514,-4.170306999999999,-0.298743,-0.2978790714285714,0.0008639285714285849
19.734717,7.015974,4.830889,2.185085,-4.183351999999999,-0.2991260000000002,-0.2988108571428571,0.00031514285714312473
19.737921,6.999153,4.831656,2.167497,-4.2001729999999995,-0.29989299999999997,-0.3000123571428571,-0.00011935714285715715
19.740761,6.989414,4.83319,2.156224,-4.209911999999999,-0.30142700000000033,-0.3007079999999999,0.0007190000000004138
19.744235,6.971597,4.833957,2.13764,-4.227728999999999,-0.3021940000000001,-0.3019806428571428,0.00021335714285725116
19.748765,6.948587,4.835491,2.113096,-4.250738999999999,-0.30372800000000044,-0.30362421428571423,0.00010378571428620864
19.750519,6.938254,4.837025,2.101229,-4.2610719999999995,-0.3052619999999999,-0.3043622857142857,0.000899714285714226
19.754269,6.917354,4.837792,2.079562,-4.281972,-0.30602900000000055,-0.3058551428571428,0.00017385714285772513
19.757734,6.890669,4.839709,2.050959,-4.308656999999999,-0.3079460000000003,-0.30776121428571424,0.00018478571428603985
19.760847,6.877419,4.84086,2.036559,-4.3219069999999995,-0.3090970000000004,-0.3087076428571428,0.0003893571428575937
19.764959,6.858414,4.842394,2.01602,-4.340911999999999,-0.3106309999999999,-0.3100651428571428,0.0005658571428570625
19.768697,6.846827,4.843161,2.003666,-4.352498999999999,-0.3113980000000005,-0.31089278571428564,0.0005052142857148723
19.771104,6.83398,4.843928,1.990052,-4.365345999999999,-0.31216500000000025,-0.3118104285714285,0.0003545714285717594
19.774379,6.82443,4.845078,1.979352,-4.374895999999999,-0.31331500000000023,-0.31249257142857134,0.0008224285714288904
19.778617,6.806626,4.845462,1.961164,-4.3927,-0.3136990000000006,-0.31376428571428566,-6.528571428504604e-05
19.781327,6.801099,4.846612,1.954487,-4.398226999999999,-0.3148490000000006,-0.3141590714285714,0.0006899285714291881
19.784057,6.788532,4.846612,1.941919,-4.410793999999999,-0.3148490000000006,-0.31505671428571425,-0.00020771428571364492
19.788602,6.780014,4.847379,1.932635,-4.419311999999999,-0.31561600000000034,-0.31566514285714276,-4.914285714241462e-05
19.790147,6.776379,4.848146,1.928233,-4.422946999999999,-0.3163830000000001,-0.3159247857142856,0.00045821428571446443
19.793991,6.770279,4.848146,1.922133,-4.429046999999999,-0.3163830000000001,-0.31636049999999993,2.2500000000147402e-05
19.79692,6.762297,4.848913,1.913383,-4.437028999999999,-0.3171499999999998,-0.3169306428571428,0.00021935714285703511
19.801517,6.756339,4.848913,1.907426,-4.442987,-0.3171499999999998,-0.31735621428571426,-0.00020621428571443445
19.803089,6.751017,4.84968,1.901337,-4.448308999999999,-0.31791700000000045,-0.3177363571428571,0.00018064285714336492
19.806618,6.741109,4.850447,1.890662,-4.458216999999999,-0.3186840000000002,-0.3184440714285714,0.00023992857142879354
19.809655,6.730607,4.851214,1.879392,-4.468718999999999,-0.31945099999999993,-0.3191942142857142,0.0002567857142857233
19.812454,6.722196,4.851598,1.870598,-4.477129999999999,-0.3198350000000003,-0.31979499999999994,4.000000000037307e-05
19.815387,6.711331,4.852748,1.858583,-4.487994999999999,-0.3209850000000003,-0.32057107142857133,0.00041392857142896755
19.818853,6.705478,4.853132,1.852346,-4.493847999999999,-0.3213689999999998,-0.3209891428571428,0.00037985714285698746
19.821309,6.701875,4.853515,1.84836,-4.497450999999999,-0.32175200000000004,-0.32124649999999993,0.0005055000000001031
19.824777,6.697582,4.853515,1.844067,-4.5017439999999995,-0.32175200000000004,-0.3215531428571428,0.00019885714285722278
19.827864,6.693338,4.853899,1.839439,-4.505987999999999,-0.3221360000000004,-0.32185628571428565,0.00027971428571477164
19.830708,6.691674,4.854282,1.837392,-4.507651999999999,-0.32251900000000067,-0.3219751428571428,0.0005438571428578731
19.834137,6.689397,4.854282,1.835114,-4.509929,-0.32251900000000067,-0.3221377857142857,0.0003812142857149703
19.839034,6.687516,4.854282,1.833234,-4.51181,-0.32251900000000067,-0.32227214285714284,0.0002468571428578259
19.840217,6.68652,4.853899,1.832621,-4.512805999999999,-0.3221360000000004,-0.32234328571428567,-0.00020728571428524356
19.843483,6.68528,4.854282,1.830998,-4.514046,-0.32251900000000067,-0.3224318571428571,8.714285714356285e-05
19.846406,6.685702,4.854282,1.83142,-4.513623999999999,-0.32251900000000067,-0.32240171428571424,0.00011728571428643031
19.849774,6.684763,4.854282,1.830481,-4.514562999999999,-0.32251900000000067,-0.32246878571428567,5.0214285715000084e-05
19.852437,6.685199,4.854666,1.830533,-4.514126999999999,-0.32290300000000016,-0.3224376428571428,0.00046535714285733665
19.855454,6.684831,4.854666,1.830165,-4.514494999999999,-0.32290300000000016,-0.3224639285714285,0.0004390714285716357
19.858737,6.685456,4.854282,1.831174,-4.513869999999999,-0.32251900000000067,-0.32241928571428563,9.971428571503571e-05
19.861719,6.685355,4.854282,1.831073,-4.513970999999999,-0.32251900000000067,-0.3224264999999999,9.250000000077252e-05
19.864761,6.685899,4.853899,1.832,-4.513426999999999,-0.3221360000000004,-0.3223876428571428,-0.00025164285714235346
19.86909,6.686116,4.854282,1.831834,-4.513209999999999,-0.32251900000000067,-0.3223721428571428,0.00014685714285789242
19.870333,6.686314,4.854282,1.832031,-4.513011999999999,-0.32251900000000067,-0.3223579999999999,0.00016100000000074388
19.873989,6.687024,4.853899,1.833125,-4.512301999999999,-0.3221360000000004,-0.32230728571428563,-0.00017128571428520756
19.878676,6.687982,4.854282,1.8337,-4.511343999999999,-0.32251900000000067,-0.3222388571428571,0.0002801428571435616
19.880636,6.688949,4.853899,1.83505,-4.510376999999999,-0.3221360000000004,-0.3221697857142857,-3.378571428525046e-05
19.88368,6.689579,4.854282,1.835296,-4.509746999999999,-0.32251900000000067,-0.32212478571428566,0.00039421428571501105
19.886841,6.690626,4.853899,1.836728,-4.508699999999999,-0.3221360000000004,-0.32204999999999995,8.600000000047459e-05
19.889967,6.692162,4.853515,1.838647,-4.5071639999999995,-0.32175200000000004,-0.3219402857142857,-0.0001882857142856409
19.892939,6.693802,4.853899,1.839903,-4.505523999999999,-0.3221360000000004,-0.3218231428571428,0.00031285714285761435
19.896189,6.696391,4.853899,1.842492,-4.502934999999999,-0.3221360000000004,-0.3216382142857142,0.0004977857142862141
19.8997,6.6984,4.853515,1.844885,-4.500925999999999,-0.32175200000000004,-0.3214947142857142,0.0002572857142858487
19.90228,6.700614,4.853515,1.847099,-4.498711999999999,-0.32175200000000004,-0.32133657142857136,0.0004154285714286776
19.905574,6.703619,4.853132,1.850487,-4.4957069999999995,-0.3213689999999998,-0.3211219285714285,0.0002470714285712772
19.908819,6.70647,4.852748,1.853721,-4.492855999999999,-0.3209850000000003,-0.32091828571428566,6.671428571464189e-05
19.911599,6.709253,4.853132,1.856121,-4.490072999999999,-0.3213689999999998,-0.32071949999999994,0.0006494999999998585
19.914906,6.714589,4.851981,1.862608,-4.484736999999999,-0.32021800000000056,-0.3203383571428571,-0.00012035714285651977
19.917936,6.724602,4.851598,1.873004,-4.474723999999999,-0.3198350000000003,-0.31962314285714283,0.00021185714285748558
19.920619,6.729497,4.851214,1.878283,-4.469828999999999,-0.31945099999999993,-0.31927349999999993,0.0001774999999999971
19.924161,6.733425,4.850831,1.882594,-4.465900999999999,-0.3190680000000006,-0.31899292857142847,7.507142857210436e-05
19.928738,6.737028,4.850447,1.886581,-4.462298,-0.3186840000000002,-0.3187355714285714,-5.157142857120656e-05
19.930306,6.738888,4.850831,1.888058,-4.460437999999999,-0.3190680000000006,-0.31860271428571424,0.00046528571428633425
19.933654,6.740834,4.850447,1.890387,-4.458491999999999,-0.3186840000000002,-0.3184637142857142,0.00022028571428600596
19.936622,6.74447,4.850064,1.894406,-4.4548559999999995,-0.31830099999999995,-0.318204,9.699999999995823e-05
19.939698,6.750699,4.84968,1.901019,-4.448626999999999,-0.31791700000000045,-0.31775907142857135,0.0001579285714291001
19.942602,6.757157,4.849297,1.90786,-4.442168999999999,-0.3175340000000002,-0.31729778571428563,0.00023621428571457548
19.945539,6.765614,4.848913,1.916701,-4.433711999999999,-0.3171499999999998,-0.3166937142857142,0.00045628571428563136
19.949062,6.779997,4.847763,1.932235,-4.419328999999999,-0.31599999999999984,-0.3156663571428571,0.000333642857142713
19.951577,6.79075,4.846996,1.943754,-4.408575999999999,-0.3152330000000001,-0.31489828571428563,0.0003347142857144658
19.95487,6.807526,4.845845,1.961681,-4.391799999999999,-0.314082,-0.3136999999999999,0.00038200000000004897
19.95787,6.824293,4.844311,1.979981,-4.375032999999999,-0.3125480000000005,-0.31250235714285707,4.56428571434242e-05
19.960779,6.833153,4.843928,1.989226,-4.366172999999999,-0.31216500000000025,-0.3118694999999999,0.00029550000000033716
19.964315,6.842281,4.843544,1.998737,-4.357044999999999,-0.31178099999999986,-0.3112175,0.0005634999999998835
19.967232,6.851765,4.842394,2.009371,-4.347560999999999,-0.3106309999999999,-0.3105400714285714,9.092857142850574e-05
19.970796,6.859376,4.84201,2.017366,-4.339949999999999,-0.3102470000000004,-0.3099964285714285,0.0002505714285718774
19.97371,6.868943,4.841243,2.027699,-4.330382999999999,-0.30948000000000064,-0.3093130714285714,0.00016692857142924789
19.976796,6.881963,4.840093,2.04187,-4.317362999999999,-0.30833000000000066,-0.3083830714285714,-5.307142857075009e-05
19.979708,6.893149,4.839709,2.053439,-4.306176999999999,-0.3079460000000003,-0.30758407142857136,0.00036192857142891555
19.982623,6.907811,4.838559,2.069252,-4.2915149999999995,-0.3067960000000003,-0.30653678571428566,0.00025921428571462624
19.985692,6.921636,4.837408,2.084227,-4.277689999999999,-0.30564500000000017,-0.30554928571428563,9.571428571453211e-05
19.988907,6.936035,4.836641,2.099394,-4.263290999999999,-0.3048780000000004,-0.30452078571428565,0.00035721428571477976
19.991793,6.948581,4.835491,2.11309,-4.250744999999999,-0.30372800000000044,-0.3036246428571428,0.00010335714285764075
19.995017,6.963169,4.834724,2.128446,-4.2361569999999995,-0.3029609999999998,-0.3025826428571428,0.00037835714285699984
19.998061,6.982504,4.832806,2.149697,-4.216822,-0.30104299999999995,-0.3012015714285714,-0.00015857142857145234
20.00095,6.997015,4.831272,2.165743,-4.202310999999999,-0.29950900000000047,-0.30016507142857135,-0.0006560714285708813
20.004913,7.020717,4.829739,2.190978,-4.178608999999999,-0.29797600000000024,-0.29847207142857135,-0.0004960714285711099
20.008056,7.045491,4.828972,2.216519,-4.153834999999999,-0.2972090000000005,-0.2967024999999999,0.0005065000000005759
20.01087,7.062055,4.827054,2.235001,-4.137270999999999,-0.29529100000000064,-0.2955193571428571,-0.00022835714285646125
20.014451,7.086883,4.825137,2.261747,-4.112442999999999,-0.293374,-0.2937459285714285,-0.00037192857142848146
20.018538,7.111337,4.823986,2.287351,-4.087988999999999,-0.2922229999999999,-0.29199921428571424,0.00022378571428566252
20.020987,7.126169,4.823219,2.30295,-4.073156999999999,-0.29145600000000016,-0.29093978571428564,0.0005162142857145224
20.024398,7.143731,4.821685,2.322046,-4.055594999999999,-0.2899220000000007,-0.2896853571428571,0.00023664285714358746
20.027708,7.169083,4.820535,2.348549,-4.030243,-0.2887719999999998,-0.2878745,0.000897499999999829
20.030431,7.180364,4.818617,2.361747,-4.018961999999999,-0.28685399999999994,-0.28706871428571423,-0.0002147142857142903
20.033723,7.20031,4.817467,2.382843,-3.9990159999999992,-0.28570399999999996,-0.28564399999999995,6.0000000000004494e-05
20.036684,7.218514,4.816316,2.402198,-3.9808119999999994,-0.28455299999999983,-0.28434371428571426,0.00020928571428557863
20.039641,7.238454,4.815166,2.423288,-3.9608719999999993,-0.28340299999999985,-0.28291942857142854,0.00048357142857130553
20.042649,7.261344,4.813632,2.447713,-3.937981999999999,-0.28186900000000037,-0.2812844285714285,0.0005845714285718784
20.04561,7.285666,4.812098,2.473568,-3.9136599999999993,-0.280335,-0.2795471428571428,0.0007878571428571735
20.048994,7.312512,4.809413,2.503099,-3.8868139999999993,-0.2776500000000004,-0.27762957142857136,2.0428571429031983e-05
20.051536,7.337833,4.807112,2.530721,-3.8614929999999994,-0.2753490000000003,-0.27582092857142854,-0.0004719285714282484
20.054905,7.367203,4.805195,2.562009,-3.8321229999999993,-0.27343200000000056,-0.2737230714285714,-0.0002910714285708216
20.058633,7.396846,4.804428,2.592419,-3.802479999999999,-0.27266499999999994,-0.27160571428571423,0.001059285714285707
20.06116,7.420142,4.800976,2.619166,-3.779183999999999,-0.2692130000000006,-0.26994171428571423,-0.0007287142857136386
20.064642,7.446358,4.799826,2.646532,-3.752967999999999,-0.2680630000000006,-0.2680691428571428,-6.142857142177327e-06
20.069201,7.474259,4.797141,2.677118,-3.7250669999999992,-0.2653780000000001,-0.2660762142857142,-0.0006982142857140938
20.070662,7.492349,4.795991,2.696358,-3.7069769999999993,-0.26422800000000013,-0.26478407142857135,-0.0005560714285712254
20.074393,7.520488,4.79484,2.725648,-3.678837999999999,-0.263077,-0.2627741428571428,0.00030285714285721577
20.078646,7.558229,4.79369,2.764539,-3.6410969999999994,-0.261927,-0.2600783571428571,0.0018486428571429236
20.081049,7.578894,4.789472,2.789423,-3.620431999999999,-0.2577090000000002,-0.2586022857142857,-0.0008932857142854855
20.085171,7.621482,4.787554,2.833928,-3.577843999999999,-0.2557910000000003,-0.25556028571428563,0.00023071428571469488
20.088584,7.651289,4.785253,2.866036,-3.548036999999999,-0.2534900000000002,-0.2534312142857142,5.878571428602486e-05
20.091263,7.683146,4.782569,2.900577,-3.5161799999999994,-0.25080599999999986,-0.25115571428571426,-0.00034971428571439755
20.094684,7.715774,4.780651,2.935122,-3.4835519999999995,-0.248888,-0.24882514285714283,6.285714285717003e-05
20.09769,7.752791,4.779117,2.973674,-3.446534999999999,-0.24735400000000052,-0.24618107142857135,0.0011729285714291715
20.100637,7.770795,4.776049,2.994745,-3.4285309999999996,-0.24428600000000067,-0.2448950714285714,-0.0006090714285707233
20.104795,7.813825,4.774132,3.039693,-3.3855009999999996,-0.24236900000000006,-0.24182149999999997,0.0005475000000000896
20.108074,7.851874,4.771447,3.080427,-3.3474519999999997,-0.23968400000000045,-0.23910371428571425,0.0005802857142861995
20.110912,7.877185,4.768763,3.108422,-3.3221409999999993,-0.2370000000000001,-0.23729578571428567,-0.000295785714285568
20.114409,7.913455,4.767229,3.146226,-3.2858709999999993,-0.23546600000000062,-0.2347050714285714,0.0007609285714292313
20.118745,7.957796,4.764544,3.193252,-3.241529999999999,-0.23278100000000013,-0.23153785714285707,0.0012431428571430536
20.120898,7.980824,4.762627,3.218197,-3.218501999999999,-0.2308640000000004,-0.22989299999999993,0.0009710000000004715
20.12434,8.013986,4.760709,3.253277,-3.18534,-0.22894600000000054,-0.2275242857142857,0.0014217142857148313
20.128667,8.056216,4.758408,3.297808,-3.14311,-0.22664500000000043,-0.22450785714285715,0.0021371428571432816
20.130234,8.071608,4.75534,3.316267,-3.1277179999999998,-0.22357700000000058,-0.22340842857142856,0.00016857142857201746
20.133574,8.10856,4.753423,3.355137,-3.0907659999999986,-0.22165999999999997,-0.2207689999999999,0.0008910000000000584
20.13681,8.143369,4.750739,3.392631,-3.0559569999999994,-0.2189760000000005,-0.2182826428571428,0.0006933571428577034
20.139944,8.182481,4.746904,3.435578,-3.016845,-0.21514100000000003,-0.21548892857142857,-0.0003479285714285407
20.142779,8.214312,4.744603,3.469709,-2.9850139999999996,-0.21283999999999992,-0.2132152857142857,-0.0003752857142857724
20.146242,8.254123,4.742685,3.511438,-2.9452029999999993,-0.21092200000000005,-0.2103716428571428,0.0005503571428572551
20.149749,8.291677,4.739234,3.552443,-2.9076489999999993,-0.20747099999999996,-0.20768921428571424,-0.00021821428571427992
20.152477,8.327039,4.7377,3.58934,-2.872287,-0.20593700000000048,-0.20516335714285713,0.0007736428571433474
20.155508,8.360345,4.735015,3.62533,-2.8389809999999986,-0.203252,-0.20278435714285706,0.0004676428571429303
20.158636,8.395078,4.731947,3.663131,-2.8042479999999994,-0.20018400000000014,-0.20030342857142852,-0.00011942857142838159
20.158636,8.395078,4.729263,3.665816,-2.8042479999999994,-0.19750000000000068,-0.20030342857142852,-0.002803428571427846
20.164496,8.471353,4.726578,3.744775,-2.7279729999999986,-0.19481500000000018,-0.1948552142857142,-4.021428571401864e-05
20.16874,8.516296,4.723894,3.792402,-2.6830299999999987,-0.19213099999999983,-0.1916449999999999,0.00048599999999993093
20.171469,8.552874,4.720059,3.832815,-2.646452,-0.18829600000000024,-0.1890322857142857,-0.0007362857142854673
20.174856,8.592065,4.717758,3.874307,-2.6072609999999994,-0.18599500000000013,-0.18623292857142854,-0.00023792857142840296
20.177821,8.640398,4.714306,3.926091,-2.558928,-0.1825429999999999,-0.18278057142857143,-0.00023757142857153135
20.181037,8.667928,4.712389,3.955539,-2.5313979999999994,-0.18062600000000018,-0.1808141428571428,-0.0001881428571426369
20.184911,8.722075,4.709321,4.012754,-2.477250999999999,-0.17755800000000033,-0.17694649999999992,0.0006115000000004034
20.187943,8.768009,4.70702,4.060989,-2.431317,-0.17525700000000022,-0.1736655,0.0015915000000002177
20.190711,8.793373,4.703569,4.089805,-2.4059529999999985,-0.17180600000000013,-0.1718537857142856,-4.77857142854865e-05
20.194121,8.833896,4.700884,4.133012,-2.36543,-0.16912100000000052,-0.1689592857142857,0.00016171428571482016
20.197201,8.873366,4.6982,4.175166,-2.3259599999999985,-0.16643700000000017,-0.1661399999999999,0.00029700000000026927
20.200186,8.912082,4.695515,4.216566,-2.2872439999999994,-0.16375200000000056,-0.1633745714285714,0.00037742857142916697
20.203166,8.951292,4.692447,4.258845,-2.2480339999999988,-0.16068399999999983,-0.16057385714285705,0.00011014285714278094
20.206115,8.989868,4.688612,4.301256,-2.2094579999999997,-0.15684900000000024,-0.15781842857142855,-0.0009694285714283157
20.209866,9.03795,4.685928,4.352022,-2.161375999999999,-0.15416499999999989,-0.1543839999999999,-0.00021900000000002473
20.213661,9.087036,4.681326,4.40571,-2.11229,-0.14956300000000056,-0.15087785714285712,-0.0013148571428565625
20.217814,9.156852,4.678641,4.47821,-2.0424739999999986,-0.14687800000000006,-0.1458909999999999,0.0009870000000001544
20.221005,9.191286,4.675573,4.515712,-2.0080399999999994,-0.14381000000000022,-0.14343142857142852,0.0003785714285717001
20.223972,9.232032,4.672889,4.559143,-1.967293999999999,-0.14112599999999986,-0.14052099999999992,0.0006049999999999389
20.226861,9.272113,4.668671,4.603443,-1.927213,-0.13690800000000003,-0.13765807142857142,-0.0007500714285713916
20.23026,9.315351,4.665986,4.649365,-1.8839749999999995,-0.13422300000000043,-0.13456964285714282,-0.00034664285714239296
20.233132,9.357405,4.662918,4.694487,-1.8419209999999993,-0.13115500000000058,-0.13156578571428565,-0.0004107857142850724
20.236473,9.402448,4.659467,4.742982,-1.7968779999999995,-0.12770400000000048,-0.12834842857142853,-0.0006444285714280462
20.239825,9.446754,4.656782,4.789972,-1.752571999999999,-0.125019,-0.1251837142857142,-0.00016471428571421254
20.242972,9.491741,4.653331,4.83841,-1.707585,-0.1215679999999999,-0.12197035714285713,-0.000402357142857232
20.245967,9.535024,4.649496,4.885528,-1.6643019999999993,-0.11773300000000031,-0.11887871428571424,-0.0011457142857139307
20.249867,9.585378,4.646044,4.939333,-1.6139479999999988,-0.11428100000000008,-0.11528199999999991,-0.0010009999999998354
20.252967,9.628191,4.642593,4.985598,-1.571135,-0.11082999999999998,-0.11222392857142857,-0.0013939285714285876
20.256095,9.674026,4.639525,5.034501,-1.5252999999999997,-0.10776200000000014,-0.10894999999999998,-0.001187999999999842
20.259854,9.72161,4.63684,5.08477,-1.4777159999999991,-0.10507700000000053,-0.1055511428571428,-0.00047414285714227067
20.262325,9.763353,4.632238,5.131115,-1.4359729999999988,-0.10047500000000031,-0.10256949999999991,-0.0020944999999995967
20.265971,9.811907,4.629554,5.182353,-1.3874189999999995,-0.09779099999999996,-0.0991013571428571,-0.0013103571428571409
20.269228,9.858642,4.625336,5.233307,-1.3406839999999995,-0.09357300000000013,-0.09576314285714282,-0.002190142857142696
20.272026,9.902226,4.622651,5.279575,-1.2970999999999986,-0.09088800000000052,-0.0926499999999999,-0.0017619999999993752
20.275557,9.95284,4.619583,5.333256,-1.246485999999999,-0.08782000000000068,-0.08903471428571422,-0.0012147142857135418
20.27858,9.99482,4.616515,5.378305,-1.2045059999999985,-0.08475199999999994,-0.08603614285714276,-0.001284142857142817
20.281276,10.038907,4.612297,5.42661,-1.1604189999999992,-0.0805340000000001,-0.08288707142857137,-0.00235307142857126
20.284878,10.092359,4.609996,5.482363,-1.1069669999999991,-0.078233,-0.07906907142857136,-0.0008360714285713666
20.288952,10.145954,4.605394,5.54056,-1.0533719999999995,-0.07363100000000067,-0.07524085714285711,-0.0016098571428564412
20.291871,10.192622,4.602326,5.590296,-1.0067039999999992,-0.07056299999999993,-0.07190742857142851,-0.0013444285714285797
20.295154,10.242433,4.599258,5.643175,-0.9568929999999991,-0.06749500000000008,-0.06834949999999994,-0.0008544999999998554
20.298281,10.286973,4.595039,5.691934,-0.9123529999999995,-0.06327600000000011,-0.0651680714285714,-0.0018920714285712847
20.301274,10.329233,4.591971,5.737262,-0.8700929999999989,-0.06020800000000026,-0.06214949999999992,-0.0019414999999996588
20.304897,10.379037,4.589671,5.789366,-0.8202889999999989,-0.05790800000000029,-0.058592071428571355,-0.000684071428571062
20.308054,10.433579,4.586219,5.847359,-0.7657469999999993,-0.05445600000000006,-0.05469621428571424,-0.00024021428571417702
20.31088,10.467896,4.581617,5.886279,-0.7314299999999996,-0.04985399999999984,-0.05224499999999997,-0.002391000000000129
20.31431,10.520992,4.578933,5.94206,-0.6783339999999995,-0.04717000000000038,-0.04845242857142854,-0.0012824285714281639
20.318726,10.587111,4.576248,6.010863,-0.6122149999999991,-0.044484999999999886,-0.04372964285714279,0.0007553571428570924
20.320342,10.615251,4.571646,6.043605,-0.5840749999999986,-0.03988300000000056,-0.041719642857142754,-0.001836642857142197
20.324212,10.670718,4.568962,6.101756,-0.5286079999999984,-0.037199000000000204,-0.03775771428571417,-0.0005587142857139682
20.327675,10.736949,4.563593,6.173356,-0.46237700000000004,-0.03183000000000025,-0.033026928571428575,-0.0011969285714283281
20.330359,10.765574,4.560141,6.205432,-0.43375199999999836,-0.028378000000000014,-0.030982285714285598,-0.0026042857142855834
20.333975,10.81928,4.55784,6.26144,-0.3800460000000001,-0.026076999999999906,-0.027146142857142865,-0.0010691428571429594
20.337049,10.862751,4.554389,6.308362,-0.33657499999999985,-0.022625999999999813,-0.02404107142857142,-0.0014150714285716057
20.339979,10.90937,4.552471,6.356899,-0.2899560000000001,-0.02070799999999995,-0.020711142857142865,-3.1428571429167884e-06
20.342892,10.953197,4.548253,6.404944,-0.24612899999999982,-0.016490000000000116,-0.017580642857142843,-0.0010906428571427276
20.346201,11.002327,4.545185,6.457142,-0.19699899999999992,-0.013422000000000267,-0.014071357142857137,-0.0006493571428568701
20.349634,11.053856,4.541734,6.512122,-0.14546999999999954,-0.009971000000000174,-0.010390714285714253,-0.000419714285714079
20.352257,11.094964,4.537515,6.557449,-0.10436200000000007,-0.005752000000000201,-0.007454428571428576,-0.0017024285714283749
20.355211,11.139991,4.534447,6.605544,-0.05933499999999903,-0.0026840000000003528,-0.004238214285714216,-0.001554214285713863
20.358618,11.185382,4.530612,6.65477,-0.013943999999998624,0.0011510000000001241,-0.0009959999999999017,-0.0021470000000000256
20.36102,11.226749,4.528311,6.698438,0.02742300000000064,0.0034519999999993445,0.00195878571428576,-0.0014932142857135844
20.364162,11.274196,4.525243,6.748952,0.07487000000000066,0.006520000000000081,0.00534785714285719,-0.0011721428571428915
20.36707,11.319179,4.522175,6.797004,0.11985300000000088,0.00958799999999993,0.008560928571428634,-0.0010270714285712957
20.369923,11.363048,4.518724,6.844324,0.16372199999999992,0.013039000000000023,0.011694428571428566,-0.001344571428571457
20.372872,11.408011,4.516423,6.891588,0.2086850000000009,0.015340000000000131,0.014906071428571492,-0.0004339285714286389
20.375883,11.453986,4.511437,6.942548,0.2546600000000012,0.020325999999999844,0.018190000000000088,-0.002135999999999756
20.379128,11.503896,4.507986,6.99591,0.30457,0.023776999999999937,0.021755,-0.002021999999999937
20.382002,11.550718,4.504535,7.046183,0.3513920000000006,0.02722800000000003,0.025099428571428613,-0.002128571428571417
20.385265,11.599675,4.502234,7.097441,0.4003490000000003,0.02952900000000014,0.028596357142857163,-0.0009326428571429755
20.388304,11.649082,4.499166,7.149916,0.4497560000000007,0.03259699999999999,0.032125428571428624,-0.0004715714285713629
20.391045,11.688803,4.494947,7.193856,0.48947700000000083,0.03681599999999996,0.034962642857142914,-0.0018533571428570456
20.394653,11.74097,4.491879,7.249091,0.5416440000000016,0.03988399999999981,0.038688857142857254,-0.0011951428571425546
20.398213,11.800089,4.487277,7.312811,0.6007630000000006,0.044486000000000026,0.0429116428571429,-0.0015743571428571274
20.401105,11.838612,4.484209,7.354403,0.6392860000000002,0.047553999999999874,0.04566328571428573,-0.0018907142857141415
20.404527,11.889629,4.481141,7.408488,0.6903030000000001,0.05062199999999972,0.04930735714285715,-0.00131464285714257
20.408643,11.949839,4.476923,7.472916,0.7505130000000015,0.054839999999999556,0.05360807142857154,-0.0012319285714280162
20.410694,11.979708,4.472704,7.507004,0.7803820000000012,0.05905899999999953,0.055741571428571515,-0.0033174285714280133
20.414803,12.043587,4.469637,7.57395,0.8442610000000013,0.062126000000000126,0.060304357142857236,-0.0018216428571428897
20.418025,12.101491,4.466185,7.635305,0.9021650000000001,0.06557799999999947,0.06444035714285715,-0.0011376428571423236
20.420715,12.13553,4.463117,7.672413,0.936204,0.0686460000000002,0.06687171428571428,-0.0017742857142859225
20.424001,12.183233,4.459666,7.723568,0.9839070000000003,0.07209699999999941,0.07027907142857145,-0.001817928571427957
20.426944,12.227299,4.455447,7.771852,1.0279730000000011,0.07631599999999938,0.07342664285714294,-0.002889357142856444
20.429956,12.272113,4.452379,7.819734,1.072787,0.07938400000000012,0.07662764285714285,-0.0027563571428572686
20.433012,12.317564,4.449311,7.868253,1.1182380000000016,0.08245199999999997,0.07987414285714298,-0.002577857142856993
20.436108,12.366432,4.44586,7.920572,1.1671060000000004,0.08590300000000006,0.08336471428571432,-0.002538285714285743
20.439533,12.417345,4.443175,7.97417,1.218019,0.08858799999999967,0.08700135714285714,-0.0015866428571425228
20.442131,12.456318,4.43819,8.018128,1.2569920000000003,0.09357300000000013,0.08978514285714288,-0.0037878571428572455
20.445047,12.499656,4.435505,8.06415,1.3003300000000007,0.09625799999999973,0.09288071428571433,-0.0033772857142854024
20.448271,12.54644,4.432821,8.113619,1.3471140000000013,0.09894200000000009,0.09622242857142867,-0.0027195714285714184
20.451092,12.58533,4.43052,8.15481,1.3860040000000016,0.1012430000000002,0.09900028571428583,-0.0022427142857143617
20.454616,12.635046,4.425918,8.209128,1.4357200000000017,0.10584499999999952,0.1025514285714287,-0.0032935714285708267
20.458871,12.696074,4.423234,8.272841,1.4967480000000002,0.10852899999999988,0.10691057142857144,-0.0016184285714284374
20.460737,12.727407,4.418632,8.308775,1.5280810000000002,0.11313100000000009,0.10914864285714287,-0.003982357142857218
20.464294,12.776628,4.416331,8.360297,1.5773020000000013,0.1154320000000002,0.11266442857142867,-0.002767571428571536
20.46733,12.821149,4.412879,8.40827,1.621823000000001,0.11888399999999955,0.11584450000000006,-0.003039499999999487
20.470067,12.867814,4.410195,8.45762,1.668488,0.1215679999999999,0.11917771428571429,-0.0023902857142856088
20.473688,12.912712,4.406743,8.505968,1.7133860000000016,0.12502000000000013,0.1223847142857144,-0.002635285714285729
20.47641,12.954245,4.404059,8.550186,1.754919000000001,0.1277039999999996,0.12535135714285722,-0.002352642857142373
20.479743,12.995361,4.39984,8.595521,1.7960350000000016,0.13192299999999957,0.1282882142857144,-0.0036347857142851603
20.482495,13.037156,4.396772,8.640383,1.8378300000000003,0.13499099999999942,0.13127357142857146,-0.0037174285714279554
20.485677,13.081114,4.393321,8.687793,1.8817880000000002,0.1384419999999995,0.1344134285714286,-0.0040285714285709096
20.488975,13.126942,4.39102,8.735922,1.9276160000000004,0.14074299999999962,0.13768685714285717,-0.003056142857142452
20.491697,13.167544,4.386418,8.781126,1.9682180000000002,0.14534499999999984,0.14058700000000002,-0.004757999999999818
20.49509,13.217315,4.384501,8.832814,2.017989,0.14726199999999956,0.14414207142857144,-0.003119928571428121
20.498588,13.259469,4.381433,8.878037,2.060143,0.1503299999999994,0.14715307142857142,-0.003176928571427984
20.501163,13.300091,4.377981,8.92211,2.100765000000001,0.15378199999999964,0.15005464285714293,-0.003727357142856713
20.504963,13.348914,4.375297,8.973617,2.1495880000000014,0.156466,0.1535420000000001,-0.002923999999999899
20.507888,13.404308,4.372229,9.032079,2.204982000000001,0.15953399999999984,0.15749871428571435,-0.0020352857142854897
20.510693,13.431798,4.368777,9.063021,2.2324720000000013,0.16298600000000008,0.1594622857142858,-0.003523714285714269
20.514101,13.479673,4.366093,9.113581,2.280347000000001,0.16566999999999954,0.16288192857142864,-0.002788071428570904
20.518687,13.53872,4.363408,9.175311,2.3393940000000004,0.16835500000000003,0.16709957142857146,-0.001255428571428574
20.520247,13.560179,4.360724,9.199455,2.3608530000000005,0.1710389999999995,0.16863235714285718,-0.002406642857142316
20.523597,13.603746,4.356889,9.246857,2.40442,0.17487399999999997,0.1717442857142857,-0.0031297142857142635
20.526406,13.64469,4.354204,9.290486,2.4453640000000014,0.17755899999999958,0.17466885714285724,-0.0028901428571423415
20.529706,13.685347,4.35152,9.333827,2.486021000000001,0.18024299999999993,0.17757292857142865,-0.0026700714285712857
20.532967,13.731129,4.347302,9.383828,2.531803,0.18446099999999976,0.18084307142857142,-0.0036179285714283416
20.536184,13.769961,4.344617,9.425344,2.570635000000001,0.18714599999999937,0.1836167857142858,-0.0035292142857135667
20.539568,13.812086,4.3427,9.469386,2.6127600000000015,0.18906299999999998,0.1866257142857144,-0.0024372857142855864
20.542277,13.847809,4.340399,9.507411,2.6484830000000006,0.1913640000000001,0.1891773571428572,-0.002186642857142901
20.54534,13.886978,4.336947,9.550031,2.687652,0.19481599999999943,0.19197514285714284,-0.00284085714285659
20.548827,13.928226,4.333879,9.594347,2.728900000000001,0.19788400000000017,0.19492142857142866,-0.002962571428571509
20.551847,13.97265,4.331578,9.641072,2.7733240000000006,0.2001849999999994,0.19809457142857148,-0.0020904285714279103
20.554849,14.009871,4.328894,9.680977,2.810545000000001,0.20286899999999974,0.20075321428571438,-0.002115785714285362
20.557989,14.054865,4.325826,9.729039,2.8555390000000003,0.2059369999999996,0.20396707142857146,-0.0019699285714281367
20.561066,14.084152,4.323141,9.76101,2.8848260000000003,0.20862200000000009,0.20605900000000002,-0.0025630000000000652
20.564765,14.130519,4.32084,9.809678,2.9311930000000004,0.2109230000000002,0.2093709285714286,-0.001552071428571583
20.569386,14.178414,4.317389,9.861025,2.979088000000001,0.2143739999999994,0.21279200000000006,-0.001581999999999334
20.570554,14.206289,4.314704,9.891584,3.0069630000000007,0.2170589999999999,0.21478307142857148,-0.002275928571428415
20.574145,14.246439,4.31202,9.934419,3.0471130000000013,0.21974299999999936,0.21765092857142868,-0.00209207142857068
20.578912,14.281339,4.310103,9.971236,3.082013,0.22165999999999997,0.2201437857142857,-0.0015162142857142735
20.580219,14.317326,4.307035,10.010291,3.1180000000000003,0.22472799999999982,0.22271428571428573,-0.002013714285714091
20.583539,14.352831,4.30435,10.04848,3.153505000000001,0.22741299999999942,0.2252503571428572,-0.0021626428571422107
20.586733,14.390302,4.302049,10.088253,3.190976000000001,0.22971399999999953,0.2279268571428572,-0.001787142857142321
20.589672,14.426766,4.300132,10.126634,3.2274400000000014,0.23163100000000014,0.23053142857142866,-0.0010995714285714775
20.59268,14.461409,4.296297,10.165112,3.2620830000000005,0.23546599999999973,0.2330059285714286,-0.002460071428571131
20.595581,14.496044,4.293996,10.202048,3.2967180000000003,0.23776699999999984,0.23547985714285716,-0.002287142857142682
20.599101,14.535454,4.292462,10.242992,3.3361280000000004,0.23930099999999932,0.23829485714285717,-0.0010061428571421505
20.601794,14.565729,4.290161,10.275568,3.366403,0.24160199999999943,0.24045735714285715,-0.001144642857142275
20.60516,14.600092,4.286709,10.313383,3.400766000000001,0.24505399999999966,0.2429118571428572,-0.002142142857142454
20.60823,14.635828,4.284408,10.351419,3.436502000000001,0.24735499999999977,0.24546442857142864,-0.0018905714285711306
20.611198,14.666212,4.282491,10.383721,3.4668860000000006,0.2492719999999995,0.24763471428571432,-0.0016372857142851749
20.614553,14.703082,4.28019,10.422892,3.503756000000001,0.2515729999999996,0.2502682857142858,-0.001304714285713826
20.618554,14.746908,4.277122,10.469786,3.5475820000000002,0.25464099999999945,0.2533987142857143,-0.0012422857142851407
20.620046,14.766477,4.275204,10.491272,3.567151000000001,0.2565590000000002,0.25479650000000004,-0.0017625000000001667
20.623739,14.799357,4.27367,10.525686,3.6000310000000013,0.2580929999999997,0.2571450714285715,-0.0009479285714281693
20.62671,14.828285,4.271753,10.556532,3.628959,0.2600099999999994,0.25921135714285715,-0.0007986428571422621
20.629811,14.856271,4.269452,10.586819,3.6569450000000003,0.2623109999999995,0.2612103571428572,-0.0011006428571423421
20.63274,14.884449,4.266768,10.617682,3.685123000000001,0.26499499999999987,0.2632230714285715,-0.0017719285714283828
20.635738,14.915405,4.26485,10.650554,3.7160790000000006,0.26691299999999973,0.26543421428571434,-0.001478785714285391
20.638986,14.949419,4.262933,10.686486,3.7500930000000015,0.26882999999999946,0.2678637857142858,-0.0009662142857136402
20.642004,14.980644,4.259865,10.720779,3.7813180000000006,0.2718980000000002,0.2700941428571429,-0.0018038571428573014
20.6452,15.013003,4.257564,10.755439,3.813677,0.2741989999999994,0.2724055,-0.0017934999999993928
20.648442,15.04566,4.25603,10.78963,3.8463340000000006,0.2757329999999998,0.2747381428571429,-0.0009948571428569086
20.651165,15.070331,4.254496,10.815835,3.8710050000000003,0.27726700000000015,0.27650035714285714,-0.0007666428571430073
20.654771,15.098748,4.251811,10.846937,3.8994220000000013,0.27995199999999976,0.27853014285714295,-0.0014218571428568083
20.658456,15.133378,4.249894,10.883484,3.934052000000001,0.2818689999999995,0.28100371428571436,-0.0008652857142851245
20.660286,15.15194,4.247976,10.903964,3.9526140000000005,0.28378699999999935,0.28232957142857146,-0.0014574285714278878
20.664229,15.18265,4.246826,10.935824,3.9833240000000014,0.28493699999999933,0.284523142857143,-0.00041385714285635533
20.667123,15.208933,4.243374,10.965558,4.009607000000001,0.28838899999999956,0.28640050000000006,-0.0019884999999995046
20.670291,15.238375,4.242224,10.996151,4.039049,0.28953899999999955,0.2885035,-0.001035499999999523
20.673745,15.264492,4.240306,11.024185,4.065166000000001,0.2914569999999994,0.2903690000000001,-0.0010879999999993117
20.676744,15.290791,4.238005,11.052785,4.091465000000001,0.2937579999999995,0.2922475000000001,-0.001510499999999415
20.679718,15.314229,4.236471,11.077758,4.114903,0.2952919999999999,0.29392164285714284,-0.0013703571428570482
20.682775,15.336235,4.235704,11.100531,4.136909000000001,0.29605899999999963,0.2954935000000001,-0.0005654999999995525
20.685719,15.357814,4.23417,11.123644,4.158488,0.297593,0.29703485714285716,-0.0005581428571428404
20.688984,15.381759,4.232636,11.149122,4.182433000000001,0.2991269999999995,0.2987452142857144,-0.0003817857142850989
20.691694,15.403159,4.230336,11.172824,4.203833000000001,0.30142699999999945,0.3002737857142858,-0.001153214285713633
20.695478,15.431704,4.227651,11.204053,4.232378000000001,0.30411199999999994,0.3023127142857143,-0.0017992857142856145
20.699021,15.460378,4.226501,11.233878,4.261052000000001,0.3052619999999999,0.3043608571428572,-0.0009011428571427116
20.701905,15.484917,4.224967,11.259951,4.285591,0.3067959999999994,0.3061136428571429,-0.0006823571428565267
20.704879,15.506257,4.223433,11.282824,4.3069310000000005,0.30832999999999977,0.30763792857142863,-0.0006920714285711393
20.70796,15.530553,4.221899,11.308655,4.331227,0.30986400000000014,0.30937335714285713,-0.0004906428571430088
20.71103,15.545194,4.219981,11.325212,4.345868000000001,0.311782,0.31041914285714295,-0.0013628571428570546
20.714971,15.570853,4.218064,11.35279,4.371527,0.31369899999999973,0.3122519285714286,-0.001447071428571145
20.718248,15.590149,4.216913,11.373236,4.390823000000001,0.31484999999999985,0.31363021428571436,-0.0012197857142854929
20.721035,15.60335,4.215763,11.387587,4.4040240000000015,0.31599999999999984,0.31457314285714294,-0.0014268571428568966
20.725015,15.621693,4.214996,11.406698,4.422367000000001,0.3167669999999996,0.31588335714285726,-0.0008836428571423194
20.728001,15.645482,4.213078,11.432404,4.446156,0.31868499999999944,0.31758257142857144,-0.0011024285714280047
20.731429,15.663753,4.211544,11.452209,4.464427000000001,0.3202189999999998,0.3188876428571429,-0.001331357142856926
20.735085,15.687156,4.210394,11.476762,4.487830000000001,0.3213689999999998,0.32055928571428577,-0.0008097142857140249
20.738395,15.707927,4.209243,11.498684,4.5086010000000005,0.3225199999999999,0.32204292857142863,-0.00047707142857128515
20.741191,15.725647,4.206942,11.518705,4.526321000000001,0.324821,0.32330864285714295,-0.0015123571428570792
20.744669,15.745645,4.205792,11.539853,4.546319,0.325971,0.32473707142857144,-0.0012339285714285664
20.747886,15.767738,4.205025,11.562713,4.568412,0.32673799999999975,0.32631514285714286,-0.0004228571428568917
20.750539,15.778998,4.204258,11.57474,4.579672,0.3275049999999995,0.3271194285714286,-0.00038557142857087445
20.753954,15.792877,4.203491,11.589387,4.5935510000000015,0.3282720000000001,0.3281107857142858,-0.00016121428571430618
20.756814,15.809757,4.201573,11.608184,4.610431,0.33019,0.3293165,-0.0008734999999999715
20.760164,15.81731,4.20119,11.61612,4.617984000000002,0.33057299999999934,0.3298560000000001,-0.000716999999999246
20.763278,15.83413,4.200423,11.633707,4.634804000000001,0.33133999999999997,0.3310574285714286,-0.0002825714285713543
20.766422,15.838931,4.199656,11.639275,4.639605000000001,0.3321069999999997,0.33140035714285726,-0.0007066428571424477
20.766422,15.838931,4.199272,11.639659,4.639605000000001,0.3324910000000001,0.33140035714285726,-0.0010906428571428317
20.77338,15.854076,4.198505,11.655571,4.65475,0.33325799999999983,0.33248214285714284,-0.0007758571428569949
20.775429,15.864673,4.197355,11.667319,4.665347000000001,0.3344079999999998,0.33323907142857145,-0.0011689285714283626
20.779552,15.886016,4.196588,11.689428,4.6866900000000005,0.33517499999999956,0.33476357142857144,-0.0004114285714281185
20.782145,15.895729,4.195437,11.700292,4.696403,0.3363259999999997,0.3354573571428571,-0.0008686428571425542
20.784997,15.912356,4.195054,11.717302,4.713030000000002,0.3367089999999999,0.33664500000000014,-6.399999999978645e-05
20.787961,15.922942,4.193903,11.729039,4.723616000000002,0.33786000000000005,0.33740114285714295,-0.0004588571428570942
20.790828,15.935228,4.192753,11.742475,4.735902000000001,0.33901000000000003,0.3382787142857144,-0.0007312857142856566
20.794145,15.938991,4.192369,11.746621,4.7396650000000005,0.33939399999999953,0.33854750000000006,-0.0008464999999994727
20.798731,15.956166,4.191603,11.764563,4.75684,0.34016,0.33977428571428575,-0.000385714285714267
20.801385,15.959388,4.191219,11.768169,4.760062000000001,0.3405439999999995,0.34000442857142865,-0.0005395714285708619
20.804767,15.969122,4.190452,11.77867,4.769796000000001,0.34131100000000014,0.3406997142857144,-0.0006112857142857586
20.808007,15.982537,4.190069,11.792468,4.783211000000001,0.3416939999999995,0.3416579285714287,-3.6071428570816355e-05
20.810841,15.984812,4.189685,11.795127,4.785486000000001,0.3420779999999999,0.34182042857142864,-0.00025757142857124604
20.814159,15.990725,4.188918,11.801807,4.791399,0.3428449999999996,0.34224278571428574,-0.0006022142857138868
20.818635,16.000639,4.188918,11.811721,4.801313,0.3428449999999996,0.3429509285714286,0.00010592857142899259
20.82008,16.002903,4.187768,11.815135,4.803577000000001,0.3439949999999996,0.3431126428571429,-0.0008823571428567267
20.823255,16.00472,4.188151,11.816569,4.805394,0.34361199999999936,0.34324242857142856,-0.00036957142857080294
20.828752,16.00614,4.188151,11.817989,4.806813999999999,0.34361199999999936,0.3433438571428571,-0.0002681428571422728
20.830163,16.006799,4.187768,11.819031,4.807473000000002,0.3439949999999996,0.34339092857142867,-0.0006040714285709403
20.833304,16.007485,4.187384,11.820101,4.808159,0.344379,0.3434399285714286,-0.0009390714285714141
20.836201,16.010292,4.187768,11.822525,4.8109660000000005,0.3439949999999996,0.3436404285714286,-0.00035457142857098223
20.842535,16.012246,4.187001,11.825245,4.812920000000002,0.34476199999999935,0.34378000000000014,-0.0009819999999992057
20.843209,16.019442,4.187001,11.832442,4.820116000000002,0.34476199999999935,0.34429400000000016,-0.0004679999999991913
20.848774,16.022459,4.187001,11.835459,4.823133000000002,0.34476199999999935,0.34450950000000014,-0.0002524999999992117
20.850849,16.021617,4.186617,11.835,4.822291,0.34514599999999973,0.3444493571428571,-0.0006966428571426042
20.853955,16.021229,4.187001,11.834229,4.8219030000000025,0.34476199999999935,0.34442164285714305,-0.0003403571428562957
20.860165,16.021854,4.187001,11.834854,4.822528000000002,0.34476199999999935,0.34446628571428584,-0.0002957142857135109
20.860165,16.021854,4.187001,11.834854,4.822528000000002,0.34476199999999935,0.34446628571428584,-0.0002957142857135109
20.864363,16.020668,4.186617,11.834051,4.821342000000001,0.34514599999999973,0.3443815714285715,-0.0007644285714282217
20.869409,16.02077,4.187001,11.833769,4.821444,0.34476199999999935,0.3443888571428571,-0.00037314285714223905
20.870228,16.01976,4.187001,11.832759,4.820434000000002,0.34476199999999935,0.3443167142857145,-0.00044528571428487096
20.873507,16.019875,4.187001,11.832875,4.820549,0.34476199999999935,0.34432492857142855,-0.00043707142857080106
20.87635,16.019718,4.186617,11.833101,4.820392000000002,0.34514599999999973,0.3443137142857144,-0.0008322857142853413
20.87973,16.018627,4.187001,11.831627,4.819300999999999,0.34476199999999935,0.34423578571428565,-0.0005262142857136998
20.881961,16.017871,4.187384,11.830487,4.818545,0.344379,0.34418178571428576,-0.00019721428571423116
20.885198,16.015496,4.187001,11.828496,4.81617,0.34476199999999935,0.3440121428571428,-0.0007498571428565248
20.888796,16.013143,4.187001,11.826142,4.813817,0.34476199999999935,0.34384407142857143,-0.0009179285714279173
20.891541,16.011913,4.187384,11.824529,4.812587000000001,0.344379,0.34375621428571435,-0.0006227857142856452
20.894705,16.010905,4.187384,11.823521,4.811579000000002,0.344379,0.34368421428571444,-0.0006947857142855507
20.89789,16.009714,4.187384,11.82233,4.810388,0.344379,0.3435991428571428,-0.0007798571428571655
20.900674,16.008489,4.187384,11.821105,4.809163000000002,0.344379,0.343511642857143,-0.000867357142857017
20.905241,16.006721,4.187384,11.819337,4.807395,0.344379,0.3433853571428571,-0.0009936428571428735
20.908712,16.005292,4.187768,11.817524,4.8059660000000015,0.3439949999999996,0.34328328571428585,-0.0007117142857137604
20.911563,16.000109,4.187384,11.812725,4.800782999999999,0.344379,0.34291307142857136,-0.0014659285714286319
20.915023,15.989712,4.187768,11.801945,4.790386000000002,0.3439949999999996,0.3421704285714287,-0.001824571428570898
20.918644,15.982998,4.187768,11.795231,4.783672000000001,0.3439949999999996,0.34169085714285724,-0.002304142857142366
20.92111,15.981965,4.188535,11.79343,4.782639000000001,0.34322799999999987,0.3416170714285715,-0.0016109285714283605
20.924624,15.978913,4.189302,11.789612,4.779587000000001,0.3424610000000001,0.3413990714285715,-0.0010619285714286164
20.928177,15.971438,4.189302,11.782136,4.772112,0.3424610000000001,0.34086514285714287,-0.0015958571428572599
20.931032,15.964748,4.189302,11.775446,4.765422000000001,0.3424610000000001,0.3403872857142858,-0.0020737142857143454
20.934149,15.960895,4.189685,11.77121,4.7615690000000015,0.3420779999999999,0.3401120714285715,-0.0019659285714283548
20.938851,15.959093,4.189685,11.769408,4.759767,0.3420779999999999,0.33998335714285716,-0.0020946428571427256
20.940008,15.958446,4.190452,11.767994,4.759120000000001,0.34131100000000014,0.33993714285714294,-0.0013738571428572044
20.943308,15.956506,4.190836,11.76567,4.75718,0.34092699999999976,0.33979857142857145,-0.0011284285714283082
20.945998,15.94988,4.190836,11.759044,4.750554000000001,0.34092699999999976,0.3393252857142858,-0.0016017142857139843
20.949691,15.935075,4.191603,11.743472,4.735749,0.34016,0.33826778571428573,-0.0018922142857142887
20.95212,15.93005,4.192753,11.737297,4.730724,0.33901000000000003,0.3379088571428572,-0.001101142857142856
20.955895,15.910781,4.193136,11.717645,4.711455000000001,0.3386269999999998,0.33653250000000007,-0.0020944999999997216
20.959552,15.902395,4.194287,11.708108,4.703069000000001,0.33747599999999967,0.33593350000000005,-0.0015424999999996136
20.961754,15.885667,4.195054,11.690613,4.6863410000000005,0.3367089999999999,0.3347386428571429,-0.0019703571428570377
20.96462,15.880147,4.195437,11.684709,4.680821,0.3363259999999997,0.33434435714285715,-0.0019816428571425293
20.969355,15.866315,4.196204,11.670111,4.666989000000001,0.33555899999999994,0.3333563571428572,-0.0022026428571427226
20.97088,15.857956,4.197355,11.660601,4.6586300000000005,0.3344079999999998,0.33275928571428576,-0.001648714285714059
20.973888,15.851143,4.198122,11.653021,4.651817000000001,0.3336410000000001,0.3322726428571429,-0.0013683571428571573
20.978776,15.830204,4.199272,11.630931,4.630878000000001,0.3324910000000001,0.33077700000000004,-0.0017140000000000488
20.981225,15.818277,4.200423,11.617854,4.618951000000001,0.33133999999999997,0.32992507142857147,-0.0014149285714284976
20.984078,15.798222,4.201573,11.596649,4.598896000000002,0.33019,0.3284925714285715,-0.001697428571428461
20.988604,15.773247,4.203107,11.57014,4.573921,0.3286559999999996,0.3267086428571429,-0.0019473571428567094
20.990189,15.761425,4.204258,11.557167,4.562099,0.3275049999999995,0.32586421428571427,-0.00164078571428522
20.99349,15.749769,4.205025,11.544744,4.550443000000001,0.32673799999999975,0.325031642857143,-0.0017063571428567736
20.996377,15.733506,4.205792,11.527714,4.534180000000001,0.325971,0.32387000000000005,-0.002100999999999964
20.999633,15.717404,4.207326,11.510078,4.518078000000001,0.32443699999999964,0.3227198571428572,-0.0017171428571424174
21.002063,15.705906,4.208476,11.49743,4.506580000000001,0.32328699999999966,0.32189857142857153,-0.0013884285714281241
21.005202,15.686711,4.209243,11.477467,4.4873850000000015,0.3225199999999999,0.32052750000000013,-0.001992499999999786
21.008213,15.674192,4.210777,11.463414,4.4748660000000005,0.32098599999999955,0.31963328571428573,-0.0013527142857138186
21.01112,15.659108,4.211544,11.447564,4.459782000000001,0.3202189999999998,0.31855585714285717,-0.001663142857142641
21.014462,15.638934,4.213462,11.425472,4.4396080000000016,0.31830099999999995,0.31711485714285725,-0.0011861428571426913
21.019078,15.610458,4.215379,11.395079,4.411132,0.31638399999999933,0.31508085714285716,-0.00130314285714217
21.021886,15.587934,4.216913,11.371021,4.388608000000001,0.31484999999999985,0.3134720000000001,-0.0013779999999997683
21.025211,15.565702,4.218831,11.346871,4.366376000000001,0.312932,0.31188400000000005,-0.0010479999999999379
21.028181,15.541955,4.221132,11.320823,4.3426290000000005,0.3106309999999999,0.31018778571428574,-0.0004432142857141441
21.031173,15.522094,4.222666,11.299428,4.322768,0.3090969999999995,0.30876914285714285,-0.0003278571428566579
21.034992,15.493615,4.223816,11.269799,4.294289000000001,0.3079469999999995,0.30673492857142864,-0.0012120714285708822
21.03882,15.467834,4.226117,11.241717,4.268508000000001,0.3056459999999994,0.3048934285714286,-0.0007525714285708252
21.041201,15.451182,4.227651,11.223531,4.251856,0.30411199999999994,0.30370400000000003,-0.00040799999999990844
21.04469,15.427544,4.228802,11.198743,4.228218,0.3029609999999998,0.30201557142857144,-0.000945428571428375
21.047699,15.402425,4.230719,11.171706,4.203099,0.3010440000000001,0.30022135714285714,-0.0008226428571429523
21.050807,15.388387,4.232253,11.156134,4.189061000000001,0.2995099999999997,0.2992186428571429,-0.00029135714285682957
21.054246,15.362539,4.233787,11.128752,4.163213000000001,0.29797599999999935,0.2973723571428572,-0.0006036428571421504
21.058777,15.328696,4.235704,11.092991,4.1293700000000015,0.29605899999999963,0.29495500000000013,-0.0011039999999994943
21.059887,15.312538,4.238005,11.074532,4.113212000000001,0.2937579999999995,0.2938008571428572,4.285714285767739e-05
21.063535,15.285316,4.239539,11.045776,4.085990000000001,0.29222400000000004,0.2918564285714286,-0.00036757142857141156
21.066578,15.255665,4.241457,11.014208,4.056339000000001,0.2903060000000002,0.28973850000000007,-0.0005675000000001096
21.069767,15.226299,4.242991,10.983308,4.026973,0.2887719999999998,0.2876409285714286,-0.0011310714285712176
21.0728,15.196583,4.246059,10.950524,3.997257000000001,0.28570399999999996,0.2855183571428572,-0.00018564285714273154
21.07571,15.1698,4.247593,10.922207,3.970474000000001,0.2841699999999996,0.2836052857142858,-0.0005647142857138077
21.078942,15.142868,4.24951,10.893358,3.9435420000000008,0.28225299999999987,0.2816815714285715,-0.0005714285714283895
21.08146,15.120019,4.251428,10.868591,3.920693,0.280335,0.2800495,-0.0002854999999999941
21.084917,15.091525,4.253729,10.837796,3.8921990000000015,0.2780339999999999,0.2780142142857144,-1.978571428551401e-05
21.088655,15.063179,4.255263,10.807916,3.8638530000000006,0.2764999999999995,0.27598950000000005,-0.0005104999999994697
21.091331,15.03597,4.256797,10.779174,3.8366440000000015,0.27496600000000004,0.2740460000000001,-0.0009199999999999209
21.09493,15.00266,4.259865,10.742796,3.8033340000000013,0.2718980000000002,0.2716667142857144,-0.00023128571428582267
21.098112,14.964881,4.262166,10.702716,3.765555000000001,0.2695970000000001,0.2689682142857143,-0.0006287857142857622
21.101388,14.936035,4.26485,10.671185,3.736709000000001,0.26691299999999973,0.2669077857142858,-5.214285713928124e-06
21.105065,14.899752,4.266384,10.633368,3.700426,0.26537899999999937,0.2643161428571429,-0.001062857142856477
21.109198,14.867465,4.269452,10.598013,3.668139,0.2623109999999995,0.2620099285714286,-0.0003010714285709426
21.111372,14.838394,4.270986,10.567408,3.639068,0.26077700000000004,0.2599334285714286,-0.0008435714285714435
21.114894,14.804462,4.272903,10.531559,3.605136,0.2588599999999994,0.2575097142857143,-0.0013502857142851377
21.117776,14.765283,4.275588,10.489695,3.565957000000001,0.2561749999999998,0.25471121428571436,-0.0014637857142854593
21.120769,14.740991,4.278656,10.462335,3.541665,0.25310699999999997,0.2529760714285714,-0.00013092857142854575
21.124212,14.701753,4.281724,10.420029,3.502427000000001,0.2500390000000001,0.2501733571428572,0.00013435714285708888
21.128739,14.650523,4.283641,10.366882,3.4511970000000005,0.2481219999999995,0.24651407142857146,-0.0016079285714280522
21.129967,14.629062,4.285942,10.34312,3.429736,0.2458209999999994,0.24498114285714287,-0.0008398571428565316
21.133862,14.598419,4.288243,10.310175,3.3990930000000006,0.24352000000000018,0.24279235714285718,-0.000727642857142996
21.136492,14.565537,4.290544,10.274993,3.3662110000000016,0.24121900000000007,0.24044364285714298,-0.0007753571428570916
21.139786,14.531623,4.292462,10.239161,3.3322970000000005,0.23930099999999932,0.23802121428571432,-0.0012797857142849978
21.142992,14.496217,4.295913,10.200304,3.2968910000000005,0.23585000000000012,0.23549221428571432,-0.00035778571428579653
21.146066,14.459227,4.298598,10.160629,3.259901000000001,0.23316499999999962,0.2328500714285715,-0.00031492857142811914
21.149518,14.421033,4.300899,10.120134,3.2217070000000003,0.23086399999999951,0.2301219285714286,-0.0007420714285709118
21.152074,14.388857,4.303967,10.08489,3.1895310000000006,0.22779599999999967,0.2278236428571429,2.7642857143239663e-05
21.154976,14.356246,4.305117,10.051129,3.1569200000000013,0.22664599999999968,0.2254942857142858,-0.0011517142857138674
21.158439,14.317882,4.308569,10.009313,3.1185560000000017,0.22319399999999945,0.22275400000000012,-0.0004399999999993298
21.161288,14.28267,4.311253,9.971417,3.0833440000000003,0.22050999999999998,0.22023885714285715,-0.00027114285714283093
21.164788,14.241744,4.312787,9.928957,3.0424180000000014,0.21897599999999962,0.21731557142857152,-0.0016604285714280909
21.169127,14.192786,4.315471,9.877314,2.9934600000000007,0.21629200000000015,0.21381857142857147,-0.002473428571428682
21.170146,14.166094,4.319306,9.846787,2.966768,0.21245699999999967,0.21191200000000002,-0.0005449999999996569
21.173851,14.127505,4.321991,9.805514,2.928179,0.20977200000000007,0.20915564285714286,-0.0006163571428572101
21.176858,14.089874,4.324675,9.765199,2.890548000000001,0.20708799999999972,0.20646771428571434,-0.000620285714285379
21.179962,14.053036,4.326593,9.726443,2.8537100000000013,0.20516999999999985,0.20383642857142867,-0.0013335714285711842
21.183035,14.015894,4.32851,9.687384,2.816568,0.20325300000000013,0.2011834285714286,-0.0020695714285715316
21.185807,13.981598,4.331962,9.649636,2.7822720000000007,0.1998009999999999,0.19873371428571435,-0.0010672857142855485
21.189266,13.939291,4.335413,9.603878,2.7399650000000015,0.1963499999999998,0.19571178571428582,-0.0006382142857139783
21.191819,13.902576,4.337714,9.564862,2.7032500000000006,0.1940489999999997,0.19308928571428577,-0.0009597142857139251
21.195305,13.857816,4.340399,9.517418,2.6584900000000005,0.1913640000000001,0.1898921428571429,-0.0014718571428571914
21.198412,13.815729,4.344234,9.471495,2.616403,0.1875289999999996,0.18688592857142858,-0.0006430714285710348
21.201282,13.780227,4.346918,9.433309,2.5809010000000008,0.18484500000000015,0.1843500714285715,-0.00049492857142866
21.204836,13.733717,4.348452,9.385264,2.534391000000001,0.18331099999999978,0.18102792857142866,-0.0022830714285711207
21.207999,13.684554,4.35152,9.333034,2.485228000000001,0.18024299999999993,0.1775162857142858,-0.002726714285714138
21.210565,13.657329,4.354971,9.302358,2.4580030000000015,0.17679199999999984,0.17557164285714297,-0.0012203571428568705
21.214,13.611826,4.358423,9.253404,2.4125000000000014,0.1733399999999996,0.17232142857142868,-0.0010185714285709246
21.218948,13.569482,4.359573,9.209908,2.3701560000000015,0.17218999999999962,0.16929685714285725,-0.0028931428571423723
21.219977,13.532326,4.364175,9.168151,2.333,0.1675879999999994,0.16664285714285715,-0.000945142857142256
21.223454,13.486741,4.366476,9.120265,2.287415000000001,0.16528700000000018,0.1633867857142858,-0.00190021428571438
21.226774,13.446918,4.369161,9.077757,2.247592000000001,0.1626019999999997,0.16054228571428578,-0.002059714285713915
21.229948,13.399295,4.371845,9.02745,2.199969000000001,0.15991799999999934,0.15714064285714294,-0.0027773571428564015
21.232832,13.360655,4.37568,8.984975,2.1613290000000003,0.15608299999999975,0.15438064285714287,-0.0017023571428568807
21.235825,13.31742,4.378365,8.939056,2.118094000000001,0.15339800000000015,0.15129242857142863,-0.002105571428571512
21.239117,13.274384,4.381816,8.892568,2.0750580000000003,0.14994700000000005,0.14821842857142858,-0.0017285714285714682
21.24187,13.235189,4.384117,8.851072,2.035863000000001,0.14764599999999994,0.14541878571428576,-0.0022272142857141797
21.245269,13.190735,4.388336,8.8024,1.9914090000000009,0.14342699999999997,0.14224350000000005,-0.0011834999999999207
21.248529,13.142836,4.39102,8.751816,1.9435100000000016,0.14074299999999962,0.13882214285714298,-0.0019208571428566412
21.251949,13.100238,4.394088,8.70615,1.900912,0.13767499999999977,0.13577942857142858,-0.001895571428571191
21.254779,13.054265,4.396772,8.657492,1.854939,0.13499099999999942,0.13249564285714285,-0.0024953571428565635
21.258813,13.000244,4.400991,8.599254,1.8009180000000011,0.13077199999999944,0.12863700000000008,-0.0021349999999993596
21.260252,12.973828,4.402908,8.57092,1.774502,0.12885499999999972,0.12675014285714287,-0.002104857142856853
21.26392,12.92614,4.40636,8.51978,1.726814000000001,0.1254029999999995,0.12334385714285721,-0.0020591428571422737
21.266774,12.88291,4.409428,8.473482,1.6835840000000015,0.12233499999999964,0.12025600000000011,-0.0020789999999995257
21.269976,12.83515,4.41403,8.42112,1.6358240000000013,0.11773299999999942,0.11684457142857152,-0.0008884285714279017
21.272952,12.791183,4.416714,8.374469,1.591857000000001,0.11504899999999996,0.1137040714285715,-0.0013449285714284553
21.27624,12.745214,4.419399,8.325816,1.5458880000000015,0.11236399999999946,0.11042057142857153,-0.0019434285714279298
21.279599,12.700285,4.423617,8.276668,1.500959,0.10814599999999963,0.10721135714285714,-0.0009346428571424953
21.282884,12.654004,4.426302,8.227702,1.4546780000000012,0.10546100000000003,0.10390557142857151,-0.0015554285714285132
21.285951,12.606886,4.429753,8.177133,1.4075600000000001,0.10200999999999993,0.10054,-0.0014699999999999297
21.289046,12.559432,4.433204,8.126228,1.360106,0.09855899999999984,0.09715042857142857,-0.001408571428571273
21.291935,12.517035,4.437039,8.079995,1.3177090000000007,0.09472399999999936,0.09412207142857147,-0.0006019285714278927
21.295458,12.467322,4.439724,8.027599,1.2679960000000001,0.09203899999999976,0.09057114285714286,-0.001467857142856896
21.298802,12.422797,4.443175,7.979621,1.223471,0.08858799999999967,0.08739078571428571,-0.0011972142857139545
21.301663,12.373977,4.447777,7.9262,1.1746510000000008,0.08398599999999945,0.08390364285714291,-8.235714285653728e-05
21.30482,12.325583,4.450078,7.875505,1.1262570000000007,0.08168499999999934,0.08044692857142863,-0.001238071428570714
21.307968,12.270667,4.452763,7.817904,1.0713410000000003,0.07899999999999974,0.07652435714285717,-0.0024756428571425654
21.310836,12.236718,4.456598,7.78012,1.0373920000000005,0.07516500000000015,0.07409942857142861,-0.0010655714285715406
21.314098,12.192425,4.460433,7.731993,0.9930990000000008,0.07132999999999967,0.07093564285714292,-0.00039435714285675216
21.31879,12.126651,4.463884,7.662767,0.9273250000000015,0.06787899999999958,0.0662375000000001,-0.0016414999999994767
21.320217,12.101449,4.466952,7.634497,0.9021230000000013,0.06481099999999973,0.06443735714285724,-0.00037364285714248935
21.3236,12.050284,4.47002,7.580264,0.8509580000000003,0.06174299999999988,0.06078271428571431,-0.0009602857142855734
21.326694,12.003486,4.474238,7.529247,0.8041600000000013,0.05752500000000005,0.057440000000000095,-8.499999999995317e-05
21.329833,11.956322,4.477306,7.479015,0.7569960000000009,0.0544570000000002,0.05407114285714292,-0.00038585714285727796
21.332896,11.909653,4.479991,7.429662,0.7103270000000013,0.05177199999999971,0.050737642857142946,-0.0010343571428567608
21.336096,11.86078,4.484976,7.375804,0.6614540000000009,0.046787000000000134,0.04724671428571435,0.00045971428571421613
21.339963,11.808828,4.488044,7.320784,0.6095020000000009,0.0437189999999994,0.0435358571428572,-0.00018314285714219475
21.342152,11.767749,4.491112,7.276637,0.568423000000001,0.04065099999999955,0.040601642857142926,-4.935714285662224e-05
21.345772,11.716875,4.495714,7.221161,0.5175490000000007,0.03604899999999933,0.036967785714285765,0.0009187857142864339
21.349916,11.652287,4.499933,7.152354,0.45296100000000017,0.03182999999999936,0.03235435714285716,0.0005243571428577981
21.35309,11.605122,4.502617,7.102505,0.4057960000000005,0.029145999999999894,0.028985428571428606,-0.0001605714285712878
21.356129,11.556357,4.506069,7.050288,0.357031000000001,0.02569399999999966,0.025502214285714357,-0.0001917857142853044
21.359766,11.506715,4.508753,6.997962,0.3073890000000006,0.023010000000000197,0.021956357142857184,-0.0010536428571430133
21.362332,11.463572,4.513355,6.950217,0.264246,0.01840799999999998,0.018874714285714283,0.00046671428571430293
21.365662,11.416947,4.516039,6.900908,0.21762100000000117,0.015723999999999627,0.015544357142857226,-0.00017964285714240115
21.369065,11.371266,4.519107,6.852159,0.1719400000000011,0.012655999999999779,0.01228142857142865,-0.00037457142857112886
21.371539,11.327582,4.522175,6.805407,0.12825600000000037,0.00958799999999993,0.009161142857142883,-0.0004268571428570466
21.374861,11.278179,4.526777,6.751401,0.0788530000000005,0.004985999999999713,0.005632357142857179,0.0006463571428574665
21.378251,11.219819,4.529845,6.689974,0.020493000000000094,0.0019179999999998643,0.001463785714285721,-0.0004542142857141432
21.381159,11.180667,4.532146,6.648521,-0.018658999999999537,-0.00038300000000024426,-0.0013327857142856811,-0.0009497857142854369
21.384514,11.131135,4.535214,6.595921,-0.06819099999999878,-0.003451000000000093,-0.004870785714285627,-0.0014197857142855342
21.388509,11.066738,4.5402,6.526538,-0.13258799999999837,-0.008436999999999806,-0.009470571428571313,-0.001033571428571507
21.390514,11.03776,4.543268,6.494493,-0.16156599999999877,-0.011505000000000543,-0.011540428571428483,-3.542857142794023e-05
21.393748,10.987759,4.546336,6.441424,-0.21156699999999873,-0.014573000000000391,-0.015111928571428481,-0.0005389285714280899
21.397012,10.936661,4.549404,6.387258,-0.26266499999999837,-0.01764100000000024,-0.0187617857142856,-0.0011207857142853592
21.39992,10.89457,4.553238,6.341331,-0.30475599999999936,-0.021475000000000577,-0.021768285714285667,-0.0002932857142850902
21.40309,10.848245,4.555923,6.292323,-0.35108099999999887,-0.02416000000000018,-0.025077214285714206,-0.0009172142857140249
21.405971,10.805355,4.558607,6.246747,-0.39397099999999874,-0.026844000000000534,-0.028140785714285625,-0.001296785714285091
21.409511,10.752411,4.562059,6.190353,-0.44691499999999884,-0.03029599999999988,-0.031922499999999916,-0.0016265000000000376
21.412159,10.713886,4.566277,6.147609,-0.48543999999999876,-0.0345140000000006,-0.03467428571428562,-0.00016028571428502308
21.415327,10.666038,4.568962,6.097076,-0.5332879999999989,-0.037199000000000204,-0.03809199999999992,-0.0008929999999997135
21.418903,10.621605,4.571646,6.049959,-0.5777209999999986,-0.03988300000000056,-0.041265785714285616,-0.0013827857142850591
21.421396,10.575297,4.575865,5.999433,-0.6240289999999984,-0.04410200000000053,-0.044573499999999884,-0.0004714999999993544
21.425259,10.522581,4.578933,5.943648,-0.6767449999999986,-0.04717000000000038,-0.04833892857142847,-0.001168928571428092
21.428308,10.47168,4.582384,5.889296,-0.727646,-0.05062100000000047,-0.051974714285714284,-0.0013537142857138126
21.431223,10.427762,4.586986,5.840776,-0.7715639999999997,-0.0552229999999998,-0.055111714285714264,0.00011128571428553613
21.434736,10.376094,4.589671,5.786423,-0.8232319999999991,-0.05790800000000029,-0.05880228571428565,-0.0008942857142853547
21.437802,10.318607,4.593122,5.725485,-0.8807189999999991,-0.061359000000000385,-0.06290849999999994,-0.0015494999999995512
21.440611,10.285273,4.598107,5.687166,-0.9140529999999991,-0.06634399999999996,-0.06528949999999993,0.0010545000000000276
21.444192,10.233375,4.600408,5.632966,-0.9659509999999987,-0.06864500000000007,-0.0689964999999999,-0.00035149999999983805
21.448682,10.164061,4.603476,5.560584,-1.035264999999999,-0.07171299999999992,-0.07394749999999993,-0.0022345000000000143
21.450374,10.136467,4.607695,5.528772,-1.0628589999999996,-0.07593199999999989,-0.07591849999999997,1.3499999999916357e-05
21.454076,10.084438,4.611146,5.473292,-1.1148879999999988,-0.07938299999999998,-0.07963485714285705,-0.0002518571428570676
21.458708,10.017933,4.613831,5.404102,-1.181393,-0.08206800000000047,-0.08438521428571429,-0.0023172142857138117
21.459966,9.990851,4.617282,5.373569,-1.208475,-0.08551900000000057,-0.08631964285714286,-0.0008006428571422919
21.463785,9.943901,4.62035,5.323551,-1.255424999999999,-0.08858700000000042,-0.0896732142857142,-0.001086214285713788
21.467083,9.897833,4.623418,5.274415,-1.301492999999999,-0.09165500000000026,-0.09296378571428564,-0.0013087857142853737
21.46997,9.859698,4.627637,5.232062,-1.3396279999999994,-0.09587400000000024,-0.09568771428571424,0.00018628571428599972
21.473282,9.813638,4.629938,5.183701,-1.385688,-0.09817500000000035,-0.0989777142857143,-0.0008027142857139485
21.477085,9.768593,4.633005,5.135588,-1.430733,-0.10124200000000005,-0.10219521428571429,-0.0009532142857142378
21.479699,9.718013,4.63569,5.082323,-1.481313,-0.10392700000000055,-0.10580807142857143,-0.0018810714285708852
21.482533,9.678814,4.639908,5.038906,-1.520512,-0.10814500000000038,-0.10860800000000001,-0.0004629999999996304
21.485567,9.633869,4.642976,4.990893,-1.5654569999999985,-0.11121300000000023,-0.11181835714285704,-0.0006053571428568105
21.489068,9.59127,4.646044,4.945226,-1.6080559999999995,-0.11428100000000008,-0.11486114285714281,-0.0005801428571427375
21.49173,9.550648,4.650263,4.900386,-1.6486779999999985,-0.11850000000000005,-0.11776271428571418,0.0007372857142858708
21.49577,9.490562,4.652947,4.837615,-1.7087639999999986,-0.1211840000000004,-0.12205457142857133,-0.0008705714285709293
21.499653,9.435882,4.657549,4.778333,-1.7634439999999998,-0.12578600000000062,-0.1259602857142857,-0.00017428571428507178
21.502326,9.395599,4.65985,4.735748,-1.8037269999999985,-0.12808699999999984,-0.12883764285714275,-0.000750642857142908
21.505558,9.353855,4.662918,4.690936,-1.8454709999999999,-0.13115500000000058,-0.13181935714285714,-0.0006643571428565642
21.508769,9.314751,4.665603,4.649148,-1.884575,-0.13384000000000018,-0.1346125,-0.000772499999999815
21.511738,9.275477,4.669438,4.606039,-1.9238489999999988,-0.13767500000000066,-0.13741778571428562,0.00025721428571504057
21.515629,9.219617,4.671738,4.547879,-1.9797089999999997,-0.13997500000000063,-0.1414077857142857,-0.0014327857142850675
21.518811,9.179231,4.674039,4.505191,-2.0200949999999995,-0.14227599999999985,-0.14429249999999996,-0.0020165000000001154
21.521216,9.142725,4.678641,4.464083,-2.056600999999999,-0.14687800000000006,-0.14690007142857134,-2.20714285712742e-05
21.524217,9.105649,4.680942,4.424707,-2.0936769999999996,-0.14917900000000017,-0.1495483571428571,-0.00036935714285693533
21.528475,9.049684,4.683627,4.366057,-2.149642,-0.15186400000000067,-0.15354585714285715,-0.0016818571428564855
21.529871,9.02545,4.687462,4.337988,-2.173876,-0.15569900000000025,-0.15527685714285713,0.0004221428571431207
21.533839,8.980183,4.690146,4.290037,-2.219142999999999,-0.1583830000000006,-0.1585102142857142,-0.00012721428571360605
21.536839,8.93952,4.693598,4.245923,-2.2598059999999993,-0.16183499999999995,-0.16141471428571424,0.0004202857142857064
21.540063,8.897575,4.695899,4.201676,-2.3017509999999994,-0.16413600000000006,-0.16441078571428566,-0.0002747857142856025
21.542898,8.858365,4.6982,4.160165,-2.340961,-0.16643700000000017,-0.1672115,-0.0007744999999998448
21.54614,8.816209,4.702418,4.113791,-2.3831169999999986,-0.170655,-0.17022264285714275,0.00043235714285724813
21.549792,8.774617,4.705103,4.069515,-2.424709,-0.1733400000000005,-0.1731935,0.00014650000000049346
21.552404,8.736159,4.709321,4.026838,-2.4631669999999986,-0.17755800000000033,-0.1759404999999999,0.001617500000000438
21.555849,8.69254,4.711622,3.980918,-2.506786,-0.17985900000000044,-0.17905614285714286,0.000802857142857577
21.559526,8.647096,4.714306,3.93279,-2.5522299999999998,-0.1825429999999999,-0.18230214285714283,0.0002408571428570705
21.561833,8.616802,4.716224,3.900578,-2.5825239999999994,-0.18446100000000065,-0.18446599999999996,-4.999999999311111e-06
21.565141,8.579361,4.718525,3.860836,-2.6199649999999988,-0.18676199999999987,-0.18714035714285707,-0.00037835714285719413
21.569197,8.538805,4.721976,3.816829,-2.6605209999999992,-0.19021299999999997,-0.19003721428571424,0.00017578571428572554
21.571143,8.508949,4.724661,3.784288,-2.690377,-0.19289800000000046,-0.1921697857142857,0.0007282142857147622
21.574778,8.468993,4.726962,3.742032,-2.730333,-0.19519900000000057,-0.19502378571428572,0.00017521428571484754
21.58061,8.419932,4.730413,3.689519,-2.779394,-0.19865000000000066,-0.19852814285714285,0.0001218571428578119
21.58061,8.396903,4.734248,3.662655,-2.802422999999999,-0.20248500000000025,-0.20017307142857138,0.0023119285714288673
21.5852,8.341246,4.736166,3.60508,-2.8580799999999993,-0.2044030000000001,-0.20414857142857137,0.00025442857142873865
21.588442,8.305588,4.73885,3.566738,-2.893737999999999,-0.20708700000000047,-0.20669557142857137,0.0003914285714290977
21.59142,8.270239,4.741535,3.528704,-2.929086999999999,-0.20977200000000007,-0.20922049999999995,0.0005515000000001213
21.594784,8.234332,4.744603,3.48973,-2.964993999999999,-0.21283999999999992,-0.21178528571428565,0.00105471428571427
21.598103,8.189664,4.747671,3.441994,-3.0096619999999987,-0.21590800000000065,-0.21497585714285705,0.000932142857143603
21.601283,8.158172,4.749972,3.4082,-3.041153999999999,-0.21820899999999988,-0.21722528571428562,0.0009837142857142545
21.604732,8.118624,4.751889,3.366735,-3.0807019999999987,-0.2201260000000005,-0.22005014285714278,7.585714285771039e-05
21.607775,8.074987,4.754573,3.320414,-3.124338999999999,-0.22280999999999995,-0.22316707142857137,-0.00035707142857141494
21.61058,8.05329,4.757258,3.296032,-3.1460359999999987,-0.22549500000000045,-0.22471685714285705,0.0007781428571433935
21.61395,8.019923,4.759559,3.260365,-3.179402999999999,-0.22779600000000055,-0.2271002142857142,0.0006957857142863566
21.616939,7.986818,4.761093,3.225725,-3.212507999999999,-0.22933000000000003,-0.22946485714285705,-0.00013485714285702
21.62017,7.953272,4.764544,3.188728,-3.246053999999999,-0.23278100000000013,-0.23186099999999993,0.0009200000000001984
21.62288,7.922408,4.766078,3.15633,-3.2769179999999993,-0.2343150000000005,-0.23406557142857137,0.0002494285714291222
21.626372,7.885842,4.768379,3.117462,-3.313483999999999,-0.2366160000000006,-0.2366774285714285,-6.142857142790725e-05
21.629601,7.851883,4.771064,3.080819,-3.3474429999999993,-0.2393010000000002,-0.23910307142857137,0.0001979285714288348
21.632755,7.822591,4.772981,3.04961,-3.376734999999999,-0.24121799999999993,-0.2411953571428571,2.2642857142846085e-05
21.635992,7.791992,4.775282,3.01671,-3.4073339999999996,-0.24351900000000004,-0.243381,0.00013800000000005475
21.639669,7.759974,4.777583,2.982391,-3.4393519999999995,-0.24582000000000015,-0.24566799999999997,0.00015200000000017977
21.642221,7.736482,4.779117,2.957365,-3.4628439999999996,-0.24735400000000052,-0.24734599999999998,8.000000000535357e-06
21.645114,7.711702,4.780651,2.931051,-3.4876239999999994,-0.248888,-0.24911599999999995,-0.00022799999999995046
21.648229,7.680407,4.782569,2.897838,-3.5189189999999995,-0.25080599999999986,-0.2513513571428571,-0.0005453571428572501
21.651107,7.65476,4.78487,2.869891,-3.5445659999999997,-0.25310699999999997,-0.25318328571428567,-7.628571428569542e-05
21.654556,7.621623,4.787554,2.834069,-3.5777029999999996,-0.2557910000000003,-0.2555502142857143,0.00024078571428604034
21.658242,7.581035,4.789855,2.79118,-3.6182909999999993,-0.25809200000000043,-0.2584493571428571,-0.0003573571428566735
21.661057,7.557777,4.792156,2.765621,-3.6415489999999995,-0.26039300000000054,-0.2601106428571428,0.0002823571428577365
21.66466,7.528489,4.79369,2.734799,-3.670836999999999,-0.261927,-0.2622026428571428,-0.00027564285714276604
21.669161,7.492653,4.795991,2.696662,-3.7066729999999994,-0.26422800000000013,-0.2647623571428571,-0.0005343571428569893
21.670994,7.477362,4.798292,2.67907,-3.721963999999999,-0.26652900000000024,-0.26585457142857133,0.0006744285714289089
21.674728,7.442891,4.800209,2.642682,-3.756434999999999,-0.26844599999999996,-0.26831678571428563,0.0001292142857143297
21.678288,7.410252,4.803277,2.606975,-3.7890739999999994,-0.2715139999999998,-0.27064814285714284,0.0008658571428569739
21.68159,7.384186,4.804428,2.579758,-3.8151399999999995,-0.27266499999999994,-0.27251,0.00015499999999996072
21.68504,7.356474,4.806345,2.550128,-3.842851999999999,-0.27458200000000055,-0.2744894285714285,9.257142857205247e-05
21.688309,7.329507,4.808646,2.520861,-3.869818999999999,-0.27688300000000066,-0.27641564285714276,0.00046735714285789376
21.691359,7.306825,4.809797,2.497029,-3.8925009999999993,-0.2780339999999999,-0.27803578571428567,-1.7857142857735653e-06
21.694759,7.283474,4.812098,2.471376,-3.9158519999999992,-0.280335,-0.2797037142857142,0.0006312857142857786
21.697831,7.257163,4.813248,2.443915,-3.942162999999999,-0.281485,-0.28158307142857136,-9.807142857137796e-05
21.700614,7.242666,4.814782,2.427884,-3.9566599999999994,-0.28301900000000035,-0.2826185714285714,0.00040042857142896793
21.703987,7.220068,4.816316,2.403752,-3.979257999999999,-0.28455299999999983,-0.2842327142857142,0.00032028571428560637
21.706954,7.199298,4.817467,2.381831,-4.0000279999999995,-0.28570399999999996,-0.2857162857142857,-1.2285714285742433e-05
21.709954,7.17875,4.819001,2.359749,-4.020575999999999,-0.2872380000000003,-0.28718399999999994,5.400000000038707e-05
21.713086,7.154503,4.820918,2.333585,-4.044822999999999,-0.28915500000000005,-0.2889159285714285,0.00023907142857154673
21.715988,7.131497,4.822836,2.308661,-4.067828999999999,-0.2910729999999999,-0.2905592142857142,0.0005137857142857305
21.719563,7.105635,4.82437,2.281265,-4.093690999999999,-0.2926070000000003,-0.2924064999999999,0.00020050000000038093
21.72216,7.08804,4.825904,2.262136,-4.111285999999999,-0.29414100000000065,-0.2936632857142856,0.00047771428571502517
21.725359,7.066032,4.827821,2.238211,-4.133293999999999,-0.2960580000000004,-0.29523528571428564,0.0008227142857147318
21.729333,7.047194,4.828972,2.218222,-4.152131999999999,-0.2972090000000005,-0.2965808571428571,0.00062814285714341
21.731554,7.029836,4.829739,2.200098,-4.169489999999999,-0.29797600000000024,-0.2978207142857142,0.00015528571428602422
21.735152,7.016514,4.831272,2.185241,-4.182811999999999,-0.29950900000000047,-0.29877228571428566,0.0007367142857148123
21.738329,7.001556,4.832423,2.169133,-4.197769999999999,-0.3006600000000006,-0.29984071428571424,0.0008192857142863552
21.741079,6.990581,4.83319,2.157391,-4.2087449999999995,-0.30142700000000033,-0.3006246428571428,0.0008023571428575349
21.744441,6.972612,4.833957,2.138655,-4.226713999999999,-0.3021940000000001,-0.3019081428571428,0.00028585714285728203
21.748667,6.950754,4.835491,2.115263,-4.248571999999999,-0.30372800000000044,-0.3034694285714285,0.00025857142857194093
21.750206,6.940992,4.836641,2.10435,-4.258334,-0.3048780000000004,-0.30416671428571423,0.0007112857142861917
21.754137,6.920721,4.837792,2.082929,-4.278604999999999,-0.30602900000000055,-0.3056146428571428,0.0004143571428577575
21.757715,6.892955,4.839709,2.053246,-4.3063709999999995,-0.3079460000000003,-0.30759792857142854,0.000348071428571739
21.760445,6.881281,4.840476,2.040804,-4.318044999999999,-0.308713,-0.30843178571428564,0.0002812142857143707
21.763696,6.866446,4.841243,2.025202,-4.332879999999999,-0.30948000000000064,-0.30949142857142853,-1.1428571427885004e-05
21.766652,6.854019,4.84201,2.012009,-4.345306999999999,-0.3102470000000004,-0.31037907142857135,-0.00013207142857096787
21.770126,6.843235,4.843928,1.999307,-4.356090999999999,-0.31216500000000025,-0.3111493571428571,0.001015642857143173
21.772746,6.831014,4.844695,1.986319,-4.3683119999999995,-0.312932,-0.3120222857142857,0.0009097142857142915
21.77583,6.820358,4.844695,1.975663,-4.3789679999999995,-0.312932,-0.31278342857142855,0.00014857142857144234
21.779102,6.806784,4.845462,1.961323,-4.392541999999999,-0.3136990000000006,-0.3137529999999999,-5.399999999927685e-05
21.781814,6.798733,4.846612,1.952121,-4.400592999999999,-0.3148490000000006,-0.31432807142857133,0.0005209285714292688
21.785095,6.788156,4.846996,1.94116,-4.411169999999999,-0.3152330000000001,-0.3150835714285714,0.00014942857142868915
21.788221,6.781143,4.847379,1.933764,-4.418182999999999,-0.31561600000000034,-0.31558449999999993,3.15000000004062e-05
21.791121,6.777504,4.847763,1.929741,-4.421821999999999,-0.31599999999999984,-0.31584442857142847,0.00015557142857136608
21.794584,6.771734,4.847763,1.923971,-4.427591999999999,-0.31599999999999984,-0.31625657142857133,-0.00025657142857149484
21.79876,6.761616,4.84853,1.913086,-4.437709999999999,-0.31676700000000046,-0.31697928571428563,-0.0002122857142851653
21.800152,6.758183,4.848913,1.90927,-4.441142999999999,-0.3171499999999998,-0.31722449999999996,-7.45000000001439e-05
21.803946,6.752463,4.849297,1.903166,-4.446863,-0.3175340000000002,-0.3176330714285714,-9.907142857118467e-05
21.80708,6.74413,4.850064,1.894066,-4.455195999999999,-0.31830099999999995,-0.31822828571428563,7.271428571431482e-05
21.809947,6.73405,4.851214,1.882836,-4.465275999999999,-0.31945099999999993,-0.3189482857142857,0.0005027142857142453
21.813049,6.725797,4.851598,1.874199,-4.473528999999999,-0.3198350000000003,-0.31953778571428565,0.00029721428571466424
21.815914,6.715721,4.852365,1.863357,-4.483604999999999,-0.32060200000000005,-0.3202574999999999,0.00034450000000013636
21.81956,6.706384,4.853132,1.853253,-4.492941999999999,-0.3213689999999998,-0.3209244285714285,0.0004445714285712943
21.822186,6.704333,4.853132,1.851202,-4.494992999999999,-0.3213689999999998,-0.3210709285714285,0.0002980714285713004
21.825233,6.701821,4.853132,1.84869,-4.497504999999999,-0.3213689999999998,-0.3212503571428571,0.00011864285714269229
21.828895,6.698659,4.853899,1.84476,-4.500666999999999,-0.3221360000000004,-0.3214762142857142,0.0006597857142862096
21.831578,6.696029,4.853899,1.84213,-4.503296999999999,-0.3221360000000004,-0.32166407142857134,0.00047192857142908107
21.834884,6.692733,4.853899,1.838835,-4.506593,-0.3221360000000004,-0.32189949999999995,0.00023650000000047244
21.838018,6.69,4.853899,1.836102,-4.509325999999999,-0.3221360000000004,-0.3220947142857142,4.128571428624328e-05
21.841057,6.689123,4.854282,1.834841,-4.510202999999999,-0.32251900000000067,-0.32215735714285704,0.0003616428571436292
21.844422,6.687909,4.854282,1.833627,-4.511416999999999,-0.32251900000000067,-0.32224407142857137,0.0002749285714293004
21.848591,6.686938,4.854282,1.832655,-4.512388,-0.32251900000000067,-0.32231342857142853,0.00020557142857213773
21.850847,6.687145,4.854666,1.832479,-4.512180999999999,-0.32290300000000016,-0.32229864285714277,0.0006043571428573924
21.853906,6.687529,4.854282,1.833246,-4.511797,-0.32251900000000067,-0.32227121428571426,0.00024778571428640817
21.856805,6.687112,4.854282,1.83283,-4.512213999999999,-0.32251900000000067,-0.32230099999999995,0.00021800000000071762
21.85998,6.687923,4.854282,1.83364,-4.511403,-0.32251900000000067,-0.3222430714285714,0.00027592857142927363
21.862959,6.687879,4.854666,1.833213,-4.5114469999999995,-0.32290300000000016,-0.32224621428571426,0.0006567857142859013
21.866078,6.68804,4.854282,1.833758,-4.511285999999999,-0.32251900000000067,-0.3222347142857142,0.00028428571428645855
21.86959,6.688523,4.853515,1.835008,-4.510802999999999,-0.32175200000000004,-0.3222002142857142,-0.0004482142857141769
21.872584,6.688943,4.853899,1.835044,-4.510382999999999,-0.3221360000000004,-0.32217021428571424,-3.421428571381835e-05
21.875433,6.68969,4.853515,1.836175,-4.5096359999999995,-0.32175200000000004,-0.3221168571428571,-0.00036485714285705573
21.878864,6.690354,4.853515,1.836839,-4.508971999999999,-0.32175200000000004,-0.3220694285714285,-0.0003174285714284686
21.88141,6.690844,4.853899,1.836946,-4.508481999999999,-0.3221360000000004,-0.3220344285714285,0.0001015714285719227
21.884929,6.69211,4.854282,1.837827,-4.507216,-0.32251900000000067,-0.32194399999999995,0.0005750000000007138
21.888094,6.693116,4.853899,1.839217,-4.506209999999999,-0.3221360000000004,-0.32187214285714283,0.0002638571428575931
21.890989,6.694632,4.853899,1.840734,-4.504693999999999,-0.3221360000000004,-0.32176385714285705,0.000372142857143376
21.894202,6.696866,4.853515,1.843351,-4.502459999999999,-0.32175200000000004,-0.3216042857142857,0.00014771428571436207
21.897195,6.698609,4.853899,1.84471,-4.500716999999999,-0.3221360000000004,-0.32147978571428565,0.0006562142857147735
21.900231,6.701175,4.853515,1.84766,-4.498150999999999,-0.32175200000000004,-0.32129649999999993,0.0004555000000001086
21.903143,6.70319,4.853132,1.850058,-4.496135999999999,-0.3213689999999998,-0.32115257142857134,0.00021642857142845084
21.906126,6.705656,4.853132,1.852524,-4.493669999999999,-0.3213689999999998,-0.3209764285714285,0.0003925714285712978
21.90959,6.708616,4.852748,1.855868,-4.490709999999999,-0.3209850000000003,-0.3207649999999999,0.00022000000000038655
21.912376,6.713058,4.852365,1.860693,-4.486267999999999,-0.32060200000000005,-0.3204477142857142,0.00015428571428582893
21.91546,6.720881,4.851981,1.868899,-4.478444999999999,-0.32021800000000056,-0.3198889285714285,0.0003290714285720808
21.918926,6.72776,4.851598,1.876163,-4.471565999999999,-0.3198350000000003,-0.3193975714285714,0.00043742857142892166
21.921425,6.732117,4.850831,1.881287,-4.4672089999999995,-0.3190680000000006,-0.3190863571428571,-1.8357142856528785e-05
21.924935,6.734728,4.850831,1.883897,-4.464598,-0.3190680000000006,-0.3188998571428571,0.00016814285714344956
21.929074,6.737322,4.850831,1.886492,-4.462003999999999,-0.3190680000000006,-0.3187145714285714,0.0003534285714291707
21.931999,6.739446,4.850831,1.888615,-4.459879999999999,-0.3190680000000006,-0.3185628571428571,0.0005051428571434813
21.935361,6.743586,4.850064,1.893523,-4.45574,-0.31830099999999995,-0.3182671428571428,3.385714285714103e-05
21.93851,6.749563,4.850064,1.8995,-4.449762999999999,-0.31830099999999995,-0.31784021428571424,0.00046078571428570525
21.941468,6.756388,4.848913,1.907475,-4.442937999999999,-0.3171499999999998,-0.3173527142857142,-0.00020271428571438932
21.944943,6.765561,4.848913,1.916648,-4.433764999999999,-0.3171499999999998,-0.31669749999999997,0.0004524999999998558
21.947873,6.782395,4.847763,1.934632,-4.416930999999999,-0.31599999999999984,-0.31549507142857136,0.0005049285714284757
21.95079,6.790842,4.846612,1.944229,-4.408484,-0.3148490000000006,-0.3148917142857143,-4.2714285713674194e-05
21.954556,6.809498,4.845078,1.96442,-4.389828,-0.31331500000000023,-0.3135591428571428,-0.0002441428571425819
21.958703,6.827579,4.844311,1.983268,-4.371746999999999,-0.3125480000000005,-0.3122676428571428,0.000280357142857679
21.960131,6.834257,4.843928,1.99033,-4.365068999999999,-0.31216500000000025,-0.3117906428571428,0.00037435714285743993
21.963814,6.842998,4.843161,1.999838,-4.3563279999999995,-0.3113980000000005,-0.3111662857142857,0.00023171428571483466
21.966665,6.85187,4.842777,2.009092,-4.347455999999999,-0.3110140000000001,-0.3105325714285714,0.0004814285714287436
21.970383,6.859594,4.841627,2.017967,-4.339731999999999,-0.30986400000000014,-0.30998085714285706,-0.00011685714285691873
21.973627,6.872285,4.84086,2.031425,-4.3270409999999995,-0.3090970000000004,-0.3090743571428571,2.264285714331793e-05
21.976998,6.884894,4.840093,2.044801,-4.314431999999999,-0.30833000000000066,-0.3081737142857142,0.00015628571428644156
21.980156,6.900231,4.839326,2.060905,-4.2990949999999994,-0.30756300000000003,-0.30707821428571425,0.00048478571428578476
21.982912,6.911007,4.838559,2.072448,-4.2883189999999995,-0.3067960000000003,-0.3063085,0.00048750000000030713
21.985992,6.926966,4.837025,2.089941,-4.272359999999999,-0.3052619999999999,-0.30516857142857134,9.342857142857763e-05
21.989124,6.937735,4.836641,2.101094,-4.261590999999999,-0.3048780000000004,-0.3043993571428571,0.0004786428571433299
21.991779,6.951752,4.835107,2.116645,-4.247573999999999,-0.30334400000000006,-0.3033981428571428,-5.414285714272493e-05
21.995233,6.96522,4.83434,2.130879,-4.234105999999999,-0.3025770000000003,-0.30243614285714276,0.00014085714285755335
21.998464,6.984286,4.832806,2.15148,-4.215039999999999,-0.30104299999999995,-0.3010742857142857,-3.128571428573368e-05
22.001436,7.003183,4.830889,2.172294,-4.196142999999999,-0.2991260000000002,-0.29972449999999995,-0.0005984999999997243
22.00484,7.023418,4.829739,2.193679,-4.175907999999999,-0.29797600000000024,-0.2982791428571428,-0.0003031428571425576
22.007893,7.050115,4.828972,2.221144,-4.149210999999999,-0.2972090000000005,-0.29637221428571425,0.0008367857142862478
22.010927,7.066122,4.826671,2.239452,-4.133203999999999,-0.2949080000000004,-0.29522885714285707,-0.00032085714285667866
22.014295,7.088694,4.82552,2.263174,-4.110631999999999,-0.29375700000000027,-0.29361657142857134,0.00014042857142892995
22.018655,7.114642,4.82437,2.290272,-4.084683999999999,-0.2926070000000003,-0.29176314285714283,0.0008438571428574515
22.020977,7.126262,4.822452,2.30381,-4.073064,-0.2906890000000004,-0.29093314285714283,-0.00024414285714241535
22.024631,7.149425,4.821685,2.327739,-4.049900999999999,-0.2899220000000007,-0.28927864285714283,0.0006433571428578477
22.027986,7.172966,4.819768,2.353198,-4.0263599999999995,-0.28800500000000007,-0.28759714285714283,0.0004078571428572375
22.030536,7.183499,4.819001,2.364498,-4.015826999999999,-0.2872380000000003,-0.2868447857142856,0.00039321428571470474
22.033991,7.203132,4.817467,2.385665,-3.996193999999999,-0.28570399999999996,-0.2854424285714285,0.0002615714285714721
22.038867,7.223941,4.815933,2.408008,-3.9753849999999993,-0.2841700000000005,-0.2839560714285714,0.0002139285714291006
22.04031,7.24716,4.814399,2.432762,-3.952165999999999,-0.2826360000000001,-0.28229757142857137,0.0003384285714287394
22.043312,7.272279,4.812481,2.459797,-3.927046999999999,-0.28071800000000025,-0.28050335714285707,0.00021464285714317688
22.046239,7.296186,4.810564,2.485622,-3.9031399999999996,-0.2788010000000005,-0.27879571428571426,5.285714286262788e-06
22.049632,7.323356,4.807879,2.515477,-3.875969999999999,-0.27611600000000003,-0.2768549999999999,-0.0007389999999998786
22.052802,7.352261,4.805962,2.546299,-3.847064999999999,-0.2741990000000003,-0.27479035714285704,-0.000591357142856741
22.056711,7.385198,4.803661,2.581537,-3.8141279999999993,-0.2718980000000002,-0.2724377142857142,-0.0005397142857140325
22.059762,7.411418,4.802127,2.609291,-3.787907999999999,-0.2703639999999998,-0.27056485714285705,-0.00020085714285722478
22.062575,7.434107,4.800593,2.633514,-3.765218999999999,-0.26883000000000035,-0.26894421428571424,-0.00011421428571389836
22.065477,7.454431,4.799059,2.655372,-3.7448949999999996,-0.267296,-0.26749249999999997,-0.00019649999999998835
22.069243,7.477337,4.797908,2.679429,-3.721988999999999,-0.26614499999999985,-0.26585635714285705,0.0002886428571428068
22.07195,7.502429,4.795224,2.707205,-3.696896999999999,-0.2634610000000004,-0.26406407142857136,-0.0006030714285709671
22.075345,7.533086,4.794073,2.739013,-3.6662399999999993,-0.26231000000000027,-0.26187428571428567,0.0004357142857145946
22.078883,7.561677,4.791389,2.770288,-3.637648999999999,-0.2596259999999999,-0.25983207142857134,-0.00020607142857143046
22.081643,7.591174,4.789472,2.801702,-3.6081519999999996,-0.2577090000000002,-0.2577251428571428,-1.6142857142631417e-05
22.084988,7.623759,4.787171,2.836588,-3.5755669999999995,-0.2554080000000001,-0.25539764285714284,1.035714285724243e-05
22.088266,7.657884,4.785637,2.872247,-3.541441999999999,-0.2538740000000006,-0.2529601428571428,0.0009138571428577991
22.090956,7.68476,4.782569,2.902191,-3.5145659999999994,-0.25080599999999986,-0.25104042857142855,-0.0002344285714286909
22.094316,7.717528,4.780651,2.936877,-3.4817979999999995,-0.248888,-0.2486998571428571,0.0001881428571428867
22.098609,7.757394,4.779117,2.978277,-3.4419319999999995,-0.24735400000000052,-0.2458522857142857,0.001501714285714828
22.100725,7.777936,4.776433,3.001503,-3.421389999999999,-0.24467000000000017,-0.2443849999999999,0.00028500000000025727
22.104127,7.811644,4.774132,3.037513,-3.387681999999999,-0.24236900000000006,-0.24197728571428564,0.0003917142857144118
22.10882,7.841881,4.772981,3.068899,-3.3574449999999993,-0.24121799999999993,-0.23981749999999996,0.0014004999999999712
22.110219,7.873369,4.76953,3.103839,-3.325956999999999,-0.23776699999999984,-0.23756835714285707,0.0001986428571427723
22.113499,7.909331,4.767229,3.142102,-3.2899949999999993,-0.23546600000000062,-0.2349996428571428,0.0004663571428578095
22.116685,7.940532,4.765311,3.17522,-3.258793999999999,-0.23354799999999987,-0.23277099999999992,0.0007769999999999444
22.119693,7.97294,4.763394,3.209546,-3.226385999999999,-0.23163100000000014,-0.23045614285714278,0.0011748571428573662
22.123055,8.001737,4.761476,3.240261,-3.197588999999999,-0.22971300000000028,-0.22839921428571422,0.0013137857142860587
22.125765,8.031966,4.758408,3.273558,-3.1673599999999986,-0.22664500000000043,-0.2262399999999999,0.00040500000000051606
22.129857,8.068272,4.755724,3.312548,-3.131053999999999,-0.22396100000000008,-0.2236467142857142,0.0003142857142858779
22.132303,8.099824,4.753806,3.346017,-3.0995019999999993,-0.2220430000000002,-0.22139299999999995,0.0006500000000002615
22.13554,8.135437,4.750355,3.385082,-3.0638889999999996,-0.21859200000000012,-0.21884921428571427,-0.0002572142857141524
22.13873,8.168159,4.748054,3.420105,-3.031167,-0.216291,-0.21651192857142856,-0.0002209285714285525
22.141618,8.20585,4.746137,3.459714,-2.9934759999999994,-0.2143740000000003,-0.21381971428571425,0.0005542857142860347
22.14472,8.242308,4.743452,3.498856,-2.9570179999999997,-0.2116889999999998,-0.21121557142857142,0.0004734285714283748
22.147812,8.286131,4.741151,3.54498,-2.913195,-0.20938800000000057,-0.20808535714285714,0.0013026428571434323
22.150373,8.307603,4.738083,3.56952,-2.891722999999999,-0.20631999999999984,-0.20655164285714278,-0.00023164285714294408
22.153789,8.345246,4.735782,3.609464,-2.8540799999999997,-0.20401900000000062,-0.20386285714285712,0.00015614285714349307
22.1569,8.379773,4.733481,3.646292,-2.819552999999999,-0.2017180000000005,-0.2013966428571428,0.00032135714285772
22.159955,8.419788,4.729646,3.690142,-2.7795379999999987,-0.19788300000000003,-0.19853842857142848,-0.0006554285714284458
22.16319,8.459286,4.727345,3.731941,-2.7400399999999987,-0.19558199999999992,-0.19571714285714276,-0.0001351428571428337
22.166448,8.497376,4.724661,3.772715,-2.70195,-0.19289800000000046,-0.19299642857142857,-9.842857142811079e-05
22.166448,8.497376,4.722743,3.774632,-2.70195,-0.1909800000000006,-0.19299642857142857,-0.002016428571427975
22.175017,8.551463,4.719292,3.832171,-2.647862999999999,-0.1875290000000005,-0.18913307142857136,-0.001604071428570858
22.17553,8.609424,4.716991,3.892434,-2.5899019999999986,-0.1852280000000004,-0.1849929999999999,0.00023500000000048482
22.179893,8.658828,4.713156,3.945672,-2.5404979999999995,-0.18139299999999992,-0.18146414285714282,-7.114285714290847e-05
22.182345,8.696422,4.710088,3.986334,-2.502903999999999,-0.17832500000000007,-0.17877885714285707,-0.00045385714285700596
22.188444,8.772007,4.70702,4.064987,-2.427318999999999,-0.17525700000000022,-0.1733799285714285,0.0018770714285717138
22.189998,8.791883,4.703569,4.088314,-2.407442999999999,-0.17180600000000013,-0.1719602142857142,-0.00015421428571407714
22.193325,8.833448,4.700884,4.132564,-2.3658779999999986,-0.16912100000000052,-0.16899128571428562,0.00012971428571489918
22.196215,8.870722,4.6982,4.172522,-2.3286039999999986,-0.16643700000000017,-0.16632885714285703,0.00010814285714313976
22.199584,8.906208,4.695132,4.211076,-2.2931179999999998,-0.16336900000000032,-0.16379414285714283,-0.0004251428571425131
22.201785,8.94313,4.692831,4.250299,-2.256195999999999,-0.1610680000000002,-0.16115685714285707,-8.885714285686297e-05
22.204797,8.98234,4.69053,4.29181,-2.2169859999999986,-0.1587670000000001,-0.15835614285714275,0.00041085714285735153
22.207809,9.027251,4.687462,4.33979,-2.1720749999999995,-0.15569900000000025,-0.15514821428571426,0.0005507857142859895
22.210607,9.059718,4.683627,4.376091,-2.139607999999999,-0.15186400000000067,-0.1528291428571428,-0.0009651428571421372
22.213984,9.102455,4.681326,4.42113,-2.0968709999999984,-0.14956300000000056,-0.1497764999999999,-0.00021349999999933922
22.218949,9.159846,4.677874,4.481971,-2.0394799999999993,-0.14611100000000032,-0.1456771428571428,0.0004338571428575133
22.220546,9.186891,4.674423,4.512468,-2.012435,-0.14266000000000023,-0.14374535714285713,-0.001085357142856902
22.22347,9.234157,4.671355,4.562802,-1.9651689999999995,-0.13959200000000038,-0.14036921428571425,-0.0007772142857138675
22.226639,9.275854,4.668287,4.607567,-1.9234719999999985,-0.13652400000000053,-0.13739085714285704,-0.0008668571428565031
22.229834,9.321736,4.665986,4.65575,-1.8775899999999996,-0.13422300000000043,-0.13411357142857142,0.00010942857142900997
22.232729,9.359492,4.662151,4.697341,-1.8398339999999997,-0.13038799999999995,-0.13141671428571428,-0.0010287142857143272
22.235904,9.403224,4.659083,4.74414,-1.7961019999999994,-0.1273200000000001,-0.12829299999999996,-0.0009729999999998629
22.23964,9.448433,4.656782,4.79165,-1.7508929999999996,-0.125019,-0.1250637857142857,-4.478571428570555e-05
22.242109,9.489522,4.653714,4.835808,-1.709804,-0.12195100000000014,-0.12212885714285715,-0.0001778571428570075
22.244985,9.531012,4.65103,4.879982,-1.6683139999999987,-0.11926700000000068,-0.11916528571428563,0.00010171428571505159
22.248203,9.570424,4.648345,4.922079,-1.628902,-0.11658200000000019,-0.11635014285714286,0.00023185714285732517
22.250971,9.609739,4.644127,4.965613,-1.5895869999999999,-0.11236400000000035,-0.11354192857142856,-0.001177928571428205
22.254136,9.655034,4.641442,5.013592,-1.5442919999999987,-0.10967899999999986,-0.11030657142857134,-0.0006275714285714773
22.258892,9.711941,4.637991,5.07395,-1.4873849999999997,-0.10622800000000066,-0.10624178571428569,-1.3785714285036166e-05
22.260236,9.737246,4.635306,5.10194,-1.4620799999999985,-0.10354300000000016,-0.1044342857142856,-0.0008912857142854419
22.263724,9.789264,4.631088,5.158176,-1.410062,-0.09932500000000033,-0.10071871428571429,-0.0013937142857139567
22.266457,9.832066,4.628787,5.203279,-1.36726,-0.09702400000000022,-0.09766142857142857,-0.0006374285714283445
22.270535,9.875967,4.624185,5.251782,-1.323359,-0.092422,-0.09452564285714285,-0.0021036428571428456
22.273611,9.932774,4.621117,5.311656,-1.266551999999999,-0.08935400000000016,-0.09046799999999992,-0.001113999999999768
22.276603,9.97886,4.618433,5.360428,-1.220466,-0.0866699999999998,-0.08717614285714285,-0.0005061428571430521
22.280211,10.027395,4.615365,5.41203,-1.171930999999999,-0.08360199999999995,-0.08370935714285707,-0.0001073571428571174
22.282661,10.069424,4.610763,5.458662,-1.1299019999999995,-0.07900000000000063,-0.08070728571428568,-0.0017072857142850506
22.285687,10.114563,4.608078,5.506485,-1.0847629999999988,-0.07631500000000013,-0.07748307142857135,-0.001168071428571213
22.289953,10.163283,4.605394,5.55789,-1.0360429999999994,-0.07363100000000067,-0.07400307142857139,-0.0003720714285707222
22.291907,10.203382,4.601559,5.601823,-0.9959439999999997,-0.06979600000000019,-0.07113885714285713,-0.0013428571428569375
22.295694,10.257111,4.598491,5.65862,-0.9422149999999991,-0.06672800000000034,-0.06730107142857136,-0.0005730714285710203
22.299722,10.307183,4.595423,5.71176,-0.892142999999999,-0.0636600000000005,-0.06372449999999993,-6.449999999944e-05
22.301919,10.346632,4.590821,5.755811,-0.8526939999999996,-0.05905800000000028,-0.06090671428571426,-0.0018487142857139816
22.305239,10.394772,4.587753,5.807019,-0.8045539999999995,-0.05599000000000043,-0.05746814285714282,-0.0014781428571423935
22.308602,10.439175,4.585452,5.853723,-0.7601509999999987,-0.05368900000000032,-0.05429649999999991,-0.0006074999999995875
22.311227,10.484354,4.582001,5.902354,-0.7149719999999995,-0.05023800000000023,-0.051069428571428536,-0.0008314285714283096
22.314692,10.534056,4.578166,5.95589,-0.6652699999999996,-0.04640300000000064,-0.04751928571428569,-0.0011162857142850494
22.317818,10.586453,4.575098,6.011355,-0.6128729999999987,-0.0433349999999999,-0.043776642857142764,-0.00044164285714286267
22.320701,10.628511,4.57203,6.056481,-0.5708149999999996,-0.04026700000000005,-0.040772499999999975,-0.0005054999999999227
22.323833,10.673188,4.568578,6.10461,-0.5261379999999996,-0.03681499999999982,-0.037581285714285685,-0.0007662857142858651
22.326818,10.718444,4.563593,6.154851,-0.48088199999999937,-0.03183000000000025,-0.03434871428571424,-0.0025187142857139924
22.330432,10.769854,4.561292,6.208562,-0.42947199999999874,-0.02952900000000014,-0.030676571428571338,-0.0011475714285711994
22.332936,10.811743,4.557073,6.25467,-0.38758299999999934,-0.025310000000000166,-0.027684499999999952,-0.0023744999999997865
22.335967,10.860326,4.554389,6.305937,-0.33899999999999864,-0.022625999999999813,-0.024214285714285615,-0.0015882857142858024
22.339744,10.907257,4.552088,6.355169,-0.2920689999999997,-0.020325000000000593,-0.020862071428571407,-0.0005370714285708143
22.341875,10.952233,4.54787,6.404364,-0.24709299999999956,-0.01610699999999987,-0.017649499999999967,-0.0015425000000000959
22.345017,10.997977,4.545185,6.452792,-0.20134899999999867,-0.013422000000000267,-0.014382071428571333,-0.0009600714285710656
22.34859,11.045285,4.541734,6.503551,-0.15404099999999943,-0.009971000000000174,-0.01100292857142853,-0.0010319285714283557
22.35136,11.092366,4.537132,6.555234,-0.10695999999999906,-0.005368999999999957,-0.0076399999999999324,-0.0022709999999999753
22.354878,11.150531,4.534447,6.616084,-0.04879499999999837,-0.0026840000000003528,-0.0034853571428570262,-0.0008013571428566735
22.358999,11.202567,4.530229,6.672339,0.0032410000000009376,0.0015339999999994802,0.00023150000000006697,-0.0013024999999994133
22.361638,11.245712,4.527161,6.718551,0.04638600000000004,0.004601999999999329,0.003313285714285717,-0.0012887142857136119
22.365109,11.298126,4.524093,6.774033,0.09880000000000067,0.007670000000000066,0.007057142857142905,-0.0006128571428571606
22.369041,11.341863,4.519107,6.822756,0.1425370000000008,0.012655999999999779,0.010181214285714344,-0.002474785714285435
22.371601,11.396557,4.514889,6.881668,0.19723100000000038,0.01687399999999961,0.014087928571428598,-0.002786071428571013
22.375759,11.455865,4.511821,6.944044,0.2565390000000001,0.01994199999999946,0.01832421428571429,-0.0016177857142851693
22.379297,11.507664,4.50837,6.999294,0.3083380000000009,0.023392999999999553,0.02202414285714292,-0.0013688571428566339
22.381953,11.553397,4.504918,7.048479,0.35407100000000113,0.026844999999999786,0.025290785714285797,-0.0015542142857139889
22.385071,11.602364,4.5007,7.101664,0.40303800000000045,0.03106299999999962,0.028788428571428604,-0.002274571428571015
22.388187,11.651718,4.497632,7.154086,0.45239200000000146,0.03413099999999947,0.03231371428571439,-0.0018172857142850773
22.390975,11.691352,4.495331,7.196021,0.49202600000000096,0.036431999999999576,0.035144714285714355,-0.0012872857142852204
22.394319,11.741037,4.491879,7.249158,0.5417110000000012,0.03988399999999981,0.03869364285714294,-0.0011903571428568682
22.397311,11.78379,4.488811,7.294979,0.5844640000000005,0.04295199999999966,0.04174742857142861,-0.0012045714285710482
22.400234,11.829055,4.484593,7.344462,0.6297290000000011,0.04716999999999949,0.044980642857142934,-0.002189357142856556
22.403201,11.873847,4.481525,7.392322,0.6745210000000004,0.05023799999999934,0.048180071428571454,-0.0020579285714278847
22.4061,11.917949,4.478073,7.439876,0.7186230000000009,0.05368999999999957,0.05133021428571435,-0.0023597857142852244
22.409544,11.96604,4.475389,7.490651,0.7667140000000003,0.056373999999999924,0.05476528571428574,-0.0016087142857141856
22.412033,12.003677,4.472704,7.530972,0.8043510000000005,0.05905899999999953,0.05745364285714289,-0.001605357142856638
22.415203,12.051621,4.469253,7.582368,0.8522950000000016,0.06250999999999962,0.060878214285714397,-0.001631785714285225
22.418695,12.10299,4.464651,7.638339,0.9036640000000009,0.06711199999999984,0.06454742857142863,-0.002564571428571208
22.421579,12.150048,4.461967,7.688081,0.9507220000000007,0.06979600000000019,0.06790871428571434,-0.0018872857142858551
22.424741,12.196268,4.456981,7.739287,0.9969420000000007,0.0747819999999999,0.0712101428571429,-0.0035718571428570017
22.428173,12.250609,4.454297,7.796312,1.0512830000000015,0.07746599999999937,0.07509164285714297,-0.002374357142856401
22.431593,12.291817,4.450845,7.840972,1.0924910000000008,0.0809179999999996,0.07803507142857148,-0.00288292857142812
22.434278,12.339501,4.447777,7.891724,1.140175000000001,0.08398599999999945,0.0814410714285715,-0.0025449285714279485
22.438851,12.406679,4.443559,7.96312,1.2073530000000012,0.08820400000000017,0.0862395000000001,-0.0019645000000000773
22.44064,12.438041,4.440491,7.99755,1.238715000000001,0.09127200000000002,0.08847964285714292,-0.0027923571428570965
22.444243,12.488634,4.436272,8.052362,1.2893080000000001,0.09549099999999999,0.09209342857142858,-0.0033975714285714165
22.447739,12.552401,4.433204,8.119196,1.3530750000000005,0.09855899999999984,0.09664821428571432,-0.0019107857142855178
22.451051,12.582485,4.43052,8.151965,1.383159000000001,0.1012430000000002,0.0987970714285715,-0.002445928571428696
22.454213,12.634502,4.426302,8.208201,1.4351760000000002,0.10546100000000003,0.10251257142857144,-0.002948428571428588
22.458891,12.698766,4.423234,8.275533,1.4994400000000017,0.10852899999999988,0.10710285714285726,-0.0014261428571426121
22.460239,12.724898,4.420166,8.304732,1.5255720000000004,0.11159699999999972,0.10896942857142859,-0.002627571428571132
22.463794,12.771433,4.415947,8.355485,1.5721070000000008,0.1158159999999997,0.1122933571428572,-0.0035226428571425022
22.4693,12.842898,4.411729,8.431169,1.6435720000000007,0.12003399999999953,0.11739800000000004,-0.002635999999999486
22.470839,12.877508,4.408277,8.469231,1.6781820000000014,0.12348599999999976,0.11987014285714295,-0.00361585714285681
22.474841,12.933295,4.404059,8.529236,1.733969,0.1277039999999996,0.12385492857142857,-0.0038490714285710215
22.478263,12.985457,4.400991,8.584467,1.786131000000001,0.13077199999999944,0.1275807857142858,-0.003191214285713645
22.481406,13.025663,4.397156,8.628507,1.8263370000000005,0.13460699999999992,0.1304526428571429,-0.004154357142857029
22.484922,13.072983,4.394471,8.678511,1.8736570000000015,0.13729199999999953,0.13383264285714297,-0.003459357142856556
22.487964,13.127524,4.39102,8.736504,1.928198,0.14074299999999962,0.13772842857142858,-0.0030145714285710334
22.49083,13.160129,4.387569,8.77256,1.9608030000000003,0.1441939999999997,0.14005735714285716,-0.004136642857142547
22.494616,13.211796,4.384501,8.827295,2.0124700000000004,0.14726199999999956,0.14374785714285718,-0.0035141428571423827
22.497924,13.267695,4.381816,8.885879,2.0683690000000006,0.14994700000000005,0.1477406428571429,-0.0022063571428571627
22.500613,13.296303,4.379515,8.916788,2.0969770000000008,0.15224800000000016,0.14978407142857147,-0.0024639285714286863
22.503878,13.339749,4.376447,8.963301,2.140423,0.155316,0.15288735714285714,-0.0024286428571428653
22.5067,13.380366,4.372229,9.008137,2.181040000000001,0.15953399999999984,0.15578857142857153,-0.0037454285714283164
22.509821,13.421728,4.369544,9.052184,2.2224020000000007,0.16221899999999945,0.15874300000000005,-0.0034759999999993962
22.512617,13.461582,4.367627,9.093955,2.2622560000000007,0.16413600000000006,0.16158971428571434,-0.002546285714285723
22.515481,13.499435,4.364942,9.134493,2.300109000000001,0.16682099999999966,0.16429350000000006,-0.0025274999999995995
22.518845,13.539547,4.361874,9.177672,2.3402210000000014,0.1698889999999995,0.16715864285714296,-0.0027303571428565487
22.521354,13.578179,4.359573,9.218606,2.378853000000001,0.17218999999999962,0.16991807142857152,-0.0022719285714281057
22.524697,13.621343,4.356889,9.264454,2.4220170000000003,0.17487399999999997,0.1730012142857143,-0.001872785714285674
22.528755,13.676203,4.35267,9.323532,2.476877,0.17909299999999995,0.1769197857142857,-0.0021732142857142367
22.530235,13.70456,4.349603,9.354958,2.5052340000000015,0.18215999999999966,0.17894528571428583,-0.003214714285713821
22.533916,13.744781,4.348069,9.396712,2.5454550000000005,0.18369400000000002,0.18181821428571432,-0.0018757857142857048
22.536832,13.781674,4.345384,9.43629,2.5823480000000014,0.18637899999999963,0.18445342857142868,-0.0019255714285709435
22.539979,13.821598,4.3427,9.478899,2.6222720000000006,0.18906299999999998,0.1873051428571429,-0.0017578571428570888
22.542612,13.854029,4.340782,9.513247,2.6547030000000014,0.19098099999999985,0.18962164285714295,-0.0013593571428568985
22.545548,13.891345,4.336947,9.554398,2.692019,0.19481599999999943,0.19228707142857143,-0.002528928571428002
22.548936,13.93136,4.333879,9.597481,2.7320340000000005,0.19788400000000017,0.19514528571428574,-0.0027387142857144275
22.551772,13.972222,4.330044,9.642178,2.772896000000001,0.20171899999999976,0.19806400000000007,-0.0036549999999996863
22.555114,14.01475,4.327743,9.687006,2.815424,0.20401999999999987,0.2011017142857143,-0.002918285714285568
22.558401,14.054468,4.325826,9.728642,2.8551420000000007,0.2059369999999996,0.20393871428571433,-0.0019982857142852584
22.561466,14.093824,4.322374,9.77145,2.8944980000000005,0.20938899999999983,0.20674985714285718,-0.0026391428571426456
22.564903,14.135142,4.31969,9.815452,2.935816000000001,0.21207300000000018,0.20970114285714292,-0.002371857142857259
22.56936,14.181694,4.317005,9.864689,2.982368000000001,0.21475799999999978,0.21302628571428578,-0.0017317142857140033
22.570652,14.2076,4.315088,9.892512,3.008274,0.2166749999999995,0.21487671428571428,-0.0017982857142852249
22.574174,14.248896,4.312403,9.936492,3.049570000000001,0.21936,0.21782642857142864,-0.0015335714285713564
22.577354,14.28227,4.308952,9.973318,3.0829440000000012,0.2228110000000001,0.2202102857142858,-0.0026007142857142895
22.580167,14.319327,4.307418,10.011909,3.1200010000000002,0.22434499999999957,0.2228572142857143,-0.0014877857142852613
22.583276,14.352398,4.304734,10.047664,3.1530720000000017,0.22702899999999993,0.22521942857142868,-0.0018095714285712439
22.586238,14.387203,4.302433,10.08477,3.1878770000000003,0.22933000000000003,0.22770550000000003,-0.001624500000000001
22.589614,14.42519,4.298981,10.126209,3.2258640000000014,0.23278199999999938,0.23041885714285723,-0.0023631428571421476
22.592424,14.461893,4.296297,10.165596,3.2625670000000007,0.23546599999999973,0.23304050000000004,-0.002425499999999692
22.595748,14.49579,4.294379,10.201411,3.2964640000000003,0.2373839999999996,0.2354617142857143,-0.0019222857142852934
22.599028,14.532903,4.290544,10.242358,3.333577,0.24121900000000007,0.23811264285714287,-0.0031063571428572023
22.601928,14.567808,4.288627,10.279181,3.368482,0.2431359999999998,0.24060585714285715,-0.0025301428571426476
22.605259,14.60433,4.286709,10.317621,3.405004,0.24505399999999966,0.24321457142857142,-0.0018394285714282421
22.608381,14.639562,4.284408,10.355154,3.4402360000000005,0.24735499999999977,0.2457311428571429,-0.0016238571428568715
22.611154,14.668958,4.281724,10.387234,3.4696320000000007,0.2500390000000001,0.24783085714285719,-0.0022081428571429362
22.615044,14.711348,4.279423,10.431925,3.512022,0.25233999999999934,0.25085871428571427,-0.0014812857142850744
22.618626,14.747357,4.276355,10.471002,3.548031,0.2554080000000001,0.25343078571428573,-0.001977214285714346
22.621345,14.778608,4.274437,10.50417,3.579282000000001,0.25732599999999994,0.2556630000000001,-0.001662999999999859
22.624763,14.811443,4.27252,10.538923,3.6121170000000014,0.25924299999999967,0.25800835714285725,-0.0012346428571424206
22.627913,14.847349,4.269836,10.577514,3.6480230000000002,0.261927,0.26057307142857145,-0.0013539285714285754
22.630984,14.869343,4.267918,10.601425,3.6700170000000014,0.2638449999999999,0.26214407142857155,-0.0017009285714283395
22.634324,14.903729,4.266001,10.637728,3.704403000000001,0.2657619999999996,0.26460021428571434,-0.0011617857142852683
22.63724,14.93297,4.2637,10.669271,3.733644,0.2680629999999997,0.2666888571428571,-0.0013741428571426018
22.640224,14.964164,4.261782,10.702382,3.764838000000001,0.2699809999999996,0.2689170000000001,-0.0010639999999995098
22.643206,14.995354,4.259481,10.735873,3.7960280000000015,0.2722819999999997,0.27114485714285724,-0.001137142857142448
22.646215,15.024488,4.256797,10.767691,3.8251620000000006,0.27496600000000004,0.2732258571428572,-0.0017401428571428568
22.649574,15.056745,4.255263,10.801482,3.857419,0.2764999999999995,0.2755299285714286,-0.0009700714285709178
22.652243,15.08064,4.253345,10.827295,3.8813140000000015,0.2784179999999994,0.2772367142857144,-0.0011812857142849964
22.655155,15.105058,4.251811,10.853247,3.9057320000000004,0.27995199999999976,0.2789808571428572,-0.0009711428571425595
22.658185,15.133095,4.249894,10.883201,3.9337690000000016,0.2818689999999995,0.2809835000000001,-0.0008854999999993729
22.661139,15.155426,4.247209,10.908217,3.956100000000001,0.284554,0.2825785714285715,-0.0019754285714284614
22.665102,15.193265,4.245675,10.947589,3.993939000000001,0.28608799999999945,0.28528135714285724,-0.0008066428571422146
22.668689,15.221906,4.243374,10.978531,4.022580000000001,0.28838899999999956,0.28732714285714295,-0.0010618571428566148
22.671012,15.246184,4.241457,11.004727,4.046858,0.2903060000000002,0.28906128571428574,-0.0012447142857144322
22.674254,15.271956,4.239923,11.032033,4.07263,0.29183999999999966,0.2909021428571429,-0.0009378571428567684
22.679074,15.296636,4.238772,11.057864,4.09731,0.2929909999999998,0.292665,-0.0003259999999997709
22.680246,15.319907,4.236471,11.083435,4.120581000000001,0.2952919999999999,0.2943272142857144,-0.0009647857142854876
22.683588,15.344157,4.23417,11.109986,4.144831,0.297593,0.29605935714285714,-0.0015336428571428584
22.686939,15.366149,4.233403,11.132746,4.166823000000001,0.29835999999999974,0.29763021428571435,-0.0007297857142853914
22.689742,15.389758,4.231486,11.158272,4.190432000000001,0.30027699999999946,0.29931657142857154,-0.0009604285714279182
22.692745,15.411563,4.230336,11.181228,4.212237,0.30142699999999945,0.3008740714285714,-0.0005529285714280241
22.69585,15.436148,4.228035,11.208113,4.236822,0.30372799999999955,0.30263014285714285,-0.0010978571428567063
22.699096,15.464848,4.226117,11.238731,4.265522000000001,0.3056459999999994,0.3046801428571429,-0.0009658571428565188
22.702038,15.488074,4.224583,11.263491,4.288748,0.3071799999999998,0.30633914285714287,-0.0008408571428569211
22.705129,15.509743,4.223049,11.286694,4.310417000000001,0.30871400000000015,0.30788692857142863,-0.0008270714285715242
22.708274,15.531431,4.220748,11.310683,4.332105,0.3110149999999994,0.30943607142857144,-0.00157892857142794
22.71105,15.548721,4.219981,11.32874,4.349395000000001,0.311782,0.31067107142857153,-0.0011109285714284711
22.714812,15.571117,4.218064,11.353053,4.371791,0.31369899999999973,0.31227078571428574,-0.0014282142857139912
22.71823,15.59371,4.21653,11.37718,4.3943840000000005,0.3152330000000001,0.31388457142857146,-0.0013484285714286393
22.721172,15.607594,4.215379,11.392215,4.408268000000001,0.31638399999999933,0.31487628571428583,-0.0015077142857135017
22.724662,15.623877,4.214996,11.408882,4.424551000000001,0.3167669999999996,0.3160393571428572,-0.0007276428571423854
22.727782,15.648032,4.213078,11.434953,4.448706000000001,0.31868499999999944,0.3177647142857144,-0.0009202857142850407
22.730602,15.661782,4.211928,11.449854,4.462456000000001,0.3198349999999994,0.3187468571428572,-0.0010881428571422047
22.734123,15.681259,4.210777,11.470482,4.4819330000000015,0.32098599999999955,0.32013807142857154,-0.0008479285714280138
22.738715,15.713473,4.209243,11.50423,4.514147000000001,0.3225199999999999,0.32243907142857153,-8.092857142838472e-05
22.74002,15.719991,4.207709,11.512282,4.520665000000001,0.3240539999999994,0.32290464285714293,-0.0011493571428564664
22.743435,15.74273,4.206942,11.535787,4.543404000000001,0.324821,0.3245288571428572,-0.00029214285714285193
22.746397,15.760904,4.205408,11.555495,4.561578000000001,0.3263549999999995,0.32582700000000003,-0.0005279999999994733
22.749592,15.773262,4.203874,11.569388,4.573936000000002,0.3278889999999999,0.3267097142857144,-0.001179285714285494
22.752478,15.789784,4.203107,11.586677,4.590458,0.3286559999999996,0.3278898571428571,-0.0007661428571424933
22.755645,15.804456,4.20234,11.602115,4.605130000000001,0.32942299999999936,0.3289378571428572,-0.000485142857142129
22.75887,15.814902,4.201573,11.613328,4.615576000000001,0.33019,0.32968400000000003,-0.0005059999999999509
22.761414,15.828381,4.200039,11.628341,4.629055000000001,0.33172399999999946,0.3306467857142858,-0.001077214285713668
22.764956,15.838034,4.200039,11.637995,4.638708000000001,0.33172399999999946,0.3313362857142858,-0.0003877142857136584
22.769322,15.848177,4.199272,11.648905,4.6488510000000005,0.3324910000000001,0.33206078571428577,-0.0004302142857143254
22.770969,15.857992,4.198505,11.659487,4.658666,0.33325799999999983,0.33276185714285716,-0.0004961428571426674
22.77405,15.863562,4.198505,11.665057,4.664236000000001,0.33325799999999983,0.33315971428571434,-9.828571428549537e-05
22.778922,15.879296,4.196971,11.682324,4.679970000000001,0.3347920000000002,0.3342835714285715,-0.0005084285714286874
22.780028,15.889033,4.195821,11.693212,4.689707,0.3359420000000002,0.3349790714285715,-0.0009629285714287117
22.783504,15.911256,4.19467,11.716586,4.711930000000001,0.3370929999999994,0.3365664285714286,-0.0005265714285708212
22.786855,15.920631,4.193903,11.726727,4.721305000000001,0.33786000000000005,0.3372360714285715,-0.000623928571428567
22.790312,15.935502,4.193136,11.742365,4.736176,0.3386269999999998,0.3382982857142857,-0.00032871428571407124
22.79316,15.940686,4.191986,11.7487,4.74136,0.3397769999999998,0.33866857142857143,-0.0011084285714283437
22.796702,15.956031,4.191603,11.764428,4.756705,0.34016,0.33976464285714286,-0.0003953571428571556
22.799875,15.959834,4.191219,11.768615,4.7605080000000015,0.3405439999999995,0.34003628571428585,-0.0005077142857136674
22.802639,15.966469,4.190069,11.7764,4.767143000000001,0.3416939999999995,0.3405102142857143,-0.0011837857142851793
22.805523,15.981063,4.189685,11.791378,4.7817370000000015,0.3420779999999999,0.341552642857143,-0.000525357142856897
22.808876,15.984833,4.189302,11.795532,4.785507000000001,0.3424610000000001,0.3418219285714286,-0.0006390714285715027
22.81225,15.989961,4.188918,11.801043,4.790635,0.3428449999999996,0.3421882142857143,-0.0006567857142853462
22.81566,15.999827,4.188535,11.811293,4.800501000000001,0.34322799999999987,0.3428929285714286,-0.00033507142857125416
22.819109,16.003788,4.188151,11.815637,4.804462000000001,0.34361199999999936,0.3431758571428572,-0.0004361428571421633
22.821849,16.005675,4.187768,11.817908,4.806349000000001,0.3439949999999996,0.3433106428571429,-0.0006843571428566952
22.821849,16.005675,4.188151,11.817524,4.806349000000001,0.34361199999999936,0.3433106428571429,-0.000301357142856451
22.821849,16.005675,4.187384,11.818291,4.806349000000001,0.344379,0.3433106428571429,-0.0010683571428570793
22.833327,16.01105,4.187384,11.823666,4.811724000000002,0.344379,0.34369457142857157,-0.0006844285714284193
22.836452,16.017902,4.187001,11.830902,4.818576,0.34476199999999935,0.344184,-0.0005779999999993568
22.840427,16.024601,4.186617,11.837984,4.825275000000001,0.34514599999999973,0.3446625000000001,-0.000483499999999637
22.84275,16.026781,4.186617,11.840164,4.8274550000000005,0.34514599999999973,0.3448182142857143,-0.00032778571428543346
22.846012,16.026357,4.187001,11.839357,4.827031000000002,0.34476199999999935,0.3447879285714287,2.5928571429356673e-05
22.849285,16.025746,4.186617,11.839129,4.826420000000002,0.34514599999999973,0.3447442857142859,-0.00040171428571383894
22.852376,16.025741,4.187001,11.838741,4.826415000000001,0.34476199999999935,0.3447439285714286,-1.8071428570742842e-05
22.855578,16.025362,4.187001,11.838362,4.826036000000002,0.34476199999999935,0.34471685714285727,-4.514285714207755e-05
22.859294,16.026395,4.186617,11.839778,4.827069000000002,0.34514599999999973,0.34479064285714295,-0.00035535714285678255
22.861582,16.025936,4.186617,11.839319,4.826610000000002,0.34514599999999973,0.3447578571428573,-0.00038814285714244834
22.86491,16.025156,4.187001,11.838155,4.82583,0.34476199999999935,0.34470214285714285,-5.98571428565009e-05
22.869304,16.025025,4.186617,11.838408,4.825699,0.34514599999999973,0.34469278571428574,-0.0004532142857139876
22.871397,16.024995,4.186617,11.838378,4.825669000000001,0.34514599999999973,0.34469064285714296,-0.00045535714285677154
22.87445,16.023884,4.186617,11.837267,4.824558,0.34514599999999973,0.3446112857142857,-0.0005347142857140552
22.8788,16.023517,4.186617,11.8369,4.824190999999999,0.34514599999999973,0.34458507142857137,-0.0005609285714283652
22.880367,16.022563,4.187001,11.835562,4.823237000000002,0.34476199999999935,0.34451692857142874,-0.00024507142857060904
22.884236,16.019982,4.187384,11.832597,4.820656,0.344379,0.3443325714285714,-4.6428571428613896e-05
22.888481,16.018478,4.187001,11.831477,4.8191520000000025,0.34476199999999935,0.34422514285714306,-0.000536857142856284
22.890197,16.017471,4.187001,11.83047,4.818145000000001,0.34476199999999935,0.3441532142857144,-0.0006087857142849651
22.894034,16.014572,4.187001,11.827572,4.815246000000002,0.34476199999999935,0.343946142857143,-0.0008158571428563688
22.898819,16.012159,4.187384,11.824775,4.812833000000001,0.344379,0.3437737857142858,-0.0006052142857141951
22.900893,16.011285,4.187384,11.823901,4.811959000000002,0.344379,0.3437113571428573,-0.000667642857142714
22.904397,16.008616,4.187001,11.821615,4.809290000000001,0.34476199999999935,0.34352071428571435,-0.001241285714285001
22.908863,16.006739,4.187001,11.819738,4.807413,0.34476199999999935,0.3433866428571429,-0.0013753571428564704
22.910521,16.006164,4.187001,11.819163,4.806837999999999,0.34476199999999935,0.34334557142857136,-0.0014164285714279856
22.913965,16.003395,4.187001,11.816395,4.804069000000002,0.34476199999999935,0.34314778571428584,-0.0016142142857135111
22.918674,15.989624,4.187768,11.801856,4.790298,0.3439949999999996,0.34216414285714286,-0.0018308571428567455
22.920084,15.985519,4.188151,11.797368,4.786193000000001,0.34361199999999936,0.34187092857142864,-0.0017410714285707174
22.923817,15.981141,4.188535,11.792606,4.781815,0.34322799999999987,0.34155821428571426,-0.0016697857142856098
22.927077,15.977784,4.188151,11.789633,4.7784580000000005,0.34361199999999936,0.34131842857142863,-0.0022935714285707287
22.930017,15.970261,4.189302,11.780959,4.7709350000000015,0.3424610000000001,0.34078107142857156,-0.0016799285714285683
22.932974,15.96295,4.189685,11.773265,4.763624,0.3420779999999999,0.34025885714285714,-0.0018191428571427415
22.936173,15.960336,4.190069,11.770268,4.761010000000001,0.3416939999999995,0.3400721428571429,-0.0016218571428566197
22.939613,15.959123,4.190069,11.769054,4.759797000000001,0.3416939999999995,0.33998550000000005,-0.0017084999999994466
22.942569,15.957902,4.190069,11.767833,4.7585760000000015,0.3416939999999995,0.3398982857142858,-0.0017957142857136787
22.945336,15.955177,4.190836,11.764341,4.755851000000002,0.34092699999999976,0.339703642857143,-0.0012233571428567624
22.948402,15.944063,4.191219,11.752844,4.744737000000001,0.3405439999999995,0.33890978571428576,-0.0016342142857137532
22.951677,15.931409,4.192369,11.73904,4.732083000000001,0.33939399999999953,0.33800592857142864,-0.0013880714285708917
22.955148,15.921819,4.193136,11.728682,4.722493,0.3386269999999998,0.3373209285714286,-0.0013060714285711983
22.958446,15.90571,4.193903,11.711807,4.706384,0.33786000000000005,0.3361702857142857,-0.00168971428571435
22.961473,15.894183,4.19467,11.699513,4.694857000000001,0.3370929999999994,0.3353469285714286,-0.0017460714285708057
22.9649,15.880729,4.195821,11.684908,4.681403000000001,0.3359420000000002,0.3343859285714287,-0.0015560714285715038
22.969359,15.868595,4.196204,11.672391,4.669269,0.33555899999999994,0.3335192142857143,-0.002039785714285647
22.970724,15.858942,4.196971,11.661971,4.6596160000000015,0.3347920000000002,0.3328297142857144,-0.0019622857142858052
22.974128,15.852616,4.198122,11.654494,4.65329,0.3336410000000001,0.33237785714285717,-0.001263142857142907
22.978977,15.835371,4.198889,11.636482,4.636045000000001,0.33287399999999945,0.3311460714285715,-0.0017279285714279502
22.980268,15.823039,4.200039,11.622999,4.623713,0.33172399999999946,0.3302652142857143,-0.001458785714285149
22.983434,15.805027,4.201573,11.603453,4.605701000000002,0.33019,0.32897864285714296,-0.001211357142857028
22.986629,15.783476,4.202724,11.580752,4.584150000000001,0.32903899999999986,0.32743928571428577,-0.0015997142857140934
22.989613,15.770401,4.203491,11.56691,4.571075,0.3282720000000001,0.32650535714285717,-0.0017666428571429527
22.992462,15.755864,4.204641,11.551223,4.5565380000000015,0.32712200000000013,0.3254670000000001,-0.0016550000000000176
22.995572,15.738685,4.206175,11.53251,4.539359000000001,0.32558799999999977,0.32423992857142864,-0.0013480714285711293
22.99886,15.72802,4.206559,11.521462,4.5286940000000016,0.3252039999999994,0.323478142857143,-0.0017258571428563907
23.001461,15.708856,4.20886,11.499996,4.509530000000002,0.32290300000000016,0.3221092857142858,-0.000793714285714342
23.005028,15.691095,4.209627,11.481469,4.4917690000000015,0.32213599999999953,0.320840642857143,-0.001295357142856557
23.008766,15.676356,4.210777,11.465579,4.477030000000001,0.32098599999999955,0.31978785714285723,-0.0011981428571423147
23.011304,15.659345,4.212311,11.447034,4.460019000000001,0.31945200000000007,0.31857278571428577,-0.0008792142857143026
23.014755,15.640339,4.213078,11.427261,4.441013000000002,0.31868499999999944,0.3172152142857144,-0.0014697857142850212
23.018117,15.613605,4.214996,11.39861,4.4142790000000005,0.3167669999999996,0.3153056428571429,-0.0014613571428566674
23.020778,15.600821,4.215763,11.385059,4.401495000000001,0.31599999999999984,0.3143925,-0.0016074999999998174
23.024229,15.576252,4.21768,11.358572,4.376926000000001,0.3140830000000001,0.3126375714285715,-0.0014454285714285975
23.028603,15.542626,4.219598,11.323028,4.343300000000001,0.31216499999999936,0.31023571428571434,-0.0019292857142850228
23.029941,15.532709,4.221515,11.311194,4.333383000000001,0.31024799999999964,0.30952735714285723,-0.0007206428571424062
23.033236,15.508251,4.223049,11.285202,4.308925,0.30871400000000015,0.3077803571428572,-0.00093364285714298
23.036263,15.487072,4.224967,11.262105,4.287746,0.3067959999999994,0.3062675714285715,-0.0005284285714279302
23.039697,15.463305,4.226884,11.236421,4.263979000000001,0.3048789999999997,0.3045699285714286,-0.0003090714285710616
23.04263,15.441302,4.228035,11.213268,4.241976000000001,0.30372799999999955,0.3029982857142858,-0.0007297142857137784
23.045463,15.423485,4.228802,11.194683,4.224159,0.3029609999999998,0.3017256428571429,-0.001235357142856941
23.048695,15.404625,4.230336,11.174289,4.205299,0.30142699999999945,0.3003785,-0.0010484999999994526
23.052233,15.383762,4.232636,11.151125,4.184436000000002,0.2991269999999995,0.29888828571428583,-0.00023871428571364817
23.054874,15.359808,4.23417,11.125638,4.160482,0.297593,0.2971772857142857,-0.00041571428571429703
23.058925,15.333754,4.236855,11.096899,4.1344280000000015,0.2949079999999995,0.2953162857142858,0.000408285714286305
23.061447,15.306081,4.238389,11.067692,4.1067550000000015,0.293374,0.293339642857143,-3.435714285704439e-05
23.06493,15.274223,4.24069,11.033533,4.074897,0.2910729999999999,0.29106407142857144,-8.928571428479248e-06
23.069128,15.238769,4.243374,10.995395,4.039443,0.28838899999999956,0.2885316428571429,0.00014264285714332692
23.071008,15.218719,4.244908,10.973811,4.019393000000001,0.2868550000000001,0.28709950000000006,0.00024449999999998084
23.0752,15.176959,4.246442,10.930516,3.977633000000001,0.2853209999999997,0.28411664285714294,-0.0012043571428567712
23.078244,15.148298,4.249127,10.899172,3.9489720000000013,0.2826360000000001,0.28206942857142864,-0.0005665714285714718
23.080909,15.12642,4.250277,10.876142,3.9270940000000003,0.2814860000000001,0.28050671428571433,-0.0009792857142857936
23.084057,15.10069,4.252195,10.848495,3.901364000000001,0.2795679999999994,0.2786688571428572,-0.0008991428571421545
23.086919,15.076808,4.254112,10.822696,3.8774820000000005,0.27765099999999965,0.276963,-0.0006879999999996333
23.090046,15.049814,4.256413,10.7934,3.8504880000000004,0.27534999999999954,0.2750348571428572,-0.0003151428571423476
23.093433,15.017898,4.258714,10.759184,3.8185720000000014,0.27304899999999943,0.272755142857143,-0.00029385714285645737
23.096906,14.982886,4.260632,10.722255,3.7835600000000014,0.27113099999999957,0.27025428571428584,-0.0008767142857137311
23.099928,14.952021,4.262166,10.689855,3.752695000000001,0.2695970000000001,0.26804964285714294,-0.001547357142857142
23.10271,14.925289,4.264467,10.660822,3.725963,0.267296,0.26614021428571427,-0.0011557857142857064
23.105767,14.89583,4.267535,10.628295,3.696504000000001,0.26422800000000013,0.26403600000000005,-0.000192000000000081
23.108969,14.867436,4.269069,10.598368,3.6681100000000004,0.26269399999999976,0.2620078571428572,-0.0006861428571425798
23.11166,14.836048,4.27137,10.564678,3.6367220000000007,0.26039299999999965,0.2597658571428572,-0.0006271428571424376
23.114947,14.805129,4.273287,10.531842,3.6058030000000016,0.25847599999999993,0.25755735714285727,-0.0009186428571426597
23.11801,14.767116,4.276355,10.490761,3.5677900000000005,0.2554080000000001,0.2548421428571429,-0.0005658571428571735
23.120877,14.741954,4.278656,10.463298,3.5426280000000006,0.25310699999999997,0.2530448571428572,-6.214285714278844e-05
23.124231,14.70241,4.280573,10.421837,3.503084000000001,0.25118999999999936,0.2502202857142858,-0.0009697142857135743
23.128746,14.65243,4.284408,10.368022,3.4531040000000015,0.24735499999999977,0.24665028571428582,-0.0007047142857139477
23.13026,14.633044,4.285942,10.347102,3.4337180000000007,0.2458209999999994,0.24526557142857147,-0.0005554285714279295
23.134112,14.59591,4.28786,10.30805,3.3965840000000007,0.24390299999999954,0.24261314285714292,-0.0012898571428566208
23.137064,14.5614,4.290928,10.270472,3.3620740000000016,0.2408349999999997,0.24014814285714298,-0.0006868571428567116
23.140273,14.528534,4.293229,10.235306,3.3292080000000013,0.23853399999999958,0.23780057142857153,-0.000733428571428052
23.143217,14.495876,4.295913,10.199963,3.2965500000000016,0.23585000000000012,0.23546785714285726,-0.00038214285714285867
23.146324,14.459668,4.298214,10.161454,3.2603420000000014,0.233549,0.23288157142857152,-0.0006674285714284856
23.149621,14.424054,4.300132,10.123923,3.2247280000000007,0.23163100000000014,0.23033771428571434,-0.0012932857142858023
23.152427,14.386882,4.302433,10.08445,3.1875560000000007,0.22933000000000003,0.22768257142857148,-0.0016474285714285497
23.155434,14.354465,4.305884,10.048581,3.155139,0.22587899999999994,0.22536707142857143,-0.0005119285714285104
23.158709,14.320902,4.308185,10.012717,3.121576000000001,0.22357799999999983,0.22296971428571435,-0.0006082857142854781
23.161567,14.283413,4.311253,9.97216,3.0840870000000002,0.22050999999999998,0.2202919285714286,-0.00021807142857138695
23.165241,14.236921,4.313937,9.922983,3.0375950000000014,0.21782599999999963,0.21697107142857153,-0.0008549285714281041
23.169037,14.198902,4.316622,9.88228,2.999576000000001,0.21514100000000003,0.21425542857142865,-0.0008855714285713745
23.171475,14.158924,4.320457,9.838467,2.9595980000000015,0.21130599999999955,0.21139985714285725,9.385714285770064e-05
23.174968,14.115892,4.322758,9.793134,2.9165660000000013,0.20900499999999944,0.20832614285714296,-0.0006788571428564816
23.178094,14.070858,4.325442,9.745416,2.871532,0.20632099999999998,0.20510942857142858,-0.0012115714285713952
23.180765,14.043037,4.327743,9.715294,2.8437110000000008,0.20401999999999987,0.20312221428571434,-0.0008977857142855317
23.184134,14.005456,4.330811,9.674645,2.8061300000000013,0.20095200000000002,0.20043785714285725,-0.0005141428571427686
23.188871,13.946523,4.333496,9.613028,2.747197,0.19826699999999953,0.19622835714285713,-0.002038642857142392
23.190157,13.92205,4.335797,9.586253,2.7227240000000013,0.19596599999999942,0.1944802857142858,-0.0014857142857136185
23.193722,13.881939,4.338481,9.543458,2.682613,0.19328199999999995,0.1916152142857143,-0.0016667857142856624
23.196822,13.840628,4.3427,9.497928,2.6413020000000014,0.18906299999999998,0.18866442857142868,-0.0003985714285713038
23.199736,13.802124,4.344617,9.457507,2.602798,0.18714599999999937,0.18591414285714286,-0.0012318571428565073
23.203305,13.75554,4.346918,9.408622,2.5562140000000007,0.18484500000000015,0.18258671428571432,-0.0022582857142858237
23.206129,13.720063,4.351137,9.368927,2.5207370000000004,0.18062600000000018,0.1800526428571429,-0.0005733571428572781
23.20959,13.674822,4.353821,9.321001,2.4754960000000015,0.17794199999999982,0.17682114285714295,-0.001120857142856868
23.21313,13.62589,4.356505,9.269385,2.426564000000001,0.17525799999999947,0.17332600000000006,-0.0019319999999994064
23.216049,13.585588,4.359573,9.226015,2.3862620000000003,0.17218999999999962,0.17044728571428575,-0.0017427142857138755
23.219677,13.540952,4.362258,9.178694,2.3416260000000015,0.16950500000000002,0.1672590000000001,-0.0022459999999999147
23.222194,13.504795,4.365326,9.13947,2.3054690000000004,0.16643700000000017,0.16467635714285717,-0.0017606428571430022
23.225664,13.462785,4.367243,9.095541,2.263459000000001,0.16451999999999956,0.16167564285714292,-0.002844357142856635
23.228707,13.424002,4.371845,9.052157,2.2246760000000005,0.15991799999999934,0.15890542857142861,-0.0010125714285707244
23.2319,13.378185,4.37453,9.003655,2.178859000000001,0.15723299999999973,0.1556327857142858,-0.0016002142857139412
23.234863,13.332133,4.377214,8.954918,2.1328070000000015,0.15454899999999938,0.15234335714285724,-0.0022056428571421427
23.238125,13.281472,4.381433,8.90004,2.0821460000000016,0.1503299999999994,0.1487247142857144,-0.001605285714285004
23.240772,13.251323,4.383734,8.867589,2.051997,0.1480290000000002,0.1465712142857143,-0.0014577857142858974
23.244125,13.207458,4.386035,8.821423,2.0081320000000016,0.14572800000000008,0.14343800000000012,-0.0022899999999999587
23.248724,13.14422,4.389486,8.754734,1.9448940000000015,0.142277,0.1389210000000001,-0.003355999999999887
23.250268,13.12127,4.393704,8.727566,1.9219440000000017,0.13805900000000015,0.1372817142857144,-0.0007772857142857581
23.253715,13.070577,4.396772,8.673804,1.8712510000000009,0.13499099999999942,0.13366078571428577,-0.0013302142857136434
23.256658,13.029691,4.399073,8.630618,1.8303650000000005,0.1326900000000002,0.13074035714285717,-0.0019496428571430247
23.25972,12.985663,4.401758,8.583905,1.7863370000000014,0.1300049999999997,0.1275955000000001,-0.0024094999999995925
23.262708,12.945959,4.405976,8.539983,1.746633000000001,0.12578699999999987,0.12475950000000006,-0.0010274999999998063
23.266635,12.889161,4.408661,8.4805,1.6898350000000004,0.12310199999999938,0.12070250000000003,-0.0023994999999993466
23.270209,12.840908,4.413646,8.427262,1.6415820000000014,0.1181169999999998,0.11725585714285724,-0.0008611428571425606
23.272796,12.796099,4.416331,8.379769,1.5967730000000007,0.1154320000000002,0.11405521428571433,-0.001376785714285872
23.275713,12.755125,4.419015,8.33611,1.5557990000000004,0.11274799999999985,0.11112850000000003,-0.0016194999999998155
23.278728,12.711772,4.422083,8.289689,1.5124460000000006,0.10968,0.1080318571428572,-0.0016481428571428064
23.281667,12.671095,4.424768,8.246327,1.471769,0.10699499999999951,0.10512635714285715,-0.0018686428571423608
23.28476,12.625932,4.427836,8.198097,1.4266060000000014,0.10392699999999966,0.10190042857142867,-0.002026571428570989
23.287874,12.567797,4.430904,8.136893,1.3684710000000013,0.10085899999999981,0.09774792857142867,-0.003111071428571144
23.290607,12.538509,4.435122,8.103387,1.3391830000000002,0.09664099999999998,0.09565592857142859,-0.0009850714285713907
23.294112,12.488924,4.43819,8.050734,1.2895980000000016,0.09357300000000013,0.09211414285714296,-0.0014588571428571645
23.298631,12.420721,4.442792,7.977929,1.2213950000000011,0.08897099999999991,0.08724250000000008,-0.0017284999999998274
23.300087,12.394512,4.44586,7.948653,1.1951860000000014,0.08590300000000006,0.08537042857142867,-0.0005325714285713962
23.303749,12.343964,4.448544,7.895419,1.1446380000000005,0.08321899999999971,0.08175985714285718,-0.0014591428571425341
23.306666,12.300526,4.451612,7.848914,1.1012000000000004,0.08015099999999986,0.07865714285714288,-0.0014938571428569775
23.309834,12.255584,4.454297,7.801287,1.0562580000000015,0.07746599999999937,0.07544700000000011,-0.0020189999999992575
23.312756,12.214798,4.457365,7.757434,1.0154720000000008,0.07439799999999952,0.07253371428571434,-0.0018642857142851799
23.315552,12.173011,4.461967,7.711044,0.9736850000000015,0.06979600000000019,0.06954892857142868,-0.0002470714285715131
23.319068,12.119515,4.464651,7.654864,0.9201890000000006,0.06711199999999984,0.06572778571428575,-0.001384214285714086
23.321856,12.078099,4.469253,7.608846,0.8787730000000007,0.06250999999999962,0.06276950000000005,0.00025950000000042606
23.325207,12.025451,4.472321,7.55313,0.8261250000000011,0.05944199999999977,0.05900892857142865,-0.0004330714285711232
23.328337,11.977419,4.475005,7.502413,0.7780930000000001,0.05675799999999942,0.05557807142857144,-0.001179928571427978
23.331496,11.931058,4.478457,7.452601,0.7317320000000009,0.053306000000000076,0.052266571428571496,-0.00103942857142858
23.334688,11.884803,4.481525,7.403278,0.6854770000000006,0.05023799999999934,0.0489626428571429,-0.0012753571428564398
23.338556,11.823675,4.486127,7.337548,0.6243490000000005,0.04563600000000001,0.04459635714285718,-0.0010396428571428293
23.34033,11.795005,4.488811,7.306194,0.5956790000000005,0.04295199999999966,0.04254850000000004,-0.00040349999999961944
23.344135,11.739534,4.492263,7.247271,0.5402080000000016,0.039499999999999424,0.03858628571428583,-0.0009137142857135946
23.348746,11.672541,4.496481,7.176059,0.4732150000000015,0.03528199999999959,0.033801071428571534,-0.001480928571428057
23.350353,11.644782,4.499549,7.145233,0.4454560000000001,0.03221399999999974,0.03181828571428572,-0.0003957142857140203
23.354009,11.593341,4.502234,7.091108,0.39401500000000134,0.02952900000000014,0.028143928571428667,-0.0013850714285714716
23.356686,11.549525,4.505685,7.04384,0.3501989999999999,0.026078000000000046,0.025014214285714282,-0.0010637857142857636
23.35978,11.502912,4.509904,6.993009,0.303586000000001,0.021859000000000073,0.02168471428571436,-0.00017428571428571363
23.362691,11.46094,4.512971,6.947968,0.26161400000000157,0.018791999999999476,0.018686714285714397,-0.0001052857142850791
23.365803,11.414492,4.516423,6.898069,0.21516599999999997,0.015340000000000131,0.015368999999999997,2.899999999986594e-05
23.369112,11.364721,4.519107,6.845613,0.16539500000000018,0.012655999999999779,0.011813928571428585,-0.000842071428571194
23.371662,11.325794,4.523326,6.802469,0.1264680000000009,0.008436999999999806,0.009033428571428637,0.0005964285714288309
23.3755,11.267738,4.526394,6.741344,0.06841200000000036,0.005368999999999957,0.0048865714285714545,-0.00048242857142850263
23.378859,11.215995,4.530996,6.684999,0.016669000000000267,0.0007669999999997401,0.0011906428571428762,0.0004236428571431361
23.381682,11.173448,4.53368,6.639768,-0.025877999999998735,-0.0019170000000006127,-0.0018484285714284812,6.857142857213147e-05
23.384748,11.127477,4.536365,6.591112,-0.0718489999999985,-0.004602000000000217,-0.005132071428571321,-0.000530071428571104
23.387859,11.066669,4.539816,6.526853,-0.13265700000000002,-0.00805300000000031,-0.009475500000000001,-0.0014224999999996914
23.390629,11.035983,4.542884,6.493099,-0.16334299999999935,-0.011121000000000159,-0.011667357142857096,-0.0005463571428569371
23.39407,10.983996,4.545952,6.438044,-0.2153299999999998,-0.014189000000000007,-0.015380714285714272,-0.0011917142857142647
23.398969,10.939213,4.550171,6.389043,-0.2601129999999987,-0.01840799999999998,-0.01857949999999991,-0.00017149999999992865
23.400302,10.890979,4.552855,6.338124,-0.3083469999999995,-0.021092000000000333,-0.022024785714285677,-0.0009327857142853446
23.403394,10.844405,4.555923,6.288482,-0.35492099999999915,-0.02416000000000018,-0.02535149999999994,-0.0011914999999997587
23.406389,10.799059,4.559758,6.239301,-0.4002669999999995,-0.027995000000000658,-0.028590499999999963,-0.0005954999999993049
23.410078,10.752689,4.562826,6.189863,-0.44663699999999906,-0.031063000000000507,-0.03190264285714279,-0.0008396428571422823
23.412979,10.700285,4.565894,6.134391,-0.49904100000000007,-0.034131000000000355,-0.03564578571428572,-0.0015147857142853646
23.415863,10.658145,4.568578,6.089567,-0.5411809999999999,-0.03681499999999982,-0.038655785714285705,-0.001840785714285885
23.418914,10.610678,4.572797,6.037882,-0.5886479999999992,-0.04103399999999979,-0.042046285714285654,-0.0010122857142858613
23.421303,10.572846,4.575865,5.996981,-0.626479999999999,-0.04410200000000053,-0.04474857142857136,-0.0006465714285708302
23.424597,10.524843,4.578933,5.94591,-0.6744829999999986,-0.04717000000000038,-0.04817735714285704,-0.0010073571428566644
23.428513,10.468385,4.581617,5.886768,-0.7309409999999996,-0.04985399999999984,-0.052210071428571404,-0.0023560714285715614
23.431113,10.429846,4.586219,5.843627,-0.7694799999999997,-0.05445600000000006,-0.054962857142857126,-0.0005068571428570659
23.434637,10.378508,4.589671,5.788838,-0.8208179999999992,-0.05790800000000029,-0.05862985714285708,-0.0007218571428567883
23.437788,10.319571,4.592355,5.727216,-0.8797549999999994,-0.060592000000000645,-0.06283964285714282,-0.002247642857142171
23.44061,10.288436,4.59734,5.691096,-0.9108899999999984,-0.06557700000000022,-0.06506357142857132,0.0005134285714289005
23.444799,10.2251,4.600408,5.624692,-0.9742259999999998,-0.06864500000000007,-0.06958757142857142,-0.0009425714285713482
23.447845,10.164985,4.603476,5.561509,-1.0343409999999995,-0.07171299999999992,-0.07388149999999996,-0.0021685000000000454
23.4506,10.135431,4.607695,5.527736,-1.0638949999999987,-0.07593199999999989,-0.07599249999999991,-6.050000000001887e-05
23.453843,10.087644,4.610763,5.476881,-1.111682,-0.07900000000000063,-0.07940585714285715,-0.00040585714285652774
23.456785,10.04727,4.613064,5.434206,-1.152056,-0.08130099999999985,-0.08228971428571429,-0.0009887142857144399
23.460004,9.999859,4.615748,5.384111,-1.1994669999999985,-0.0839850000000002,-0.08567621428571418,-0.0016912142857139767
23.462889,9.959299,4.619967,5.339332,-1.2400269999999995,-0.08820400000000017,-0.0885733571428571,-0.00036935714285693533
23.465892,9.915251,4.623035,5.292216,-1.2840749999999996,-0.09127200000000002,-0.09171964285714283,-0.00044764285714281316
23.46979,9.866102,4.624952,5.241149,-1.3332239999999995,-0.09318900000000063,-0.09523028571428568,-0.0020412857142850516
23.472702,9.822495,4.62802,5.194475,-1.3768309999999992,-0.09625700000000048,-0.09834507142857138,-0.002088071428570898
23.475664,9.782995,4.632622,5.150373,-1.4163309999999996,-0.10085899999999981,-0.10116649999999996,-0.00030750000000015487
23.479559,9.723885,4.63569,5.088195,-1.475441,-0.10392700000000055,-0.10538864285714286,-0.0014616428571423146
23.482222,9.685852,4.639908,5.045944,-1.5134739999999987,-0.10814500000000038,-0.10810528571428561,3.971428571476754e-05
23.485395,9.64054,4.642593,4.997948,-1.5587859999999996,-0.11082999999999998,-0.11134185714285712,-0.0005118571428571334
23.489254,9.590442,4.642976,4.947466,-1.6088839999999998,-0.11121300000000023,-0.1149202857142857,-0.0037072857142854687
23.491768,9.54774,4.650263,4.897477,-1.651586,-0.11850000000000005,-0.11797042857142857,0.0005295714285714764
23.495331,9.497683,4.653331,4.844353,-1.701642999999999,-0.1215679999999999,-0.1215459285714285,2.20714285713991e-05
23.499443,9.441269,4.656782,4.784487,-1.758056999999999,-0.125019,-0.12557549999999992,-0.000556499999999932
23.501985,9.403796,4.659467,4.744329,-1.7955299999999994,-0.12770400000000048,-0.12825214285714281,-0.0005481428571423308
23.505774,9.351726,4.662535,4.689191,-1.8476,-0.13077200000000033,-0.13197142857142857,-0.0011994285714282404
23.50872,9.31508,4.666753,4.648327,-1.8842459999999992,-0.13499000000000017,-0.13458899999999993,0.0004010000000002345
23.511902,9.268317,4.669054,4.599263,-1.9310089999999995,-0.13729100000000027,-0.13792921428571425,-0.0006382142857139783
23.514699,9.230883,4.671355,4.559528,-1.9684429999999988,-0.13959200000000038,-0.14060307142857134,-0.0010110714285709588
23.518697,9.179298,4.674423,4.504875,-2.020028,-0.14266000000000023,-0.14428771428571427,-0.001627714285714038
23.520518,9.153142,4.677874,4.475268,-2.0461839999999984,-0.14611100000000032,-0.1461559999999999,-4.499999999957316e-05
23.52401,9.110166,4.681709,4.428456,-2.0891599999999997,-0.1499459999999999,-0.14922571428571427,0.0007202857142856456
23.528668,9.051244,4.683627,4.367617,-2.1480819999999987,-0.15186400000000067,-0.15343442857142847,-0.0015704285714278066
23.53032,9.029614,4.686311,4.343303,-2.1697119999999988,-0.15454800000000013,-0.1549794285714285,-0.00043142857142836055
23.533633,8.9861,4.689763,4.296337,-2.213225999999999,-0.15800000000000036,-0.15808757142857136,-8.757142857099276e-05
23.536565,8.945754,4.693214,4.252539,-2.2535719999999984,-0.16145100000000046,-0.16096942857142846,0.0004815714285719974
23.541093,8.897966,4.695515,4.20245,-2.301359999999999,-0.16375200000000056,-0.16438285714285708,-0.0006308571428565168
23.54281,8.859902,4.69935,4.160552,-2.3394239999999993,-0.16758700000000015,-0.16710171428571424,0.00048528571428591016
23.546218,8.816167,4.702035,4.114133,-2.383158999999999,-0.17027200000000065,-0.17022564285714278,4.63571428578613e-05
23.549603,8.773635,4.704719,4.068915,-2.4256909999999987,-0.1729560000000001,-0.17326364285714277,-0.00030764285714265927
23.552346,8.738966,4.706637,4.032329,-2.4603599999999997,-0.17487399999999997,-0.17573999999999998,-0.0008660000000000057
23.555228,8.699946,4.709705,3.990241,-2.4993799999999986,-0.17794199999999982,-0.17852714285714275,-0.0005851428571429229
23.558669,8.661849,4.713923,3.947926,-2.537476999999999,-0.18216000000000054,-0.18124835714285709,0.0009116428571434576
23.561133,8.625652,4.716607,3.909044,-2.5736739999999987,-0.184844,-0.18383385714285705,0.0010101428571429594
23.564247,8.588204,4.718141,3.870063,-2.611122,-0.18637800000000038,-0.18650871428571428,-0.00013071428571390098
23.567283,8.553483,4.721209,3.832273,-2.6458429999999993,-0.18944600000000023,-0.18898878571428565,0.00045721428571457445
23.570262,8.518896,4.72351,3.795386,-2.6804299999999994,-0.19174700000000033,-0.19145928571428567,0.0002877142857146686
23.573113,8.486075,4.725044,3.76103,-2.7132509999999996,-0.19328099999999981,-0.19380364285714283,-0.0005226428571430131
23.576119,8.451113,4.728879,3.722234,-2.748213,-0.1971160000000003,-0.19630092857142856,0.0008150714285717342
23.579756,8.406227,4.73118,3.675046,-2.7930989999999998,-0.1994170000000004,-0.1995070714285714,-9.007142857100914e-05
23.583061,8.370061,4.733865,3.636197,-2.8292649999999995,-0.202102,-0.2020903571428571,1.1642857142890595e-05
23.58583,8.336017,4.736933,3.599084,-2.863308999999999,-0.20516999999999985,-0.20452207142857137,0.0006479285714284799
23.589042,8.297723,4.739234,3.558489,-2.9016029999999997,-0.20747099999999996,-0.20725735714285712,0.0002136428571428428
23.591819,8.266732,4.741535,3.525197,-2.932594,-0.20977200000000007,-0.209471,0.000301000000000079
23.595044,8.231658,4.743836,3.487822,-2.9676679999999998,-0.21207300000000018,-0.2119762857142857,9.67142857144776e-05
23.5981,8.19029,4.748054,3.442236,-3.009036,-0.216291,-0.21493114285714285,0.0013598571428571626
23.601288,8.15923,4.749588,3.409642,-3.0400959999999984,-0.21782500000000038,-0.21714971428571417,0.0006752857142862112
23.60516,8.114794,4.751889,3.362905,-3.0845319999999994,-0.2201260000000005,-0.22032371428571423,-0.00019771428571374594
23.608201,8.074855,4.754957,3.319898,-3.1244709999999998,-0.22319400000000034,-0.22317649999999997,1.7500000000364446e-05
23.611432,8.045013,4.757258,3.287755,-3.1543129999999984,-0.22549500000000045,-0.22530807142857132,0.0001869285714291291
23.615136,8.007007,4.760326,3.246681,-3.1923189999999995,-0.2285630000000003,-0.22802278571428566,0.0005402142857146297
23.618126,7.9701,4.762243,3.207856,-3.229225999999999,-0.23048000000000002,-0.23065899999999992,-0.00017899999999990146
23.620912,7.943562,4.764544,3.179018,-3.255763999999999,-0.23278100000000013,-0.23255457142857136,0.00022642857142876616
23.624517,7.903589,4.767996,3.135593,-3.295736999999999,-0.23623300000000036,-0.23540978571428564,0.0008232142857147184
23.628818,7.861484,4.770297,3.091187,-3.3378419999999993,-0.23853400000000047,-0.23841728571428566,0.00011671428571480291
23.630348,7.842982,4.772214,3.070768,-3.356343999999999,-0.2404510000000002,-0.2397388571428571,0.0007121428571431054
23.634454,7.805402,4.774132,3.03127,-3.3939239999999993,-0.24236900000000006,-0.2424231428571428,-5.414285714275269e-05
23.638547,7.770245,4.776433,2.993812,-3.429080999999999,-0.24467000000000017,-0.24493435714285708,-0.0002643571428569136
23.639888,7.754173,4.777583,2.97659,-3.4451529999999995,-0.24582000000000015,-0.24608235714285712,-0.0002623571428569671
23.643624,7.727046,4.779501,2.947546,-3.4722799999999996,-0.247738,-0.24801999999999996,-0.00028199999999994896
23.646598,7.699384,4.781418,2.917966,-3.499941999999999,-0.24965500000000063,-0.24999585714285708,-0.00034085714285644886
23.649668,7.67087,4.784486,2.886384,-3.5284559999999994,-0.2527230000000005,-0.2520325714285714,0.0006904285714290914
23.652482,7.641492,4.786404,2.855088,-3.557833999999999,-0.25464100000000034,-0.25413099999999994,0.000510000000000399
23.655593,7.611799,4.788321,2.823478,-3.587526999999999,-0.25655800000000006,-0.2562519285714285,0.000306071428571586
23.658904,7.582124,4.789855,2.792269,-3.617201999999999,-0.25809200000000043,-0.25837157142857137,-0.000279571428570935
23.661596,7.554913,4.791772,2.763141,-3.6444129999999992,-0.26000900000000016,-0.26031521428571425,-0.00030621428571409037
23.664593,7.528697,4.793306,2.73539,-3.670628999999999,-0.2615430000000005,-0.26218778571428564,-0.0006447857142851121
23.667464,7.503698,4.795991,2.707708,-3.6956279999999992,-0.26422800000000013,-0.2639734285714285,0.00025457142857160386
23.670659,7.478923,4.797525,2.681398,-3.7204029999999992,-0.2657620000000005,-0.2657430714285714,1.8928571429099872e-05
23.673887,7.452501,4.799442,2.653059,-3.7468249999999994,-0.2676790000000002,-0.2676303571428571,4.864285714312189e-05
23.678967,7.410405,4.802127,2.608278,-3.7889209999999993,-0.2703639999999998,-0.27063721428571424,-0.0002732142857144182
23.680413,7.398728,4.804428,2.5943,-3.800597999999999,-0.27266499999999994,-0.27147128571428564,0.001193714285714298
23.684092,7.363604,4.805962,2.557642,-3.8357219999999996,-0.2741990000000003,-0.27398014285714284,0.00021885714285746483
23.688911,7.340199,4.807879,2.53232,-3.859126999999999,-0.27611600000000003,-0.2756519285714285,0.00046407142857152195
23.690229,7.314597,4.809413,2.505184,-3.884728999999999,-0.2776500000000004,-0.2774806428571428,0.00016935714285759573
23.693582,7.292266,4.810564,2.481702,-3.9070599999999995,-0.2788010000000005,-0.27907571428571426,-0.0002747142857137397
23.696296,7.271611,4.813248,2.458363,-3.927714999999999,-0.281485,-0.2805510714285714,0.0009339285714285994
23.699656,7.24996,4.813632,2.436329,-3.9493659999999995,-0.28186900000000037,-0.2820975714285714,-0.00022857142857102275
23.702301,7.230574,4.816316,2.414258,-3.9687519999999994,-0.28455299999999983,-0.2834822857142857,0.0010707142857141472
23.70522,7.211927,4.8167,2.395227,-3.987398999999999,-0.2849370000000002,-0.28481421428571424,0.00012278571428597784
23.708297,7.190133,4.818234,2.3719,-4.009192999999999,-0.2864710000000006,-0.2863709285714285,0.0001000714285721016
23.711227,7.168262,4.820918,2.347343,-4.031063999999999,-0.28915500000000005,-0.2879331428571428,0.0012218571428572744
23.715004,7.140669,4.822452,2.318217,-4.058656999999999,-0.2906890000000004,-0.2899040714285714,0.0007849285714290333
23.718816,7.11335,4.824753,2.288597,-4.085976,-0.29299000000000053,-0.29185542857142854,0.0011345714285719843
23.72137,7.092302,4.82552,2.266782,-4.107023999999999,-0.29375700000000027,-0.2933588571428571,0.00039814285714318
23.725067,7.067879,4.827438,2.240442,-4.131447,-0.29567500000000013,-0.2951033571428571,0.0005716428571430066
23.728483,7.046847,4.828588,2.218259,-4.152479,-0.2968250000000001,-0.2966056428571428,0.00021935714285731267
23.731446,7.030433,4.829355,2.201078,-4.168892999999999,-0.29759199999999986,-0.2977780714285713,-0.00018607142857146597
23.734873,7.018811,4.830506,2.188306,-4.180514999999999,-0.298743,-0.2986082142857142,0.0001347857142857678
23.738069,7.001707,4.831656,2.170051,-4.1976189999999995,-0.29989299999999997,-0.29982992857142854,6.307142857142622e-05
23.740809,6.993075,4.832806,2.160269,-4.206250999999999,-0.30104299999999995,-0.30044649999999995,0.0005964999999999998
23.743846,6.975775,4.833573,2.142201,-4.223551,-0.3018100000000006,-0.30168221428571423,0.00012778571428634367
23.746941,6.960874,4.834724,2.12615,-4.238452,-0.3029609999999998,-0.3027465714285714,0.00021442857142839333
23.749951,6.944875,4.835491,2.109384,-4.2544509999999995,-0.30372800000000044,-0.3038893571428571,-0.00016135714285664404
23.752811,6.928599,4.837408,2.09119,-4.270726999999999,-0.30564500000000017,-0.3050519285714285,0.0005930714285716787
23.75603,6.909703,4.838942,2.070761,-4.289622999999999,-0.30717900000000053,-0.3064016428571428,0.0007773571428577597
23.759571,6.889764,4.839709,2.050054,-4.309561999999999,-0.3079460000000003,-0.30782585714285704,0.00012014285714323503
23.762321,6.875392,4.841243,2.034148,-4.3239339999999995,-0.30948000000000064,-0.30885242857142853,0.0006275714285721157
23.76547,6.860271,4.841627,2.018645,-4.339054999999999,-0.30986400000000014,-0.30993249999999994,-6.849999999980483e-05
23.76928,6.84867,4.842777,2.005893,-4.350655999999999,-0.3110140000000001,-0.3107611428571428,0.0002528571428573323
23.771874,6.837111,4.844311,1.9928,-4.362214999999999,-0.3125480000000005,-0.31158678571428566,0.0009612142857148287
23.775347,6.825719,4.844311,1.981407,-4.373606999999999,-0.3125480000000005,-0.3124004999999999,0.00014750000000057772
23.778604,6.813346,4.845462,1.967885,-4.385979999999999,-0.3136990000000006,-0.3132842857142856,0.0004147142857149899
23.781505,6.80277,4.846612,1.956158,-4.3965559999999995,-0.3148490000000006,-0.31403971428571426,0.0008092857142863452
23.784887,6.791712,4.846612,1.9451,-4.407613999999999,-0.3148490000000006,-0.3148295714285713,1.9428571429280783e-05
23.787857,6.782047,4.847379,1.934667,-4.417278999999999,-0.31561600000000034,-0.31551992857142847,9.607142857187556e-05
23.790859,6.779026,4.847763,1.931263,-4.420299999999999,-0.31599999999999984,-0.31573571428571423,0.0002642857142856059
23.794705,6.772097,4.848146,1.92395,-4.427229,-0.3163830000000001,-0.3162306428571428,0.00015235714285727342
23.797906,6.762352,4.848913,1.913439,-4.436973999999999,-0.3171499999999998,-0.31692671428571423,0.00022328571428559263
23.800961,6.757424,4.848913,1.90851,-4.441901999999999,-0.3171499999999998,-0.3172787142857142,-0.00012871428571437082
23.804176,6.75269,4.850064,1.902626,-4.446635999999999,-0.31830099999999995,-0.3176168571428571,0.0006841428571428554
23.808686,6.739354,4.850064,1.889291,-4.459972,-0.31830099999999995,-0.31856942857142856,-0.00026842857142861387
23.810252,6.733494,4.850831,1.882663,-4.465831999999999,-0.3190680000000006,-0.31898799999999994,8.000000000063512e-05
23.813499,6.724817,4.851981,1.872836,-4.474508999999999,-0.32021800000000056,-0.31960778571428566,0.000610214285714894
23.816554,6.712994,4.852365,1.860629,-4.486331999999999,-0.32060200000000005,-0.32045228571428563,0.00014971428571441958
23.819825,6.705709,4.853132,1.852577,-4.4936169999999995,-0.3213689999999998,-0.32097264285714283,0.00039635714285696233
23.822676,6.70279,4.853132,1.849659,-4.496535999999999,-0.3213689999999998,-0.3211811428571428,0.0001878571428570175
23.825966,6.699441,4.853515,1.845926,-4.499884999999999,-0.32175200000000004,-0.32142035714285705,0.0003316428571429886
23.829068,6.696849,4.853899,1.842951,-4.502476999999999,-0.3221360000000004,-0.32160549999999993,0.0005305000000004889
23.831748,6.694175,4.854282,1.839893,-4.505150999999999,-0.32251900000000067,-0.32179649999999993,0.0007225000000007364
23.835222,6.691431,4.853899,1.837532,-4.5078949999999995,-0.3221360000000004,-0.32199249999999996,0.0001435000000004627
23.838434,6.689525,4.853899,1.835626,-4.5098009999999995,-0.3221360000000004,-0.3221286428571428,7.357142857600252e-06
23.841181,6.68827,4.853899,1.834371,-4.511055999999999,-0.3221360000000004,-0.3222182857142856,-8.228571428520182e-05
23.844591,6.687311,4.853899,1.833413,-4.512014999999999,-0.3221360000000004,-0.32228678571428565,-0.0001507857142852287
23.848614,6.686695,4.853899,1.832796,-4.512630999999999,-0.3221360000000004,-0.32233078571428564,-0.00019478571428521718
23.851083,6.686193,4.853899,1.832294,-4.513132999999999,-0.3221360000000004,-0.3223666428571428,-0.00023064285714236021
