time_s,encoder_pos_rad,output_torque_Nm,cycle
0.010382,0.000862864,0.000000,1
0.024272,0.002013350,0.004000,1
0.037692,0.000000000,0.008000,1
0.051412,0.001054612,0.012000,1
0.064921,0.000479369,0.016000,1
0.079520,0.001533981,0.020000,1
0.093361,0.001342233,0.024000,1
0.107326,0.000862864,0.028000,1
0.121167,0.000862864,0.032000,1
0.134712,0.000383495,0.036000,1
0.148272,0.000862864,0.040000,1
0.162082,0.001246359,0.044000,1
0.175950,0.000766990,0.048000,1
0.189312,0.001054612,0.052000,1
0.202920,0.001054612,0.056000,1
0.217064,0.001246359,0.060000,1
0.230474,0.000862864,0.064000,1
0.244633,0.001342233,0.068000,1
0.258215,0.001054612,0.072000,1
0.271728,0.000479369,0.076000,1
0.285368,0.000671117,0.080000,1
0.299641,0.000766990,0.084000,1
0.313402,0.000862864,0.088000,1
0.327481,0.000958738,0.092000,1
0.341231,0.000383495,0.096000,1
0.355061,0.000383495,0.100000,1
0.368840,0.000191748,0.104000,1
0.383517,0.000383495,0.108000,1
0.397115,0.001150486,0.112000,1
0.410845,0.000958738,0.116000,1
0.424757,0.000862864,0.120000,1
0.438319,0.000766990,0.124000,1
0.451937,0.000479369,0.128000,1
0.465595,0.000671117,0.132000,1
0.480050,0.000191748,0.136000,1
0.493517,0.000383495,0.140000,1
0.507072,0.000766990,0.144000,1
0.521343,0.000383495,0.148000,1
0.535021,0.000191748,0.152000,1
0.548464,0.000575243,0.156000,1
0.561994,0.000958738,0.160000,1
0.575223,0.000287621,0.164000,1
0.589387,0.000479369,0.168000,1
0.603101,0.000575243,0.172000,1
0.616672,0.000383495,0.176000,1
0.630256,0.000479369,0.180000,1
0.643893,0.000862864,0.184000,1
0.658448,0.000575243,0.188000,1
0.671939,0.000287621,0.192000,1
0.686351,0.000575243,0.196000,1
0.699953,0.000287621,0.200000,1
0.713452,0.000479369,0.204000,1
0.726878,0.000287621,0.208000,1
0.740974,0.000191748,0.212000,1
0.754568,0.001054612,0.216000,1
0.768506,0.000383495,0.220000,1
0.781902,0.000095874,0.224000,1
0.795881,0.000479369,0.228000,1
0.809649,0.000095874,0.232000,1
0.823231,0.000766990,0.236000,1
0.837573,-0.000191748,0.240000,1
0.851454,0.000191748,0.244000,1
0.865201,0.000095874,0.248000,1
0.878933,-0.000287621,0.252000,1
0.893041,0.000095874,0.256000,1
0.906647,0.000287621,0.260000,1
0.920777,-0.000095874,0.264000,1
0.934511,0.000287621,0.268000,1
0.948260,0.000191748,0.272000,1
0.962537,0.000095874,0.276000,1
0.976073,0.000095874,0.280000,1
0.989661,0.000191748,0.284000,1
1.003168,-0.000095874,0.288000,1
1.016702,-0.000095874,0.292000,1
1.030846,-0.000287621,0.296000,1
1.044765,-0.000095874,0.300000,1
1.058380,-0.000095874,0.304000,1
1.072750,-0.000287621,0.308000,1
1.086282,0.000191748,0.312000,1
1.100199,-0.000095874,0.316000,1
1.113706,-0.000287621,0.320000,1
1.127594,-0.000095874,0.324000,1
1.141136,-0.000287621,0.328000,1
1.154775,-0.000191748,0.332000,1
1.168559,0.000095874,0.336000,1
1.182523,0.000000000,0.340000,1
1.195893,0.000383495,0.344000,1
1.209704,-0.000766990,0.348000,1
1.223666,-0.000191748,0.352000,1
1.237031,-0.000287621,0.356000,1
1.250805,-0.000479369,0.360000,1
1.264720,-0.000095874,0.364000,1
1.278838,-0.000287621,0.368000,1
1.292492,-0.000479369,0.372000,1
1.307678,-0.000287621,0.376000,1
1.322508,-0.000287621,0.380000,1
1.336179,0.000191748,0.384000,1
1.350034,-0.000479369,0.388000,1
1.363951,-0.000575243,0.392000,1
1.378124,-0.000095874,0.396000,1
1.392101,-0.000479369,0.400000,1
1.406035,-0.000383495,0.404000,1
1.419656,0.000095874,0.408000,1
1.433717,-0.000575243,0.412000,1
1.447374,-0.001342233,0.416000,1
1.461273,-0.000575243,0.420000,1
1.475279,-0.000479369,0.424000,1
1.489037,-0.000095874,0.428000,1
1.503145,-0.000095874,0.432000,1
1.516704,-0.000671117,0.436000,1
1.530709,-0.000287621,0.440000,1
1.544219,-0.000383495,0.444000,1
1.557912,-0.000958738,0.448000,1
1.572094,-0.000383495,0.452000,1
1.585900,-0.000191748,0.456000,1
1.599453,-0.000479369,0.460000,1
1.613736,-0.000575243,0.464000,1
1.627050,-0.000095874,0.468000,1
1.640939,-0.000958738,0.472000,1
1.655081,0.000191748,0.476000,1
1.668522,-0.000671117,0.480000,1
1.682081,-0.000766990,0.484000,1
1.696012,-0.000095874,0.488000,1
1.709989,-0.000479369,0.492000,1
1.723456,-0.000383495,0.496000,1
1.737201,-0.000383495,0.500000,1
1.751467,-0.000958738,0.504000,1
1.765699,-0.000575243,0.508000,1
1.779019,-0.000671117,0.512000,1
1.793091,-0.000479369,0.516000,1
1.806657,-0.000671117,0.520000,1
1.820536,-0.000575243,0.524000,1
1.834067,-0.000575243,0.528000,1
1.847925,-0.000191748,0.532000,1
1.861401,-0.000671117,0.536000,1
1.875027,-0.000383495,0.540000,1
1.889359,-0.000575243,0.544000,1
1.902778,-0.000862864,0.548000,1
1.916611,-0.000191748,0.552000,1
1.930562,-0.000671117,0.556000,1
1.944388,-0.000766990,0.560000,1
1.957963,-0.001342233,0.564000,1
1.971342,-0.000671117,0.568000,1
1.985684,-0.000383495,0.572000,1
2.000118,-0.000479369,0.576000,1
2.013735,-0.001054612,0.580000,1
2.027537,-0.000383495,0.584000,1
2.040725,-0.000671117,0.588000,1
2.054657,-0.001054612,0.592000,1
2.068862,-0.000958738,0.596000,1
2.082699,-0.000862864,0.600000,1
2.097008,-0.000575243,0.604000,1
2.110561,-0.000287621,0.608000,1
2.124590,-0.000958738,0.612000,1
2.138277,-0.000671117,0.616000,1
2.152324,-0.000479369,0.620000,1
2.165844,-0.000766990,0.624000,1
2.179245,-0.000862864,0.628000,1
2.193045,-0.000479369,0.632000,1
2.207194,-0.000287621,0.636000,1
2.220742,-0.000766990,0.640000,1
2.235223,-0.000862864,0.644000,1
2.249190,-0.001054612,0.648000,1
2.262884,-0.000479369,0.652000,1
2.276761,-0.000575243,0.656000,1
2.290585,-0.000862864,0.660000,1
2.304769,-0.000958738,0.664000,1
2.318400,-0.000958738,0.668000,1
2.331986,-0.000958738,0.672000,1
2.345831,-0.000862864,0.676000,1
2.360042,-0.000575243,0.680000,1
2.373781,-0.000766990,0.684000,1
2.387382,-0.000958738,0.688000,1
2.402159,-0.000862864,0.692000,1
2.415947,-0.000671117,0.696000,1
2.429749,-0.000479369,0.700000,1
2.444288,-0.000958738,0.704000,1
2.457773,-0.001150486,0.708000,1
2.471489,-0.000958738,0.712000,1
2.485534,-0.000958738,0.716000,1
2.499704,-0.000191748,0.720000,1
2.513229,-0.000862864,0.724000,1
2.527334,-0.000671117,0.728000,1
2.540701,-0.000862864,0.732000,1
2.554611,-0.001438107,0.736000,1
2.568240,-0.001054612,0.740000,1
2.581960,-0.001150486,0.744000,1
2.595526,-0.001533981,0.748000,1
2.609459,-0.000862864,0.752000,1
2.622973,-0.001246359,0.756000,1
2.636926,-0.001054612,0.760000,1
2.650646,-0.000958738,0.764000,1
2.664388,-0.001342233,0.768000,1
2.678583,-0.001342233,0.772000,1
2.692826,-0.000958738,0.776000,1
2.706270,-0.001438107,0.780000,1
2.720128,-0.002109224,0.784000,1
2.733642,-0.001917476,0.788000,1
2.747638,-0.001438107,0.792000,1
2.761634,-0.001917476,0.796000,1
2.775136,-0.001533981,0.800000,1
2.788847,-0.001533981,0.804000,1
2.802714,-0.001533981,0.808000,1
2.816542,-0.001150486,0.812000,1
2.830713,-0.001438107,0.816000,1
2.844505,-0.001438107,0.820000,1
2.857975,-0.001246359,0.824000,1
2.871668,-0.002109224,0.828000,1
2.885410,-0.002013350,0.832000,1
2.899289,-0.001821602,0.836000,1
2.912822,-0.001533981,0.840000,1
2.926482,-0.001342233,0.844000,1
2.940390,-0.001917476,0.848000,1
2.953778,-0.001917476,0.852000,1
2.967744,-0.001917476,0.856000,1
2.981771,-0.001725728,0.860000,1
2.996368,-0.002396845,0.864000,1
3.010058,-0.002780340,0.868000,1
3.023799,-0.002300971,0.872000,1
3.038461,-0.002588593,0.876000,1
3.051979,-0.002109224,0.880000,1
3.066061,-0.002492719,0.884000,1
3.080077,-0.002013350,0.888000,1
3.093999,-0.002588593,0.892000,1
3.107305,-0.003451457,0.896000,1
3.120834,-0.002300971,0.900000,1
3.134699,-0.002492719,0.904000,1
3.149628,-0.002876214,0.908000,1
3.163790,-0.002300971,0.912000,1
3.177251,-0.002492719,0.916000,1
3.191046,-0.002109224,0.920000,1
3.204675,-0.002876214,0.924000,1
3.218472,-0.002780340,0.928000,1
3.232177,-0.002876214,0.932000,1
3.245880,-0.002588593,0.936000,1
3.259737,-0.002396845,0.940000,1
3.273067,-0.003355583,0.944000,1
3.287102,-0.002972088,0.948000,1
3.300607,-0.003163835,0.952000,1
3.314413,-0.003739078,0.956000,1
3.328535,-0.004026700,0.960000,1
3.342455,-0.002972088,0.964000,1
3.356308,-0.002780340,0.968000,1
3.370305,-0.003259709,0.972000,1
3.384422,-0.003451457,0.976000,1
3.398344,-0.003163835,0.980000,1
3.412466,-0.003643204,0.984000,1
3.425841,-0.003163835,0.988000,1
3.440104,-0.003643204,0.992000,1
3.455036,-0.003451457,0.996000,1
3.468729,-0.003259709,1.000000,1
3.482522,-0.003355583,1.004000,1
3.496412,-0.003451457,1.008000,1
3.509642,-0.003451457,1.012000,1
3.523284,-0.003451457,1.016000,1
3.537058,-0.003547331,1.020000,1
3.550447,-0.004601942,1.024000,1
3.564357,-0.003739078,1.028000,1
3.578089,-0.004601942,1.032000,1
3.592116,-0.003834952,1.036000,1
3.606889,-0.003930826,1.040000,1
3.620463,-0.004218447,1.044000,1
3.634397,-0.004218447,1.048000,1
3.648156,-0.004314321,1.052000,1
3.661714,-0.004410195,1.056000,1
3.675334,-0.004026700,1.060000,1
3.688617,-0.004314321,1.064000,1
3.702379,-0.004985438,1.068000,1
3.715975,-0.004697816,1.072000,1
3.729626,-0.004793690,1.076000,1
3.743113,-0.004889564,1.080000,1
3.757051,-0.004601942,1.084000,1
3.771084,-0.004985438,1.088000,1
3.784858,-0.005273059,1.092000,1
3.798679,-0.005368933,1.096000,1
3.812285,-0.005177185,1.100000,1
3.826097,-0.005273059,1.104000,1
3.839751,-0.005177185,1.108000,1
3.853413,-0.005081311,1.112000,1
3.867326,-0.005081311,1.116000,1
3.880625,-0.005368933,1.120000,1
3.894164,-0.004889564,1.124000,1
3.907934,-0.005464807,1.128000,1
3.921649,-0.005656554,1.132000,1
3.935564,-0.005464807,1.136000,1
3.948993,-0.004985438,1.140000,1
3.962826,-0.005560680,1.144000,1
3.976604,-0.005848302,1.148000,1
3.990397,-0.005464807,1.152000,1
4.003912,-0.006040049,1.156000,1
4.017656,-0.006040049,1.160000,1
4.031797,-0.006519418,1.164000,1
4.045742,-0.006423545,1.168000,1
4.060067,-0.006902914,1.172000,1
4.074379,-0.006423545,1.176000,1
4.087734,-0.007286409,1.180000,1
4.101765,-0.006807040,1.184000,1
4.116035,-0.007190535,1.188000,1
4.130198,-0.007190535,1.192000,1
4.144022,-0.006807040,1.196000,1
4.157545,-0.007478156,1.200000,1
4.171463,-0.007669904,1.204000,1
4.184926,-0.007478156,1.208000,1
4.198345,-0.007478156,1.212000,1
4.212425,-0.007286409,1.216000,1
4.226283,-0.007669904,1.220000,1
4.240056,-0.008053399,1.224000,1
4.254036,-0.008532768,1.228000,1
4.267432,-0.007957525,1.232000,1
4.281464,-0.008532768,1.236000,1
4.295399,-0.009012137,1.240000,1
4.309714,-0.008916263,1.244000,1
4.323383,-0.008628642,1.248000,1
4.337261,-0.008628642,1.252000,1
4.351304,-0.009491506,1.256000,1
4.365234,-0.009012137,1.260000,1
4.378865,-0.009587380,1.264000,1
4.392633,-0.009587380,1.268000,1
4.406750,-0.009875001,1.272000,1
4.420867,-0.009683254,1.276000,1
4.434130,-0.009779128,1.280000,1
4.446939,-0.009779128,1.284000,1
4.460468,-0.009683254,1.288000,1
4.473417,-0.010258497,1.292000,1
4.486791,-0.010258497,1.296000,1
4.500534,-0.009875001,1.300000,1
4.514067,-0.010066749,1.304000,1
4.527545,-0.010546118,1.308000,1
4.541219,-0.010162623,1.312000,1
4.554668,-0.010641992,1.316000,1
4.568287,-0.010737866,1.320000,1
4.582307,-0.010066749,1.324000,1
4.595848,-0.010641992,1.328000,1
4.609351,-0.010833739,1.332000,1
4.622926,-0.011217235,1.336000,1
4.636815,-0.011217235,1.340000,1
4.650967,-0.010737866,1.344000,1
4.664214,-0.011313108,1.348000,1
4.677763,-0.011217235,1.352000,1
4.691894,-0.011600730,1.356000,1
4.705366,-0.011504856,1.360000,1
4.719271,-0.011504856,1.364000,1
4.732547,-0.012463594,1.368000,1
4.746587,-0.012080099,1.372000,1
4.760174,-0.012655342,1.376000,1
4.773932,-0.012463594,1.380000,1
4.787849,-0.012655342,1.384000,1
4.801830,-0.013230584,1.388000,1
4.815310,-0.012847089,1.392000,1
4.829072,-0.012847089,1.396000,1
4.842745,-0.013422332,1.400000,1
4.856743,-0.013134710,1.404000,1
4.870948,-0.013709953,1.408000,1
4.884697,-0.013326458,1.412000,1
4.898476,-0.013997575,1.416000,1
4.912529,-0.013422332,1.420000,1
4.926370,-0.013614079,1.424000,1
4.940312,-0.013997575,1.428000,1
4.953690,-0.013805827,1.432000,1
4.967221,-0.013901701,1.436000,1
4.980756,-0.014381070,1.440000,1
4.995126,-0.014572817,1.444000,1
5.008473,-0.014381070,1.448000,1
5.022142,-0.014956313,1.452000,1
5.036122,-0.014764565,1.456000,1
5.049268,-0.015339808,1.460000,1
5.063581,-0.015243934,1.464000,1
5.077565,-0.015339808,1.468000,1
5.091949,-0.015723303,1.472000,1
5.105708,-0.015819177,1.476000,1
5.119844,-0.016298546,1.480000,1
5.134283,-0.015627429,1.484000,1
5.147696,-0.015531555,1.488000,1
5.161888,-0.016298546,1.492000,1
5.175448,-0.015531555,1.496000,1
5.189127,-0.016586167,1.500000,1
5.202821,-0.016202672,1.504000,1
5.216284,-0.016202672,1.508000,1
5.230711,-0.016873789,1.512000,1
5.245153,-0.016586167,1.516000,1
5.259099,-0.016969662,1.520000,1
5.272953,-0.016777915,1.524000,1
5.287216,-0.017736653,1.528000,1
5.300517,-0.017257284,1.532000,1
5.314454,-0.017832527,1.536000,1
5.328360,-0.017736653,1.540000,1
5.342044,-0.017449031,1.544000,1
5.355536,-0.017544905,1.548000,1
5.368888,-0.018024274,1.552000,1
5.382640,-0.017832527,1.556000,1
5.396046,-0.018695391,1.560000,1
5.409734,-0.018407769,1.564000,1
5.423288,-0.018216022,1.568000,1
5.437851,-0.018599517,1.572000,1
5.451332,-0.018887138,1.576000,1
5.464996,-0.018887138,1.580000,1
5.478789,-0.019078886,1.584000,1
5.492792,-0.019366507,1.588000,1
5.506693,-0.019654129,1.592000,1
5.520540,-0.019654129,1.596000,1
5.534484,-0.019174760,1.600000,1
5.547816,-0.019941750,1.604000,1
5.561790,-0.019750003,1.608000,1
5.575176,-0.019845876,1.612000,1
5.588540,-0.019750003,1.616000,1
5.602393,-0.020421119,1.620000,1
5.615947,-0.020037624,1.624000,1
5.629584,-0.020229372,1.628000,1
5.643407,-0.019941750,1.632000,1
5.657314,-0.020325245,1.636000,1
5.671258,-0.019941750,1.640000,1
5.684765,-0.020133498,1.644000,1
5.699071,-0.021188110,1.648000,1
5.712928,-0.020229372,1.652000,1
5.726655,-0.020612867,1.656000,1
5.740237,-0.020996362,1.660000,1
5.754520,-0.020900488,1.664000,1
5.767740,-0.020708741,1.668000,1
5.781175,-0.021283983,1.672000,1
5.795255,-0.021667479,1.676000,1
5.808617,-0.021379857,1.680000,1
5.822768,-0.021379857,1.684000,1
5.836360,-0.021475731,1.688000,1
5.850068,-0.020996362,1.692000,1
5.863811,-0.021667479,1.696000,1
5.878908,-0.021379857,1.700000,1
5.892743,-0.021955100,1.704000,1
5.906447,-0.021092236,1.708000,1
5.920077,-0.022050974,1.712000,1
5.933619,-0.022242721,1.716000,1
5.947800,-0.022338595,1.720000,1
5.961354,-0.022530343,1.724000,1
5.975117,-0.022338595,1.728000,1
5.989666,-0.022626217,1.732000,1
6.003362,-0.022722090,1.736000,1
6.017325,-0.022434469,1.740000,1
6.031380,-0.022530343,1.744000,1
6.045061,-0.023297333,1.748000,1
6.058995,-0.022626217,1.752000,1
6.073144,-0.023393207,1.756000,1
6.086869,-0.023393207,1.760000,1
6.100942,-0.023009712,1.764000,1
6.114905,-0.023680828,1.768000,1
6.128787,-0.023584955,1.772000,1
6.142357,-0.024064324,1.776000,1
6.155925,-0.023872576,1.780000,1
6.169737,-0.024064324,1.784000,1
6.183952,-0.024160197,1.788000,1
6.197370,-0.023968450,1.792000,1
6.211070,-0.024160197,1.796000,1
6.225168,-0.024160197,1.800000,1
6.238750,-0.024831314,1.804000,1
6.252756,-0.024831314,1.808000,1
6.266965,-0.024064324,1.812000,1
6.280483,-0.024735440,1.816000,1
6.294874,-0.024927188,1.820000,1
6.308988,-0.024256071,1.824000,1
6.323496,-0.024639566,1.828000,1
6.337297,-0.024735440,1.832000,1
6.351376,-0.025406557,1.836000,1
6.365312,-0.024927188,1.840000,1
6.378911,-0.024831314,1.844000,1
6.392706,-0.025118935,1.848000,1
6.406270,-0.025502431,1.852000,1
6.420273,-0.025118935,1.856000,1
6.433631,-0.025598304,1.860000,1
6.447362,-0.025118935,1.864000,1
6.461350,-0.025406557,1.868000,1
6.474694,-0.024831314,1.872000,1
6.488686,-0.025118935,1.876000,1
6.502056,-0.025406557,1.880000,1
6.515787,-0.025694178,1.884000,1
6.529245,-0.026557042,1.888000,1
6.543051,-0.026365295,1.892000,1
6.556679,-0.026461169,1.896000,1
6.570368,-0.026365295,1.900000,1
6.583798,-0.025694178,1.904000,1
6.598030,-0.025885926,1.908000,1
6.611429,-0.026557042,1.912000,1
6.625347,-0.026748790,1.916000,1
6.639142,-0.026748790,1.920000,1
6.653008,-0.027228159,1.924000,1
6.666884,-0.025981800,1.928000,1
6.680649,-0.027228159,1.932000,1
6.694140,-0.026557042,1.936000,1
6.707948,-0.027036411,1.940000,1
6.721526,-0.027228159,1.944000,1
6.735838,-0.026940538,1.948000,1
6.748994,-0.027324033,1.952000,1
6.762769,-0.027132285,1.956000,1
6.776922,-0.027036411,1.960000,1
6.790951,-0.027515780,1.964000,1
6.804646,-0.027611654,1.968000,1
6.818251,-0.028091023,1.972000,1
6.832537,-0.027899276,1.976000,1
6.846038,-0.027803402,1.980000,1
6.859804,-0.027803402,1.984000,1
6.874169,-0.028091023,1.988000,1
6.887597,-0.027899276,1.992000,1
6.901292,-0.028378645,1.996000,1
6.915166,-0.028474518,2.000000,1
6.929768,-0.028282771,2.000000,1
6.943472,-0.028570392,2.000000,1
6.957536,-0.028953887,2.000000,1
6.971207,-0.027995149,2.000000,1
6.985371,-0.028666266,2.000000,1
6.999089,-0.028186897,2.000000,1
7.012905,-0.028570392,2.000000,1
7.026685,-0.028091023,2.000000,1
7.040651,-0.028858014,2.000000,1
7.054785,-0.028474518,2.000000,1
7.068577,-0.028474518,2.000000,1
7.082649,-0.028762140,2.000000,1
7.096200,-0.028570392,2.000000,1
7.109715,-0.028666266,2.000000,1
7.123573,-0.028858014,2.000000,1
7.137283,-0.028666266,2.000000,1
7.150836,-0.028666266,2.000000,1
7.164155,-0.028378645,2.000000,1
7.178953,-0.029049761,2.000000,1
7.192318,-0.028666266,2.000000,1
7.205935,-0.028570392,2.000000,1
7.220438,-0.028570392,2.000000,1
7.234094,-0.028666266,2.000000,1
7.247869,-0.028762140,2.000000,1
7.261285,-0.029433256,2.000000,1
7.275441,-0.028474518,2.000000,1
7.289083,-0.028762140,2.000000,1
7.302821,-0.028666266,2.000000,1
7.317100,-0.028858014,2.000000,1
7.330440,-0.028953887,2.000000,1
7.344187,-0.028474518,2.000000,1
7.358597,-0.028858014,2.000000,1
7.371965,-0.028858014,2.000000,1
7.385704,-0.028953887,2.000000,1
7.399401,-0.028666266,2.000000,1
7.413069,-0.028666266,2.000000,1
7.426900,-0.029145635,2.000000,1
7.440428,-0.029145635,2.000000,1
7.454324,-0.028282771,2.000000,1
7.467708,-0.028570392,2.000000,1
7.481755,-0.029049761,2.000000,1
7.495195,-0.029433256,2.000000,1
7.509223,-0.028953887,2.000000,1
7.522511,-0.029337383,2.000000,1
7.536343,-0.029049761,2.000000,1
7.549713,-0.028953887,2.000000,1
7.563421,-0.029433256,2.000000,1
7.576709,-0.029337383,2.000000,1
7.590740,-0.028953887,2.000000,1
7.604209,-0.029241509,2.000000,1
7.617942,-0.028953887,2.000000,1
7.631771,-0.028666266,2.000000,1
7.645246,-0.029049761,2.000000,1
7.659692,-0.029337383,2.000000,1
7.673013,-0.029145635,2.000000,1
7.686689,-0.029337383,2.000000,1
7.700687,-0.028953887,2.000000,1
7.714243,-0.028666266,2.000000,1
7.728055,-0.029145635,2.000000,1
7.741906,-0.028666266,2.000000,1
7.755839,-0.029337383,2.000000,1
7.769088,-0.028474518,2.000000,1
7.782598,-0.029337383,2.000000,1
7.796459,-0.029049761,2.000000,1
7.809954,-0.029049761,2.000000,1
7.823676,-0.029625004,2.000000,1
7.837072,-0.029625004,2.000000,1
7.851065,-0.028762140,2.000000,1
7.864540,-0.029241509,2.000000,1
7.878263,-0.029529130,2.000000,1
7.891785,-0.029816752,2.000000,1
7.905419,-0.029241509,2.000000,1
7.919187,-0.029049761,2.000000,1
7.932508,-0.029241509,2.000000,1
7.946737,-0.028953887,2.000000,1
7.960059,-0.029145635,2.000000,1
7.973719,-0.029145635,2.000000,1
7.987157,-0.029529130,2.000000,1
8.000587,-0.029241509,2.000000,1
8.014330,-0.029337383,2.000000,1
8.028002,-0.029145635,2.000000,1
8.041700,-0.029433256,2.000000,1
8.055380,-0.029912625,2.000000,1
8.068817,-0.029241509,2.000000,1
8.082980,-0.029433256,2.000000,1
8.096417,-0.029337383,2.000000,1
8.110246,-0.029241509,2.000000,1
8.123741,-0.028762140,2.000000,1
8.137352,-0.029241509,2.000000,1
8.151067,-0.029049761,2.000000,1
8.164596,-0.029337383,2.000000,1
8.177909,-0.029337383,2.000000,1
8.191765,-0.028953887,2.000000,1
8.205197,-0.029145635,2.000000,1
8.218686,-0.029241509,2.000000,1
8.232491,-0.029337383,2.000000,1
8.245950,-0.029529130,2.000000,1
8.259742,-0.028953887,2.000000,1
8.273104,-0.029433256,2.000000,1
8.287288,-0.029337383,2.000000,1
8.300818,-0.029337383,2.000000,1
8.314781,-0.029337383,2.000000,1
8.328475,-0.029241509,2.000000,1
8.342174,-0.029049761,2.000000,1
8.355850,-0.029529130,2.000000,1
8.369822,-0.029529130,2.000000,1
8.383302,-0.028953887,2.000000,1
8.398072,-0.029625004,2.000000,1
8.411435,-0.029433256,2.000000,1
8.424093,-0.029241509,2.000000,1
8.437222,-0.028953887,2.000000,1
8.450914,-0.029145635,2.000000,1
8.464450,-0.029529130,2.000000,1
8.478361,-0.029529130,2.000000,1
8.491783,-0.029625004,2.000000,1
8.505463,-0.029241509,2.000000,1
8.519111,-0.029145635,2.000000,1
8.532594,-0.029720878,2.000000,1
8.546259,-0.028858014,2.000000,1
8.559666,-0.029625004,2.000000,1
8.573694,-0.030008499,2.000000,1
8.587162,-0.029049761,2.000000,1
8.600873,-0.029241509,2.000000,1
8.614834,-0.029337383,2.000000,1
8.628596,-0.029241509,2.000000,1
8.642302,-0.028953887,2.000000,1
8.656056,-0.029145635,2.000000,1
8.669839,-0.029433256,2.000000,1
8.683548,-0.028858014,2.000000,1
8.697843,-0.029720878,2.000000,1
8.711162,-0.029625004,2.000000,1
8.724887,-0.028762140,2.000000,1
8.738869,-0.028953887,2.000000,1
8.752496,-0.029529130,2.000000,1
8.766296,-0.029625004,2.000000,1
8.779830,-0.029433256,2.000000,1
8.794296,-0.029625004,2.000000,1
8.807854,-0.029529130,2.000000,1
8.821547,-0.030008499,2.000000,1
8.835189,-0.029337383,2.000000,1
8.848923,-0.029529130,2.000000,1
8.862916,-0.029241509,2.000000,1
8.876552,-0.029337383,2.000000,1
8.890236,-0.029241509,2.000000,1
8.903916,-0.029720878,2.000000,1
8.918057,-0.029241509,2.000000,1
8.931851,-0.029145635,2.000000,1
8.945943,-0.029625004,2.000000,1
8.959649,-0.028858014,2.000000,1
8.973656,-0.029625004,2.000000,1
8.987562,-0.029625004,2.000000,1
9.001806,-0.029433256,2.000000,1
9.015306,-0.029625004,2.000000,1
9.029239,-0.029337383,2.000000,1
9.042993,-0.029720878,2.000000,1
9.056547,-0.029337383,2.000000,1
9.070447,-0.029529130,2.000000,1
9.083807,-0.030104373,2.000000,1
9.097816,-0.029625004,2.000000,1
9.111495,-0.029049761,2.000000,1
9.125166,-0.029912625,2.000000,1
9.138887,-0.029529130,2.000000,1
9.152602,-0.029816752,2.000000,1
9.166417,-0.029720878,2.000000,1
9.180677,-0.029625004,2.000000,1
9.194408,-0.029529130,2.000000,1
9.208140,-0.029529130,2.000000,1
9.222084,-0.029912625,2.000000,1
9.236025,-0.029337383,2.000000,1
9.249991,-0.030104373,2.000000,1
9.263756,-0.030008499,2.000000,1
9.277897,-0.029720878,2.000000,1
9.291379,-0.029912625,2.000000,1
9.305000,-0.029433256,2.000000,1
9.318770,-0.029912625,2.000000,1
9.332474,-0.029337383,2.000000,1
9.346379,-0.029720878,2.000000,1
9.360105,-0.029337383,2.000000,1
9.373765,-0.030008499,2.000000,1
9.387368,-0.029529130,2.000000,1
9.401476,-0.029145635,2.000000,1
9.415228,-0.029816752,2.000000,1
9.428845,-0.029625004,2.000000,1
9.441773,-0.029625004,2.000000,1
9.454594,-0.029241509,2.000000,1
9.467474,-0.029912625,2.000000,1
9.480535,-0.029529130,2.000000,1
9.494449,-0.030104373,2.000000,1
9.507552,-0.029145635,2.000000,1
9.520659,-0.029816752,2.000000,1
9.533646,-0.029625004,2.000000,1
9.547607,-0.029433256,2.000000,1
9.561361,-0.029145635,2.000000,1
9.574715,-0.029529130,2.000000,1
9.588433,-0.029720878,2.000000,1
9.602185,-0.029720878,2.000000,1
9.615932,-0.029912625,2.000000,1
9.629645,-0.029241509,2.000000,1
9.643325,-0.029912625,2.000000,1
9.656970,-0.029720878,2.000000,1
9.670906,-0.029337383,2.000000,1
9.684813,-0.030296121,1.996000,1
9.698671,-0.029720878,1.992000,1
9.712210,-0.029625004,1.988000,1
9.725925,-0.029720878,1.984000,1
9.739661,-0.028858014,1.980000,1
9.753390,-0.029816752,1.976000,1
9.766869,-0.029529130,1.972000,1
9.780455,-0.029337383,1.968000,1
9.794353,-0.029625004,1.964000,1
9.807850,-0.030008499,1.960000,1
9.821544,-0.029049761,1.956000,1
9.835205,-0.029145635,1.952000,1
9.848907,-0.029433256,1.948000,1
9.862584,-0.028953887,1.944000,1
9.876324,-0.029145635,1.940000,1
9.890093,-0.029241509,1.936000,1
9.903836,-0.029720878,1.932000,1
9.917603,-0.029529130,1.928000,1
9.931234,-0.029241509,1.924000,1
9.945071,-0.029720878,1.920000,1
9.959369,-0.029529130,1.916000,1
9.972651,-0.029241509,1.912000,1
9.986398,-0.029529130,1.908000,1
9.999907,-0.029241509,1.904000,1
10.014192,-0.029241509,1.900000,1
10.027591,-0.029241509,1.896000,1
10.041215,-0.029145635,1.892000,1
10.054860,-0.029337383,1.888000,1
10.068907,-0.029433256,1.884000,1
10.082242,-0.029145635,1.880000,1
10.096219,-0.028762140,1.876000,1
10.110177,-0.028666266,1.872000,1
10.123915,-0.028570392,1.868000,1
10.137640,-0.028474518,1.864000,1
10.151298,-0.029049761,1.860000,1
10.165113,-0.028858014,1.856000,1
10.178487,-0.028570392,1.852000,1
10.192503,-0.029145635,1.848000,1
10.206045,-0.028762140,1.844000,1
10.219552,-0.028953887,1.840000,1
10.233549,-0.028953887,1.836000,1
10.246981,-0.028858014,1.832000,1
10.260284,-0.028474518,1.828000,1
10.274153,-0.028570392,1.824000,1
10.287441,-0.028953887,1.820000,1
10.301093,-0.027995149,1.816000,1
10.314614,-0.028666266,1.812000,1
10.328333,-0.028858014,1.808000,1
10.341802,-0.029241509,1.804000,1
10.355266,-0.027995149,1.800000,1
10.368771,-0.029049761,1.796000,1
10.382288,-0.028762140,1.792000,1
10.395810,-0.028378645,1.788000,1
10.409694,-0.028091023,1.784000,1
10.423357,-0.028474518,1.780000,1
10.437072,-0.028762140,1.776000,1
10.450800,-0.028570392,1.772000,1
10.464691,-0.028474518,1.768000,1
10.478706,-0.028474518,1.764000,1
10.492234,-0.027419907,1.760000,1
10.505950,-0.028474518,1.756000,1
10.519632,-0.028282771,1.752000,1
10.533273,-0.028186897,1.748000,1
10.546703,-0.028282771,1.744000,1
10.560071,-0.028091023,1.740000,1
10.573089,-0.028474518,1.736000,1
10.586936,-0.027995149,1.732000,1
10.600282,-0.028186897,1.728000,1
10.614226,-0.027803402,1.724000,1
10.628163,-0.028282771,1.720000,1
10.641501,-0.027899276,1.716000,1
10.655129,-0.027899276,1.712000,1
10.668705,-0.027515780,1.708000,1
10.682420,-0.027803402,1.704000,1
10.695951,-0.028570392,1.700000,1
10.709362,-0.028186897,1.696000,1
10.723044,-0.027899276,1.692000,1
10.736535,-0.027803402,1.688000,1
10.750295,-0.027803402,1.684000,1
10.763850,-0.028186897,1.680000,1
10.777273,-0.028091023,1.676000,1
10.791440,-0.028091023,1.672000,1
10.804907,-0.027803402,1.668000,1
10.818606,-0.027899276,1.664000,1
10.832089,-0.027515780,1.660000,1
10.845524,-0.027419907,1.656000,1
10.859190,-0.027515780,1.652000,1
10.872670,-0.027419907,1.648000,1
10.886409,-0.027611654,1.644000,1
10.899875,-0.027132285,1.640000,1
10.913586,-0.027419907,1.636000,1
10.927062,-0.027899276,1.632000,1
10.940863,-0.027803402,1.628000,1
10.954304,-0.028091023,1.624000,1
10.967838,-0.027611654,1.620000,1
10.981557,-0.027899276,1.616000,1
10.995037,-0.027419907,1.612000,1
11.008544,-0.027324033,1.608000,1
11.022517,-0.027515780,1.604000,1
11.036024,-0.027132285,1.600000,1
11.049765,-0.027707528,1.596000,1
11.063400,-0.027515780,1.592000,1
11.077070,-0.027036411,1.588000,1
11.090760,-0.027324033,1.584000,1
11.104483,-0.027132285,1.580000,1
11.117939,-0.027419907,1.576000,1
11.131651,-0.027515780,1.572000,1
11.145063,-0.026748790,1.568000,1
11.158521,-0.027515780,1.564000,1
11.172291,-0.027132285,1.560000,1
11.185796,-0.027036411,1.556000,1
11.199509,-0.026940538,1.552000,1
11.213159,-0.026557042,1.548000,1
11.226693,-0.026652916,1.544000,1
11.240439,-0.026652916,1.540000,1
11.253787,-0.026940538,1.536000,1
11.267384,-0.026557042,1.532000,1
11.281026,-0.027324033,1.528000,1
11.294787,-0.026557042,1.524000,1
11.308243,-0.026844664,1.520000,1
11.322001,-0.026844664,1.516000,1
11.335687,-0.026844664,1.512000,1
11.349343,-0.026940538,1.508000,1
11.363081,-0.026748790,1.504000,1
11.376410,-0.026652916,1.500000,1
11.390486,-0.026940538,1.496000,1
11.403774,-0.026557042,1.492000,1
11.417543,-0.026748790,1.488000,1
11.430973,-0.027419907,1.484000,1
11.444702,-0.026748790,1.480000,1
11.458110,-0.026461169,1.476000,1
11.472054,-0.026652916,1.472000,1
11.485327,-0.025885926,1.468000,1
11.499038,-0.026269421,1.464000,1
11.512749,-0.025981800,1.460000,1
11.526438,-0.026748790,1.456000,1
11.540151,-0.026940538,1.452000,1
11.553658,-0.026461169,1.448000,1
11.567461,-0.026365295,1.444000,1
11.580688,-0.026844664,1.440000,1
11.594586,-0.026461169,1.436000,1
11.608111,-0.026652916,1.432000,1
11.621541,-0.026173547,1.428000,1
11.635199,-0.025502431,1.424000,1
11.648656,-0.026269421,1.420000,1
11.662392,-0.025885926,1.416000,1
11.675895,-0.026077673,1.412000,1
11.689515,-0.025981800,1.408000,1
11.703769,-0.025790052,1.404000,1
11.717236,-0.026461169,1.400000,1
11.730989,-0.025790052,1.396000,1
11.744945,-0.025598304,1.392000,1
11.758932,-0.026077673,1.388000,1
11.772453,-0.025118935,1.384000,1
11.786879,-0.025885926,1.380000,1
11.800190,-0.025214809,1.376000,1
11.813905,-0.025885926,1.372000,1
11.827586,-0.025406557,1.368000,1
11.841182,-0.025694178,1.364000,1
11.855438,-0.025694178,1.360000,1
11.868876,-0.025310683,1.356000,1
11.882620,-0.025598304,1.352000,1
11.896342,-0.025023062,1.348000,1
11.910084,-0.025214809,1.344000,1
11.923792,-0.025406557,1.340000,1
11.937375,-0.025790052,1.336000,1
11.951640,-0.025214809,1.332000,1
11.965197,-0.025694178,1.328000,1
11.978943,-0.025310683,1.324000,1
11.992932,-0.024927188,1.320000,1
12.007333,-0.025214809,1.316000,1
12.020643,-0.025310683,1.312000,1
12.034607,-0.025310683,1.308000,1
12.052160,-0.024927188,1.304000,1
12.065764,-0.024927188,1.300000,1
12.079209,-0.025023062,1.296000,1
12.092719,-0.025118935,1.292000,1
12.106705,-0.024927188,1.288000,1
12.120230,-0.024927188,1.284000,1
12.133971,-0.024831314,1.280000,1
12.147533,-0.024735440,1.276000,1
12.161204,-0.025118935,1.272000,1
12.174710,-0.025118935,1.268000,1
12.188260,-0.024831314,1.264000,1
12.202497,-0.024639566,1.260000,1
12.215994,-0.025310683,1.256000,1
12.229735,-0.024831314,1.252000,1
12.243367,-0.024639566,1.248000,1
12.257350,-0.024927188,1.244000,1
12.271093,-0.024543693,1.240000,1
12.284579,-0.024447819,1.236000,1
12.298891,-0.024735440,1.232000,1
12.312228,-0.024064324,1.228000,1
12.325958,-0.024351945,1.224000,1
12.339639,-0.024447819,1.220000,1
12.353238,-0.024064324,1.216000,1
12.367033,-0.024447819,1.212000,1
12.380790,-0.024256071,1.208000,1
12.394970,-0.024639566,1.204000,1
12.408305,-0.023776702,1.200000,1
12.422043,-0.024064324,1.196000,1
12.435191,-0.024064324,1.192000,1
12.449123,-0.024639566,1.188000,1
12.462415,-0.024256071,1.184000,1
12.476107,-0.024351945,1.180000,1
12.489537,-0.024160197,1.176000,1
12.503181,-0.023776702,1.172000,1
12.516630,-0.024064324,1.168000,1
12.530378,-0.024160197,1.164000,1
12.544035,-0.023872576,1.160000,1
12.557501,-0.023968450,1.156000,1
12.571088,-0.024064324,1.152000,1
12.584507,-0.023968450,1.148000,1
12.598153,-0.023393207,1.144000,1
12.611645,-0.023968450,1.140000,1
12.625280,-0.024256071,1.136000,1
12.638946,-0.023201459,1.132000,1
12.652645,-0.023584955,1.128000,1
12.666301,-0.023776702,1.124000,1
12.679853,-0.023872576,1.120000,1
12.693702,-0.023584955,1.116000,1
12.707109,-0.023872576,1.112000,1
12.720708,-0.023201459,1.108000,1
12.734375,-0.023297333,1.104000,1
12.748125,-0.023297333,1.100000,1
12.761651,-0.023105586,1.096000,1
12.775044,-0.023297333,1.092000,1
12.788474,-0.022913838,1.088000,1
12.802433,-0.022913838,1.084000,1
12.815953,-0.023105586,1.080000,1
12.829706,-0.022722090,1.076000,1
12.843302,-0.022913838,1.072000,1
12.856949,-0.022530343,1.068000,1
12.870661,-0.023009712,1.064000,1
12.884286,-0.022434469,1.060000,1
12.898050,-0.022434469,1.056000,1
12.911701,-0.022338595,1.052000,1
12.925324,-0.022338595,1.048000,1
12.938718,-0.022338595,1.044000,1
12.952988,-0.022242721,1.040000,1
12.966598,-0.022817964,1.036000,1
12.980255,-0.022434469,1.032000,1
12.993951,-0.022913838,1.028000,1
13.007679,-0.022146848,1.024000,1
13.021261,-0.021955100,1.020000,1
13.035220,-0.022146848,1.016000,1
13.050139,-0.022242721,1.012000,1
13.063186,-0.022817964,1.008000,1
13.077201,-0.021859226,1.004000,1
13.090768,-0.022242721,1.000000,1
13.104257,-0.021475731,0.996000,1
13.118316,-0.021571605,0.992000,1
13.131819,-0.021475731,0.988000,1
13.145503,-0.022050974,0.984000,1
13.159452,-0.021667479,0.980000,1
13.173091,-0.021955100,0.976000,1
13.186645,-0.021475731,0.972000,1
13.200332,-0.021571605,0.968000,1
13.214614,-0.021763352,0.964000,1
13.228154,-0.021283983,0.960000,1
13.241896,-0.021763352,0.956000,1
13.255614,-0.022146848,0.952000,1
13.269274,-0.021571605,0.948000,1
13.282981,-0.021763352,0.944000,1
13.296725,-0.021188110,0.940000,1
13.310503,-0.020996362,0.936000,1
13.324235,-0.021188110,0.932000,1
13.337972,-0.021667479,0.928000,1
13.351693,-0.020996362,0.924000,1
13.365365,-0.020804614,0.920000,1
13.378911,-0.020996362,0.916000,1
13.392613,-0.020900488,0.912000,1
13.406774,-0.020325245,0.908000,1
13.420497,-0.020996362,0.904000,1
13.434194,-0.020612867,0.900000,1
13.447940,-0.020612867,0.896000,1
13.461888,-0.020516993,0.892000,1
13.475906,-0.020804614,0.888000,1
13.489630,-0.020421119,0.884000,1
13.503550,-0.020421119,0.880000,1
13.517233,-0.020708741,0.876000,1
13.530977,-0.020516993,0.872000,1
13.544667,-0.020612867,0.868000,1
13.558219,-0.020325245,0.864000,1
13.572325,-0.020037624,0.860000,1
13.585881,-0.020516993,0.856000,1
13.599420,-0.020612867,0.852000,1
13.613863,-0.020037624,0.848000,1
13.627225,-0.020037624,0.844000,1
13.640701,-0.019750003,0.840000,1
13.654397,-0.019654129,0.836000,1
13.668298,-0.019750003,0.832000,1
13.682015,-0.020421119,0.828000,1
13.695747,-0.019462381,0.824000,1
13.709387,-0.020037624,0.820000,1
13.723114,-0.019654129,0.816000,1
13.736806,-0.019462381,0.812000,1
13.750484,-0.019462381,0.808000,1
13.764225,-0.019270634,0.804000,1
13.777703,-0.018983012,0.800000,1
13.791678,-0.019078886,0.796000,1
13.805147,-0.018887138,0.792000,1
13.818849,-0.019174760,0.788000,1
13.832610,-0.019270634,0.784000,1
13.846293,-0.019174760,0.780000,1
13.859959,-0.018407769,0.776000,1
13.873635,-0.019366507,0.772000,1
13.887274,-0.019174760,0.768000,1
13.900957,-0.018887138,0.764000,1
13.914609,-0.018983012,0.760000,1
13.928249,-0.018983012,0.756000,1
13.942664,-0.018791265,0.752000,1
13.955970,-0.018887138,0.748000,1
13.970048,-0.018599517,0.744000,1
13.983762,-0.018120148,0.740000,1
13.997141,-0.017736653,0.736000,1
14.011158,-0.018216022,0.732000,1
14.024685,-0.018887138,0.728000,1
14.038599,-0.018311896,0.724000,1
14.054374,-0.018311896,0.720000,1
14.067872,-0.018024274,0.716000,1
14.081312,-0.019078886,0.712000,1
14.095102,-0.018311896,0.708000,1
14.108618,-0.018024274,0.704000,1
14.122632,-0.018024274,0.700000,1
14.136154,-0.018407769,0.696000,1
14.149626,-0.018407769,0.692000,1
14.163292,-0.018311896,0.688000,1
14.176659,-0.016873789,0.684000,1
14.190718,-0.017832527,0.680000,1
14.204239,-0.017353158,0.676000,1
14.217678,-0.017353158,0.672000,1
14.231338,-0.017832527,0.668000,1
14.244759,-0.017736653,0.664000,1
14.258554,-0.017257284,0.660000,1
14.272015,-0.017353158,0.656000,1
14.286015,-0.017544905,0.652000,1
14.299546,-0.017065536,0.648000,1
14.312947,-0.017449031,0.644000,1
14.326667,-0.016682041,0.640000,1
14.340313,-0.016586167,0.636000,1
14.354031,-0.016394420,0.632000,1
14.367813,-0.016777915,0.628000,1
14.381251,-0.017449031,0.624000,1
14.395222,-0.016873789,0.620000,1
14.409155,-0.017065536,0.616000,1
14.422951,-0.017257284,0.612000,1
14.436225,-0.016490293,0.608000,1
14.449218,-0.016202672,0.604000,1
14.462195,-0.016873789,0.600000,1
14.475460,-0.016490293,0.596000,1
14.489465,-0.016586167,0.592000,1
14.502870,-0.017449031,0.588000,1
14.516128,-0.016106798,0.584000,1
14.529274,-0.016586167,0.580000,1
14.543155,-0.016682041,0.576000,1
14.557029,-0.016682041,0.572000,1
14.571333,-0.016873789,0.568000,1
14.584946,-0.016777915,0.564000,1
14.598942,-0.016394420,0.560000,1
14.612627,-0.016394420,0.556000,1
14.626537,-0.016490293,0.552000,1
14.640467,-0.016298546,0.548000,1
14.654197,-0.016586167,0.544000,1
14.667914,-0.017065536,0.540000,1
14.681926,-0.017161410,0.536000,1
14.696211,-0.016394420,0.532000,1
14.710014,-0.016586167,0.528000,1
14.723945,-0.016586167,0.524000,1
14.737701,-0.016682041,0.520000,1
14.751330,-0.016202672,0.516000,1
14.764984,-0.016298546,0.512000,1
14.778503,-0.016394420,0.508000,1
14.792808,-0.016490293,0.504000,1
14.806175,-0.016490293,0.500000,1
14.819821,-0.016490293,0.496000,1
14.833527,-0.016586167,0.492000,1
14.847232,-0.016490293,0.488000,1
14.860921,-0.016394420,0.484000,1
14.874595,-0.016490293,0.480000,1
14.888257,-0.017065536,0.476000,1
14.901990,-0.016202672,0.472000,1
14.915706,-0.016202672,0.468000,1
14.929292,-0.016490293,0.464000,1
14.943504,-0.015723303,0.460000,1
14.956963,-0.016010924,0.456000,1
14.970522,-0.016202672,0.452000,1
14.984258,-0.016202672,0.448000,1
14.997795,-0.016010924,0.444000,1
15.011022,-0.016202672,0.440000,1
15.024893,-0.016490293,0.436000,1
15.038398,-0.015915051,0.432000,1
15.052641,-0.016394420,0.428000,1
15.065796,-0.015915051,0.424000,1
15.079744,-0.016106798,0.420000,1
15.093125,-0.016106798,0.416000,1
15.106867,-0.015723303,0.412000,1
15.120542,-0.015531555,0.408000,1
15.134263,-0.015915051,0.404000,1
15.147954,-0.016106798,0.400000,1
15.161672,-0.016202672,0.396000,1
15.175110,-0.016106798,0.392000,1
15.188571,-0.016490293,0.388000,1
15.202597,-0.016202672,0.384000,1
15.216066,-0.015243934,0.380000,1
15.229758,-0.015723303,0.376000,1
15.243464,-0.015915051,0.372000,1
15.257117,-0.016010924,0.368000,1
15.270576,-0.015723303,0.364000,1
15.284286,-0.015339808,0.360000,1
15.298189,-0.015531555,0.356000,1
15.311917,-0.015531555,0.352000,1
15.325598,-0.015627429,0.348000,1
15.339273,-0.015435682,0.344000,1
15.352900,-0.015819177,0.340000,1
15.366608,-0.015819177,0.336000,1
15.380239,-0.015435682,0.332000,1
15.393523,-0.015723303,0.328000,1
15.406919,-0.015627429,0.324000,1
15.420632,-0.015243934,0.320000,1
15.434305,-0.016010924,0.316000,1
15.448049,-0.015723303,0.312000,1
15.461773,-0.015435682,0.308000,1
15.475409,-0.015243934,0.304000,1
15.489585,-0.014764565,0.300000,1
15.503246,-0.015627429,0.296000,1
15.516891,-0.015148060,0.292000,1
15.530891,-0.014860439,0.288000,1
15.544569,-0.015339808,0.284000,1
15.557848,-0.014668691,0.280000,1
15.570719,-0.014764565,0.276000,1
15.584429,-0.014956313,0.272000,1
15.597920,-0.014381070,0.268000,1
15.611418,-0.014860439,0.264000,1
15.625469,-0.014381070,0.260000,1
15.638969,-0.014764565,0.256000,1
15.652664,-0.014285196,0.252000,1
15.666358,-0.014572817,0.248000,1
15.679907,-0.014093448,0.244000,1
15.693984,-0.014093448,0.240000,1
15.707417,-0.013518206,0.236000,1
15.721041,-0.013518206,0.232000,1
15.734743,-0.014189322,0.228000,1
15.748457,-0.014093448,0.224000,1
15.762251,-0.013997575,0.220000,1
15.775736,-0.013805827,0.216000,1
15.789267,-0.013614079,0.212000,1
15.803532,-0.013901701,0.208000,1
15.817008,-0.012847089,0.204000,1
15.830771,-0.013230584,0.200000,1
15.844489,-0.013326458,0.196000,1
15.858244,-0.012942963,0.192000,1
15.871933,-0.013134710,0.188000,1
15.885923,-0.012942963,0.184000,1
15.899666,-0.012942963,0.180000,1
15.913293,-0.012847089,0.176000,1
15.927057,-0.012942963,0.172000,1
15.941328,-0.013134710,0.168000,1
15.954634,-0.012367720,0.164000,1
15.968420,-0.011984225,0.160000,1
15.982354,-0.011888351,0.156000,1
15.996229,-0.011696604,0.152000,1
16.010160,-0.011984225,0.148000,1
16.024137,-0.011217235,0.144000,1
16.037856,-0.011408982,0.140000,1
16.053302,-0.011600730,0.136000,1
16.066538,-0.011696604,0.132000,1
16.080068,-0.011600730,0.128000,1
16.093827,-0.011217235,0.124000,1
16.107852,-0.011408982,0.120000,1
16.121559,-0.011504856,0.116000,1
16.134997,-0.011025487,0.112000,1
16.148686,-0.011600730,0.108000,1
16.162192,-0.010641992,0.104000,1
16.175648,-0.010833739,0.100000,1
16.188959,-0.010066749,0.096000,1
16.203232,-0.009970875,0.092000,1
16.216659,-0.009970875,0.088000,1
16.230389,-0.010258497,0.084000,1
16.243863,-0.009875001,0.080000,1
16.258259,-0.010066749,0.076000,1
16.271632,-0.009491506,0.072000,1
16.285287,-0.009970875,0.068000,1
16.299000,-0.009395632,0.064000,1
16.312647,-0.009970875,0.060000,1
16.326296,-0.009779128,0.056000,1
16.340044,-0.010066749,0.052000,1
16.353721,-0.009108011,0.048000,1
16.367753,-0.009779128,0.044000,1
16.381130,-0.008916263,0.040000,1
16.395159,-0.009299759,0.036000,1
16.408678,-0.008916263,0.032000,1
16.422388,-0.009012137,0.028000,1
16.435898,-0.009299759,0.024000,1
16.450076,-0.008628642,0.020000,1
16.463442,-0.009012137,0.016000,1
16.477108,-0.009012137,0.012000,1
16.490777,-0.008724516,0.008000,1
16.504588,-0.008245147,0.004000,1
16.518315,-0.007957525,0.000000,1
16.532027,-0.008245147,0.000000,1
16.545766,-0.007765778,-0.004000,1
16.559207,-0.008053399,-0.008000,1
16.573285,-0.008245147,-0.012000,1
16.586837,-0.007382283,-0.016000,1
16.600483,-0.007861652,-0.020000,1
16.614252,-0.007861652,-0.024000,1
16.627933,-0.007669904,-0.028000,1
16.641663,-0.008245147,-0.032000,1
16.655342,-0.007382283,-0.036000,1
16.669047,-0.007669904,-0.040000,1
16.682773,-0.007190535,-0.044000,1
16.696420,-0.007190535,-0.048000,1
16.709930,-0.007382283,-0.052000,1
16.724468,-0.006902914,-0.056000,1
16.737778,-0.006423545,-0.060000,1
16.751433,-0.006807040,-0.064000,1
16.765027,-0.006615292,-0.068000,1
16.779065,-0.006711166,-0.072000,1
16.792585,-0.006807040,-0.076000,1
16.806260,-0.005848302,-0.080000,1
16.819971,-0.006327671,-0.084000,1
16.833718,-0.006040049,-0.088000,1
16.847395,-0.005848302,-0.092000,1
16.860858,-0.005464807,-0.096000,1
16.874550,-0.004985438,-0.100000,1
16.888269,-0.005464807,-0.104000,1
16.901968,-0.005368933,-0.108000,1
16.915693,-0.004793690,-0.112000,1
16.929260,-0.005081311,-0.116000,1
16.943338,-0.005464807,-0.120000,1
16.956999,-0.005177185,-0.124000,1
16.970833,-0.004889564,-0.128000,1
16.984518,-0.004697816,-0.132000,1
16.998245,-0.005081311,-0.136000,1
17.011923,-0.004697816,-0.140000,1
17.025617,-0.004697816,-0.144000,1
17.039273,-0.004697816,-0.148000,1
17.052997,-0.004410195,-0.152000,1
17.066668,-0.004410195,-0.156000,1
17.080329,-0.004218447,-0.160000,1
17.094058,-0.004218447,-0.164000,1
17.107753,-0.004218447,-0.168000,1
17.121395,-0.003259709,-0.172000,1
17.135073,-0.004026700,-0.176000,1
17.148540,-0.003643204,-0.180000,1
17.163150,-0.003451457,-0.184000,1
17.176370,-0.003547331,-0.188000,1
17.190344,-0.003259709,-0.192000,1
17.204024,-0.003163835,-0.196000,1
17.217653,-0.002780340,-0.200000,1
17.231284,-0.003163835,-0.204000,1
17.244961,-0.003451457,-0.208000,1
17.258678,-0.002972088,-0.212000,1
17.272312,-0.002972088,-0.216000,1
17.285957,-0.003067962,-0.220000,1
17.299633,-0.003259709,-0.224000,1
17.313212,-0.002780340,-0.228000,1
17.327137,-0.002972088,-0.232000,1
17.341074,-0.002205097,-0.236000,1
17.354938,-0.002396845,-0.240000,1
17.368946,-0.002205097,-0.244000,1
17.382875,-0.001533981,-0.248000,1
17.396861,-0.001438107,-0.252000,1
17.410749,-0.001821602,-0.256000,1
17.424670,-0.002205097,-0.260000,1
17.438591,-0.001725728,-0.264000,1
17.452467,-0.001150486,-0.268000,1
17.466408,-0.001533981,-0.272000,1
17.480296,-0.001342233,-0.276000,1
17.494181,-0.002013350,-0.280000,1
17.507856,-0.001438107,-0.284000,1
17.521832,-0.001246359,-0.288000,1
17.535450,-0.001150486,-0.292000,1
17.549066,-0.001438107,-0.296000,1
17.562754,-0.000862864,-0.300000,1
17.576440,-0.001533981,-0.304000,1
17.590104,-0.000862864,-0.308000,1
17.603738,0.000000000,-0.312000,1
17.618022,-0.000766990,-0.316000,1
17.631360,-0.000287621,-0.320000,1
17.645047,-0.000958738,-0.324000,1
17.658759,-0.000383495,-0.328000,1
17.672435,-0.000575243,-0.332000,1
17.686167,-0.000766990,-0.336000,1
17.699851,-0.000479369,-0.340000,1
17.713845,-0.000671117,-0.344000,1
17.727304,0.000287621,-0.348000,1
17.740921,0.000575243,-0.352000,1
17.754589,0.000191748,-0.356000,1
17.768612,0.000862864,-0.360000,1
17.782108,0.001533981,-0.364000,1
17.795813,0.001438107,-0.368000,1
17.810023,0.001150486,-0.372000,1
17.823377,0.001054612,-0.376000,1
17.837241,0.001054612,-0.380000,1
17.850919,0.000671117,-0.384000,1
17.864585,0.001150486,-0.388000,1
17.878228,0.000958738,-0.392000,1
17.891918,0.001342233,-0.396000,1
17.905679,0.001054612,-0.400000,1
17.919422,0.001725728,-0.404000,1
17.933063,0.001438107,-0.408000,1
17.946721,0.001054612,-0.412000,1
17.960403,0.001821602,-0.416000,1
17.974071,0.001533981,-0.420000,1
17.987669,0.002300971,-0.424000,1
18.001783,0.001917476,-0.428000,1
18.015237,0.001917476,-0.432000,1
18.028942,0.001629855,-0.436000,1
18.042897,0.002492719,-0.440000,1
18.057394,0.002013350,-0.444000,1
18.070558,0.002205097,-0.448000,1
18.084084,0.002205097,-0.452000,1
18.097532,0.002684466,-0.456000,1
18.111232,0.002396845,-0.460000,1
18.124888,0.002109224,-0.464000,1
18.138621,0.002109224,-0.468000,1
18.152253,0.002396845,-0.472000,1
18.165684,0.001725728,-0.476000,1
18.179270,0.002972088,-0.480000,1
18.193090,0.002492719,-0.484000,1
18.206380,0.002588593,-0.488000,1
18.219832,0.002972088,-0.492000,1
18.233656,0.002684466,-0.496000,1
18.247036,0.002876214,-0.500000,1
18.260466,0.003259709,-0.504000,1
18.273863,0.003547331,-0.508000,1
18.287259,0.003067962,-0.512000,1
18.300958,0.003067962,-0.516000,1
18.314411,0.003834952,-0.520000,1
18.327804,0.003355583,-0.524000,1
18.341211,0.003355583,-0.528000,1
18.354654,0.003259709,-0.532000,1
18.368326,0.003067962,-0.536000,1
18.382636,0.003451457,-0.540000,1
18.396312,0.003547331,-0.544000,1
18.410013,0.003547331,-0.548000,1
18.424111,0.003451457,-0.552000,1
18.437816,0.003930826,-0.556000,1
18.451755,0.003451457,-0.560000,1
18.465649,0.003643204,-0.564000,1
18.479502,0.003930826,-0.568000,1
18.493538,0.004026700,-0.572000,1
18.507849,0.003834952,-0.576000,1
18.521280,0.004889564,-0.580000,1
18.535013,0.004026700,-0.584000,1
18.548669,0.004601942,-0.588000,1
18.562332,0.004410195,-0.592000,1
18.576026,0.004793690,-0.596000,1
18.589733,0.004410195,-0.600000,1
18.603371,0.004026700,-0.604000,1
18.617007,0.004314321,-0.608000,1
18.630735,0.004985438,-0.612000,1
18.644431,0.004697816,-0.616000,1
18.658128,0.004889564,-0.620000,1
18.671845,0.005368933,-0.624000,1
18.685399,0.005273059,-0.628000,1
18.699360,0.004985438,-0.632000,1
18.712820,0.005273059,-0.636000,1
18.726531,0.005560680,-0.640000,1
18.740297,0.005752428,-0.644000,1
18.754009,0.005464807,-0.648000,1
18.767727,0.005081311,-0.652000,1
18.781159,0.005081311,-0.656000,1
18.795145,0.005464807,-0.660000,1
18.808605,0.005656554,-0.664000,1
18.822543,0.006135923,-0.668000,1
18.836240,0.005848302,-0.672000,1
18.849967,0.006231797,-0.676000,1
18.863723,0.006519418,-0.680000,1
18.877376,0.006327671,-0.684000,1
18.891106,0.006327671,-0.688000,1
18.904842,0.006902914,-0.692000,1
18.918870,0.006327671,-0.696000,1
18.932529,0.006615292,-0.700000,1
18.946134,0.006902914,-0.704000,1
18.960104,0.006423545,-0.708000,1
18.973661,0.006327671,-0.712000,1
18.987345,0.006711166,-0.716000,1
19.001299,0.006519418,-0.720000,1
19.014796,0.007094661,-0.724000,1
19.028243,0.006519418,-0.728000,1
19.041939,0.006807040,-0.732000,1
19.057772,0.006902914,-0.736000,1
19.071266,0.007094661,-0.740000,1
19.084755,0.007094661,-0.744000,1
19.098832,0.007574030,-0.748000,1
19.112552,0.007478156,-0.752000,1
19.126317,0.007478156,-0.756000,1
19.139769,0.007861652,-0.760000,1
19.153182,0.007765778,-0.764000,1
19.166655,0.007669904,-0.768000,1
19.180104,0.007957525,-0.772000,1
19.194039,0.008149273,-0.776000,1
19.207544,0.007669904,-0.780000,1
19.220898,0.008053399,-0.784000,1
19.234378,0.007669904,-0.788000,1
19.247848,0.008436894,-0.792000,1
19.261258,0.008245147,-0.796000,1
19.274700,0.008436894,-0.800000,1
19.288458,0.007861652,-0.804000,1
19.301909,0.008532768,-0.808000,1
19.315674,0.008628642,-0.812000,1
19.328911,0.008628642,-0.816000,1
19.342674,0.008820390,-0.820000,1
19.356279,0.008053399,-0.824000,1
19.369747,0.008245147,-0.828000,1
19.383218,0.009012137,-0.832000,1
19.397085,0.008436894,-0.836000,1
19.411450,0.008628642,-0.840000,1
19.425610,0.008341021,-0.844000,1
19.438760,0.008149273,-0.848000,1
19.451692,0.008916263,-0.852000,1
19.464474,0.008724516,-0.856000,1
19.477307,0.008724516,-0.860000,1
19.490698,0.009203885,-0.864000,1
19.504634,0.009203885,-0.868000,1
19.518174,0.009108011,-0.872000,1
19.531253,0.009203885,-0.876000,1
19.545005,0.009012137,-0.880000,1
19.558986,0.009299759,-0.884000,1
19.572643,0.009683254,-0.888000,1
19.586335,0.009875001,-0.892000,1
19.599969,0.009299759,-0.896000,1
19.613361,0.009395632,-0.900000,1
19.627284,0.009587380,-0.904000,1
19.640783,0.009587380,-0.908000,1
19.654477,0.010066749,-0.912000,1
19.668277,0.009683254,-0.916000,1
19.682021,0.009683254,-0.920000,1
19.695721,0.010066749,-0.924000,1
19.709282,0.009203885,-0.928000,1
19.723239,0.009683254,-0.932000,1
19.736715,0.009875001,-0.936000,1
19.750455,0.009299759,-0.940000,1
19.764499,0.010162623,-0.944000,1
19.778193,0.009779128,-0.948000,1
19.791698,0.009203885,-0.952000,1
19.805668,0.010162623,-0.956000,1
19.819147,0.010258497,-0.960000,1
19.832779,0.010737866,-0.964000,1
19.846512,0.010258497,-0.968000,1
19.860194,0.010162623,-0.972000,1
19.874218,0.009875001,-0.976000,1
19.887951,0.010258497,-0.980000,1
19.901583,0.010641992,-0.984000,1
19.915701,0.010354370,-0.988000,1
19.929170,0.010258497,-0.992000,1
19.942877,0.010737866,-0.996000,1
19.956564,0.010162623,-1.000000,1
19.970356,0.010450244,-1.004000,1
19.983856,0.010258497,-1.008000,1
19.997907,0.010258497,-1.012000,1
20.011346,0.010162623,-1.016000,1
20.025044,0.010929613,-1.020000,1
20.038777,0.011121361,-1.024000,1
20.052472,0.010641992,-1.028000,1
20.066209,0.010641992,-1.032000,1
20.079915,0.010066749,-1.036000,1
20.093460,0.010450244,-1.040000,1
20.107403,0.010929613,-1.044000,1
20.120866,0.010737866,-1.048000,1
20.134613,0.010546118,-1.052000,1
20.148300,0.011121361,-1.056000,1
20.162041,0.010066749,-1.060000,1
20.175818,0.010258497,-1.064000,1
20.189221,0.011217235,-1.068000,1
20.203377,0.011121361,-1.072000,1
20.216808,0.010641992,-1.076000,1
20.230532,0.010929613,-1.080000,1
20.244474,0.010833739,-1.084000,1
20.258178,0.010833739,-1.088000,1
20.271898,0.011121361,-1.092000,1
20.285514,0.010833739,-1.096000,1
20.299480,0.010354370,-1.100000,1
20.312944,0.010929613,-1.104000,1
20.326688,0.011217235,-1.108000,1
20.340238,0.011217235,-1.112000,1
20.354297,0.010737866,-1.116000,1
20.367778,0.011504856,-1.120000,1
20.381212,0.011504856,-1.124000,1
20.394807,0.011600730,-1.128000,1
20.409156,0.010737866,-1.132000,1
20.422262,0.010833739,-1.136000,1
20.434959,0.011696604,-1.140000,1
20.448379,0.010833739,-1.144000,1
20.462184,0.010641992,-1.148000,1
20.475090,0.010833739,-1.152000,1
20.489209,0.010450244,-1.156000,1
20.502484,0.010833739,-1.160000,1
20.515924,0.010737866,-1.164000,1
20.530010,0.010641992,-1.168000,1
20.543163,0.010833739,-1.172000,1
20.556732,0.011025487,-1.176000,1
20.570839,0.010929613,-1.180000,1
20.584299,0.010546118,-1.184000,1
20.597769,0.011600730,-1.188000,1
20.611185,0.011696604,-1.192000,1
20.624499,0.010929613,-1.196000,1
20.637934,0.011025487,-1.200000,1
20.651781,0.010737866,-1.204000,1
20.665194,0.011025487,-1.208000,1
20.678357,0.011217235,-1.212000,1
20.692182,0.010833739,-1.216000,1
20.705953,0.012080099,-1.220000,1
20.719381,0.011600730,-1.224000,1
20.732822,0.011504856,-1.228000,1
20.746552,0.011408982,-1.232000,1
20.760027,0.010833739,-1.236000,1
20.773649,0.011408982,-1.240000,1
20.787338,0.010929613,-1.244000,1
20.801403,0.011025487,-1.248000,1
20.815360,0.011600730,-1.252000,1
20.828916,0.011313108,-1.256000,1
20.842639,0.012175973,-1.260000,1
20.856347,0.011504856,-1.264000,1
20.870035,0.011792477,-1.268000,1
20.883710,0.012271846,-1.272000,1
20.897306,0.012080099,-1.276000,1
20.911049,0.011888351,-1.280000,1
20.924738,0.012080099,-1.284000,1
20.938691,0.011408982,-1.288000,1
20.952399,0.011408982,-1.292000,1
20.965823,0.010737866,-1.296000,1
20.979384,0.011313108,-1.300000,1
20.992481,0.011504856,-1.304000,1
21.006372,0.011313108,-1.308000,1
21.019805,0.011696604,-1.312000,1
21.033482,0.010737866,-1.316000,1
21.047148,0.011600730,-1.320000,1
21.060590,0.011313108,-1.324000,1
21.074474,0.011408982,-1.328000,1
21.087951,0.012271846,-1.332000,1
21.101957,0.011792477,-1.336000,1
21.115438,0.012080099,-1.340000,1
21.128845,0.011792477,-1.344000,1
21.142552,0.011121361,-1.348000,1
21.156208,0.011025487,-1.352000,1
21.169703,0.011792477,-1.356000,1
21.183089,0.011696604,-1.360000,1
21.196539,0.011504856,-1.364000,1
21.210457,0.011792477,-1.368000,1
21.223945,0.011025487,-1.372000,1
21.237659,0.011217235,-1.376000,1
21.251311,0.011408982,-1.380000,1
21.265003,0.012175973,-1.384000,1
21.278766,0.011600730,-1.388000,1
21.292472,0.011313108,-1.392000,1
21.306172,0.011408982,-1.396000,1
21.319888,0.011984225,-1.400000,1
21.333676,0.011696604,-1.404000,1
21.347262,0.011984225,-1.408000,1
21.360938,0.011888351,-1.412000,1
21.374660,0.011984225,-1.416000,1
21.388137,0.012080099,-1.420000,1
21.402133,0.011888351,-1.424000,1
21.415411,0.012080099,-1.428000,1
21.429100,0.011504856,-1.432000,1
21.442550,0.011696604,-1.436000,1
21.461245,0.011408982,-1.440000,1
21.474530,0.011408982,-1.444000,1
21.488232,0.011313108,-1.448000,1
21.501737,0.011600730,-1.452000,1
21.515367,0.011600730,-1.456000,1
21.529179,0.012271846,-1.460000,1
21.542854,0.011600730,-1.464000,1
21.556367,0.012080099,-1.468000,1
21.570514,0.012751215,-1.472000,1
21.583813,0.011600730,-1.476000,1
21.597463,0.011792477,-1.480000,1
21.610899,0.012175973,-1.484000,1
21.624578,0.012942963,-1.488000,1
21.638682,0.011984225,-1.492000,1
21.651971,0.012175973,-1.496000,1
21.665590,0.011888351,-1.500000,1
21.679047,0.011888351,-1.504000,1
21.693007,0.011984225,-1.508000,1
21.706259,0.011217235,-1.512000,1
21.719993,0.012080099,-1.516000,1
21.733674,0.012175973,-1.520000,1
21.747368,0.011888351,-1.524000,1
21.761023,0.012367720,-1.528000,1
21.774827,0.011696604,-1.532000,1
21.788389,0.011121361,-1.536000,1
21.802344,0.011600730,-1.540000,1
21.816089,0.012175973,-1.544000,1
21.829611,0.011600730,-1.548000,1
21.843290,0.011984225,-1.552000,1
21.856997,0.011792477,-1.556000,1
21.870697,0.011888351,-1.560000,1
21.884430,0.012463594,-1.564000,1
21.898180,0.012080099,-1.568000,1
21.911628,0.012751215,-1.572000,1
21.924982,0.011408982,-1.576000,1
21.938471,0.011600730,-1.580000,1
21.952146,0.011696604,-1.584000,1
21.965620,0.011313108,-1.588000,1
21.979028,0.011792477,-1.592000,1
21.992453,0.012847089,-1.596000,1
22.006324,0.012367720,-1.600000,1
22.019775,0.011792477,-1.604000,1
22.033394,0.011217235,-1.608000,1
22.047025,0.011408982,-1.612000,1
22.061616,0.011792477,-1.616000,1
22.074841,0.012080099,-1.620000,1
22.088322,0.011313108,-1.624000,1
22.102141,0.011792477,-1.628000,1
22.115745,0.011792477,-1.632000,1
22.129458,0.011600730,-1.636000,1
22.143124,0.011888351,-1.640000,1
22.156579,0.011696604,-1.644000,1
22.170322,0.011888351,-1.648000,1
22.184019,0.011984225,-1.652000,1
22.197538,0.011600730,-1.656000,1
22.211171,0.012655342,-1.660000,1
22.224655,0.011696604,-1.664000,1
22.238114,0.012271846,-1.668000,1
22.251612,0.012559468,-1.672000,1
22.265304,0.011792477,-1.676000,1
22.278803,0.011121361,-1.680000,1
22.292247,0.011792477,-1.684000,1
22.305917,0.011984225,-1.688000,1
22.319394,0.012463594,-1.692000,1
22.333061,0.012367720,-1.696000,1
22.346729,0.012175973,-1.700000,1
22.360367,0.012080099,-1.704000,1
22.373953,0.012175973,-1.708000,1
22.387242,0.011888351,-1.712000,1
22.400704,0.011121361,-1.716000,1
22.414511,0.012463594,-1.720000,1
22.427984,0.012847089,-1.724000,1
22.441690,0.012080099,-1.728000,1
22.455369,0.012175973,-1.732000,1
22.468495,0.012175973,-1.736000,1
22.482521,0.012175973,-1.740000,1
22.496212,0.012271846,-1.744000,1
22.509957,0.011888351,-1.748000,1
22.523682,0.013038837,-1.752000,1
22.537327,0.012655342,-1.756000,1
22.550998,0.012655342,-1.760000,1
22.564687,0.012751215,-1.764000,1
22.578466,0.012942963,-1.768000,1
22.592218,0.012463594,-1.772000,1
22.606487,0.012559468,-1.776000,1
22.619952,0.012271846,-1.780000,1
22.633623,0.012751215,-1.784000,1
22.647285,0.011888351,-1.788000,1
22.660927,0.012175973,-1.792000,1
22.674671,0.013134710,-1.796000,1
22.688141,0.012175973,-1.800000,1
22.702354,0.011792477,-1.804000,1
22.715862,0.013326458,-1.808000,1
22.729569,0.013518206,-1.812000,1
22.743171,0.012175973,-1.816000,1
22.756602,0.011888351,-1.820000,1
22.770334,0.012271846,-1.824000,1
22.783724,0.012559468,-1.828000,1
22.797539,0.012463594,-1.832000,1
22.810957,0.013422332,-1.836000,1
22.824595,0.011792477,-1.840000,1
22.838311,0.011984225,-1.844000,1
22.851962,0.012463594,-1.848000,1
22.865664,0.012463594,-1.852000,1
22.879288,0.012559468,-1.856000,1
22.892911,0.012559468,-1.860000,1
22.906636,0.012080099,-1.864000,1
22.920456,0.012271846,-1.868000,1
22.934168,0.013038837,-1.872000,1
22.947659,0.012942963,-1.876000,1
22.961473,0.012942963,-1.880000,1
22.974995,0.012655342,-1.884000,1
22.988481,0.010833739,-1.888000,1
23.002159,0.012271846,-1.892000,1
23.015840,0.013038837,-1.896000,1
23.029529,0.013038837,-1.900000,1
23.043195,0.012559468,-1.904000,1
23.056957,0.012942963,-1.908000,1
23.070429,0.012751215,-1.912000,1
23.084080,0.012271846,-1.916000,1
23.097904,0.012367720,-1.920000,1
23.111349,0.012463594,-1.924000,1
23.124988,0.011792477,-1.928000,1
23.138665,0.012751215,-1.932000,1
23.152315,0.012847089,-1.936000,1
23.166058,0.013326458,-1.940000,1
23.179305,0.012655342,-1.944000,1
23.192712,0.012463594,-1.948000,1
23.206676,0.013134710,-1.952000,1
23.220142,0.013326458,-1.956000,1
23.233560,0.012847089,-1.960000,1
23.247588,0.013230584,-1.964000,1
23.260833,0.012463594,-1.968000,1
23.274555,0.013422332,-1.972000,1
23.288265,0.012655342,-1.976000,1
23.301772,0.011888351,-1.980000,1
23.315629,0.013230584,-1.984000,1
23.329277,0.012942963,-1.988000,1
23.342735,0.013518206,-1.992000,1
23.356200,0.013038837,-1.996000,1
23.369690,0.012942963,-2.000000,1
23.383704,0.012559468,-2.000000,1
23.397791,0.012942963,-2.000000,1
23.411481,0.013422332,-2.000000,1
23.425400,0.013230584,-2.000000,1
23.439102,0.013038837,-2.000000,1
23.453055,0.012847089,-2.000000,1
23.466864,0.012655342,-2.000000,1
23.480563,0.013230584,-2.000000,1
23.494323,0.013422332,-2.000000,1
23.508036,0.012367720,-2.000000,1
23.521732,0.013038837,-2.000000,1
23.535173,0.012847089,-2.000000,1
23.549061,0.012942963,-2.000000,1
23.563256,0.012559468,-2.000000,1
23.576859,0.013134710,-2.000000,1
23.590598,0.011984225,-2.000000,1
23.604135,0.013134710,-2.000000,1
23.618248,0.012559468,-2.000000,1
23.631714,0.012175973,-2.000000,1
23.645374,0.013134710,-2.000000,1
23.659088,0.013038837,-2.000000,1
23.672928,0.012847089,-2.000000,1
23.686564,0.013230584,-2.000000,1
23.700292,0.012463594,-2.000000,1
23.714016,0.013134710,-2.000000,1
23.727703,0.013518206,-2.000000,1
23.741811,0.013422332,-2.000000,1
23.755429,0.012942963,-2.000000,1
23.769313,0.012942963,-2.000000,1
23.782850,0.013134710,-2.000000,1
23.797044,0.013038837,-2.000000,1
23.810372,0.013038837,-2.000000,1
23.824078,0.012942963,-2.000000,1
23.837733,0.013134710,-2.000000,1
23.851410,0.012655342,-2.000000,1
23.865016,0.012751215,-2.000000,1
23.878718,0.013422332,-2.000000,1
23.892347,0.012559468,-2.000000,1
23.906000,0.013326458,-2.000000,1
23.919567,0.013038837,-2.000000,1
23.933823,0.012942963,-2.000000,1
23.947307,0.013230584,-2.000000,1
23.960946,0.013230584,-2.000000,1
23.974757,0.012847089,-2.000000,1
23.988235,0.012559468,-2.000000,1
24.002352,0.012847089,-2.000000,1
24.015764,0.012655342,-2.000000,1
24.029378,0.012751215,-2.000000,1
24.043066,0.012847089,-2.000000,1
24.058243,0.012559468,-2.000000,1
24.072502,0.013230584,-2.000000,1
24.085681,0.013038837,-2.000000,1
24.099336,0.012751215,-2.000000,1
24.113104,0.012751215,-2.000000,1
24.127287,0.013422332,-2.000000,1
24.140783,0.013038837,-2.000000,1
24.154529,0.012080099,-2.000000,1
24.168409,0.012559468,-2.000000,1
24.181955,0.013230584,-2.000000,1
24.196208,0.012655342,-2.000000,1
24.209509,0.012463594,-2.000000,1
24.223180,0.012080099,-2.000000,1
24.236808,0.013422332,-2.000000,1
24.250727,0.013134710,-2.000000,1
24.264421,0.013614079,-2.000000,1
24.278080,0.013422332,-2.000000,1
24.291778,0.013614079,-2.000000,1
24.305398,0.013326458,-2.000000,1
24.319115,0.012463594,-2.000000,1
24.332773,0.012655342,-2.000000,1
24.346450,0.013230584,-2.000000,1
24.360109,0.012655342,-2.000000,1
24.373847,0.013038837,-2.000000,1
24.387327,0.012847089,-2.000000,1
24.401831,0.013230584,-2.000000,1
24.415525,0.013518206,-2.000000,1
24.429064,0.013614079,-2.000000,1
24.442431,0.013038837,-2.000000,1
24.455458,0.012847089,-2.000000,1
24.468342,0.012942963,-2.000000,1
24.481649,0.013038837,-2.000000,1
24.495145,0.012942963,-2.000000,1
24.508403,0.013134710,-2.000000,1
24.521647,0.012942963,-2.000000,1
24.534513,0.012080099,-2.000000,1
24.548236,0.013134710,-2.000000,1
24.561701,0.013326458,-2.000000,1
24.575425,0.013518206,-2.000000,1
24.589193,0.012847089,-2.000000,1
24.602722,0.012751215,-2.000000,1
24.616378,0.013326458,-2.000000,1
24.630086,0.013230584,-2.000000,1
24.643600,0.013134710,-2.000000,1
24.657241,0.012751215,-2.000000,1
24.670727,0.013326458,-2.000000,1
24.684402,0.013134710,-2.000000,1
24.698103,0.013518206,-2.000000,1
24.711592,0.013614079,-2.000000,1
24.725265,0.012367720,-2.000000,1
24.738696,0.012367720,-2.000000,1
24.752393,0.013614079,-2.000000,1
24.765902,0.013326458,-2.000000,1
24.779622,0.012751215,-2.000000,1
24.792961,0.013038837,-2.000000,1
24.807248,0.013326458,-2.000000,1
24.820731,0.012559468,-2.000000,1
24.834466,0.012751215,-2.000000,1
24.848166,0.013422332,-2.000000,1
24.861896,0.013134710,-2.000000,1
24.875575,0.013326458,-2.000000,1
24.889308,0.013326458,-2.000000,1
24.903052,0.013518206,-2.000000,1
24.916778,0.012751215,-2.000000,1
24.930472,0.013230584,-2.000000,1
24.944391,0.013038837,-2.000000,1
24.958326,0.012655342,-2.000000,1
24.972301,0.012847089,-2.000000,1
24.986261,0.013518206,-2.000000,1
25.000381,0.013134710,-2.000000,1
25.014115,0.013038837,-2.000000,1
25.027864,0.013614079,-2.000000,1
25.041834,0.013134710,-2.000000,1
25.055581,0.013422332,-2.000000,1
25.072111,0.013134710,-2.000000,1
25.085823,0.012751215,-2.000000,1
25.099540,0.012271846,-2.000000,1
25.113041,0.013038837,-2.000000,1
25.127068,0.013134710,-2.000000,1
25.140558,0.012367720,-2.000000,1
25.154497,0.013134710,-2.000000,1
25.168592,0.013326458,-2.000000,1
25.182306,0.014285196,-2.000000,1
25.195764,0.012942963,-2.000000,1
25.210165,0.012942963,-2.000000,1
25.223500,0.013038837,-2.000000,1
25.237327,0.013230584,-2.000000,1
25.251021,0.013422332,-2.000000,1
25.264689,0.012655342,-2.000000,1
25.278394,0.012271846,-2.000000,1
25.292093,0.013901701,-2.000000,1
25.305748,0.012942963,-2.000000,1
25.319443,0.013230584,-2.000000,1
25.333034,0.013038837,-2.000000,1
25.346729,0.013422332,-2.000000,1
25.360384,0.013518206,-2.000000,1
25.374130,0.013326458,-2.000000,1
25.387735,0.013422332,-2.000000,1
25.401805,0.013230584,-2.000000,1
25.415295,0.013038837,-2.000000,1
25.428943,0.013709953,-2.000000,1
25.442675,0.012751215,-2.000000,1
25.456412,0.012847089,-2.000000,1
25.470077,0.013326458,-2.000000,1
25.483794,0.013326458,-2.000000,1
25.497624,0.013038837,-2.000000,1
25.511303,0.012847089,-2.000000,1
25.525009,0.013230584,-2.000000,1
25.539226,0.013518206,-2.000000,1
25.553150,0.013614079,-2.000000,1
25.566787,0.013518206,-2.000000,1
25.579946,0.013901701,-2.000000,1
25.593750,0.012463594,-2.000000,1
25.607492,0.012559468,-2.000000,1
25.621548,0.013709953,-2.000000,1
25.634865,0.013614079,-2.000000,1
25.648545,0.013038837,-2.000000,1
25.662052,0.012463594,-2.000000,1
25.675491,0.012847089,-2.000000,1
25.688813,0.013038837,-2.000000,1
25.702960,0.013901701,-2.000000,1
25.716913,0.013422332,-2.000000,1
25.730635,0.012655342,-2.000000,1
25.744689,0.013038837,-2.000000,1
25.758201,0.013230584,-2.000000,1
25.771907,0.012751215,-2.000000,1
25.785612,0.013709953,-2.000000,1
25.799848,0.012751215,-2.000000,1
25.813167,0.013230584,-2.000000,1
25.826858,0.013038837,-2.000000,1
25.840532,0.013134710,-2.000000,1
25.854208,0.013134710,-2.000000,1
25.867931,0.013038837,-2.000000,1
25.881909,0.012463594,-2.000000,1
25.895579,0.013134710,-2.000000,1
25.909243,0.012655342,-2.000000,1
25.922904,0.012751215,-2.000000,1
25.936657,0.013230584,-2.000000,1
25.951057,0.013230584,-2.000000,1
25.964386,0.012847089,-2.000000,1
25.978194,0.013422332,-2.000000,1
25.991697,0.013614079,-2.000000,1
26.005769,0.013326458,-2.000000,1
26.019259,0.013326458,-2.000000,1
26.032880,0.013230584,-2.000000,1
26.046822,0.013038837,-2.000000,1
26.062086,0.013518206,-2.000000,1
26.075176,0.013518206,-2.000000,1
26.088841,0.013230584,-2.000000,1
26.102302,0.012847089,-2.000000,1
26.115978,0.014093448,-2.000000,1
26.129660,0.013038837,-2.000000,1
26.143053,0.013326458,-1.996000,1
26.157094,0.012463594,-1.992000,1
26.170630,0.012942963,-1.988000,1
26.184052,0.013901701,-1.984000,1
26.197975,0.013614079,-1.980000,1
26.211636,0.013901701,-1.976000,1
26.225261,0.013901701,-1.972000,1
26.238736,0.013709953,-1.968000,1
26.252441,0.012559468,-1.964000,1
26.265966,0.013326458,-1.960000,1
26.279642,0.013614079,-1.956000,1
26.293057,0.013709953,-1.952000,1
26.306528,0.013038837,-1.948000,1
26.320242,0.012942963,-1.944000,1
26.333697,0.013230584,-1.940000,1
26.347376,0.014093448,-1.936000,1
26.360801,0.013422332,-1.932000,1
26.374327,0.013326458,-1.928000,1
26.387777,0.012559468,-1.924000,1
26.401605,0.013038837,-1.920000,1
26.414994,0.013901701,-1.916000,1
26.428158,0.013518206,-1.912000,1
26.441519,0.013230584,-1.908000,1
26.455526,0.013422332,-1.904000,1
26.468883,0.013230584,-1.900000,1
26.483087,0.013134710,-1.896000,1
26.496812,0.013422332,-1.892000,1
26.510796,0.012942963,-1.888000,1
26.524736,0.013997575,-1.884000,1
26.538684,0.013614079,-1.880000,1
26.552648,0.013134710,-1.876000,1
26.566622,0.013709953,-1.872000,1
26.580605,0.012751215,-1.868000,1
26.594445,0.013134710,-1.864000,1
26.608115,0.013038837,-1.860000,1
26.621745,0.012751215,-1.856000,1
26.635439,0.012847089,-1.852000,1
26.649062,0.013709953,-1.848000,1
26.662798,0.013518206,-1.844000,1
26.676458,0.013134710,-1.840000,1
26.690793,0.013134710,-1.836000,1
26.704123,0.013230584,-1.832000,1
26.717778,0.013422332,-1.828000,1
26.731391,0.013518206,-1.824000,1
26.744983,0.012655342,-1.820000,1
26.758644,0.013518206,-1.816000,1
26.772387,0.012559468,-1.812000,1
26.785899,0.012751215,-1.808000,1
26.799685,0.013230584,-1.804000,1
26.813390,0.012655342,-1.800000,1
26.826928,0.012847089,-1.796000,1
26.840620,0.013326458,-1.792000,1
26.854303,0.013326458,-1.788000,1
26.868053,0.013230584,-1.784000,1
26.881736,0.014189322,-1.780000,1
26.895399,0.012942963,-1.776000,1
26.909039,0.013614079,-1.772000,1
26.922749,0.013614079,-1.768000,1
26.936154,0.013230584,-1.764000,1
26.950437,0.013326458,-1.760000,1
26.963949,0.012942963,-1.756000,1
26.977940,0.012751215,-1.752000,1
26.991624,0.013518206,-1.748000,1
27.006002,0.013709953,-1.744000,1
27.019370,0.014093448,-1.740000,1
27.033044,0.013901701,-1.736000,1
27.046585,0.013422332,-1.732000,1
27.061681,0.012942963,-1.728000,1
27.075222,0.013518206,-1.724000,1
27.088973,0.013614079,-1.720000,1
27.103199,0.012942963,-1.716000,1
27.116670,0.013518206,-1.712000,1
27.130412,0.013422332,-1.708000,1
27.144085,0.013709953,-1.704000,1
27.157775,0.013422332,-1.700000,1
27.171462,0.013518206,-1.696000,1
27.184900,0.013038837,-1.692000,1
27.199169,0.013805827,-1.688000,1
27.212518,0.013518206,-1.684000,1
27.226430,0.013614079,-1.680000,1
27.239898,0.013805827,-1.676000,1
27.253907,0.013422332,-1.672000,1
27.267322,0.013230584,-1.668000,1
27.280952,0.012942963,-1.664000,1
27.294671,0.013518206,-1.660000,1
27.308372,0.013230584,-1.656000,1
27.322261,0.013805827,-1.652000,1
27.335970,0.013614079,-1.648000,1
27.349682,0.013997575,-1.644000,1
27.363596,0.013326458,-1.640000,1
27.377102,0.013422332,-1.636000,1
27.390773,0.013134710,-1.632000,1
27.404283,0.013709953,-1.628000,1
27.418428,0.013709953,-1.624000,1
27.431929,0.014285196,-1.620000,1
27.445395,0.013422332,-1.616000,1
27.459066,0.013038837,-1.612000,1
27.472346,0.013614079,-1.608000,1
27.486265,0.013709953,-1.604000,1
27.499740,0.014476944,-1.600000,1
27.513115,0.013134710,-1.596000,1
27.526551,0.012175973,-1.592000,1
27.540253,0.013422332,-1.588000,1
27.553770,0.013230584,-1.584000,1
27.567392,0.013518206,-1.580000,1
27.580827,0.013614079,-1.576000,1
27.594310,0.013901701,-1.572000,1
27.607787,0.013518206,-1.568000,1
27.621650,0.013326458,-1.564000,1
27.635037,0.013518206,-1.560000,1
27.648728,0.014189322,-1.556000,1
27.662164,0.013326458,-1.552000,1
27.675658,0.013134710,-1.548000,1
27.689140,0.013422332,-1.544000,1
27.703299,0.013997575,-1.540000,1
27.716773,0.015052186,-1.536000,1
27.730471,0.013805827,-1.532000,1
27.744178,0.013134710,-1.528000,1
27.757857,0.013422332,-1.524000,1
27.771526,0.013518206,-1.520000,1
27.785578,0.012559468,-1.516000,1
27.799006,0.012463594,-1.512000,1
27.812686,0.013230584,-1.508000,1
27.826343,0.014381070,-1.504000,1
27.840018,0.013038837,-1.500000,1
27.853708,0.013805827,-1.496000,1
27.867376,0.013518206,-1.492000,1
27.881046,0.013326458,-1.488000,1
27.894720,0.013614079,-1.484000,1
27.908435,0.013709953,-1.480000,1
27.922142,0.013614079,-1.476000,1
27.935869,0.013614079,-1.472000,1
27.950455,0.013134710,-1.468000,1
27.963832,0.014189322,-1.464000,1
27.977490,0.013901701,-1.460000,1
27.991163,0.012847089,-1.456000,1
28.004645,0.014285196,-1.452000,1
28.019040,0.013134710,-1.448000,1
28.032362,0.013805827,-1.444000,1
28.046050,0.013805827,-1.440000,1
28.061144,0.013805827,-1.436000,1
28.074411,0.013901701,-1.432000,1
28.088367,0.012847089,-1.428000,1
28.101817,0.014093448,-1.424000,1
28.115258,0.013326458,-1.420000,1
28.128944,0.012942963,-1.416000,1
28.142697,0.013422332,-1.412000,1
28.156180,0.014285196,-1.408000,1
28.170478,0.013038837,-1.404000,1
28.183776,0.012942963,-1.400000,1
28.196998,0.013997575,-1.396000,1
28.210975,0.014572817,-1.392000,1
28.224427,0.014381070,-1.388000,1
28.238168,0.013134710,-1.384000,1
28.251666,0.013805827,-1.380000,1
28.265768,0.013038837,-1.376000,1
28.279073,0.013901701,-1.372000,1
28.292814,0.013901701,-1.368000,1
28.306630,0.013805827,-1.364000,1
28.320314,0.013518206,-1.360000,1
28.334035,0.013997575,-1.356000,1
28.347737,0.013422332,-1.352000,1
28.361398,0.012751215,-1.348000,1
28.375223,0.013805827,-1.344000,1
28.389189,0.013518206,-1.340000,1
28.403394,0.014572817,-1.336000,1
28.416920,0.013518206,-1.332000,1
28.430655,0.013805827,-1.328000,1
28.444402,0.013230584,-1.324000,1
28.458445,0.013901701,-1.320000,1
28.471633,0.014285196,-1.316000,1
28.485702,0.013134710,-1.312000,1
28.499363,0.013709953,-1.308000,1
28.513382,0.013614079,-1.304000,1
28.526925,0.013901701,-1.300000,1
28.540602,0.013805827,-1.296000,1
28.554391,0.013901701,-1.292000,1
28.568421,0.013038837,-1.288000,1
28.582094,0.013709953,-1.284000,1
28.595818,0.013518206,-1.280000,1
28.609738,0.013709953,-1.276000,1
28.623373,0.013038837,-1.272000,1
28.637013,0.013901701,-1.268000,1
28.650735,0.013805827,-1.264000,1
28.664428,0.014860439,-1.260000,1
28.678130,0.013614079,-1.256000,1
28.691927,0.013805827,-1.252000,1
28.705675,0.013997575,-1.248000,1
28.719348,0.013614079,-1.244000,1
28.733008,0.013614079,-1.240000,1
28.746727,0.013326458,-1.236000,1
28.760384,0.013709953,-1.232000,1
28.774196,0.013422332,-1.228000,1
28.787714,0.013805827,-1.224000,1
28.801497,0.013230584,-1.220000,1
28.814914,0.013518206,-1.216000,1
28.828328,0.013422332,-1.212000,1
28.842103,0.013614079,-1.208000,1
28.855612,0.013422332,-1.204000,1
28.869255,0.013614079,-1.200000,1
28.882720,0.013901701,-1.196000,1
28.896428,0.013518206,-1.192000,1
28.910121,0.013805827,-1.188000,1
28.923662,0.013518206,-1.184000,1
28.938054,0.013805827,-1.180000,1
28.951267,0.013997575,-1.176000,1
28.964957,0.013901701,-1.172000,1
28.978767,0.013709953,-1.168000,1
28.992081,0.013518206,-1.164000,1
29.006027,0.013422332,-1.160000,1
29.019526,0.013614079,-1.156000,1
29.033204,0.013709953,-1.152000,1
29.046937,0.012847089,-1.148000,1
29.062288,0.014189322,-1.144000,1
29.075997,0.014285196,-1.140000,1
29.089700,0.013709953,-1.136000,1
29.103513,0.013134710,-1.132000,1
29.117554,0.013709953,-1.128000,1
29.131741,0.013518206,-1.124000,1
29.145515,0.013614079,-1.120000,1
29.159344,0.013901701,-1.116000,1
29.173117,0.013518206,-1.112000,1
29.186554,0.013901701,-1.108000,1
29.200208,0.013614079,-1.104000,1
29.214297,0.013422332,-1.100000,1
29.227938,0.013805827,-1.096000,1
29.241399,0.013326458,-1.092000,1
29.255290,0.013230584,-1.088000,1
29.268703,0.013038837,-1.084000,1
29.282410,0.013518206,-1.080000,1
29.296282,0.013614079,-1.076000,1
29.310045,0.012847089,-1.072000,1
29.323685,0.013422332,-1.068000,1
29.337271,0.013805827,-1.064000,1
29.350974,0.013805827,-1.060000,1
29.364622,0.013709953,-1.056000,1
29.378320,0.013038837,-1.052000,1
29.391545,0.013805827,-1.048000,1
29.405874,0.013134710,-1.044000,1
29.419472,0.013422332,-1.040000,1
29.432786,0.013422332,-1.036000,1
29.445698,0.013134710,-1.032000,1
29.458624,0.013997575,-1.028000,1
29.471618,0.013518206,-1.024000,1
29.484700,0.013230584,-1.020000,1
29.498018,0.013614079,-1.016000,1
29.511587,0.013518206,-1.012000,1
29.525124,0.013422332,-1.008000,1
29.538286,0.013518206,-1.004000,1
29.552035,0.013614079,-1.000000,1
29.565868,0.013901701,-0.996000,1
29.579438,0.013614079,-0.992000,1
29.592805,0.013614079,-0.988000,1
29.606595,0.013230584,-0.984000,1
29.620174,0.013326458,-0.980000,1
29.634089,0.013230584,-0.976000,1
29.647405,0.013422332,-0.972000,1
29.660982,0.013805827,-0.968000,1
29.674734,0.013326458,-0.964000,1
29.688257,0.013422332,-0.960000,1
29.702219,0.013230584,-0.956000,1
29.715722,0.012847089,-0.952000,1
29.729334,0.013230584,-0.948000,1
29.743016,0.013518206,-0.944000,1
29.756719,0.013614079,-0.940000,1
29.770451,0.013230584,-0.936000,1
29.783931,0.013709953,-0.932000,1
29.797147,0.013326458,-0.928000,1
29.811160,0.013230584,-0.924000,1
29.824517,0.013518206,-0.920000,1
29.838245,0.013901701,-0.916000,1
29.851802,0.013422332,-0.912000,1
29.865863,0.013518206,-0.908000,1
29.879390,0.013518206,-0.904000,1
29.892821,0.013038837,-0.900000,1
29.906570,0.013422332,-0.896000,1
29.920721,0.013038837,-0.892000,1
29.934458,0.013038837,-0.888000,1
29.948586,0.013230584,-0.884000,1
29.962111,0.013230584,-0.880000,1
29.975953,0.013518206,-0.876000,1
29.989617,0.013230584,-0.872000,1
30.003718,0.013038837,-0.868000,1
30.017380,0.013134710,-0.864000,1
30.031115,0.013230584,-0.860000,1
30.044974,0.013422332,-0.856000,1
30.062155,0.012942963,-0.852000,1
30.075425,0.013230584,-0.848000,1
30.089035,0.012942963,-0.844000,1
30.102762,0.013038837,-0.840000,1
30.116230,0.013326458,-0.836000,1
30.130337,0.012942963,-0.832000,1
30.144083,0.013518206,-0.828000,1
30.157496,0.013230584,-0.824000,1
30.171155,0.013134710,-0.820000,1
30.184257,0.013038837,-0.816000,1
30.198213,0.013518206,-0.812000,1
30.211519,0.013614079,-0.808000,1
30.225148,0.013038837,-0.804000,1
30.238604,0.013614079,-0.800000,1
30.252317,0.013326458,-0.796000,1
30.265818,0.013230584,-0.792000,1
30.279500,0.013230584,-0.788000,1
30.292903,0.013709953,-0.784000,1
30.306333,0.013326458,-0.780000,1
30.319809,0.013614079,-0.776000,1
30.333474,0.013709953,-0.772000,1
30.346960,0.012847089,-0.768000,1
30.360366,0.012942963,-0.764000,1
30.373875,0.012559468,-0.760000,1
30.387333,0.012751215,-0.756000,1
30.400930,0.013326458,-0.752000,1
30.414394,0.012847089,-0.748000,1
30.427700,0.013326458,-0.744000,1
30.441571,0.013038837,-0.740000,1
30.455031,0.012942963,-0.736000,1
30.468572,0.012942963,-0.732000,1
30.482240,0.013230584,-0.728000,1
30.495740,0.013422332,-0.724000,1
30.509162,0.013134710,-0.720000,1
30.522816,0.012847089,-0.716000,1
30.536719,0.013134710,-0.712000,1
30.550392,0.012559468,-0.708000,1
30.563707,0.013230584,-0.704000,1
30.576746,0.012942963,-0.700000,1
30.590580,0.012463594,-0.696000,1
30.604333,0.013134710,-0.692000,1
30.618073,0.012655342,-0.688000,1
30.632065,0.012942963,-0.684000,1
30.645663,0.012559468,-0.680000,1
30.659932,0.012463594,-0.676000,1
30.673679,0.013230584,-0.672000,1
30.687173,0.012271846,-0.668000,1
30.701123,0.012559468,-0.664000,1
30.714851,0.012655342,-0.660000,1
30.728778,0.012559468,-0.656000,1
30.742500,0.012655342,-0.652000,1
30.756030,0.012942963,-0.648000,1
30.770149,0.013038837,-0.644000,1
30.783477,0.013326458,-0.640000,1
30.796916,0.012751215,-0.636000,1
30.810563,0.012463594,-0.632000,1
30.824256,0.012942963,-0.628000,1
30.837726,0.012463594,-0.624000,1
30.851410,0.012655342,-0.620000,1
30.865021,0.012559468,-0.616000,1
30.878669,0.013134710,-0.612000,1
30.892174,0.012367720,-0.608000,1
30.906189,0.013038837,-0.604000,1
30.919767,0.012271846,-0.600000,1
30.933404,0.012847089,-0.596000,1
30.946956,0.012655342,-0.592000,1
30.960706,0.012847089,-0.588000,1
30.974445,0.012367720,-0.584000,1
30.987981,0.012847089,-0.580000,1
31.001983,0.012751215,-0.576000,1
31.015515,0.012655342,-0.572000,1
31.028971,0.013038837,-0.568000,1
31.042684,0.012751215,-0.564000,1
31.058975,0.013038837,-0.560000,1
31.072340,0.012655342,-0.556000,1
31.086140,0.012751215,-0.552000,1
31.099648,0.012847089,-0.548000,1
31.113685,0.012367720,-0.544000,1
31.127150,0.012655342,-0.540000,1
31.140586,0.012367720,-0.536000,1
31.154296,0.012463594,-0.532000,1
31.168159,0.012847089,-0.528000,1
31.181750,0.012847089,-0.524000,1
31.195234,0.012655342,-0.520000,1
31.208874,0.013134710,-0.516000,1
31.222594,0.013230584,-0.512000,1
31.236253,0.012559468,-0.508000,1
31.249782,0.012463594,-0.504000,1
31.263399,0.012463594,-0.500000,1
31.276770,0.012847089,-0.496000,1
31.290869,0.012367720,-0.492000,1
31.304296,0.012751215,-0.488000,1
31.317992,0.012463594,-0.484000,1
31.331723,0.012271846,-0.480000,1
31.345361,0.012655342,-0.476000,1
31.359005,0.011984225,-0.472000,1
31.372954,0.012271846,-0.468000,1
31.386479,0.012271846,-0.464000,1
31.400471,0.012080099,-0.460000,1
31.413978,0.012175973,-0.456000,1
31.427438,0.012751215,-0.452000,1
31.441718,0.012847089,-0.448000,1
31.455222,0.012271846,-0.444000,1
31.468649,0.012080099,-0.440000,1
31.482346,0.012271846,-0.436000,1
31.496010,0.012080099,-0.432000,1
31.510068,0.012751215,-0.428000,1
31.523783,0.012271846,-0.424000,1
31.537698,0.012080099,-0.420000,1
31.551356,0.011888351,-0.416000,1
31.565236,0.012847089,-0.412000,1
31.578990,0.012367720,-0.408000,1
31.592472,0.011984225,-0.404000,1
31.606711,0.012559468,-0.400000,1
31.620040,0.012367720,-0.396000,1
31.633752,0.011888351,-0.392000,1
31.647368,0.012080099,-0.388000,1
31.660993,0.011696604,-0.384000,1
31.674906,0.012367720,-0.380000,1
31.688618,0.012847089,-0.376000,1
31.703083,0.012271846,-0.372000,1
31.716617,0.012463594,-0.368000,1
31.730586,0.011696604,-0.364000,1
31.744581,0.012367720,-0.360000,1
31.758530,0.012271846,-0.356000,1
31.772229,0.012463594,-0.352000,1
31.785759,0.011696604,-0.348000,1
31.799866,0.012271846,-0.344000,1
31.813299,0.012271846,-0.340000,1
31.827092,0.012367720,-0.336000,1
31.840763,0.011792477,-0.332000,1
31.854485,0.011696604,-0.328000,1
31.868419,0.011888351,-0.324000,1
31.882341,0.011600730,-0.320000,1
31.896300,0.012655342,-0.316000,1
31.910048,0.011792477,-0.312000,1
31.923775,0.011696604,-0.308000,1
31.937463,0.011888351,-0.304000,1
31.951112,0.012080099,-0.300000,1
31.964809,0.011792477,-0.296000,1
31.978740,0.012175973,-0.292000,1
31.992223,0.011792477,-0.288000,1
32.006465,0.011792477,-0.284000,1
32.019950,0.012175973,-0.280000,1
32.033691,0.011792477,-0.276000,1
32.047358,0.011888351,-0.272000,1
32.062970,0.011888351,-0.268000,1
32.076551,0.011696604,-0.264000,1
32.090239,0.011792477,-0.260000,1
32.103708,0.011504856,-0.256000,1
32.117532,0.011984225,-0.252000,1
32.131222,0.011984225,-0.248000,1
32.144947,0.011408982,-0.244000,1
32.158677,0.011504856,-0.240000,1
32.172384,0.011408982,-0.236000,1
32.186081,0.011504856,-0.232000,1
32.200285,0.011600730,-0.228000,1
32.213818,0.011504856,-0.224000,1
32.227467,0.011888351,-0.220000,1
32.241185,0.011025487,-0.216000,1
32.254647,0.011792477,-0.212000,1
32.268330,0.011217235,-0.208000,1
32.282072,0.011504856,-0.204000,1
32.295741,0.011121361,-0.200000,1
32.309412,0.011696604,-0.196000,1
32.323123,0.011408982,-0.192000,1
32.336798,0.011504856,-0.188000,1
32.350810,0.011408982,-0.184000,1
32.364496,0.011600730,-0.180000,1
32.378291,0.010833739,-0.176000,1
32.391731,0.012080099,-0.172000,1
32.405517,0.010929613,-0.168000,1
32.418899,0.011408982,-0.164000,1
32.431820,0.011792477,-0.160000,1
32.445477,0.011217235,-0.156000,1
32.458984,0.011217235,-0.152000,1
32.472462,0.011408982,-0.148000,1
32.485921,0.011121361,-0.144000,1
32.499592,0.011313108,-0.140000,1
32.512986,0.011217235,-0.136000,1
32.527013,0.011888351,-0.132000,1
32.540459,0.011888351,-0.128000,1
32.553977,0.011313108,-0.124000,1
32.567249,0.010929613,-0.120000,1
32.581499,0.011504856,-0.116000,1
32.594966,0.010929613,-0.112000,1
32.608639,0.011792477,-0.108000,1
32.622362,0.011408982,-0.104000,1
32.636046,0.011121361,-0.100000,1
32.649786,0.011121361,-0.096000,1
32.663469,0.011025487,-0.092000,1
32.677100,0.010737866,-0.088000,1
32.691493,0.010833739,-0.084000,1
32.704767,0.010737866,-0.080000,1
32.718715,0.010546118,-0.076000,1
32.732454,0.010929613,-0.072000,1
32.746443,0.011217235,-0.068000,1
32.760165,0.010450244,-0.064000,1
32.773879,0.011217235,-0.060000,1
32.787613,0.010354370,-0.056000,1
32.801982,0.009970875,-0.052000,1
32.815526,0.010258497,-0.048000,1
32.829143,0.010450244,-0.044000,1
32.842836,0.010641992,-0.040000,1
32.856782,0.010546118,-0.036000,1
32.870460,0.010354370,-0.032000,1
32.884151,0.009875001,-0.028000,1
32.897811,0.010258497,-0.024000,1
32.911759,0.010258497,-0.020000,1
32.925409,0.010546118,-0.016000,1
32.939098,0.010641992,-0.012000,1
32.953026,0.010354370,-0.008000,1
32.966707,0.010258497,-0.004000,1
32.980672,0.010066749,0.000000,1
32.994206,0.010066749,0.000000,2
33.007692,0.010066749,0.004000,2
33.021139,0.009587380,0.008000,2
33.034582,0.009970875,0.012000,2
33.048288,0.010354370,0.016000,2
33.061557,0.009779128,0.020000,2
33.075599,0.009875001,0.024000,2
33.088986,0.010641992,0.028000,2
33.103108,0.009875001,0.032000,2
33.116488,0.010258497,0.036000,2
33.130382,0.009779128,0.040000,2
33.144086,0.009970875,0.044000,2
33.157804,0.009779128,0.048000,2
33.171743,0.010066749,0.052000,2
33.185520,0.009970875,0.056000,2
33.199176,0.009491506,0.060000,2
33.213017,0.010162623,0.064000,2
33.227013,0.009779128,0.068000,2
33.240502,0.009587380,0.072000,2
33.254192,0.010162623,0.076000,2
33.267922,0.009012137,0.080000,2
33.281588,0.009683254,0.084000,2
33.295287,0.010258497,0.088000,2
33.308854,0.009299759,0.092000,2
33.322815,0.009491506,0.096000,2
33.336321,0.009491506,0.100000,2
33.349987,0.008341021,0.104000,2
33.363751,0.009779128,0.108000,2
33.377518,0.010450244,0.112000,2
33.391192,0.008916263,0.116000,2
33.405024,0.009203885,0.120000,2
33.419055,0.008724516,0.124000,2
33.432511,0.008628642,0.128000,2
33.446237,0.008820390,0.132000,2
33.461200,0.009587380,0.136000,2
33.474505,0.009299759,0.140000,2
33.488240,0.008341021,0.144000,2
33.501907,0.008916263,0.148000,2
33.515704,0.009203885,0.152000,2
33.529735,0.008724516,0.156000,2
33.543225,0.008820390,0.160000,2
33.556716,0.009203885,0.164000,2
33.570414,0.008341021,0.168000,2
33.584022,0.008916263,0.172000,2
33.597405,0.008724516,0.176000,2
33.610941,0.008149273,0.180000,2
33.624402,0.008245147,0.184000,2
33.638307,0.008532768,0.188000,2
33.652037,0.008341021,0.192000,2
33.665725,0.007861652,0.196000,2
33.679393,0.008341021,0.200000,2
33.693344,0.008245147,0.204000,2
33.706632,0.008149273,0.208000,2
33.720149,0.007765778,0.212000,2
33.733653,0.007765778,0.216000,2
33.747305,0.007861652,0.220000,2
33.760724,0.007765778,0.224000,2
33.774431,0.007574030,0.228000,2
33.787861,0.007957525,0.232000,2
33.802102,0.007669904,0.236000,2
33.815608,0.007861652,0.240000,2
33.829533,0.007478156,0.244000,2
33.843220,0.007861652,0.248000,2
33.856848,0.007286409,0.252000,2
33.870828,0.007669904,0.256000,2
33.884579,0.007190535,0.260000,2
33.898263,0.007765778,0.264000,2
33.911963,0.007382283,0.268000,2
33.925966,0.006902914,0.272000,2
33.939696,0.007382283,0.276000,2
33.953344,0.006807040,0.280000,2
33.967247,0.006711166,0.284000,2
33.980889,0.006998787,0.288000,2
33.994600,0.006807040,0.292000,2
34.008498,0.007286409,0.296000,2
34.022628,0.006615292,0.300000,2
34.036310,0.006998787,0.304000,2
34.050217,0.006519418,0.308000,2
34.064045,0.006615292,0.312000,2
34.078730,0.006040049,0.316000,2
34.092737,0.006998787,0.320000,2
34.106215,0.006615292,0.324000,2
34.119929,0.006902914,0.328000,2
34.133880,0.006135923,0.332000,2
34.147809,0.006807040,0.336000,2
34.161501,0.006040049,0.340000,2
34.175198,0.006040049,0.344000,2
34.189005,0.005944176,0.348000,2
34.202736,0.006423545,0.352000,2
34.216417,0.005752428,0.356000,2
34.230112,0.006040049,0.360000,2
34.243822,0.005177185,0.364000,2
34.257560,0.006327671,0.368000,2
34.271220,0.006135923,0.372000,2
34.284863,0.006231797,0.376000,2
34.298578,0.005848302,0.380000,2
34.312349,0.006615292,0.384000,2
34.326095,0.005848302,0.388000,2
34.339814,0.006040049,0.392000,2
34.353469,0.006040049,0.396000,2
34.367126,0.005464807,0.400000,2
34.380637,0.005848302,0.404000,2
34.394343,0.005848302,0.408000,2
34.408626,0.005848302,0.412000,2
34.422784,0.005464807,0.416000,2
34.436017,0.005752428,0.420000,2
34.448765,0.005848302,0.424000,2
34.467640,0.005656554,0.428000,2
34.480592,0.005273059,0.432000,2
34.494272,0.006040049,0.436000,2
34.507883,0.006040049,0.440000,2
34.521268,0.005656554,0.444000,2
34.534342,0.005752428,0.448000,2
34.548335,0.004889564,0.452000,2
34.562289,0.005752428,0.456000,2
34.575771,0.005177185,0.460000,2
34.589214,0.005081311,0.464000,2
34.602715,0.005081311,0.468000,2
34.616214,0.005656554,0.472000,2
34.630144,0.004793690,0.476000,2
34.643461,0.005081311,0.480000,2
34.657060,0.004985438,0.484000,2
34.671000,0.004506069,0.488000,2
34.684964,0.004793690,0.492000,2
34.698707,0.004506069,0.496000,2
34.712424,0.004697816,0.500000,2
34.726165,0.004889564,0.504000,2
34.739854,0.004314321,0.508000,2
34.753567,0.004601942,0.512000,2
34.767250,0.004601942,0.516000,2
34.780866,0.004506069,0.520000,2
34.794759,0.004122573,0.524000,2
34.808236,0.004889564,0.528000,2
34.821968,0.004314321,0.532000,2
34.835642,0.004410195,0.536000,2
34.849326,0.004218447,0.540000,2
34.862792,0.004601942,0.544000,2
34.876446,0.004697816,0.548000,2
34.890108,0.004314321,0.552000,2
34.903780,0.004026700,0.556000,2
34.917511,0.004410195,0.560000,2
34.931173,0.004889564,0.564000,2
34.944936,0.003643204,0.568000,2
34.958892,0.004889564,0.572000,2
34.972348,0.004026700,0.576000,2
34.986039,0.004314321,0.580000,2
34.999645,0.004026700,0.584000,2
35.013856,0.003930826,0.588000,2
35.027339,0.004793690,0.592000,2
35.040939,0.003834952,0.596000,2
35.054617,0.003930826,0.600000,2
35.068140,0.004122573,0.604000,2
35.081890,0.004410195,0.608000,2
35.096099,0.004314321,0.612000,2
35.109817,0.004314321,0.616000,2
35.123507,0.004793690,0.620000,2
35.137158,0.004026700,0.624000,2
35.150615,0.003930826,0.628000,2
35.164323,0.003930826,0.632000,2
35.177854,0.004506069,0.636000,2
35.191685,0.004601942,0.640000,2
35.205252,0.004410195,0.644000,2
35.219056,0.004410195,0.648000,2
35.232744,0.003739078,0.652000,2
35.246420,0.004506069,0.656000,2
35.260092,0.004218447,0.660000,2
35.273585,0.004218447,0.664000,2
35.287241,0.004314321,0.668000,2
35.300714,0.004410195,0.672000,2
35.314549,0.004506069,0.676000,2
35.328255,0.004122573,0.680000,2
35.341935,0.004314321,0.684000,2
35.355719,0.004314321,0.688000,2
35.369654,0.004218447,0.692000,2
35.383324,0.004601942,0.696000,2
35.397031,0.004314321,0.700000,2
35.410792,0.004122573,0.704000,2
35.424475,0.003643204,0.708000,2
35.438501,0.003834952,0.712000,2
35.452217,0.004122573,0.716000,2
35.465835,0.003930826,0.720000,2
35.480047,0.004122573,0.724000,2
35.493481,0.003930826,0.728000,2
35.507401,0.004122573,0.732000,2
35.521086,0.004314321,0.736000,2
35.535390,0.004410195,0.740000,2
35.548949,0.004314321,0.744000,2
35.562913,0.004026700,0.748000,2
35.575941,0.004122573,0.752000,2
35.589673,0.004026700,0.756000,2
35.603919,0.003739078,0.760000,2
35.617599,0.003930826,0.764000,2
35.631596,0.004026700,0.768000,2
35.645689,0.004314321,0.772000,2
35.659316,0.004314321,0.776000,2
35.672969,0.003547331,0.780000,2
35.686869,0.004697816,0.784000,2
35.700816,0.003930826,0.788000,2
35.714793,0.003930826,0.792000,2
35.728698,0.004314321,0.796000,2
35.742635,0.003739078,0.800000,2
35.756591,0.004026700,0.804000,2
35.770550,0.003547331,0.808000,2
35.784575,0.003834952,0.812000,2
35.798502,0.003739078,0.816000,2
35.812435,0.004026700,0.820000,2
35.826362,0.003739078,0.824000,2
35.840334,0.003451457,0.828000,2
35.854304,0.003547331,0.832000,2
35.868212,0.003259709,0.836000,2
35.882162,0.003259709,0.840000,2
35.896118,0.003355583,0.844000,2
35.910134,0.002972088,0.848000,2
35.924073,0.002780340,0.852000,2
35.938199,0.002972088,0.856000,2
35.952292,0.003067962,0.860000,2
35.965996,0.003451457,0.864000,2
35.980021,0.003547331,0.868000,2
35.993722,0.002876214,0.872000,2
36.007828,0.003067962,0.876000,2
36.021281,0.001821602,0.880000,2
36.035012,0.002396845,0.884000,2
36.048681,0.002684466,0.888000,2
36.064369,0.002492719,0.892000,2
36.078660,0.002109224,0.896000,2
36.092389,0.002013350,0.900000,2
36.106373,0.002684466,0.904000,2
36.120366,0.002492719,0.908000,2
36.134115,0.002300971,0.912000,2
36.147839,0.002300971,0.916000,2
36.161779,0.002013350,0.920000,2
36.175505,0.001533981,0.924000,2
36.189107,0.002300971,0.928000,2
36.203091,0.001821602,0.932000,2
36.216611,0.001917476,0.936000,2
36.230591,0.001917476,0.940000,2
36.244371,0.001533981,0.944000,2
36.258102,0.000862864,0.948000,2
36.271785,0.000479369,0.952000,2
36.285396,0.000575243,0.956000,2
36.299441,0.000862864,0.960000,2
36.312864,0.000095874,0.964000,2
36.326551,0.000191748,0.968000,2
36.340222,0.000287621,0.972000,2
36.353940,-0.000095874,0.976000,2
36.367908,0.000191748,0.980000,2
36.381526,-0.000671117,0.984000,2
36.395525,-0.000287621,0.988000,2
36.409202,-0.000095874,0.992000,2
36.422906,-0.000287621,0.996000,2
36.436721,-0.000766990,1.000000,2
36.451165,-0.001246359,1.004000,2
36.464484,-0.000862864,1.008000,2
36.478437,-0.001342233,1.012000,2
36.492104,-0.001438107,1.016000,2
36.505789,-0.002300971,1.020000,2
36.519719,-0.002300971,1.024000,2
36.533350,-0.002396845,1.028000,2
36.547035,-0.002300971,1.032000,2
36.560665,-0.002780340,1.036000,2
36.574356,-0.002972088,1.040000,2
36.588100,-0.002972088,1.044000,2
36.602320,-0.002684466,1.048000,2
36.615835,-0.002780340,1.052000,2
36.629251,-0.003163835,1.056000,2
36.643670,-0.003547331,1.060000,2
36.657301,-0.003451457,1.064000,2
36.670796,-0.003163835,1.068000,2
36.684106,-0.003834952,1.072000,2
36.697943,-0.004218447,1.076000,2
36.711168,-0.004026700,1.080000,2
36.724609,-0.004026700,1.084000,2
36.738318,-0.004410195,1.088000,2
36.751768,-0.004026700,1.092000,2
36.765121,-0.004314321,1.096000,2
36.778715,-0.004697816,1.100000,2
36.792211,-0.005081311,1.104000,2
36.806126,-0.005273059,1.108000,2
36.819800,-0.005560680,1.112000,2
36.833160,-0.006135923,1.116000,2
36.846611,-0.005177185,1.120000,2
36.860269,-0.004985438,1.124000,2
36.873694,-0.005944176,1.128000,2
36.887045,-0.006040049,1.132000,2
36.900666,-0.005944176,1.136000,2
36.914130,-0.005656554,1.140000,2
36.927328,-0.005656554,1.144000,2
36.941077,-0.005560680,1.148000,2
36.954364,-0.005944176,1.152000,2
36.968070,-0.006519418,1.156000,2
36.981478,-0.006807040,1.160000,2
36.995102,-0.006902914,1.164000,2
37.009044,-0.007574030,1.168000,2
37.022283,-0.007286409,1.172000,2
37.035959,-0.007478156,1.176000,2
37.049588,-0.007765778,1.180000,2
37.066400,-0.008149273,1.184000,2
37.080051,-0.008053399,1.188000,2
37.093600,-0.007861652,1.192000,2
37.107387,-0.008341021,1.196000,2
37.121131,-0.008724516,1.200000,2
37.134619,-0.009203885,1.204000,2
37.148118,-0.008724516,1.208000,2
37.162286,-0.008628642,1.212000,2
37.175619,-0.009779128,1.216000,2
37.189255,-0.008245147,1.220000,2
37.202723,-0.008724516,1.224000,2
37.216396,-0.009108011,1.228000,2
37.230619,-0.009299759,1.232000,2
37.243924,-0.009491506,1.236000,2
37.257650,-0.010162623,1.240000,2
37.271310,-0.009779128,1.244000,2
37.284995,-0.009970875,1.248000,2
37.298725,-0.010162623,1.252000,2
37.312450,-0.010546118,1.256000,2
37.326133,-0.010641992,1.260000,2
37.339823,-0.010546118,1.264000,2
37.353516,-0.010641992,1.268000,2
37.367167,-0.011121361,1.272000,2
37.380964,-0.010833739,1.276000,2
37.394596,-0.010929613,1.280000,2
37.408575,-0.010737866,1.284000,2
37.422071,-0.011408982,1.288000,2
37.435317,-0.011217235,1.292000,2
37.449338,-0.011696604,1.296000,2
37.462764,-0.011984225,1.300000,2
37.476451,-0.012463594,1.304000,2
37.490113,-0.011792477,1.308000,2
37.503846,-0.012080099,1.312000,2
37.517562,-0.012175973,1.316000,2
37.531204,-0.012367720,1.320000,2
37.544913,-0.012655342,1.324000,2
37.558616,-0.012751215,1.328000,2
37.572334,-0.012559468,1.332000,2
37.586115,-0.012847089,1.336000,2
37.599574,-0.012751215,1.340000,2
37.613385,-0.012847089,1.344000,2
37.626887,-0.013038837,1.348000,2
37.640603,-0.013422332,1.352000,2
37.654334,-0.014093448,1.356000,2
37.668169,-0.013997575,1.360000,2
37.681865,-0.013805827,1.364000,2
37.695511,-0.014093448,1.368000,2
37.709165,-0.014860439,1.372000,2
37.723340,-0.014093448,1.376000,2
37.736608,-0.014189322,1.380000,2
37.750584,-0.014476944,1.384000,2
37.764253,-0.014764565,1.388000,2
37.777956,-0.014285196,1.392000,2
37.791732,-0.014381070,1.396000,2
37.805538,-0.014668691,1.400000,2
37.818845,-0.014476944,1.404000,2
37.832460,-0.014956313,1.408000,2
37.846209,-0.014860439,1.412000,2
37.859911,-0.015052186,1.416000,2
37.873645,-0.015531555,1.420000,2
37.887311,-0.015243934,1.424000,2
37.901304,-0.016106798,1.428000,2
37.914933,-0.015531555,1.432000,2
37.928445,-0.015339808,1.436000,2
37.942646,-0.015723303,1.440000,2
37.956157,-0.016010924,1.444000,2
37.969846,-0.016490293,1.448000,2
37.983517,-0.016010924,1.452000,2
37.996886,-0.016969662,1.456000,2
38.011256,-0.016490293,1.460000,2
38.024801,-0.016969662,1.464000,2
38.038772,-0.016777915,1.468000,2
38.052462,-0.016777915,1.472000,2
38.067288,-0.017640779,1.476000,2
38.080668,-0.017544905,1.480000,2
38.094331,-0.017736653,1.484000,2
38.107811,-0.017928400,1.488000,2
38.121492,-0.018120148,1.492000,2
38.135124,-0.018024274,1.496000,2
38.148773,-0.018120148,1.500000,2
38.162477,-0.018407769,1.504000,2
38.176148,-0.018311896,1.508000,2
38.189630,-0.017832527,1.512000,2
38.203278,-0.018120148,1.516000,2
38.216964,-0.018695391,1.520000,2
38.230709,-0.018791265,1.524000,2
38.244429,-0.018983012,1.528000,2
38.258173,-0.019078886,1.532000,2
38.271899,-0.018887138,1.536000,2
38.285603,-0.019366507,1.540000,2
38.299271,-0.019654129,1.544000,2
38.312979,-0.019270634,1.548000,2
38.326658,-0.019845876,1.552000,2
38.340397,-0.019845876,1.556000,2
38.354153,-0.019462381,1.560000,2
38.367865,-0.019845876,1.564000,2
38.381612,-0.019654129,1.568000,2
38.395257,-0.019941750,1.572000,2
38.409209,-0.020708741,1.576000,2
38.422780,-0.020133498,1.580000,2
38.436263,-0.020037624,1.584000,2
38.450011,-0.020133498,1.588000,2
38.463671,-0.020037624,1.592000,2
38.477282,-0.020421119,1.596000,2
38.491012,-0.020612867,1.600000,2
38.504704,-0.020421119,1.604000,2
38.518421,-0.020900488,1.608000,2
38.532076,-0.020612867,1.612000,2
38.545757,-0.020996362,1.616000,2
38.559403,-0.020996362,1.620000,2
38.573042,-0.020708741,1.624000,2
38.586816,-0.020804614,1.628000,2
38.600240,-0.021667479,1.632000,2
38.614224,-0.021283983,1.636000,2
38.627520,-0.020996362,1.640000,2
38.641218,-0.021379857,1.644000,2
38.654644,-0.021283983,1.648000,2
38.668416,-0.021283983,1.652000,2
38.682143,-0.021379857,1.656000,2
38.695613,-0.021955100,1.660000,2
38.709296,-0.021859226,1.664000,2
38.722932,-0.021475731,1.668000,2
38.736623,-0.021379857,1.672000,2
38.750334,-0.022242721,1.676000,2
38.764034,-0.021859226,1.680000,2
38.777508,-0.022626217,1.684000,2
38.790923,-0.021763352,1.688000,2
38.804605,-0.022722090,1.692000,2
38.818283,-0.021859226,1.696000,2
38.831991,-0.022626217,1.700000,2
38.845404,-0.022722090,1.704000,2
38.859339,-0.023201459,1.708000,2
38.872977,-0.023393207,1.712000,2
38.886646,-0.023009712,1.716000,2
38.900335,-0.022913838,1.720000,2
38.914019,-0.023201459,1.724000,2
38.927557,-0.023297333,1.728000,2
38.941596,-0.023105586,1.732000,2
38.954846,-0.023393207,1.736000,2
38.968562,-0.023297333,1.740000,2
38.982245,-0.023968450,1.744000,2
38.995551,-0.023297333,1.748000,2
39.009523,-0.023584955,1.752000,2
39.022944,-0.024064324,1.756000,2
39.036586,-0.023776702,1.760000,2
39.050248,-0.023872576,1.764000,2
39.067540,-0.024064324,1.768000,2
39.081098,-0.024351945,1.772000,2
39.094784,-0.024256071,1.776000,2
39.108588,-0.024064324,1.780000,2
39.122342,-0.024160197,1.784000,2
39.136069,-0.024351945,1.788000,2
39.149772,-0.024256071,1.792000,2
39.163393,-0.024256071,1.796000,2
39.176848,-0.024543693,1.800000,2
39.190752,-0.024735440,1.804000,2
39.204283,-0.024256071,1.808000,2
39.218021,-0.024543693,1.812000,2
39.231695,-0.024543693,1.816000,2
39.245348,-0.024735440,1.820000,2
39.259033,-0.024543693,1.824000,2
39.272764,-0.024927188,1.828000,2
39.286469,-0.025118935,1.832000,2
39.300135,-0.024831314,1.836000,2
39.313855,-0.024831314,1.840000,2
39.327617,-0.025694178,1.844000,2
39.341521,-0.025118935,1.848000,2
39.356102,-0.025790052,1.852000,2
39.369393,-0.025310683,1.856000,2
39.383165,-0.025023062,1.860000,2
39.396761,-0.025598304,1.864000,2
39.410422,-0.025885926,1.868000,2
39.423877,-0.026269421,1.872000,2
39.437231,-0.025981800,1.876000,2
39.450657,-0.025694178,1.880000,2
39.463766,-0.025598304,1.884000,2
39.476777,-0.026461169,1.888000,2
39.490239,-0.026557042,1.892000,2
39.504139,-0.026173547,1.896000,2
39.518160,-0.026940538,1.900000,2
39.530841,-0.026844664,1.904000,2
39.544175,-0.026557042,1.908000,2
39.557850,-0.026844664,1.912000,2
39.571821,-0.026652916,1.916000,2
39.585029,-0.027036411,1.920000,2
39.598527,-0.027228159,1.924000,2
39.612353,-0.026652916,1.928000,2
39.626201,-0.027036411,1.932000,2
39.639720,-0.026940538,1.936000,2
39.653932,-0.027228159,1.940000,2
39.667773,-0.026844664,1.944000,2
39.681399,-0.027132285,1.948000,2
39.695130,-0.027228159,1.952000,2
39.708620,-0.026940538,1.956000,2
39.722237,-0.027324033,1.960000,2
39.736287,-0.026844664,1.964000,2
39.749817,-0.027036411,1.968000,2
39.763436,-0.027803402,1.972000,2
39.777510,-0.027228159,1.976000,2
39.790831,-0.027803402,1.980000,2
39.804858,-0.027324033,1.984000,2
39.818211,-0.028091023,1.988000,2
39.832002,-0.027707528,1.992000,2
39.845496,-0.027899276,1.996000,2
39.858848,-0.028091023,2.000000,2
39.873467,-0.027611654,2.000000,2
39.887009,-0.027707528,2.000000,2
39.900786,-0.028091023,2.000000,2
39.914306,-0.028186897,2.000000,2
39.927855,-0.027899276,2.000000,2
39.942040,-0.027707528,2.000000,2
39.955370,-0.027995149,2.000000,2
39.968844,-0.028474518,2.000000,2
39.983010,-0.028666266,2.000000,2
39.996227,-0.028186897,2.000000,2
40.010265,-0.028474518,2.000000,2
40.024367,-0.028666266,2.000000,2
40.038451,-0.028666266,2.000000,2
40.052063,-0.028666266,2.000000,2
40.065982,-0.028570392,2.000000,2
40.080429,-0.027995149,2.000000,2
40.093881,-0.028282771,2.000000,2
40.107069,-0.028762140,2.000000,2
40.121149,-0.028282771,2.000000,2
40.135009,-0.028282771,2.000000,2
40.148607,-0.028570392,2.000000,2
40.162757,-0.028091023,2.000000,2
40.176185,-0.028186897,2.000000,2
40.189517,-0.027899276,2.000000,2
40.202988,-0.028378645,2.000000,2
40.217076,-0.028282771,2.000000,2
40.230530,-0.028091023,2.000000,2
40.244418,-0.028282771,2.000000,2
40.258176,-0.028762140,2.000000,2
40.271731,-0.028570392,2.000000,2
40.285753,-0.028858014,2.000000,2
40.299412,-0.027803402,2.000000,2
40.313107,-0.027995149,2.000000,2
40.326464,-0.028570392,2.000000,2
40.340199,-0.029049761,2.000000,2
40.354341,-0.028858014,2.000000,2
40.368169,-0.028378645,2.000000,2
40.381871,-0.028474518,2.000000,2
40.395419,-0.028570392,2.000000,2
40.409506,-0.029241509,2.000000,2
40.423313,-0.028474518,2.000000,2
40.437108,-0.028282771,2.000000,2
40.450868,-0.028474518,2.000000,2
40.464558,-0.028570392,2.000000,2
40.477772,-0.028570392,2.000000,2
40.491349,-0.028474518,2.000000,2
40.504978,-0.027995149,2.000000,2
40.519012,-0.028474518,2.000000,2
40.532745,-0.028666266,2.000000,2
40.546335,-0.028953887,2.000000,2
40.559919,-0.028570392,2.000000,2
40.573559,-0.028282771,2.000000,2
40.587415,-0.028762140,2.000000,2
40.601616,-0.028858014,2.000000,2
40.615200,-0.028474518,2.000000,2
40.628756,-0.028666266,2.000000,2
40.642900,-0.028858014,2.000000,2
40.656833,-0.029049761,2.000000,2
40.671091,-0.028378645,2.000000,2
40.685214,-0.028474518,2.000000,2
40.699132,-0.028570392,2.000000,2
40.712473,-0.028186897,2.000000,2
40.726811,-0.028858014,2.000000,2
40.740222,-0.028282771,2.000000,2
40.753679,-0.028570392,2.000000,2
40.767205,-0.028858014,2.000000,2
40.781101,-0.028570392,2.000000,2
40.795088,-0.028570392,2.000000,2
40.808281,-0.028186897,2.000000,2
40.822196,-0.028378645,2.000000,2
40.835589,-0.028474518,2.000000,2
40.849306,-0.029241509,2.000000,2
40.863219,-0.028378645,2.000000,2
40.877168,-0.028378645,2.000000,2
40.890664,-0.028858014,2.000000,2
40.904159,-0.028570392,2.000000,2
40.918036,-0.029241509,2.000000,2
40.932715,-0.028570392,2.000000,2
40.946881,-0.028378645,2.000000,2
40.960625,-0.028666266,2.000000,2
40.974193,-0.028282771,2.000000,2
40.988302,-0.028474518,2.000000,2
41.001705,-0.028858014,2.000000,2
41.015413,-0.028666266,2.000000,2
41.028856,-0.028762140,2.000000,2
41.042668,-0.028953887,2.000000,2
41.056947,-0.028762140,2.000000,2
41.070688,-0.029241509,2.000000,2
41.084232,-0.028570392,2.000000,2
41.098402,-0.029049761,2.000000,2
41.111948,-0.029049761,2.000000,2
41.125666,-0.029049761,2.000000,2
41.139618,-0.028570392,2.000000,2
41.152925,-0.028858014,2.000000,2
41.167356,-0.028858014,2.000000,2
41.181224,-0.028953887,2.000000,2
41.194948,-0.028953887,2.000000,2
41.208805,-0.028762140,2.000000,2
41.222265,-0.028858014,2.000000,2
41.235844,-0.028953887,2.000000,2
41.249883,-0.029241509,2.000000,2
41.263915,-0.028186897,2.000000,2
41.277143,-0.028378645,2.000000,2
41.290921,-0.028762140,2.000000,2
41.304719,-0.029145635,2.000000,2
41.318225,-0.029049761,2.000000,2
41.331774,-0.028762140,2.000000,2
41.345691,-0.029049761,2.000000,2
41.359556,-0.028666266,2.000000,2
41.373221,-0.028570392,2.000000,2
41.386926,-0.029241509,2.000000,2
41.401090,-0.028570392,2.000000,2
41.414937,-0.028953887,2.000000,2
41.428596,-0.028858014,2.000000,2
41.442474,-0.028282771,2.000000,2
41.455987,-0.028858014,2.000000,2
41.470152,-0.029049761,2.000000,2
41.483694,-0.029049761,2.000000,2
41.497351,-0.029145635,2.000000,2
41.512056,-0.029049761,2.000000,2
41.525377,-0.028953887,2.000000,2
41.538877,-0.029145635,2.000000,2
41.552841,-0.029049761,2.000000,2
41.566642,-0.028858014,2.000000,2
41.580630,-0.028762140,2.000000,2
41.594454,-0.029049761,2.000000,2
41.608146,-0.029529130,2.000000,2
41.621694,-0.029049761,2.000000,2
41.635227,-0.028570392,2.000000,2
41.649197,-0.029145635,2.000000,2
41.662593,-0.029529130,2.000000,2
41.676573,-0.029433256,2.000000,2
41.690122,-0.029433256,2.000000,2
41.703657,-0.029049761,2.000000,2
41.717660,-0.029049761,2.000000,2
41.732666,-0.029049761,2.000000,2
41.746013,-0.029241509,2.000000,2
41.759842,-0.029337383,2.000000,2
41.773908,-0.029049761,2.000000,2
41.787465,-0.029241509,2.000000,2
41.801066,-0.028570392,2.000000,2
41.815143,-0.029337383,2.000000,2
41.828664,-0.029625004,2.000000,2
41.842587,-0.028762140,2.000000,2
41.856246,-0.029337383,2.000000,2
41.870917,-0.029145635,2.000000,2
41.884875,-0.029241509,2.000000,2
41.898205,-0.028858014,2.000000,2
41.911837,-0.029049761,2.000000,2
41.925090,-0.028666266,2.000000,2
41.939095,-0.029433256,2.000000,2
41.952433,-0.028858014,2.000000,2
41.966158,-0.029049761,2.000000,2
41.979534,-0.029337383,2.000000,2
41.993706,-0.029049761,2.000000,2
42.007268,-0.028570392,2.000000,2
42.021095,-0.029049761,2.000000,2
42.034645,-0.029049761,2.000000,2
42.049092,-0.029241509,2.000000,2
42.062365,-0.028762140,2.000000,2
42.076216,-0.028858014,2.000000,2
42.089895,-0.029241509,2.000000,2
42.103519,-0.029529130,2.000000,2
42.116931,-0.029049761,2.000000,2
42.131133,-0.029049761,2.000000,2
42.144306,-0.029145635,2.000000,2
42.157957,-0.028666266,2.000000,2
42.171491,-0.029241509,2.000000,2
42.185464,-0.029145635,2.000000,2
42.198991,-0.029529130,2.000000,2
42.212266,-0.029720878,2.000000,2
42.226404,-0.028953887,2.000000,2
42.240243,-0.029433256,2.000000,2
42.254000,-0.028953887,2.000000,2
42.268288,-0.029241509,2.000000,2
42.282212,-0.029241509,2.000000,2
42.295559,-0.029241509,2.000000,2
42.309317,-0.028953887,2.000000,2
42.322795,-0.029145635,2.000000,2
42.336799,-0.029049761,2.000000,2
42.350548,-0.028666266,2.000000,2
42.364462,-0.029145635,2.000000,2
42.378815,-0.029625004,2.000000,2
42.392784,-0.029433256,2.000000,2
42.406135,-0.029337383,2.000000,2
42.420226,-0.029241509,2.000000,2
42.433511,-0.028474518,2.000000,2
42.447626,-0.029049761,2.000000,2
42.461657,-0.028858014,2.000000,2
42.475292,-0.029241509,2.000000,2
42.489396,-0.029241509,2.000000,2
42.503463,-0.029145635,2.000000,2
42.516952,-0.029337383,2.000000,2
42.530681,-0.029049761,2.000000,2
42.544753,-0.029049761,2.000000,2
42.558309,-0.029529130,2.000000,2
42.572084,-0.029337383,2.000000,2
42.585617,-0.029145635,2.000000,2
42.599659,-0.028953887,2.000000,2
42.612941,-0.029433256,2.000000,2
42.627067,-0.029049761,2.000000,2
42.640764,-0.029241509,1.996000,2
42.654990,-0.029145635,1.992000,2
42.668598,-0.028858014,1.988000,2
42.682803,-0.029337383,1.984000,2
42.696666,-0.029241509,1.980000,2
42.710554,-0.029625004,1.976000,2
42.724474,-0.029049761,1.972000,2
42.738838,-0.029145635,1.968000,2
42.752211,-0.028091023,1.964000,2
42.766034,-0.029145635,1.960000,2
42.779418,-0.029049761,1.956000,2
42.794014,-0.028858014,1.952000,2
42.808069,-0.029433256,1.948000,2
42.821656,-0.029049761,1.944000,2
42.835337,-0.028666266,1.940000,2
42.848807,-0.029720878,1.936000,2
42.863725,-0.028570392,1.932000,2
42.876944,-0.029433256,1.928000,2
42.890623,-0.029337383,1.924000,2
42.904287,-0.029241509,1.920000,2
42.918663,-0.028666266,1.916000,2
42.932384,-0.028953887,1.912000,2
42.946029,-0.029241509,1.908000,2
42.959805,-0.029241509,1.904000,2
42.973824,-0.028858014,1.900000,2
42.987095,-0.028762140,1.896000,2
43.000932,-0.028378645,1.892000,2
43.014149,-0.028282771,1.888000,2
43.028358,-0.029049761,1.884000,2
43.041919,-0.028858014,1.880000,2
43.055678,-0.028570392,1.876000,2
43.069118,-0.028953887,1.872000,2
43.082929,-0.028953887,1.868000,2
43.096757,-0.028378645,1.864000,2
43.110488,-0.028762140,1.860000,2
43.124279,-0.028762140,1.856000,2
43.138050,-0.028474518,1.852000,2
43.151636,-0.028378645,1.848000,2
43.165642,-0.028570392,1.844000,2
43.179143,-0.028378645,1.840000,2
43.192949,-0.028474518,1.836000,2
43.207385,-0.028378645,1.832000,2
43.220552,-0.028378645,1.828000,2
43.234000,-0.028570392,1.824000,2
43.247489,-0.028570392,1.820000,2
43.260872,-0.028186897,1.816000,2
43.275434,-0.027899276,1.812000,2
43.288870,-0.027803402,1.808000,2
43.302758,-0.027995149,1.804000,2
43.316518,-0.027611654,1.800000,2
43.330538,-0.027995149,1.796000,2
43.344385,-0.027995149,1.792000,2
43.358141,-0.028282771,1.788000,2
43.372135,-0.027515780,1.784000,2
43.386153,-0.027707528,1.780000,2
43.399406,-0.028762140,1.776000,2
43.412863,-0.028378645,1.772000,2
43.426952,-0.027899276,1.768000,2
43.441414,-0.028282771,1.764000,2
43.455250,-0.028186897,1.760000,2
43.469121,-0.028091023,1.756000,2
43.483569,-0.027707528,1.752000,2
43.496999,-0.027899276,1.748000,2
43.510538,-0.027707528,1.744000,2
43.524138,-0.027611654,1.740000,2
43.538219,-0.027899276,1.736000,2
43.552141,-0.027611654,1.732000,2
43.565970,-0.027995149,1.728000,2
43.579895,-0.027803402,1.724000,2
43.593676,-0.028091023,1.720000,2
43.607384,-0.028186897,1.716000,2
43.621197,-0.027995149,1.712000,2
43.634495,-0.027515780,1.708000,2
43.648537,-0.027803402,1.704000,2
43.662090,-0.027515780,1.700000,2
43.675949,-0.028186897,1.696000,2
43.689525,-0.027515780,1.692000,2
43.703108,-0.027899276,1.688000,2
43.716550,-0.027515780,1.684000,2
43.730594,-0.027707528,1.680000,2
43.744513,-0.027515780,1.676000,2
43.758093,-0.026940538,1.672000,2
43.772119,-0.027324033,1.668000,2
43.785386,-0.027036411,1.664000,2
43.798980,-0.027899276,1.660000,2
43.813732,-0.027515780,1.656000,2
43.827042,-0.027228159,1.652000,2
43.841023,-0.027036411,1.648000,2
43.854954,-0.027036411,1.644000,2
43.868798,-0.027036411,1.640000,2
43.882800,-0.026557042,1.636000,2
43.896889,-0.027132285,1.632000,2
43.910953,-0.026748790,1.628000,2
43.924455,-0.026940538,1.624000,2
43.938313,-0.027132285,1.620000,2
43.952164,-0.027419907,1.616000,2
43.966435,-0.027228159,1.612000,2
43.980469,-0.027036411,1.608000,2
43.994610,-0.026557042,1.604000,2
44.008453,-0.026748790,1.600000,2
44.022278,-0.026940538,1.596000,2
44.035331,-0.026173547,1.592000,2
44.049251,-0.026844664,1.588000,2
44.062779,-0.027324033,1.584000,2
44.076057,-0.026844664,1.580000,2
44.089669,-0.026652916,1.576000,2
44.103595,-0.026748790,1.572000,2
44.116774,-0.026940538,1.568000,2
44.130646,-0.026652916,1.564000,2
44.144650,-0.026652916,1.560000,2
44.158252,-0.026940538,1.556000,2
44.172319,-0.026365295,1.552000,2
44.185895,-0.026077673,1.548000,2
44.199189,-0.026557042,1.544000,2
44.213658,-0.026269421,1.540000,2
44.226880,-0.026748790,1.536000,2
44.241194,-0.026365295,1.532000,2
44.254913,-0.026652916,1.528000,2
44.268239,-0.026077673,1.524000,2
44.281995,-0.026652916,1.520000,2
44.295327,-0.026652916,1.516000,2
44.310199,-0.026652916,1.512000,2
44.323534,-0.026173547,1.508000,2
44.337944,-0.026461169,1.504000,2
44.351454,-0.026461169,1.500000,2
44.364910,-0.026173547,1.496000,2
44.378660,-0.025885926,1.492000,2
44.392166,-0.026269421,1.488000,2
44.406533,-0.026652916,1.484000,2
44.421084,-0.026269421,1.480000,2
44.434461,-0.025502431,1.476000,2
44.447349,-0.025981800,1.472000,2
44.460144,-0.026173547,1.468000,2
44.473147,-0.025981800,1.464000,2
44.486773,-0.026557042,1.460000,2
44.500148,-0.026269421,1.456000,2
44.513347,-0.026173547,1.452000,2
44.526303,-0.026077673,1.448000,2
44.540056,-0.025694178,1.444000,2
44.553834,-0.025885926,1.440000,2
44.567573,-0.025981800,1.436000,2
44.581031,-0.025885926,1.432000,2
44.594530,-0.025406557,1.428000,2
44.608384,-0.025310683,1.424000,2
44.622286,-0.025406557,1.420000,2
44.635613,-0.025406557,1.416000,2
44.650039,-0.025118935,1.412000,2
44.663681,-0.025694178,1.408000,2
44.677341,-0.025790052,1.404000,2
44.690864,-0.025598304,1.400000,2
44.704955,-0.025214809,1.396000,2
44.719501,-0.025502431,1.392000,2
44.733143,-0.025214809,1.388000,2
44.746241,-0.025502431,1.384000,2
44.759961,-0.025023062,1.380000,2
44.773252,-0.024831314,1.376000,2
44.787052,-0.025023062,1.372000,2
44.800687,-0.025214809,1.368000,2
44.814171,-0.025502431,1.364000,2
44.828548,-0.024639566,1.360000,2
44.842584,-0.024831314,1.356000,2
44.855909,-0.024927188,1.352000,2
44.869957,-0.025118935,1.348000,2
44.883387,-0.024735440,1.344000,2
44.897300,-0.024447819,1.340000,2
44.910866,-0.024351945,1.336000,2
44.924646,-0.024735440,1.332000,2
44.938365,-0.024447819,1.328000,2
44.952512,-0.024447819,1.324000,2
44.966426,-0.024831314,1.320000,2
44.980523,-0.024543693,1.316000,2
44.994013,-0.024639566,1.312000,2
45.008306,-0.024735440,1.308000,2
45.021830,-0.024543693,1.304000,2
45.035252,-0.024543693,1.300000,2
45.049704,-0.024447819,1.296000,2
45.063184,-0.024639566,1.292000,2
45.076891,-0.024735440,1.288000,2
45.090755,-0.024064324,1.284000,2
45.104248,-0.024256071,1.280000,2
45.117738,-0.024256071,1.276000,2
45.132183,-0.024064324,1.272000,2
45.145491,-0.023584955,1.268000,2
45.159030,-0.024639566,1.264000,2
45.173194,-0.024160197,1.260000,2
45.186866,-0.024160197,1.256000,2
45.200635,-0.024351945,1.252000,2
45.214493,-0.023489081,1.248000,2
45.228346,-0.024064324,1.244000,2
45.242053,-0.024064324,1.240000,2
45.255980,-0.023489081,1.236000,2
45.270267,-0.024160197,1.232000,2
45.284290,-0.023680828,1.228000,2
45.298664,-0.023680828,1.224000,2
45.311858,-0.023584955,1.220000,2
45.325683,-0.023680828,1.216000,2
45.340092,-0.023393207,1.212000,2
45.354189,-0.023297333,1.208000,2
45.367964,-0.023968450,1.204000,2
45.381625,-0.023680828,1.200000,2
45.395365,-0.023297333,1.196000,2
45.408885,-0.023105586,1.192000,2
45.422432,-0.023489081,1.188000,2
45.435937,-0.023105586,1.184000,2
45.449602,-0.023201459,1.180000,2
45.463232,-0.023297333,1.176000,2
45.476941,-0.023201459,1.172000,2
45.490453,-0.023201459,1.168000,2
45.504227,-0.023680828,1.164000,2
45.518258,-0.022817964,1.160000,2
45.532092,-0.022722090,1.156000,2
45.545792,-0.022913838,1.152000,2
45.559040,-0.023009712,1.148000,2
45.572370,-0.022913838,1.144000,2
45.585943,-0.022722090,1.140000,2
45.599196,-0.023201459,1.136000,2
45.612613,-0.022626217,1.132000,2
45.626608,-0.022913838,1.128000,2
45.639836,-0.022913838,1.124000,2
45.653942,-0.022434469,1.120000,2
45.667720,-0.022530343,1.116000,2
45.681009,-0.022626217,1.112000,2
45.694599,-0.022338595,1.108000,2
45.708507,-0.022338595,1.104000,2
45.722261,-0.022146848,1.100000,2
45.735578,-0.022338595,1.096000,2
45.749161,-0.022626217,1.092000,2
45.763739,-0.022242721,1.088000,2
45.777028,-0.021955100,1.084000,2
45.790824,-0.021763352,1.080000,2
45.804992,-0.022338595,1.076000,2
45.818719,-0.022530343,1.072000,2
45.832460,-0.021955100,1.068000,2
45.846447,-0.021379857,1.064000,2
45.860282,-0.021763352,1.060000,2
45.874072,-0.021763352,1.056000,2
45.888511,-0.021859226,1.052000,2
45.902450,-0.021859226,1.048000,2
45.916538,-0.022434469,1.044000,2
45.930557,-0.021955100,1.040000,2
45.944104,-0.021667479,1.036000,2
45.957959,-0.021092236,1.032000,2
45.972003,-0.021092236,1.028000,2
45.985200,-0.021379857,1.024000,2
45.998684,-0.020996362,1.020000,2
46.012758,-0.021283983,1.016000,2
46.026402,-0.021667479,1.012000,2
46.040092,-0.021379857,1.008000,2
46.054444,-0.020708741,1.004000,2
46.068809,-0.020900488,1.000000,2
46.082949,-0.020325245,0.996000,2
46.097112,-0.020325245,0.992000,2
46.111107,-0.020804614,0.988000,2
46.124676,-0.020133498,0.984000,2
46.138605,-0.020708741,0.980000,2
46.152171,-0.020900488,0.976000,2
46.165938,-0.020900488,0.972000,2
46.179756,-0.020516993,0.968000,2
46.193319,-0.020612867,0.964000,2
46.207187,-0.020133498,0.960000,2
46.220654,-0.020612867,0.956000,2
46.234818,-0.020612867,0.952000,2
46.248485,-0.020708741,0.948000,2
46.262516,-0.020708741,0.944000,2
46.276638,-0.020516993,0.940000,2
46.290648,-0.020421119,0.936000,2
46.304357,-0.019941750,0.932000,2
46.318408,-0.020325245,0.928000,2
46.331842,-0.020133498,0.924000,2
46.345585,-0.019654129,0.920000,2
46.359622,-0.020612867,0.916000,2
46.372985,-0.020325245,0.912000,2
46.386567,-0.020037624,0.908000,2
46.400445,-0.020037624,0.904000,2
46.413913,-0.020133498,0.900000,2
46.427742,-0.019558255,0.896000,2
46.442729,-0.019558255,0.892000,2
46.456610,-0.019366507,0.888000,2
46.470031,-0.020037624,0.884000,2
46.484066,-0.019654129,0.880000,2
46.497773,-0.019654129,0.876000,2
46.511475,-0.019462381,0.872000,2
46.525065,-0.019174760,0.868000,2
46.538918,-0.019558255,0.864000,2
46.552688,-0.019270634,0.860000,2
46.566470,-0.018887138,0.856000,2
46.581049,-0.018983012,0.852000,2
46.594259,-0.018791265,0.848000,2
46.607730,-0.018791265,0.844000,2
46.621919,-0.018407769,0.840000,2
46.635189,-0.018599517,0.836000,2
46.649011,-0.019174760,0.832000,2
46.662768,-0.018887138,0.828000,2
46.676099,-0.018887138,0.824000,2
46.690240,-0.018503643,0.820000,2
46.704242,-0.018407769,0.816000,2
46.718772,-0.017832527,0.812000,2
46.732588,-0.018311896,0.808000,2
46.746416,-0.018024274,0.804000,2
46.760412,-0.018599517,0.800000,2
46.774063,-0.017928400,0.796000,2
46.787792,-0.017928400,0.792000,2
46.801321,-0.017736653,0.788000,2
46.815735,-0.018120148,0.784000,2
46.829298,-0.017736653,0.780000,2
46.842845,-0.017832527,0.776000,2
46.856722,-0.018024274,0.772000,2
46.870282,-0.017544905,0.768000,2
46.884311,-0.018120148,0.764000,2
46.897698,-0.017736653,0.760000,2
46.911318,-0.017928400,0.756000,2
46.924852,-0.017449031,0.752000,2
46.938608,-0.017736653,0.748000,2
46.952125,-0.017928400,0.744000,2
46.965739,-0.017928400,0.740000,2
46.980045,-0.017544905,0.736000,2
46.993906,-0.017449031,0.732000,2
47.008111,-0.017449031,0.728000,2
47.021403,-0.017161410,0.724000,2
47.035188,-0.017544905,0.720000,2
47.049660,-0.017353158,0.716000,2
47.062992,-0.016969662,0.712000,2
47.076997,-0.017449031,0.708000,2
47.090344,-0.017065536,0.704000,2
47.104539,-0.017736653,0.700000,2
47.118464,-0.017736653,0.696000,2
47.132774,-0.017353158,0.692000,2
47.146271,-0.017065536,0.688000,2
47.160329,-0.017161410,0.684000,2
47.174120,-0.018024274,0.680000,2
47.188118,-0.017928400,0.676000,2
47.202023,-0.017065536,0.672000,2
47.215523,-0.017065536,0.668000,2
47.229183,-0.017065536,0.664000,2
47.242697,-0.016873789,0.660000,2
47.256933,-0.016010924,0.656000,2
47.271038,-0.016298546,0.652000,2
47.284574,-0.016777915,0.648000,2
47.298405,-0.016873789,0.644000,2
47.312120,-0.016682041,0.640000,2
47.325341,-0.017353158,0.636000,2
47.339309,-0.017161410,0.632000,2
47.353072,-0.016777915,0.628000,2
47.366486,-0.016586167,0.624000,2
47.380191,-0.016682041,0.620000,2
47.393361,-0.016969662,0.616000,2
47.407377,-0.017257284,0.612000,2
47.421535,-0.016777915,0.608000,2
47.435247,-0.016298546,0.604000,2
47.449520,-0.016682041,0.600000,2
47.463294,-0.016586167,0.596000,2
47.477464,-0.016586167,0.592000,2
47.491240,-0.016682041,0.588000,2
47.504997,-0.016969662,0.584000,2
47.519194,-0.016490293,0.580000,2
47.533596,-0.015723303,0.576000,2
47.547115,-0.016586167,0.572000,2
47.560606,-0.016777915,0.568000,2
47.574340,-0.016394420,0.564000,2
47.587710,-0.016777915,0.560000,2
47.601666,-0.016298546,0.556000,2
47.615641,-0.016682041,0.552000,2
47.629241,-0.016106798,0.548000,2
47.644367,-0.016969662,0.544000,2
47.658006,-0.016298546,0.540000,2
47.671969,-0.016298546,0.536000,2
47.685680,-0.016106798,0.532000,2
47.700255,-0.016586167,0.528000,2
47.713621,-0.016202672,0.524000,2
47.727382,-0.016298546,0.520000,2
47.742388,-0.016106798,0.516000,2
47.755719,-0.016106798,0.512000,2
47.769585,-0.016586167,0.508000,2
47.782956,-0.016394420,0.504000,2
47.796685,-0.015723303,0.500000,2
47.810344,-0.015819177,0.496000,2
47.824092,-0.015531555,0.492000,2
47.838148,-0.016298546,0.488000,2
47.852547,-0.016106798,0.484000,2
47.865905,-0.015531555,0.480000,2
47.879886,-0.016010924,0.476000,2
47.893919,-0.015627429,0.472000,2
47.907442,-0.016106798,0.468000,2
47.921170,-0.015627429,0.464000,2
47.935017,-0.015915051,0.460000,2
47.948361,-0.016202672,0.456000,2
47.962690,-0.016202672,0.452000,2
47.976539,-0.015339808,0.448000,2
47.990091,-0.015339808,0.444000,2
48.003855,-0.015339808,0.440000,2
48.017683,-0.015148060,0.436000,2
48.031751,-0.015148060,0.432000,2
48.045678,-0.015531555,0.428000,2
48.059175,-0.015052186,0.424000,2
48.072971,-0.015435682,0.420000,2
48.086869,-0.015243934,0.416000,2
48.100312,-0.015148060,0.412000,2
48.114464,-0.014572817,0.408000,2
48.128232,-0.015531555,0.404000,2
48.141662,-0.014860439,0.400000,2
48.155404,-0.014572817,0.396000,2
48.169335,-0.015148060,0.392000,2
48.182700,-0.014572817,0.388000,2
48.196420,-0.014668691,0.384000,2
48.209837,-0.014476944,0.380000,2
48.223541,-0.014285196,0.376000,2
48.237226,-0.014668691,0.372000,2
48.250884,-0.014285196,0.368000,2
48.264995,-0.014189322,0.364000,2
48.278300,-0.014476944,0.360000,2
48.292060,-0.014956313,0.356000,2
48.305792,-0.014476944,0.352000,2
48.319656,-0.013997575,0.348000,2
48.333667,-0.013901701,0.344000,2
48.347145,-0.013709953,0.340000,2
48.361127,-0.013805827,0.336000,2
48.374821,-0.013518206,0.332000,2
48.388573,-0.013230584,0.328000,2
48.402068,-0.014093448,0.324000,2
48.416202,-0.013614079,0.320000,2
48.429753,-0.013805827,0.316000,2
48.443438,-0.013518206,0.312000,2
48.457062,-0.013134710,0.308000,2
48.471015,-0.013518206,0.304000,2
48.484691,-0.012847089,0.300000,2
48.498424,-0.012655342,0.296000,2
48.512292,-0.012559468,0.292000,2
48.526286,-0.012463594,0.288000,2
48.540145,-0.012463594,0.284000,2
48.554433,-0.011792477,0.280000,2
48.567928,-0.012175973,0.276000,2
48.581648,-0.011696604,0.272000,2
48.594817,-0.012175973,0.268000,2
48.608676,-0.011408982,0.264000,2
48.622326,-0.011984225,0.260000,2
48.636567,-0.011792477,0.256000,2
48.650977,-0.011504856,0.252000,2
48.664205,-0.011313108,0.248000,2
48.677678,-0.011600730,0.244000,2
48.691425,-0.011121361,0.240000,2
48.704864,-0.011217235,0.236000,2
48.718663,-0.010833739,0.232000,2
48.732144,-0.011121361,0.228000,2
48.746579,-0.010929613,0.224000,2
48.760135,-0.010833739,0.220000,2
48.774148,-0.010929613,0.216000,2
48.787547,-0.011025487,0.212000,2
48.801369,-0.011025487,0.208000,2
48.814978,-0.011408982,0.204000,2
48.828514,-0.010641992,0.200000,2
48.842244,-0.011025487,0.196000,2
48.855929,-0.010546118,0.192000,2
48.869224,-0.010737866,0.188000,2
48.883229,-0.010066749,0.184000,2
48.896552,-0.010258497,0.180000,2
48.910494,-0.009779128,0.176000,2
48.924240,-0.010066749,0.172000,2
48.938142,-0.010066749,0.168000,2
48.951637,-0.009779128,0.164000,2
48.965598,-0.010450244,0.160000,2
48.979395,-0.009779128,0.156000,2
48.992906,-0.009970875,0.152000,2
49.006825,-0.009203885,0.148000,2
49.020880,-0.008532768,0.144000,2
49.034946,-0.009012137,0.140000,2
49.048438,-0.008820390,0.136000,2
49.061904,-0.008820390,0.132000,2
49.075773,-0.008916263,0.128000,2
49.088917,-0.009108011,0.124000,2
49.102660,-0.009012137,0.120000,2
49.115926,-0.008724516,0.116000,2
49.129664,-0.008532768,0.112000,2
49.142912,-0.007957525,0.108000,2
49.156838,-0.008245147,0.104000,2
49.170964,-0.007861652,0.100000,2
49.184176,-0.008149273,0.096000,2
49.198275,-0.007957525,0.092000,2
49.211613,-0.008149273,0.088000,2
49.225213,-0.007861652,0.084000,2
49.239048,-0.007861652,0.080000,2
49.252322,-0.008149273,0.076000,2
49.265930,-0.007190535,0.072000,2
49.280101,-0.006807040,0.068000,2
49.293467,-0.007286409,0.064000,2
49.306775,-0.007382283,0.060000,2
49.320842,-0.006902914,0.056000,2
49.334165,-0.007574030,0.052000,2
49.348199,-0.006519418,0.048000,2
49.362540,-0.006040049,0.044000,2
49.376701,-0.007094661,0.040000,2
49.390482,-0.006423545,0.036000,2
49.404796,-0.006615292,0.032000,2
49.418869,-0.007190535,0.028000,2
49.432186,-0.005944176,0.024000,2
49.445364,-0.006615292,0.020000,2
49.458191,-0.005944176,0.016000,2
49.471151,-0.006327671,0.012000,2
49.484470,-0.006231797,0.008000,2
49.497671,-0.006135923,0.004000,2
49.510737,-0.005656554,0.000000,2
49.524054,-0.005560680,0.000000,2
49.537687,-0.005464807,-0.004000,2
49.552011,-0.005656554,-0.008000,2
49.565478,-0.005560680,-0.012000,2
49.579161,-0.005081311,-0.016000,2
49.593115,-0.005177185,-0.020000,2
49.606703,-0.005273059,-0.024000,2
49.620292,-0.004793690,-0.028000,2
49.634471,-0.004601942,-0.032000,2
49.647985,-0.003643204,-0.036000,2
49.661460,-0.004410195,-0.040000,2
49.675152,-0.004410195,-0.044000,2
49.688836,-0.004506069,-0.048000,2
49.702719,-0.003739078,-0.052000,2
49.716993,-0.003547331,-0.056000,2
49.730654,-0.003547331,-0.060000,2
49.744519,-0.004218447,-0.064000,2
49.758285,-0.003259709,-0.068000,2
49.772465,-0.004218447,-0.072000,2
49.786417,-0.003547331,-0.076000,2
49.800534,-0.003355583,-0.080000,2
49.814320,-0.002876214,-0.084000,2
49.828022,-0.002684466,-0.088000,2
49.842126,-0.002013350,-0.092000,2
49.856219,-0.002492719,-0.096000,2
49.870003,-0.002492719,-0.100000,2
49.883643,-0.002972088,-0.104000,2
49.897707,-0.002492719,-0.108000,2
49.910776,-0.002684466,-0.112000,2
49.924792,-0.002492719,-0.116000,2
49.937928,-0.002492719,-0.120000,2
49.951650,-0.002396845,-0.124000,2
49.965484,-0.001629855,-0.128000,2
49.978976,-0.001629855,-0.132000,2
49.992556,-0.001438107,-0.136000,2
50.006327,-0.001342233,-0.140000,2
50.019665,-0.000479369,-0.144000,2
50.034127,-0.000766990,-0.148000,2
50.047597,-0.001342233,-0.152000,2
50.061298,-0.000958738,-0.156000,2
50.074740,-0.001054612,-0.160000,2
50.088872,-0.001725728,-0.164000,2
50.102954,-0.001150486,-0.168000,2
50.116567,-0.000671117,-0.172000,2
50.130038,-0.000671117,-0.176000,2
50.143503,0.000383495,-0.180000,2
50.157215,-0.000383495,-0.184000,2
50.170922,0.000000000,-0.188000,2
50.184577,0.000671117,-0.192000,2
50.198125,0.000479369,-0.196000,2
50.211814,0.000287621,-0.200000,2
50.225105,0.000862864,-0.204000,2
50.238600,0.000671117,-0.208000,2
50.252984,0.000958738,-0.212000,2
50.266264,0.001246359,-0.216000,2
50.280273,0.000958738,-0.220000,2
50.294037,0.001533981,-0.224000,2
50.307760,0.002013350,-0.228000,2
50.321404,0.001533981,-0.232000,2
50.335033,0.001533981,-0.236000,2
50.348913,0.001533981,-0.240000,2
50.362116,0.001150486,-0.244000,2
50.375568,0.001533981,-0.248000,2
50.389054,0.001533981,-0.252000,2
50.402860,0.002396845,-0.256000,2
50.416380,0.001821602,-0.260000,2
50.429941,0.002492719,-0.264000,2
50.443805,0.002109224,-0.268000,2
50.457992,0.001821602,-0.272000,2
50.471405,0.002205097,-0.276000,2
50.484866,0.002684466,-0.280000,2
50.498926,0.002205097,-0.284000,2
50.512570,0.002205097,-0.288000,2
50.527237,0.002300971,-0.292000,2
50.541296,0.002684466,-0.296000,2
50.554775,0.002588593,-0.300000,2
50.568046,0.002109224,-0.304000,2
50.582362,0.002492719,-0.308000,2
50.595683,0.002684466,-0.312000,2
50.609328,0.002492719,-0.316000,2
50.623103,0.002684466,-0.320000,2
50.636409,0.002780340,-0.324000,2
50.650738,0.002396845,-0.328000,2
50.664414,0.002972088,-0.332000,2
50.678123,0.002876214,-0.336000,2
50.691849,0.002876214,-0.340000,2
50.705772,0.003067962,-0.344000,2
50.719281,0.002492719,-0.348000,2
50.733036,0.003259709,-0.352000,2
50.747287,0.003739078,-0.356000,2
50.761315,0.003834952,-0.360000,2
50.775240,0.003451457,-0.364000,2
50.789048,0.003547331,-0.368000,2
50.802752,0.003547331,-0.372000,2
50.816339,0.003643204,-0.376000,2
50.830356,0.003834952,-0.380000,2
50.843491,0.004314321,-0.384000,2
50.857117,0.005081311,-0.388000,2
50.871439,0.004601942,-0.392000,2
50.885375,0.004793690,-0.396000,2
50.898751,0.005273059,-0.400000,2
50.912249,0.005752428,-0.404000,2
50.925558,0.005368933,-0.408000,2
50.939317,0.005368933,-0.412000,2
50.952810,0.005081311,-0.416000,2
50.966482,0.005848302,-0.420000,2
50.980005,0.004889564,-0.424000,2
50.993664,0.005368933,-0.428000,2
51.007749,0.005752428,-0.432000,2
51.022146,0.005848302,-0.436000,2
51.035239,0.005656554,-0.440000,2
51.048681,0.005464807,-0.444000,2
51.062466,0.006231797,-0.448000,2
51.075920,0.006519418,-0.452000,2
51.089778,0.005752428,-0.456000,2
51.103790,0.006519418,-0.460000,2
51.117328,0.006711166,-0.464000,2
51.130580,0.006327671,-0.468000,2
51.144439,0.006615292,-0.472000,2
51.159322,0.006615292,-0.476000,2
51.173396,0.006327671,-0.480000,2
51.188339,0.007190535,-0.484000,2
51.202256,0.006807040,-0.488000,2
51.215849,0.006519418,-0.492000,2
51.230141,0.006423545,-0.496000,2
51.243900,0.006902914,-0.500000,2
51.257547,0.007094661,-0.504000,2
51.270939,0.006998787,-0.508000,2
51.284522,0.007478156,-0.512000,2
51.298532,0.008053399,-0.516000,2
51.311674,0.007382283,-0.520000,2
51.326030,0.007574030,-0.524000,2
51.339456,0.007574030,-0.528000,2
51.353219,0.007286409,-0.532000,2
51.366810,0.007765778,-0.536000,2
51.380952,0.007957525,-0.540000,2
51.395242,0.007861652,-0.544000,2
51.408659,0.008245147,-0.548000,2
51.422189,0.008053399,-0.552000,2
51.436217,0.007861652,-0.556000,2
51.449517,0.008149273,-0.560000,2
51.463645,0.007765778,-0.564000,2
51.477030,0.007861652,-0.568000,2
51.491217,0.008149273,-0.572000,2
51.504956,0.008245147,-0.576000,2
51.518970,0.008436894,-0.580000,2
51.532633,0.007957525,-0.584000,2
51.546291,0.007765778,-0.588000,2
51.560626,0.009012137,-0.592000,2
51.574161,0.008820390,-0.596000,2
51.588294,0.008724516,-0.600000,2
51.602339,0.008916263,-0.604000,2
51.615926,0.008916263,-0.608000,2
51.629624,0.007478156,-0.612000,2
51.643512,0.009012137,-0.616000,2
51.657688,0.008341021,-0.620000,2
51.671067,0.008820390,-0.624000,2
51.685101,0.009012137,-0.628000,2
51.698671,0.008916263,-0.632000,2
51.712348,0.009108011,-0.636000,2
51.726172,0.008724516,-0.640000,2
51.739479,0.008916263,-0.644000,2
51.753050,0.008724516,-0.648000,2
51.766563,0.008724516,-0.652000,2
51.780562,0.009012137,-0.656000,2
51.793952,0.009108011,-0.660000,2
51.807436,0.009395632,-0.664000,2
51.821217,0.009491506,-0.668000,2
51.835122,0.009395632,-0.672000,2
51.848406,0.009779128,-0.676000,2
51.861881,0.009491506,-0.680000,2
51.875458,0.008628642,-0.684000,2
51.889366,0.009299759,-0.688000,2
51.902947,0.010066749,-0.692000,2
51.917081,0.009587380,-0.696000,2
51.931113,0.009203885,-0.700000,2
51.944681,0.009587380,-0.704000,2
51.958675,0.009491506,-0.708000,2
51.972299,0.009587380,-0.712000,2
51.985861,0.010162623,-0.716000,2
51.999599,0.009491506,-0.720000,2
52.013928,0.009395632,-0.724000,2
52.027147,0.009395632,-0.728000,2
52.040627,0.009875001,-0.732000,2
52.054837,0.010258497,-0.736000,2
52.068438,0.009491506,-0.740000,2
52.082671,0.010066749,-0.744000,2
52.096015,0.009203885,-0.748000,2
52.109776,0.009683254,-0.752000,2
52.123297,0.010546118,-0.756000,2
52.137115,0.010162623,-0.760000,2
52.150491,0.010162623,-0.764000,2
52.164215,0.009491506,-0.768000,2
52.177553,0.009970875,-0.772000,2
52.191340,0.010162623,-0.776000,2
52.204640,0.009779128,-0.780000,2
52.218400,0.010546118,-0.784000,2
52.231754,0.009970875,-0.788000,2
52.245498,0.010354370,-0.792000,2
52.259220,0.010641992,-0.796000,2
52.273140,0.010833739,-0.800000,2
52.286835,0.010258497,-0.804000,2
52.300742,0.010737866,-0.808000,2
52.314255,0.010546118,-0.812000,2
52.327895,0.010546118,-0.816000,2
52.341920,0.010546118,-0.820000,2
52.355174,0.010833739,-0.824000,2
52.368910,0.010641992,-0.828000,2
52.382712,0.010354370,-0.832000,2
52.396523,0.010354370,-0.836000,2
52.410136,0.010450244,-0.840000,2
52.424112,0.010737866,-0.844000,2
52.438000,0.011121361,-0.848000,2
52.452172,0.011217235,-0.852000,2
52.465699,0.011217235,-0.856000,2
52.479487,0.011121361,-0.860000,2
52.493679,0.011504856,-0.864000,2
52.507377,0.011121361,-0.868000,2
52.521471,0.010833739,-0.872000,2
52.534971,0.010737866,-0.876000,2
52.548666,0.011217235,-0.880000,2
52.562190,0.011025487,-0.884000,2
52.575924,0.010929613,-0.888000,2
52.589767,0.010929613,-0.892000,2
52.603543,0.011408982,-0.896000,2
52.617844,0.010833739,-0.900000,2
52.631263,0.011408982,-0.904000,2
52.645700,0.011025487,-0.908000,2
52.659793,0.010737866,-0.912000,2
52.673068,0.011600730,-0.916000,2
52.686666,0.011313108,-0.920000,2
52.700747,0.012080099,-0.924000,2
52.714337,0.011504856,-0.928000,2
52.728079,0.011504856,-0.932000,2
52.741575,0.011408982,-0.936000,2
52.755879,0.011504856,-0.940000,2
52.769550,0.011504856,-0.944000,2
52.783641,0.011217235,-0.948000,2
52.797984,0.011504856,-0.952000,2
52.811837,0.011504856,-0.956000,2
52.825474,0.011600730,-0.960000,2
52.839742,0.011408982,-0.964000,2
52.853391,0.011025487,-0.968000,2
52.867376,0.011313108,-0.972000,2
52.880716,0.011600730,-0.976000,2
52.895574,0.011600730,-0.980000,2
52.908849,0.011984225,-0.984000,2
52.922312,0.011984225,-0.988000,2
52.936217,0.011696604,-0.992000,2
52.949842,0.011792477,-0.996000,2
52.963098,0.011792477,-1.000000,2
52.976944,0.011984225,-1.004000,2
52.991021,0.011984225,-1.008000,2
53.004482,0.011696604,-1.012000,2
53.018217,0.012559468,-1.016000,2
53.031658,0.011504856,-1.020000,2
53.045367,0.011696604,-1.024000,2
53.058742,0.011984225,-1.028000,2
53.072898,0.012080099,-1.032000,2
53.086906,0.012080099,-1.036000,2
53.100289,0.011600730,-1.040000,2
53.114493,0.011984225,-1.044000,2
53.127968,0.011504856,-1.048000,2
53.141470,0.011888351,-1.052000,2
53.155569,0.011888351,-1.056000,2
53.169056,0.011792477,-1.060000,2
53.182928,0.012080099,-1.064000,2
53.197077,0.011696604,-1.068000,2
53.211367,0.012463594,-1.072000,2
53.225064,0.012271846,-1.076000,2
53.239177,0.011792477,-1.080000,2
53.253292,0.011984225,-1.084000,2
53.267514,0.012080099,-1.088000,2
53.280879,0.012080099,-1.092000,2
53.295257,0.012271846,-1.096000,2
53.308895,0.011888351,-1.100000,2
53.322900,0.012175973,-1.104000,2
53.336457,0.011984225,-1.108000,2
53.350213,0.012175973,-1.112000,2
53.363980,0.012175973,-1.116000,2
53.377724,0.012559468,-1.120000,2
53.391360,0.011600730,-1.124000,2
53.405416,0.012271846,-1.128000,2
53.419105,0.012080099,-1.132000,2
53.433045,0.012175973,-1.136000,2
53.447272,0.012367720,-1.140000,2
53.461321,0.012463594,-1.144000,2
53.474906,0.012175973,-1.148000,2
53.489303,0.012175973,-1.152000,2
53.503817,0.012655342,-1.156000,2
53.517333,0.012271846,-1.160000,2
53.531303,0.012559468,-1.164000,2
53.545319,0.012463594,-1.168000,2
53.558891,0.012942963,-1.172000,2
53.572534,0.012559468,-1.176000,2
53.586537,0.012463594,-1.180000,2
53.600163,0.012751215,-1.184000,2
53.613959,0.013038837,-1.188000,2
53.628197,0.012751215,-1.192000,2
53.641764,0.013134710,-1.196000,2
53.655722,0.012942963,-1.200000,2
53.669817,0.013134710,-1.204000,2
53.683270,0.012271846,-1.208000,2
53.697250,0.012463594,-1.212000,2
53.710744,0.012271846,-1.216000,2
53.724859,0.012847089,-1.220000,2
53.738875,0.013230584,-1.224000,2
53.752521,0.012942963,-1.228000,2
53.766550,0.012942963,-1.232000,2
53.780974,0.013134710,-1.236000,2
53.795159,0.013134710,-1.240000,2
53.808811,0.013326458,-1.244000,2
53.822671,0.013709953,-1.248000,2
53.836201,0.013230584,-1.252000,2
53.850082,0.012751215,-1.256000,2
53.863824,0.013422332,-1.260000,2
53.877146,0.013230584,-1.264000,2
53.891029,0.013038837,-1.268000,2
53.904532,0.013134710,-1.272000,2
53.917899,0.013230584,-1.276000,2
53.932081,0.012847089,-1.280000,2
53.945617,0.013805827,-1.284000,2
53.959308,0.013326458,-1.288000,2
53.973462,0.013422332,-1.292000,2
53.987236,0.013518206,-1.296000,2
54.000984,0.013038837,-1.300000,2
54.014888,0.013422332,-1.304000,2
54.028552,0.013134710,-1.308000,2
54.042513,0.013614079,-1.312000,2
54.055887,0.013134710,-1.316000,2
54.069346,0.013709953,-1.320000,2
54.083706,0.013709953,-1.324000,2
54.098218,0.013326458,-1.328000,2
54.111764,0.013326458,-1.332000,2
54.125336,0.013997575,-1.336000,2
54.139276,0.013134710,-1.340000,2
54.152981,0.013326458,-1.344000,2
54.166696,0.013038837,-1.348000,2
54.180768,0.013134710,-1.352000,2
54.194566,0.013230584,-1.356000,2
54.208089,0.013230584,-1.360000,2
54.222247,0.012847089,-1.364000,2
54.235926,0.013422332,-1.368000,2
54.249624,0.013614079,-1.372000,2
54.263086,0.013038837,-1.376000,2
54.277139,0.013901701,-1.380000,2
54.290977,0.014093448,-1.384000,2
54.305018,0.013901701,-1.388000,2
54.318907,0.013422332,-1.392000,2
54.333816,0.013134710,-1.396000,2
54.346973,0.013134710,-1.400000,2
54.360715,0.013230584,-1.404000,2
54.374638,0.013038837,-1.408000,2
54.388471,0.013518206,-1.412000,2
54.402401,0.013422332,-1.416000,2
54.416647,0.013422332,-1.420000,2
54.430444,0.013614079,-1.424000,2
54.443370,0.013326458,-1.428000,2
54.456239,0.013134710,-1.432000,2
54.469156,0.013230584,-1.436000,2
54.482702,0.013134710,-1.440000,2
54.496855,0.013422332,-1.444000,2
54.510239,0.013614079,-1.448000,2
54.523564,0.013422332,-1.452000,2
54.537227,0.012655342,-1.456000,2
54.551068,0.013326458,-1.460000,2
54.565182,0.013326458,-1.464000,2
54.578832,0.013709953,-1.468000,2
54.592798,0.012942963,-1.472000,2
54.606145,0.013326458,-1.476000,2
54.620060,0.013422332,-1.480000,2
54.633354,0.013805827,-1.484000,2
54.647089,0.013326458,-1.488000,2
54.660772,0.012942963,-1.492000,2
54.675028,0.013518206,-1.496000,2
54.688758,0.013901701,-1.500000,2
54.702516,0.013134710,-1.504000,2
54.716276,0.013422332,-1.508000,2
54.730717,0.013805827,-1.512000,2
54.744116,0.013230584,-1.516000,2
54.758196,0.013709953,-1.520000,2
54.772405,0.012847089,-1.524000,2
54.785960,0.012751215,-1.528000,2
54.799312,0.013997575,-1.532000,2
54.812773,0.013805827,-1.536000,2
54.826754,0.013997575,-1.540000,2
54.840114,0.013709953,-1.544000,2
54.853683,0.014093448,-1.548000,2
54.867424,0.013518206,-1.552000,2
54.881110,0.013709953,-1.556000,2
54.894905,0.013326458,-1.560000,2
54.908593,0.013422332,-1.564000,2
54.922381,0.013422332,-1.568000,2
54.936524,0.013901701,-1.572000,2
54.949885,0.013709953,-1.576000,2
54.963763,0.014189322,-1.580000,2
54.977618,0.013518206,-1.584000,2
54.992011,0.013422332,-1.588000,2
55.005698,0.013326458,-1.592000,2
55.020473,0.013709953,-1.596000,2
55.033772,0.013709953,-1.600000,2
55.047577,0.013805827,-1.604000,2
55.062282,0.014285196,-1.608000,2
55.075794,0.014093448,-1.612000,2
55.089524,0.013422332,-1.616000,2
55.102892,0.013422332,-1.620000,2
55.116915,0.013805827,-1.624000,2
55.130484,0.013134710,-1.628000,2
55.143978,0.013614079,-1.632000,2
55.157926,0.014189322,-1.636000,2
55.171457,0.013805827,-1.640000,2
55.184962,0.014093448,-1.644000,2
55.198824,0.014189322,-1.648000,2
55.212323,0.013518206,-1.652000,2
55.226740,0.013709953,-1.656000,2
55.240134,0.013518206,-1.660000,2
55.253674,0.013518206,-1.664000,2
55.267466,0.013901701,-1.668000,2
55.280917,0.013805827,-1.672000,2
55.294423,0.013614079,-1.676000,2
55.308359,0.014093448,-1.680000,2
55.321981,0.015148060,-1.684000,2
55.335257,0.014381070,-1.688000,2
55.349158,0.013614079,-1.692000,2
55.362809,0.013709953,-1.696000,2
55.376563,0.013997575,-1.700000,2
55.390110,0.013805827,-1.704000,2
55.403579,0.013230584,-1.708000,2
55.417689,0.014093448,-1.712000,2
55.431308,0.013709953,-1.716000,2
55.444975,0.014572817,-1.720000,2
55.459101,0.013614079,-1.724000,2
55.472663,0.014093448,-1.728000,2
55.486433,0.014093448,-1.732000,2
55.499788,0.013614079,-1.736000,2
55.513517,0.013709953,-1.740000,2
55.527326,0.013997575,-1.744000,2
55.541124,0.013518206,-1.748000,2
55.554251,0.013901701,-1.752000,2
55.567612,0.014476944,-1.756000,2
55.581124,0.013230584,-1.760000,2
55.594791,0.013709953,-1.764000,2
55.608750,0.014189322,-1.768000,2
55.622347,0.013805827,-1.772000,2
55.635818,0.013614079,-1.776000,2
55.650085,0.013901701,-1.780000,2
55.663763,0.014093448,-1.784000,2
55.677202,0.014764565,-1.788000,2
55.691077,0.014956313,-1.792000,2
55.704365,0.014093448,-1.796000,2
55.718094,0.013518206,-1.800000,2
55.732349,0.014093448,-1.804000,2
55.745695,0.013326458,-1.808000,2
55.759206,0.014189322,-1.812000,2
55.772693,0.013614079,-1.816000,2
55.786570,0.013997575,-1.820000,2
55.800645,0.013709953,-1.824000,2
55.814390,0.014381070,-1.828000,2
55.828368,0.014093448,-1.832000,2
55.842326,0.014093448,-1.836000,2
55.855628,0.013709953,-1.840000,2
55.869350,0.013997575,-1.844000,2
55.883925,0.014093448,-1.848000,2
55.897332,0.015052186,-1.852000,2
55.911475,0.014093448,-1.856000,2
55.924909,0.013326458,-1.860000,2
55.938716,0.013326458,-1.864000,2
55.952508,0.014093448,-1.868000,2
55.966365,0.014189322,-1.872000,2
55.980116,0.014476944,-1.876000,2
55.994345,0.014189322,-1.880000,2
56.007881,0.013997575,-1.884000,2
56.022057,0.013901701,-1.888000,2
56.035534,0.013805827,-1.892000,2
56.049602,0.013518206,-1.896000,2
56.063335,0.014381070,-1.900000,2
56.077075,0.014093448,-1.904000,2
56.090529,0.014381070,-1.908000,2
56.104192,0.013709953,-1.912000,2
56.118302,0.013709953,-1.916000,2
56.131604,0.014189322,-1.920000,2
56.145056,0.013614079,-1.924000,2
56.158819,0.014476944,-1.928000,2
56.172781,0.014093448,-1.932000,2
56.186230,0.014572817,-1.936000,2
56.199706,0.013901701,-1.940000,2
56.213377,0.013518206,-1.944000,2
56.227416,0.013614079,-1.948000,2
56.240940,0.014764565,-1.952000,2
56.254627,0.014764565,-1.956000,2
56.268183,0.015052186,-1.960000,2
56.282513,0.014189322,-1.964000,2
56.295907,0.014764565,-1.968000,2
56.309177,0.014285196,-1.972000,2
56.322900,0.013997575,-1.976000,2
56.336648,0.014189322,-1.980000,2
56.350252,0.014189322,-1.984000,2
56.364309,0.013997575,-1.988000,2
56.378045,0.013901701,-1.992000,2
56.391650,0.014956313,-1.996000,2
56.407007,0.014572817,-2.000000,2
56.420693,0.014381070,-2.000000,2
56.433733,0.014381070,-2.000000,2
56.447718,0.014285196,-2.000000,2
56.461205,0.013997575,-2.000000,2
56.474695,0.013518206,-2.000000,2
56.488864,0.015052186,-2.000000,2
56.502393,0.015052186,-2.000000,2
56.516374,0.013614079,-2.000000,2
56.530991,0.014572817,-2.000000,2
56.544345,0.014668691,-2.000000,2
56.557935,0.013901701,-2.000000,2
56.571850,0.014572817,-2.000000,2
56.585285,0.013997575,-2.000000,2
56.599825,0.014093448,-2.000000,2
56.613343,0.014668691,-2.000000,2
56.627499,0.014285196,-2.000000,2
56.641142,0.014572817,-2.000000,2
56.654930,0.014476944,-2.000000,2
56.668760,0.014285196,-2.000000,2
56.682440,0.014093448,-2.000000,2
56.696276,0.013709953,-2.000000,2
56.710131,0.014476944,-2.000000,2
56.723751,0.013997575,-2.000000,2
56.737830,0.013709953,-2.000000,2
56.751372,0.014189322,-2.000000,2
56.765650,0.013997575,-2.000000,2
56.778951,0.014093448,-2.000000,2
56.792706,0.014381070,-2.000000,2
56.806484,0.013901701,-2.000000,2
56.820868,0.014764565,-2.000000,2
56.834403,0.014093448,-2.000000,2
56.848189,0.014189322,-2.000000,2
56.862467,0.014476944,-2.000000,2
56.875994,0.013709953,-2.000000,2
56.890188,0.014381070,-2.000000,2
56.903613,0.013901701,-2.000000,2
56.917739,0.013805827,-2.000000,2
56.931041,0.013614079,-2.000000,2
56.945045,0.014476944,-2.000000,2
56.958713,0.014381070,-2.000000,2
56.972238,0.014476944,-2.000000,2
56.986093,0.014476944,-2.000000,2
56.999675,0.014476944,-2.000000,2
57.013098,0.014381070,-2.000000,2
57.026628,0.014476944,-2.000000,2
57.039966,0.014381070,-2.000000,2
57.053792,0.014860439,-2.000000,2
57.067210,0.014093448,-2.000000,2
57.081598,0.013997575,-2.000000,2
57.095527,0.014093448,-2.000000,2
57.109122,0.013518206,-2.000000,2
57.122658,0.014189322,-2.000000,2
57.136742,0.014093448,-2.000000,2
57.150448,0.014381070,-2.000000,2
57.164213,0.014285196,-2.000000,2
57.177827,0.014285196,-2.000000,2
57.192003,0.014381070,-2.000000,2
57.205547,0.013997575,-2.000000,2
57.219193,0.014956313,-2.000000,2
57.232742,0.014189322,-2.000000,2
57.246769,0.014476944,-2.000000,2
57.260602,0.013518206,-2.000000,2
57.274310,0.014572817,-2.000000,2
57.288049,0.014381070,-2.000000,2
57.302756,0.014764565,-2.000000,2
57.316450,0.015052186,-2.000000,2
57.330276,0.013614079,-2.000000,2
57.343958,0.013997575,-2.000000,2
57.357828,0.014189322,-2.000000,2
57.371573,0.014476944,-2.000000,2
57.385161,0.013997575,-2.000000,2
57.399002,0.014668691,-2.000000,2
57.412597,0.014860439,-2.000000,2
57.426430,0.014093448,-2.000000,2
57.440537,0.014093448,-2.000000,2
57.454222,0.014572817,-2.000000,2
57.468069,0.014476944,-2.000000,2
57.482123,0.014093448,-2.000000,2
57.495700,0.013901701,-2.000000,2
57.509337,0.013614079,-2.000000,2
57.523455,0.013901701,-2.000000,2
57.537150,0.014285196,-2.000000,2
57.550644,0.013709953,-2.000000,2
57.564928,0.014956313,-2.000000,2
57.578240,0.015052186,-2.000000,2
57.591832,0.014285196,-2.000000,2
57.605973,0.014860439,-2.000000,2
57.619361,0.014764565,-2.000000,2
57.633051,0.014668691,-2.000000,2
57.646518,0.015148060,-2.000000,2
57.660604,0.014093448,-2.000000,2
57.674272,0.014381070,-2.000000,2
57.688071,0.014764565,-2.000000,2
57.701866,0.014956313,-2.000000,2
57.715288,0.014285196,-2.000000,2
57.729127,0.014572817,-2.000000,2
57.742609,0.015052186,-2.000000,2
57.756480,0.014285196,-2.000000,2
57.770055,0.014093448,-2.000000,2
57.783522,0.014476944,-2.000000,2
57.797185,0.014093448,-2.000000,2
57.810555,0.014476944,-2.000000,2
57.824174,0.014093448,-2.000000,2
57.837633,0.013997575,-2.000000,2
57.851356,0.014476944,-2.000000,2
57.865006,0.014860439,-2.000000,2
57.878894,0.013997575,-2.000000,2
57.893171,0.013997575,-2.000000,2
57.906458,0.014189322,-2.000000,2
57.920409,0.014764565,-2.000000,2
57.934435,0.013805827,-2.000000,2
57.948152,0.014093448,-2.000000,2
57.962229,0.014668691,-2.000000,2
57.976256,0.013230584,-2.000000,2
57.990008,0.013709953,-2.000000,2
58.003919,0.014572817,-2.000000,2
58.017340,0.014189322,-2.000000,2
58.031461,0.014476944,-2.000000,2
58.044926,0.014189322,-2.000000,2
58.058639,0.014572817,-2.000000,2
58.072615,0.014668691,-2.000000,2
58.086348,0.014764565,-2.000000,2
58.099894,0.015148060,-2.000000,2
58.114033,0.013614079,-2.000000,2
58.127402,0.014381070,-2.000000,2
58.141306,0.014093448,-2.000000,2
58.154953,0.014189322,-2.000000,2
58.168981,0.014381070,-2.000000,2
58.182971,0.015052186,-2.000000,2
58.196362,0.015148060,-2.000000,2
58.209808,0.013709953,-2.000000,2
58.223270,0.013901701,-2.000000,2
58.236368,0.014668691,-2.000000,2
58.250320,0.014476944,-2.000000,2
58.263659,0.014476944,-2.000000,2
58.277668,0.014860439,-2.000000,2
58.291848,0.014476944,-2.000000,2
58.306772,0.014860439,-2.000000,2
58.320360,0.014668691,-2.000000,2
58.333881,0.014093448,-2.000000,2
58.347903,0.014093448,-2.000000,2
58.361658,0.013901701,-2.000000,2
58.375443,0.014285196,-2.000000,2
58.389102,0.014381070,-2.000000,2
58.402694,0.014860439,-2.000000,2
58.416233,0.014381070,-2.000000,2
58.430462,0.014093448,-2.000000,2
58.444052,0.014381070,-2.000000,2
58.458907,0.014764565,-2.000000,2
58.472303,0.014189322,-2.000000,2
58.486287,0.014572817,-2.000000,2
58.500193,0.014285196,-2.000000,2
58.514584,0.014285196,-2.000000,2
58.528297,0.014476944,-2.000000,2
58.541834,0.014956313,-2.000000,2
58.555128,0.015148060,-2.000000,2
58.568800,0.014381070,-2.000000,2
58.582750,0.014476944,-2.000000,2
58.596689,0.014093448,-2.000000,2
58.610070,0.014476944,-2.000000,2
58.624030,0.014572817,-2.000000,2
58.637405,0.014285196,-2.000000,2
58.651551,0.014476944,-2.000000,2
58.665600,0.014860439,-2.000000,2
58.679035,0.014572817,-2.000000,2
58.692842,0.014476944,-2.000000,2
58.706804,0.013709953,-2.000000,2
58.720312,0.014572817,-2.000000,2
58.734055,0.014285196,-2.000000,2
58.747757,0.014764565,-2.000000,2
58.761841,0.014764565,-2.000000,2
58.775504,0.014860439,-2.000000,2
58.789966,0.014189322,-2.000000,2
58.803448,0.014572817,-2.000000,2
58.817123,0.014956313,-2.000000,2
58.830616,0.014764565,-2.000000,2
58.844131,0.014285196,-2.000000,2
58.857783,0.014764565,-2.000000,2
58.871490,0.013805827,-2.000000,2
58.884890,0.013901701,-2.000000,2
58.898594,0.014668691,-2.000000,2
58.912338,0.014476944,-2.000000,2
58.925906,0.014572817,-2.000000,2
58.939802,0.013901701,-2.000000,2
58.953851,0.014381070,-2.000000,2
58.967668,0.014668691,-2.000000,2
58.981127,0.014476944,-2.000000,2
58.994685,0.014572817,-2.000000,2
59.008520,0.015148060,-2.000000,2
59.021840,0.014381070,-2.000000,2
59.035308,0.014860439,-2.000000,2
59.048811,0.014668691,-2.000000,2
59.062716,0.014189322,-2.000000,2
59.076180,0.013805827,-2.000000,2
59.090032,0.014476944,-2.000000,2
59.103401,0.013997575,-2.000000,2
59.116885,0.014764565,-2.000000,2
59.130620,0.014668691,-2.000000,2
59.144128,0.015148060,-2.000000,2
59.158046,0.014476944,-2.000000,2
59.171440,0.014381070,-2.000000,2
59.185078,0.014956313,-1.996000,2
59.199188,0.015531555,-1.992000,2
59.212913,0.015052186,-1.988000,2
59.226405,0.014668691,-1.984000,2
59.240165,0.014476944,-1.980000,2
59.253920,0.013709953,-1.976000,2
59.267412,0.014476944,-1.972000,2
59.281542,0.014093448,-1.968000,2
59.294940,0.014860439,-1.964000,2
59.308610,0.014668691,-1.960000,2
59.321937,0.014956313,-1.956000,2
59.335956,0.014285196,-1.952000,2
59.349246,0.014093448,-1.948000,2
59.362935,0.014476944,-1.944000,2
59.377160,0.014572817,-1.940000,2
59.391125,0.014285196,-1.936000,2
59.404966,0.014381070,-1.932000,2
59.419024,0.015052186,-1.928000,2
59.432276,0.014572817,-1.924000,2
59.445255,0.014476944,-1.920000,2
59.458117,0.014476944,-1.916000,2
59.471361,0.014189322,-1.912000,2
59.485020,0.015435682,-1.908000,2
59.498675,0.014285196,-1.904000,2
59.512022,0.014572817,-1.900000,2
59.525877,0.013805827,-1.896000,2
59.538800,0.014285196,-1.892000,2
59.552466,0.014381070,-1.888000,2
59.566442,0.013997575,-1.884000,2
59.580046,0.014285196,-1.880000,2
59.593892,0.013805827,-1.876000,2
59.607458,0.014189322,-1.872000,2
59.621151,0.014572817,-1.868000,2
59.634891,0.014764565,-1.864000,2
59.648359,0.014764565,-1.860000,2
59.662485,0.014189322,-1.856000,2
59.676444,0.014285196,-1.852000,2
59.689914,0.014189322,-1.848000,2
59.703403,0.014764565,-1.844000,2
59.717255,0.014956313,-1.840000,2
59.730907,0.015148060,-1.836000,2
59.744633,0.014572817,-1.832000,2
59.758755,0.014572817,-1.828000,2
59.772524,0.014572817,-1.824000,2
59.785913,0.014572817,-1.820000,2
59.799624,0.014572817,-1.816000,2
59.813030,0.013997575,-1.812000,2
59.826765,0.014764565,-1.808000,2
59.840317,0.014572817,-1.804000,2
59.854045,0.014572817,-1.800000,2
59.867540,0.014860439,-1.796000,2
59.881151,0.014285196,-1.792000,2
59.894652,0.013805827,-1.788000,2
59.908991,0.015627429,-1.784000,2
59.922794,0.014668691,-1.780000,2
59.936330,0.014956313,-1.776000,2
59.950570,0.014476944,-1.772000,2
59.963970,0.015148060,-1.768000,2
59.977659,0.014956313,-1.764000,2
59.991515,0.015148060,-1.760000,2
60.004745,0.014668691,-1.756000,2
60.018260,0.015052186,-1.752000,2
60.031724,0.015819177,-1.748000,2
60.045714,0.015052186,-1.744000,2
60.058956,0.014381070,-1.740000,2
60.072671,0.014189322,-1.736000,2
60.086387,0.015243934,-1.732000,2
60.099904,0.015339808,-1.728000,2
60.114534,0.015052186,-1.724000,2
60.128211,0.016010924,-1.720000,2
60.141938,0.016106798,-1.716000,2
60.155719,0.014956313,-1.712000,2
60.169721,0.015339808,-1.708000,2
60.182896,0.014956313,-1.704000,2
60.196822,0.014572817,-1.700000,2
60.210731,0.014860439,-1.696000,2
60.224968,0.014956313,-1.692000,2
60.238497,0.014860439,-1.688000,2
60.252345,0.015052186,-1.684000,2
60.266676,0.014668691,-1.680000,2
60.280231,0.015052186,-1.676000,2
60.293750,0.014860439,-1.672000,2
60.308094,0.015052186,-1.668000,2
60.321460,0.015148060,-1.664000,2
60.335299,0.015435682,-1.660000,2
60.349205,0.014668691,-1.656000,2
60.362681,0.014956313,-1.652000,2
60.376413,0.014668691,-1.648000,2
60.389942,0.014189322,-1.644000,2
60.403891,0.014476944,-1.640000,2
60.417907,0.015627429,-1.636000,2
60.431769,0.015339808,-1.632000,2
60.445208,0.015243934,-1.628000,2
60.459257,0.014860439,-1.624000,2
60.472551,0.015339808,-1.620000,2
60.486434,0.015531555,-1.616000,2
60.499786,0.015148060,-1.612000,2
60.513849,0.014860439,-1.608000,2
60.527306,0.014956313,-1.604000,2
60.541027,0.014956313,-1.600000,2
60.554307,0.015052186,-1.596000,2
60.567559,0.015531555,-1.592000,2
60.580315,0.014764565,-1.588000,2
60.594340,0.015915051,-1.584000,2
60.607841,0.014956313,-1.580000,2
60.621304,0.014764565,-1.576000,2
60.635136,0.015339808,-1.572000,2
60.648265,0.015243934,-1.568000,2
60.661960,0.015435682,-1.564000,2
60.675336,0.015148060,-1.560000,2
60.689288,0.015627429,-1.556000,2
60.702569,0.014572817,-1.552000,2
60.716303,0.014572817,-1.548000,2
60.730092,0.015435682,-1.544000,2
60.744133,0.015339808,-1.540000,2
60.757992,0.014764565,-1.536000,2
60.772518,0.014860439,-1.532000,2
60.786240,0.015148060,-1.528000,2
60.800055,0.015148060,-1.524000,2
60.813808,0.014572817,-1.520000,2
60.827470,0.015052186,-1.516000,2
60.841773,0.014860439,-1.512000,2
60.855149,0.014572817,-1.508000,2
60.869011,0.015148060,-1.504000,2
60.882778,0.014956313,-1.500000,2
60.896470,0.015052186,-1.496000,2
60.909965,0.015243934,-1.492000,2
60.924242,0.015723303,-1.488000,2
60.937721,0.015339808,-1.484000,2
60.951412,0.015243934,-1.480000,2
60.965213,0.015435682,-1.476000,2
60.978992,0.014572817,-1.472000,2
60.992499,0.015627429,-1.468000,2
61.006074,0.015243934,-1.464000,2
61.020204,0.015435682,-1.460000,2
61.033877,0.015435682,-1.456000,2
61.047570,0.014956313,-1.452000,2
61.061603,0.015531555,-1.448000,2
61.075355,0.014572817,-1.444000,2
61.089015,0.015435682,-1.440000,2
61.102925,0.015531555,-1.436000,2
61.116439,0.015435682,-1.432000,2
61.130793,0.015435682,-1.428000,2
61.144147,0.015435682,-1.424000,2
61.158051,0.015339808,-1.420000,2
61.171820,0.015339808,-1.416000,2
61.185255,0.015243934,-1.412000,2
61.198993,0.015148060,-1.408000,2
61.213491,0.015243934,-1.404000,2
61.227217,0.014764565,-1.400000,2
61.241735,0.014860439,-1.396000,2
61.255097,0.014956313,-1.392000,2
61.269053,0.015819177,-1.388000,2
61.282572,0.015531555,-1.384000,2
61.296859,0.015627429,-1.380000,2
61.310086,0.014764565,-1.376000,2
61.323698,0.014860439,-1.372000,2
61.338027,0.014572817,-1.368000,2
61.352000,0.015052186,-1.364000,2
61.365909,0.015243934,-1.360000,2
61.379614,0.014956313,-1.356000,2
61.393595,0.014860439,-1.352000,2
61.407076,0.015243934,-1.348000,2
61.421221,0.015243934,-1.344000,2
61.434680,0.015915051,-1.340000,2
61.448016,0.015243934,-1.336000,2
61.462041,0.015148060,-1.332000,2
61.475753,0.015339808,-1.328000,2
61.490049,0.015052186,-1.324000,2
61.503814,0.015339808,-1.320000,2
61.517067,0.014956313,-1.316000,2
61.530924,0.014860439,-1.312000,2
61.544375,0.014668691,-1.308000,2
61.558409,0.014668691,-1.304000,2
61.571763,0.015052186,-1.300000,2
61.585197,0.015339808,-1.296000,2
61.599011,0.015148060,-1.292000,2
61.612276,0.014572817,-1.288000,2
61.625782,0.014572817,-1.284000,2
61.639858,0.014860439,-1.280000,2
61.653862,0.015243934,-1.276000,2
61.667552,0.015243934,-1.272000,2
61.681208,0.014764565,-1.268000,2
61.694813,0.015243934,-1.264000,2
61.708588,0.014956313,-1.260000,2
61.722589,0.014668691,-1.256000,2
61.736334,0.015148060,-1.252000,2
61.750154,0.014860439,-1.248000,2
61.764081,0.014381070,-1.244000,2
61.777749,0.015148060,-1.240000,2
61.791138,0.014860439,-1.236000,2
61.805084,0.015052186,-1.232000,2
61.818412,0.014189322,-1.228000,2
61.832737,0.014860439,-1.224000,2
61.846261,0.015052186,-1.220000,2
61.859943,0.014956313,-1.216000,2
61.873673,0.014285196,-1.212000,2
61.887153,0.014381070,-1.208000,2
61.901194,0.014860439,-1.204000,2
61.914391,0.014476944,-1.200000,2
61.928473,0.015148060,-1.196000,2
61.942167,0.014572817,-1.192000,2
61.956248,0.014764565,-1.188000,2
61.970638,0.015243934,-1.184000,2
61.984125,0.014956313,-1.180000,2
61.998306,0.014956313,-1.176000,2
62.012358,0.015339808,-1.172000,2
62.025724,0.014764565,-1.168000,2
62.039415,0.015052186,-1.164000,2
62.053197,0.014668691,-1.160000,2
62.067047,0.014381070,-1.156000,2
62.081521,0.014764565,-1.152000,2
62.095156,0.014285196,-1.148000,2
62.108992,0.015052186,-1.144000,2
62.122343,0.014764565,-1.140000,2
62.135838,0.015052186,-1.136000,2
62.150167,0.014668691,-1.132000,2
62.163777,0.015052186,-1.128000,2
62.177207,0.014764565,-1.124000,2
62.191412,0.014764565,-1.120000,2
62.204820,0.014476944,-1.116000,2
62.218822,0.015052186,-1.112000,2
62.232313,0.014956313,-1.108000,2
62.245904,0.014956313,-1.104000,2
62.260225,0.014860439,-1.100000,2
62.273544,0.015052186,-1.096000,2
62.287591,0.014764565,-1.092000,2
62.300969,0.013997575,-1.088000,2
62.315220,0.013997575,-1.084000,2
62.328725,0.014668691,-1.080000,2
62.342755,0.014572817,-1.076000,2
62.356576,0.014476944,-1.072000,2
62.370309,0.014668691,-1.068000,2
62.384061,0.014572817,-1.064000,2
62.398418,0.014668691,-1.060000,2
62.412126,0.014764565,-1.056000,2
62.425863,0.015148060,-1.052000,2
62.440088,0.014093448,-1.048000,2
62.453224,0.014285196,-1.044000,2
62.467594,0.014189322,-1.040000,2
62.481131,0.014285196,-1.036000,2
62.494932,0.014476944,-1.032000,2
62.508474,0.014381070,-1.028000,2
62.522599,0.014285196,-1.024000,2
62.536726,0.014572817,-1.020000,2
62.549993,0.015243934,-1.016000,2
62.563717,0.014476944,-1.012000,2
62.577503,0.014668691,-1.008000,2
62.591136,0.014476944,-1.004000,2
62.604755,0.014860439,-1.000000,2
62.618495,0.014381070,-0.996000,2
62.632295,0.014189322,-0.992000,2
62.646350,0.013805827,-0.988000,2
62.659726,0.013901701,-0.984000,2
62.673220,0.014476944,-0.980000,2
62.687288,0.013997575,-0.976000,2
62.700785,0.014285196,-0.972000,2
62.714897,0.014285196,-0.968000,2
62.728619,0.014668691,-0.964000,2
62.742316,0.014285196,-0.960000,2
62.756850,0.014381070,-0.956000,2
62.770175,0.014189322,-0.952000,2
62.783676,0.014285196,-0.948000,2
62.798356,0.014668691,-0.944000,2
62.811701,0.014476944,-0.940000,2
62.825403,0.014572817,-0.936000,2
62.839191,0.014668691,-0.932000,2
62.852995,0.014381070,-0.928000,2
62.866934,0.014381070,-0.924000,2
62.880412,0.014189322,-0.920000,2
62.893934,0.013997575,-0.916000,2
62.907927,0.013997575,-0.912000,2
62.921408,0.013997575,-0.908000,2
62.935081,0.014285196,-0.904000,2
62.949228,0.014668691,-0.900000,2
62.962666,0.014476944,-0.896000,2
62.976643,0.014572817,-0.892000,2
62.990338,0.014381070,-0.888000,2
63.003856,0.014764565,-0.884000,2
63.016983,0.014381070,-0.880000,2
63.031088,0.014093448,-0.876000,2
63.044685,0.014381070,-0.872000,2
63.058414,0.014189322,-0.868000,2
63.071938,0.014476944,-0.864000,2
63.085729,0.014668691,-0.860000,2
63.099129,0.013805827,-0.856000,2
63.112644,0.013709953,-0.852000,2
63.126285,0.013997575,-0.848000,2
63.139579,0.014572817,-0.844000,2
63.154401,0.014285196,-0.840000,2
63.168227,0.013997575,-0.836000,2
63.181926,0.014093448,-0.832000,2
63.195781,0.013901701,-0.828000,2
63.209543,0.013805827,-0.824000,2
63.223007,0.014476944,-0.820000,2
63.236649,0.013997575,-0.816000,2
63.250319,0.014093448,-0.812000,2
63.264494,0.013901701,-0.808000,2
63.278022,0.014189322,-0.804000,2
63.291468,0.013805827,-0.800000,2
63.304967,0.014381070,-0.796000,2
63.319032,0.014189322,-0.792000,2
63.332693,0.014381070,-0.788000,2
63.346802,0.014093448,-0.784000,2
63.360490,0.014285196,-0.780000,2
63.374439,0.014285196,-0.776000,2
63.388906,0.014189322,-0.772000,2
63.402294,0.013901701,-0.768000,2
63.415766,0.013614079,-0.764000,2
63.428917,0.013709953,-0.760000,2
63.442885,0.013518206,-0.756000,2
63.456415,0.014285196,-0.752000,2
63.469874,0.013518206,-0.748000,2
63.483788,0.014189322,-0.744000,2
63.497775,0.014093448,-0.740000,2
63.511306,0.013518206,-0.736000,2
63.524764,0.014093448,-0.732000,2
63.538609,0.014093448,-0.728000,2
63.552430,0.013805827,-0.724000,2
63.565765,0.013614079,-0.720000,2
63.579903,0.013709953,-0.716000,2
63.593041,0.014285196,-0.712000,2
63.606766,0.013997575,-0.708000,2
63.620199,0.013901701,-0.704000,2
63.634251,0.013709953,-0.700000,2
63.648335,0.013805827,-0.696000,2
63.662357,0.013997575,-0.692000,2
63.676226,0.014476944,-0.688000,2
63.689685,0.013614079,-0.684000,2
63.703736,0.013230584,-0.680000,2
63.717119,0.013805827,-0.676000,2
63.730883,0.013805827,-0.672000,2
63.745535,0.014093448,-0.668000,2
63.758846,0.013614079,-0.664000,2
63.772787,0.013614079,-0.660000,2
63.786777,0.014285196,-0.656000,2
63.800999,0.013709953,-0.652000,2
63.814734,0.013230584,-0.648000,2
63.828404,0.013614079,-0.644000,2
63.842486,0.013901701,-0.640000,2
63.855847,0.014093448,-0.636000,2
63.870412,0.013422332,-0.632000,2
63.884298,0.013134710,-0.628000,2
63.897938,0.013997575,-0.624000,2
63.912213,0.013614079,-0.620000,2
63.925573,0.013901701,-0.616000,2
63.939391,0.013518206,-0.612000,2
63.953586,0.013997575,-0.608000,2
63.966897,0.014285196,-0.604000,2
63.980632,0.014572817,-0.600000,2
63.994646,0.014381070,-0.596000,2
64.008462,0.013709953,-0.592000,2
64.022599,0.014381070,-0.588000,2
64.036586,0.013901701,-0.584000,2
64.050160,0.013134710,-0.580000,2
64.063863,0.014093448,-0.576000,2
64.078266,0.013709953,-0.572000,2
64.092151,0.013614079,-0.568000,2
64.106051,0.013614079,-0.564000,2
64.120359,0.013326458,-0.560000,2
64.134149,0.013901701,-0.556000,2
64.148129,0.013518206,-0.552000,2
64.161816,0.013614079,-0.548000,2
64.175337,0.013518206,-0.544000,2
64.189710,0.013805827,-0.540000,2
64.203188,0.013518206,-0.536000,2
64.216698,0.013901701,-0.532000,2
64.230654,0.013997575,-0.528000,2
64.244428,0.013709953,-0.524000,2
64.258315,0.013422332,-0.520000,2
64.272020,0.013518206,-0.516000,2
64.285794,0.013614079,-0.512000,2
64.299465,0.013134710,-0.508000,2
64.313128,0.013422332,-0.504000,2
64.327197,0.013422332,-0.500000,2
64.340664,0.012942963,-0.496000,2
64.354364,0.013614079,-0.492000,2
64.367969,0.013326458,-0.488000,2
64.381960,0.013038837,-0.484000,2
64.395374,0.012942963,-0.480000,2
64.409720,0.013614079,-0.476000,2
64.423768,0.013230584,-0.472000,2
64.437048,0.013326458,-0.468000,2
64.450075,0.013709953,-0.464000,2
64.463201,0.013134710,-0.460000,2
64.476227,0.013230584,-0.456000,2
64.489803,0.012847089,-0.452000,2
64.503052,0.012942963,-0.448000,2
64.516569,0.013422332,-0.444000,2
64.529620,0.013422332,-0.440000,2
64.543638,0.013230584,-0.436000,2
64.556909,0.012751215,-0.432000,2
64.570291,0.012271846,-0.428000,2
64.585491,0.013709953,-0.424000,2
64.599174,0.013134710,-0.420000,2
64.612986,0.013614079,-0.416000,2
64.626930,0.013134710,-0.412000,2
64.640460,0.013230584,-0.408000,2
64.654210,0.013230584,-0.404000,2
64.667798,0.013326458,-0.400000,2
64.681298,0.013326458,-0.396000,2
64.695458,0.013038837,-0.392000,2
64.709391,0.012942963,-0.388000,2
64.723257,0.013326458,-0.384000,2
64.737564,0.013518206,-0.380000,2
64.751073,0.013038837,-0.376000,2
64.764853,0.013326458,-0.372000,2
64.779230,0.012559468,-0.368000,2
64.792557,0.012942963,-0.364000,2
64.806278,0.013326458,-0.360000,2
64.819828,0.012942963,-0.356000,2
64.834083,0.013518206,-0.352000,2
64.847422,0.013134710,-0.348000,2
64.861284,0.012942963,-0.344000,2
64.875048,0.012942963,-0.340000,2
64.888739,0.012847089,-0.336000,2
64.902520,0.013230584,-0.332000,2
64.916188,0.012655342,-0.328000,2
64.929559,0.012942963,-0.324000,2
64.944334,0.013230584,-0.320000,2
64.957880,0.013230584,-0.316000,2
64.972102,0.012559468,-0.312000,2
64.986051,0.012559468,-0.308000,2
65.000356,0.012463594,-0.304000,2
65.014412,0.012655342,-0.300000,2
65.028324,0.012367720,-0.296000,2
65.042007,0.013038837,-0.292000,2
65.056427,0.012942963,-0.288000,2
65.070439,0.013326458,-0.284000,2
65.084237,0.012847089,-0.280000,2
65.097994,0.013038837,-0.276000,2
65.111787,0.012367720,-0.272000,2
65.125482,0.013134710,-0.268000,2
65.139171,0.012559468,-0.264000,2
65.152778,0.012751215,-0.260000,2
65.166947,0.013422332,-0.256000,2
65.180540,0.012655342,-0.252000,2
65.194245,0.013038837,-0.248000,2
65.207744,0.012463594,-0.244000,2
65.221781,0.012751215,-0.240000,2
65.235255,0.012751215,-0.236000,2
65.248976,0.012655342,-0.232000,2
65.262610,0.012942963,-0.228000,2
65.276143,0.012463594,-0.224000,2
65.290829,0.012847089,-0.220000,2
65.304713,0.012175973,-0.216000,2
65.318203,0.012655342,-0.212000,2
65.331751,0.012367720,-0.208000,2
65.345984,0.013038837,-0.204000,2
65.359614,0.012559468,-0.200000,2
65.373632,0.012751215,-0.196000,2
65.387344,0.012175973,-0.192000,2
65.401140,0.012463594,-0.188000,2
65.415567,0.012751215,-0.184000,2
65.428883,0.012367720,-0.180000,2
65.442455,0.011888351,-0.176000,2
65.456356,0.012175973,-0.172000,2
65.469907,0.012175973,-0.168000,2
65.483388,0.012271846,-0.164000,2
65.497253,0.012080099,-0.160000,2
65.511030,0.011984225,-0.156000,2
65.524515,0.012271846,-0.152000,2
65.538705,0.012175973,-0.148000,2
65.552293,0.011984225,-0.144000,2
65.565631,0.011984225,-0.140000,2
65.578718,0.011504856,-0.136000,2
65.593145,0.011504856,-0.132000,2
65.606238,0.012367720,-0.128000,2
65.619728,0.011888351,-0.124000,2
65.633962,0.012175973,-0.120000,2
65.647494,0.011888351,-0.116000,2
65.661528,0.011600730,-0.112000,2
65.675257,0.011408982,-0.108000,2
65.689040,0.011408982,-0.104000,2
65.703380,0.012080099,-0.100000,2
65.716865,0.011984225,-0.096000,2
65.730547,0.011888351,-0.092000,2
65.744614,0.011888351,-0.088000,2
65.758666,0.011888351,-0.084000,2
65.772355,0.011888351,-0.080000,2
65.786038,0.011121361,-0.076000,2
65.800408,0.011600730,-0.072000,2
65.814663,0.011600730,-0.068000,2
65.828565,0.011504856,-0.064000,2
65.842302,0.011600730,-0.060000,2
65.856355,0.011984225,-0.056000,2
65.870395,0.011696604,-0.052000,2
65.884280,0.011504856,-0.048000,2
65.898270,0.011600730,-0.044000,2
65.912310,0.011408982,-0.040000,2
65.926183,0.012463594,-0.036000,2
65.939573,0.011408982,-0.032000,2
65.953413,0.011504856,-0.028000,2
65.966824,0.011504856,-0.024000,2
65.980394,0.011313108,-0.020000,2
65.994437,0.011504856,-0.016000,2
66.008190,0.011600730,-0.012000,2
66.021726,0.011408982,-0.008000,2
66.035421,0.011696604,-0.004000,2
66.048705,0.011600730,0.000000,2
66.062683,0.011696604,0.000000,3
66.076253,0.011408982,0.004000,3
66.089854,0.011121361,0.008000,3
66.103382,0.011504856,0.012000,3
66.116819,0.011696604,0.016000,3
66.130736,0.011408982,0.020000,3
66.144311,0.011888351,0.024000,3
66.157764,0.011504856,0.028000,3
66.171335,0.011888351,0.032000,3
66.185230,0.010833739,0.036000,3
66.198400,0.011504856,0.040000,3
66.212182,0.011217235,0.044000,3
66.226097,0.011121361,0.048000,3
66.239642,0.011984225,0.052000,3
66.253281,0.011504856,0.056000,3
66.267156,0.012175973,0.060000,3
66.281090,0.011313108,0.064000,3
66.294801,0.011121361,0.068000,3
66.308331,0.011504856,0.072000,3
66.322085,0.011504856,0.076000,3
66.335566,0.011600730,0.080000,3
66.349218,0.011313108,0.084000,3
66.362773,0.011313108,0.088000,3
66.376980,0.011504856,0.092000,3
66.390154,0.010546118,0.096000,3
66.403837,0.010737866,0.100000,3
66.417690,0.011217235,0.104000,3
66.430990,0.011121361,0.108000,3
66.445243,0.011313108,0.112000,3
66.458461,0.010929613,0.116000,3
66.472646,0.011217235,0.120000,3
66.485991,0.011313108,0.124000,3
66.499717,0.011408982,0.128000,3
66.513273,0.011121361,0.132000,3
66.527263,0.011217235,0.136000,3
66.541496,0.011217235,0.140000,3
66.555149,0.010833739,0.144000,3
66.568846,0.010737866,0.148000,3
66.582786,0.010546118,0.152000,3
66.597174,0.010641992,0.156000,3
66.610778,0.010641992,0.160000,3
66.624593,0.009970875,0.164000,3
66.638930,0.010258497,0.168000,3
66.652620,0.010929613,0.172000,3
66.666269,0.009491506,0.176000,3
66.680007,0.010066749,0.180000,3
66.693495,0.010258497,0.184000,3
66.706989,0.010066749,0.188000,3
66.721021,0.010066749,0.192000,3
66.734333,0.010066749,0.196000,3
66.748033,0.010450244,0.200000,3
66.761811,0.010546118,0.204000,3
66.775768,0.009779128,0.208000,3
66.789290,0.010258497,0.212000,3
66.803714,0.010258497,0.216000,3
66.817175,0.010162623,0.220000,3
66.830932,0.010258497,0.224000,3
66.845263,0.010258497,0.228000,3
66.858747,0.009970875,0.232000,3
66.872448,0.009875001,0.236000,3
66.886129,0.009683254,0.240000,3
66.899731,0.009587380,0.244000,3
66.913373,0.009683254,0.248000,3
66.927466,0.009779128,0.252000,3
66.942272,0.009587380,0.256000,3
66.955928,0.009779128,0.260000,3
66.969543,0.009587380,0.264000,3
66.983607,0.009395632,0.268000,3
66.997111,0.009779128,0.272000,3
67.010778,0.009299759,0.276000,3
67.024897,0.009299759,0.280000,3
67.038378,0.009875001,0.284000,3
67.052518,0.009299759,0.288000,3
67.066392,0.009683254,0.292000,3
67.079888,0.009203885,0.296000,3
67.093708,0.009203885,0.300000,3
67.107174,0.009299759,0.304000,3
67.120856,0.009108011,0.308000,3
67.134979,0.009108011,0.312000,3
67.148708,0.009203885,0.316000,3
67.161999,0.009491506,0.320000,3
67.176120,0.009683254,0.324000,3
67.189477,0.008820390,0.328000,3
67.203479,0.009683254,0.332000,3
67.217418,0.009203885,0.336000,3
67.231152,0.009299759,0.340000,3
67.244935,0.009203885,0.344000,3
67.258948,0.009875001,0.348000,3
67.272469,0.009299759,0.352000,3
67.286051,0.008820390,0.356000,3
67.300106,0.008820390,0.360000,3
67.313594,0.008916263,0.364000,3
67.327116,0.009108011,0.368000,3
67.341721,0.009012137,0.372000,3
67.355178,0.008532768,0.376000,3
67.368660,0.008628642,0.380000,3
67.382598,0.008149273,0.384000,3
67.396153,0.008820390,0.388000,3
67.409741,0.007669904,0.392000,3
67.423358,0.008341021,0.396000,3
67.437294,0.008053399,0.400000,3
67.450587,0.008149273,0.404000,3
67.464037,0.007861652,0.408000,3
67.477880,0.007765778,0.412000,3
67.491623,0.007286409,0.416000,3
67.505146,0.007478156,0.420000,3
67.518927,0.007094661,0.424000,3
67.533015,0.007382283,0.428000,3
67.546563,0.007286409,0.432000,3
67.560444,0.007478156,0.436000,3
67.574744,0.007765778,0.440000,3
67.588879,0.007382283,0.444000,3
67.602478,0.007478156,0.448000,3
67.616112,0.007094661,0.452000,3
67.630328,0.007286409,0.456000,3
67.643855,0.007286409,0.460000,3
67.657668,0.007669904,0.464000,3
67.670935,0.007574030,0.468000,3
67.684565,0.006998787,0.472000,3
67.698035,0.006711166,0.476000,3
67.712067,0.006998787,0.480000,3
67.725837,0.006807040,0.484000,3
67.740380,0.007286409,0.488000,3
67.753387,0.006615292,0.492000,3
67.767064,0.006711166,0.496000,3
67.780803,0.006615292,0.500000,3
67.794741,0.006807040,0.504000,3
67.808723,0.006998787,0.508000,3
67.822275,0.006998787,0.512000,3
67.836476,0.006615292,0.516000,3
67.850152,0.005944176,0.520000,3
67.863828,0.006519418,0.524000,3
67.878175,0.006615292,0.528000,3
67.891938,0.005752428,0.532000,3
67.905672,0.006423545,0.536000,3
67.919339,0.006135923,0.540000,3
67.933264,0.006327671,0.544000,3
67.946760,0.005560680,0.548000,3
67.960304,0.006327671,0.552000,3
67.975023,0.006040049,0.556000,3
67.988214,0.005656554,0.560000,3
68.002036,0.006231797,0.564000,3
68.015347,0.005944176,0.568000,3
68.029011,0.005752428,0.572000,3
68.042762,0.005656554,0.576000,3
68.056223,0.005848302,0.580000,3
68.070017,0.005752428,0.584000,3
68.083719,0.005848302,0.588000,3
68.097693,0.005656554,0.592000,3
68.111161,0.005464807,0.596000,3
68.124648,0.005464807,0.600000,3
68.139036,0.005560680,0.604000,3
68.152382,0.005368933,0.608000,3
68.166413,0.005464807,0.612000,3
68.180808,0.005656554,0.616000,3
68.194715,0.005273059,0.620000,3
68.208661,0.004889564,0.624000,3
68.222689,0.005368933,0.628000,3
68.236228,0.005081311,0.632000,3
68.250165,0.005273059,0.636000,3
68.264382,0.004889564,0.640000,3
68.278183,0.004793690,0.644000,3
68.291878,0.005081311,0.648000,3
68.306048,0.004985438,0.652000,3
68.320164,0.004793690,0.656000,3
68.333815,0.004314321,0.660000,3
68.347777,0.004218447,0.664000,3
68.362258,0.004218447,0.668000,3
68.375690,0.004218447,0.672000,3
68.389346,0.004889564,0.676000,3
68.404026,0.004601942,0.680000,3
68.417512,0.004697816,0.684000,3
68.431069,0.004506069,0.688000,3
68.444618,0.004506069,0.692000,3
68.458358,0.004985438,0.696000,3
68.472013,0.004410195,0.700000,3
68.485504,0.004601942,0.704000,3
68.499410,0.004410195,0.708000,3
68.512888,0.004697816,0.712000,3
68.526501,0.004601942,0.716000,3
68.539981,0.004601942,0.720000,3
68.553882,0.004122573,0.724000,3
68.567179,0.004985438,0.728000,3
68.581002,0.004793690,0.732000,3
68.594756,0.004985438,0.736000,3
68.608194,0.004314321,0.740000,3
68.622173,0.004793690,0.744000,3
68.635700,0.004889564,0.748000,3
68.649352,0.004314321,0.752000,3
68.663058,0.004793690,0.756000,3
68.676220,0.004122573,0.760000,3
68.689957,0.004122573,0.764000,3
68.703740,0.004601942,0.768000,3
68.717408,0.003930826,0.772000,3
68.730917,0.004506069,0.776000,3
68.744413,0.004314321,0.780000,3
68.758227,0.004889564,0.784000,3
68.771729,0.004314321,0.788000,3
68.785706,0.004793690,0.792000,3
68.799801,0.004793690,0.796000,3
68.814200,0.004793690,0.800000,3
68.827754,0.004601942,0.804000,3
68.841313,0.004410195,0.808000,3
68.855142,0.004218447,0.812000,3
68.868626,0.003930826,0.816000,3
68.882349,0.004122573,0.820000,3
68.895817,0.004410195,0.824000,3
68.910008,0.004506069,0.828000,3
68.924212,0.004601942,0.832000,3
68.937914,0.004314321,0.836000,3
68.951639,0.003739078,0.840000,3
68.965730,0.003930826,0.844000,3
68.978966,0.003834952,0.848000,3
68.992692,0.004506069,0.852000,3
69.006282,0.004314321,0.856000,3
69.019918,0.004026700,0.860000,3
69.032895,0.004601942,0.864000,3
69.046603,0.004697816,0.868000,3
69.060072,0.004410195,0.872000,3
69.073841,0.004506069,0.876000,3
69.087361,0.004122573,0.880000,3
69.100571,0.004314321,0.884000,3
69.114625,0.004410195,0.888000,3
69.127811,0.004314321,0.892000,3
69.141530,0.003930826,0.896000,3
69.154998,0.003930826,0.900000,3
69.169466,0.003834952,0.904000,3
69.182956,0.003834952,0.908000,3
69.196903,0.004410195,0.912000,3
69.210993,0.004026700,0.916000,3
69.224527,0.003930826,0.920000,3
69.238049,0.003739078,0.924000,3
69.251574,0.003930826,0.928000,3
69.265164,0.003547331,0.932000,3
69.278992,0.003834952,0.936000,3
69.293209,0.003547331,0.940000,3
69.306456,0.003547331,0.944000,3
69.320354,0.003163835,0.948000,3
69.334226,0.003163835,0.952000,3
69.347756,0.002876214,0.956000,3
69.361194,0.003163835,0.960000,3
69.374965,0.002876214,0.964000,3
69.388893,0.003163835,0.968000,3
69.402329,0.002588593,0.972000,3
69.416611,0.002492719,0.976000,3
69.430096,0.002300971,0.980000,3
69.443190,0.002492719,0.984000,3
69.455944,0.001821602,0.988000,3
69.468721,0.002013350,0.992000,3
69.481924,0.002684466,0.996000,3
69.495468,0.001533981,1.000000,3
69.508500,0.002300971,1.004000,3
69.522141,0.002109224,1.008000,3
69.535108,0.001629855,1.012000,3
69.548567,0.000862864,1.016000,3
69.562077,0.001150486,1.020000,3
69.575409,0.000766990,1.024000,3
69.589075,0.000191748,1.028000,3
69.603018,0.000191748,1.032000,3
69.616682,0.000191748,1.036000,3
69.630468,-0.000287621,1.040000,3
69.643810,-0.000766990,1.044000,3
69.657915,-0.001150486,1.048000,3
69.671474,-0.000479369,1.052000,3
69.685694,-0.001246359,1.056000,3
69.699781,-0.001629855,1.060000,3
69.712859,-0.001342233,1.064000,3
69.726607,-0.001533981,1.068000,3
69.739889,-0.001533981,1.072000,3
69.754595,-0.002013350,1.076000,3
69.768423,-0.002300971,1.080000,3
69.782437,-0.002588593,1.084000,3
69.796418,-0.002588593,1.088000,3
69.809992,-0.002780340,1.092000,3
69.824029,-0.002972088,1.096000,3
69.837322,-0.003163835,1.100000,3
69.851516,-0.002876214,1.104000,3
69.864788,-0.003643204,1.108000,3
69.878517,-0.003259709,1.112000,3
69.892141,-0.004122573,1.116000,3
69.906141,-0.004410195,1.120000,3
69.920174,-0.003930826,1.124000,3
69.934191,-0.004410195,1.128000,3
69.947898,-0.004506069,1.132000,3
69.961651,-0.004889564,1.136000,3
69.975374,-0.005177185,1.140000,3
69.988712,-0.006231797,1.144000,3
70.002538,-0.005752428,1.148000,3
70.016653,-0.005848302,1.152000,3
70.030386,-0.005848302,1.156000,3
70.044077,-0.006902914,1.160000,3
70.057307,-0.006327671,1.164000,3
70.071169,-0.006711166,1.168000,3
70.085165,-0.006902914,1.172000,3
70.098752,-0.007382283,1.176000,3
70.112600,-0.007382283,1.180000,3
70.126421,-0.006998787,1.184000,3
70.139726,-0.007669904,1.188000,3
70.153300,-0.007574030,1.192000,3
70.167564,-0.008436894,1.196000,3
70.181097,-0.007861652,1.200000,3
70.195101,-0.008245147,1.204000,3
70.208818,-0.008341021,1.208000,3
70.223069,-0.008245147,1.212000,3
70.236770,-0.008341021,1.216000,3
70.250563,-0.008724516,1.220000,3
70.264572,-0.008724516,1.224000,3
70.278326,-0.008916263,1.228000,3
70.292105,-0.009395632,1.232000,3
70.306129,-0.008916263,1.236000,3
70.319888,-0.009108011,1.240000,3
70.333787,-0.009683254,1.244000,3
70.347516,-0.009299759,1.248000,3
70.361228,-0.009779128,1.252000,3
70.375034,-0.009683254,1.256000,3
70.388861,-0.009395632,1.260000,3
70.402853,-0.009875001,1.264000,3
70.416224,-0.009491506,1.268000,3
70.429966,-0.009587380,1.272000,3
70.444090,-0.009395632,1.276000,3
70.458102,-0.009683254,1.280000,3
70.471143,-0.010066749,1.284000,3
70.484863,-0.010450244,1.288000,3
70.498795,-0.011121361,1.292000,3
70.512255,-0.011217235,1.296000,3
70.526126,-0.010354370,1.300000,3
70.540228,-0.011025487,1.304000,3
70.553627,-0.011408982,1.308000,3
70.567070,-0.011696604,1.312000,3
70.580096,-0.011504856,1.316000,3
70.594000,-0.011504856,1.320000,3
70.607366,-0.011313108,1.324000,3
70.620979,-0.012271846,1.328000,3
70.634721,-0.012080099,1.332000,3
70.648692,-0.012463594,1.336000,3
70.662559,-0.012463594,1.340000,3
70.676309,-0.012559468,1.344000,3
70.689788,-0.013230584,1.348000,3
70.703777,-0.013326458,1.352000,3
70.717656,-0.013422332,1.356000,3
70.731038,-0.012942963,1.360000,3
70.744730,-0.013422332,1.364000,3
70.758399,-0.013614079,1.368000,3
70.772234,-0.013422332,1.372000,3
70.786163,-0.014093448,1.376000,3
70.799699,-0.014093448,1.380000,3
70.814009,-0.014381070,1.384000,3
70.827270,-0.014285196,1.388000,3
70.841051,-0.013997575,1.392000,3
70.855165,-0.015052186,1.396000,3
70.868687,-0.014093448,1.400000,3
70.882547,-0.014668691,1.404000,3
70.896278,-0.014285196,1.408000,3
70.910020,-0.014668691,1.412000,3
70.924185,-0.014956313,1.416000,3
70.938142,-0.015148060,1.420000,3
70.952547,-0.015148060,1.424000,3
70.966569,-0.015052186,1.428000,3
70.980437,-0.015435682,1.432000,3
70.994097,-0.016010924,1.436000,3
71.008347,-0.015723303,1.440000,3
71.021676,-0.016490293,1.444000,3
71.035049,-0.016202672,1.448000,3
71.048995,-0.016682041,1.452000,3
71.062412,-0.016010924,1.456000,3
71.076714,-0.016202672,1.460000,3
71.090701,-0.016969662,1.464000,3
71.105852,-0.016202672,1.468000,3
71.119943,-0.016682041,1.472000,3
71.134039,-0.016682041,1.476000,3
71.147281,-0.016586167,1.480000,3
71.160996,-0.016777915,1.484000,3
71.174798,-0.017544905,1.488000,3
71.188215,-0.017544905,1.492000,3
71.202529,-0.017449031,1.496000,3
71.216004,-0.017640779,1.500000,3
71.229242,-0.017257284,1.504000,3
71.243682,-0.018120148,1.508000,3
71.257028,-0.018216022,1.512000,3
71.271193,-0.017832527,1.516000,3
71.284807,-0.017832527,1.520000,3
71.298384,-0.017736653,1.524000,3
71.312437,-0.018216022,1.528000,3
71.326135,-0.018887138,1.532000,3
71.340141,-0.018216022,1.536000,3
71.353501,-0.018887138,1.540000,3
71.367171,-0.018791265,1.544000,3
71.381131,-0.018695391,1.548000,3
71.394884,-0.018407769,1.552000,3
71.408396,-0.019174760,1.556000,3
71.422167,-0.019366507,1.560000,3
71.435456,-0.019654129,1.564000,3
71.449099,-0.019366507,1.568000,3
71.462533,-0.019366507,1.572000,3
71.476383,-0.020229372,1.576000,3
71.490169,-0.019750003,1.580000,3
71.503875,-0.019750003,1.584000,3
71.517703,-0.020037624,1.588000,3
71.531104,-0.019941750,1.592000,3
71.544850,-0.019654129,1.596000,3
71.558599,-0.020037624,1.600000,3
71.572397,-0.019941750,1.604000,3
71.586814,-0.019654129,1.608000,3
71.600511,-0.020133498,1.612000,3
71.614223,-0.020229372,1.616000,3
71.627355,-0.019845876,1.620000,3
71.641733,-0.020229372,1.624000,3
71.655095,-0.020133498,1.628000,3
71.668890,-0.021379857,1.632000,3
71.682497,-0.020900488,1.636000,3
71.696712,-0.021092236,1.640000,3
71.710167,-0.020804614,1.644000,3
71.723933,-0.021571605,1.648000,3
71.737694,-0.020996362,1.652000,3
71.752113,-0.021475731,1.656000,3
71.765393,-0.021475731,1.660000,3
71.779319,-0.021092236,1.664000,3
71.792771,-0.021667479,1.668000,3
71.807187,-0.021763352,1.672000,3
71.820530,-0.022050974,1.676000,3
71.834457,-0.021859226,1.680000,3
71.848515,-0.021667479,1.684000,3
71.862539,-0.022242721,1.688000,3
71.876043,-0.022338595,1.692000,3
71.889852,-0.022722090,1.696000,3
71.903275,-0.022434469,1.700000,3
71.917224,-0.021763352,1.704000,3
71.931696,-0.022626217,1.708000,3
71.945542,-0.022434469,1.712000,3
71.959970,-0.022434469,1.716000,3
71.973381,-0.022722090,1.720000,3
71.987532,-0.022626217,1.724000,3
72.000970,-0.023009712,1.728000,3
72.014746,-0.022530343,1.732000,3
72.027861,-0.022913838,1.736000,3
72.041879,-0.022626217,1.740000,3
72.055613,-0.022817964,1.744000,3
72.069016,-0.023489081,1.748000,3
72.082834,-0.023009712,1.752000,3
72.096849,-0.023489081,1.756000,3
72.110034,-0.023297333,1.760000,3
72.124070,-0.024351945,1.764000,3
72.137261,-0.023872576,1.768000,3
72.151022,-0.023489081,1.772000,3
72.164966,-0.024160197,1.776000,3
72.178285,-0.023776702,1.780000,3
72.191767,-0.024064324,1.784000,3
72.205529,-0.023776702,1.788000,3
72.219707,-0.024064324,1.792000,3
72.233462,-0.023968450,1.796000,3
72.246919,-0.024543693,1.800000,3
72.260350,-0.024351945,1.804000,3
72.273985,-0.024064324,1.808000,3
72.287707,-0.024447819,1.812000,3
72.301474,-0.024735440,1.816000,3
72.315194,-0.025118935,1.820000,3
72.328905,-0.025790052,1.824000,3
72.342252,-0.024831314,1.828000,3
72.356523,-0.024639566,1.832000,3
72.369986,-0.025406557,1.836000,3
72.383584,-0.024447819,1.840000,3
72.398017,-0.025023062,1.844000,3
72.412060,-0.024639566,1.848000,3
72.426108,-0.025694178,1.852000,3
72.439638,-0.025502431,1.856000,3
72.454072,-0.025598304,1.860000,3
72.467498,-0.025598304,1.864000,3
72.481372,-0.025214809,1.868000,3
72.495754,-0.025598304,1.872000,3
72.509483,-0.026077673,1.876000,3
72.523357,-0.025694178,1.880000,3
72.537017,-0.025885926,1.884000,3
72.550821,-0.026173547,1.888000,3
72.564458,-0.025502431,1.892000,3
72.578760,-0.025981800,1.896000,3
72.592139,-0.025790052,1.900000,3
72.605882,-0.025694178,1.904000,3
72.619673,-0.025694178,1.908000,3
72.633315,-0.026365295,1.912000,3
72.647245,-0.026461169,1.916000,3
72.660894,-0.025981800,1.920000,3
72.674917,-0.026269421,1.924000,3
72.688672,-0.026652916,1.928000,3
72.702926,-0.027036411,1.932000,3
72.716485,-0.026269421,1.936000,3
72.730293,-0.027036411,1.940000,3
72.743791,-0.026940538,1.944000,3
72.757997,-0.027419907,1.948000,3
72.771237,-0.026844664,1.952000,3
72.785028,-0.026940538,1.956000,3
72.799427,-0.027324033,1.960000,3
72.812582,-0.027036411,1.964000,3
72.826350,-0.027419907,1.968000,3
72.840839,-0.026844664,1.972000,3
72.854505,-0.027515780,1.976000,3
72.868738,-0.027036411,1.980000,3
72.882723,-0.027132285,1.984000,3
72.896121,-0.026940538,1.988000,3
72.910465,-0.027324033,1.992000,3
72.924233,-0.027995149,1.996000,3
72.937729,-0.027515780,2.000000,3
72.952403,-0.027995149,2.000000,3
72.966501,-0.028474518,2.000000,3
72.980325,-0.028282771,2.000000,3
72.994083,-0.027515780,2.000000,3
73.007751,-0.028282771,2.000000,3
73.021563,-0.028091023,2.000000,3
73.035571,-0.027419907,2.000000,3
73.049028,-0.027995149,2.000000,3
73.062684,-0.027899276,2.000000,3
73.076219,-0.027995149,2.000000,3
73.090310,-0.027803402,2.000000,3
73.103866,-0.027707528,2.000000,3
73.117571,-0.028091023,2.000000,3
73.131464,-0.028091023,2.000000,3
73.145299,-0.028282771,2.000000,3
73.159295,-0.028378645,2.000000,3
73.172828,-0.027419907,2.000000,3
73.186296,-0.028282771,2.000000,3
73.199908,-0.027995149,2.000000,3
73.213838,-0.027707528,2.000000,3
73.227341,-0.027707528,2.000000,3
73.241144,-0.028091023,2.000000,3
73.254950,-0.027899276,2.000000,3
73.268644,-0.027899276,2.000000,3
73.281966,-0.027803402,2.000000,3
73.296075,-0.028186897,2.000000,3
73.309523,-0.027611654,2.000000,3
73.323264,-0.027899276,2.000000,3
73.336523,-0.027995149,2.000000,3
73.350697,-0.028091023,2.000000,3
73.365088,-0.027995149,2.000000,3
73.378706,-0.028378645,2.000000,3
73.392509,-0.027803402,2.000000,3
73.406037,-0.027611654,2.000000,3
73.419890,-0.028282771,2.000000,3
73.433571,-0.027995149,2.000000,3
73.447905,-0.027995149,2.000000,3
73.462027,-0.028091023,2.000000,3
73.475631,-0.028282771,2.000000,3
73.489908,-0.028282771,2.000000,3
73.503398,-0.027611654,2.000000,3
73.517592,-0.028378645,2.000000,3
73.531378,-0.028282771,2.000000,3
73.545409,-0.027995149,2.000000,3
73.559061,-0.028474518,2.000000,3
73.572843,-0.028091023,2.000000,3
73.586740,-0.027995149,2.000000,3
73.600443,-0.028091023,2.000000,3
73.614253,-0.028378645,2.000000,3
73.628540,-0.027899276,2.000000,3
73.642168,-0.028186897,2.000000,3
73.655946,-0.027899276,2.000000,3
73.670224,-0.028091023,2.000000,3
73.684168,-0.028762140,2.000000,3
73.697931,-0.028186897,2.000000,3
73.712888,-0.028282771,2.000000,3
73.726391,-0.028091023,2.000000,3
73.740325,-0.028186897,2.000000,3
73.754234,-0.028091023,2.000000,3
73.767763,-0.027995149,2.000000,3
73.782171,-0.028474518,2.000000,3
73.795806,-0.028282771,2.000000,3
73.809582,-0.028378645,2.000000,3
73.823642,-0.028282771,2.000000,3
73.837355,-0.028186897,2.000000,3
73.851355,-0.028666266,2.000000,3
73.865657,-0.028570392,2.000000,3
73.879045,-0.028282771,2.000000,3
73.893020,-0.028570392,2.000000,3
73.906619,-0.028762140,2.000000,3
73.920640,-0.028474518,2.000000,3
73.934160,-0.028091023,2.000000,3
73.948239,-0.027803402,2.000000,3
73.961670,-0.028570392,2.000000,3
73.975624,-0.027899276,2.000000,3
73.989130,-0.028762140,2.000000,3
74.002921,-0.028378645,2.000000,3
74.016452,-0.028282771,2.000000,3
74.030480,-0.028474518,2.000000,3
74.044216,-0.028186897,2.000000,3
74.057722,-0.028570392,2.000000,3
74.071721,-0.027899276,2.000000,3
74.085552,-0.028570392,2.000000,3
74.099212,-0.028666266,2.000000,3
74.113034,-0.027899276,2.000000,3
74.126921,-0.028570392,2.000000,3
74.140416,-0.028282771,2.000000,3
74.154014,-0.028186897,2.000000,3
74.168322,-0.028474518,2.000000,3
74.181866,-0.028186897,2.000000,3
74.195774,-0.028378645,2.000000,3
74.210143,-0.028282771,2.000000,3
74.223834,-0.028666266,2.000000,3
74.237634,-0.028474518,2.000000,3
74.251044,-0.028282771,2.000000,3
74.264795,-0.028666266,2.000000,3
74.278300,-0.028378645,2.000000,3
74.291994,-0.028474518,2.000000,3
74.305876,-0.028762140,2.000000,3
74.319731,-0.028474518,2.000000,3
74.333514,-0.028666266,2.000000,3
74.347343,-0.027803402,2.000000,3
74.360952,-0.028762140,2.000000,3
74.374614,-0.028474518,2.000000,3
74.388587,-0.027899276,2.000000,3
74.402650,-0.028378645,2.000000,3
74.418529,-0.028282771,2.000000,3
74.432221,-0.028474518,2.000000,3
74.445213,-0.028378645,2.000000,3
74.458635,-0.028666266,2.000000,3
74.471826,-0.028378645,2.000000,3
74.485342,-0.028474518,2.000000,3
74.498916,-0.028762140,2.000000,3
74.512731,-0.028570392,2.000000,3
74.526361,-0.028762140,2.000000,3
74.540207,-0.028666266,2.000000,3
74.553745,-0.028474518,2.000000,3
74.567788,-0.027995149,2.000000,3
74.581375,-0.027995149,2.000000,3
74.595159,-0.028570392,2.000000,3
74.608589,-0.027995149,2.000000,3
74.622729,-0.027899276,2.000000,3
74.636559,-0.028474518,2.000000,3
74.650620,-0.028091023,2.000000,3
74.664594,-0.028762140,2.000000,3
74.677879,-0.028762140,2.000000,3
74.691395,-0.028570392,2.000000,3
74.704888,-0.028091023,2.000000,3
74.718564,-0.028762140,2.000000,3
74.732167,-0.028378645,2.000000,3
74.746217,-0.028186897,2.000000,3
74.760534,-0.028666266,2.000000,3
74.774107,-0.027803402,2.000000,3
74.787052,-0.028282771,2.000000,3
74.800763,-0.028378645,2.000000,3
74.814586,-0.029145635,2.000000,3
74.828168,-0.028570392,2.000000,3
74.841494,-0.028570392,2.000000,3
74.855438,-0.028282771,2.000000,3
74.868675,-0.028666266,2.000000,3
74.882989,-0.028666266,2.000000,3
74.896745,-0.028474518,2.000000,3
74.910534,-0.028570392,2.000000,3
74.923991,-0.029049761,2.000000,3
74.937301,-0.028378645,2.000000,3
74.951976,-0.027324033,2.000000,3
74.965799,-0.028378645,2.000000,3
74.979650,-0.029049761,2.000000,3
74.993344,-0.028378645,2.000000,3
75.006662,-0.027707528,2.000000,3
75.020001,-0.028666266,2.000000,3
75.033669,-0.028378645,2.000000,3
75.047710,-0.028762140,2.000000,3
75.062219,-0.028474518,2.000000,3
75.076453,-0.028474518,2.000000,3
75.090775,-0.027899276,2.000000,3
75.104250,-0.027995149,2.000000,3
75.117994,-0.028378645,2.000000,3
75.131680,-0.028474518,2.000000,3
75.145822,-0.028666266,2.000000,3
75.158934,-0.028666266,2.000000,3
75.173310,-0.028186897,2.000000,3
75.187005,-0.028282771,2.000000,3
75.201124,-0.028378645,2.000000,3
75.214324,-0.028474518,2.000000,3
75.228250,-0.028474518,2.000000,3
75.242628,-0.028378645,2.000000,3
75.256673,-0.028666266,2.000000,3
75.270358,-0.028666266,2.000000,3
75.284478,-0.028378645,2.000000,3
75.297940,-0.028858014,2.000000,3
75.311696,-0.028953887,2.000000,3
75.325464,-0.028282771,2.000000,3
75.339375,-0.028091023,2.000000,3
75.353478,-0.028858014,2.000000,3
75.367019,-0.027995149,2.000000,3
75.380936,-0.027995149,2.000000,3
75.394294,-0.028666266,2.000000,3
75.408056,-0.028474518,2.000000,3
75.421752,-0.028666266,2.000000,3
75.434952,-0.028186897,2.000000,3
75.448432,-0.028378645,2.000000,3
75.463474,-0.028474518,2.000000,3
75.476960,-0.029049761,2.000000,3
75.491140,-0.028378645,2.000000,3
75.505250,-0.028378645,2.000000,3
75.518587,-0.028474518,2.000000,3
75.533002,-0.028666266,2.000000,3
75.546633,-0.029145635,2.000000,3
75.560412,-0.028474518,2.000000,3
75.573318,-0.028762140,2.000000,3
75.586967,-0.028570392,2.000000,3
75.601007,-0.028282771,2.000000,3
75.614628,-0.028953887,2.000000,3
75.628385,-0.028378645,2.000000,3
75.642606,-0.028858014,2.000000,3
75.655981,-0.028282771,2.000000,3
75.669892,-0.028666266,2.000000,3
75.683708,-0.028953887,2.000000,3
75.698071,-0.029049761,2.000000,3
75.712129,-0.028474518,2.000000,3
75.726125,-0.029145635,1.996000,3
75.740306,-0.028378645,1.992000,3
75.753631,-0.028570392,1.988000,3
75.767606,-0.028474518,1.984000,3
75.781318,-0.028378645,1.980000,3
75.795023,-0.028378645,1.976000,3
75.808767,-0.028666266,1.972000,3
75.822495,-0.029241509,1.968000,3
75.836508,-0.028858014,1.964000,3
75.850005,-0.028378645,1.960000,3
75.863960,-0.028282771,1.956000,3
75.877674,-0.028282771,1.952000,3
75.891210,-0.028378645,1.948000,3
75.905161,-0.028858014,1.944000,3
75.918834,-0.028666266,1.940000,3
75.932822,-0.027707528,1.936000,3
75.946577,-0.027995149,1.932000,3
75.960128,-0.028282771,1.928000,3
75.974584,-0.028378645,1.924000,3
75.988140,-0.028378645,1.920000,3
76.001700,-0.028091023,1.916000,3
76.015528,-0.028762140,1.912000,3
76.028846,-0.028474518,1.908000,3
76.042413,-0.028474518,1.904000,3
76.056689,-0.028378645,1.900000,3
76.070512,-0.027995149,1.896000,3
76.083979,-0.028474518,1.892000,3
76.097898,-0.029145635,1.888000,3
76.111824,-0.028474518,1.884000,3
76.125699,-0.028091023,1.880000,3
76.139826,-0.028378645,1.876000,3
76.154028,-0.027995149,1.872000,3
76.167594,-0.027899276,1.868000,3
76.181535,-0.028474518,1.864000,3
76.195272,-0.028282771,1.860000,3
76.209158,-0.027899276,1.856000,3
76.223235,-0.028762140,1.852000,3
76.237042,-0.027803402,1.848000,3
76.250517,-0.027611654,1.844000,3
76.264267,-0.027899276,1.840000,3
76.277926,-0.027515780,1.836000,3
76.291918,-0.027899276,1.832000,3
76.305657,-0.027611654,1.828000,3
76.319187,-0.028186897,1.824000,3
76.333127,-0.027707528,1.820000,3
76.346919,-0.027515780,1.816000,3
76.360813,-0.027899276,1.812000,3
76.374529,-0.027611654,1.808000,3
76.388052,-0.027228159,1.804000,3
76.401836,-0.027899276,1.800000,3
76.415321,-0.027515780,1.796000,3
76.428473,-0.027515780,1.792000,3
76.442430,-0.027803402,1.788000,3
76.455949,-0.027515780,1.784000,3
76.469538,-0.027803402,1.780000,3
76.483868,-0.027515780,1.776000,3
76.497152,-0.027228159,1.772000,3
76.510691,-0.027995149,1.768000,3
76.525063,-0.027419907,1.764000,3
76.538578,-0.027419907,1.760000,3
76.552305,-0.027899276,1.756000,3
76.566273,-0.027324033,1.752000,3
76.579969,-0.027611654,1.748000,3
76.593685,-0.027707528,1.744000,3
76.607083,-0.027324033,1.740000,3
76.621114,-0.027132285,1.736000,3
76.634499,-0.027132285,1.732000,3
76.648236,-0.027707528,1.728000,3
76.662199,-0.027324033,1.724000,3
76.675655,-0.027228159,1.720000,3
76.689391,-0.026940538,1.716000,3
76.703589,-0.027228159,1.712000,3
76.717312,-0.026940538,1.708000,3
76.731026,-0.026748790,1.704000,3
76.744481,-0.027419907,1.700000,3
76.758749,-0.026940538,1.696000,3
76.772236,-0.026844664,1.692000,3
76.786213,-0.026748790,1.688000,3
76.800246,-0.026748790,1.684000,3
76.814430,-0.026557042,1.680000,3
76.828126,-0.027132285,1.676000,3
76.842511,-0.027228159,1.672000,3
76.856856,-0.026557042,1.668000,3
76.870374,-0.026557042,1.664000,3
76.884101,-0.026269421,1.660000,3
76.898031,-0.026461169,1.656000,3
76.911916,-0.026844664,1.652000,3
76.925406,-0.026748790,1.648000,3
76.939028,-0.026461169,1.644000,3
76.952978,-0.026269421,1.640000,3
76.966256,-0.026748790,1.636000,3
76.980010,-0.026269421,1.632000,3
76.993757,-0.026557042,1.628000,3
77.006991,-0.026748790,1.624000,3
77.021053,-0.026844664,1.620000,3
77.034527,-0.026461169,1.616000,3
77.048490,-0.026173547,1.612000,3
77.063542,-0.026461169,1.608000,3
77.076915,-0.026173547,1.604000,3
77.090748,-0.026173547,1.600000,3
77.104770,-0.026269421,1.596000,3
77.118533,-0.025694178,1.592000,3
77.132936,-0.026365295,1.588000,3
77.146685,-0.026173547,1.584000,3
77.160499,-0.026077673,1.580000,3
77.174345,-0.025981800,1.576000,3
77.187680,-0.026077673,1.572000,3
77.201584,-0.026269421,1.568000,3
77.215813,-0.026748790,1.564000,3
77.229164,-0.026461169,1.560000,3
77.243337,-0.026557042,1.556000,3
77.256697,-0.026269421,1.552000,3
77.270697,-0.025694178,1.548000,3
77.284414,-0.026173547,1.544000,3
77.298140,-0.025598304,1.540000,3
77.311543,-0.026173547,1.536000,3
77.325866,-0.025885926,1.532000,3
77.339147,-0.025885926,1.528000,3
77.352679,-0.025502431,1.524000,3
77.366606,-0.025694178,1.520000,3
77.380101,-0.025694178,1.516000,3
77.394153,-0.025981800,1.512000,3
77.407333,-0.025885926,1.508000,3
77.421199,-0.025406557,1.504000,3
77.434478,-0.025310683,1.500000,3
77.448475,-0.025694178,1.496000,3
77.462270,-0.025214809,1.492000,3
77.477466,-0.025214809,1.488000,3
77.491538,-0.025598304,1.484000,3
77.505182,-0.024831314,1.480000,3
77.518912,-0.024831314,1.476000,3
77.532887,-0.025214809,1.472000,3
77.546512,-0.024639566,1.468000,3
77.560932,-0.024831314,1.464000,3
77.574738,-0.025023062,1.460000,3
77.588859,-0.024543693,1.456000,3
77.602915,-0.024735440,1.452000,3
77.616894,-0.025406557,1.448000,3
77.630597,-0.024735440,1.444000,3
77.644112,-0.024735440,1.440000,3
77.657393,-0.025023062,1.436000,3
77.671364,-0.024831314,1.432000,3
77.685215,-0.025118935,1.428000,3
77.699153,-0.024447819,1.424000,3
77.713197,-0.024927188,1.420000,3
77.727209,-0.025310683,1.416000,3
77.741047,-0.024543693,1.412000,3
77.754660,-0.024927188,1.408000,3
77.768641,-0.024447819,1.404000,3
77.782416,-0.024735440,1.400000,3
77.796485,-0.024735440,1.396000,3
77.809973,-0.024447819,1.392000,3
77.823417,-0.024639566,1.388000,3
77.837181,-0.024351945,1.384000,3
77.851281,-0.024447819,1.380000,3
77.864562,-0.024160197,1.376000,3
77.878213,-0.024639566,1.372000,3
77.892162,-0.024160197,1.368000,3
77.905526,-0.024064324,1.364000,3
77.919569,-0.024351945,1.360000,3
77.933078,-0.024831314,1.356000,3
77.946940,-0.023968450,1.352000,3
77.960407,-0.024256071,1.348000,3
77.974241,-0.024351945,1.344000,3
77.988621,-0.024064324,1.340000,3
78.002084,-0.024831314,1.336000,3
78.016259,-0.023968450,1.332000,3
78.030360,-0.023872576,1.328000,3
78.044489,-0.024351945,1.324000,3
78.058186,-0.024064324,1.320000,3
78.071689,-0.023968450,1.316000,3
78.085686,-0.023968450,1.312000,3
78.099330,-0.024064324,1.308000,3
78.113230,-0.024160197,1.304000,3
78.126944,-0.023968450,1.300000,3
78.140554,-0.024160197,1.296000,3
78.154595,-0.024064324,1.292000,3
78.168146,-0.023489081,1.288000,3
78.181717,-0.023393207,1.284000,3
78.195356,-0.024256071,1.280000,3
78.209139,-0.023776702,1.276000,3
78.222892,-0.023584955,1.272000,3
78.236796,-0.023393207,1.268000,3
78.250894,-0.023393207,1.264000,3
78.264385,-0.023680828,1.260000,3
78.278332,-0.024160197,1.256000,3
78.292083,-0.023009712,1.252000,3
78.305835,-0.023584955,1.248000,3
78.320005,-0.023201459,1.244000,3
78.333285,-0.023009712,1.240000,3
78.346777,-0.022626217,1.236000,3
78.360533,-0.022722090,1.232000,3
78.374425,-0.023009712,1.228000,3
78.388226,-0.023201459,1.224000,3
78.401845,-0.022722090,1.220000,3
78.415764,-0.022722090,1.216000,3
78.429391,-0.023009712,1.212000,3
78.443208,-0.022722090,1.208000,3
78.456701,-0.022626217,1.204000,3
78.470293,-0.022530343,1.200000,3
78.484102,-0.022626217,1.196000,3
78.497628,-0.022242721,1.192000,3
78.511532,-0.022434469,1.188000,3
78.524885,-0.022913838,1.184000,3
78.538968,-0.022050974,1.180000,3
78.552480,-0.022242721,1.176000,3
78.566543,-0.022050974,1.172000,3
78.580611,-0.021955100,1.168000,3
78.594542,-0.022626217,1.164000,3
78.609015,-0.022050974,1.160000,3
78.623008,-0.022530343,1.156000,3
78.636612,-0.021571605,1.152000,3
78.650621,-0.021859226,1.148000,3
78.664427,-0.022338595,1.144000,3
78.678144,-0.021955100,1.140000,3
78.692838,-0.021859226,1.136000,3
78.706630,-0.021763352,1.132000,3
78.720350,-0.021859226,1.128000,3
78.734343,-0.021283983,1.124000,3
78.748026,-0.021763352,1.120000,3
78.762010,-0.021571605,1.116000,3
78.776057,-0.021955100,1.112000,3
78.789555,-0.021571605,1.108000,3
78.803226,-0.021475731,1.104000,3
78.816857,-0.021283983,1.100000,3
78.830484,-0.020996362,1.096000,3
78.844599,-0.021571605,1.092000,3
78.858052,-0.021188110,1.088000,3
78.871864,-0.021571605,1.084000,3
78.885209,-0.021379857,1.080000,3
78.899862,-0.021475731,1.076000,3
78.913366,-0.020804614,1.072000,3
78.926900,-0.021283983,1.068000,3
78.941900,-0.020612867,1.064000,3
78.955473,-0.021092236,1.060000,3
78.968936,-0.021571605,1.056000,3
78.982978,-0.020804614,1.052000,3
78.997268,-0.021188110,1.048000,3
79.011202,-0.021188110,1.044000,3
79.025036,-0.020900488,1.040000,3
79.038849,-0.020612867,1.036000,3
79.052614,-0.020804614,1.032000,3
79.066778,-0.020516993,1.028000,3
79.080397,-0.020133498,1.024000,3
79.094630,-0.020708741,1.020000,3
79.108399,-0.020612867,1.016000,3
79.122138,-0.020325245,1.012000,3
79.135668,-0.019941750,1.008000,3
79.149366,-0.019750003,1.004000,3
79.162980,-0.020133498,1.000000,3
79.176140,-0.020325245,0.996000,3
79.189479,-0.019941750,0.992000,3
79.203191,-0.020421119,0.988000,3
79.216645,-0.020516993,0.984000,3
79.230978,-0.020037624,0.980000,3
79.244535,-0.019558255,0.976000,3
79.258429,-0.019845876,0.972000,3
79.271707,-0.020133498,0.968000,3
79.285145,-0.019462381,0.964000,3
79.298706,-0.019462381,0.960000,3
79.312932,-0.019462381,0.956000,3
79.326224,-0.019366507,0.952000,3
79.339648,-0.019174760,0.948000,3
79.353673,-0.019174760,0.944000,3
79.367228,-0.019174760,0.940000,3
79.381037,-0.019654129,0.936000,3
79.395287,-0.019654129,0.932000,3
79.409112,-0.019654129,0.928000,3
79.423563,-0.019366507,0.924000,3
79.437004,-0.019270634,0.920000,3
79.450677,-0.018887138,0.916000,3
79.463571,-0.019654129,0.912000,3
79.476440,-0.018983012,0.908000,3
79.490029,-0.018599517,0.904000,3
79.503838,-0.018983012,0.900000,3
79.516940,-0.018695391,0.896000,3
79.529953,-0.018983012,0.892000,3
79.543519,-0.018216022,0.888000,3
79.557329,-0.018120148,0.884000,3
79.570992,-0.018024274,0.880000,3
79.584905,-0.018599517,0.876000,3
79.598285,-0.018311896,0.872000,3
79.612140,-0.018311896,0.868000,3
79.626459,-0.017832527,0.864000,3
79.640040,-0.018120148,0.860000,3
79.653715,-0.017736653,0.856000,3
79.667133,-0.018216022,0.852000,3
79.680855,-0.018503643,0.848000,3
79.694515,-0.017832527,0.844000,3
79.708024,-0.017928400,0.840000,3
79.721724,-0.017353158,0.836000,3
79.735177,-0.017161410,0.832000,3
79.749369,-0.017544905,0.828000,3
79.762950,-0.018503643,0.824000,3
79.776989,-0.017640779,0.820000,3
79.791053,-0.017928400,0.816000,3
79.805302,-0.017065536,0.812000,3
79.818995,-0.017928400,0.808000,3
79.832727,-0.017640779,0.804000,3
79.847250,-0.016969662,0.800000,3
79.860592,-0.017353158,0.796000,3
79.874413,-0.016298546,0.792000,3
79.888985,-0.017065536,0.788000,3
79.903581,-0.017353158,0.784000,3
79.917113,-0.016490293,0.780000,3
79.930722,-0.016777915,0.776000,3
79.945360,-0.016969662,0.772000,3
79.958802,-0.016682041,0.768000,3
79.972642,-0.017065536,0.764000,3
79.987016,-0.016969662,0.760000,3
80.000386,-0.016394420,0.756000,3
80.014443,-0.016969662,0.752000,3
80.028333,-0.017161410,0.748000,3
80.042502,-0.017161410,0.744000,3
80.055858,-0.016777915,0.740000,3
80.069490,-0.016490293,0.736000,3
80.083471,-0.016682041,0.732000,3
80.096796,-0.016586167,0.728000,3
80.110669,-0.016777915,0.724000,3
80.124463,-0.016394420,0.720000,3
80.138340,-0.016682041,0.716000,3
80.151937,-0.016682041,0.712000,3
80.165686,-0.016490293,0.708000,3
80.179363,-0.016490293,0.704000,3
80.192856,-0.015819177,0.700000,3
80.206161,-0.016682041,0.696000,3
80.220240,-0.016010924,0.692000,3
80.234466,-0.016490293,0.688000,3
80.247797,-0.016490293,0.684000,3
80.261264,-0.016298546,0.680000,3
80.275603,-0.016202672,0.676000,3
80.289195,-0.016106798,0.672000,3
80.302653,-0.016010924,0.668000,3
80.316868,-0.015531555,0.664000,3
80.330435,-0.015435682,0.660000,3
80.344217,-0.016586167,0.656000,3
80.358311,-0.016490293,0.652000,3
80.372502,-0.016490293,0.648000,3
80.386012,-0.016298546,0.644000,3
80.399458,-0.015627429,0.640000,3
80.413818,-0.016682041,0.636000,3
80.427242,-0.016298546,0.632000,3
80.440605,-0.015819177,0.628000,3
80.454350,-0.016298546,0.624000,3
80.468278,-0.016010924,0.620000,3
80.481866,-0.016106798,0.616000,3
80.495960,-0.016106798,0.612000,3
80.509382,-0.015627429,0.608000,3
80.522982,-0.015627429,0.604000,3
80.536935,-0.015819177,0.600000,3
80.550350,-0.015435682,0.596000,3
80.563806,-0.015435682,0.592000,3
80.577763,-0.015723303,0.588000,3
80.591281,-0.015627429,0.584000,3
80.604799,-0.015915051,0.580000,3
80.618747,-0.015148060,0.576000,3
80.632148,-0.015915051,0.572000,3
80.645934,-0.015435682,0.568000,3
80.659735,-0.015723303,0.564000,3
80.673915,-0.015052186,0.560000,3
80.687206,-0.015723303,0.556000,3
80.700693,-0.015531555,0.552000,3
80.714268,-0.015339808,0.548000,3
80.728159,-0.014764565,0.544000,3
80.741504,-0.015723303,0.540000,3
80.755255,-0.014956313,0.536000,3
80.769595,-0.015339808,0.532000,3
80.783561,-0.015148060,0.528000,3
80.797776,-0.015531555,0.524000,3
80.811370,-0.015531555,0.520000,3
80.825369,-0.015052186,0.516000,3
80.838921,-0.015339808,0.512000,3
80.853101,-0.015915051,0.508000,3
80.866494,-0.015723303,0.504000,3
80.879656,-0.015339808,0.500000,3
80.893242,-0.015723303,0.496000,3
80.906979,-0.015243934,0.492000,3
80.920746,-0.015148060,0.488000,3
80.934268,-0.015148060,0.484000,3
80.948153,-0.015435682,0.480000,3
80.961661,-0.015243934,0.476000,3
80.975718,-0.015243934,0.472000,3
80.989565,-0.015339808,0.468000,3
81.003324,-0.014956313,0.464000,3
81.018023,-0.015052186,0.460000,3
81.031511,-0.015052186,0.456000,3
81.045473,-0.015148060,0.452000,3
81.059495,-0.014381070,0.448000,3
81.073922,-0.014572817,0.444000,3
81.087586,-0.014764565,0.440000,3
81.101314,-0.014956313,0.436000,3
81.115361,-0.015339808,0.432000,3
81.128937,-0.014093448,0.428000,3
81.143219,-0.014572817,0.424000,3
81.156820,-0.014189322,0.420000,3
81.170728,-0.014476944,0.416000,3
81.184727,-0.014285196,0.412000,3
81.198380,-0.013614079,0.408000,3
81.212318,-0.014381070,0.404000,3
81.226372,-0.014572817,0.400000,3
81.240604,-0.014476944,0.396000,3
81.254082,-0.014189322,0.392000,3
81.267781,-0.013805827,0.388000,3
81.281932,-0.014189322,0.384000,3
81.295538,-0.014189322,0.380000,3
81.309039,-0.013805827,0.376000,3
81.323154,-0.013901701,0.372000,3
81.336629,-0.013805827,0.368000,3
81.350801,-0.013326458,0.364000,3
81.364367,-0.013518206,0.360000,3
81.378098,-0.013230584,0.356000,3
81.392227,-0.012751215,0.352000,3
81.405982,-0.012463594,0.348000,3
81.419863,-0.012942963,0.344000,3
81.433319,-0.012463594,0.340000,3
81.446810,-0.012942963,0.336000,3
81.461415,-0.012942963,0.332000,3
81.474808,-0.012367720,0.328000,3
81.488535,-0.012559468,0.324000,3
81.502558,-0.012559468,0.320000,3
81.516411,-0.012751215,0.316000,3
81.529927,-0.012367720,0.312000,3
81.543448,-0.012559468,0.308000,3
81.557504,-0.011984225,0.304000,3
81.570935,-0.011696604,0.300000,3
81.585043,-0.011696604,0.296000,3
81.599161,-0.011217235,0.292000,3
81.612901,-0.011600730,0.288000,3
81.626541,-0.010929613,0.284000,3
81.640067,-0.010833739,0.280000,3
81.653557,-0.011313108,0.276000,3
81.667630,-0.011025487,0.272000,3
81.681166,-0.010929613,0.268000,3
81.695227,-0.011217235,0.264000,3
81.708695,-0.010641992,0.260000,3
81.722541,-0.010258497,0.256000,3
81.735866,-0.010737866,0.252000,3
81.749118,-0.010833739,0.248000,3
81.764092,-0.010546118,0.244000,3
81.778311,-0.010066749,0.240000,3
81.791932,-0.010737866,0.236000,3
81.805707,-0.009779128,0.232000,3
81.819385,-0.009683254,0.228000,3
81.833225,-0.009203885,0.224000,3
81.847088,-0.009203885,0.220000,3
81.860529,-0.009108011,0.216000,3
81.874257,-0.009108011,0.212000,3
81.887815,-0.008820390,0.208000,3
81.902178,-0.009299759,0.204000,3
81.915957,-0.008820390,0.200000,3
81.930006,-0.009491506,0.196000,3
81.944023,-0.008532768,0.192000,3
81.957622,-0.008532768,0.188000,3
81.971125,-0.008916263,0.184000,3
81.985204,-0.008916263,0.180000,3
81.999339,-0.009108011,0.176000,3
82.013169,-0.008820390,0.172000,3
82.026739,-0.009012137,0.168000,3
82.040873,-0.008436894,0.164000,3
82.054518,-0.008436894,0.160000,3
82.068255,-0.008532768,0.156000,3
82.081905,-0.008436894,0.152000,3
82.096413,-0.008053399,0.148000,3
82.109967,-0.007669904,0.144000,3
82.123710,-0.007478156,0.140000,3
82.137759,-0.007669904,0.136000,3
82.151087,-0.006998787,0.132000,3
82.164701,-0.006998787,0.128000,3
82.178226,-0.006711166,0.124000,3
82.191725,-0.006998787,0.120000,3
82.205797,-0.006902914,0.116000,3
82.220273,-0.007286409,0.112000,3
82.234154,-0.006615292,0.108000,3
82.248623,-0.006327671,0.104000,3
82.261884,-0.006807040,0.100000,3
82.275941,-0.006327671,0.096000,3
82.289945,-0.006615292,0.092000,3
82.304002,-0.006040049,0.088000,3
82.317876,-0.006135923,0.084000,3
82.331915,-0.006519418,0.080000,3
82.345362,-0.005752428,0.076000,3
82.358985,-0.005656554,0.072000,3
82.372810,-0.005656554,0.068000,3
82.386169,-0.005368933,0.064000,3
82.399976,-0.005464807,0.060000,3
82.413497,-0.005273059,0.056000,3
82.426988,-0.005273059,0.052000,3
82.440569,-0.004793690,0.048000,3
82.454446,-0.005177185,0.044000,3
82.468100,-0.004601942,0.040000,3
82.481759,-0.004410195,0.036000,3
82.495422,-0.004026700,0.032000,3
82.510285,-0.005177185,0.028000,3
82.523741,-0.003547331,0.024000,3
82.537845,-0.003930826,0.020000,3
82.551244,-0.005081311,0.016000,3
82.564709,-0.003834952,0.012000,3
82.578479,-0.003547331,0.008000,3
82.592199,-0.004314321,0.004000,3
82.605901,-0.004026700,0.000000,3
82.620220,-0.003547331,0.000000,3
82.633805,-0.003739078,-0.004000,3
82.648061,-0.003259709,-0.008000,3
82.661606,-0.003355583,-0.012000,3
82.675116,-0.003355583,-0.016000,3
82.689049,-0.003259709,-0.020000,3
82.702545,-0.002972088,-0.024000,3
82.716295,-0.002972088,-0.028000,3
82.729906,-0.002972088,-0.032000,3
82.744092,-0.002780340,-0.036000,3
82.757485,-0.002972088,-0.040000,3
82.771264,-0.002588593,-0.044000,3
82.784934,-0.002588593,-0.048000,3
82.798924,-0.002780340,-0.052000,3
82.812648,-0.002492719,-0.056000,3
82.826255,-0.002013350,-0.060000,3
82.840156,-0.001917476,-0.064000,3
82.854094,-0.002013350,-0.068000,3
82.867607,-0.001629855,-0.072000,3
82.881686,-0.001917476,-0.076000,3
82.895172,-0.001725728,-0.080000,3
82.908658,-0.001725728,-0.084000,3
82.922612,-0.001438107,-0.088000,3
82.936112,-0.000671117,-0.092000,3
82.950637,-0.001150486,-0.096000,3
82.964065,-0.001438107,-0.100000,3
82.977877,-0.001533981,-0.104000,3
82.991477,-0.001342233,-0.108000,3
83.005205,-0.001246359,-0.112000,3
83.018943,-0.001246359,-0.116000,3
83.033097,-0.001054612,-0.120000,3
83.047153,-0.000766990,-0.124000,3
83.060988,-0.001342233,-0.128000,3
83.074892,-0.001054612,-0.132000,3
83.088890,-0.000575243,-0.136000,3
83.102312,-0.000671117,-0.140000,3
83.115844,0.000766990,-0.144000,3
83.130226,0.000095874,-0.148000,3
83.144058,0.000000000,-0.152000,3
83.158139,0.000671117,-0.156000,3
83.172194,0.000383495,-0.160000,3
83.185553,0.001150486,-0.164000,3
83.199603,0.000383495,-0.168000,3
83.213177,0.000671117,-0.172000,3
83.226724,0.000862864,-0.176000,3
83.240479,0.001821602,-0.180000,3
83.254570,0.000958738,-0.184000,3
83.268106,0.001533981,-0.188000,3
83.281868,0.001246359,-0.192000,3
83.297016,0.002492719,-0.196000,3
83.310041,0.002300971,-0.200000,3
83.323387,0.002109224,-0.204000,3
83.336564,0.002300971,-0.208000,3
83.350276,0.002205097,-0.212000,3
83.363598,0.002684466,-0.216000,3
83.377788,0.002205097,-0.220000,3
83.391071,0.002780340,-0.224000,3
83.404953,0.002588593,-0.228000,3
83.420659,0.002492719,-0.232000,3
83.434073,0.002492719,-0.236000,3
83.448210,0.002396845,-0.240000,3
83.462584,0.002876214,-0.244000,3
83.476341,0.002396845,-0.248000,3
83.490336,0.002780340,-0.252000,3
83.504705,0.003547331,-0.256000,3
83.518456,0.003067962,-0.260000,3
83.532166,0.002300971,-0.264000,3
83.545876,0.003451457,-0.268000,3
83.559304,0.002972088,-0.272000,3
83.573397,0.003163835,-0.276000,3
83.588151,0.002684466,-0.280000,3
83.601388,0.003451457,-0.284000,3
83.615125,0.003259709,-0.288000,3
83.628319,0.003355583,-0.292000,3
83.642115,0.003355583,-0.296000,3
83.655268,0.003643204,-0.300000,3
83.669101,0.003163835,-0.304000,3
83.683152,0.003163835,-0.308000,3
83.696811,0.003355583,-0.312000,3
83.710616,0.003451457,-0.316000,3
83.724296,0.003259709,-0.320000,3
83.739073,0.003643204,-0.324000,3
83.752136,0.003834952,-0.328000,3
83.766040,0.004026700,-0.332000,3
83.779400,0.004122573,-0.336000,3
83.793697,0.004314321,-0.340000,3
83.807547,0.004314321,-0.344000,3
83.821182,0.004314321,-0.348000,3
83.834912,0.004601942,-0.352000,3
83.848498,0.004697816,-0.356000,3
83.862202,0.005081311,-0.360000,3
83.875712,0.004889564,-0.364000,3
83.889409,0.004985438,-0.368000,3
83.903481,0.005081311,-0.372000,3
83.917641,0.005177185,-0.376000,3
83.931160,0.005656554,-0.380000,3
83.944802,0.005848302,-0.384000,3
83.958702,0.005464807,-0.388000,3
83.972232,0.005848302,-0.392000,3
83.985713,0.005560680,-0.396000,3
83.999986,0.005848302,-0.400000,3
84.014067,0.006231797,-0.404000,3
84.027942,0.006231797,-0.408000,3
84.042962,0.006040049,-0.412000,3
84.056248,0.006423545,-0.416000,3
84.070009,0.006711166,-0.420000,3
84.083375,0.006040049,-0.424000,3
84.096807,0.006711166,-0.428000,3
84.111537,0.006807040,-0.432000,3
84.124717,0.006135923,-0.436000,3
84.138415,0.006998787,-0.440000,3
84.151906,0.006902914,-0.444000,3
84.165735,0.006519418,-0.448000,3
84.178938,0.007765778,-0.452000,3
84.192449,0.006998787,-0.456000,3
84.205986,0.006711166,-0.460000,3
84.219823,0.007190535,-0.464000,3
84.233476,0.007286409,-0.468000,3
84.246816,0.006902914,-0.472000,3
84.260780,0.006423545,-0.476000,3
84.274447,0.007669904,-0.480000,3
84.288760,0.006998787,-0.484000,3
84.302034,0.006902914,-0.488000,3
84.316789,0.007286409,-0.492000,3
84.330327,0.007190535,-0.496000,3
84.344203,0.007286409,-0.500000,3
84.358186,0.006902914,-0.504000,3
84.372042,0.006711166,-0.508000,3
84.386483,0.007478156,-0.512000,3
84.399834,0.007382283,-0.516000,3
84.414238,0.007765778,-0.520000,3
84.428023,0.007382283,-0.524000,3
84.440935,0.008053399,-0.528000,3
84.453781,0.007574030,-0.532000,3
84.466628,0.007765778,-0.536000,3
84.479864,0.008149273,-0.540000,3
84.493743,0.007861652,-0.544000,3
84.506881,0.007478156,-0.548000,3
84.520492,0.008149273,-0.552000,3
84.534024,0.008149273,-0.556000,3
84.547502,0.007669904,-0.560000,3
84.561265,0.008245147,-0.564000,3
84.575237,0.008053399,-0.568000,3
84.588944,0.008053399,-0.572000,3
84.602458,0.008532768,-0.576000,3
84.616361,0.008245147,-0.580000,3
84.629777,0.008436894,-0.584000,3
84.643333,0.008245147,-0.588000,3
84.657666,0.007957525,-0.592000,3
84.671418,0.007957525,-0.596000,3
84.684711,0.008436894,-0.600000,3
84.699027,0.008341021,-0.604000,3
84.712362,0.008820390,-0.608000,3
84.726364,0.008820390,-0.612000,3
84.739852,0.008628642,-0.616000,3
84.753398,0.008724516,-0.620000,3
84.767461,0.009108011,-0.624000,3
84.780868,0.009108011,-0.628000,3
84.794683,0.008724516,-0.632000,3
84.808743,0.009203885,-0.636000,3
84.822397,0.008436894,-0.640000,3
84.835777,0.009108011,-0.644000,3
84.849594,0.009395632,-0.648000,3
84.863185,0.009395632,-0.652000,3
84.876868,0.009587380,-0.656000,3
84.890251,0.010354370,-0.660000,3
84.903686,0.009779128,-0.664000,3
84.917488,0.010066749,-0.668000,3
84.931293,0.009587380,-0.672000,3
84.945664,0.009779128,-0.676000,3
84.959697,0.009970875,-0.680000,3
84.973367,0.009875001,-0.684000,3
84.986982,0.009683254,-0.688000,3
85.001071,0.009108011,-0.692000,3
85.014636,0.010354370,-0.696000,3
85.028171,0.010066749,-0.700000,3
85.042076,0.009970875,-0.704000,3
85.055263,0.010354370,-0.708000,3
85.069561,0.009779128,-0.712000,3
85.083504,0.010066749,-0.716000,3
85.096951,0.010066749,-0.720000,3
85.110695,0.010066749,-0.724000,3
85.124131,0.010162623,-0.728000,3
85.138457,0.010354370,-0.732000,3
85.151845,0.010066749,-0.736000,3
85.165391,0.010162623,-0.740000,3
85.179210,0.010641992,-0.744000,3
85.192578,0.010641992,-0.748000,3
85.206623,0.010641992,-0.752000,3
85.220628,0.010929613,-0.756000,3
85.234590,0.010354370,-0.760000,3
85.248599,0.009970875,-0.764000,3
85.262384,0.010546118,-0.768000,3
85.276167,0.009875001,-0.772000,3
85.290273,0.010546118,-0.776000,3
85.303872,0.010929613,-0.780000,3
85.317333,0.011504856,-0.784000,3
85.331053,0.010546118,-0.788000,3
85.344488,0.011025487,-0.792000,3
85.358868,0.010737866,-0.796000,3
85.372523,0.011313108,-0.800000,3
85.386540,0.011121361,-0.804000,3
85.400080,0.010546118,-0.808000,3
85.413797,0.010641992,-0.812000,3
85.427452,0.010833739,-0.816000,3
85.441223,0.011025487,-0.820000,3
85.454874,0.010737866,-0.824000,3
85.468621,0.011121361,-0.828000,3
85.482525,0.011313108,-0.832000,3
85.496055,0.011025487,-0.836000,3
85.509901,0.011600730,-0.840000,3
85.523474,0.011792477,-0.844000,3
85.537066,0.011408982,-0.848000,3
85.550816,0.010929613,-0.852000,3
85.564476,0.011600730,-0.856000,3
85.578106,0.011696604,-0.860000,3
85.591708,0.011600730,-0.864000,3
85.605661,0.011217235,-0.868000,3
85.619177,0.011696604,-0.872000,3
85.632742,0.011792477,-0.876000,3
85.646882,0.011792477,-0.880000,3
85.660257,0.012175973,-0.884000,3
85.674014,0.011504856,-0.888000,3
85.688141,0.011696604,-0.892000,3
85.701513,0.011600730,-0.896000,3
85.715063,0.012367720,-0.900000,3
85.729206,0.011888351,-0.904000,3
85.743045,0.012271846,-0.908000,3
85.756576,0.011696604,-0.912000,3
85.770237,0.012367720,-0.916000,3
85.784545,0.012080099,-0.920000,3
85.798418,0.011025487,-0.924000,3
85.812587,0.012175973,-0.928000,3
85.826566,0.012175973,-0.932000,3
85.839874,0.012080099,-0.936000,3
85.853244,0.012367720,-0.940000,3
85.866797,0.012175973,-0.944000,3
85.880254,0.012080099,-0.948000,3
85.893595,0.012367720,-0.952000,3
85.907373,0.012080099,-0.956000,3
85.922005,0.011984225,-0.960000,3
85.935311,0.011792477,-0.964000,3
85.948624,0.011984225,-0.968000,3
85.962266,0.012559468,-0.972000,3
85.975833,0.012367720,-0.976000,3
85.989401,0.012175973,-0.980000,3
86.002943,0.012080099,-0.984000,3
86.016558,0.011984225,-0.988000,3
86.030200,0.012463594,-0.992000,3
86.043847,0.012367720,-0.996000,3
86.057996,0.012367720,-1.000000,3
86.071687,0.013134710,-1.004000,3
86.086034,0.012463594,-1.008000,3
86.099713,0.012559468,-1.012000,3
86.113850,0.012847089,-1.016000,3
86.127125,0.012847089,-1.020000,3
86.141242,0.012463594,-1.024000,3
86.154855,0.012367720,-1.028000,3
86.169006,0.012847089,-1.032000,3
86.182518,0.012367720,-1.036000,3
86.196702,0.012942963,-1.040000,3
86.210558,0.013038837,-1.044000,3
86.224284,0.012559468,-1.048000,3
86.238056,0.012463594,-1.052000,3
86.251422,0.012367720,-1.056000,3
86.264897,0.012751215,-1.060000,3
86.279023,0.011984225,-1.064000,3
86.292534,0.012463594,-1.068000,3
86.306102,0.012847089,-1.072000,3
86.319798,0.012559468,-1.076000,3
86.332907,0.012655342,-1.080000,3
86.346735,0.012367720,-1.084000,3
86.360829,0.012655342,-1.088000,3
86.374349,0.012942963,-1.092000,3
86.387873,0.012847089,-1.096000,3
86.402345,0.012559468,-1.100000,3
86.415726,0.012751215,-1.104000,3
86.429338,0.012559468,-1.108000,3
86.443851,0.012367720,-1.112000,3
86.457059,0.013230584,-1.116000,3
86.470808,0.013038837,-1.120000,3
86.484296,0.012463594,-1.124000,3
86.498097,0.013134710,-1.128000,3
86.512061,0.013134710,-1.132000,3
86.525374,0.012655342,-1.136000,3
86.539284,0.013134710,-1.140000,3
86.552962,0.012751215,-1.144000,3
86.566483,0.013134710,-1.148000,3
86.580111,0.013038837,-1.152000,3
86.594422,0.013134710,-1.156000,3
86.607958,0.012847089,-1.160000,3
86.621936,0.013230584,-1.164000,3
86.636036,0.013134710,-1.168000,3
86.650099,0.013134710,-1.172000,3
86.663675,0.013230584,-1.176000,3
86.677331,0.013134710,-1.180000,3
86.692003,0.013709953,-1.184000,3
86.705594,0.013038837,-1.188000,3
86.719516,0.013230584,-1.192000,3
86.733492,0.012942963,-1.196000,3
86.747000,0.013038837,-1.200000,3
86.761269,0.013518206,-1.204000,3
86.774825,0.013038837,-1.208000,3
86.788851,0.013230584,-1.212000,3
86.802300,0.013518206,-1.216000,3
86.816059,0.013230584,-1.220000,3
86.830865,0.013326458,-1.224000,3
86.844373,0.014093448,-1.228000,3
86.858154,0.013997575,-1.232000,3
86.872284,0.013805827,-1.236000,3
86.887745,0.013901701,-1.240000,3
86.900915,0.013805827,-1.244000,3
86.914647,0.013709953,-1.248000,3
86.928178,0.014093448,-1.252000,3
86.942429,0.013709953,-1.256000,3
86.955960,0.013422332,-1.260000,3
86.969572,0.013422332,-1.264000,3
86.983896,0.014093448,-1.268000,3
86.997579,0.013805827,-1.272000,3
87.011314,0.013518206,-1.276000,3
87.025066,0.013614079,-1.280000,3
87.038854,0.013805827,-1.284000,3
87.052136,0.013709953,-1.288000,3
87.065849,0.014093448,-1.292000,3
87.079364,0.013997575,-1.296000,3
87.092868,0.013709953,-1.300000,3
87.106591,0.014093448,-1.304000,3
87.120084,0.014093448,-1.308000,3
87.133873,0.013901701,-1.312000,3
87.147358,0.013614079,-1.316000,3
87.160688,0.013709953,-1.320000,3
87.174507,0.014285196,-1.324000,3
87.187844,0.013901701,-1.328000,3
87.201538,0.013997575,-1.332000,3
87.215272,0.013805827,-1.336000,3
87.229354,0.013518206,-1.340000,3
87.242637,0.013901701,-1.344000,3
87.256090,0.014285196,-1.348000,3
87.269953,0.013901701,-1.352000,3
87.283540,0.013997575,-1.356000,3
87.297113,0.013614079,-1.360000,3
87.311514,0.014285196,-1.364000,3
87.325094,0.013518206,-1.368000,3
87.338695,0.014093448,-1.372000,3
87.352825,0.014572817,-1.376000,3
87.366836,0.013901701,-1.380000,3
87.380579,0.015052186,-1.384000,3
87.394353,0.014668691,-1.388000,3
87.409106,0.014189322,-1.392000,3
87.422820,0.014189322,-1.396000,3
87.436503,0.013997575,-1.400000,3
87.450717,0.014668691,-1.404000,3
87.464808,0.014285196,-1.408000,3
87.478898,0.014381070,-1.412000,3
87.492885,0.014093448,-1.416000,3
87.506810,0.014381070,-1.420000,3
87.521109,0.013901701,-1.424000,3
87.534488,0.013901701,-1.428000,3
87.547768,0.013997575,-1.432000,3
87.562016,0.013901701,-1.436000,3
87.575634,0.014381070,-1.440000,3
87.590135,0.014668691,-1.444000,3
87.603781,0.014381070,-1.448000,3
87.617760,0.014189322,-1.452000,3
87.631089,0.014572817,-1.456000,3
87.644771,0.015243934,-1.460000,3
87.658626,0.014572817,-1.464000,3
87.672155,0.014381070,-1.468000,3
87.686321,0.014476944,-1.472000,3
87.700598,0.014381070,-1.476000,3
87.714164,0.015052186,-1.480000,3
87.728209,0.014668691,-1.484000,3
87.742598,0.014093448,-1.488000,3
87.756356,0.014189322,-1.492000,3
87.770727,0.014764565,-1.496000,3
87.784651,0.015243934,-1.500000,3
87.798441,0.014381070,-1.504000,3
87.811830,0.014381070,-1.508000,3
87.825848,0.014476944,-1.512000,3
87.840092,0.013997575,-1.516000,3
87.853558,0.014860439,-1.520000,3
87.867534,0.014860439,-1.524000,3
87.881747,0.014764565,-1.528000,3
87.895213,0.014189322,-1.532000,3
87.908952,0.014860439,-1.536000,3
87.922804,0.014668691,-1.540000,3
87.936656,0.015052186,-1.544000,3
87.950002,0.014381070,-1.548000,3
87.963638,0.014860439,-1.552000,3
87.977675,0.014668691,-1.556000,3
87.991118,0.015052186,-1.560000,3
88.004848,0.015243934,-1.564000,3
88.018645,0.014668691,-1.568000,3
88.032716,0.014668691,-1.572000,3
88.046141,0.014381070,-1.576000,3
88.060097,0.014572817,-1.580000,3
88.073958,0.015243934,-1.584000,3
88.087910,0.014860439,-1.588000,3
88.101553,0.014956313,-1.592000,3
88.115478,0.015052186,-1.596000,3
88.129614,0.015052186,-1.600000,3
88.143356,0.014381070,-1.604000,3
88.157272,0.014381070,-1.608000,3
88.171023,0.014668691,-1.612000,3
88.184663,0.015148060,-1.616000,3
88.198490,0.015148060,-1.620000,3
88.211981,0.014860439,-1.624000,3
88.225934,0.015148060,-1.628000,3
88.239550,0.014956313,-1.632000,3
88.253965,0.014572817,-1.636000,3
88.267493,0.014956313,-1.640000,3
88.281364,0.014956313,-1.644000,3
88.295648,0.014381070,-1.648000,3
88.309088,0.014764565,-1.652000,3
88.322898,0.014860439,-1.656000,3
88.336364,0.015243934,-1.660000,3
88.349943,0.014189322,-1.664000,3
88.363881,0.014860439,-1.668000,3
88.377780,0.015243934,-1.672000,3
88.391325,0.014572817,-1.676000,3
88.405338,0.014668691,-1.680000,3
88.418920,0.014956313,-1.684000,3
88.432721,0.014668691,-1.688000,3
88.446579,0.014956313,-1.692000,3
88.460103,0.015052186,-1.696000,3
88.473844,0.015052186,-1.700000,3
88.487138,0.014764565,-1.704000,3
88.500587,0.014860439,-1.708000,3
88.514321,0.015052186,-1.712000,3
88.528110,0.014668691,-1.716000,3
88.542381,0.014956313,-1.720000,3
88.556633,0.014572817,-1.724000,3
88.569983,0.015339808,-1.728000,3
88.583530,0.014668691,-1.732000,3
88.597621,0.014764565,-1.736000,3
88.610943,0.014668691,-1.740000,3
88.624729,0.015531555,-1.744000,3
88.638637,0.015148060,-1.748000,3
88.652246,0.014476944,-1.752000,3
88.665669,0.014764565,-1.756000,3
88.679237,0.015243934,-1.760000,3
88.692966,0.015339808,-1.764000,3
88.706500,0.015148060,-1.768000,3
88.719795,0.014764565,-1.772000,3
88.733603,0.014956313,-1.776000,3
88.747782,0.015148060,-1.780000,3
88.761252,0.015627429,-1.784000,3
88.775032,0.015052186,-1.788000,3
88.789056,0.014860439,-1.792000,3
88.803345,0.015339808,-1.796000,3
88.816570,0.014956313,-1.800000,3
88.830446,0.015052186,-1.804000,3
88.843943,0.014860439,-1.808000,3
88.857684,0.015627429,-1.812000,3
88.870964,0.014956313,-1.816000,3
88.884770,0.015627429,-1.820000,3
88.898202,0.015531555,-1.824000,3
88.911868,0.015339808,-1.828000,3
88.925340,0.015723303,-1.832000,3
88.939746,0.015627429,-1.836000,3
88.954149,0.014668691,-1.840000,3
88.967406,0.015243934,-1.844000,3
88.980384,0.014860439,-1.848000,3
88.996024,0.015339808,-1.852000,3
89.009198,0.015148060,-1.856000,3
89.022405,0.014476944,-1.860000,3
89.036188,0.015052186,-1.864000,3
89.049537,0.014860439,-1.868000,3
89.063273,0.015435682,-1.872000,3
89.076893,0.015243934,-1.876000,3
89.090361,0.015627429,-1.880000,3
89.104014,0.015531555,-1.884000,3
89.117869,0.015243934,-1.888000,3
89.131597,0.015435682,-1.892000,3
89.146158,0.015148060,-1.896000,3
89.160171,0.014668691,-1.900000,3
89.173829,0.014956313,-1.904000,3
89.187587,0.015435682,-1.908000,3
89.201840,0.015435682,-1.912000,3
89.215281,0.015915051,-1.916000,3
89.229032,0.015627429,-1.920000,3
89.243104,0.014860439,-1.924000,3
89.256848,0.014476944,-1.928000,3
89.270431,0.014668691,-1.932000,3
89.284731,0.015435682,-1.936000,3
89.299095,0.015915051,-1.940000,3
89.312477,0.015915051,-1.944000,3
89.326493,0.014764565,-1.948000,3
89.340426,0.015339808,-1.952000,3
89.354123,0.015339808,-1.956000,3
89.367988,0.014668691,-1.960000,3
89.382535,0.014764565,-1.964000,3
89.395937,0.015052186,-1.968000,3
89.409869,0.014860439,-1.972000,3
89.423565,0.015243934,-1.976000,3
89.437116,0.015531555,-1.980000,3
89.450364,0.015339808,-1.984000,3
89.463142,0.014668691,-1.988000,3
89.475978,0.015243934,-1.992000,3
89.489703,0.015052186,-1.996000,3
89.503211,0.014476944,-2.000000,3
89.516697,0.014860439,-2.000000,3
89.530054,0.015627429,-2.000000,3
89.543679,0.015243934,-2.000000,3
89.557224,0.015435682,-2.000000,3
89.571051,0.015148060,-2.000000,3
89.584549,0.015243934,-2.000000,3
89.598243,0.015339808,-2.000000,3
89.611568,0.015243934,-2.000000,3
89.625036,0.015531555,-2.000000,3
89.638642,0.015339808,-2.000000,3
89.652451,0.014476944,-2.000000,3
89.665795,0.014764565,-2.000000,3
89.679275,0.015052186,-2.000000,3
89.693089,0.015531555,-2.000000,3
89.706434,0.015148060,-2.000000,3
89.720234,0.015052186,-2.000000,3
89.733512,0.015435682,-2.000000,3
89.747175,0.015531555,-2.000000,3
89.760729,0.014860439,-2.000000,3
89.774676,0.015627429,-2.000000,3
89.788200,0.015052186,-2.000000,3
89.801901,0.015339808,-2.000000,3
89.815781,0.015339808,-2.000000,3
89.829573,0.015052186,-2.000000,3
89.843109,0.014764565,-2.000000,3
89.857376,0.015052186,-2.000000,3
89.871404,0.014956313,-2.000000,3
89.884497,0.015148060,-2.000000,3
89.898039,0.014956313,-2.000000,3
89.911928,0.015148060,-2.000000,3
89.925702,0.015148060,-2.000000,3
89.939178,0.015531555,-2.000000,3
89.952698,0.015723303,-2.000000,3
89.966774,0.015435682,-2.000000,3
89.980109,0.015339808,-2.000000,3
89.993620,0.015243934,-2.000000,3
90.007310,0.015627429,-2.000000,3
90.021352,0.015243934,-2.000000,3
90.035070,0.015435682,-2.000000,3
90.048919,0.015435682,-2.000000,3
90.062691,0.014764565,-2.000000,3
90.076003,0.015339808,-2.000000,3
90.090137,0.015531555,-2.000000,3
90.103880,0.015339808,-2.000000,3
90.117965,0.015052186,-2.000000,3
90.131893,0.015243934,-2.000000,3
90.146088,0.015435682,-2.000000,3
90.159467,0.015339808,-2.000000,3
90.172867,0.014189322,-2.000000,3
90.186619,0.015148060,-2.000000,3
90.199938,0.014668691,-2.000000,3
90.213044,0.014668691,-2.000000,3
90.226760,0.014860439,-2.000000,3
90.240364,0.015052186,-2.000000,3
90.254283,0.015531555,-2.000000,3
90.267923,0.014668691,-2.000000,3
90.281608,0.015339808,-2.000000,3
90.295078,0.015148060,-2.000000,3
90.309263,0.015243934,-2.000000,3
90.322721,0.015243934,-2.000000,3
90.336213,0.014956313,-2.000000,3
90.349998,0.014764565,-2.000000,3
90.363529,0.015148060,-2.000000,3
90.377034,0.014572817,-2.000000,3
90.391439,0.015435682,-2.000000,3
90.404942,0.016106798,-2.000000,3
90.418848,0.015531555,-2.000000,3
90.433499,0.015723303,-2.000000,3
90.447500,0.016010924,-2.000000,3
90.461135,0.015915051,-2.000000,3
90.475168,0.014764565,-2.000000,3
90.488634,0.015148060,-2.000000,3
90.502463,0.014764565,-2.000000,3
90.516469,0.015339808,-2.000000,3
90.530175,0.015052186,-2.000000,3
90.543946,0.015435682,-2.000000,3
90.557077,0.015435682,-2.000000,3
90.570411,0.015627429,-2.000000,3
90.583213,0.015435682,-2.000000,3
90.597120,0.015723303,-2.000000,3
90.610634,0.015148060,-2.000000,3
90.624500,0.015627429,-2.000000,3
90.638657,0.014860439,-2.000000,3
90.653045,0.014956313,-2.000000,3
90.667611,0.015243934,-2.000000,3
90.681020,0.015531555,-2.000000,3
90.695304,0.015531555,-2.000000,3
90.708632,0.015627429,-2.000000,3
90.722793,0.016010924,-2.000000,3
90.736301,0.015243934,-2.000000,3
90.750521,0.015148060,-2.000000,3
90.765254,0.015243934,-2.000000,3
90.778968,0.015148060,-2.000000,3
90.792669,0.015243934,-2.000000,3
90.806406,0.015339808,-2.000000,3
90.820294,0.015435682,-2.000000,3
90.834288,0.015148060,-2.000000,3
90.847847,0.015435682,-2.000000,3
90.861773,0.015243934,-2.000000,3
90.875770,0.015531555,-2.000000,3
90.889184,0.015243934,-2.000000,3
90.903185,0.015627429,-2.000000,3
90.916858,0.015148060,-2.000000,3
90.930768,0.015243934,-2.000000,3
90.944593,0.015148060,-2.000000,3
90.958543,0.015339808,-2.000000,3
90.972308,0.014668691,-2.000000,3
90.986389,0.015435682,-2.000000,3
90.999983,0.014668691,-2.000000,3
91.013804,0.014764565,-2.000000,3
91.027719,0.015339808,-2.000000,3
91.041562,0.015627429,-2.000000,3
91.055010,0.015531555,-2.000000,3
91.069031,0.015339808,-2.000000,3
91.083056,0.015243934,-2.000000,3
91.096335,0.015435682,-2.000000,3
91.110495,0.015339808,-2.000000,3
91.124123,0.015339808,-2.000000,3
91.138953,0.015435682,-2.000000,3
91.152281,0.015819177,-2.000000,3
91.166180,0.015243934,-2.000000,3
91.180091,0.015627429,-2.000000,3
91.193478,0.016010924,-2.000000,3
91.207054,0.014860439,-2.000000,3
91.221360,0.015531555,-2.000000,3
91.235230,0.015531555,-2.000000,3
91.248693,0.016010924,-2.000000,3
91.262224,0.015148060,-2.000000,3
91.275759,0.015531555,-2.000000,3
91.289255,0.014764565,-2.000000,3
91.302964,0.015627429,-2.000000,3
91.316654,0.014956313,-2.000000,3
91.331168,0.014668691,-2.000000,3
91.344719,0.014956313,-2.000000,3
91.358348,0.015435682,-2.000000,3
91.372003,0.015435682,-2.000000,3
91.385834,0.014860439,-2.000000,3
91.399556,0.014860439,-2.000000,3
91.414238,0.015339808,-2.000000,3
91.427652,0.014764565,-2.000000,3
91.441993,0.015435682,-2.000000,3
91.456855,0.015819177,-2.000000,3
91.470181,0.014764565,-2.000000,3
91.483713,0.015243934,-2.000000,3
91.497712,0.014956313,-2.000000,3
91.511234,0.015627429,-2.000000,3
91.524944,0.016106798,-2.000000,3
91.538853,0.015339808,-2.000000,3
91.552974,0.015243934,-2.000000,3
91.566939,0.015819177,-2.000000,3
91.580441,0.015531555,-2.000000,3
91.594830,0.015627429,-2.000000,3
91.608538,0.015243934,-2.000000,3
91.622557,0.015531555,-2.000000,3
91.636240,0.014860439,-2.000000,3
91.650854,0.015531555,-2.000000,3
91.664601,0.015435682,-2.000000,3
91.678758,0.015819177,-2.000000,3
91.693014,0.015052186,-2.000000,3
91.706374,0.014860439,-2.000000,3
91.720482,0.015148060,-2.000000,3
91.734776,0.015435682,-2.000000,3
91.748508,0.015435682,-2.000000,3
91.762396,0.015915051,-2.000000,3
91.776227,0.016202672,-2.000000,3
91.790651,0.015243934,-2.000000,3
91.804170,0.014860439,-2.000000,3
91.817631,0.015339808,-2.000000,3
91.831795,0.015339808,-2.000000,3
91.845135,0.015243934,-2.000000,3
91.858805,0.015339808,-2.000000,3
91.873235,0.015915051,-2.000000,3
91.886912,0.015627429,-2.000000,3
91.900594,0.015531555,-2.000000,3
91.915271,0.015627429,-2.000000,3
91.928656,0.015627429,-2.000000,3
91.942920,0.015435682,-2.000000,3
91.956430,0.015531555,-2.000000,3
91.970458,0.015723303,-2.000000,3
91.984074,0.015915051,-2.000000,3
91.997552,0.015339808,-2.000000,3
92.011188,0.015915051,-2.000000,3
92.025164,0.015052186,-2.000000,3
92.038755,0.015435682,-2.000000,3
92.052859,0.015627429,-2.000000,3
92.066919,0.015435682,-2.000000,3
92.081182,0.016202672,-2.000000,3
92.094976,0.015339808,-2.000000,3
92.108791,0.015435682,-2.000000,3
92.122779,0.015915051,-2.000000,3
92.136295,0.015339808,-2.000000,3
92.150065,0.014764565,-2.000000,3
92.164128,0.014956313,-2.000000,3
92.178098,0.015915051,-2.000000,3
92.191424,0.016682041,-2.000000,3
92.204792,0.015339808,-2.000000,3
92.218530,0.015243934,-2.000000,3
92.232416,0.015052186,-2.000000,3
92.245882,0.015339808,-2.000000,3
92.259326,0.015148060,-2.000000,3
92.273185,0.014956313,-2.000000,3
92.287133,0.014956313,-1.996000,3
92.300682,0.015627429,-1.992000,3
92.314500,0.015435682,-1.988000,3
92.328320,0.016106798,-1.984000,3
92.341859,0.015243934,-1.980000,3
92.354944,0.015627429,-1.976000,3
92.369294,0.015148060,-1.972000,3
92.382708,0.014956313,-1.968000,3
92.397154,0.014956313,-1.964000,3
92.410588,0.015531555,-1.960000,3
92.423812,0.014381070,-1.956000,3
92.437652,0.015148060,-1.952000,3
92.451209,0.015819177,-1.948000,3
92.464752,0.015819177,-1.944000,3
92.478684,0.015435682,-1.940000,3
92.492226,0.015243934,-1.936000,3
92.505833,0.014860439,-1.932000,3
92.519696,0.015627429,-1.928000,3
92.533304,0.015339808,-1.924000,3
92.547325,0.015531555,-1.920000,3
92.560610,0.015531555,-1.916000,3
92.574180,0.015339808,-1.912000,3
92.588265,0.014764565,-1.908000,3
92.601635,0.015723303,-1.904000,3
92.615273,0.015723303,-1.900000,3
92.628817,0.015723303,-1.896000,3
92.643169,0.015435682,-1.892000,3
92.656525,0.016202672,-1.888000,3
92.670326,0.014860439,-1.884000,3
92.684325,0.014764565,-1.880000,3
92.698035,0.015339808,-1.876000,3
92.711845,0.016298546,-1.872000,3
92.725931,0.015052186,-1.868000,3
92.739785,0.015052186,-1.864000,3
92.754064,0.015435682,-1.860000,3
92.767876,0.014956313,-1.856000,3
92.781316,0.015627429,-1.852000,3
92.794882,0.015243934,-1.848000,3
92.808698,0.014860439,-1.844000,3
92.822628,0.014476944,-1.840000,3
92.836852,0.015052186,-1.836000,3
92.850757,0.015531555,-1.832000,3
92.865050,0.015627429,-1.828000,3
92.879184,0.015339808,-1.824000,3
92.892497,0.015723303,-1.820000,3
92.906551,0.015435682,-1.816000,3
92.920375,0.015531555,-1.812000,3
92.933949,0.015723303,-1.808000,3
92.948193,0.015435682,-1.804000,3
92.961824,0.015723303,-1.800000,3
92.975305,0.015435682,-1.796000,3
92.988758,0.015627429,-1.792000,3
93.002516,0.015243934,-1.788000,3
93.016424,0.015819177,-1.784000,3
93.030411,0.015243934,-1.780000,3
93.044598,0.015339808,-1.776000,3
93.058073,0.015723303,-1.772000,3
93.071835,0.015339808,-1.768000,3
93.086289,0.014956313,-1.764000,3
93.099926,0.014956313,-1.760000,3
93.114023,0.015243934,-1.756000,3
93.128455,0.015435682,-1.752000,3
93.141635,0.015723303,-1.748000,3
93.155373,0.015531555,-1.744000,3
93.169214,0.015435682,-1.740000,3
93.182587,0.015435682,-1.736000,3
93.196990,0.015531555,-1.732000,3
93.211493,0.016394420,-1.728000,3
93.224629,0.016010924,-1.724000,3
93.238290,0.014860439,-1.720000,3
93.252040,0.015243934,-1.716000,3
93.265594,0.015627429,-1.712000,3
93.279377,0.015243934,-1.708000,3
93.293462,0.015148060,-1.704000,3
93.307994,0.015435682,-1.700000,3
93.321747,0.015339808,-1.696000,3
93.335741,0.015435682,-1.692000,3
93.349278,0.015531555,-1.688000,3
93.363453,0.015723303,-1.684000,3
93.376705,0.015243934,-1.680000,3
93.391772,0.015243934,-1.676000,3
93.405297,0.015915051,-1.672000,3
93.419379,0.015339808,-1.668000,3
93.432901,0.015339808,-1.664000,3
93.446766,0.015723303,-1.660000,3
93.461248,0.015339808,-1.656000,3
93.474830,0.015819177,-1.652000,3
93.488185,0.016106798,-1.648000,3
93.501977,0.014860439,-1.644000,3
93.515341,0.015243934,-1.640000,3
93.529598,0.015052186,-1.636000,3
93.543694,0.015339808,-1.632000,3
93.557109,0.015148060,-1.628000,3
93.570875,0.014764565,-1.624000,3
93.584745,0.015627429,-1.620000,3
93.598415,0.016106798,-1.616000,3
93.612214,0.015435682,-1.612000,3
93.625898,0.015052186,-1.608000,3
93.639913,0.015052186,-1.604000,3
93.653408,0.015819177,-1.600000,3
93.667056,0.014764565,-1.596000,3
93.680635,0.015339808,-1.592000,3
93.694775,0.015435682,-1.588000,3
93.708124,0.015339808,-1.584000,3
93.721346,0.015627429,-1.580000,3
93.735386,0.015915051,-1.576000,3
93.748991,0.015723303,-1.572000,3
93.762339,0.015339808,-1.568000,3
93.775865,0.014860439,-1.564000,3
93.789737,0.015819177,-1.560000,3
93.803238,0.015723303,-1.556000,3
93.816512,0.015243934,-1.552000,3
93.830375,0.015531555,-1.548000,3
93.843826,0.015819177,-1.544000,3
93.857675,0.015339808,-1.540000,3
93.872683,0.015148060,-1.536000,3
93.886126,0.015339808,-1.532000,3
93.899856,0.015435682,-1.528000,3
93.913879,0.015339808,-1.524000,3
93.927220,0.015339808,-1.520000,3
93.941115,0.015915051,-1.516000,3
93.954876,0.015148060,-1.512000,3
93.968729,0.015243934,-1.508000,3
93.982646,0.015627429,-1.504000,3
93.996183,0.015819177,-1.500000,3
94.009716,0.015723303,-1.496000,3
94.023761,0.015819177,-1.492000,3
94.037241,0.015243934,-1.488000,3
94.051178,0.015627429,-1.484000,3
94.065280,0.015052186,-1.480000,3
94.079559,0.015243934,-1.476000,3
94.092826,0.015627429,-1.472000,3
94.107183,0.016010924,-1.468000,3
94.121342,0.015339808,-1.464000,3
94.134844,0.015052186,-1.460000,3
94.148540,0.015052186,-1.456000,3
94.163360,0.015148060,-1.452000,3
94.176560,0.015531555,-1.448000,3
94.190500,0.015819177,-1.444000,3
94.204296,0.015627429,-1.440000,3
94.218014,0.015531555,-1.436000,3
94.231994,0.015531555,-1.432000,3
94.246320,0.015531555,-1.428000,3
94.260369,0.015339808,-1.424000,3
94.273860,0.015339808,-1.420000,3
94.287894,0.015723303,-1.416000,3
94.301378,0.016010924,-1.412000,3
94.315383,0.015627429,-1.408000,3
94.329008,0.014860439,-1.404000,3
94.342841,0.015627429,-1.400000,3
94.356602,0.015435682,-1.396000,3
94.370735,0.016010924,-1.392000,3
94.384693,0.014956313,-1.388000,3
94.398218,0.015915051,-1.384000,3
94.412390,0.015435682,-1.380000,3
94.426026,0.015435682,-1.376000,3
94.439034,0.015627429,-1.372000,3
94.451917,0.015339808,-1.368000,3
94.464694,0.015531555,-1.364000,3
94.477501,0.015723303,-1.360000,3
94.490862,0.015819177,-1.356000,3
94.504381,0.014860439,-1.352000,3
94.517740,0.015243934,-1.348000,3
94.530953,0.015339808,-1.344000,3
94.544994,0.014956313,-1.340000,3
94.558478,0.015243934,-1.336000,3
94.572446,0.015148060,-1.332000,3
94.585980,0.015531555,-1.328000,3
94.599712,0.015819177,-1.324000,3
94.613778,0.015723303,-1.320000,3
94.627518,0.015052186,-1.316000,3
94.641475,0.015435682,-1.312000,3
94.655015,0.015435682,-1.308000,3
94.668827,0.015723303,-1.304000,3
94.682920,0.015148060,-1.300000,3
94.696344,0.014956313,-1.296000,3
94.710021,0.015148060,-1.292000,3
94.724043,0.015243934,-1.288000,3
94.737860,0.015627429,-1.284000,3
94.752485,0.015723303,-1.280000,3
94.766837,0.015723303,-1.276000,3
94.780215,0.015339808,-1.272000,3
94.794447,0.015531555,-1.268000,3
94.808172,0.015052186,-1.264000,3
94.821979,0.015435682,-1.260000,3
94.835372,0.015531555,-1.256000,3
94.848626,0.015435682,-1.252000,3
94.862840,0.015243934,-1.248000,3
94.876293,0.014860439,-1.244000,3
94.889799,0.015723303,-1.240000,3
94.903607,0.015052186,-1.236000,3
94.917382,0.014956313,-1.232000,3
94.931270,0.015339808,-1.228000,3
94.944682,0.015243934,-1.224000,3
94.958525,0.015723303,-1.220000,3
94.972554,0.015148060,-1.216000,3
94.986119,0.015339808,-1.212000,3
94.999659,0.014860439,-1.208000,3
95.013295,0.015723303,-1.204000,3
95.027421,0.015243934,-1.200000,3
95.040751,0.015243934,-1.196000,3
95.054327,0.015435682,-1.192000,3
95.069199,0.014668691,-1.188000,3
95.082662,0.015148060,-1.184000,3
95.096057,0.015435682,-1.180000,3
95.109938,0.015243934,-1.176000,3
95.123513,0.014668691,-1.172000,3
95.136961,0.015052186,-1.168000,3
95.150546,0.014668691,-1.164000,3
95.164967,0.015243934,-1.160000,3
95.178951,0.014764565,-1.156000,3
95.192706,0.015435682,-1.152000,3
95.206417,0.015531555,-1.148000,3
95.220251,0.014956313,-1.144000,3
95.233807,0.014860439,-1.140000,3
95.247510,0.015243934,-1.136000,3
95.261209,0.014668691,-1.132000,3
95.274810,0.015148060,-1.128000,3
95.288522,0.015435682,-1.124000,3
95.302209,0.014860439,-1.120000,3
95.315835,0.015339808,-1.116000,3
95.330203,0.015052186,-1.112000,3
95.343776,0.015243934,-1.108000,3
95.357791,0.015339808,-1.104000,3
95.371392,0.015435682,-1.100000,3
95.385725,0.014476944,-1.096000,3
95.399017,0.015339808,-1.092000,3
95.413096,0.014860439,-1.088000,3
95.426864,0.015052186,-1.084000,3
95.441084,0.015052186,-1.080000,3
95.454494,0.014860439,-1.076000,3
95.468229,0.015148060,-1.072000,3
95.482325,0.014572817,-1.068000,3
95.496129,0.014764565,-1.064000,3
95.510955,0.014668691,-1.060000,3
95.525110,0.015243934,-1.056000,3
95.538526,0.014956313,-1.052000,3
95.551992,0.014860439,-1.048000,3
95.565211,0.015243934,-1.044000,3
95.578697,0.014764565,-1.040000,3
95.592409,0.014956313,-1.036000,3
95.605928,0.014381070,-1.032000,3
95.619407,0.015148060,-1.028000,3
95.635494,0.015435682,-1.024000,3
95.648632,0.015052186,-1.020000,3
95.662242,0.014764565,-1.016000,3
95.675462,0.014764565,-1.012000,3
95.689612,0.015339808,-1.008000,3
95.702755,0.015148060,-1.004000,3
95.716616,0.014956313,-1.000000,3
95.730692,0.014476944,-0.996000,3
95.744056,0.015243934,-0.992000,3
95.757921,0.015243934,-0.988000,3
95.771869,0.014764565,-0.984000,3
95.784984,0.014860439,-0.980000,3
95.798658,0.014572817,-0.976000,3
95.812312,0.014956313,-0.972000,3
95.826106,0.015531555,-0.968000,3
95.839223,0.014956313,-0.964000,3
95.852996,0.014860439,-0.960000,3
95.867324,0.014860439,-0.956000,3
95.881418,0.014860439,-0.952000,3
95.894725,0.015339808,-0.948000,3
95.908531,0.014956313,-0.944000,3
95.922221,0.015148060,-0.940000,3
95.935878,0.015052186,-0.936000,3
95.949929,0.015052186,-0.932000,3
95.963407,0.014860439,-0.928000,3
95.977376,0.015148060,-0.924000,3
95.990981,0.014668691,-0.920000,3
96.004636,0.014860439,-0.916000,3
96.018808,0.014572817,-0.912000,3
96.032367,0.014668691,-0.908000,3
96.046180,0.014764565,-0.904000,3
96.059693,0.014764565,-0.900000,3
96.073839,0.014381070,-0.896000,3
96.087698,0.014572817,-0.892000,3
96.101269,0.014956313,-0.888000,3
96.114852,0.015627429,-0.884000,3
96.128753,0.014956313,-0.880000,3
96.142311,0.014285196,-0.876000,3
96.156376,0.014572817,-0.872000,3
96.170107,0.015148060,-0.868000,3
96.183606,0.014860439,-0.864000,3
96.197217,0.014572817,-0.860000,3
96.210935,0.015052186,-0.856000,3
96.224251,0.014860439,-0.852000,3
96.238180,0.014668691,-0.848000,3
96.251493,0.014572817,-0.844000,3
96.265540,0.014956313,-0.840000,3
96.279606,0.014668691,-0.836000,3
96.293740,0.014285196,-0.832000,3
96.306991,0.014572817,-0.828000,3
96.320651,0.014764565,-0.824000,3
96.334421,0.014668691,-0.820000,3
96.347927,0.014189322,-0.816000,3
96.361841,0.014764565,-0.812000,3
96.375649,0.014476944,-0.808000,3
96.389354,0.014476944,-0.804000,3
96.403011,0.014189322,-0.800000,3
96.417470,0.014476944,-0.796000,3
96.430827,0.014572817,-0.792000,3
96.444604,0.014381070,-0.788000,3
96.458374,0.014668691,-0.784000,3
96.471924,0.014572817,-0.780000,3
96.485221,0.013901701,-0.776000,3
96.499867,0.014956313,-0.772000,3
96.513229,0.014668691,-0.768000,3
96.526980,0.014476944,-0.764000,3
96.540997,0.015435682,-0.760000,3
96.554582,0.014285196,-0.756000,3
96.568439,0.014476944,-0.752000,3
96.582530,0.014476944,-0.748000,3
96.596510,0.014476944,-0.744000,3
96.610281,0.014764565,-0.740000,3
96.624536,0.015052186,-0.736000,3
96.638480,0.014285196,-0.732000,3
96.651778,0.014956313,-0.728000,3
96.665514,0.014764565,-0.724000,3
96.680250,0.014668691,-0.720000,3
96.693619,0.014956313,-0.716000,3
96.707289,0.014572817,-0.712000,3
96.721224,0.013805827,-0.708000,3
96.734375,0.014093448,-0.704000,3
96.749103,0.014668691,-0.700000,3
96.762793,0.014860439,-0.696000,3
96.776529,0.015052186,-0.692000,3
96.790340,0.014285196,-0.688000,3
96.803995,0.014572817,-0.684000,3
96.817955,0.014189322,-0.680000,3
96.831858,0.014572817,-0.676000,3
96.845339,0.014860439,-0.672000,3
96.859422,0.014476944,-0.668000,3
96.873230,0.014189322,-0.664000,3
96.887222,0.014572817,-0.660000,3
96.900913,0.014189322,-0.656000,3
96.914415,0.014285196,-0.652000,3
96.928627,0.014093448,-0.648000,3
96.942467,0.014381070,-0.644000,3
96.957055,0.013997575,-0.640000,3
96.970555,0.014189322,-0.636000,3
96.983891,0.013997575,-0.632000,3
96.997974,0.014381070,-0.628000,3
97.011436,0.013997575,-0.624000,3
97.025257,0.014381070,-0.620000,3
97.039534,0.014189322,-0.616000,3
97.053534,0.014668691,-0.612000,3
97.067564,0.013997575,-0.608000,3
97.080854,0.014093448,-0.604000,3
97.095093,0.013709953,-0.600000,3
97.109122,0.014285196,-0.596000,3
97.122724,0.014189322,-0.592000,3
97.136473,0.014189322,-0.588000,3
97.150364,0.013709953,-0.584000,3
97.164134,0.013997575,-0.580000,3
97.178153,0.013901701,-0.576000,3
97.191916,0.013997575,-0.572000,3
97.206202,0.014381070,-0.568000,3
97.220065,0.014285196,-0.564000,3
97.234886,0.014093448,-0.560000,3
97.248288,0.013805827,-0.556000,3
97.262038,0.014381070,-0.552000,3
97.275713,0.013997575,-0.548000,3
97.289805,0.014381070,-0.544000,3
97.303103,0.013805827,-0.540000,3
97.316748,0.014189322,-0.536000,3
97.330758,0.013709953,-0.532000,3
97.344287,0.014285196,-0.528000,3
97.358691,0.014285196,-0.524000,3
97.372236,0.013997575,-0.520000,3
97.385791,0.014285196,-0.516000,3
97.399602,0.013709953,-0.512000,3
97.413328,0.014285196,-0.508000,3
97.426849,0.013997575,-0.504000,3
97.441810,0.014956313,-0.500000,3
97.455647,0.014860439,-0.496000,3
97.469208,0.014189322,-0.492000,3
97.483141,0.014189322,-0.488000,3
97.496677,0.014285196,-0.484000,3
97.510488,0.013997575,-0.480000,3
97.524515,0.014093448,-0.476000,3
97.538043,0.013709953,-0.472000,3
97.551666,0.014285196,-0.468000,3
97.565248,0.013709953,-0.464000,3
97.579123,0.014189322,-0.460000,3
97.593685,0.013709953,-0.456000,3
97.607329,0.014189322,-0.452000,3
97.620988,0.013805827,-0.448000,3
97.634741,0.013997575,-0.444000,3
97.648368,0.014285196,-0.440000,3
97.662566,0.013901701,-0.436000,3
97.676068,0.013614079,-0.432000,3
97.689344,0.013709953,-0.428000,3
97.703068,0.014285196,-0.424000,3
97.716396,0.014285196,-0.420000,3
97.729857,0.013805827,-0.416000,3
97.743550,0.013709953,-0.412000,3
97.756805,0.013614079,-0.408000,3
97.770578,0.014285196,-0.404000,3
97.784947,0.013997575,-0.400000,3
97.798675,0.014093448,-0.396000,3
97.812691,0.013901701,-0.392000,3
97.826637,0.013805827,-0.388000,3
97.840744,0.013614079,-0.384000,3
97.854813,0.013805827,-0.380000,3
97.868987,0.014189322,-0.376000,3
97.882521,0.013326458,-0.372000,3
97.896320,0.013518206,-0.368000,3
97.909840,0.013614079,-0.364000,3
97.923132,0.013997575,-0.360000,3
97.937052,0.013805827,-0.356000,3
97.950560,0.013805827,-0.352000,3
97.964275,0.013038837,-0.348000,3
97.977758,0.013038837,-0.344000,3
97.991326,0.013326458,-0.340000,3
98.004971,0.013134710,-0.336000,3
98.019473,0.013518206,-0.332000,3
98.032892,0.013805827,-0.328000,3
98.046785,0.014189322,-0.324000,3
98.060231,0.013997575,-0.320000,3
98.074015,0.012942963,-0.316000,3
98.087842,0.013997575,-0.312000,3
98.101361,0.013422332,-0.308000,3
98.115638,0.013518206,-0.304000,3
98.129061,0.013709953,-0.300000,3
98.142820,0.013614079,-0.296000,3
98.156525,0.013326458,-0.292000,3
98.170578,0.013997575,-0.288000,3
98.184144,0.013805827,-0.284000,3
98.197894,0.013422332,-0.280000,3
98.211689,0.012751215,-0.276000,3
98.225120,0.013134710,-0.272000,3
98.239216,0.013038837,-0.268000,3
98.252467,0.013805827,-0.264000,3
98.266224,0.013326458,-0.260000,3
98.280253,0.012847089,-0.256000,3
98.294234,0.012847089,-0.252000,3
98.308472,0.012655342,-0.248000,3
98.322606,0.013422332,-0.244000,3
98.336850,0.013422332,-0.240000,3
98.350660,0.012942963,-0.236000,3
98.364681,0.013134710,-0.232000,3
98.378524,0.013038837,-0.228000,3
98.392367,0.013518206,-0.224000,3
98.407067,0.013422332,-0.220000,3
98.420638,0.013134710,-0.216000,3
98.434418,0.012847089,-0.212000,3
98.448182,0.013134710,-0.208000,3
98.462388,0.012942963,-0.204000,3
98.476056,0.012463594,-0.200000,3
98.489742,0.013038837,-0.196000,3
98.503408,0.013518206,-0.192000,3
98.517180,0.012463594,-0.188000,3
98.530890,0.013230584,-0.184000,3
98.544716,0.013134710,-0.180000,3
98.558765,0.012942963,-0.176000,3
98.572502,0.012559468,-0.172000,3
98.586257,0.013230584,-0.168000,3
98.600012,0.012847089,-0.164000,3
98.614129,0.012847089,-0.160000,3
98.627504,0.012463594,-0.156000,3
98.641210,0.013230584,-0.152000,3
98.655071,0.012559468,-0.148000,3
98.669036,0.012751215,-0.144000,3
98.682843,0.012942963,-0.140000,3
98.696456,0.012847089,-0.136000,3
98.710575,0.013134710,-0.132000,3
98.724327,0.013038837,-0.128000,3
98.738097,0.012942963,-0.124000,3
98.751944,0.013038837,-0.120000,3
98.765822,0.012751215,-0.116000,3
98.779549,0.012847089,-0.112000,3
98.792949,0.012559468,-0.108000,3
98.806420,0.012942963,-0.104000,3
98.820054,0.012271846,-0.100000,3
98.834135,0.012559468,-0.096000,3
98.847532,0.012847089,-0.092000,3
98.862219,0.012751215,-0.088000,3
98.876091,0.011408982,-0.084000,3
98.889834,0.012751215,-0.080000,3
98.903787,0.012367720,-0.076000,3
98.917616,0.011984225,-0.072000,3
98.931587,0.012367720,-0.068000,3
98.945876,0.012942963,-0.064000,3
98.959208,0.012367720,-0.060000,3
98.973395,0.012367720,-0.056000,3
98.986800,0.012463594,-0.052000,3
99.000852,0.012655342,-0.048000,3
99.014781,0.012175973,-0.044000,3
99.028149,0.012367720,-0.040000,3
99.041927,0.013038837,-0.036000,3
99.055460,0.012367720,-0.032000,3
99.069642,0.012271846,-0.028000,3
99.083361,0.011696604,-0.024000,3
99.097373,0.012080099,-0.020000,3
99.111361,0.012367720,-0.016000,3
99.124760,0.011984225,-0.012000,3
99.138433,0.012463594,-0.008000,3
99.152388,0.011696604,-0.004000,3
99.165917,0.012175973,0.000000,3
