time_s,encoder_pos_rad,output_torque_Nm,cycle
0.010563,-0.000287621,0.000000,1
0.023826,-0.000095874,0.020000,1
0.037220,0.000000000,0.040000,1
0.051200,0.000095874,0.060000,1
0.065386,0.000862864,0.080000,1
0.080746,0.000862864,0.100000,1
0.094322,0.000862864,0.120000,1
0.109107,0.000766990,0.140000,1
0.122366,0.001342233,0.160000,1
0.136450,0.001342233,0.180000,1
0.150636,0.001342233,0.200000,1
0.164625,0.002109224,0.220000,1
0.178252,0.002684466,0.240000,1
0.192595,0.002876214,0.260000,1
0.206070,0.003739078,0.280000,1
0.220272,0.003547331,0.300000,1
0.233825,0.004889564,0.320000,1
0.247939,0.005081311,0.340000,1
0.261896,0.005848302,0.360000,1
0.276204,0.006902914,0.380000,1
0.290358,0.007957525,0.400000,1
0.303822,0.011313108,0.420000,1
0.318019,0.014764565,0.440000,1
0.332256,0.021283983,0.460000,1
0.346122,0.022817964,0.480000,1
0.360541,0.022626217,0.500000,1
0.373941,0.022338595,0.520000,1
0.388030,0.022913838,0.540000,1
0.401734,0.022626217,0.560000,1
0.416067,0.022722090,0.580000,1
0.429373,0.023297333,0.600000,1
0.443080,0.023489081,0.620000,1
0.456551,0.024543693,0.640000,1
0.470621,0.024351945,0.660000,1
0.484478,0.024543693,0.680000,1
0.499511,0.024831314,0.700000,1
0.514060,0.025310683,0.720000,1
0.527711,0.025598304,0.740000,1
0.541183,0.025502431,0.760000,1
0.554363,0.025981800,0.780000,1
0.568543,0.026269421,0.800000,1
0.582227,0.026557042,0.820000,1
0.595864,0.026748790,0.840000,1
0.610289,0.027324033,0.860000,1
0.623980,0.027995149,0.880000,1
0.637683,0.028378645,0.900000,1
0.652029,0.028666266,0.920000,1
0.665638,0.028666266,0.940000,1
0.679632,0.029816752,0.960000,1
0.694776,0.029816752,0.980000,1
0.708109,0.030200247,1.000000,1
0.722511,0.030967237,1.020000,1
0.736188,0.031638354,1.040000,1
0.749989,0.031638354,1.060000,1
0.764639,0.032117723,1.080000,1
0.778068,0.032117723,1.100000,1
0.791708,0.033364082,1.120000,1
0.805730,0.033843451,1.140000,1
0.819489,0.034322820,1.160000,1
0.833011,0.034802189,1.180000,1
0.847527,0.035185684,1.200000,1
0.861495,0.035760927,1.220000,1
0.874933,0.036432044,1.240000,1
0.889309,0.036815539,1.260000,1
0.902705,0.037486656,1.280000,1
0.916180,0.038445393,1.300000,1
0.929818,0.039212384,1.320000,1
0.943748,0.039691753,1.340000,1
0.957811,0.040554617,1.360000,1
0.972085,0.041513355,1.380000,1
0.986514,0.042472093,1.400000,1
1.000573,0.042759714,1.420000,1
1.014144,0.044101948,1.440000,1
1.027727,0.044773064,1.460000,1
1.042294,0.044677190,1.480000,1
1.056198,0.044964812,1.500000,1
1.069718,0.045923550,1.520000,1
1.083300,0.046498793,1.540000,1
1.096860,0.047169909,1.560000,1
1.111445,0.047841026,1.580000,1
1.125606,0.047936900,1.600000,1
1.139429,0.048320395,1.620000,1
1.153089,0.049087385,1.640000,1
1.166857,0.048799764,1.660000,1
1.180437,0.049279133,1.680000,1
1.194480,0.050429618,1.700000,1
1.208200,0.050141997,1.720000,1
1.222390,0.051388356,1.740000,1
1.235935,0.051675978,1.760000,1
1.250467,0.051580104,1.780000,1
1.264445,0.051675978,1.800000,1
1.278289,0.052155347,1.820000,1
1.292325,0.052826463,1.840000,1
1.306792,0.053401706,1.860000,1
1.320276,0.053593454,1.880000,1
1.334194,0.053881075,1.900000,1
1.348041,0.054264570,1.920000,1
1.362358,0.054743939,1.940000,1
1.376808,0.054552192,1.960000,1
1.390372,0.055319182,1.980000,1
1.404491,0.055415056,2.000000,1
1.418877,0.055894425,2.020000,1
1.432565,0.056277920,2.040000,1
1.446834,0.057044911,2.060000,1
1.460450,0.056949037,2.080000,1
1.474242,0.057428406,2.100000,1
1.488909,0.057716027,2.120000,1
1.502346,0.057907775,2.140000,1
1.516451,0.057811901,2.160000,1
1.530219,0.058578891,2.180000,1
1.544237,0.058866513,2.200000,1
1.558398,0.059345882,2.220000,1
1.572051,0.059058260,2.240000,1
1.585663,0.059633503,2.260000,1
1.599442,0.059154134,2.280000,1
1.613704,0.059825251,2.300000,1
1.627807,0.060304620,2.320000,1
1.641831,0.060783989,2.340000,1
1.656346,0.060879863,2.360000,1
1.670171,0.060879863,2.380000,1
1.683876,0.060975736,2.400000,1
1.698058,0.061646853,2.420000,1
1.711962,0.061838601,2.440000,1
1.726259,0.062126222,2.460000,1
1.740095,0.062126222,2.480000,1
1.753960,0.062030348,2.500000,1
1.768175,0.062222096,2.520000,1
1.782348,0.062605591,2.540000,1
1.796421,0.062797339,2.560000,1
1.810409,0.062989086,2.580000,1
1.824237,0.063756076,2.600000,1
1.837593,0.063947824,2.620000,1
1.851594,0.063947824,2.640000,1
1.865692,0.063851950,2.660000,1
1.879366,0.064235445,2.680000,1
1.893529,0.064618941,2.700000,1
1.907420,0.064810688,2.720000,1
1.921250,0.064810688,2.740000,1
1.935724,0.064906562,2.760000,1
1.949380,0.065290057,2.780000,1
1.962783,0.065673552,2.800000,1
1.977263,0.065865300,2.820000,1
1.990807,0.065865300,2.840000,1
2.004649,0.066152921,2.860000,1
2.018662,0.066344669,2.880000,1
2.032984,0.066632290,2.900000,1
2.046334,0.067015786,2.920000,1
2.059886,0.067015786,2.940000,1
2.073525,0.067207533,2.960000,1
2.087002,0.067399281,2.980000,1
2.100580,0.067686902,3.000000,1
2.114399,0.067782776,3.020000,1
2.128378,0.067686902,3.040000,1
2.142345,0.067974524,3.060000,1
2.156353,0.068070397,3.080000,1
2.170125,0.068358019,3.100000,1
2.183831,0.068166271,3.120000,1
2.197735,0.068453893,3.140000,1
2.212009,0.069412631,3.160000,1
2.226457,0.069029135,3.180000,1
2.240028,0.069220883,3.200000,1
2.254638,0.069508504,3.220000,1
2.268579,0.069987873,3.240000,1
2.282558,0.070083747,3.260000,1
2.296496,0.070275495,3.280000,1
2.310795,0.070467242,3.300000,1
2.323946,0.070467242,3.320000,1
2.337542,0.070658990,3.340000,1
2.351268,0.070658990,3.360000,1
2.365203,0.071330107,3.380000,1
2.378987,0.071234233,3.400000,1
2.392822,0.071234233,3.420000,1
2.406161,0.071617728,3.440000,1
2.420047,0.072097097,3.460000,1
2.433926,0.072576466,3.480000,1
2.447916,0.072480592,3.500000,1
2.461778,0.072576466,3.520000,1
2.475729,0.073151709,3.540000,1
2.490804,0.073343456,3.560000,1
2.504621,0.073439330,3.580000,1
2.518218,0.073247583,3.600000,1
2.532219,0.074014573,3.620000,1
2.547203,0.074302194,3.640000,1
2.561053,0.074589816,3.660000,1
2.574764,0.074973311,3.680000,1
2.589104,0.074877437,3.700000,1
2.602741,0.075548554,3.720000,1
2.616444,0.075644428,3.740000,1
2.630958,0.075836175,3.760000,1
2.644927,0.075548554,3.780000,1
2.658185,0.075932049,3.800000,1
2.671502,0.076603166,3.820000,1
2.684806,0.076699039,3.840000,1
2.698152,0.076219670,3.860000,1
2.712541,0.077274282,3.880000,1
2.725816,0.076986661,3.900000,1
2.739263,0.078041273,3.920000,1
2.752234,0.077753651,3.940000,1
2.766169,0.078041273,3.960000,1
2.780151,0.078233020,3.980000,1
2.793877,0.079191758,4.000000,1
2.807968,0.079479380,4.020000,1
2.821788,0.078904137,4.040000,1
2.835272,0.079479380,4.060000,1
2.849254,0.079479380,4.080000,1
2.862644,0.080246370,4.100000,1
2.876218,0.080246370,4.120000,1
2.890562,0.080438118,4.140000,1
2.904503,0.080150496,4.160000,1
2.918452,0.080533991,4.180000,1
2.932960,0.080917487,4.200000,1
2.946066,0.081109234,4.220000,1
2.960057,0.081588603,4.240000,1
2.974186,0.081684477,4.260000,1
2.987517,0.081972098,4.280000,1
3.001437,0.082930836,4.300000,1
3.015257,0.083026710,4.320000,1
3.028523,0.083026710,4.340000,1
3.042310,0.083601953,4.360000,1
3.055763,0.083410205,4.380000,1
3.069741,0.084081322,4.400000,1
3.083072,0.084081322,4.420000,1
3.096593,0.084177196,4.440000,1
3.110257,0.084560691,4.460000,1
3.124192,0.085231808,4.480000,1
3.138207,0.085135934,4.500000,1
3.151993,0.085040060,4.520000,1
3.165531,0.085711177,4.540000,1
3.179054,0.085711177,4.560000,1
3.192852,0.086286419,4.580000,1
3.206562,0.086765788,4.600000,1
3.219941,0.086861662,4.620000,1
3.233714,0.086765788,4.640000,1
3.247415,0.087053410,4.660000,1
3.262467,0.087341031,4.680000,1
3.276184,0.087820400,4.700000,1
3.289854,0.088012148,4.720000,1
3.303610,0.088491517,4.740000,1
3.317572,0.088299769,4.760000,1
3.330938,0.088683264,4.780000,1
3.344598,0.088970886,4.800000,1
3.358568,0.089354381,4.820000,1
3.371912,0.089354381,4.840000,1
3.385841,0.089546128,4.860000,1
3.399218,0.089737876,4.880000,1
3.413642,0.090121371,4.900000,1
3.427445,0.090504866,4.920000,1
3.441343,0.090600740,4.940000,1
3.455653,0.090792488,4.960000,1
3.469236,0.090888362,4.980000,1
3.483432,0.091080109,5.000000,1
3.497363,0.091367731,5.020000,1
3.511053,0.091751226,5.040000,1
3.525378,0.091942973,5.060000,1
3.538566,0.092326469,5.080000,1
3.552408,0.092326469,5.100000,1
3.566262,0.092518216,5.120000,1
3.579967,0.092709964,5.140000,1
3.593426,0.093189333,5.160000,1
3.606966,0.093381080,5.180000,1
3.621210,0.093668702,5.200000,1
3.634662,0.093668702,5.220000,1
3.648000,0.094148071,5.240000,1
3.662189,0.094435692,5.260000,1
3.675705,0.094531566,5.280000,1
3.690198,0.095010935,5.300000,1
3.704476,0.094915061,5.320000,1
3.718084,0.095010935,5.340000,1
3.732177,0.095106809,5.360000,1
3.746061,0.095777925,5.380000,1
3.760121,0.095202683,5.400000,1
3.773699,0.096161421,5.420000,1
3.787017,0.096065547,5.440000,1
3.800346,0.095969673,5.460000,1
3.814011,0.096353168,5.480000,1
3.827494,0.096928411,5.500000,1
3.841037,0.097216032,5.520000,1
3.855032,0.097311906,5.540000,1
3.868916,0.097216032,5.560000,1
3.883057,0.097407780,5.580000,1
3.896891,0.097695401,5.600000,1
3.910967,0.097887149,5.620000,1
3.924639,0.097983023,5.640000,1
3.938297,0.098174770,5.660000,1
3.952050,0.098462392,5.680000,1
3.965944,0.098750013,5.700000,1
3.980102,0.099229382,5.720000,1
3.993744,0.098750013,5.740000,1
4.007104,0.099517004,5.760000,1
4.021579,0.100188120,5.780000,1
4.035431,0.100092246,5.800000,1
4.049259,0.100379868,5.820000,1
4.062690,0.099996373,5.840000,1
4.075948,0.099996373,5.860000,1
4.090535,0.100475742,5.880000,1
4.103974,0.100475742,5.900000,1
4.117805,0.100859237,5.920000,1
4.132059,0.100667489,5.940000,1
4.145858,0.101050984,5.960000,1
4.159664,0.101242732,5.980000,1
4.173400,0.101530353,6.000000,1
4.187186,0.102009722,6.020000,1
4.200943,0.102009722,6.040000,1
4.215375,0.101913849,6.060000,1
4.229205,0.102489091,6.080000,1
4.242672,0.102297344,6.100000,1
4.256082,0.102489091,6.120000,1
4.269978,0.102776713,6.140000,1
4.284084,0.103160208,6.160000,1
4.298172,0.103351956,6.180000,1
4.311555,0.103639577,6.200000,1
4.325720,0.104023072,6.220000,1
4.340000,0.104214820,6.240000,1
4.353600,0.103735451,6.260000,1
4.367927,0.103927198,6.280000,1
4.381704,0.104406567,6.300000,1
4.395422,0.104598315,6.320000,1
4.409377,0.104310694,6.340000,1
4.422979,0.104790063,6.360000,1
4.437059,0.105365305,6.380000,1
4.450588,0.105940548,6.400000,1
4.464333,0.105461179,6.420000,1
4.477545,0.105557053,6.440000,1
4.491668,0.106228170,6.460000,1
4.506720,0.106515791,6.480000,1
4.521050,0.106419917,6.500000,1
4.535926,0.106419917,6.520000,1
4.549443,0.106803412,6.540000,1
4.562901,0.107091034,6.560000,1
4.577076,0.106995160,6.580000,1
4.591080,0.107858024,6.600000,1
4.604731,0.108049772,6.620000,1
4.618407,0.108049772,6.640000,1
4.632685,0.108337393,6.660000,1
4.646486,0.108145646,6.680000,1
4.660783,0.108145646,6.700000,1
4.675279,0.108816762,6.720000,1
4.688752,0.109487879,6.740000,1
4.703143,0.108912636,6.760000,1
4.717363,0.109200257,6.780000,1
4.731325,0.109487879,6.800000,1
4.745125,0.109871374,6.820000,1
4.758960,0.109487879,6.840000,1
4.772533,0.109775500,6.860000,1
4.786070,0.110254869,6.880000,1
4.800594,0.110446617,6.900000,1
4.814427,0.110830112,6.920000,1
4.827724,0.111021860,6.940000,1
4.841589,0.111117733,6.960000,1
4.854944,0.111213607,6.980000,1
4.869130,0.111788850,7.000000,1
4.883606,0.112076471,7.020000,1
4.897022,0.112555840,7.040000,1
4.910518,0.112459967,7.060000,1
4.924225,0.112459967,7.080000,1
4.937559,0.112076471,7.100000,1
4.951504,0.113035209,7.120000,1
4.965570,0.113226957,7.140000,1
4.979248,0.113418705,7.160000,1
4.992623,0.113322831,7.180000,1
5.006556,0.113610452,7.200000,1
5.020562,0.114281569,7.220000,1
5.034362,0.114281569,7.240000,1
5.048180,0.114760938,7.260000,1
5.062819,0.114760938,7.280000,1
5.076205,0.114856811,7.300000,1
5.089982,0.114952685,7.320000,1
5.103928,0.115144433,7.340000,1
5.117764,0.115623802,7.360000,1
5.131475,0.115432054,7.380000,1
5.145639,0.116103171,7.400000,1
5.159318,0.116103171,7.420000,1
5.173589,0.116678414,7.440000,1
5.187233,0.116486666,7.460000,1
5.200660,0.117541278,7.480000,1
5.215167,0.117061909,7.500000,1
5.228745,0.117349530,7.520000,1
5.242457,0.117733025,7.540000,1
5.257378,0.117924773,7.560000,1
5.271293,0.118116521,7.580000,1
5.285856,0.118500016,7.600000,1
5.300288,0.118404142,7.620000,1
5.313956,0.118595890,7.640000,1
5.328166,0.118787637,7.660000,1
5.342439,0.118979385,7.680000,1
5.355668,0.119171132,7.700000,1
5.369434,0.119458754,7.720000,1
5.383683,0.119458754,7.740000,1
5.397044,0.119650501,7.760000,1
5.411353,0.120129870,7.780000,1
5.425769,0.120609239,7.800000,1
5.439375,0.121088608,7.820000,1
5.452937,0.121184482,7.840000,1
5.467183,0.121376230,7.860000,1
5.481087,0.121088608,7.880000,1
5.495466,0.121472104,7.900000,1
5.509482,0.121951473,7.920000,1
5.523860,0.122143220,7.940000,1
5.536849,0.122143220,7.960000,1
5.551626,0.122526715,7.980000,1
5.565190,0.122526715,8.000000,1
5.579215,0.122526715,8.020000,1
5.593071,0.123006084,8.040000,1
5.606885,0.123101958,8.060000,1
5.621011,0.123581327,8.080000,1
5.634273,0.123389580,8.100000,1
5.648792,0.123581327,8.120000,1
5.663024,0.124348318,8.140000,1
5.677057,0.124156570,8.160000,1
5.690930,0.124635939,8.180000,1
5.705367,0.124348318,8.200000,1
5.719802,0.125115308,8.220000,1
5.733814,0.125402929,8.240000,1
5.748265,0.124827687,8.260000,1
5.762423,0.125786425,8.280000,1
5.775920,0.125594677,8.300000,1
5.789585,0.126457541,8.320000,1
5.803238,0.126361667,8.340000,1
5.816717,0.126841036,8.360000,1
5.830657,0.126361667,8.380000,1
5.845108,0.126553415,8.400000,1
5.858556,0.126936910,8.420000,1
5.873432,0.127032784,8.440000,1
5.887810,0.127320405,8.460000,1
5.901387,0.127703901,8.480000,1
5.915100,0.127320405,8.500000,1
5.928993,0.128279143,8.520000,1
5.942608,0.128279143,8.540000,1
5.956441,0.128662639,8.560000,1
5.970572,0.128470891,8.580000,1
5.984695,0.128950260,8.600000,1
5.998542,0.129237881,8.620000,1
6.012521,0.129621377,8.640000,1
6.026515,0.129813124,8.660000,1
6.040557,0.129525503,8.680000,1
6.054497,0.129908998,8.700000,1
6.068622,0.130100746,8.720000,1
6.082478,0.130484241,8.740000,1
6.096233,0.130675988,8.760000,1
6.110198,0.130867736,8.780000,1
6.123619,0.130771862,8.800000,1
6.137311,0.131059484,8.820000,1
6.151320,0.131059484,8.840000,1
6.164706,0.131155357,8.860000,1
6.179055,0.131922348,8.880000,1
6.192562,0.132018222,8.900000,1
6.206391,0.131538853,8.920000,1
6.220292,0.132209969,8.940000,1
6.234046,0.132305843,8.960000,1
6.248179,0.132401717,8.980000,1
6.261386,0.132018222,9.000000,1
6.276281,0.132689338,9.020000,1
6.289838,0.133264581,9.040000,1
6.304419,0.132976960,9.060000,1
6.318058,0.133743950,9.080000,1
6.332075,0.133360455,9.100000,1
6.345932,0.133935698,9.120000,1
6.360036,0.134127445,9.140000,1
6.374219,0.134031571,9.160000,1
6.388381,0.134510940,9.180000,1
6.402782,0.134990309,9.200000,1
6.416812,0.135182057,9.220000,1
6.430653,0.134702688,9.240000,1
6.443961,0.135086183,9.260000,1
6.457734,0.135373805,9.280000,1
6.472202,0.135373805,9.300000,1
6.485938,0.135757300,9.320000,1
6.499429,0.135565552,9.340000,1
6.513669,0.136044921,9.360000,1
6.528625,0.136236669,9.380000,1
6.542443,0.136236669,9.400000,1
6.556020,0.136716038,9.420000,1
6.569922,0.136524290,9.440000,1
6.583396,0.137099533,9.460000,1
6.598024,0.137291281,9.480000,1
6.611593,0.137291281,9.500000,1
6.626098,0.137578902,9.520000,1
6.640373,0.138058271,9.540000,1
6.654242,0.138154145,9.560000,1
6.668276,0.137578902,9.580000,1
6.683103,0.138058271,9.600000,1
6.696784,0.138729388,9.620000,1
6.710875,0.138729388,9.640000,1
6.724808,0.138633514,9.660000,1
6.738766,0.139208757,9.680000,1
6.752412,0.139112883,9.700000,1
6.766735,0.139496378,9.720000,1
6.780667,0.139879873,9.740000,1
6.794306,0.139017009,9.760000,1
6.807890,0.139879873,9.780000,1
6.822107,0.140263368,9.800000,1
6.836097,0.140071621,9.820000,1
6.849900,0.140263368,9.840000,1
6.863776,0.140263368,9.860000,1
6.878102,0.140646863,9.880000,1
6.891818,0.141126232,9.900000,1
6.905342,0.140742737,9.920000,1
6.919585,0.141030359,9.940000,1
6.933177,0.140934485,9.960000,1
6.946605,0.141797349,9.980000,1
6.961633,0.141797349,10.000000,1
6.976027,0.141797349,10.020000,1
6.990077,0.141989097,10.040000,1
7.004123,0.142180844,10.060000,1
7.017828,0.141893223,10.080000,1
7.031895,0.142468466,10.100000,1
7.045778,0.142660213,10.120000,1
7.059469,0.142756087,10.140000,1
7.073438,0.142851961,10.160000,1
7.086834,0.143139582,10.180000,1
7.101058,0.143523077,10.200000,1
7.114557,0.143427204,10.220000,1
7.128174,0.143523077,10.240000,1
7.142430,0.143906573,10.260000,1
7.156530,0.143810699,10.280000,1
7.170292,0.144002446,10.300000,1
7.184181,0.144098320,10.320000,1
7.198306,0.144769437,10.340000,1
7.211916,0.144769437,10.360000,1
7.225752,0.144961184,10.380000,1
7.239594,0.145152932,10.400000,1
7.253379,0.145057058,10.420000,1
7.267190,0.145152932,10.440000,1
7.280968,0.145344680,10.460000,1
7.294325,0.145728175,10.480000,1
7.308639,0.145824049,10.500000,1
7.322334,0.145824049,10.520000,1
7.336374,0.146399291,10.540000,1
7.349634,0.146207544,10.560000,1
7.363705,0.146303418,10.580000,1
7.377353,0.146591039,10.600000,1
7.391270,0.146399291,10.620000,1
7.405279,0.146686913,10.640000,1
7.418945,0.147262156,10.660000,1
7.433067,0.146686913,10.680000,1
7.447594,0.147358029,10.700000,1
7.461255,0.147453903,10.720000,1
7.475251,0.147837398,10.740000,1
7.488651,0.148316767,10.760000,1
7.503270,0.148508515,10.780000,1
7.516882,0.148796136,10.800000,1
7.530598,0.148604389,10.820000,1
7.544213,0.149083758,10.840000,1
7.558343,0.149467253,10.860000,1
7.571659,0.149179632,10.880000,1
7.585680,0.149850748,10.900000,1
7.599384,0.149467253,10.920000,1
7.613395,0.150042496,10.940000,1
7.627647,0.149850748,10.960000,1
7.641193,0.150234243,10.980000,1
7.654455,0.151097108,11.000000,1
7.667770,0.150713612,11.020000,1
7.681075,0.151192981,11.040000,1
7.694125,0.151288855,11.060000,1
7.707515,0.151672350,11.080000,1
7.720983,0.151480603,11.100000,1
7.734447,0.151768224,11.120000,1
7.747488,0.152247593,11.140000,1
7.761128,0.152439341,11.160000,1
7.774965,0.152726962,11.180000,1
7.789129,0.152918710,11.200000,1
7.802556,0.153014584,11.220000,1
7.816742,0.153398079,11.240000,1
7.830471,0.153685700,11.260000,1
7.844199,0.153398079,11.280000,1
7.858989,0.154165069,11.300000,1
7.872724,0.154452691,11.320000,1
7.886622,0.154260943,11.340000,1
7.900370,0.154836186,11.360000,1
7.914085,0.154644438,11.380000,1
7.927847,0.154836186,11.400000,1
7.941156,0.155411429,11.420000,1
7.956042,0.155699050,11.440000,1
7.969166,0.155507302,11.460000,1
7.982826,0.155986671,11.480000,1
7.996685,0.156274293,11.500000,1
8.010771,0.156274293,11.520000,1
8.024537,0.157041283,11.540000,1
8.038107,0.157424778,11.560000,1
8.051907,0.157520652,11.580000,1
8.065262,0.157328905,11.600000,1
8.078815,0.157616526,11.620000,1
8.092464,0.158000021,11.640000,1
8.106052,0.158383516,11.660000,1
8.120075,0.158383516,11.680000,1
8.133616,0.158383516,11.700000,1
8.147352,0.159054633,11.720000,1
8.160582,0.159342254,11.740000,1
8.174603,0.158767012,11.760000,1
8.188249,0.159342254,11.780000,1
8.202500,0.160013371,11.800000,1
8.216463,0.160109245,11.820000,1
8.230623,0.160300992,11.840000,1
8.244531,0.160876235,11.860000,1
8.258228,0.161067983,11.880000,1
8.271834,0.160684488,11.900000,1
8.285531,0.161355604,11.920000,1
8.299163,0.162026721,11.940000,1
8.313282,0.161643226,11.960000,1
8.327066,0.162122595,11.980000,1
8.340324,0.162218468,12.000000,1
8.354277,0.162218468,12.020000,1
8.367278,0.162889585,12.040000,1
8.381360,0.162889585,12.060000,1
8.395523,0.163273080,12.080000,1
8.409731,0.163273080,12.100000,1
8.423922,0.163752449,12.120000,1
8.437618,0.163944197,12.140000,1
8.451699,0.164327692,12.160000,1
8.465325,0.163944197,12.180000,1
8.478926,0.164423566,12.200000,1
8.493070,0.164711187,12.220000,1
8.507664,0.165286430,12.240000,1
8.522093,0.165094682,12.260000,1
8.536104,0.165190556,12.280000,1
8.551350,0.166053420,12.300000,1
8.564545,0.166149294,12.320000,1
8.578529,0.166341042,12.340000,1
8.592271,0.166628663,12.360000,1
8.606091,0.166916284,12.380000,1
8.619584,0.167108032,12.400000,1
8.633298,0.167203906,12.420000,1
8.647059,0.167779149,12.440000,1
8.661377,0.167683275,12.460000,1
8.674688,0.168066770,12.480000,1
8.688722,0.168642013,12.500000,1
8.702483,0.168546139,12.520000,1
8.716204,0.168929634,12.540000,1
8.729724,0.168642013,12.560000,1
8.744283,0.169121382,12.580000,1
8.758300,0.169696625,12.600000,1
8.772488,0.169792498,12.620000,1
8.785734,0.169888372,12.640000,1
8.799601,0.170175994,12.660000,1
8.813077,0.170463615,12.680000,1
8.826869,0.170080120,12.700000,1
8.840796,0.170751236,12.720000,1
8.854738,0.170559489,12.740000,1
8.868706,0.171518227,12.760000,1
8.882660,0.171326479,12.780000,1
8.896397,0.171326479,12.800000,1
8.910018,0.171422353,12.820000,1
8.924236,0.172093470,12.840000,1
8.938485,0.172381091,12.860000,1
8.952670,0.172860460,12.880000,1
8.966566,0.172860460,12.900000,1
8.980701,0.172668712,12.920000,1
8.995298,0.172860460,12.940000,1
9.008866,0.173339829,12.960000,1
9.022730,0.173052208,12.980000,1
9.037086,0.173339829,13.000000,1
9.050970,0.173723324,13.020000,1
9.064848,0.174298567,13.040000,1
9.079463,0.174394441,13.060000,1
9.093018,0.174682062,13.080000,1
9.106962,0.174586188,13.100000,1
9.121510,0.174682062,13.120000,1
9.134835,0.175065557,13.140000,1
9.149045,0.175449053,13.160000,1
9.163501,0.175832548,13.180000,1
9.177004,0.175544926,13.200000,1
9.190584,0.175544926,13.220000,1
9.205029,0.175928422,13.240000,1
9.218879,0.176503664,13.260000,1
9.232768,0.176599538,13.280000,1
9.247102,0.176983033,13.300000,1
9.261429,0.176695412,13.320000,1
9.274721,0.177174781,13.340000,1
9.288709,0.177270655,13.360000,1
9.302706,0.177462402,13.380000,1
9.316308,0.177750024,13.400000,1
9.330662,0.177462402,13.420000,1
9.344466,0.178517014,13.440000,1
9.358558,0.178517014,13.460000,1
9.372492,0.178517014,13.480000,1
9.386528,0.178325267,13.500000,1
9.400060,0.178804636,13.520000,1
9.414385,0.179475752,13.540000,1
9.427909,0.178804636,13.560000,1
9.441600,0.179284005,13.580000,1
9.455901,0.179571626,13.600000,1
9.470021,0.179667500,13.620000,1
9.484694,0.179955121,13.640000,1
9.499022,0.180242743,13.660000,1
9.513737,0.180626238,13.680000,1
9.527470,0.180626238,13.700000,1
9.541154,0.180626238,13.720000,1
9.555031,0.180722112,13.740000,1
9.568424,0.181105607,13.760000,1
9.582125,0.181009733,13.780000,1
9.595588,0.181584976,13.800000,1
9.609786,0.181489102,13.820000,1
9.623780,0.181776723,13.840000,1
9.638115,0.182064345,13.860000,1
9.652073,0.181968471,13.880000,1
9.665929,0.182831335,13.900000,1
9.679323,0.182831335,13.920000,1
9.692916,0.182639588,13.940000,1
9.707105,0.183214830,13.960000,1
9.720864,0.183118957,13.980000,1
9.734987,0.183694199,14.000000,1
9.749037,0.183790073,14.020000,1
9.763559,0.183885947,14.040000,1
9.777088,0.183885947,14.060000,1
9.790666,0.184365316,14.080000,1
9.804535,0.184173568,14.100000,1
9.818503,0.184461190,14.120000,1
9.832624,0.184748811,14.140000,1
9.846627,0.185419928,14.160000,1
9.860503,0.184940559,14.180000,1
9.874480,0.185611675,14.200000,1
9.888610,0.185899297,14.220000,1
9.902978,0.185899297,14.240000,1
9.917019,0.186378666,14.260000,1
9.931023,0.185899297,14.280000,1
9.944294,0.186762161,14.300000,1
9.958924,0.186570413,14.320000,1
9.972770,0.186953909,14.340000,1
9.986611,0.187049782,14.360000,1
10.000507,0.187337404,14.380000,1
10.014254,0.188296142,14.400000,1
10.027864,0.188200268,14.420000,1
10.041848,0.187816773,14.440000,1
10.055610,0.188104394,14.460000,1
10.069599,0.188871385,14.480000,1
10.083337,0.188679637,14.500000,1
10.097411,0.189254880,14.520000,1
10.111168,0.189350754,14.540000,1
10.124858,0.189734249,14.560000,1
10.139366,0.189542501,14.580000,1
10.153206,0.190021870,14.600000,1
10.167402,0.190309491,14.620000,1
10.181192,0.190117744,14.640000,1
10.195256,0.190884734,14.660000,1
10.208688,0.190597113,14.680000,1
10.223944,0.191459977,14.700000,1
10.237626,0.191364103,14.720000,1
10.251498,0.192035220,14.740000,1
10.265563,0.192322841,14.760000,1
10.279295,0.192226967,14.780000,1
10.293250,0.192226967,14.800000,1
10.307363,0.192993958,14.820000,1
10.320688,0.193185705,14.840000,1
10.334404,0.192898084,14.860000,1
10.349666,0.194048570,14.880000,1
10.363533,0.193952696,14.900000,1
10.377050,0.194527939,14.920000,1
10.390877,0.195007308,14.940000,1
10.404602,0.194815560,14.960000,1
10.419015,0.195199055,14.980000,1
10.433121,0.195390803,15.000000,1
10.446837,0.196733036,15.020000,1
10.460752,0.196061919,15.040000,1
10.474970,0.196061919,15.060000,1
10.488982,0.196924784,15.080000,1
10.502523,0.197116531,15.100000,1
10.516753,0.197787648,15.120000,1
10.530301,0.197500026,15.140000,1
10.543797,0.198171143,15.160000,1
10.557890,0.198554638,15.180000,1
10.571513,0.198746386,15.200000,1
10.585250,0.199417502,15.220000,1
10.599083,0.199800998,15.240000,1
10.612997,0.199992745,15.260000,1
10.627082,0.200280367,15.280000,1
10.640955,0.201334978,15.300000,1
10.654601,0.201047357,15.320000,1
10.668669,0.201526726,15.340000,1
10.682069,0.202293716,15.360000,1
10.695917,0.202773085,15.380000,1
10.710202,0.203252454,15.400000,1
10.723973,0.203348328,15.420000,1
10.737722,0.203923571,15.440000,1
10.751641,0.203540076,15.460000,1
10.765117,0.204498814,15.480000,1
10.778538,0.204882309,15.500000,1
10.792272,0.205553426,15.520000,1
10.806397,0.205936921,15.540000,1
10.819777,0.206799785,15.560000,1
10.833247,0.206703911,15.580000,1
10.847185,0.207087406,15.600000,1
10.861976,0.207470902,15.620000,1
10.875631,0.208333766,15.640000,1
10.889177,0.208909009,15.660000,1
10.903136,0.209100756,15.680000,1
10.916603,0.209388378,15.700000,1
10.930536,0.210251242,15.720000,1
10.944447,0.210634737,15.740000,1
10.958004,0.211018232,15.760000,1
10.971759,0.211401727,15.780000,1
10.986126,0.211785223,15.800000,1
10.999978,0.212072844,15.820000,1
11.013563,0.213223330,15.840000,1
11.027462,0.213510951,15.860000,1
11.041204,0.213990320,15.880000,1
11.054706,0.214373815,15.900000,1
11.068612,0.215044932,15.920000,1
11.082470,0.214757310,15.940000,1
11.096184,0.215907796,15.960000,1
11.109740,0.216195417,15.980000,1
11.123366,0.216770660,16.000000,1
11.136968,0.217441777,16.020000,1
11.150517,0.218017019,16.040000,1
11.164129,0.218592262,16.060000,1
11.178137,0.219071631,16.080000,1
11.191890,0.219455126,16.100000,1
11.205747,0.219551000,16.120000,1
11.219851,0.219934495,16.140000,1
11.234089,0.220989107,16.160000,1
11.247959,0.221660224,16.180000,1
11.261807,0.222043719,16.200000,1
11.276400,0.221947845,16.220000,1
11.290077,0.223290078,16.240000,1
11.303709,0.223865321,16.260000,1
11.317815,0.224248816,16.280000,1
11.331130,0.224536438,16.300000,1
11.344672,0.225495176,16.320000,1
11.358184,0.226070419,16.340000,1
11.372049,0.226358040,16.360000,1
11.385610,0.226070419,16.380000,1
11.398872,0.227412652,16.400000,1
11.412349,0.227987895,16.420000,1
11.426327,0.228467264,16.440000,1
11.439648,0.229330128,16.460000,1
11.453867,0.229330128,16.480000,1
11.467652,0.230001244,16.500000,1
11.481742,0.231151730,16.520000,1
11.495651,0.230959982,16.540000,1
11.509432,0.231726973,16.560000,1
11.523135,0.232685711,16.580000,1
11.536993,0.232877458,16.600000,1
11.550436,0.233452701,16.620000,1
11.563946,0.234123818,16.640000,1
11.577746,0.234603187,16.660000,1
11.590998,0.235274303,16.680000,1
11.605041,0.235753672,16.700000,1
11.618476,0.236520663,16.720000,1
11.632118,0.237000032,16.740000,1
11.646215,0.237479401,16.760000,1
11.659889,0.237767022,16.780000,1
11.673528,0.238821634,16.800000,1
11.687165,0.238821634,16.820000,1
11.701038,0.239396877,16.840000,1
11.714687,0.239876246,16.860000,1
11.728092,0.240451489,16.880000,1
11.741579,0.241218479,16.900000,1
11.755313,0.241601974,16.920000,1
11.769501,0.241985469,16.940000,1
11.783833,0.242368964,16.960000,1
11.797980,0.242848333,16.980000,1
11.811887,0.243040081,17.000000,1
11.825799,0.243807071,17.020000,1
11.839102,0.244094693,17.040000,1
11.853010,0.244478188,17.060000,1
11.866726,0.245149305,17.080000,1
11.880307,0.245149305,17.100000,1
11.894865,0.246108043,17.120000,1
11.908640,0.246299790,17.140000,1
11.922352,0.246779159,17.160000,1
11.936570,0.247066781,17.180000,1
11.949984,0.246970907,17.200000,1
11.963813,0.248313140,17.220000,1
11.977488,0.248313140,17.240000,1
11.991833,0.248600761,17.260000,1
12.006041,0.248217266,17.280000,1
12.019733,0.249367752,17.300000,1
12.033230,0.249271878,17.320000,1
12.047311,0.249942995,17.340000,1
12.061117,0.250134742,17.360000,1
12.074814,0.250422364,17.380000,1
12.088482,0.250709985,17.400000,1
12.102400,0.251285228,17.420000,1
12.116140,0.251956344,17.440000,1
12.129818,0.252243966,17.460000,1
12.144019,0.251860471,17.480000,1
12.157781,0.252243966,17.500000,1
12.172401,0.252627461,17.520000,1
12.186456,0.252627461,17.540000,1
12.200375,0.253490325,17.560000,1
12.214973,0.253586199,17.580000,1
12.228630,0.253586199,17.600000,1
12.242455,0.254161442,17.620000,1
12.256539,0.253969694,17.640000,1
12.270128,0.254640811,17.660000,1
12.284085,0.255791296,17.680000,1
12.298207,0.254736685,17.700000,1
12.311650,0.255695423,17.720000,1
12.325680,0.255983044,17.740000,1
12.339859,0.256270665,17.760000,1
12.353872,0.255887170,17.780000,1
12.367577,0.257037656,17.800000,1
12.381861,0.256750034,17.820000,1
12.395676,0.257708772,17.840000,1
12.409171,0.257229403,17.860000,1
12.423443,0.257517025,17.880000,1
12.437183,0.257421151,17.900000,1
12.451200,0.257996394,17.920000,1
12.465287,0.258475763,17.940000,1
12.479292,0.259242753,17.960000,1
12.493255,0.258667510,17.980000,1
12.507166,0.259242753,18.000000,1
12.520576,0.259434501,18.020000,1
12.534220,0.259530375,18.040000,1
12.548188,0.259817996,18.060000,1
12.561831,0.260393239,18.080000,1
12.575158,0.260009744,18.100000,1
12.589386,0.260393239,18.120000,1
12.603028,0.260776734,18.140000,1
12.616743,0.261447851,18.160000,1
12.630889,0.261256103,18.180000,1
12.644306,0.262118967,18.200000,1
12.657513,0.261831346,18.220000,1
12.670587,0.262118967,18.240000,1
12.683715,0.262214841,18.260000,1
12.696889,0.262310715,18.280000,1
12.711040,0.262981831,18.300000,1
12.724390,0.263365327,18.320000,1
12.737827,0.263365327,18.340000,1
12.751944,0.264132317,18.360000,1
12.765552,0.264324065,18.380000,1
12.779046,0.263940569,18.400000,1
12.793285,0.264036443,18.420000,1
12.806831,0.264707560,18.440000,1
12.820115,0.265186929,18.460000,1
12.833813,0.265282803,18.480000,1
12.847375,0.265666298,18.500000,1
12.861098,0.265570424,18.520000,1
12.874945,0.265666298,18.540000,1
12.889252,0.266049793,18.560000,1
12.903038,0.266241540,18.580000,1
12.916541,0.266241540,18.600000,1
12.930454,0.266433288,18.620000,1
12.944450,0.266625036,18.640000,1
12.958098,0.266720909,18.660000,1
12.971813,0.267104405,18.680000,1
12.985329,0.267775521,18.700000,1
12.999259,0.267871395,18.720000,1
13.013537,0.268159016,18.740000,1
13.027556,0.268446638,18.760000,1
13.041121,0.268542512,18.780000,1
13.054995,0.269117754,18.800000,1
13.069192,0.269021881,18.820000,1
13.083091,0.268926007,18.840000,1
13.096545,0.269405376,18.860000,1
13.110553,0.269884745,18.880000,1
13.124235,0.269597123,18.900000,1
13.138155,0.270172366,18.920000,1
13.151882,0.270651735,18.940000,1
13.166108,0.270555861,18.960000,1
13.179841,0.271322852,18.980000,1
13.194433,0.271035230,19.000000,1
13.208107,0.271610473,19.020000,1
13.222266,0.271035230,19.040000,1
13.235689,0.271802221,19.060000,1
13.249940,0.272665085,19.080000,1
13.263839,0.271993968,19.100000,1
13.277291,0.273144454,19.120000,1
13.290820,0.272473337,19.140000,1
13.305037,0.273719697,19.160000,1
13.319021,0.274103192,19.180000,1
13.332734,0.273719697,19.200000,1
13.347002,0.273911444,19.220000,1
13.360661,0.274199066,19.240000,1
13.374011,0.274678435,19.260000,1
13.388027,0.274966056,19.280000,1
13.401795,0.274966056,19.300000,1
13.415276,0.275445425,19.320000,1
13.429242,0.275828920,19.340000,1
13.443521,0.276116542,19.360000,1
13.457868,0.276116542,19.380000,1
13.471620,0.276500037,19.400000,1
13.485389,0.276883532,19.420000,1
13.499424,0.277171154,19.440000,1
13.513693,0.277362901,19.460000,1
13.527485,0.277458775,19.480000,1
13.541124,0.278034018,19.500000,1
13.554978,0.278417513,19.520000,1
13.569306,0.278609261,19.540000,1
13.583197,0.279280377,19.560000,1
13.596808,0.279280377,19.580000,1
13.610702,0.279951494,19.600000,1
13.624419,0.279663872,19.620000,1
13.638260,0.280239115,19.640000,1
13.652179,0.280430863,19.660000,1
13.665729,0.280622610,19.680000,1
13.679551,0.280814358,19.700000,1
13.693797,0.281389601,19.720000,1
13.707636,0.281101979,19.740000,1
13.721105,0.281581348,19.760000,1
13.735172,0.281773096,19.780000,1
13.749432,0.282060717,19.800000,1
13.762879,0.282348339,19.820000,1
13.776847,0.283115329,19.840000,1
13.790561,0.283211203,19.860000,1
13.804193,0.283594698,19.880000,1
13.817915,0.283402951,19.900000,1
13.831281,0.283690572,19.920000,1
13.844627,0.284169941,19.940000,1
13.857939,0.284265815,19.960000,1
13.872419,0.284265815,19.980000,1
13.886259,0.284936931,20.000000,1
13.900104,0.285320427,20.000000,1
13.914466,0.285991543,19.980000,1
13.928582,0.285895669,19.960000,1
13.941922,0.285799796,19.940000,1
13.955461,0.285703922,19.920000,1
13.969091,0.286087417,19.900000,1
13.982607,0.286087417,19.880000,1
13.996195,0.285799796,19.860000,1
14.009963,0.285895669,19.840000,1
14.023651,0.285991543,19.820000,1
14.038088,0.286279165,19.800000,1
14.051670,0.285799796,19.780000,1
14.065408,0.286279165,19.760000,1
14.079422,0.285799796,19.740000,1
14.092594,0.285799796,19.720000,1
14.106091,0.285895669,19.700000,1
14.119900,0.286087417,19.680000,1
14.133441,0.286662660,19.660000,1
14.147992,0.286087417,19.640000,1
14.162134,0.286183291,19.620000,1
14.176337,0.286375038,19.600000,1
14.190077,0.285991543,19.580000,1
14.203771,0.285991543,19.560000,1
14.218530,0.286183291,19.540000,1
14.232915,0.286662660,19.520000,1
14.246926,0.286279165,19.500000,1
14.260399,0.286279165,19.480000,1
14.274458,0.285991543,19.460000,1
14.289014,0.285703922,19.440000,1
14.302641,0.286087417,19.420000,1
14.315849,0.286279165,19.400000,1
14.329570,0.286279165,19.380000,1
14.342999,0.285799796,19.360000,1
14.357074,0.285991543,19.340000,1
14.370614,0.285799796,19.320000,1
14.384086,0.286087417,19.300000,1
14.398140,0.285703922,19.280000,1
14.412103,0.285991543,19.260000,1
14.425973,0.285416300,19.240000,1
14.439508,0.285512174,19.220000,1
14.453116,0.285416300,19.200000,1
14.466482,0.285608048,19.180000,1
14.480381,0.285895669,19.160000,1
14.494019,0.285512174,19.140000,1
14.508421,0.285608048,19.120000,1
14.521774,0.285320427,19.100000,1
14.535651,0.285703922,19.080000,1
14.550259,0.285320427,19.060000,1
14.563987,0.285320427,19.040000,1
14.577929,0.285320427,19.020000,1
14.591824,0.285512174,19.000000,1
14.605394,0.285416300,18.980000,1
14.619332,0.285224553,18.960000,1
14.632677,0.285608048,18.940000,1
14.646242,0.285032805,18.920000,1
14.659809,0.285416300,18.900000,1
14.673389,0.284936931,18.880000,1
14.687122,0.285032805,18.860000,1
14.700542,0.285128679,18.840000,1
14.714252,0.284745184,18.820000,1
14.727602,0.285224553,18.800000,1
14.742100,0.284169941,18.780000,1
14.755953,0.284745184,18.760000,1
14.769695,0.285224553,18.740000,1
14.783214,0.284649310,18.720000,1
14.797702,0.284457562,18.700000,1
14.811043,0.284936931,18.680000,1
14.824721,0.284553436,18.660000,1
14.838302,0.284649310,18.640000,1
14.851585,0.284649310,18.620000,1
14.865551,0.284936931,18.600000,1
14.878762,0.284169941,18.580000,1
14.892521,0.284361689,18.560000,1
14.906341,0.283978193,18.540000,1
14.919928,0.284841058,18.520000,1
14.934309,0.283786446,18.500000,1
14.947856,0.283978193,18.480000,1
14.962202,0.283882320,18.460000,1
14.976485,0.284169941,18.440000,1
14.989879,0.284074067,18.420000,1
15.003201,0.283882320,18.400000,1
15.017109,0.284074067,18.380000,1
15.030483,0.283882320,18.360000,1
15.044159,0.284265815,18.340000,1
15.058157,0.283690572,18.320000,1
15.071574,0.283594698,18.300000,1
15.084952,0.283498824,18.280000,1
15.098377,0.283498824,18.260000,1
15.112025,0.283307077,18.240000,1
15.125428,0.283690572,18.220000,1
15.139443,0.283307077,18.200000,1
15.153160,0.283307077,18.180000,1
15.166889,0.283115329,18.160000,1
15.181015,0.283019455,18.140000,1
15.194896,0.283498824,18.120000,1
15.208673,0.282827708,18.100000,1
15.222625,0.283115329,18.080000,1
15.235905,0.282827708,18.060000,1
15.249957,0.282731834,18.040000,1
15.263634,0.283211203,18.020000,1
15.277338,0.282540086,18.000000,1
15.290790,0.282827708,17.980000,1
15.305374,0.282635960,17.960000,1
15.318758,0.282444213,17.940000,1
15.332895,0.282635960,17.920000,1
15.347156,0.282348339,17.900000,1
15.361116,0.282731834,17.880000,1
15.374994,0.281868970,17.860000,1
15.388978,0.281964844,17.840000,1
15.402493,0.281677222,17.820000,1
15.416213,0.281677222,17.800000,1
15.429538,0.281773096,17.780000,1
15.443238,0.281677222,17.760000,1
15.456851,0.282156591,17.740000,1
15.471271,0.281868970,17.720000,1
15.484851,0.282348339,17.700000,1
15.498417,0.281389601,17.680000,1
15.511731,0.281581348,17.660000,1
15.525263,0.281581348,17.640000,1
15.538948,0.281581348,17.620000,1
15.553143,0.281485475,17.600000,1
15.566704,0.281389601,17.580000,1
15.580605,0.281197853,17.560000,1
15.594055,0.281101979,17.540000,1
15.607767,0.281485475,17.520000,1
15.621786,0.281389601,17.500000,1
15.635593,0.281197853,17.480000,1
15.649175,0.280814358,17.460000,1
15.662634,0.280526737,17.440000,1
15.677123,0.280718484,17.420000,1
15.691575,0.280910232,17.400000,1
15.704956,0.280430863,17.380000,1
15.718865,0.281006106,17.360000,1
15.732749,0.280143241,17.340000,1
15.747065,0.280334989,17.320000,1
15.761048,0.280334989,17.300000,1
15.774586,0.279855620,17.280000,1
15.788481,0.280047368,17.260000,1
15.802343,0.280143241,17.240000,1
15.816425,0.280526737,17.220000,1
15.829943,0.279951494,17.200000,1
15.844263,0.279472125,17.180000,1
15.857903,0.279663872,17.160000,1
15.871848,0.279759746,17.140000,1
15.885622,0.279663872,17.120000,1
15.899474,0.278992756,17.100000,1
15.912723,0.279280377,17.080000,1
15.926596,0.279472125,17.060000,1
15.940388,0.279088630,17.040000,1
15.953603,0.279088630,17.020000,1
15.967529,0.278992756,17.000000,1
15.983917,0.279088630,16.980000,1
15.997687,0.279280377,16.960000,1
16.011101,0.279088630,16.940000,1
16.024656,0.278896882,16.920000,1
16.038208,0.278417513,16.900000,1
16.051795,0.278609261,16.880000,1
16.065734,0.278417513,16.860000,1
16.079651,0.278417513,16.840000,1
16.093228,0.278034018,16.820000,1
16.106592,0.278034018,16.800000,1
16.120710,0.278513387,16.780000,1
16.134290,0.278225765,16.760000,1
16.147863,0.277746396,16.740000,1
16.162087,0.278034018,16.720000,1
16.175782,0.277938144,16.700000,1
16.189500,0.277842270,16.680000,1
16.203229,0.277554649,16.660000,1
16.216690,0.277554649,16.640000,1
16.230458,0.277458775,16.620000,1
16.244588,0.277650523,16.600000,1
16.258547,0.277746396,16.580000,1
16.272184,0.277554649,16.560000,1
16.285877,0.276883532,16.540000,1
16.299252,0.276883532,16.520000,1
16.313545,0.277075280,16.500000,1
16.327177,0.276979406,16.480000,1
16.341290,0.277267027,16.460000,1
16.355250,0.276787658,16.440000,1
16.369703,0.276787658,16.420000,1
16.383349,0.276691785,16.400000,1
16.397166,0.276212416,16.380000,1
16.411619,0.276212416,16.360000,1
16.425196,0.275924794,16.340000,1
16.439212,0.276500037,16.320000,1
16.452617,0.276212416,16.300000,1
16.466238,0.276212416,16.280000,1
16.480306,0.276020668,16.260000,1
16.494128,0.275733047,16.240000,1
16.507569,0.275828920,16.220000,1
16.521183,0.275828920,16.200000,1
16.534593,0.275733047,16.180000,1
16.548274,0.275541299,16.160000,1
16.561695,0.275541299,16.140000,1
16.578172,0.275253678,16.120000,1
16.592144,0.275349551,16.100000,1
16.605282,0.274966056,16.080000,1
16.618847,0.274870182,16.060000,1
16.632665,0.274678435,16.040000,1
16.646648,0.274678435,16.020000,1
16.660887,0.275157804,16.000000,1
16.675117,0.274678435,15.980000,1
16.690734,0.274294940,15.960000,1
16.704298,0.274774309,15.940000,1
16.718160,0.274678435,15.920000,1
16.731690,0.274678435,15.900000,1
16.745107,0.274774309,15.880000,1
16.758865,0.274103192,15.860000,1
16.772242,0.273911444,15.840000,1
16.786015,0.274199066,15.820000,1
16.801065,0.274007318,15.800000,1
16.814666,0.274007318,15.780000,1
16.828483,0.273623823,15.760000,1
16.842760,0.273911444,15.740000,1
16.856462,0.273623823,15.720000,1
16.870688,0.273623823,15.700000,1
16.884303,0.273623823,15.680000,1
16.898695,0.273336202,15.660000,1
16.912589,0.273240328,15.640000,1
16.926727,0.273336202,15.620000,1
16.941226,0.273623823,15.600000,1
16.954608,0.272952706,15.580000,1
16.968492,0.272473337,15.560000,1
16.982880,0.272856833,15.540000,1
16.996830,0.273336202,15.520000,1
17.010601,0.272760959,15.500000,1
17.025155,0.272569211,15.480000,1
17.038826,0.272377464,15.460000,1
17.052778,0.272665085,15.440000,1
17.067367,0.272856833,15.420000,1
17.081033,0.272185716,15.400000,1
17.095033,0.271898095,15.380000,1
17.109193,0.271610473,15.360000,1
17.122949,0.271802221,15.340000,1
17.136802,0.271706347,15.320000,1
17.151479,0.271706347,15.300000,1
17.165143,0.271706347,15.280000,1
17.178730,0.271418726,15.260000,1
17.192659,0.271418726,15.240000,1
17.206498,0.270843483,15.220000,1
17.220389,0.271226978,15.200000,1
17.234348,0.271514599,15.180000,1
17.248229,0.271035230,15.160000,1
17.262394,0.270651735,15.140000,1
17.276145,0.270651735,15.120000,1
17.290681,0.270651735,15.100000,1
17.304862,0.271035230,15.080000,1
17.318670,0.270843483,15.060000,1
17.332324,0.270555861,15.040000,1
17.346116,0.270268240,15.020000,1
17.359788,0.269788871,15.000000,1
17.374004,0.269980619,14.980000,1
17.387617,0.270172366,14.960000,1
17.401072,0.269597123,14.940000,1
17.414578,0.269980619,14.920000,1
17.428285,0.269692997,14.900000,1
17.442257,0.269597123,14.880000,1
17.455925,0.269501250,14.860000,1
17.469708,0.269309502,14.840000,1
17.484038,0.268830133,14.820000,1
17.497852,0.269117754,14.800000,1
17.511421,0.269213628,14.780000,1
17.525413,0.268926007,14.760000,1
17.539090,0.269117754,14.740000,1
17.552720,0.269021881,14.720000,1
17.566938,0.268638385,14.700000,1
17.580956,0.268830133,14.680000,1
17.594777,0.268638385,14.660000,1
17.608540,0.268254890,14.640000,1
17.623074,0.267967269,14.620000,1
17.637077,0.268638385,14.600000,1
17.650334,0.268350764,14.580000,1
17.663684,0.268063143,14.560000,1
17.676781,0.267871395,14.540000,1
17.689886,0.267871395,14.520000,1
17.703395,0.268159016,14.500000,1
17.717136,0.268254890,14.480000,1
17.730498,0.267679647,14.460000,1
17.744134,0.267487900,14.440000,1
17.756908,0.268063143,14.420000,1
17.770516,0.267583774,14.400000,1
17.784833,0.267392026,14.380000,1
17.798409,0.267200278,14.360000,1
17.812081,0.267104405,14.340000,1
17.825894,0.266912657,14.320000,1
17.840141,0.266625036,14.300000,1
17.853820,0.267008531,14.280000,1
17.867835,0.266816783,14.260000,1
17.881823,0.266816783,14.240000,1
17.895504,0.265858045,14.220000,1
17.909580,0.266433288,14.200000,1
17.923127,0.266241540,14.180000,1
17.936903,0.265953919,14.160000,1
17.950753,0.266241540,14.140000,1
17.964675,0.265858045,14.120000,1
17.978587,0.265570424,14.100000,1
17.992198,0.266049793,14.080000,1
18.006114,0.266337414,14.060000,1
18.020502,0.265858045,14.040000,1
18.034331,0.265378676,14.020000,1
18.048403,0.265282803,14.000000,1
18.062197,0.265474550,13.980000,1
18.075748,0.265474550,13.960000,1
18.089418,0.264995181,13.940000,1
18.103032,0.264899307,13.920000,1
18.117207,0.264995181,13.900000,1
18.130782,0.264707560,13.880000,1
18.144583,0.264803434,13.860000,1
18.158500,0.264707560,13.840000,1
18.172020,0.264419938,13.820000,1
18.186245,0.264611686,13.800000,1
18.200315,0.264419938,13.780000,1
18.213965,0.264419938,13.760000,1
18.228034,0.264228191,13.740000,1
18.241563,0.263652948,13.720000,1
18.255582,0.263748822,13.700000,1
18.269207,0.263748822,13.680000,1
18.282675,0.263844696,13.660000,1
18.296454,0.263077705,13.640000,1
18.309674,0.263748822,13.620000,1
18.323134,0.263077705,13.600000,1
18.337111,0.263557074,13.580000,1
18.351045,0.263461200,13.560000,1
18.364414,0.263077705,13.540000,1
18.378091,0.263365327,13.520000,1
18.392559,0.262981831,13.500000,1
18.406107,0.263173579,13.480000,1
18.419858,0.262885958,13.460000,1
18.433209,0.262694210,13.440000,1
18.446723,0.262598336,13.420000,1
18.460856,0.262310715,13.400000,1
18.474437,0.262502462,13.380000,1
18.488033,0.262598336,13.360000,1
18.501544,0.262598336,13.340000,1
18.515135,0.261543724,13.320000,1
18.528776,0.262406589,13.300000,1
18.542403,0.261639598,13.280000,1
18.556291,0.261639598,13.260000,1
18.570808,0.261543724,13.240000,1
18.584177,0.261831346,13.220000,1
18.598569,0.261639598,13.200000,1
18.612875,0.260776734,13.180000,1
18.626293,0.261735472,13.160000,1
18.640169,0.261064355,13.140000,1
18.654014,0.261160229,13.120000,1
18.667677,0.260680860,13.100000,1
18.682563,0.260393239,13.080000,1
18.696943,0.260297365,13.060000,1
18.710342,0.261160229,13.040000,1
18.724099,0.260872608,13.020000,1
18.738087,0.260297365,13.000000,1
18.752449,0.260297365,12.980000,1
18.766289,0.260297365,12.960000,1
18.779683,0.260201491,12.940000,1
18.792829,0.260201491,12.920000,1
18.806320,0.260009744,12.900000,1
18.820406,0.259722122,12.880000,1
18.834159,0.259817996,12.860000,1
18.848102,0.260297365,12.840000,1
18.862096,0.259242753,12.820000,1
18.875541,0.259722122,12.800000,1
18.889226,0.259434501,12.780000,1
18.902681,0.258955132,12.760000,1
18.917049,0.258955132,12.740000,1
18.930423,0.259242753,12.720000,1
18.944715,0.259338627,12.700000,1
18.958618,0.259146879,12.680000,1
18.972423,0.259051006,12.660000,1
18.985896,0.258667510,12.640000,1
18.999594,0.258667510,12.620000,1
19.013242,0.258379889,12.600000,1
19.026981,0.257996394,12.580000,1
19.041212,0.257804646,12.560000,1
19.054744,0.258284015,12.540000,1
19.068557,0.257612899,12.520000,1
19.082345,0.257612899,12.500000,1
19.095896,0.258188141,12.480000,1
19.109405,0.257229403,12.460000,1
19.123562,0.257517025,12.440000,1
19.138259,0.257612899,12.420000,1
19.152130,0.257421151,12.400000,1
19.166978,0.257229403,12.380000,1
19.181566,0.257421151,12.360000,1
19.195600,0.256654161,12.340000,1
19.209395,0.257133530,12.320000,1
19.223654,0.256941782,12.300000,1
19.237123,0.256845908,12.280000,1
19.251440,0.256845908,12.260000,1
19.265215,0.256462413,12.240000,1
19.278773,0.256845908,12.220000,1
19.293200,0.256270665,12.200000,1
19.307108,0.256078918,12.180000,1
19.320543,0.256270665,12.160000,1
19.334031,0.256174792,12.140000,1
19.348207,0.256462413,12.120000,1
19.362081,0.255887170,12.100000,1
19.375813,0.255407801,12.080000,1
19.390166,0.255407801,12.060000,1
19.404345,0.255599549,12.040000,1
19.417797,0.255503675,12.020000,1
19.431446,0.255120180,12.000000,1
19.445425,0.255120180,11.980000,1
19.459096,0.255024306,11.960000,1
19.473266,0.255120180,11.940000,1
19.487478,0.254257316,11.920000,1
19.501518,0.254161442,11.900000,1
19.515330,0.254640811,11.880000,1
19.530092,0.254640811,11.860000,1
19.544302,0.254640811,11.840000,1
19.557913,0.254161442,11.820000,1
19.571686,0.254449063,11.800000,1
19.586076,0.253873820,11.780000,1
19.599831,0.253969694,11.760000,1
19.613368,0.253777947,11.740000,1
19.627214,0.253586199,11.720000,1
19.640779,0.253873820,11.700000,1
19.653920,0.253586199,11.680000,1
19.667623,0.253394451,11.660000,1
19.682182,0.253010956,11.640000,1
19.695834,0.253298578,11.620000,1
19.710011,0.252915082,11.600000,1
19.723688,0.253010956,11.580000,1
19.737768,0.252723335,11.560000,1
19.751064,0.252627461,11.540000,1
19.765196,0.252915082,11.520000,1
19.778739,0.252531587,11.500000,1
19.792813,0.253394451,11.480000,1
19.806464,0.252627461,11.460000,1
19.819721,0.252243966,11.440000,1
19.834139,0.251956344,11.420000,1
19.847644,0.251956344,11.400000,1
19.861292,0.251956344,11.380000,1
19.875120,0.251860471,11.360000,1
19.888638,0.251285228,11.340000,1
19.902752,0.251860471,11.320000,1
19.916668,0.251189354,11.300000,1
19.931173,0.251476975,11.280000,1
19.945084,0.251189354,11.260000,1
19.959074,0.251381102,11.240000,1
19.972664,0.251093480,11.220000,1
19.987148,0.251093480,11.200000,1
20.000768,0.251093480,11.180000,1
20.014522,0.251093480,11.160000,1
20.030005,0.250709985,11.140000,1
20.044647,0.250901733,11.120000,1
20.058371,0.250230616,11.100000,1
20.071843,0.250038868,11.080000,1
20.085510,0.250038868,11.060000,1
20.099509,0.250038868,11.040000,1
20.113858,0.249655373,11.020000,1
20.128139,0.249463626,11.000000,1
20.141652,0.249559499,10.980000,1
20.155643,0.249559499,10.960000,1
20.169702,0.249367752,10.940000,1
20.183457,0.249080130,10.920000,1
20.197294,0.249080130,10.900000,1
20.211366,0.248600761,10.880000,1
20.225395,0.248984257,10.860000,1
20.238948,0.248888383,10.840000,1
20.252484,0.248792509,10.820000,1
20.266241,0.248792509,10.800000,1
20.279969,0.248409014,10.780000,1
20.293422,0.248600761,10.760000,1
20.307081,0.248121392,10.740000,1
20.321236,0.248313140,10.720000,1
20.334916,0.248313140,10.700000,1
20.348758,0.248025519,10.680000,1
20.363037,0.247737897,10.660000,1
20.377083,0.247354402,10.640000,1
20.390858,0.247162654,10.620000,1
20.404575,0.247546150,10.600000,1
20.418547,0.246970907,10.580000,1
20.432923,0.247737897,10.560000,1
20.446798,0.247066781,10.540000,1
20.460187,0.247354402,10.520000,1
20.474028,0.247066781,10.500000,1
20.487928,0.246875033,10.480000,1
20.501911,0.246683285,10.460000,1
20.515987,0.246491538,10.440000,1
20.529815,0.246203916,10.420000,1
20.543853,0.246203916,10.400000,1
20.557312,0.246012169,10.380000,1
20.570844,0.245628674,10.360000,1
20.584383,0.245436926,10.340000,1
20.598818,0.245820421,10.320000,1
20.613054,0.245724547,10.300000,1
20.626860,0.245628674,10.280000,1
20.640602,0.245341052,10.260000,1
20.654179,0.245724547,10.240000,1
20.667806,0.245532800,10.220000,1
20.681962,0.245532800,10.200000,1
20.696031,0.244957557,10.180000,1
20.710204,0.244957557,10.160000,1
20.723988,0.245149305,10.140000,1
20.737974,0.244574062,10.120000,1
20.751788,0.245149305,10.100000,1
20.765578,0.244669936,10.080000,1
20.779286,0.243807071,10.060000,1
20.793609,0.243807071,10.040000,1
20.807616,0.244094693,10.020000,1
20.821523,0.243902945,10.000000,1
20.835736,0.243711198,9.980000,1
20.850117,0.243519450,9.960000,1
20.863849,0.243327702,9.940000,1
20.878300,0.243135955,9.920000,1
20.891968,0.242752460,9.900000,1
20.906083,0.242944207,9.880000,1
20.920691,0.243040081,9.860000,1
20.934744,0.242656586,9.840000,1
20.948172,0.242656586,9.820000,1
20.961196,0.242752460,9.800000,1
20.975871,0.242368964,9.780000,1
20.989939,0.242177217,9.760000,1
21.004133,0.242656586,9.740000,1
21.018043,0.242464838,9.720000,1
21.031473,0.241889595,9.700000,1
21.045430,0.242177217,9.680000,1
21.059145,0.241793722,9.660000,1
21.072342,0.241697848,9.640000,1
21.086085,0.241410226,9.620000,1
21.099697,0.241314353,9.600000,1
21.113148,0.241026731,9.580000,1
21.126932,0.240930857,9.560000,1
21.140495,0.241218479,9.540000,1
21.154003,0.240834984,9.520000,1
21.167954,0.240163867,9.500000,1
21.182039,0.240451489,9.480000,1
21.196059,0.240355615,9.460000,1
21.210209,0.240163867,9.440000,1
21.223596,0.240067993,9.420000,1
21.237516,0.240163867,9.400000,1
21.251373,0.239972120,9.380000,1
21.265582,0.239396877,9.360000,1
21.279028,0.239684498,9.340000,1
21.293264,0.239396877,9.320000,1
21.307165,0.239588624,9.300000,1
21.320786,0.239109255,9.280000,1
21.334524,0.238821634,9.260000,1
21.348592,0.238534013,9.240000,1
21.362981,0.238342265,9.220000,1
21.376867,0.238150517,9.200000,1
21.390545,0.238629886,9.180000,1
21.404538,0.238246391,9.160000,1
21.418804,0.238342265,9.140000,1
21.432264,0.237575275,9.120000,1
21.446294,0.238246391,9.100000,1
21.460510,0.237958770,9.080000,1
21.473732,0.237862896,9.060000,1
21.487696,0.237191779,9.040000,1
21.501730,0.237000032,9.020000,1
21.515191,0.236424789,9.000000,1
21.528524,0.237287653,8.980000,1
21.542879,0.236616537,8.960000,1
21.557882,0.236424789,8.940000,1
21.571508,0.236233041,8.920000,1
21.584862,0.236520663,8.900000,1
21.599293,0.236137168,8.880000,1
21.614633,0.235753672,8.860000,1
21.628897,0.235657799,8.840000,1
21.642526,0.235753672,8.820000,1
21.656614,0.235753672,8.800000,1
21.670392,0.235370177,8.780000,1
21.684159,0.235561925,8.760000,1
21.697758,0.235082556,8.740000,1
21.711577,0.234986682,8.720000,1
21.725136,0.235082556,8.700000,1
21.739261,0.234603187,8.680000,1
21.753378,0.234315565,8.660000,1
21.767659,0.234507313,8.640000,1
21.782019,0.234507313,8.620000,1
21.795658,0.234219692,8.600000,1
21.809629,0.233644449,8.580000,1
21.823146,0.234027944,8.560000,1
21.836852,0.233644449,8.540000,1
21.850459,0.233069206,8.520000,1
21.863835,0.233356827,8.500000,1
21.877739,0.233548575,8.480000,1
21.891862,0.232398089,8.460000,1
21.905496,0.233356827,8.440000,1
21.919708,0.232685711,8.420000,1
21.933897,0.232973332,8.400000,1
21.947469,0.232589837,8.380000,1
21.961802,0.232493963,8.360000,1
21.975605,0.232589837,8.340000,1
21.989939,0.232014594,8.320000,1
22.003925,0.232110468,8.300000,1
22.017753,0.231918720,8.280000,1
22.031910,0.231631099,8.260000,1
22.046206,0.231726973,8.240000,1
22.059291,0.231247604,8.220000,1
22.072958,0.230959982,8.200000,1
22.086493,0.231535225,8.180000,1
22.099856,0.231343478,8.160000,1
22.113621,0.230480613,8.140000,1
22.126849,0.230384740,8.120000,1
22.141177,0.230864109,8.100000,1
22.155178,0.230672361,8.080000,1
22.169635,0.230288866,8.060000,1
22.183289,0.230288866,8.040000,1
22.196961,0.230192992,8.020000,1
22.210532,0.229521875,8.000000,1
22.224487,0.229809497,7.980000,1
22.237963,0.229905371,7.960000,1
22.251900,0.229521875,7.940000,1
22.265991,0.229138380,7.920000,1
22.279271,0.229234254,7.900000,1
22.292779,0.229138380,7.880000,1
22.306747,0.228754885,7.860000,1
22.320130,0.228563137,7.840000,1
22.333667,0.228754885,7.820000,1
22.347700,0.228467264,7.800000,1
22.362293,0.227892021,7.780000,1
22.376197,0.227892021,7.760000,1
22.390616,0.227700273,7.740000,1
22.404514,0.227796147,7.720000,1
22.418697,0.227700273,7.700000,1
22.432876,0.227700273,7.680000,1
22.447110,0.226933283,7.660000,1
22.461113,0.227029157,7.640000,1
22.475310,0.227029157,7.620000,1
22.489507,0.227125030,7.600000,1
22.502674,0.227220904,7.580000,1
22.516591,0.227125030,7.560000,1
22.530363,0.226837409,7.540000,1
22.544644,0.226070419,7.520000,1
22.558511,0.226741535,7.500000,1
22.572751,0.226070419,7.480000,1
22.586199,0.225686923,7.460000,1
22.599938,0.225974545,7.440000,1
22.613626,0.225399302,7.420000,1
22.627210,0.225399302,7.400000,1
22.641414,0.225686923,7.380000,1
22.655269,0.225015807,7.360000,1
22.668851,0.225015807,7.340000,1
22.681746,0.224919933,7.320000,1
22.694589,0.224152943,7.300000,1
22.708660,0.224632312,7.280000,1
22.722096,0.224248816,7.260000,1
22.735337,0.224536438,7.240000,1
22.748520,0.224152943,7.220000,1
22.762107,0.223385952,7.200000,1
22.775809,0.224152943,7.180000,1
22.789610,0.223769447,7.160000,1
22.803025,0.223002457,7.140000,1
22.816818,0.223385952,7.120000,1
22.830316,0.222810709,7.100000,1
22.844137,0.223098331,7.080000,1
22.857529,0.223098331,7.060000,1
22.871266,0.223194205,7.040000,1
22.885265,0.222906583,7.020000,1
22.899240,0.222714836,7.000000,1
22.913688,0.222043719,6.980000,1
22.927120,0.222618962,6.960000,1
22.940872,0.222139593,6.940000,1
22.954542,0.222139593,6.920000,1
22.968602,0.222235467,6.900000,1
22.982617,0.222043719,6.880000,1
22.996138,0.222139593,6.860000,1
23.009516,0.221564350,6.840000,1
23.023781,0.221660224,6.820000,1
23.039192,0.221276729,6.800000,1
23.053148,0.221468476,6.780000,1
23.066863,0.220797360,6.760000,1
23.080687,0.220989107,6.740000,1
23.094118,0.220317991,6.720000,1
23.107859,0.220509738,6.700000,1
23.121567,0.220222117,6.680000,1
23.135354,0.220317991,6.660000,1
23.149215,0.220413864,6.640000,1
23.162661,0.219934495,6.620000,1
23.177190,0.219934495,6.600000,1
23.190787,0.219455126,6.580000,1
23.204849,0.219167505,6.560000,1
23.218926,0.219742748,6.540000,1
23.233154,0.219167505,6.520000,1
23.246515,0.218975757,6.500000,1
23.260038,0.219167505,6.480000,1
23.273755,0.219263379,6.460000,1
23.287438,0.218688136,6.440000,1
23.302097,0.218304641,6.420000,1
23.315721,0.219071631,6.400000,1
23.329202,0.218400515,6.380000,1
23.343766,0.218400515,6.360000,1
23.358347,0.218304641,6.340000,1
23.372780,0.217537650,6.320000,1
23.386306,0.218017019,6.300000,1
23.399681,0.218112893,6.280000,1
23.413020,0.217441777,6.260000,1
23.426834,0.217345903,6.240000,1
23.440377,0.217729398,6.220000,1
23.454095,0.217154155,6.200000,1
23.469078,0.217058281,6.180000,1
23.482510,0.216866534,6.160000,1
23.495776,0.216578912,6.140000,1
23.509314,0.216483039,6.120000,1
23.523401,0.216387165,6.100000,1
23.537863,0.216195417,6.080000,1
23.551574,0.216387165,6.060000,1
23.565168,0.215811922,6.040000,1
23.578782,0.215907796,6.020000,1
23.592292,0.215716048,6.000000,1
23.606545,0.215716048,5.980000,1
23.620060,0.215332553,5.960000,1
23.633647,0.215620174,5.940000,1
23.648291,0.215140806,5.920000,1
23.662009,0.214853184,5.900000,1
23.675736,0.214565563,5.880000,1
23.689839,0.214757310,5.860000,1
23.703553,0.214565563,5.840000,1
23.717473,0.214277941,5.820000,1
23.731301,0.214565563,5.800000,1
23.746269,0.214086194,5.780000,1
23.759972,0.214565563,5.760000,1
23.773612,0.213990320,5.740000,1
23.786928,0.214086194,5.720000,1
23.800175,0.213702699,5.700000,1
23.813923,0.213798572,5.680000,1
23.827942,0.213510951,5.660000,1
23.841619,0.213702699,5.640000,1
23.855407,0.213223330,5.620000,1
23.868835,0.213223330,5.600000,1
23.882496,0.212935708,5.580000,1
23.896333,0.212935708,5.560000,1
23.910099,0.212456339,5.540000,1
23.923981,0.212839834,5.520000,1
23.937758,0.212648087,5.500000,1
23.951508,0.212264592,5.480000,1
23.964972,0.212264592,5.460000,1
23.978535,0.211976970,5.440000,1
23.992407,0.212456339,5.420000,1
24.006099,0.211881096,5.400000,1
24.020203,0.211881096,5.380000,1
24.033560,0.211593475,5.360000,1
24.047130,0.211401727,5.340000,1
24.061278,0.211689349,5.320000,1
24.075061,0.210634737,5.300000,1
24.088910,0.211114106,5.280000,1
24.103070,0.210826485,5.260000,1
24.117158,0.210634737,5.240000,1
24.130445,0.210730611,5.220000,1
24.144196,0.210155368,5.200000,1
24.157586,0.210634737,5.180000,1
24.171553,0.210251242,5.160000,1
24.184881,0.210155368,5.140000,1
24.198521,0.209963620,5.120000,1
24.212166,0.209484251,5.100000,1
24.226120,0.209196630,5.080000,1
24.240885,0.209580125,5.060000,1
24.254857,0.209004882,5.040000,1
24.268485,0.209292504,5.020000,1
24.282550,0.208909009,5.000000,1
24.296511,0.208813135,4.980000,1
24.310074,0.208909009,4.960000,1
24.324445,0.208813135,4.940000,1
24.338196,0.208429640,4.920000,1
24.351692,0.208333766,4.900000,1
24.365317,0.208046144,4.880000,1
24.379145,0.207854397,4.860000,1
24.392840,0.208046144,4.840000,1
24.406778,0.207662649,4.820000,1
24.420576,0.207566775,4.800000,1
24.434358,0.207854397,4.780000,1
24.448125,0.206895659,4.760000,1
24.462275,0.207183280,4.740000,1
24.475588,0.207087406,4.720000,1
24.489186,0.206512164,4.700000,1
24.502892,0.206224542,4.680000,1
24.516616,0.206512164,4.660000,1
24.531598,0.206608037,4.640000,1
24.545261,0.206224542,4.620000,1
24.559233,0.205649299,4.600000,1
24.572750,0.205936921,4.580000,1
24.587052,0.205841047,4.560000,1
24.601724,0.205649299,4.540000,1
24.615032,0.205457552,4.520000,1
24.628618,0.205265804,4.500000,1
24.642825,0.205553426,4.480000,1
24.656562,0.205169930,4.460000,1
24.669504,0.205169930,4.440000,1
24.684211,0.204786435,4.420000,1
24.698190,0.204498814,4.400000,1
24.711738,0.204402940,4.380000,1
24.725512,0.204307066,4.360000,1
24.738746,0.204211192,4.340000,1
24.752301,0.203540076,4.320000,1
24.766183,0.203444202,4.300000,1
24.780425,0.203444202,4.280000,1
24.794003,0.203444202,4.260000,1
24.807774,0.203540076,4.240000,1
24.821903,0.203252454,4.220000,1
24.835435,0.202964833,4.200000,1
24.848978,0.203444202,4.180000,1
24.863204,0.202581338,4.160000,1
24.876590,0.202389590,4.140000,1
24.890136,0.202006095,4.120000,1
24.903977,0.202006095,4.100000,1
24.917928,0.201622600,4.080000,1
24.931224,0.201814347,4.060000,1
24.945549,0.201143231,4.040000,1
24.959227,0.201143231,4.020000,1
24.973436,0.201910221,4.000000,1
24.986823,0.201143231,3.980000,1
25.000706,0.200472114,3.960000,1
25.014413,0.200567988,3.940000,1
25.028696,0.200280367,3.920000,1
25.042164,0.200663862,3.900000,1
25.055730,0.199992745,3.880000,1
25.069597,0.199417502,3.860000,1
25.083544,0.199609250,3.840000,1
25.097243,0.199225755,3.820000,1
25.111433,0.199129881,3.800000,1
25.124543,0.199034007,3.780000,1
25.138934,0.199034007,3.760000,1
25.153576,0.198171143,3.740000,1
25.167610,0.198075269,3.720000,1
25.181119,0.197979395,3.700000,1
25.194681,0.197979395,3.680000,1
25.208380,0.197691774,3.660000,1
25.223130,0.197500026,3.640000,1
25.236503,0.197404153,3.620000,1
25.250141,0.197308279,3.600000,1
25.264245,0.196828910,3.580000,1
25.278521,0.196733036,3.560000,1
25.292562,0.196445415,3.540000,1
25.306903,0.196157793,3.520000,1
25.320259,0.196061919,3.500000,1
25.334144,0.195870172,3.480000,1
25.347866,0.195582550,3.460000,1
25.361336,0.195678424,3.440000,1
25.374862,0.195103181,3.420000,1
25.389148,0.195103181,3.400000,1
25.403952,0.194911434,3.380000,1
25.417570,0.195294929,3.360000,1
25.431227,0.194527939,3.340000,1
25.445416,0.194144443,3.320000,1
25.459320,0.194048570,3.300000,1
25.472956,0.194048570,3.280000,1
25.487025,0.193185705,3.260000,1
25.500772,0.193377453,3.240000,1
25.514158,0.193089832,3.220000,1
25.527941,0.193185705,3.200000,1
25.541491,0.192514589,3.180000,1
25.555132,0.192418715,3.160000,1
25.569348,0.192226967,3.140000,1
25.582943,0.191843472,3.120000,1
25.596694,0.191555851,3.100000,1
25.610918,0.191747598,3.080000,1
25.624369,0.190980608,3.060000,1
25.638401,0.190884734,3.040000,1
25.652393,0.190884734,3.020000,1
25.666059,0.190309491,3.000000,1
25.679695,0.189734249,2.980000,1
25.693603,0.190405365,2.960000,1
25.707782,0.189542501,2.940000,1
25.721329,0.189159006,2.920000,1
25.735413,0.189638375,2.900000,1
25.749201,0.189159006,2.880000,1
25.763105,0.188967258,2.860000,1
25.777055,0.188200268,2.840000,1
25.791655,0.188487889,2.820000,1
25.805216,0.187912647,2.800000,1
25.819398,0.188487889,2.780000,1
25.833358,0.187912647,2.760000,1
25.847364,0.187625025,2.740000,1
25.861189,0.187049782,2.720000,1
25.875421,0.186666287,2.700000,1
25.889304,0.186953909,2.680000,1
25.902865,0.186666287,2.660000,1
25.916881,0.186282792,2.640000,1
25.931262,0.185803423,2.620000,1
25.944781,0.185899297,2.600000,1
25.958247,0.185515802,2.580000,1
25.972305,0.185515802,2.560000,1
25.985612,0.184844685,2.540000,1
25.999432,0.185132306,2.520000,1
26.013208,0.184652937,2.500000,1
26.027625,0.184461190,2.480000,1
26.041150,0.183981821,2.460000,1
26.055096,0.183790073,2.440000,1
26.069065,0.183790073,2.420000,1
26.082904,0.183694199,2.400000,1
26.097224,0.182927209,2.380000,1
26.111180,0.183023083,2.360000,1
26.125511,0.182831335,2.340000,1
26.140121,0.182735461,2.320000,1
26.153337,0.182256092,2.300000,1
26.167256,0.181968471,2.280000,1
26.181216,0.181680850,2.260000,1
26.194377,0.181872597,2.240000,1
26.208446,0.181297354,2.220000,1
26.222173,0.181776723,2.200000,1
26.235943,0.180913859,2.180000,1
26.249685,0.180722112,2.160000,1
26.263787,0.180434490,2.140000,1
26.277926,0.180338616,2.120000,1
26.291259,0.179859247,2.100000,1
26.305308,0.179955121,2.080000,1
26.318895,0.179763374,2.060000,1
26.332552,0.179475752,2.040000,1
26.346181,0.179284005,2.020000,1
26.360343,0.179092257,2.000000,1
26.374534,0.179188131,1.980000,1
26.388474,0.178612888,1.960000,1
26.402344,0.178708762,1.940000,1
26.416654,0.178708762,1.920000,1
26.431080,0.178325267,1.900000,1
26.444650,0.177941771,1.880000,1
26.458370,0.177270655,1.860000,1
26.471982,0.177174781,1.840000,1
26.485957,0.177366529,1.820000,1
26.499595,0.176695412,1.800000,1
26.513774,0.176599538,1.780000,1
26.528158,0.176599538,1.760000,1
26.541809,0.175928422,1.740000,1
26.555149,0.175544926,1.720000,1
26.569005,0.175832548,1.700000,1
26.582673,0.175736674,1.680000,1
26.596494,0.175449053,1.660000,1
26.610722,0.175449053,1.640000,1
26.624285,0.174586188,1.620000,1
26.639140,0.174682062,1.600000,1
26.652825,0.174586188,1.580000,1
26.666496,0.174298567,1.560000,1
26.680257,0.173723324,1.540000,1
26.694504,0.174106819,1.520000,1
26.708211,0.173627450,1.500000,1
26.721724,0.173339829,1.480000,1
26.735407,0.172956334,1.460000,1
26.749252,0.173052208,1.440000,1
26.763131,0.172668712,1.420000,1
26.776490,0.172764586,1.400000,1
26.790149,0.172476965,1.380000,1
26.804272,0.172476965,1.360000,1
26.817870,0.171997596,1.340000,1
26.832367,0.171997596,1.320000,1
26.846428,0.171805848,1.300000,1
26.859625,0.171709974,1.280000,1
26.873130,0.171422353,1.260000,1
26.887448,0.171614101,1.240000,1
26.901037,0.171326479,1.220000,1
26.914597,0.170751236,1.200000,1
26.928923,0.170463615,1.180000,1
26.942579,0.170271867,1.160000,1
26.956183,0.169984246,1.140000,1
26.970217,0.170175994,1.120000,1
26.983600,0.169696625,1.100000,1
26.997610,0.169313129,1.080000,1
27.011035,0.168929634,1.060000,1
27.025231,0.168737887,1.040000,1
27.039068,0.168354391,1.020000,1
27.052503,0.167683275,1.000000,1
27.066586,0.167683275,0.980000,1
27.079937,0.167108032,0.960000,1
27.093712,0.166628663,0.940000,1
27.107559,0.166724537,0.920000,1
27.121577,0.166916284,0.900000,1
27.135176,0.166245168,0.880000,1
27.149615,0.166053420,0.860000,1
27.163717,0.165478177,0.840000,1
27.177916,0.165190556,0.820000,1
27.191522,0.164327692,0.800000,1
27.205384,0.164135944,0.780000,1
27.219060,0.163560702,0.760000,1
27.232854,0.162889585,0.740000,1
27.246264,0.162218468,0.720000,1
27.259777,0.161355604,0.700000,1
27.274406,0.161643226,0.680000,1
27.287603,0.160109245,0.660000,1
27.301311,0.158958759,0.640000,1
27.315567,0.157808274,0.620000,1
27.329287,0.156849536,0.600000,1
27.343068,0.156466040,0.580000,1
27.356957,0.155411429,0.560000,1
27.371096,0.153877448,0.540000,1
27.385239,0.153781574,0.520000,1
27.399263,0.152631088,0.500000,1
27.413287,0.152055846,0.480000,1
27.427310,0.151192981,0.460000,1
27.441328,0.149850748,0.440000,1
27.455381,0.148796136,0.420000,1
27.468917,0.148316767,0.400000,1
27.482176,0.147549777,0.380000,1
27.496023,0.146782787,0.360000,1
27.509711,0.146207544,0.340000,1
27.523932,0.145824049,0.320000,1
27.537736,0.145536427,0.300000,1
27.551102,0.144865311,0.280000,1
27.564957,0.144673563,0.260000,1
27.578792,0.144002446,0.240000,1
27.592605,0.143235456,0.220000,1
27.606240,0.142851961,0.200000,1
27.620754,0.142756087,0.180000,1
27.635519,0.141701475,0.160000,1
27.648967,0.141893223,0.140000,1
27.662061,0.141317980,0.120000,1
27.675334,0.140934485,0.100000,1
27.688390,0.139975747,0.080000,1
27.702403,0.138921135,0.060000,1
27.716581,0.138729388,0.040000,1
27.730165,0.138537640,0.020000,1
27.744385,0.137866523,0.000000,1
27.757828,0.137291281,0.000000,1
27.771553,0.137195407,-0.020000,1
27.785296,0.136811912,-0.040000,1
27.799328,0.136044921,-0.060000,1
27.813807,0.135661426,-0.080000,1
27.827533,0.134990309,-0.100000,1
27.841588,0.135182057,-0.120000,1
27.855190,0.134319193,-0.140000,1
27.869668,0.133360455,-0.160000,1
27.883512,0.132114095,-0.180000,1
27.896637,0.130675988,-0.200000,1
27.910642,0.129333755,-0.220000,1
27.924447,0.126936910,-0.240000,1
27.938646,0.120705113,-0.260000,1
27.952738,0.098462392,-0.280000,1
27.966304,0.096832537,-0.300000,1
27.980186,0.095202683,-0.320000,1
27.994325,0.094819187,-0.340000,1
28.007915,0.095298556,-0.360000,1
28.021656,0.094819187,-0.380000,1
28.035121,0.094627440,-0.400000,1
28.049520,0.094243945,-0.420000,1
28.063528,0.094243945,-0.440000,1
28.077050,0.094243945,-0.460000,1
28.091345,0.093668702,-0.480000,1
28.104855,0.093572828,-0.500000,1
28.118829,0.092997585,-0.520000,1
28.132820,0.092422342,-0.540000,1
28.146685,0.092422342,-0.560000,1
28.160672,0.091751226,-0.580000,1
28.174409,0.091367731,-0.600000,1
28.188067,0.090984235,-0.620000,1
28.202233,0.090121371,-0.640000,1
28.215592,0.089546128,-0.660000,1
28.229357,0.088683264,-0.680000,1
28.242752,0.088203895,-0.700000,1
28.256150,0.088299769,-0.720000,1
28.269763,0.086861662,-0.740000,1
28.284357,0.086286419,-0.760000,1
28.298209,0.085998798,-0.780000,1
28.312299,0.085998798,-0.800000,1
28.327059,0.085327681,-0.820000,1
28.340470,0.084944186,-0.840000,1
28.354334,0.084273070,-0.860000,1
28.368077,0.084752439,-0.880000,1
28.382207,0.083985448,-0.900000,1
28.396414,0.083410205,-0.920000,1
28.409818,0.083218458,-0.940000,1
28.423286,0.082834963,-0.960000,1
28.437045,0.082355594,-0.980000,1
28.450572,0.081876225,-1.000000,1
28.464213,0.082067972,-1.020000,1
28.477926,0.081684477,-1.040000,1
28.491675,0.081300982,-1.060000,1
28.505850,0.081588603,-1.080000,1
28.519609,0.081396856,-1.100000,1
28.533246,0.081013360,-1.120000,1
28.546921,0.080246370,-1.140000,1
28.561633,0.080150496,-1.160000,1
28.575925,0.079958749,-1.180000,1
28.589686,0.079862875,-1.200000,1
28.603764,0.079383506,-1.220000,1
28.618290,0.078808263,-1.240000,1
28.631594,0.078520642,-1.260000,1
28.645766,0.078328894,-1.280000,1
28.659376,0.077849525,-1.300000,1
28.672654,0.077466030,-1.320000,1
28.686385,0.077082535,-1.340000,1
28.699903,0.076603166,-1.360000,1
28.714275,0.075932049,-1.380000,1
28.728441,0.076123797,-1.400000,1
28.742912,0.076315544,-1.420000,1
28.757476,0.075165059,-1.440000,1
28.770881,0.074973311,-1.460000,1
28.784397,0.074877437,-1.480000,1
28.798020,0.074206321,-1.500000,1
28.812659,0.073631078,-1.520000,1
28.826310,0.073343456,-1.540000,1
28.840165,0.072768214,-1.560000,1
28.853673,0.072768214,-1.580000,1
28.867300,0.072576466,-1.600000,1
28.881104,0.071905349,-1.620000,1
28.894665,0.071713602,-1.640000,1
28.908610,0.071713602,-1.660000,1
28.922378,0.071138359,-1.680000,1
28.935929,0.070371369,-1.700000,1
28.949308,0.070467242,-1.720000,1
28.963504,0.070179621,-1.740000,1
28.977317,0.070275495,-1.760000,1
28.992335,0.070083747,-1.780000,1
29.006199,0.069700252,-1.800000,1
29.019631,0.069892000,-1.820000,1
29.033583,0.069604378,-1.840000,1
29.047433,0.069316757,-1.860000,1
29.061254,0.069125009,-1.880000,1
29.075591,0.068741514,-1.900000,1
29.089202,0.068741514,-1.920000,1
29.102638,0.068549766,-1.940000,1
29.116196,0.068549766,-1.960000,1
29.130288,0.068549766,-1.980000,1
29.143906,0.068549766,-2.000000,1
29.157885,0.068262145,-2.020000,1
29.171788,0.067686902,-2.040000,1
29.185887,0.068070397,-2.060000,1
29.199541,0.067974524,-2.080000,1
29.213341,0.067782776,-2.100000,1
29.227429,0.067686902,-2.120000,1
29.241358,0.067303407,-2.140000,1
29.254563,0.066824038,-2.160000,1
29.268769,0.066344669,-2.180000,1
29.282191,0.066344669,-2.200000,1
29.295953,0.066440543,-2.220000,1
29.310166,0.066057048,-2.240000,1
29.323695,0.065577679,-2.260000,1
29.337517,0.065481805,-2.280000,1
29.351124,0.064906562,-2.300000,1
29.365111,0.065098310,-2.320000,1
29.378765,0.064714814,-2.340000,1
29.392784,0.064235445,-2.360000,1
29.406602,0.064427193,-2.380000,1
29.420550,0.064139572,-2.400000,1
29.434013,0.064043698,-2.420000,1
29.447906,0.063947824,-2.440000,1
29.461923,0.063180834,-2.460000,1
29.475916,0.063660203,-2.480000,1
29.489781,0.062797339,-2.500000,1
29.503340,0.062317970,-2.520000,1
29.517104,0.061934474,-2.540000,1
29.530520,0.062317970,-2.560000,1
29.544745,0.061742727,-2.580000,1
29.559798,0.061742727,-2.600000,1
29.573356,0.061455105,-2.620000,1
29.587269,0.060783989,-2.640000,1
29.601854,0.060688115,-2.660000,1
29.615715,0.060688115,-2.680000,1
29.629521,0.060496367,-2.700000,1
29.643819,0.060304620,-2.720000,1
29.658194,0.059921125,-2.740000,1
29.671663,0.059633503,-2.760000,1
29.685166,0.058866513,-2.780000,1
29.698615,0.058770639,-2.800000,1
29.712567,0.058291270,-2.820000,1
29.726108,0.058387144,-2.840000,1
29.739966,0.058099522,-2.860000,1
29.754247,0.057907775,-2.880000,1
29.768100,0.057811901,-2.900000,1
29.782070,0.057044911,-2.920000,1
29.795832,0.056949037,-2.940000,1
29.809569,0.056757289,-2.960000,1
29.823676,0.056373794,-2.980000,1
29.837698,0.056182046,-3.000000,1
29.851200,0.055894425,-3.020000,1
29.864851,0.055702677,-3.040000,1
29.878988,0.055415056,-3.060000,1
29.893244,0.055127435,-3.080000,1
29.906752,0.054552192,-3.100000,1
29.920864,0.054648066,-3.120000,1
29.934482,0.054168697,-3.140000,1
29.948157,0.053785201,-3.160000,1
29.961282,0.053593454,-3.180000,1
29.975342,0.053785201,-3.200000,1
29.990724,0.053018211,-3.220000,1
30.004616,0.052826463,-3.240000,1
30.018558,0.052251221,-3.260000,1
30.031707,0.052634716,-3.280000,1
30.045755,0.052251221,-3.300000,1
30.059084,0.051388356,-3.320000,1
30.072526,0.051675978,-3.340000,1
30.085925,0.051004861,-3.360000,1
30.099483,0.050621366,-3.380000,1
30.113358,0.050621366,-3.400000,1
30.127189,0.050046123,-3.420000,1
30.141755,0.049758502,-3.440000,1
30.155314,0.049279133,-3.460000,1
30.169056,0.049470880,-3.480000,1
30.182762,0.048895638,-3.500000,1
30.196393,0.048416269,-3.520000,1
30.210316,0.048224521,-3.540000,1
30.224097,0.047841026,-3.560000,1
30.238290,0.047265783,-3.580000,1
30.251811,0.047457531,-3.600000,1
30.265332,0.046786414,-3.620000,1
30.279319,0.046498793,-3.640000,1
30.292658,0.045827676,-3.660000,1
30.306385,0.045827676,-3.680000,1
30.319958,0.045444181,-3.700000,1
30.333678,0.045060686,-3.720000,1
30.347883,0.045060686,-3.740000,1
30.361190,0.044581317,-3.760000,1
30.374774,0.044677190,-3.780000,1
30.388729,0.044006074,-3.800000,1
30.402411,0.043814326,-3.820000,1
30.416583,0.042951462,-3.840000,1
30.430557,0.042376219,-3.860000,1
30.444500,0.042472093,-3.880000,1
30.458375,0.042280345,-3.900000,1
30.472390,0.041513355,-3.920000,1
30.485687,0.041417481,-3.940000,1
30.499647,0.040842238,-3.960000,1
30.514117,0.040362869,-3.980000,1
30.527885,0.040075248,-4.000000,1
30.541547,0.039787627,-4.020000,1
30.555402,0.039212384,-4.040000,1
30.569114,0.039116510,-4.060000,1
30.583259,0.039020636,-4.080000,1
30.596828,0.038253646,-4.100000,1
30.610603,0.037294908,-4.120000,1
30.624508,0.037678403,-4.140000,1
30.638452,0.036527918,-4.160000,1
30.651482,0.037199034,-4.180000,1
30.665281,0.035952675,-4.200000,1
30.679408,0.035856801,-4.220000,1
30.692819,0.035377432,-4.240000,1
30.707567,0.034706315,-4.260000,1
30.721366,0.034514568,-4.280000,1
30.735160,0.034226946,-4.300000,1
30.748915,0.033747577,-4.320000,1
30.762592,0.033747577,-4.340000,1
30.775980,0.032980587,-4.360000,1
30.789362,0.032884713,-4.380000,1
30.802710,0.032501218,-4.400000,1
30.816752,0.032501218,-4.420000,1
30.830875,0.031734228,-4.440000,1
30.844639,0.031734228,-4.460000,1
30.858561,0.031063111,-4.480000,1
30.872441,0.031254859,-4.500000,1
30.887211,0.030104373,-4.520000,1
30.900283,0.030104373,-4.540000,1
30.914444,0.029529130,-4.560000,1
30.928597,0.029433256,-4.580000,1
30.942695,0.029529130,-4.600000,1
30.957538,0.028953887,-4.620000,1
30.971489,0.028378645,-4.640000,1
30.985159,0.027995149,-4.660000,1
30.999197,0.027707528,-4.680000,1
31.013536,0.027324033,-4.700000,1
31.027428,0.027324033,-4.720000,1
31.041031,0.026557042,-4.740000,1
31.054753,0.026557042,-4.760000,1
31.068460,0.025790052,-4.780000,1
31.082428,0.025790052,-4.800000,1
31.096469,0.025214809,-4.820000,1
31.110024,0.025502431,-4.840000,1
31.123652,0.025118935,-4.860000,1
31.137443,0.025023062,-4.880000,1
31.150797,0.024351945,-4.900000,1
31.165283,0.024256071,-4.920000,1
31.179276,0.023872576,-4.940000,1
31.193379,0.023776702,-4.960000,1
31.207033,0.023393207,-4.980000,1
31.220549,0.022817964,-5.000000,1
31.234283,0.022530343,-5.020000,1
31.248170,0.022626217,-5.040000,1
31.261940,0.021955100,-5.060000,1
31.275718,0.022434469,-5.080000,1
31.289217,0.021667479,-5.100000,1
31.302871,0.021188110,-5.120000,1
31.316490,0.021475731,-5.140000,1
31.330617,0.020804614,-5.160000,1
31.344048,0.020325245,-5.180000,1
31.357661,0.019941750,-5.200000,1
31.372561,0.020325245,-5.220000,1
31.386504,0.019654129,-5.240000,1
31.400808,0.019270634,-5.260000,1
31.414706,0.018695391,-5.280000,1
31.429343,0.018983012,-5.300000,1
31.443011,0.018311896,-5.320000,1
31.456938,0.017736653,-5.340000,1
31.470995,0.017928400,-5.360000,1
31.484596,0.017832527,-5.380000,1
31.498730,0.017161410,-5.400000,1
31.512707,0.016873789,-5.420000,1
31.527009,0.016777915,-5.440000,1
31.541223,0.016873789,-5.460000,1
31.555331,0.016394420,-5.480000,1
31.568756,0.015915051,-5.500000,1
31.582550,0.015627429,-5.520000,1
31.596070,0.015052186,-5.540000,1
31.609669,0.015339808,-5.560000,1
31.623763,0.014764565,-5.580000,1
31.637657,0.014381070,-5.600000,1
31.651823,0.013422332,-5.620000,1
31.665326,0.014093448,-5.640000,1
31.678560,0.013614079,-5.660000,1
31.692429,0.013038837,-5.680000,1
31.706212,0.013134710,-5.700000,1
31.720242,0.012559468,-5.720000,1
31.733852,0.012367720,-5.740000,1
31.747460,0.012367720,-5.760000,1
31.760996,0.011504856,-5.780000,1
31.775076,0.011600730,-5.800000,1
31.788668,0.010833739,-5.820000,1
31.802602,0.011217235,-5.840000,1
31.816372,0.010258497,-5.860000,1
31.830551,0.010641992,-5.880000,1
31.844358,0.009875001,-5.900000,1
31.858548,0.009875001,-5.920000,1
31.872407,0.009395632,-5.940000,1
31.886271,0.009587380,-5.960000,1
31.899795,0.008820390,-5.980000,1
31.913821,0.008724516,-6.000000,1
31.927388,0.008245147,-6.020000,1
31.941971,0.008149273,-6.040000,1
31.955647,0.007574030,-6.060000,1
31.969936,0.007669904,-6.080000,1
31.983431,0.006998787,-6.100000,1
31.997081,0.006615292,-6.120000,1
32.011287,0.006423545,-6.140000,1
32.025804,0.006327671,-6.160000,1
32.039590,0.005464807,-6.180000,1
32.053710,0.005752428,-6.200000,1
32.067340,0.005560680,-6.220000,1
32.081275,0.005273059,-6.240000,1
32.095098,0.004601942,-6.260000,1
32.108789,0.004985438,-6.280000,1
32.122489,0.004122573,-6.300000,1
32.136365,0.003834952,-6.320000,1
32.151169,0.003643204,-6.340000,1
32.165931,0.003547331,-6.360000,1
32.179214,0.003163835,-6.380000,1
32.193016,0.003355583,-6.400000,1
32.207407,0.002972088,-6.420000,1
32.220956,0.002684466,-6.440000,1
32.234967,0.002205097,-6.460000,1
32.248592,0.002109224,-6.480000,1
32.261731,0.001917476,-6.500000,1
32.276496,0.001150486,-6.520000,1
32.290287,0.001821602,-6.540000,1
32.304162,0.000958738,-6.560000,1
32.317731,0.001054612,-6.580000,1
32.331735,0.000766990,-6.600000,1
32.345921,0.000383495,-6.620000,1
32.359411,0.000766990,-6.640000,1
32.372717,0.000000000,-6.660000,1
32.387089,-0.000671117,-6.680000,1
32.400519,-0.000671117,-6.700000,1
32.414521,-0.000862864,-6.720000,1
32.428576,-0.000862864,-6.740000,1
32.441820,-0.001246359,-6.760000,1
32.455326,-0.001629855,-6.780000,1
32.469738,-0.001438107,-6.800000,1
32.483485,-0.001533981,-6.820000,1
32.497958,-0.001629855,-6.840000,1
32.512002,-0.002013350,-6.860000,1
32.525669,-0.002300971,-6.880000,1
32.540000,-0.002492719,-6.900000,1
32.553385,-0.002684466,-6.920000,1
32.567228,-0.002780340,-6.940000,1
32.581859,-0.002972088,-6.960000,1
32.595766,-0.003643204,-6.980000,1
32.609433,-0.003643204,-7.000000,1
32.624480,-0.004122573,-7.020000,1
32.638320,-0.003930826,-7.040000,1
32.652534,-0.004506069,-7.060000,1
32.665362,-0.004697816,-7.080000,1
32.678293,-0.005081311,-7.100000,1
32.691199,-0.004985438,-7.120000,1
32.704823,-0.005081311,-7.140000,1
32.718241,-0.005464807,-7.160000,1
32.731806,-0.005656554,-7.180000,1
32.744802,-0.005848302,-7.200000,1
32.758077,-0.005752428,-7.220000,1
32.772516,-0.006231797,-7.240000,1
32.786321,-0.006327671,-7.260000,1
32.800392,-0.006615292,-7.280000,1
32.813980,-0.006615292,-7.300000,1
32.827511,-0.007478156,-7.320000,1
32.842283,-0.007094661,-7.340000,1
32.856019,-0.007574030,-7.360000,1
32.869866,-0.008053399,-7.380000,1
32.884588,-0.007957525,-7.400000,1
32.898297,-0.007765778,-7.420000,1
32.912655,-0.008341021,-7.440000,1
32.926507,-0.008628642,-7.460000,1
32.940220,-0.008436894,-7.480000,1
32.953388,-0.009203885,-7.500000,1
32.967165,-0.009491506,-7.520000,1
32.980328,-0.009395632,-7.540000,1
32.993692,-0.009203885,-7.560000,1
33.007817,-0.009491506,-7.580000,1
33.021609,-0.010066749,-7.600000,1
33.035227,-0.009875001,-7.620000,1
33.048906,-0.010354370,-7.640000,1
33.062834,-0.010737866,-7.660000,1
33.076812,-0.011025487,-7.680000,1
33.090972,-0.011217235,-7.700000,1
33.104699,-0.011600730,-7.720000,1
33.118363,-0.011600730,-7.740000,1
33.132424,-0.011504856,-7.760000,1
33.146117,-0.011984225,-7.780000,1
33.159853,-0.012080099,-7.800000,1
33.174287,-0.012655342,-7.820000,1
33.188796,-0.012942963,-7.840000,1
33.202750,-0.012655342,-7.860000,1
33.216660,-0.013038837,-7.880000,1
33.230738,-0.013326458,-7.900000,1
33.244586,-0.013709953,-7.920000,1
33.258480,-0.013805827,-7.940000,1
33.271937,-0.013709953,-7.960000,1
33.285885,-0.013901701,-7.980000,1
33.299521,-0.014285196,-8.000000,1
33.313581,-0.014381070,-8.020000,1
33.327122,-0.015339808,-8.040000,1
33.341001,-0.014476944,-8.060000,1
33.355354,-0.015243934,-8.080000,1
33.369917,-0.015435682,-8.100000,1
33.383441,-0.015819177,-8.120000,1
33.397716,-0.015819177,-8.140000,1
33.411175,-0.016010924,-8.160000,1
33.425484,-0.016777915,-8.180000,1
33.439983,-0.016682041,-8.200000,1
33.453433,-0.016777915,-8.220000,1
33.467231,-0.017257284,-8.240000,1
33.481170,-0.017449031,-8.260000,1
33.494765,-0.017928400,-8.280000,1
33.508342,-0.017832527,-8.300000,1
33.522547,-0.018120148,-8.320000,1
33.535983,-0.018503643,-8.340000,1
33.549784,-0.018024274,-8.360000,1
33.563203,-0.018983012,-8.380000,1
33.577294,-0.019462381,-8.400000,1
33.590676,-0.019174760,-8.420000,1
33.605024,-0.019750003,-8.440000,1
33.619636,-0.019845876,-8.460000,1
33.633578,-0.020421119,-8.480000,1
33.648419,-0.020708741,-8.500000,1
33.661242,-0.021092236,-8.520000,1
33.675400,-0.021092236,-8.540000,1
33.688854,-0.021763352,-8.560000,1
33.703085,-0.021667479,-8.580000,1
33.717251,-0.022050974,-8.600000,1
33.730752,-0.022434469,-8.620000,1
33.744977,-0.022530343,-8.640000,1
33.758622,-0.022722090,-8.660000,1
33.771848,-0.023105586,-8.680000,1
33.785437,-0.023297333,-8.700000,1
33.800026,-0.023489081,-8.720000,1
33.813816,-0.023872576,-8.740000,1
33.827963,-0.024447819,-8.760000,1
33.842041,-0.024735440,-8.780000,1
33.855646,-0.024639566,-8.800000,1
33.869314,-0.025023062,-8.820000,1
33.882664,-0.025981800,-8.840000,1
33.896396,-0.025981800,-8.860000,1
33.910468,-0.026461169,-8.880000,1
33.924609,-0.026652916,-8.900000,1
33.938623,-0.027419907,-8.920000,1
33.952197,-0.026940538,-8.940000,1
33.965740,-0.027707528,-8.960000,1
33.979218,-0.027803402,-8.980000,1
33.993385,-0.028378645,-9.000000,1
34.007063,-0.029049761,-9.020000,1
34.020783,-0.028953887,-9.040000,1
34.034880,-0.029337383,-9.060000,1
34.049764,-0.029241509,-9.080000,1
34.063585,-0.030200247,-9.100000,1
34.077579,-0.030391994,-9.120000,1
34.092105,-0.031063111,-9.140000,1
34.105533,-0.031350732,-9.160000,1
34.119623,-0.031254859,-9.180000,1
34.133738,-0.031446606,-9.200000,1
34.148323,-0.032117723,-9.220000,1
34.162079,-0.032213597,-9.240000,1
34.175540,-0.032788839,-9.260000,1
34.189906,-0.032788839,-9.280000,1
34.203619,-0.033459956,-9.300000,1
34.217562,-0.033555830,-9.320000,1
34.231751,-0.034035199,-9.340000,1
34.245718,-0.034610442,-9.360000,1
34.259412,-0.034706315,-9.380000,1
34.273499,-0.034802189,-9.400000,1
34.287136,-0.035281558,-9.420000,1
34.301335,-0.035665053,-9.440000,1
34.315841,-0.035856801,-9.460000,1
34.329389,-0.036336170,-9.480000,1
34.343421,-0.036527918,-9.500000,1
34.357572,-0.036623791,-9.520000,1
34.371590,-0.037103160,-9.540000,1
34.385038,-0.037582529,-9.560000,1
34.399045,-0.037678403,-9.580000,1
34.413008,-0.037966025,-9.600000,1
34.427142,-0.038349520,-9.620000,1
34.440551,-0.038637141,-9.640000,1
34.454731,-0.038253646,-9.660000,1
34.469074,-0.039020636,-9.680000,1
34.483024,-0.039404131,-9.700000,1
34.497757,-0.039595879,-9.720000,1
34.511440,-0.039979374,-9.740000,1
34.525661,-0.040650491,-9.760000,1
34.539622,-0.040554617,-9.780000,1
34.553195,-0.040458743,-9.800000,1
34.566897,-0.041129860,-9.820000,1
34.580222,-0.041609229,-9.840000,1
34.594544,-0.041513355,-9.860000,1
34.608497,-0.042088598,-9.880000,1
34.622515,-0.042184472,-9.900000,1
34.636787,-0.042088598,-9.920000,1
34.650915,-0.042855588,-9.940000,1
34.664862,-0.042759714,-9.960000,1
34.678252,-0.044006074,-9.980000,1
34.691826,-0.043718452,-10.000000,1
34.706190,-0.043334957,-10.020000,1
34.719847,-0.044197821,-10.040000,1
34.733703,-0.044006074,-10.060000,1
34.747171,-0.044293695,-10.080000,1
34.761301,-0.044293695,-10.100000,1
34.774760,-0.044964812,-10.120000,1
34.788850,-0.044773064,-10.140000,1
34.803258,-0.045060686,-10.160000,1
34.817282,-0.045635928,-10.180000,1
34.831123,-0.045444181,-10.200000,1
34.844976,-0.046211171,-10.220000,1
34.858584,-0.046115297,-10.240000,1
34.872484,-0.046402919,-10.260000,1
34.886524,-0.046690540,-10.280000,1
34.900389,-0.046786414,-10.300000,1
34.914053,-0.046786414,-10.320000,1
34.928207,-0.047169909,-10.340000,1
34.941771,-0.047457531,-10.360000,1
34.955595,-0.047745152,-10.380000,1
34.969084,-0.047745152,-10.400000,1
34.982823,-0.048128647,-10.420000,1
34.997662,-0.047745152,-10.440000,1
35.011292,-0.048416269,-10.460000,1
35.024786,-0.048799764,-10.480000,1
35.038363,-0.049183259,-10.500000,1
35.052220,-0.048608016,-10.520000,1
35.066545,-0.049375007,-10.540000,1
35.080266,-0.049662628,-10.560000,1
35.094646,-0.049950249,-10.580000,1
35.108889,-0.049950249,-10.600000,1
35.122666,-0.050429618,-10.620000,1
35.136435,-0.050237871,-10.640000,1
35.150244,-0.050525492,-10.660000,1
35.164522,-0.051100735,-10.680000,1
35.178311,-0.050908987,-10.700000,1
35.192343,-0.051388356,-10.720000,1
35.205425,-0.051292483,-10.740000,1
35.219880,-0.051963599,-10.760000,1
35.233384,-0.051771852,-10.780000,1
35.247309,-0.051963599,-10.800000,1
35.261069,-0.051963599,-10.820000,1
35.274737,-0.052251221,-10.840000,1
35.288710,-0.052730590,-10.860000,1
35.302522,-0.052634716,-10.880000,1
35.316302,-0.053018211,-10.900000,1
35.329487,-0.053114085,-10.920000,1
35.343667,-0.053785201,-10.940000,1
35.357344,-0.053689328,-10.960000,1
35.370753,-0.053785201,-10.980000,1
35.384598,-0.053881075,-11.000000,1
35.398310,-0.054360444,-11.020000,1
35.412367,-0.054168697,-11.040000,1
35.426307,-0.054935687,-11.060000,1
35.440171,-0.055415056,-11.080000,1
35.454127,-0.054935687,-11.100000,1
35.467477,-0.055415056,-11.120000,1
35.481356,-0.055702677,-11.140000,1
35.495389,-0.055319182,-11.160000,1
35.509373,-0.056373794,-11.180000,1
35.523427,-0.055990299,-11.200000,1
35.537927,-0.056373794,-11.220000,1
35.551629,-0.056565542,-11.240000,1
35.565345,-0.057140784,-11.260000,1
35.579467,-0.057140784,-11.280000,1
35.593126,-0.057140784,-11.300000,1
35.607149,-0.057620153,-11.320000,1
35.621023,-0.057716027,-11.340000,1
35.635097,-0.057716027,-11.360000,1
35.648943,-0.058099522,-11.380000,1
35.662327,-0.058387144,-11.400000,1
35.676140,-0.058483018,-11.420000,1
35.689385,-0.059250008,-11.440000,1
35.703172,-0.059250008,-11.460000,1
35.716763,-0.059441756,-11.480000,1
35.730572,-0.059441756,-11.500000,1
35.744646,-0.059921125,-11.520000,1
35.758125,-0.060016998,-11.540000,1
35.771578,-0.060208746,-11.560000,1
35.785098,-0.060688115,-11.580000,1
35.798915,-0.060975736,-11.600000,1
35.813435,-0.061359232,-11.620000,1
35.827207,-0.061167484,-11.640000,1
35.841369,-0.061455105,-11.660000,1
35.855471,-0.062030348,-11.680000,1
35.869681,-0.062030348,-11.700000,1
35.883428,-0.062126222,-11.720000,1
35.896927,-0.062413843,-11.740000,1
35.910458,-0.062509717,-11.760000,1
35.925347,-0.062605591,-11.780000,1
35.938784,-0.062893212,-11.800000,1
35.953129,-0.063468455,-11.820000,1
35.967241,-0.063947824,-11.840000,1
35.980607,-0.064139572,-11.860000,1
35.994539,-0.064235445,-11.880000,1
36.008627,-0.064331319,-11.900000,1
36.022192,-0.064714814,-11.920000,1
36.035903,-0.064714814,-11.940000,1
36.050477,-0.064906562,-11.960000,1
36.063962,-0.065481805,-11.980000,1
36.077303,-0.065385931,-12.000000,1
36.091040,-0.065961174,-12.020000,1
36.104722,-0.066824038,-12.040000,1
36.118734,-0.067015786,-12.060000,1
36.133039,-0.066919912,-12.080000,1
36.147269,-0.067495155,-12.100000,1
36.162311,-0.067399281,-12.120000,1
36.176241,-0.068070397,-12.140000,1
36.190125,-0.068166271,-12.160000,1
36.203729,-0.068166271,-12.180000,1
36.217936,-0.068453893,-12.200000,1
36.231601,-0.068741514,-12.220000,1
36.245682,-0.069604378,-12.240000,1
36.259484,-0.069029135,-12.260000,1
36.272994,-0.069508504,-12.280000,1
36.286284,-0.069892000,-12.300000,1
36.299966,-0.070371369,-12.320000,1
36.313527,-0.070467242,-12.340000,1
36.327276,-0.070850738,-12.360000,1
36.341038,-0.070850738,-12.380000,1
36.355340,-0.070754864,-12.400000,1
36.368927,-0.071425980,-12.420000,1
36.382499,-0.071617728,-12.440000,1
36.396277,-0.072384718,-12.460000,1
36.410426,-0.072768214,-12.480000,1
36.424010,-0.073151709,-12.500000,1
36.438203,-0.073343456,-12.520000,1
36.451940,-0.072768214,-12.540000,1
36.465701,-0.073631078,-12.560000,1
36.479343,-0.074110447,-12.580000,1
36.493517,-0.074302194,-12.600000,1
36.507905,-0.074589816,-12.620000,1
36.521747,-0.075069185,-12.640000,1
36.535306,-0.074973311,-12.660000,1
36.549530,-0.074781563,-12.680000,1
36.563892,-0.075260932,-12.700000,1
36.577700,-0.075740301,-12.720000,1
36.591428,-0.076507292,-12.740000,1
36.605314,-0.076603166,-12.760000,1
36.619032,-0.076794913,-12.780000,1
36.632803,-0.077082535,-12.800000,1
36.646724,-0.077178408,-12.820000,1
36.661170,-0.077849525,-12.840000,1
36.675303,-0.078233020,-12.860000,1
36.689130,-0.078137146,-12.880000,1
36.703356,-0.078233020,-12.900000,1
36.717143,-0.078808263,-12.920000,1
36.731456,-0.079383506,-12.940000,1
36.744807,-0.079095884,-12.960000,1
36.758759,-0.079862875,-12.980000,1
36.772812,-0.079575253,-13.000000,1
36.786918,-0.079862875,-13.020000,1
36.800363,-0.080150496,-13.040000,1
36.814488,-0.080821613,-13.060000,1
36.828766,-0.080533991,-13.080000,1
36.842144,-0.081396856,-13.100000,1
36.856140,-0.080917487,-13.120000,1
36.870806,-0.081588603,-13.140000,1
36.883820,-0.081684477,-13.160000,1
36.897847,-0.081588603,-13.180000,1
36.911449,-0.082547341,-13.200000,1
36.925160,-0.083026710,-13.220000,1
36.938922,-0.082547341,-13.240000,1
36.953123,-0.083122584,-13.260000,1
36.966659,-0.083697827,-13.280000,1
36.980339,-0.083506079,-13.300000,1
36.993947,-0.084177196,-13.320000,1
37.007676,-0.083985448,-13.340000,1
37.021657,-0.084368943,-13.360000,1
37.035025,-0.084560691,-13.380000,1
37.048643,-0.084752439,-13.400000,1
37.062124,-0.085040060,-13.420000,1
37.075847,-0.085040060,-13.440000,1
37.089144,-0.085423555,-13.460000,1
37.102391,-0.085615303,-13.480000,1
37.116219,-0.085902924,-13.500000,1
37.130697,-0.086094672,-13.520000,1
37.144548,-0.086574041,-13.540000,1
37.158648,-0.086765788,-13.560000,1
37.172769,-0.087149284,-13.580000,1
37.187221,-0.087341031,-13.600000,1
37.201167,-0.087436905,-13.620000,1
37.214789,-0.087341031,-13.640000,1
37.229604,-0.088012148,-13.660000,1
37.243288,-0.087724526,-13.680000,1
37.257579,-0.088587391,-13.700000,1
37.270827,-0.088875012,-13.720000,1
37.284724,-0.088970886,-13.740000,1
37.298959,-0.089450255,-13.760000,1
37.313562,-0.089258507,-13.780000,1
37.326821,-0.090121371,-13.800000,1
37.340869,-0.089737876,-13.820000,1
37.353990,-0.089737876,-13.840000,1
37.368281,-0.089929624,-13.860000,1
37.381921,-0.090217245,-13.880000,1
37.395328,-0.091080109,-13.900000,1
37.408923,-0.091080109,-13.920000,1
37.423116,-0.091463604,-13.940000,1
37.436670,-0.091655352,-13.960000,1
37.450079,-0.092134721,-13.980000,1
37.465082,-0.092518216,-14.000000,1
37.478825,-0.092422342,-14.020000,1
37.492624,-0.092709964,-14.040000,1
37.506654,-0.093285207,-14.060000,1
37.520578,-0.093572828,-14.080000,1
37.534835,-0.093285207,-14.100000,1
37.548232,-0.093668702,-14.120000,1
37.562038,-0.094148071,-14.140000,1
37.575737,-0.094627440,-14.160000,1
37.590099,-0.094435692,-14.180000,1
37.604658,-0.095394430,-14.200000,1
37.618791,-0.095586178,-14.220000,1
37.633520,-0.095586178,-14.240000,1
37.647655,-0.096161421,-14.260000,1
37.661023,-0.096736663,-14.280000,1
37.674210,-0.096544916,-14.300000,1
37.687822,-0.097024285,-14.320000,1
37.701302,-0.097695401,-14.340000,1
37.715060,-0.098174770,-14.360000,1
37.728694,-0.098270644,-14.380000,1
37.742075,-0.098845887,-14.400000,1
37.756008,-0.098941761,-14.420000,1
37.770113,-0.099421130,-14.440000,1
37.784008,-0.099708751,-14.460000,1
37.798258,-0.099517004,-14.480000,1
37.811988,-0.100667489,-14.500000,1
37.825513,-0.101338606,-14.520000,1
37.839485,-0.101530353,-14.540000,1
37.852986,-0.101722101,-14.560000,1
37.867040,-0.101913849,-14.580000,1
37.880824,-0.102297344,-14.600000,1
37.894996,-0.103064334,-14.620000,1
37.908553,-0.103447829,-14.640000,1
37.922518,-0.103639577,-14.660000,1
37.936367,-0.104214820,-14.680000,1
37.950923,-0.105173558,-14.700000,1
37.964619,-0.105748801,-14.720000,1
37.979037,-0.106228170,-14.740000,1
37.992195,-0.106324043,-14.760000,1
38.005522,-0.107474529,-14.780000,1
38.019493,-0.107091034,-14.800000,1
38.033194,-0.108145646,-14.820000,1
38.046777,-0.108816762,-14.840000,1
38.060534,-0.108912636,-14.860000,1
38.074271,-0.109679626,-14.880000,1
38.087808,-0.110638364,-14.900000,1
38.101248,-0.110830112,-14.920000,1
38.114839,-0.111597102,-14.940000,1
38.128377,-0.112459967,-14.960000,1
38.142213,-0.112843462,-14.980000,1
38.156105,-0.113322831,-15.000000,1
38.169869,-0.114185695,-15.020000,1
38.183656,-0.115144433,-15.040000,1
38.197368,-0.115432054,-15.060000,1
38.211482,-0.116199045,-15.080000,1
38.225355,-0.117157783,-15.100000,1
38.239642,-0.117349530,-15.120000,1
38.253410,-0.117828899,-15.140000,1
38.266613,-0.118787637,-15.160000,1
38.279821,-0.119075259,-15.180000,1
38.293170,-0.119938123,-15.200000,1
38.307009,-0.120417492,-15.220000,1
38.320588,-0.120800987,-15.240000,1
38.334246,-0.121663851,-15.260000,1
38.349072,-0.122239094,-15.280000,1
38.362969,-0.122910211,-15.300000,1
38.376992,-0.123197832,-15.320000,1
38.390668,-0.123773075,-15.340000,1
38.404228,-0.124444191,-15.360000,1
38.417910,-0.125115308,-15.380000,1
38.431906,-0.125307056,-15.400000,1
38.445593,-0.125690551,-15.420000,1
38.459544,-0.126169920,-15.440000,1
38.473804,-0.126745163,-15.460000,1
38.487723,-0.127416279,-15.480000,1
38.501988,-0.128087396,-15.500000,1
38.515877,-0.128566765,-15.520000,1
38.529935,-0.129046134,-15.540000,1
38.543854,-0.129717250,-15.560000,1
38.558231,-0.130004872,-15.580000,1
38.572039,-0.130484241,-15.600000,1
38.586146,-0.131059484,-15.620000,1
38.600126,-0.130963610,-15.640000,1
38.613797,-0.131826474,-15.660000,1
38.627983,-0.131922348,-15.680000,1
38.641730,-0.132785212,-15.700000,1
38.655491,-0.133456329,-15.720000,1
38.669376,-0.133839824,-15.740000,1
38.683024,-0.134606814,-15.760000,1
38.696843,-0.134415067,-15.780000,1
38.710236,-0.135277931,-15.800000,1
38.724278,-0.135853174,-15.820000,1
38.737897,-0.136236669,-15.840000,1
38.752021,-0.136716038,-15.860000,1
38.765724,-0.137291281,-15.880000,1
38.778965,-0.137291281,-15.900000,1
38.792224,-0.138154145,-15.920000,1
38.806276,-0.138345892,-15.940000,1
38.819747,-0.139112883,-15.960000,1
38.833173,-0.139592252,-15.980000,1
38.847309,-0.139879873,-16.000000,1
38.860845,-0.140742737,-16.020000,1
38.874355,-0.140934485,-16.040000,1
38.888155,-0.141413854,-16.060000,1
38.902023,-0.142084970,-16.080000,1
38.915566,-0.142276718,-16.100000,1
38.929282,-0.143235456,-16.120000,1
38.943021,-0.143714825,-16.140000,1
38.956778,-0.143714825,-16.160000,1
38.970499,-0.144865311,-16.180000,1
38.984252,-0.144865311,-16.200000,1
38.997653,-0.145440553,-16.220000,1
39.011332,-0.146207544,-16.240000,1
39.025148,-0.146878660,-16.260000,1
39.038648,-0.147453903,-16.280000,1
39.052513,-0.146974534,-16.300000,1
39.066317,-0.147933272,-16.320000,1
39.079883,-0.148412641,-16.340000,1
39.093794,-0.148796136,-16.360000,1
39.107288,-0.149275505,-16.380000,1
39.121554,-0.149371379,-16.400000,1
39.135021,-0.149946622,-16.420000,1
39.148811,-0.150713612,-16.440000,1
39.162515,-0.151288855,-16.460000,1
39.176449,-0.151768224,-16.480000,1
39.189936,-0.152151719,-16.500000,1
39.203656,-0.152439341,-16.520000,1
39.217437,-0.152822836,-16.540000,1
39.231514,-0.153493953,-16.560000,1
39.245180,-0.153781574,-16.580000,1
39.258794,-0.154356817,-16.600000,1
39.272749,-0.154740312,-16.620000,1
39.286753,-0.155027933,-16.640000,1
39.299999,-0.155123807,-16.660000,1
39.314018,-0.155699050,-16.680000,1
39.327456,-0.156082545,-16.700000,1
39.341106,-0.156657788,-16.720000,1
39.354841,-0.157041283,-16.740000,1
39.368608,-0.157328905,-16.760000,1
39.382375,-0.157808274,-16.780000,1
39.396092,-0.157808274,-16.800000,1
39.409825,-0.158095895,-16.820000,1
39.423615,-0.158958759,-16.840000,1
39.436997,-0.159150507,-16.860000,1
39.450959,-0.159725750,-16.880000,1
39.464427,-0.159438128,-16.900000,1
39.478198,-0.160205119,-16.920000,1
39.492242,-0.160396866,-16.940000,1
39.505399,-0.160684488,-16.960000,1
39.519079,-0.161547352,-16.980000,1
39.532977,-0.161451478,-17.000000,1
39.546742,-0.161739099,-17.020000,1
39.560501,-0.162314342,-17.040000,1
39.574038,-0.162314342,-17.060000,1
39.587513,-0.162601964,-17.080000,1
39.601234,-0.163081333,-17.100000,1
39.615110,-0.162793711,-17.120000,1
39.628573,-0.163752449,-17.140000,1
39.642303,-0.163560702,-17.160000,1
39.655754,-0.163848323,-17.180000,1
39.669146,-0.164327692,-17.200000,1
39.683195,-0.164327692,-17.220000,1
39.696745,-0.164615313,-17.240000,1
39.710500,-0.164998808,-17.260000,1
39.724217,-0.165382304,-17.280000,1
39.737968,-0.165669925,-17.300000,1
39.751723,-0.165765799,-17.320000,1
39.765303,-0.166149294,-17.340000,1
39.779439,-0.166436915,-17.360000,1
39.792902,-0.166916284,-17.380000,1
39.806661,-0.166916284,-17.400000,1
39.820714,-0.167395653,-17.420000,1
39.834673,-0.167779149,-17.440000,1
39.848354,-0.167970896,-17.460000,1
39.862096,-0.168162644,-17.480000,1
39.876124,-0.168833760,-17.500000,1
39.890234,-0.168450265,-17.520000,1
39.903761,-0.168162644,-17.540000,1
39.917409,-0.169121382,-17.560000,1
39.931554,-0.169313129,-17.580000,1
39.945141,-0.169888372,-17.600000,1
39.958686,-0.169888372,-17.620000,1
39.972814,-0.170559489,-17.640000,1
39.986390,-0.170751236,-17.660000,1
40.000143,-0.170655363,-17.680000,1
40.013881,-0.171038858,-17.700000,1
40.028183,-0.171230605,-17.720000,1
40.041904,-0.171518227,-17.740000,1
40.055435,-0.172189343,-17.760000,1
40.070089,-0.171997596,-17.780000,1
40.084192,-0.172285217,-17.800000,1
40.097355,-0.172764586,-17.820000,1
40.111372,-0.173052208,-17.840000,1
40.124752,-0.172860460,-17.860000,1
40.139389,-0.173627450,-17.880000,1
40.152603,-0.174010946,-17.900000,1
40.166772,-0.174106819,-17.920000,1
40.180137,-0.174010946,-17.940000,1
40.194130,-0.174394441,-17.960000,1
40.208599,-0.175353179,-17.980000,1
40.221822,-0.175161431,-18.000000,1
40.235295,-0.175736674,-18.020000,1
40.249736,-0.175928422,-18.040000,1
40.263121,-0.176407791,-18.060000,1
40.276396,-0.176216043,-18.080000,1
40.290408,-0.176599538,-18.100000,1
40.304180,-0.176983033,-18.120000,1
40.317706,-0.177558276,-18.140000,1
40.331336,-0.177270655,-18.160000,1
40.345019,-0.177654150,-18.180000,1
40.358738,-0.177941771,-18.200000,1
40.371808,-0.178229393,-18.220000,1
40.385866,-0.178612888,-18.240000,1
40.399594,-0.178804636,-18.260000,1
40.413548,-0.178996383,-18.280000,1
40.427453,-0.179667500,-18.300000,1
40.441295,-0.179475752,-18.320000,1
40.455570,-0.180146869,-18.340000,1
40.469595,-0.180530364,-18.360000,1
40.483373,-0.180817985,-18.380000,1
40.497236,-0.181105607,-18.400000,1
40.511654,-0.181009733,-18.420000,1
40.524987,-0.181393228,-18.440000,1
40.539755,-0.181489102,-18.460000,1
40.553393,-0.182256092,-18.480000,1
40.566887,-0.181968471,-18.500000,1
40.580960,-0.182543714,-18.520000,1
40.595143,-0.183023083,-18.540000,1
40.609765,-0.183214830,-18.560000,1
40.623151,-0.183694199,-18.580000,1
40.637157,-0.183885947,-18.600000,1
40.651155,-0.184365316,-18.620000,1
40.664904,-0.184173568,-18.640000,1
40.678630,-0.184077695,-18.660000,1
40.692383,-0.184844685,-18.680000,1
40.706644,-0.185132306,-18.700000,1
40.720492,-0.185419928,-18.720000,1
40.733960,-0.185803423,-18.740000,1
40.748014,-0.185899297,-18.760000,1
40.761319,-0.186186918,-18.780000,1
40.774895,-0.186282792,-18.800000,1
40.789375,-0.186570413,-18.820000,1
40.802794,-0.186666287,-18.840000,1
40.817062,-0.187241530,-18.860000,1
40.830747,-0.187433278,-18.880000,1
40.844589,-0.187625025,-18.900000,1
40.858027,-0.187816773,-18.920000,1
40.871849,-0.188296142,-18.940000,1
40.885386,-0.188775511,-18.960000,1
40.898950,-0.188487889,-18.980000,1
40.912644,-0.188967258,-19.000000,1
40.926272,-0.189350754,-19.020000,1
40.939979,-0.189542501,-19.040000,1
40.954370,-0.189254880,-19.060000,1
40.967644,-0.189925996,-19.080000,1
40.981181,-0.190309491,-19.100000,1
40.994672,-0.190021870,-19.120000,1
41.008363,-0.190692987,-19.140000,1
41.022310,-0.190980608,-19.160000,1
41.036213,-0.190788860,-19.180000,1
41.050458,-0.191651725,-19.200000,1
41.064523,-0.191651725,-19.220000,1
41.078874,-0.191843472,-19.240000,1
41.092744,-0.191843472,-19.260000,1
41.106482,-0.192226967,-19.280000,1
41.120474,-0.192226967,-19.300000,1
41.133935,-0.192514589,-19.320000,1
41.148362,-0.192610463,-19.340000,1
41.162383,-0.193185705,-19.360000,1
41.176126,-0.193185705,-19.380000,1
41.190152,-0.193377453,-19.400000,1
41.204265,-0.193185705,-19.420000,1
41.218135,-0.193760948,-19.440000,1
41.232360,-0.193952696,-19.460000,1
41.245574,-0.194144443,-19.480000,1
41.259771,-0.194432065,-19.500000,1
41.274144,-0.194048570,-19.520000,1
41.287984,-0.195103181,-19.540000,1
41.301965,-0.195007308,-19.560000,1
41.315495,-0.195390803,-19.580000,1
41.329035,-0.195294929,-19.600000,1
41.342921,-0.195103181,-19.620000,1
41.356924,-0.195390803,-19.640000,1
41.370862,-0.195774298,-19.660000,1
41.384353,-0.195966046,-19.680000,1
41.398149,-0.195966046,-19.700000,1
41.412158,-0.196061919,-19.720000,1
41.426274,-0.196637162,-19.740000,1
41.439922,-0.196637162,-19.760000,1
41.453753,-0.196733036,-19.780000,1
41.467381,-0.197116531,-19.800000,1
41.481105,-0.196924784,-19.820000,1
41.495395,-0.196924784,-19.840000,1
41.509161,-0.197500026,-19.860000,1
41.522698,-0.197883522,-19.880000,1
41.536642,-0.198075269,-19.900000,1
41.549886,-0.198075269,-19.920000,1
41.563892,-0.197979395,-19.940000,1
41.578679,-0.198458764,-19.960000,1
41.591748,-0.198554638,-19.980000,1
41.605513,-0.198746386,-20.000000,1
41.619822,-0.199225755,-20.000000,1
41.633931,-0.199225755,-19.980000,1
41.647930,-0.199225755,-19.960000,1
41.663276,-0.199225755,-19.940000,1
41.677391,-0.199321629,-19.920000,1
41.691628,-0.198938133,-19.900000,1
41.705082,-0.199417502,-19.880000,1
41.718842,-0.199034007,-19.860000,1
41.732379,-0.198746386,-19.840000,1
41.746175,-0.199321629,-19.820000,1
41.760496,-0.199225755,-19.800000,1
41.774261,-0.198938133,-19.780000,1
41.788224,-0.199321629,-19.760000,1
41.802329,-0.199417502,-19.740000,1
41.816209,-0.199321629,-19.720000,1
41.829830,-0.198650512,-19.700000,1
41.843735,-0.199417502,-19.680000,1
41.856922,-0.199417502,-19.660000,1
41.870561,-0.199129881,-19.640000,1
41.884090,-0.198842260,-19.620000,1
41.898027,-0.198842260,-19.600000,1
41.912815,-0.198554638,-19.580000,1
41.925952,-0.199513376,-19.560000,1
41.940560,-0.199321629,-19.540000,1
41.954448,-0.198938133,-19.520000,1
41.968173,-0.199034007,-19.500000,1
41.982680,-0.198938133,-19.480000,1
41.996054,-0.198650512,-19.460000,1
42.009486,-0.198746386,-19.440000,1
42.024212,-0.198554638,-19.420000,1
42.037544,-0.198650512,-19.400000,1
42.051624,-0.198842260,-19.380000,1
42.065213,-0.198746386,-19.360000,1
42.078577,-0.198650512,-19.340000,1
42.092849,-0.198650512,-19.320000,1
42.106792,-0.199129881,-19.300000,1
42.120648,-0.199034007,-19.280000,1
42.134454,-0.198650512,-19.260000,1
42.147864,-0.198650512,-19.240000,1
42.161537,-0.198554638,-19.220000,1
42.174906,-0.198650512,-19.200000,1
42.188934,-0.198267017,-19.180000,1
42.202397,-0.198746386,-19.160000,1
42.216097,-0.198554638,-19.140000,1
42.229812,-0.198267017,-19.120000,1
42.243469,-0.198746386,-19.100000,1
42.257283,-0.198842260,-19.080000,1
42.271718,-0.198650512,-19.060000,1
42.285548,-0.198650512,-19.040000,1
42.299088,-0.198075269,-19.020000,1
42.312771,-0.198362891,-19.000000,1
42.326367,-0.198554638,-18.980000,1
42.340140,-0.198458764,-18.960000,1
42.353740,-0.198458764,-18.940000,1
42.368258,-0.198171143,-18.920000,1
42.381908,-0.197979395,-18.900000,1
42.396854,-0.198171143,-18.880000,1
42.410316,-0.197979395,-18.860000,1
42.423664,-0.198267017,-18.840000,1
42.437594,-0.197979395,-18.820000,1
42.451836,-0.198171143,-18.800000,1
42.465216,-0.197500026,-18.780000,1
42.479195,-0.197595900,-18.760000,1
42.493653,-0.197787648,-18.740000,1
42.506832,-0.197308279,-18.720000,1
42.521267,-0.197787648,-18.700000,1
42.535031,-0.197787648,-18.680000,1
42.549079,-0.197595900,-18.660000,1
42.562580,-0.197691774,-18.640000,1
42.576669,-0.197787648,-18.620000,1
42.590254,-0.197595900,-18.600000,1
42.604634,-0.197691774,-18.580000,1
42.618818,-0.197595900,-18.560000,1
42.632786,-0.197500026,-18.540000,1
42.646265,-0.197500026,-18.520000,1
42.659118,-0.196924784,-18.500000,1
42.672048,-0.197308279,-18.480000,1
42.685409,-0.197404153,-18.460000,1
42.698556,-0.197212405,-18.440000,1
42.712291,-0.197691774,-18.420000,1
42.725885,-0.197212405,-18.400000,1
42.739808,-0.196733036,-18.380000,1
42.752895,-0.197212405,-18.360000,1
42.767009,-0.197212405,-18.340000,1
42.780976,-0.197212405,-18.320000,1
42.794369,-0.197116531,-18.300000,1
42.808129,-0.196828910,-18.280000,1
42.822587,-0.196828910,-18.260000,1
42.836040,-0.197116531,-18.240000,1
42.849864,-0.196541288,-18.220000,1
42.863457,-0.196828910,-18.200000,1
42.876963,-0.196541288,-18.180000,1
42.891377,-0.196828910,-18.160000,1
42.905655,-0.196637162,-18.140000,1
42.919628,-0.196349541,-18.120000,1
42.933527,-0.196733036,-18.100000,1
42.947226,-0.196349541,-18.080000,1
42.961422,-0.196828910,-18.060000,1
42.975715,-0.196541288,-18.040000,1
42.988902,-0.196253667,-18.020000,1
43.002715,-0.196253667,-18.000000,1
43.017719,-0.195870172,-17.980000,1
43.031069,-0.196445415,-17.960000,1
43.044933,-0.195678424,-17.940000,1
43.058880,-0.196157793,-17.920000,1
43.072857,-0.195582550,-17.900000,1
43.086498,-0.195966046,-17.880000,1
43.100873,-0.195486677,-17.860000,1
43.114134,-0.195678424,-17.840000,1
43.127873,-0.196157793,-17.820000,1
43.142416,-0.195774298,-17.800000,1
43.156136,-0.195390803,-17.780000,1
43.169983,-0.195390803,-17.760000,1
43.183896,-0.195294929,-17.740000,1
43.198328,-0.195294929,-17.720000,1
43.212333,-0.195294929,-17.700000,1
43.226212,-0.195199055,-17.680000,1
43.240602,-0.195103181,-17.660000,1
43.254095,-0.195486677,-17.640000,1
43.267867,-0.195390803,-17.620000,1
43.281997,-0.195103181,-17.600000,1
43.295371,-0.195103181,-17.580000,1
43.309271,-0.195103181,-17.560000,1
43.323532,-0.195103181,-17.540000,1
43.337116,-0.194719686,-17.520000,1
43.350749,-0.194815560,-17.500000,1
43.365054,-0.194815560,-17.480000,1
43.378499,-0.195007308,-17.460000,1
43.392670,-0.194527939,-17.440000,1
43.406505,-0.195007308,-17.420000,1
43.420132,-0.194623812,-17.400000,1
43.434474,-0.194527939,-17.380000,1
43.447724,-0.194719686,-17.360000,1
43.461506,-0.194719686,-17.340000,1
43.475213,-0.194336191,-17.320000,1
43.488580,-0.194144443,-17.300000,1
43.502666,-0.194240317,-17.280000,1
43.515924,-0.193760948,-17.260000,1
43.529787,-0.194144443,-17.240000,1
43.543296,-0.193952696,-17.220000,1
43.557639,-0.194048570,-17.200000,1
43.571585,-0.194432065,-17.180000,1
43.585328,-0.193856822,-17.160000,1
43.599213,-0.193665074,-17.140000,1
43.612809,-0.193473327,-17.120000,1
43.626655,-0.193760948,-17.100000,1
43.640902,-0.193569201,-17.080000,1
43.654442,-0.193569201,-17.060000,1
43.667963,-0.193760948,-17.040000,1
43.682190,-0.193473327,-17.020000,1
43.696039,-0.193665074,-17.000000,1
43.710063,-0.193281579,-16.980000,1
43.723899,-0.193665074,-16.960000,1
43.738117,-0.192802210,-16.940000,1
43.752109,-0.193185705,-16.920000,1
43.765394,-0.192993958,-16.900000,1
43.779126,-0.192802210,-16.880000,1
43.792285,-0.192706336,-16.860000,1
43.805516,-0.193089832,-16.840000,1
43.819044,-0.192802210,-16.820000,1
43.832976,-0.192514589,-16.800000,1
43.846476,-0.192802210,-16.780000,1
43.860795,-0.192514589,-16.760000,1
43.874986,-0.192514589,-16.740000,1
43.888714,-0.192418715,-16.720000,1
43.902734,-0.192226967,-16.700000,1
43.916371,-0.192035220,-16.680000,1
43.930025,-0.192131094,-16.660000,1
43.943768,-0.191843472,-16.640000,1
43.957870,-0.192035220,-16.620000,1
43.971614,-0.192035220,-16.600000,1
43.985086,-0.191651725,-16.580000,1
43.998890,-0.191843472,-16.560000,1
44.012408,-0.192131094,-16.540000,1
44.026321,-0.191747598,-16.520000,1
44.040256,-0.191843472,-16.500000,1
44.054525,-0.191364103,-16.480000,1
44.068245,-0.191268229,-16.460000,1
44.081832,-0.191555851,-16.440000,1
44.095567,-0.191651725,-16.420000,1
44.109139,-0.191747598,-16.400000,1
44.123558,-0.191843472,-16.380000,1
44.137237,-0.191172356,-16.360000,1
44.150551,-0.191172356,-16.340000,1
44.164380,-0.191172356,-16.320000,1
44.178330,-0.190884734,-16.300000,1
44.192285,-0.190884734,-16.280000,1
44.206079,-0.190692987,-16.260000,1
44.219913,-0.190597113,-16.240000,1
44.233157,-0.190884734,-16.220000,1
44.246904,-0.190788860,-16.200000,1
44.261146,-0.190692987,-16.180000,1
44.275045,-0.190405365,-16.160000,1
44.289002,-0.190309491,-16.140000,1
44.303294,-0.190309491,-16.120000,1
44.317029,-0.190309491,-16.100000,1
44.330792,-0.189734249,-16.080000,1
44.345001,-0.189734249,-16.060000,1
44.358777,-0.189830123,-16.040000,1
44.373186,-0.189542501,-16.020000,1
44.387194,-0.190021870,-16.000000,1
44.401074,-0.189734249,-15.980000,1
44.414868,-0.190021870,-15.960000,1
44.428722,-0.189734249,-15.940000,1
44.442887,-0.189446627,-15.920000,1
44.457227,-0.189254880,-15.900000,1
44.470600,-0.189159006,-15.880000,1
44.484432,-0.189638375,-15.860000,1
44.498488,-0.189254880,-15.840000,1
44.512488,-0.189446627,-15.820000,1
44.525682,-0.189159006,-15.800000,1
44.538964,-0.188871385,-15.780000,1
44.552848,-0.188679637,-15.760000,1
44.566982,-0.188871385,-15.740000,1
44.580912,-0.189063132,-15.720000,1
44.594546,-0.189159006,-15.700000,1
44.608342,-0.188296142,-15.680000,1
44.621689,-0.188967258,-15.660000,1
44.635625,-0.188583763,-15.640000,1
44.648854,-0.188679637,-15.620000,1
44.662595,-0.188200268,-15.600000,1
44.676651,-0.188487889,-15.580000,1
44.690359,-0.188296142,-15.560000,1
44.703906,-0.188008520,-15.540000,1
44.717518,-0.188487889,-15.520000,1
44.731377,-0.187816773,-15.500000,1
44.745257,-0.187625025,-15.480000,1
44.759424,-0.187912647,-15.460000,1
44.773664,-0.187433278,-15.440000,1
44.787216,-0.187433278,-15.420000,1
44.801027,-0.187433278,-15.400000,1
44.815560,-0.187625025,-15.380000,1
44.828878,-0.187241530,-15.360000,1
44.843470,-0.186953909,-15.340000,1
44.858016,-0.187241530,-15.320000,1
44.871598,-0.187145656,-15.300000,1
44.886465,-0.187145656,-15.280000,1
44.900112,-0.186762161,-15.260000,1
44.914184,-0.186666287,-15.240000,1
44.927623,-0.186762161,-15.220000,1
44.941272,-0.186858035,-15.200000,1
44.955730,-0.186186918,-15.180000,1
44.968809,-0.186858035,-15.160000,1
44.983017,-0.186474540,-15.140000,1
44.996385,-0.186186918,-15.120000,1
45.010065,-0.186091044,-15.100000,1
45.023369,-0.185995171,-15.080000,1
45.036413,-0.185707549,-15.060000,1
45.050252,-0.185611675,-15.040000,1
45.064579,-0.185803423,-15.020000,1
45.078056,-0.186282792,-15.000000,1
45.092012,-0.185419928,-14.980000,1
45.106024,-0.185515802,-14.960000,1
45.119343,-0.185419928,-14.940000,1
45.133327,-0.185419928,-14.920000,1
45.147226,-0.185228180,-14.900000,1
45.161437,-0.185419928,-14.880000,1
45.175431,-0.185132306,-14.860000,1
45.188954,-0.184844685,-14.840000,1
45.202610,-0.184844685,-14.820000,1
45.216412,-0.184940559,-14.800000,1
45.230122,-0.185132306,-14.780000,1
45.244504,-0.184652937,-14.760000,1
45.258149,-0.184844685,-14.740000,1
45.271711,-0.184077695,-14.720000,1
45.286295,-0.184173568,-14.700000,1
45.299700,-0.184077695,-14.680000,1
45.313345,-0.184173568,-14.660000,1
45.327395,-0.184269442,-14.640000,1
45.341018,-0.184269442,-14.620000,1
45.354733,-0.183790073,-14.600000,1
45.369002,-0.183502452,-14.580000,1
45.382842,-0.183598326,-14.560000,1
45.397268,-0.183406578,-14.540000,1
45.410984,-0.183118957,-14.520000,1
45.424598,-0.183214830,-14.500000,1
45.438616,-0.183118957,-14.480000,1
45.452356,-0.183310704,-14.460000,1
45.466361,-0.183214830,-14.440000,1
45.479439,-0.183118957,-14.420000,1
45.493182,-0.183118957,-14.400000,1
45.506725,-0.182639588,-14.380000,1
45.520509,-0.182831335,-14.360000,1
45.534293,-0.182639588,-14.340000,1
45.547893,-0.182831335,-14.320000,1
45.562307,-0.182064345,-14.300000,1
45.576166,-0.182351966,-14.280000,1
45.589961,-0.182351966,-14.260000,1
45.603725,-0.182351966,-14.240000,1
45.617577,-0.181968471,-14.220000,1
45.631749,-0.182160219,-14.200000,1
45.646077,-0.181680850,-14.180000,1
45.659774,-0.181872597,-14.160000,1
45.673554,-0.181393228,-14.140000,1
45.687427,-0.181776723,-14.120000,1
45.701555,-0.181872597,-14.100000,1
45.715224,-0.181489102,-14.080000,1
45.728749,-0.181489102,-14.060000,1
45.742367,-0.180722112,-14.040000,1
45.756652,-0.180913859,-14.020000,1
45.770434,-0.181105607,-14.000000,1
45.784584,-0.180913859,-13.980000,1
45.798665,-0.180530364,-13.960000,1
45.812242,-0.180626238,-13.940000,1
45.825652,-0.180626238,-13.920000,1
45.840050,-0.180913859,-13.900000,1
45.853791,-0.180146869,-13.880000,1
45.867231,-0.180146869,-13.860000,1
45.880960,-0.180434490,-13.840000,1
45.895297,-0.180338616,-13.820000,1
45.908730,-0.180146869,-13.800000,1
45.922486,-0.180050995,-13.780000,1
45.936290,-0.179667500,-13.760000,1
45.950249,-0.179571626,-13.740000,1
45.964192,-0.179379878,-13.720000,1
45.979089,-0.179092257,-13.700000,1
45.992603,-0.178900509,-13.680000,1
46.006174,-0.179092257,-13.660000,1
46.020200,-0.179188131,-13.640000,1
46.033605,-0.178612888,-13.620000,1
46.047442,-0.178900509,-13.600000,1
46.060956,-0.178708762,-13.580000,1
46.074796,-0.178996383,-13.560000,1
46.089375,-0.178708762,-13.540000,1
46.103250,-0.178996383,-13.520000,1
46.116858,-0.178229393,-13.500000,1
46.130690,-0.178708762,-13.480000,1
46.144727,-0.178037645,-13.460000,1
46.158457,-0.178133519,-13.440000,1
46.172308,-0.177941771,-13.420000,1
46.186674,-0.178037645,-13.400000,1
46.200862,-0.178037645,-13.380000,1
46.214601,-0.177270655,-13.360000,1
46.228840,-0.177750024,-13.340000,1
46.242443,-0.177366529,-13.320000,1
46.256844,-0.177174781,-13.300000,1
46.271242,-0.177270655,-13.280000,1
46.284899,-0.176983033,-13.260000,1
46.298889,-0.177366529,-13.240000,1
46.312626,-0.176791286,-13.220000,1
46.326823,-0.177174781,-13.200000,1
46.340534,-0.176503664,-13.180000,1
46.353972,-0.176216043,-13.160000,1
46.367948,-0.176407791,-13.140000,1
46.381410,-0.176311917,-13.120000,1
46.395580,-0.176407791,-13.100000,1
46.409673,-0.176311917,-13.080000,1
46.423228,-0.175928422,-13.060000,1
46.437353,-0.175832548,-13.040000,1
46.451856,-0.175544926,-13.020000,1
46.465328,-0.175640800,-13.000000,1
46.478992,-0.175832548,-12.980000,1
46.492981,-0.175449053,-12.960000,1
46.507314,-0.174873810,-12.940000,1
46.521092,-0.175449053,-12.920000,1
46.535027,-0.175353179,-12.900000,1
46.548608,-0.174873810,-12.880000,1
46.562176,-0.174873810,-12.860000,1
46.576872,-0.174682062,-12.840000,1
46.591403,-0.174490315,-12.820000,1
46.604990,-0.174394441,-12.800000,1
46.618995,-0.174394441,-12.780000,1
46.633271,-0.174106819,-12.760000,1
46.647295,-0.174202693,-12.740000,1
46.661206,-0.173915072,-12.720000,1
46.674918,-0.173915072,-12.700000,1
46.688468,-0.173915072,-12.680000,1
46.703109,-0.174106819,-12.660000,1
46.716917,-0.173627450,-12.640000,1
46.730956,-0.173243955,-12.620000,1
46.745145,-0.173819198,-12.600000,1
46.758840,-0.173243955,-12.580000,1
46.772264,-0.173627450,-12.560000,1
46.786484,-0.172956334,-12.540000,1
46.799573,-0.173148081,-12.520000,1
46.812942,-0.173148081,-12.500000,1
46.827014,-0.172476965,-12.480000,1
46.841083,-0.172764586,-12.460000,1
46.855426,-0.172189343,-12.440000,1
46.868738,-0.172189343,-12.420000,1
46.883322,-0.172381091,-12.400000,1
46.896645,-0.172476965,-12.380000,1
46.910401,-0.171805848,-12.360000,1
46.924650,-0.171518227,-12.340000,1
46.938673,-0.172093470,-12.320000,1
46.952755,-0.171997596,-12.300000,1
46.966997,-0.171997596,-12.280000,1
46.980582,-0.171518227,-12.260000,1
46.994139,-0.171422353,-12.240000,1
47.007582,-0.171422353,-12.220000,1
47.021727,-0.171326479,-12.200000,1
47.035226,-0.171134732,-12.180000,1
47.048951,-0.171038858,-12.160000,1
47.063001,-0.170942984,-12.140000,1
47.077484,-0.170751236,-12.120000,1
47.091582,-0.170367741,-12.100000,1
47.105090,-0.170655363,-12.080000,1
47.118548,-0.170559489,-12.060000,1
47.132249,-0.170559489,-12.040000,1
47.146448,-0.170367741,-12.020000,1
47.160370,-0.170367741,-12.000000,1
47.173846,-0.169888372,-11.980000,1
47.187711,-0.169600751,-11.960000,1
47.200837,-0.170175994,-11.940000,1
47.214944,-0.169600751,-11.920000,1
47.228587,-0.169313129,-11.900000,1
47.242174,-0.169696625,-11.880000,1
47.256497,-0.169409003,-11.860000,1
47.270931,-0.168929634,-11.840000,1
47.284398,-0.169217256,-11.820000,1
47.298195,-0.168833760,-11.800000,1
47.311649,-0.168833760,-11.780000,1
47.325716,-0.168642013,-11.760000,1
47.339629,-0.168737887,-11.740000,1
47.353315,-0.168737887,-11.720000,1
47.366734,-0.168354391,-11.700000,1
47.381203,-0.168450265,-11.680000,1
47.394866,-0.168066770,-11.660000,1
47.408644,-0.168066770,-11.640000,1
47.422575,-0.167683275,-11.620000,1
47.437170,-0.168162644,-11.600000,1
47.450665,-0.167683275,-11.580000,1
47.466481,-0.167299780,-11.560000,1
47.480155,-0.167395653,-11.540000,1
47.493680,-0.167491527,-11.520000,1
47.507308,-0.166916284,-11.500000,1
47.520990,-0.167299780,-11.480000,1
47.535043,-0.167299780,-11.460000,1
47.549237,-0.167203906,-11.440000,1
47.563508,-0.166628663,-11.420000,1
47.577912,-0.167012158,-11.400000,1
47.591332,-0.166820411,-11.380000,1
47.605521,-0.166436915,-11.360000,1
47.619848,-0.166436915,-11.340000,1
47.634080,-0.166341042,-11.320000,1
47.647047,-0.165765799,-11.300000,1
47.659886,-0.166628663,-11.280000,1
47.672649,-0.166149294,-11.260000,1
47.685412,-0.165957546,-11.240000,1
47.698449,-0.165574051,-11.220000,1
47.711651,-0.165669925,-11.200000,1
47.725788,-0.165478177,-11.180000,1
47.739402,-0.165478177,-11.160000,1
47.752355,-0.164998808,-11.140000,1
47.766564,-0.165190556,-11.120000,1
47.780376,-0.164519440,-11.100000,1
47.793958,-0.164807061,-11.080000,1
47.807985,-0.164711187,-11.060000,1
47.822131,-0.164902935,-11.040000,1
47.835562,-0.164615313,-11.020000,1
47.849274,-0.164711187,-11.000000,1
47.862777,-0.164423566,-10.980000,1
47.876287,-0.164231818,-10.960000,1
47.890492,-0.163848323,-10.940000,1
47.903874,-0.163848323,-10.920000,1
47.917894,-0.163944197,-10.900000,1
47.931394,-0.163944197,-10.880000,1
47.944849,-0.163560702,-10.860000,1
47.958775,-0.163752449,-10.840000,1
47.972862,-0.163464828,-10.820000,1
47.986444,-0.163368954,-10.800000,1
48.000756,-0.163464828,-10.780000,1
48.014647,-0.162793711,-10.760000,1
48.028408,-0.163177206,-10.740000,1
48.042181,-0.162793711,-10.720000,1
48.056223,-0.162601964,-10.700000,1
48.069661,-0.162601964,-10.680000,1
48.083532,-0.162793711,-10.660000,1
48.097293,-0.162314342,-10.640000,1
48.111230,-0.162218468,-10.620000,1
48.124862,-0.162506090,-10.600000,1
48.138688,-0.162410216,-10.580000,1
48.153096,-0.162218468,-10.560000,1
48.166895,-0.161643226,-10.540000,1
48.180612,-0.161451478,-10.520000,1
48.194343,-0.161451478,-10.500000,1
48.208326,-0.161643226,-10.480000,1
48.222301,-0.161547352,-10.460000,1
48.236809,-0.161739099,-10.440000,1
48.250383,-0.161355604,-10.420000,1
48.263741,-0.161355604,-10.400000,1
48.277167,-0.160972109,-10.380000,1
48.291779,-0.161259730,-10.360000,1
48.305333,-0.160780361,-10.340000,1
48.320052,-0.160300992,-10.320000,1
48.334200,-0.160780361,-10.300000,1
48.348047,-0.160300992,-10.280000,1
48.362324,-0.160109245,-10.260000,1
48.375788,-0.160396866,-10.240000,1
48.390626,-0.160205119,-10.220000,1
48.404336,-0.160109245,-10.200000,1
48.417927,-0.160205119,-10.180000,1
48.432042,-0.160013371,-10.160000,1
48.445585,-0.159438128,-10.140000,1
48.459924,-0.159438128,-10.120000,1
48.475272,-0.159534002,-10.100000,1
48.489155,-0.159150507,-10.080000,1
48.503413,-0.159246381,-10.060000,1
48.516590,-0.159342254,-10.040000,1
48.530805,-0.158958759,-10.020000,1
48.544378,-0.158958759,-10.000000,1
48.558116,-0.158383516,-9.980000,1
48.572666,-0.158862885,-9.960000,1
48.586977,-0.158383516,-9.940000,1
48.600547,-0.158479390,-9.920000,1
48.614511,-0.158383516,-9.900000,1
48.628278,-0.157712400,-9.880000,1
48.642273,-0.158191769,-9.860000,1
48.656363,-0.157808274,-9.840000,1
48.670609,-0.157808274,-9.820000,1
48.683983,-0.157616526,-9.800000,1
48.698029,-0.157616526,-9.780000,1
48.712379,-0.157520652,-9.760000,1
48.726123,-0.157616526,-9.740000,1
48.740180,-0.157137157,-9.720000,1
48.753887,-0.157137157,-9.700000,1
48.767059,-0.156945409,-9.680000,1
48.781233,-0.157041283,-9.660000,1
48.794140,-0.156753662,-9.640000,1
48.808139,-0.156370167,-9.620000,1
48.821953,-0.156657788,-9.600000,1
48.835535,-0.156466040,-9.580000,1
48.849406,-0.156370167,-9.560000,1
48.863314,-0.155890798,-9.540000,1
48.877334,-0.155794924,-9.520000,1
48.890944,-0.155699050,-9.500000,1
48.904955,-0.156082545,-9.480000,1
48.918360,-0.155507302,-9.460000,1
48.932689,-0.155027933,-9.440000,1
48.946573,-0.155315555,-9.420000,1
48.960852,-0.155123807,-9.400000,1
48.975354,-0.154932060,-9.380000,1
48.989009,-0.155027933,-9.360000,1
49.002858,-0.154452691,-9.340000,1
49.016706,-0.154644438,-9.320000,1
49.030452,-0.154740312,-9.300000,1
49.044500,-0.154356817,-9.280000,1
49.058786,-0.154069195,-9.260000,1
49.071994,-0.154260943,-9.240000,1
49.085264,-0.153589826,-9.220000,1
49.099784,-0.153398079,-9.200000,1
49.113691,-0.153589826,-9.180000,1
49.127746,-0.153110457,-9.160000,1
49.141730,-0.153206331,-9.140000,1
49.156142,-0.153014584,-9.120000,1
49.170013,-0.152918710,-9.100000,1
49.184186,-0.152631088,-9.080000,1
49.197698,-0.152822836,-9.060000,1
49.211832,-0.152535215,-9.040000,1
49.225708,-0.152439341,-9.020000,1
49.240099,-0.152247593,-9.000000,1
49.253813,-0.152055846,-8.980000,1
49.267439,-0.152151719,-8.960000,1
49.281493,-0.151864098,-8.940000,1
49.295387,-0.151864098,-8.920000,1
49.309228,-0.151864098,-8.900000,1
49.323124,-0.151480603,-8.880000,1
49.336728,-0.151672350,-8.860000,1
49.350791,-0.151384729,-8.840000,1
49.364947,-0.151097108,-8.820000,1
49.378701,-0.151384729,-8.800000,1
49.392557,-0.151288855,-8.780000,1
49.406702,-0.151001234,-8.760000,1
49.420509,-0.150809486,-8.740000,1
49.434546,-0.151001234,-8.720000,1
49.448463,-0.150234243,-8.700000,1
49.461801,-0.149754874,-8.680000,1
49.475857,-0.149850748,-8.660000,1
49.489521,-0.149946622,-8.640000,1
49.503197,-0.149754874,-8.620000,1
49.517004,-0.149754874,-8.600000,1
49.530414,-0.149179632,-8.580000,1
49.543964,-0.149659001,-8.560000,1
49.558932,-0.149467253,-8.540000,1
49.573403,-0.149083758,-8.520000,1
49.586596,-0.148604389,-8.500000,1
49.600474,-0.148508515,-8.480000,1
49.614374,-0.148220894,-8.460000,1
49.628314,-0.148316767,-8.440000,1
49.641682,-0.148220894,-8.420000,1
49.655509,-0.147837398,-8.400000,1
49.670413,-0.147741525,-8.380000,1
49.684106,-0.147645651,-8.360000,1
49.698120,-0.147358029,-8.340000,1
49.712505,-0.147645651,-8.320000,1
49.726233,-0.147070408,-8.300000,1
49.740057,-0.146878660,-8.280000,1
49.753830,-0.146591039,-8.260000,1
49.767514,-0.146303418,-8.240000,1
49.781849,-0.146878660,-8.220000,1
49.795750,-0.146591039,-8.200000,1
49.809870,-0.146399291,-8.180000,1
49.823512,-0.146303418,-8.160000,1
49.836756,-0.146207544,-8.140000,1
49.850097,-0.145344680,-8.120000,1
49.864397,-0.145728175,-8.100000,1
49.877990,-0.145536427,-8.080000,1
49.891822,-0.145344680,-8.060000,1
49.905893,-0.145440553,-8.040000,1
49.919253,-0.145152932,-8.020000,1
49.932817,-0.145440553,-8.000000,1
49.946901,-0.144769437,-7.980000,1
49.960222,-0.144673563,-7.960000,1
49.974197,-0.144385942,-7.940000,1
49.988266,-0.144673563,-7.920000,1
50.001776,-0.144002446,-7.900000,1
50.015177,-0.143427204,-7.880000,1
50.028991,-0.144002446,-7.860000,1
50.042926,-0.143331330,-7.840000,1
50.056673,-0.143523077,-7.820000,1
50.070195,-0.143139582,-7.800000,1
50.084425,-0.143139582,-7.780000,1
50.098382,-0.143139582,-7.760000,1
50.111810,-0.142947835,-7.740000,1
50.126356,-0.143043708,-7.720000,1
50.139724,-0.142660213,-7.700000,1
50.153019,-0.142276718,-7.680000,1
50.166764,-0.141989097,-7.660000,1
50.180582,-0.141893223,-7.640000,1
50.194494,-0.141893223,-7.620000,1
50.208155,-0.141989097,-7.600000,1
50.222110,-0.141605601,-7.580000,1
50.235924,-0.141317980,-7.560000,1
50.250036,-0.141509728,-7.540000,1
50.264410,-0.141317980,-7.520000,1
50.278308,-0.140742737,-7.500000,1
50.292345,-0.140742737,-7.480000,1
50.305958,-0.140646863,-7.460000,1
50.319686,-0.139975747,-7.440000,1
50.333594,-0.140167494,-7.420000,1
50.347692,-0.140359242,-7.400000,1
50.361286,-0.139688125,-7.380000,1
50.374550,-0.139975747,-7.360000,1
50.388599,-0.139304630,-7.340000,1
50.402514,-0.139112883,-7.320000,1
50.416592,-0.138633514,-7.300000,1
50.430453,-0.138825261,-7.280000,1
50.444617,-0.138825261,-7.260000,1
50.458880,-0.138250019,-7.240000,1
50.472385,-0.138250019,-7.220000,1
50.486079,-0.138250019,-7.200000,1
50.500083,-0.138345892,-7.180000,1
50.514911,-0.137483028,-7.160000,1
50.528509,-0.137387154,-7.140000,1
50.542343,-0.137770650,-7.120000,1
50.556382,-0.137291281,-7.100000,1
50.571658,-0.137003659,-7.080000,1
50.585193,-0.136907785,-7.060000,1
50.599167,-0.137195407,-7.040000,1
50.612692,-0.136716038,-7.020000,1
50.626476,-0.136620164,-7.000000,1
50.641006,-0.136428416,-6.980000,1
50.654747,-0.136332543,-6.960000,1
50.668385,-0.135949047,-6.940000,1
50.682564,-0.135757300,-6.920000,1
50.695955,-0.135949047,-6.900000,1
50.710369,-0.135277931,-6.880000,1
50.724071,-0.135277931,-6.860000,1
50.737653,-0.135373805,-6.840000,1
50.751261,-0.135373805,-6.820000,1
50.764567,-0.135182057,-6.800000,1
50.778309,-0.134702688,-6.780000,1
50.791742,-0.134702688,-6.760000,1
50.805553,-0.134223319,-6.740000,1
50.819660,-0.134127445,-6.720000,1
50.833428,-0.134127445,-6.700000,1
50.847595,-0.134031571,-6.680000,1
50.861545,-0.133935698,-6.660000,1
50.874967,-0.133648076,-6.640000,1
50.888886,-0.133360455,-6.620000,1
50.903048,-0.133072833,-6.600000,1
50.917713,-0.133072833,-6.580000,1
50.932446,-0.132785212,-6.560000,1
50.947073,-0.132401717,-6.540000,1
50.961515,-0.132593464,-6.520000,1
50.974788,-0.132018222,-6.500000,1
50.988770,-0.132209969,-6.480000,1
51.002270,-0.131922348,-6.460000,1
51.015961,-0.132114095,-6.440000,1
51.029842,-0.131347105,-6.420000,1
51.043628,-0.131442979,-6.400000,1
51.057405,-0.131059484,-6.380000,1
51.071280,-0.131538853,-6.360000,1
51.085437,-0.130867736,-6.340000,1
51.099400,-0.130867736,-6.320000,1
51.113048,-0.130388367,-6.300000,1
51.127278,-0.130580115,-6.280000,1
51.140784,-0.130388367,-6.260000,1
51.154678,-0.130292493,-6.240000,1
51.168854,-0.129813124,-6.220000,1
51.182477,-0.130004872,-6.200000,1
51.196610,-0.129525503,-6.180000,1
51.210504,-0.129813124,-6.160000,1
51.224573,-0.129333755,-6.140000,1
51.239119,-0.128662639,-6.120000,1
51.252756,-0.129046134,-6.100000,1
51.266511,-0.129046134,-6.080000,1
51.280416,-0.129142008,-6.060000,1
51.294370,-0.128566765,-6.040000,1
51.308553,-0.128183270,-6.020000,1
51.322453,-0.128087396,-6.000000,1
51.336422,-0.128087396,-5.980000,1
51.350026,-0.127512153,-5.960000,1
51.363903,-0.127608027,-5.940000,1
51.377185,-0.127320405,-5.920000,1
51.390722,-0.127416279,-5.900000,1
51.404439,-0.127128658,-5.880000,1
51.418528,-0.127320405,-5.860000,1
51.432124,-0.127032784,-5.840000,1
51.445552,-0.126649289,-5.820000,1
51.459354,-0.126553415,-5.800000,1
51.472908,-0.126361667,-5.780000,1
51.486721,-0.126265794,-5.760000,1
51.500123,-0.126074046,-5.740000,1
51.513866,-0.125786425,-5.720000,1
51.527426,-0.125594677,-5.700000,1
51.542137,-0.125594677,-5.680000,1
51.556081,-0.125402929,-5.660000,1
51.569500,-0.125402929,-5.640000,1
51.583779,-0.125498803,-5.620000,1
51.597077,-0.124923560,-5.600000,1
51.610749,-0.124540065,-5.580000,1
51.624305,-0.124635939,-5.560000,1
51.637855,-0.123964822,-5.540000,1
51.651296,-0.124060696,-5.520000,1
51.665365,-0.124156570,-5.500000,1
51.679137,-0.124156570,-5.480000,1
51.692481,-0.123773075,-5.460000,1
51.707184,-0.123389580,-5.440000,1
51.720667,-0.123677201,-5.420000,1
51.734646,-0.123197832,-5.400000,1
51.748351,-0.123101958,-5.380000,1
51.761977,-0.123101958,-5.360000,1
51.775648,-0.122430842,-5.340000,1
51.790230,-0.122143220,-5.320000,1
51.803894,-0.122430842,-5.300000,1
51.817547,-0.122526715,-5.280000,1
51.831179,-0.122047346,-5.260000,1
51.845639,-0.122047346,-5.240000,1
51.859570,-0.121663851,-5.220000,1
51.873219,-0.120896861,-5.200000,1
51.886722,-0.121472104,-5.180000,1
51.900467,-0.121088608,-5.160000,1
51.914269,-0.121184482,-5.140000,1
51.927882,-0.120992735,-5.120000,1
51.941910,-0.119842249,-5.100000,1
51.956213,-0.120417492,-5.080000,1
51.970317,-0.119842249,-5.060000,1
51.984119,-0.120033997,-5.040000,1
51.997639,-0.119650501,-5.020000,1
52.011135,-0.119650501,-5.000000,1
52.025366,-0.119458754,-4.980000,1
52.038707,-0.119267006,-4.960000,1
52.052438,-0.119075259,-4.940000,1
52.066154,-0.118500016,-4.920000,1
52.079965,-0.118691763,-4.900000,1
52.093717,-0.118595890,-4.880000,1
52.107572,-0.118595890,-4.860000,1
52.122094,-0.117445404,-4.840000,1
52.135834,-0.117733025,-4.820000,1
52.150254,-0.117637152,-4.800000,1
52.164182,-0.117349530,-4.780000,1
52.178545,-0.117253656,-4.760000,1
52.192660,-0.117157783,-4.740000,1
52.206147,-0.117061909,-4.720000,1
52.219960,-0.116774287,-4.700000,1
52.233805,-0.116774287,-4.680000,1
52.247183,-0.116390792,-4.660000,1
52.260986,-0.116294918,-4.640000,1
52.274745,-0.116103171,-4.620000,1
52.288717,-0.115719676,-4.600000,1
52.302425,-0.115336180,-4.580000,1
52.316123,-0.115144433,-4.560000,1
52.329736,-0.115144433,-4.540000,1
52.343769,-0.115048559,-4.520000,1
52.357079,-0.114760938,-4.500000,1
52.371099,-0.114377442,-4.480000,1
52.384452,-0.113802200,-4.460000,1
52.398270,-0.113706326,-4.440000,1
52.412090,-0.113706326,-4.420000,1
52.425958,-0.113706326,-4.400000,1
52.440090,-0.113418705,-4.380000,1
52.453994,-0.113131083,-4.360000,1
52.468151,-0.113322831,-4.340000,1
52.482288,-0.112843462,-4.320000,1
52.496128,-0.112651714,-4.300000,1
52.509831,-0.112459967,-4.280000,1
52.523815,-0.112172345,-4.260000,1
52.537352,-0.111405355,-4.240000,1
52.550889,-0.111788850,-4.220000,1
52.565058,-0.111405355,-4.200000,1
52.579276,-0.111405355,-4.180000,1
52.593093,-0.111692976,-4.160000,1
52.607170,-0.110638364,-4.140000,1
52.622191,-0.110446617,-4.120000,1
52.635988,-0.110830112,-4.100000,1
52.649172,-0.110158995,-4.080000,1
52.662035,-0.110446617,-4.060000,1
52.675231,-0.109392005,-4.040000,1
52.688152,-0.108720888,-4.020000,1
52.701213,-0.108912636,-4.000000,1
52.715082,-0.108720888,-3.980000,1
52.728483,-0.108433267,-3.960000,1
52.741844,-0.108337393,-3.940000,1
52.755278,-0.107570403,-3.920000,1
52.769169,-0.107953898,-3.900000,1
52.782940,-0.107474529,-3.880000,1
52.796648,-0.106899286,-3.860000,1
52.810495,-0.107091034,-3.840000,1
52.824314,-0.106707539,-3.820000,1
52.838059,-0.106324043,-3.800000,1
52.851527,-0.105748801,-3.780000,1
52.865296,-0.105461179,-3.760000,1
52.878845,-0.105652927,-3.740000,1
52.892359,-0.105269432,-3.720000,1
52.906469,-0.104598315,-3.700000,1
52.919786,-0.104981810,-3.680000,1
52.934485,-0.104214820,-3.660000,1
52.947900,-0.104694189,-3.640000,1
52.961643,-0.103639577,-3.620000,1
52.975655,-0.103447829,-3.600000,1
52.989786,-0.103447829,-3.580000,1
53.003625,-0.102776713,-3.560000,1
53.017494,-0.102680839,-3.540000,1
53.032035,-0.103064334,-3.520000,1
53.045421,-0.102009722,-3.500000,1
53.059332,-0.102201470,-3.480000,1
53.072910,-0.101338606,-3.460000,1
53.086304,-0.101530353,-3.440000,1
53.099978,-0.100475742,-3.420000,1
53.113709,-0.100475742,-3.400000,1
53.127574,-0.100188120,-3.380000,1
53.141637,-0.099612877,-3.360000,1
53.155370,-0.099804625,-3.340000,1
53.169091,-0.099612877,-3.320000,1
53.183145,-0.099804625,-3.300000,1
53.196611,-0.099229382,-3.280000,1
53.210589,-0.098750013,-3.260000,1
53.224032,-0.098174770,-3.240000,1
53.237775,-0.098270644,-3.220000,1
53.251452,-0.097887149,-3.200000,1
53.265133,-0.097120159,-3.180000,1
53.278629,-0.096928411,-3.160000,1
53.292145,-0.096640790,-3.140000,1
53.305606,-0.096353168,-3.120000,1
53.318804,-0.095682052,-3.100000,1
53.332676,-0.096065547,-3.080000,1
53.346400,-0.095298556,-3.060000,1
53.360146,-0.094819187,-3.040000,1
53.373852,-0.094627440,-3.020000,1
53.387644,-0.094339818,-3.000000,1
53.401013,-0.093956323,-2.980000,1
53.415102,-0.093189333,-2.960000,1
53.428956,-0.093285207,-2.940000,1
53.442687,-0.093381080,-2.920000,1
53.456418,-0.092901711,-2.900000,1
53.469946,-0.092709964,-2.880000,1
53.484243,-0.092614090,-2.860000,1
53.497641,-0.092518216,-2.840000,1
53.511356,-0.092134721,-2.820000,1
53.525068,-0.091847100,-2.800000,1
53.538929,-0.091080109,-2.780000,1
53.552709,-0.090792488,-2.760000,1
53.566537,-0.091367731,-2.740000,1
53.580540,-0.091175983,-2.720000,1
53.594056,-0.090792488,-2.700000,1
53.607774,-0.089833750,-2.680000,1
53.622580,-0.090408993,-2.660000,1
53.635936,-0.089546128,-2.640000,1
53.649383,-0.089450255,-2.620000,1
53.663122,-0.089258507,-2.600000,1
53.676485,-0.088875012,-2.580000,1
53.690672,-0.088683264,-2.560000,1
53.703999,-0.088683264,-2.540000,1
53.717761,-0.088491517,-2.520000,1
53.732231,-0.088203895,-2.500000,1
53.746252,-0.088395643,-2.480000,1
53.761319,-0.088012148,-2.460000,1
53.775308,-0.087532779,-2.440000,1
53.788788,-0.087532779,-2.420000,1
53.802964,-0.087532779,-2.400000,1
53.816473,-0.087053410,-2.380000,1
53.830201,-0.086286419,-2.360000,1
53.843867,-0.086382293,-2.340000,1
53.857700,-0.086574041,-2.320000,1
53.871549,-0.085615303,-2.300000,1
53.885020,-0.085998798,-2.280000,1
53.898399,-0.085040060,-2.260000,1
53.912171,-0.084944186,-2.240000,1
53.926245,-0.085040060,-2.220000,1
53.939732,-0.085135934,-2.200000,1
53.953620,-0.084752439,-2.180000,1
53.967370,-0.083889574,-2.160000,1
53.981693,-0.084273070,-2.140000,1
53.995324,-0.084177196,-2.120000,1
54.008730,-0.083697827,-2.100000,1
54.023898,-0.083410205,-2.080000,1
54.037717,-0.083122584,-2.060000,1
54.051537,-0.082930836,-2.040000,1
54.065023,-0.082739089,-2.020000,1
54.079332,-0.082643215,-2.000000,1
54.092809,-0.082547341,-1.980000,1
54.106715,-0.082163846,-1.960000,1
54.120880,-0.082355594,-1.940000,1
54.135120,-0.081396856,-1.920000,1
54.148679,-0.081684477,-1.900000,1
54.163162,-0.081013360,-1.880000,1
54.177896,-0.080821613,-1.860000,1
54.191444,-0.080533991,-1.840000,1
54.204954,-0.079862875,-1.820000,1
54.218813,-0.080150496,-1.800000,1
54.232459,-0.080246370,-1.780000,1
54.246467,-0.079862875,-1.760000,1
54.261266,-0.079191758,-1.740000,1
54.275095,-0.078808263,-1.720000,1
54.289354,-0.078520642,-1.700000,1
54.303410,-0.078233020,-1.680000,1
54.317069,-0.078233020,-1.660000,1
54.331353,-0.078233020,-1.640000,1
54.345331,-0.077945399,-1.620000,1
54.359809,-0.077466030,-1.600000,1
54.373404,-0.077274282,-1.580000,1
54.387042,-0.076603166,-1.560000,1
54.401819,-0.076411418,-1.540000,1
54.415098,-0.076411418,-1.520000,1
54.428893,-0.076219670,-1.500000,1
54.442970,-0.075644428,-1.480000,1
54.456300,-0.075356806,-1.460000,1
54.469761,-0.074973311,-1.440000,1
54.483464,-0.075260932,-1.420000,1
54.496909,-0.074398068,-1.400000,1
54.510337,-0.074110447,-1.380000,1
54.524579,-0.073822825,-1.360000,1
54.538434,-0.074014573,-1.340000,1
54.551731,-0.073535204,-1.320000,1
54.565953,-0.073343456,-1.300000,1
54.579876,-0.072864087,-1.280000,1
54.593704,-0.072480592,-1.260000,1
54.607534,-0.071905349,-1.240000,1
54.621786,-0.072097097,-1.220000,1
54.635745,-0.071330107,-1.200000,1
54.649650,-0.070850738,-1.180000,1
54.663222,-0.070658990,-1.160000,1
54.676921,-0.070371369,-1.140000,1
54.690400,-0.069700252,-1.120000,1
54.704614,-0.069508504,-1.100000,1
54.719317,-0.069029135,-1.080000,1
54.732624,-0.068549766,-1.060000,1
54.746883,-0.068166271,-1.040000,1
54.761279,-0.067782776,-1.020000,1
54.775011,-0.067399281,-1.000000,1
54.789991,-0.067111659,-0.980000,1
54.805295,-0.066344669,-0.960000,1
54.818710,-0.066057048,-0.940000,1
54.832451,-0.065385931,-0.920000,1
54.846403,-0.064810688,-0.900000,1
54.860464,-0.064427193,-0.880000,1
54.874359,-0.063851950,-0.860000,1
54.888497,-0.063660203,-0.840000,1
54.903017,-0.062797339,-0.820000,1
54.916459,-0.062797339,-0.800000,1
54.930503,-0.061838601,-0.780000,1
54.944834,-0.061550979,-0.760000,1
54.959163,-0.061071610,-0.740000,1
54.973706,-0.060208746,-0.720000,1
54.987100,-0.059921125,-0.700000,1
55.000965,-0.059250008,-0.680000,1
55.014842,-0.058866513,-0.660000,1
55.028461,-0.058195396,-0.640000,1
55.043420,-0.057620153,-0.620000,1
55.057149,-0.057811901,-0.600000,1
55.070482,-0.057236658,-0.580000,1
55.084786,-0.056373794,-0.560000,1
55.099011,-0.055894425,-0.540000,1
55.112132,-0.055127435,-0.520000,1
55.126163,-0.055031561,-0.500000,1
55.139703,-0.054743939,-0.480000,1
55.153747,-0.054360444,-0.460000,1
55.167426,-0.054168697,-0.440000,1
55.181172,-0.053593454,-0.420000,1
55.195471,-0.053209959,-0.400000,1
55.209501,-0.052922337,-0.380000,1
55.222919,-0.052634716,-0.360000,1
55.236899,-0.052059473,-0.340000,1
55.251219,-0.051388356,-0.320000,1
55.265328,-0.051196609,-0.300000,1
55.278805,-0.050717240,-0.280000,1
55.292420,-0.050525492,-0.260000,1
55.305988,-0.050046123,-0.240000,1
55.319831,-0.049470880,-0.220000,1
55.333521,-0.049375007,-0.200000,1
55.347279,-0.048799764,-0.180000,1
55.361045,-0.048608016,-0.160000,1
55.374716,-0.048416269,-0.140000,1
55.388930,-0.047553404,-0.120000,1
55.403489,-0.047457531,-0.100000,1
55.416602,-0.047169909,-0.080000,1
55.430539,-0.046978162,-0.060000,1
55.443949,-0.046786414,-0.040000,1
55.457871,-0.045923550,-0.020000,1
55.471257,-0.045156559,0.000000,1
55.485162,-0.044581317,0.000000,2
55.499482,-0.044389569,0.020000,2
55.513487,-0.043910200,0.040000,2
55.526992,-0.043910200,0.060000,2
55.540736,-0.043526705,0.080000,2
55.554039,-0.043718452,0.100000,2
55.567903,-0.042472093,0.120000,2
55.581912,-0.042376219,0.140000,2
55.595636,-0.041896850,0.160000,2
55.609931,-0.041033986,0.180000,2
55.623927,-0.040650491,0.200000,2
55.638292,-0.040746365,0.220000,2
55.652103,-0.039308258,0.240000,2
55.666507,-0.038061898,0.260000,2
55.680434,-0.035377432,0.280000,2
55.695568,-0.028762140,0.300000,2
55.708896,-0.004026700,0.320000,2
55.722429,0.000671117,0.340000,2
55.736456,0.000766990,0.360000,2
55.750037,0.000287621,0.380000,2
55.763266,0.000287621,0.400000,2
55.776849,0.000575243,0.420000,2
55.790965,0.000479369,0.440000,2
55.804351,0.001629855,0.460000,2
55.818521,0.001246359,0.480000,2
55.832437,0.001054612,0.500000,2
55.845814,0.001629855,0.520000,2
55.859235,0.002013350,0.540000,2
55.873138,0.001821602,0.560000,2
55.886432,0.002780340,0.580000,2
55.900213,0.003355583,0.600000,2
55.913584,0.002780340,0.620000,2
55.927777,0.003067962,0.640000,2
55.941376,0.003643204,0.660000,2
55.954567,0.003163835,0.680000,2
55.968112,0.003930826,0.700000,2
55.981486,0.004218447,0.720000,2
55.995086,0.004314321,0.740000,2
56.008812,0.005368933,0.760000,2
56.022946,0.005273059,0.780000,2
56.037641,0.005752428,0.800000,2
56.051777,0.005848302,0.820000,2
56.065520,0.005656554,0.840000,2
56.079624,0.006423545,0.860000,2
56.093663,0.006902914,0.880000,2
56.107581,0.007478156,0.900000,2
56.121172,0.007957525,0.920000,2
56.134670,0.007957525,0.940000,2
56.148134,0.008341021,0.960000,2
56.161819,0.008724516,0.980000,2
56.175327,0.009491506,1.000000,2
56.188951,0.009875001,1.020000,2
56.202945,0.010066749,1.040000,2
56.216512,0.010258497,1.060000,2
56.230230,0.011600730,1.080000,2
56.243728,0.012175973,1.100000,2
56.257778,0.012271846,1.120000,2
56.270934,0.012751215,1.140000,2
56.285209,0.013709953,1.160000,2
56.298781,0.014093448,1.180000,2
56.312766,0.014476944,1.200000,2
56.326799,0.014764565,1.220000,2
56.340198,0.015819177,1.240000,2
56.354674,0.015723303,1.260000,2
56.368929,0.016202672,1.280000,2
56.383127,0.017353158,1.300000,2
56.396865,0.017832527,1.320000,2
56.410554,0.018695391,1.340000,2
56.424233,0.018983012,1.360000,2
56.438017,0.020421119,1.380000,2
56.451250,0.021955100,1.400000,2
56.465675,0.021859226,1.420000,2
56.479528,0.022050974,1.440000,2
56.493952,0.023009712,1.460000,2
56.507493,0.024543693,1.480000,2
56.520845,0.025118935,1.500000,2
56.534891,0.026365295,1.520000,2
56.548875,0.026269421,1.540000,2
56.563117,0.027132285,1.560000,2
56.577304,0.027995149,1.580000,2
56.590886,0.028378645,1.600000,2
56.604968,0.029049761,1.620000,2
56.618735,0.029816752,1.640000,2
56.632575,0.029529130,1.660000,2
56.646530,0.031542480,1.680000,2
56.660625,0.031446606,1.700000,2
56.674239,0.031830101,1.720000,2
56.687762,0.032309470,1.740000,2
56.701424,0.032692966,1.760000,2
56.715448,0.032884713,1.780000,2
56.729216,0.033459956,1.800000,2
56.743548,0.034035199,1.820000,2
56.757206,0.034802189,1.840000,2
56.770842,0.035281558,1.860000,2
56.784746,0.035473306,1.880000,2
56.798461,0.036240296,1.900000,2
56.812702,0.036336170,1.920000,2
56.826073,0.037007287,1.940000,2
56.839930,0.037103160,1.960000,2
56.853298,0.037294908,1.980000,2
56.867212,0.038349520,2.000000,2
56.880475,0.038445393,2.020000,2
56.894511,0.038924762,2.040000,2
56.907781,0.039787627,2.060000,2
56.922082,0.039595879,2.080000,2
56.935850,0.040362869,2.100000,2
56.949698,0.040842238,2.120000,2
56.963296,0.041129860,2.140000,2
56.977512,0.041800976,2.160000,2
56.991624,0.042280345,2.180000,2
57.005627,0.042855588,2.200000,2
57.019166,0.042951462,2.220000,2
57.033147,0.043047336,2.240000,2
57.047112,0.043910200,2.260000,2
57.060885,0.044581317,2.280000,2
57.074314,0.044773064,2.300000,2
57.088718,0.045635928,2.320000,2
57.102537,0.045731802,2.340000,2
57.116713,0.046115297,2.360000,2
57.131614,0.046115297,2.380000,2
57.145406,0.046594666,2.400000,2
57.159791,0.047553404,2.420000,2
57.173367,0.048224521,2.440000,2
57.187383,0.048224521,2.460000,2
57.201159,0.048608016,2.480000,2
57.214913,0.049087385,2.500000,2
57.229496,0.049566754,2.520000,2
57.242945,0.049950249,2.540000,2
57.256729,0.050141997,2.560000,2
57.270339,0.050621366,2.580000,2
57.283638,0.050908987,2.600000,2
57.297026,0.051388356,2.620000,2
57.311450,0.051675978,2.640000,2
57.324575,0.051675978,2.660000,2
57.338768,0.052155347,2.680000,2
57.352902,0.052538842,2.700000,2
57.366482,0.053209959,2.720000,2
57.380513,0.052922337,2.740000,2
57.394258,0.053976949,2.760000,2
57.408266,0.054264570,2.780000,2
57.421784,0.054648066,2.800000,2
57.435525,0.054743939,2.820000,2
57.449062,0.055127435,2.840000,2
57.463232,0.055702677,2.860000,2
57.476841,0.055990299,2.880000,2
57.490804,0.055702677,2.900000,2
57.504167,0.056277920,2.920000,2
57.518190,0.056853163,2.940000,2
57.532477,0.056757289,2.960000,2
57.546849,0.057140784,2.980000,2
57.561409,0.057524280,3.000000,2
57.574940,0.058195396,3.020000,2
57.588841,0.057716027,3.040000,2
57.602800,0.058578891,3.060000,2
57.616787,0.059058260,3.080000,2
57.630848,0.058387144,3.100000,2
57.645217,0.059058260,3.120000,2
57.658661,0.059537629,3.140000,2
57.671925,0.059825251,3.160000,2
57.684957,0.060400494,3.180000,2
57.698286,0.060496367,3.200000,2
57.711655,0.060783989,3.220000,2
57.725254,0.061071610,3.240000,2
57.738567,0.061646853,3.260000,2
57.752196,0.061359232,3.280000,2
57.766051,0.061646853,3.300000,2
57.780153,0.062030348,3.320000,2
57.793496,0.062509717,3.340000,2
57.807403,0.062605591,3.360000,2
57.820769,0.063084960,3.380000,2
57.834264,0.063276708,3.400000,2
57.847836,0.063372581,3.420000,2
57.861866,0.063564329,3.440000,2
57.875891,0.063851950,3.460000,2
57.889722,0.063851950,3.480000,2
57.903464,0.064427193,3.500000,2
57.916891,0.064810688,3.520000,2
57.931477,0.064427193,3.540000,2
57.945345,0.064810688,3.560000,2
57.959151,0.065194183,3.580000,2
57.973094,0.065865300,3.600000,2
57.987342,0.066057048,3.620000,2
58.000864,0.066152921,3.640000,2
58.014782,0.066440543,3.660000,2
58.028498,0.066248795,3.680000,2
58.042218,0.067015786,3.700000,2
58.055722,0.066919912,3.720000,2
58.070299,0.067303407,3.740000,2
58.084002,0.067495155,3.760000,2
58.097915,0.067495155,3.780000,2
58.111447,0.067878650,3.800000,2
58.124966,0.068262145,3.820000,2
58.139052,0.068453893,3.840000,2
58.153204,0.068358019,3.860000,2
58.166704,0.069029135,3.880000,2
58.180515,0.069508504,3.900000,2
58.194257,0.069604378,3.920000,2
58.207780,0.069700252,3.940000,2
58.221797,0.069796126,3.960000,2
58.235639,0.070179621,3.980000,2
58.250741,0.070083747,4.000000,2
58.264613,0.070467242,4.020000,2
58.278566,0.070850738,4.040000,2
58.292130,0.071234233,4.060000,2
58.305892,0.071617728,4.080000,2
58.319624,0.071809476,4.100000,2
58.333189,0.072192971,4.120000,2
58.346969,0.072192971,4.140000,2
58.360835,0.072864087,4.160000,2
58.374871,0.072768214,4.180000,2
58.388249,0.073439330,4.200000,2
58.401253,0.073151709,4.220000,2
58.415588,0.074110447,4.240000,2
58.429235,0.073631078,4.260000,2
58.443077,0.074110447,4.280000,2
58.457201,0.074493942,4.300000,2
58.470949,0.074685690,4.320000,2
58.485252,0.074685690,4.340000,2
58.499009,0.075932049,4.360000,2
58.513333,0.075740301,4.380000,2
58.527624,0.076027923,4.400000,2
58.541259,0.076219670,4.420000,2
58.555125,0.076699039,4.440000,2
58.568760,0.076507292,4.460000,2
58.582328,0.077082535,4.480000,2
58.596029,0.077274282,4.500000,2
58.609713,0.077753651,4.520000,2
58.623248,0.078233020,4.540000,2
58.637117,0.078233020,4.560000,2
58.650455,0.078424768,4.580000,2
58.664356,0.079095884,4.600000,2
58.677839,0.079095884,4.620000,2
58.691569,0.079575253,4.640000,2
58.704965,0.079671127,4.660000,2
58.718700,0.080342244,4.680000,2
58.732152,0.080629865,4.700000,2
58.745721,0.080725739,4.720000,2
58.759587,0.080821613,4.740000,2
58.772911,0.081492729,4.760000,2
58.787130,0.081684477,4.780000,2
58.800091,0.081876225,4.800000,2
58.813979,0.082163846,4.820000,2
58.827419,0.082834963,4.840000,2
58.840954,0.083122584,4.860000,2
58.854756,0.082930836,4.880000,2
58.868830,0.083697827,4.900000,2
58.881987,0.083793701,4.920000,2
58.895770,0.084560691,4.940000,2
58.909478,0.084656565,4.960000,2
58.922756,0.085135934,4.980000,2
58.936471,0.085423555,5.000000,2
58.950144,0.085807050,5.020000,2
58.963956,0.086190546,5.040000,2
58.977435,0.085902924,5.060000,2
58.991484,0.086765788,5.080000,2
59.005322,0.086669915,5.100000,2
59.019201,0.087053410,5.120000,2
59.033817,0.087053410,5.140000,2
59.047595,0.087053410,5.160000,2
59.061418,0.087820400,5.180000,2
59.075618,0.088012148,5.200000,2
59.089307,0.088395643,5.220000,2
59.103650,0.088683264,5.240000,2
59.118401,0.088875012,5.260000,2
59.132035,0.089546128,5.280000,2
59.146086,0.089737876,5.300000,2
59.159892,0.090025497,5.320000,2
59.173654,0.090408993,5.340000,2
59.187108,0.090696614,5.360000,2
59.200678,0.091080109,5.380000,2
59.214222,0.091271857,5.400000,2
59.227989,0.091655352,5.420000,2
59.241583,0.092038847,5.440000,2
59.255040,0.091942973,5.460000,2
59.269140,0.092422342,5.480000,2
59.282721,0.092997585,5.500000,2
59.296524,0.093093459,5.520000,2
59.310144,0.092901711,5.540000,2
59.323866,0.093668702,5.560000,2
59.337683,0.093381080,5.580000,2
59.351383,0.094148071,5.600000,2
59.364309,0.094243945,5.620000,2
59.377677,0.094531566,5.640000,2
59.391484,0.094723314,5.660000,2
59.405390,0.095010935,5.680000,2
59.418963,0.095394430,5.700000,2
59.432723,0.095394430,5.720000,2
59.447308,0.095586178,5.740000,2
59.460807,0.095682052,5.760000,2
59.474383,0.096161421,5.780000,2
59.487840,0.095969673,5.800000,2
59.502077,0.096449042,5.820000,2
59.515548,0.096832537,5.840000,2
59.529718,0.097407780,5.860000,2
59.543674,0.097887149,5.880000,2
59.557559,0.097695401,5.900000,2
59.571268,0.097791275,5.920000,2
59.585309,0.098174770,5.940000,2
59.598889,0.098462392,5.960000,2
59.613000,0.098366518,5.980000,2
59.626784,0.099229382,6.000000,2
59.640542,0.099421130,6.020000,2
59.654848,0.099421130,6.040000,2
59.668575,0.099804625,6.060000,2
59.682521,0.099900499,6.080000,2
59.696039,0.099804625,6.100000,2
59.710438,0.100092246,6.120000,2
59.724405,0.099900499,6.140000,2
59.738422,0.100667489,6.160000,2
59.752614,0.100667489,6.180000,2
59.766404,0.101338606,6.200000,2
59.779910,0.100955111,6.220000,2
59.794429,0.101050984,6.240000,2
59.808009,0.101338606,6.260000,2
59.821814,0.101434480,6.280000,2
59.835462,0.101913849,6.300000,2
59.848793,0.102489091,6.320000,2
59.862826,0.102968460,6.340000,2
59.876919,0.102776713,6.360000,2
59.890803,0.103160208,6.380000,2
59.905069,0.103351956,6.400000,2
59.918479,0.103064334,6.420000,2
59.932867,0.103735451,6.440000,2
59.946755,0.103831325,6.460000,2
59.960502,0.103927198,6.480000,2
59.974446,0.103927198,6.500000,2
59.988321,0.104694189,6.520000,2
60.001982,0.104981810,6.540000,2
60.015969,0.104981810,6.560000,2
60.030414,0.105269432,6.580000,2
60.044191,0.105748801,6.600000,2
60.057517,0.105940548,6.620000,2
60.070779,0.105844674,6.640000,2
60.084748,0.106324043,6.660000,2
60.098665,0.106803412,6.680000,2
60.112056,0.107091034,6.700000,2
60.126069,0.106899286,6.720000,2
60.140516,0.107091034,6.740000,2
60.154100,0.107858024,6.760000,2
60.168163,0.107762150,6.780000,2
60.182542,0.107858024,6.800000,2
60.196666,0.108241519,6.820000,2
60.210345,0.108433267,6.840000,2
60.224122,0.108529141,6.860000,2
60.238202,0.108529141,6.880000,2
60.252015,0.109392005,6.900000,2
60.265645,0.109871374,6.920000,2
60.279450,0.109775500,6.940000,2
60.293312,0.109679626,6.960000,2
60.307212,0.109967248,6.980000,2
60.321013,0.110446617,7.000000,2
60.335277,0.111213607,7.020000,2
60.349308,0.110734238,7.040000,2
60.363151,0.111117733,7.060000,2
60.376975,0.110925986,7.080000,2
60.390784,0.111788850,7.100000,2
60.404229,0.111501229,7.120000,2
60.417786,0.112459967,7.140000,2
60.431724,0.112651714,7.160000,2
60.445968,0.112747588,7.180000,2
60.459433,0.112747588,7.200000,2
60.473033,0.112843462,7.220000,2
60.486878,0.113035209,7.240000,2
60.500453,0.113802200,7.260000,2
60.514200,0.113898074,7.280000,2
60.527948,0.114185695,7.300000,2
60.541920,0.114856811,7.320000,2
60.556132,0.114473316,7.340000,2
60.570122,0.115336180,7.360000,2
60.583510,0.115240307,7.380000,2
60.597415,0.115623802,7.400000,2
60.611150,0.116007297,7.420000,2
60.624676,0.115815549,7.440000,2
60.638927,0.116294918,7.460000,2
60.652531,0.116390792,7.480000,2
60.666726,0.116678414,7.500000,2
60.680101,0.117445404,7.520000,2
60.694504,0.118020647,7.540000,2
60.708647,0.117445404,7.560000,2
60.722908,0.118212394,7.580000,2
60.736707,0.118787637,7.600000,2
60.750490,0.118787637,7.620000,2
60.764854,0.118883511,7.640000,2
60.778589,0.118979385,7.660000,2
60.792583,0.119554628,7.680000,2
60.806372,0.119746375,7.700000,2
60.820100,0.119746375,7.720000,2
60.834280,0.120033997,7.740000,2
60.847853,0.120129870,7.760000,2
60.861200,0.120609239,7.780000,2
60.874733,0.121184482,7.800000,2
60.888817,0.121280356,7.820000,2
60.902429,0.121663851,7.840000,2
60.916120,0.121951473,7.860000,2
60.929710,0.122239094,7.880000,2
60.944073,0.122047346,7.900000,2
60.958136,0.122622589,7.920000,2
60.971935,0.123293706,7.940000,2
60.986004,0.123101958,7.960000,2
60.999525,0.123101958,7.980000,2
61.014044,0.123773075,8.000000,2
61.028282,0.123677201,8.020000,2
61.041725,0.124252444,8.040000,2
61.055714,0.124348318,8.060000,2
61.070455,0.124635939,8.080000,2
61.084162,0.124635939,8.100000,2
61.098661,0.124923560,8.120000,2
61.112151,0.125402929,8.140000,2
61.125989,0.125594677,8.160000,2
61.139983,0.125594677,8.180000,2
61.153639,0.125690551,8.200000,2
61.167423,0.126265794,8.220000,2
61.181598,0.126457541,8.240000,2
61.195641,0.126745163,8.260000,2
61.210372,0.126841036,8.280000,2
61.224949,0.127416279,8.300000,2
61.238366,0.127128658,8.320000,2
61.251740,0.127895648,8.340000,2
61.266239,0.127895648,8.360000,2
61.280447,0.128087396,8.380000,2
61.294368,0.128183270,8.400000,2
61.308362,0.128470891,8.420000,2
61.322434,0.128854386,8.440000,2
61.336189,0.128950260,8.460000,2
61.350096,0.129237881,8.480000,2
61.363453,0.129717250,8.500000,2
61.376859,0.129525503,8.520000,2
61.390870,0.129717250,8.540000,2
61.404824,0.130388367,8.560000,2
61.418417,0.130675988,8.580000,2
61.432696,0.130196619,8.600000,2
61.446582,0.131059484,8.620000,2
61.460469,0.131155357,8.640000,2
61.474043,0.131059484,8.660000,2
61.488456,0.131730600,8.680000,2
61.502870,0.131826474,8.700000,2
61.516360,0.132114095,8.720000,2
61.530316,0.132209969,8.740000,2
61.544324,0.132497591,8.760000,2
61.558094,0.132209969,8.780000,2
61.572056,0.133072833,8.800000,2
61.585294,0.132593464,8.820000,2
61.598937,0.132976960,8.840000,2
61.612799,0.133168707,8.860000,2
61.626120,0.133168707,8.880000,2
61.639942,0.133456329,8.900000,2
61.653168,0.133935698,8.920000,2
61.666849,0.133839824,8.940000,2
61.680507,0.134127445,8.960000,2
61.693888,0.134606814,8.980000,2
61.707857,0.134127445,9.000000,2
61.722215,0.134798562,9.020000,2
61.735986,0.134510940,9.040000,2
61.749649,0.134990309,9.060000,2
61.764879,0.135277931,9.080000,2
61.778760,0.135757300,9.100000,2
61.792490,0.135661426,9.120000,2
61.806376,0.136428416,9.140000,2
61.820346,0.136140795,9.160000,2
61.834707,0.137003659,9.180000,2
61.848292,0.136907785,9.200000,2
61.862500,0.136524290,9.220000,2
61.875972,0.137387154,9.240000,2
61.890909,0.137291281,9.260000,2
61.904532,0.137962397,9.280000,2
61.918455,0.137866523,9.300000,2
61.932097,0.138441766,9.320000,2
61.946538,0.137962397,9.340000,2
61.960226,0.138921135,9.360000,2
61.973661,0.138633514,9.380000,2
61.987586,0.138537640,9.400000,2
62.001353,0.139017009,9.420000,2
62.015226,0.139592252,9.440000,2
62.030146,0.139112883,9.460000,2
62.043859,0.139879873,9.480000,2
62.057556,0.140167494,9.500000,2
62.071447,0.139688125,9.520000,2
62.085119,0.140263368,9.540000,2
62.098619,0.140359242,9.560000,2
62.112676,0.140550990,9.580000,2
62.126623,0.141126232,9.600000,2
62.139870,0.140742737,9.620000,2
62.154374,0.141222106,9.640000,2
62.167750,0.141126232,9.660000,2
62.181575,0.141509728,9.680000,2
62.194952,0.141605601,9.700000,2
62.209263,0.141701475,9.720000,2
62.223779,0.142468466,9.740000,2
62.237094,0.142468466,9.760000,2
62.250909,0.142564339,9.780000,2
62.264916,0.142660213,9.800000,2
62.278644,0.142564339,9.820000,2
62.292305,0.143427204,9.840000,2
62.306128,0.143139582,9.860000,2
62.319571,0.143235456,9.880000,2
62.333170,0.143810699,9.900000,2
62.347222,0.143618951,9.920000,2
62.361411,0.143618951,9.940000,2
62.374816,0.144290068,9.960000,2
62.388721,0.144673563,9.980000,2
62.402542,0.144385942,10.000000,2
62.416298,0.144865311,10.020000,2
62.430269,0.145248806,10.040000,2
62.444002,0.145440553,10.060000,2
62.457564,0.144961184,10.080000,2
62.470922,0.145344680,10.100000,2
62.485413,0.145728175,10.120000,2
62.499438,0.145824049,10.140000,2
62.513267,0.146207544,10.160000,2
62.526985,0.146111670,10.180000,2
62.541035,0.146591039,10.200000,2
62.554384,0.146974534,10.220000,2
62.567582,0.146686913,10.240000,2
62.581757,0.147262156,10.260000,2
62.595685,0.147741525,10.280000,2
62.610019,0.147933272,10.300000,2
62.625019,0.147741525,10.320000,2
62.639317,0.147933272,10.340000,2
62.652688,0.148125020,10.360000,2
62.666103,0.148412641,10.380000,2
62.679678,0.148316767,10.400000,2
62.692996,0.149083758,10.420000,2
62.706826,0.149179632,10.440000,2
62.720336,0.149179632,10.460000,2
62.733699,0.149946622,10.480000,2
62.746724,0.150042496,10.500000,2
62.760244,0.150042496,10.520000,2
62.774242,0.150521865,10.540000,2
62.788236,0.150425991,10.560000,2
62.801870,0.151192981,10.580000,2
62.815643,0.151097108,10.600000,2
62.829733,0.151097108,10.620000,2
62.842923,0.151192981,10.640000,2
62.856241,0.152151719,10.660000,2
62.870545,0.151864098,10.680000,2
62.884518,0.152247593,10.700000,2
62.898006,0.152631088,10.720000,2
62.911853,0.152631088,10.740000,2
62.925613,0.152918710,10.760000,2
62.939041,0.153398079,10.780000,2
62.953806,0.154260943,10.800000,2
62.967943,0.154165069,10.820000,2
62.981762,0.154356817,10.840000,2
62.995487,0.154548564,10.860000,2
63.009199,0.154452691,10.880000,2
63.023655,0.154740312,10.900000,2
63.037394,0.155507302,10.920000,2
63.051242,0.155699050,10.940000,2
63.065794,0.155507302,10.960000,2
63.079880,0.155794924,10.980000,2
63.093658,0.155890798,11.000000,2
63.106956,0.156370167,11.020000,2
63.120602,0.156753662,11.040000,2
63.134450,0.156561914,11.060000,2
63.147751,0.157233031,11.080000,2
63.161507,0.157233031,11.100000,2
63.176149,0.157808274,11.120000,2
63.189649,0.157808274,11.140000,2
63.203292,0.158000021,11.160000,2
63.216577,0.158575264,11.180000,2
63.230829,0.158767012,11.200000,2
63.245114,0.158958759,11.220000,2
63.258686,0.159821623,11.240000,2
63.272597,0.159917497,11.260000,2
63.286282,0.160205119,11.280000,2
63.300217,0.160300992,11.300000,2
63.314047,0.160492740,11.320000,2
63.328210,0.160972109,11.340000,2
63.342238,0.161643226,11.360000,2
63.355620,0.161547352,11.380000,2
63.369442,0.161834973,11.400000,2
63.383457,0.162314342,11.420000,2
63.397593,0.162793711,11.440000,2
63.411377,0.162601964,11.460000,2
63.425500,0.162697837,11.480000,2
63.439171,0.162985459,11.500000,2
63.452658,0.163368954,11.520000,2
63.465967,0.163560702,11.540000,2
63.479415,0.164135944,11.560000,2
63.493905,0.164327692,11.580000,2
63.508464,0.164423566,11.600000,2
63.521988,0.164519440,11.620000,2
63.535619,0.164902935,11.640000,2
63.549260,0.165286430,11.660000,2
63.563358,0.165574051,11.680000,2
63.577264,0.165957546,11.700000,2
63.591446,0.166245168,11.720000,2
63.605598,0.166532789,11.740000,2
63.619424,0.166628663,11.760000,2
63.633813,0.166532789,11.780000,2
63.647534,0.167203906,11.800000,2
63.661440,0.167683275,11.820000,2
63.674799,0.167108032,11.840000,2
63.688626,0.167970896,11.860000,2
63.702092,0.168354391,11.880000,2
63.715913,0.168258518,11.900000,2
63.729423,0.168066770,11.920000,2
63.743686,0.169217256,11.940000,2
63.757532,0.168737887,11.960000,2
63.770974,0.169504877,11.980000,2
63.784533,0.169792498,12.000000,2
63.797825,0.170175994,12.020000,2
63.811590,0.170175994,12.040000,2
63.825209,0.170271867,12.060000,2
63.839093,0.170367741,12.080000,2
63.853055,0.170847110,12.100000,2
63.866633,0.170847110,12.120000,2
63.881092,0.171326479,12.140000,2
63.894573,0.171997596,12.160000,2
63.908712,0.172093470,12.180000,2
63.922919,0.171614101,12.200000,2
63.936924,0.171805848,12.220000,2
63.950996,0.171997596,12.240000,2
63.964854,0.172093470,12.260000,2
63.978228,0.173052208,12.280000,2
63.992236,0.172956334,12.300000,2
64.006482,0.173435703,12.320000,2
64.021239,0.173723324,12.340000,2
64.034434,0.173627450,12.360000,2
64.048585,0.173915072,12.380000,2
64.062178,0.173723324,12.400000,2
64.075995,0.174010946,12.420000,2
64.090389,0.174490315,12.440000,2
64.104379,0.174682062,12.460000,2
64.118012,0.174298567,12.480000,2
64.131549,0.174777936,12.500000,2
64.145019,0.175353179,12.520000,2
64.158424,0.175065557,12.540000,2
64.172648,0.175544926,12.560000,2
64.186010,0.175640800,12.580000,2
64.199351,0.176120169,12.600000,2
64.214059,0.176024295,12.620000,2
64.227807,0.176503664,12.640000,2
64.242619,0.176311917,12.660000,2
64.256978,0.176599538,12.680000,2
64.270512,0.176503664,12.700000,2
64.284145,0.177078907,12.720000,2
64.298108,0.177366529,12.740000,2
64.311758,0.178133519,12.760000,2
64.325860,0.177654150,12.780000,2
64.339720,0.177845898,12.800000,2
64.353406,0.177845898,12.820000,2
64.367151,0.178037645,12.840000,2
64.381563,0.178229393,12.860000,2
64.395619,0.178708762,12.880000,2
64.409705,0.178612888,12.900000,2
64.423228,0.178900509,12.920000,2
64.437500,0.178996383,12.940000,2
64.451047,0.179571626,12.960000,2
64.464639,0.179571626,12.980000,2
64.478593,0.179667500,13.000000,2
64.492200,0.179859247,13.020000,2
64.506189,0.179571626,13.040000,2
64.519548,0.180338616,13.060000,2
64.533289,0.180242743,13.080000,2
64.547370,0.180817985,13.100000,2
64.561942,0.180817985,13.120000,2
64.575944,0.181105607,13.140000,2
64.590414,0.181009733,13.160000,2
64.603897,0.181393228,13.180000,2
64.617391,0.181680850,13.200000,2
64.632188,0.182160219,13.220000,2
64.647468,0.181872597,13.240000,2
64.660816,0.181872597,13.260000,2
64.674914,0.182160219,13.280000,2
64.689064,0.182639588,13.300000,2
64.703969,0.182735461,13.320000,2
64.718096,0.182927209,13.340000,2
64.732154,0.183118957,13.360000,2
64.746023,0.183310704,13.380000,2
64.760597,0.183214830,13.400000,2
64.774538,0.183598326,13.420000,2
64.788360,0.183790073,13.440000,2
64.802812,0.183981821,13.460000,2
64.817060,0.184077695,13.480000,2
64.830990,0.184652937,13.500000,2
64.844799,0.184652937,13.520000,2
64.858369,0.184940559,13.540000,2
64.872279,0.185036433,13.560000,2
64.886184,0.184940559,13.580000,2
64.899647,0.185228180,13.600000,2
64.913493,0.185995171,13.620000,2
64.927290,0.185995171,13.640000,2
64.941394,0.185803423,13.660000,2
64.955570,0.185515802,13.680000,2
64.969369,0.186378666,13.700000,2
64.982893,0.186666287,13.720000,2
64.996752,0.186570413,13.740000,2
65.010794,0.187145656,13.760000,2
65.024702,0.187625025,13.780000,2
65.038519,0.187529151,13.800000,2
65.052308,0.188008520,13.820000,2
65.065902,0.187912647,13.840000,2
65.079659,0.188104394,13.860000,2
65.093287,0.188104394,13.880000,2
65.106841,0.187912647,13.900000,2
65.120338,0.188775511,13.920000,2
65.133925,0.188967258,13.940000,2
65.147659,0.189446627,13.960000,2
65.161494,0.189350754,13.980000,2
65.175043,0.189638375,14.000000,2
65.188842,0.189542501,14.020000,2
65.202374,0.189830123,14.040000,2
65.216108,0.190501239,14.060000,2
65.229630,0.189925996,14.080000,2
65.243044,0.190405365,14.100000,2
65.257377,0.190884734,14.120000,2
65.271034,0.190980608,14.140000,2
65.284420,0.191172356,14.160000,2
65.298530,0.191459977,14.180000,2
65.311899,0.191459977,14.200000,2
65.325652,0.192226967,14.220000,2
65.339494,0.192035220,14.240000,2
65.353027,0.192226967,14.260000,2
65.366522,0.192418715,14.280000,2
65.380182,0.193089832,14.300000,2
65.394130,0.193281579,14.320000,2
65.407847,0.192898084,14.340000,2
65.422030,0.193377453,14.360000,2
65.436043,0.193665074,14.380000,2
65.449547,0.194240317,14.400000,2
65.463207,0.194336191,14.420000,2
65.477171,0.194911434,14.440000,2
65.491099,0.194815560,14.460000,2
65.504678,0.195007308,14.480000,2
65.517854,0.195103181,14.500000,2
65.531942,0.195486677,14.520000,2
65.545440,0.195486677,14.540000,2
65.559289,0.196349541,14.560000,2
65.573829,0.196541288,14.580000,2
65.586895,0.196637162,14.600000,2
65.600597,0.196637162,14.620000,2
65.614025,0.197116531,14.640000,2
65.627930,0.197500026,14.660000,2
65.641307,0.197979395,14.680000,2
65.655115,0.198171143,14.700000,2
65.668463,0.198362891,14.720000,2
65.682360,0.198650512,14.740000,2
65.695943,0.199417502,14.760000,2
65.709417,0.199129881,14.780000,2
65.723079,0.199896871,14.800000,2
65.737201,0.200184493,14.820000,2
65.750593,0.200376240,14.840000,2
65.764777,0.200567988,14.860000,2
65.778981,0.201334978,14.880000,2
65.792382,0.201526726,14.900000,2
65.806123,0.201814347,14.920000,2
65.819853,0.202581338,14.940000,2
65.833301,0.202485464,14.960000,2
65.847337,0.202773085,14.980000,2
65.860779,0.203252454,15.000000,2
65.874987,0.202868959,15.020000,2
65.889310,0.203827697,15.040000,2
65.903027,0.204019445,15.060000,2
65.916831,0.204307066,15.080000,2
65.930643,0.205265804,15.100000,2
65.944457,0.205361678,15.120000,2
65.958294,0.205649299,15.140000,2
65.972161,0.205841047,15.160000,2
65.985999,0.206416290,15.180000,2
65.999559,0.206799785,15.200000,2
66.013819,0.206991533,15.220000,2
66.027547,0.207758523,15.240000,2
66.041384,0.208046144,15.260000,2
66.055271,0.208333766,15.280000,2
66.069271,0.208525513,15.300000,2
66.083317,0.209004882,15.320000,2
66.097037,0.209388378,15.340000,2
66.110825,0.209867747,15.360000,2
66.124991,0.210538863,15.380000,2
66.138832,0.210730611,15.400000,2
66.152907,0.211114106,15.420000,2
66.166909,0.211689349,15.440000,2
66.180747,0.212072844,15.460000,2
66.194575,0.212264592,15.480000,2
66.208701,0.212456339,15.500000,2
66.222682,0.212743961,15.520000,2
66.246268,0.213415077,15.540000,2
66.261134,0.213990320,15.560000,2
66.275545,0.214661437,15.580000,2
66.288572,0.214949058,15.600000,2
66.302292,0.215332553,15.620000,2
66.316034,0.215428427,15.640000,2
66.330229,0.216291291,15.660000,2
66.343617,0.216866534,15.680000,2
66.357234,0.217058281,15.700000,2
66.370675,0.217729398,15.720000,2
66.384242,0.218496388,15.740000,2
66.397925,0.219071631,15.760000,2
66.412078,0.219359253,15.780000,2
66.425788,0.219167505,15.800000,2
66.439736,0.219455126,15.820000,2
66.452924,0.220413864,15.840000,2
66.466950,0.220893233,15.860000,2
66.480791,0.221276729,15.880000,2
66.495114,0.221947845,15.900000,2
66.508920,0.222427214,15.920000,2
66.522503,0.222906583,15.940000,2
66.536441,0.223577700,15.960000,2
66.550160,0.223769447,15.980000,2
66.563346,0.224344690,16.000000,2
66.577766,0.225207554,16.020000,2
66.591169,0.225878671,16.040000,2
66.604838,0.226645661,16.060000,2
66.618843,0.226549788,16.080000,2
66.632356,0.227796147,16.100000,2
66.646202,0.228563137,16.120000,2
66.660827,0.228850759,16.140000,2
66.674313,0.229234254,16.160000,2
66.688410,0.230672361,16.180000,2
66.702707,0.231247604,16.200000,2
66.716531,0.232110468,16.220000,2
66.730650,0.232877458,16.240000,2
66.744230,0.233836196,16.260000,2
66.757985,0.235082556,16.280000,2
66.771468,0.235082556,16.300000,2
66.786960,0.237000032,16.320000,2
66.800993,0.237671148,16.340000,2
66.814357,0.238629886,16.360000,2
66.827742,0.239492751,16.380000,2
66.841960,0.240643236,16.400000,2
66.856153,0.241506100,16.420000,2
66.870023,0.242177217,16.440000,2
66.883802,0.243519450,16.460000,2
66.897805,0.243807071,16.480000,2
66.912123,0.244861683,16.500000,2
66.925603,0.245628674,16.520000,2
66.938954,0.247066781,16.540000,2
66.953067,0.246875033,16.560000,2
66.966318,0.247546150,16.580000,2
66.979722,0.248313140,16.600000,2
66.994978,0.249080130,16.620000,2
67.008455,0.249367752,16.640000,2
67.022322,0.250134742,16.660000,2
67.035949,0.250614111,16.680000,2
67.049484,0.250901733,16.700000,2
67.063451,0.251860471,16.720000,2
67.077087,0.251764597,16.740000,2
67.090651,0.252531587,16.760000,2
67.104458,0.253010956,16.780000,2
67.118341,0.253298578,16.800000,2
67.131835,0.253490325,16.820000,2
67.146055,0.254161442,16.840000,2
67.161073,0.254736685,16.860000,2
67.174480,0.254736685,16.880000,2
67.188370,0.255216054,16.900000,2
67.202279,0.255791296,16.920000,2
67.216417,0.256270665,16.940000,2
67.230385,0.256174792,16.960000,2
67.244853,0.256558287,16.980000,2
67.258045,0.256366539,17.000000,2
67.272249,0.256750034,17.020000,2
67.285852,0.257421151,17.040000,2
67.299765,0.257708772,17.060000,2
67.313716,0.257421151,17.080000,2
67.327701,0.258379889,17.100000,2
67.341628,0.258284015,17.120000,2
67.356002,0.258667510,17.140000,2
67.369736,0.259146879,17.160000,2
67.383535,0.259051006,17.180000,2
67.397304,0.259242753,17.200000,2
67.411242,0.259913870,17.220000,2
67.425492,0.260105617,17.240000,2
67.439281,0.260297365,17.260000,2
67.453218,0.260872608,17.280000,2
67.467819,0.260297365,17.300000,2
67.480805,0.261064355,17.320000,2
67.494151,0.261160229,17.340000,2
67.508283,0.261351977,17.360000,2
67.522545,0.261735472,17.380000,2
67.536268,0.262406589,17.400000,2
67.549901,0.262118967,17.420000,2
67.563107,0.262598336,17.440000,2
67.576837,0.262885958,17.460000,2
67.590874,0.262694210,17.480000,2
67.604470,0.263365327,17.500000,2
67.618383,0.263557074,17.520000,2
67.632580,0.263365327,17.540000,2
67.645794,0.263173579,17.560000,2
67.659030,0.263748822,17.580000,2
67.672839,0.264611686,17.600000,2
67.686216,0.264515812,17.620000,2
67.700024,0.264803434,17.640000,2
67.713721,0.265091055,17.660000,2
67.727012,0.265282803,17.680000,2
67.740407,0.265282803,17.700000,2
67.753786,0.265666298,17.720000,2
67.767272,0.265666298,17.740000,2
67.781248,0.265666298,17.760000,2
67.795533,0.266145667,17.780000,2
67.809073,0.266145667,17.800000,2
67.823110,0.266337414,17.820000,2
67.836843,0.266625036,17.840000,2
67.851510,0.267008531,17.860000,2
67.865327,0.266912657,17.880000,2
67.879095,0.267104405,17.900000,2
67.893381,0.267392026,17.920000,2
67.907648,0.267871395,17.940000,2
67.921443,0.268159016,17.960000,2
67.935244,0.267775521,17.980000,2
67.949210,0.268638385,18.000000,2
67.962975,0.269021881,18.020000,2
67.976673,0.268734259,18.040000,2
67.991042,0.268734259,18.060000,2
68.004585,0.269501250,18.080000,2
68.018441,0.269117754,18.100000,2
68.032570,0.269405376,18.120000,2
68.046125,0.270268240,18.140000,2
68.059746,0.270364114,18.160000,2
68.073748,0.270459988,18.180000,2
68.087306,0.270939357,18.200000,2
68.100488,0.270651735,18.220000,2
68.114619,0.270555861,18.240000,2
68.128481,0.270843483,18.260000,2
68.142352,0.271514599,18.280000,2
68.156111,0.272089842,18.300000,2
68.169741,0.271322852,18.320000,2
68.183298,0.271514599,18.340000,2
68.197390,0.272089842,18.360000,2
68.210926,0.272281590,18.380000,2
68.224770,0.272952706,18.400000,2
68.239273,0.272760959,18.420000,2
68.253118,0.272952706,18.440000,2
68.266312,0.273240328,18.460000,2
68.279664,0.272856833,18.480000,2
68.293684,0.273527949,18.500000,2
68.308049,0.273144454,18.520000,2
68.322010,0.273527949,18.540000,2
68.335385,0.274390813,18.560000,2
68.349173,0.274870182,18.580000,2
68.363484,0.274294940,18.600000,2
68.377548,0.274966056,18.620000,2
68.391187,0.275349551,18.640000,2
68.405195,0.275157804,18.660000,2
68.419910,0.275541299,18.680000,2
68.434033,0.275541299,18.700000,2
68.447533,0.275924794,18.720000,2
68.461668,0.275924794,18.740000,2
68.475723,0.276595911,18.760000,2
68.489862,0.276595911,18.780000,2
68.503356,0.276787658,18.800000,2
68.517181,0.276979406,18.820000,2
68.531299,0.277554649,18.840000,2
68.545641,0.277458775,18.860000,2
68.560279,0.277842270,18.880000,2
68.574074,0.278513387,18.900000,2
68.587908,0.278417513,18.920000,2
68.602130,0.278513387,18.940000,2
68.615620,0.278609261,18.960000,2
68.628978,0.278896882,18.980000,2
68.642594,0.278609261,19.000000,2
68.656546,0.279280377,19.020000,2
68.670359,0.280047368,19.040000,2
68.684409,0.280239115,19.060000,2
68.698224,0.280143241,19.080000,2
68.711683,0.280239115,19.100000,2
68.725711,0.280814358,19.120000,2
68.739546,0.280910232,19.140000,2
68.753618,0.281006106,19.160000,2
68.767387,0.281197853,19.180000,2
68.780638,0.281677222,19.200000,2
68.793709,0.282060717,19.220000,2
68.808136,0.282156591,19.240000,2
68.821820,0.282540086,19.260000,2
68.836068,0.282444213,19.280000,2
68.849925,0.282827708,19.300000,2
68.863764,0.282252465,19.320000,2
68.877385,0.283307077,19.340000,2
68.891623,0.283115329,19.360000,2
68.905340,0.284074067,19.380000,2
68.919567,0.283690572,19.400000,2
68.933803,0.284841058,19.420000,2
68.948257,0.284553436,19.440000,2
68.962074,0.284936931,19.460000,2
68.975943,0.284649310,19.480000,2
68.989628,0.285128679,19.500000,2
69.003427,0.285224553,19.520000,2
69.017703,0.285416300,19.540000,2
69.031928,0.285608048,19.560000,2
69.046067,0.285895669,19.580000,2
69.060225,0.285895669,19.600000,2
69.073755,0.286470912,19.620000,2
69.087460,0.286375038,19.640000,2
69.101052,0.286758534,19.660000,2
69.114980,0.287237903,19.680000,2
69.129200,0.287429650,19.700000,2
69.143279,0.288196641,19.720000,2
69.156725,0.288292514,19.740000,2
69.170897,0.288196641,19.760000,2
69.184976,0.287813145,19.780000,2
69.198693,0.288388388,19.800000,2
69.212813,0.288580136,19.820000,2
69.227263,0.289155379,19.840000,2
69.240676,0.289059505,19.860000,2
69.255049,0.289347126,19.880000,2
69.268936,0.289155379,19.900000,2
69.283073,0.289922369,19.920000,2
69.297544,0.289826495,19.940000,2
69.311471,0.290018243,19.960000,2
69.325232,0.290785233,19.980000,2
69.339088,0.290593486,20.000000,2
69.352986,0.291264602,20.000000,2
69.367080,0.291072855,19.980000,2
69.380813,0.290689359,19.960000,2
69.394510,0.291456350,19.940000,2
69.408316,0.291168728,19.920000,2
69.422417,0.291072855,19.900000,2
69.435694,0.291360476,19.880000,2
69.449620,0.291360476,19.860000,2
69.463534,0.291360476,19.840000,2
69.476905,0.291552223,19.820000,2
69.490510,0.291456350,19.800000,2
69.504503,0.291456350,19.780000,2
69.518462,0.291360476,19.760000,2
69.532807,0.291648097,19.740000,2
69.546741,0.291072855,19.720000,2
69.560439,0.291648097,19.700000,2
69.574063,0.290976981,19.680000,2
69.587721,0.291360476,19.660000,2
69.601114,0.291648097,19.640000,2
69.615326,0.291648097,19.620000,2
69.628728,0.291168728,19.600000,2
69.642991,0.291360476,19.580000,2
69.656391,0.291360476,19.560000,2
69.670480,0.291360476,19.540000,2
69.684758,0.291264602,19.520000,2
69.699225,0.291360476,19.500000,2
69.713119,0.291456350,19.480000,2
69.726498,0.291168728,19.460000,2
69.740364,0.291072855,19.440000,2
69.754663,0.291456350,19.420000,2
69.768273,0.290976981,19.400000,2
69.781909,0.291168728,19.380000,2
69.796447,0.291168728,19.360000,2
69.809647,0.291168728,19.340000,2
69.823770,0.291168728,19.320000,2
69.837124,0.290593486,19.300000,2
69.851396,0.291072855,19.280000,2
69.865577,0.291168728,19.260000,2
69.879794,0.290497612,19.240000,2
69.893642,0.290497612,19.220000,2
69.907643,0.290209990,19.200000,2
69.921531,0.290593486,19.180000,2
69.935743,0.290689359,19.160000,2
69.949552,0.290881107,19.140000,2
69.963721,0.290305864,19.120000,2
69.977521,0.290593486,19.100000,2
69.991287,0.290785233,19.080000,2
70.004948,0.290114117,19.060000,2
70.018683,0.290305864,19.040000,2
70.032405,0.290305864,19.020000,2
70.045944,0.290209990,19.000000,2
70.059976,0.289826495,18.980000,2
70.073762,0.290018243,18.960000,2
70.087387,0.290209990,18.940000,2
70.101502,0.289730621,18.920000,2
70.115353,0.289634748,18.900000,2
70.128504,0.289826495,18.880000,2
70.142355,0.289826495,18.860000,2
70.155401,0.289730621,18.840000,2
70.169583,0.289634748,18.820000,2
70.182874,0.289538874,18.800000,2
70.196913,0.289730621,18.780000,2
70.210386,0.289443000,18.760000,2
70.224471,0.289538874,18.740000,2
70.238704,0.289251252,18.720000,2
70.252363,0.289347126,18.700000,2
70.266491,0.289251252,18.680000,2
70.280132,0.290114117,18.660000,2
70.293918,0.288963631,18.640000,2
70.307372,0.289059505,18.620000,2
70.321647,0.289059505,18.600000,2
70.335081,0.289059505,18.580000,2
70.348649,0.288963631,18.560000,2
70.362570,0.289155379,18.540000,2
70.376771,0.288676010,18.520000,2
70.390141,0.289059505,18.500000,2
70.403936,0.288771883,18.480000,2
70.417693,0.288388388,18.460000,2
70.431370,0.288292514,18.440000,2
70.444953,0.288388388,18.420000,2
70.458493,0.288676010,18.400000,2
70.472962,0.288484262,18.380000,2
70.486590,0.288292514,18.360000,2
70.500620,0.288004893,18.340000,2
70.514176,0.288388388,18.320000,2
70.527905,0.288100767,18.300000,2
70.541385,0.287813145,18.280000,2
70.555001,0.288484262,18.260000,2
70.568485,0.287813145,18.240000,2
70.582200,0.288100767,18.220000,2
70.596208,0.287909019,18.200000,2
70.610715,0.287909019,18.180000,2
70.624063,0.288004893,18.160000,2
70.637303,0.287621398,18.140000,2
70.651621,0.287333776,18.120000,2
70.665319,0.287717272,18.100000,2
70.678847,0.287429650,18.080000,2
70.692668,0.287525524,18.060000,2
70.706841,0.287621398,18.040000,2
70.720580,0.287525524,18.020000,2
70.734097,0.287429650,18.000000,2
70.747859,0.287046155,17.980000,2
70.761700,0.286950281,17.960000,2
70.775430,0.287046155,17.940000,2
70.788784,0.287142029,17.920000,2
70.802284,0.286950281,17.900000,2
70.816038,0.286758534,17.880000,2
70.829980,0.286758534,17.860000,2
70.843357,0.286566786,17.840000,2
70.857357,0.287142029,17.820000,2
70.870807,0.286279165,17.800000,2
70.884252,0.286854407,17.780000,2
70.897869,0.286375038,17.760000,2
70.912326,0.286470912,17.740000,2
70.925892,0.286183291,17.720000,2
70.939666,0.286566786,17.700000,2
70.953345,0.286183291,17.680000,2
70.966864,0.285991543,17.660000,2
70.980679,0.285608048,17.640000,2
70.994433,0.285991543,17.620000,2
71.007944,0.285703922,17.600000,2
71.021872,0.285512174,17.580000,2
71.036640,0.285416300,17.560000,2
71.050625,0.285416300,17.540000,2
71.065100,0.286087417,17.520000,2
71.078506,0.285799796,17.500000,2
71.092450,0.285512174,17.480000,2
71.106106,0.285416300,17.460000,2
71.120445,0.284841058,17.440000,2
71.134197,0.285416300,17.420000,2
71.148049,0.284936931,17.400000,2
71.161953,0.285320427,17.380000,2
71.177355,0.284361689,17.360000,2
71.191422,0.285128679,17.340000,2
71.204591,0.284649310,17.320000,2
71.218220,0.284457562,17.300000,2
71.231764,0.285032805,17.280000,2
71.245363,0.284553436,17.260000,2
71.259123,0.284745184,17.240000,2
71.272614,0.284649310,17.220000,2
71.286258,0.284361689,17.200000,2
71.300221,0.283882320,17.180000,2
71.313746,0.284074067,17.160000,2
71.327467,0.284074067,17.140000,2
71.341611,0.283978193,17.120000,2
71.355223,0.284265815,17.100000,2
71.368923,0.283978193,17.080000,2
71.383352,0.283307077,17.060000,2
71.397347,0.283882320,17.040000,2
71.412202,0.283307077,17.020000,2
71.425921,0.283498824,17.000000,2
71.440077,0.283115329,16.980000,2
71.453606,0.283211203,16.960000,2
71.467663,0.283882320,16.940000,2
71.480717,0.283115329,16.920000,2
71.494406,0.283019455,16.900000,2
71.508496,0.283498824,16.880000,2
71.522488,0.283211203,16.860000,2
71.536432,0.283115329,16.840000,2
71.550179,0.282827708,16.820000,2
71.564478,0.282731834,16.800000,2
71.578007,0.282348339,16.780000,2
71.591687,0.282540086,16.760000,2
71.605667,0.282252465,16.740000,2
71.619681,0.281677222,16.720000,2
71.634025,0.282444213,16.700000,2
71.647542,0.282156591,16.680000,2
71.661064,0.282444213,16.660000,2
71.675258,0.281868970,16.640000,2
71.688681,0.281868970,16.620000,2
71.702540,0.281773096,16.600000,2
71.716390,0.281677222,16.580000,2
71.730487,0.281773096,16.560000,2
71.744385,0.281197853,16.540000,2
71.757972,0.281293727,16.520000,2
71.772094,0.281293727,16.500000,2
71.785215,0.281581348,16.480000,2
71.799137,0.281773096,16.460000,2
71.813106,0.280814358,16.440000,2
71.826938,0.281006106,16.420000,2
71.840633,0.281101979,16.400000,2
71.854851,0.281197853,16.380000,2
71.869360,0.281101979,16.360000,2
71.883268,0.280718484,16.340000,2
71.897257,0.281006106,16.320000,2
71.911101,0.281006106,16.300000,2
71.925205,0.280814358,16.280000,2
71.939671,0.280334989,16.260000,2
71.953279,0.280143241,16.240000,2
71.966802,0.280430863,16.220000,2
71.980767,0.280143241,16.200000,2
71.995045,0.280239115,16.180000,2
72.008888,0.279951494,16.160000,2
72.023329,0.279759746,16.140000,2
72.038060,0.279759746,16.120000,2
72.051767,0.279280377,16.100000,2
72.065715,0.279663872,16.080000,2
72.079521,0.279376251,16.060000,2
72.093232,0.278992756,16.040000,2
72.106956,0.279088630,16.020000,2
72.120727,0.279567999,16.000000,2
72.134739,0.279376251,15.980000,2
72.148448,0.279376251,15.960000,2
72.161938,0.279376251,15.940000,2
72.175822,0.278992756,15.920000,2
72.189117,0.278609261,15.900000,2
72.202870,0.279088630,15.880000,2
72.216344,0.278801008,15.860000,2
72.230683,0.278321639,15.840000,2
72.244428,0.278321639,15.820000,2
72.258569,0.278417513,15.800000,2
72.272911,0.278129892,15.780000,2
72.286893,0.278225765,15.760000,2
72.300419,0.278225765,15.740000,2
72.314436,0.277650523,15.720000,2
72.328406,0.277842270,15.700000,2
72.342692,0.277842270,15.680000,2
72.355789,0.277842270,15.660000,2
72.369816,0.277746396,15.640000,2
72.384783,0.277267027,15.620000,2
72.398766,0.277554649,15.600000,2
72.413084,0.277362901,15.580000,2
72.426907,0.276979406,15.560000,2
72.440787,0.276979406,15.540000,2
72.454645,0.276883532,15.520000,2
72.468529,0.276404163,15.500000,2
72.482065,0.276595911,15.480000,2
72.496121,0.276691785,15.460000,2
72.510375,0.276308289,15.440000,2
72.524282,0.276308289,15.420000,2
72.538094,0.276308289,15.400000,2
72.552351,0.276308289,15.380000,2
72.566275,0.276116542,15.360000,2
72.579993,0.276212416,15.340000,2
72.594292,0.275924794,15.320000,2
72.609123,0.275828920,15.300000,2
72.623435,0.275924794,15.280000,2
72.638228,0.275733047,15.260000,2
72.652015,0.276116542,15.240000,2
72.665054,0.275637173,15.220000,2
72.678399,0.275445425,15.200000,2
72.691482,0.275157804,15.180000,2
72.705709,0.274966056,15.160000,2
72.719062,0.275157804,15.140000,2
72.732502,0.274486687,15.120000,2
72.745769,0.274678435,15.100000,2
72.759288,0.274678435,15.080000,2
72.772691,0.274582561,15.060000,2
72.786089,0.274870182,15.040000,2
72.800671,0.274103192,15.020000,2
72.813910,0.274390813,15.000000,2
72.828341,0.274294940,14.980000,2
72.842480,0.274774309,14.960000,2
72.856356,0.274103192,14.940000,2
72.870615,0.273719697,14.920000,2
72.883664,0.273527949,14.900000,2
72.898083,0.274007318,14.880000,2
72.912239,0.274007318,14.860000,2
72.926024,0.273336202,14.840000,2
72.940144,0.273240328,14.820000,2
72.953537,0.273336202,14.800000,2
72.967065,0.273527949,14.780000,2
72.980838,0.272856833,14.760000,2
72.994581,0.272760959,14.740000,2
73.008342,0.272760959,14.720000,2
73.022953,0.273240328,14.700000,2
73.036737,0.272665085,14.680000,2
73.050271,0.272665085,14.660000,2
73.064798,0.272377464,14.640000,2
73.078579,0.271993968,14.620000,2
73.092166,0.272089842,14.600000,2
73.106071,0.271802221,14.580000,2
73.119368,0.272281590,14.560000,2
73.133488,0.271706347,14.540000,2
73.147833,0.271706347,14.520000,2
73.161341,0.271898095,14.500000,2
73.175161,0.271898095,14.480000,2
73.189641,0.271610473,14.460000,2
73.203408,0.271610473,14.440000,2
73.217815,0.271514599,14.420000,2
73.231159,0.271898095,14.400000,2
73.244993,0.271418726,14.380000,2
73.258449,0.271226978,14.360000,2
73.272557,0.270939357,14.340000,2
73.286061,0.270843483,14.320000,2
73.299362,0.270459988,14.300000,2
73.313066,0.270939357,14.280000,2
73.327276,0.270651735,14.260000,2
73.341109,0.270364114,14.240000,2
73.355279,0.270268240,14.220000,2
73.369343,0.270651735,14.200000,2
73.384088,0.270076492,14.180000,2
73.397674,0.270076492,14.160000,2
73.411590,0.269980619,14.140000,2
73.425539,0.269597123,14.120000,2
73.438974,0.269884745,14.100000,2
73.453088,0.269692997,14.080000,2
73.466505,0.270076492,14.060000,2
73.480102,0.269884745,14.040000,2
73.494023,0.269980619,14.020000,2
73.508188,0.268926007,14.000000,2
73.522134,0.269213628,13.980000,2
73.535885,0.269117754,13.960000,2
73.550342,0.269405376,13.940000,2
73.564599,0.268734259,13.920000,2
73.578498,0.268830133,13.900000,2
73.592056,0.269213628,13.880000,2
73.606030,0.268638385,13.860000,2
73.620646,0.268830133,13.840000,2
73.634629,0.268159016,13.820000,2
73.648923,0.268542512,13.800000,2
73.663217,0.268254890,13.780000,2
73.676857,0.268542512,13.760000,2
73.690368,0.268159016,13.740000,2
73.703690,0.267775521,13.720000,2
73.717442,0.267679647,13.700000,2
73.731219,0.267392026,13.680000,2
73.745639,0.268063143,13.660000,2
73.759324,0.267296152,13.640000,2
73.772873,0.268063143,13.620000,2
73.786749,0.267583774,13.600000,2
73.800208,0.267200278,13.580000,2
73.814066,0.267104405,13.560000,2
73.827607,0.267008531,13.540000,2
73.841328,0.267296152,13.520000,2
73.854929,0.267008531,13.500000,2
73.868719,0.266816783,13.480000,2
73.882246,0.266625036,13.460000,2
73.896098,0.266529162,13.440000,2
73.910068,0.266720909,13.420000,2
73.923620,0.266049793,13.400000,2
73.937122,0.265953919,13.380000,2
73.951101,0.265953919,13.360000,2
73.964629,0.265570424,13.340000,2
73.978274,0.265858045,13.320000,2
73.991889,0.265953919,13.300000,2
74.005650,0.265378676,13.280000,2
74.019519,0.265282803,13.260000,2
74.034296,0.265474550,13.240000,2
74.047408,0.265186929,13.220000,2
74.061600,0.265474550,13.200000,2
74.076329,0.265186929,13.180000,2
74.089813,0.264995181,13.160000,2
74.103756,0.264707560,13.140000,2
74.117536,0.264419938,13.120000,2
74.131116,0.264899307,13.100000,2
74.144947,0.264515812,13.080000,2
74.158722,0.264132317,13.060000,2
74.172849,0.264324065,13.040000,2
74.186676,0.264515812,13.020000,2
74.200810,0.264419938,13.000000,2
74.214731,0.263940569,12.980000,2
74.228890,0.263844696,12.960000,2
74.243020,0.263748822,12.940000,2
74.257077,0.263652948,12.920000,2
74.271161,0.263461200,12.900000,2
74.285130,0.263461200,12.880000,2
74.299223,0.263077705,12.860000,2
74.312384,0.262885958,12.840000,2
74.326816,0.263557074,12.820000,2
74.340443,0.262502462,12.800000,2
74.354906,0.262981831,12.780000,2
74.368478,0.262406589,12.760000,2
74.382363,0.262310715,12.740000,2
74.396140,0.262118967,12.720000,2
74.409687,0.262502462,12.700000,2
74.424000,0.262214841,12.680000,2
74.437625,0.261831346,12.660000,2
74.450933,0.262214841,12.640000,2
74.465219,0.261735472,12.620000,2
74.479844,0.261735472,12.600000,2
74.494117,0.261735472,12.580000,2
74.507813,0.262118967,12.560000,2
74.521664,0.261735472,12.540000,2
74.535143,0.260968482,12.520000,2
74.549326,0.261256103,12.500000,2
74.563085,0.261064355,12.480000,2
74.576821,0.260968482,12.460000,2
74.590100,0.260776734,12.440000,2
74.603759,0.261256103,12.420000,2
74.617440,0.260872608,12.400000,2
74.630998,0.260872608,12.380000,2
74.645006,0.260584986,12.360000,2
74.659363,0.260584986,12.340000,2
74.673065,0.260489113,12.320000,2
74.687206,0.260201491,12.300000,2
74.700864,0.260009744,12.280000,2
74.714368,0.259817996,12.260000,2
74.728831,0.260009744,12.240000,2
74.742659,0.259913870,12.220000,2
74.756710,0.260201491,12.200000,2
74.770500,0.259530375,12.180000,2
74.785099,0.259530375,12.160000,2
74.798768,0.259242753,12.140000,2
74.812402,0.259530375,12.120000,2
74.826195,0.259146879,12.100000,2
74.839748,0.259242753,12.080000,2
74.853997,0.259051006,12.060000,2
74.867396,0.258571637,12.040000,2
74.880880,0.258188141,12.020000,2
74.895068,0.258475763,12.000000,2
74.908621,0.258667510,11.980000,2
74.922319,0.258571637,11.960000,2
74.936430,0.258284015,11.940000,2
74.950314,0.258284015,11.920000,2
74.964271,0.258571637,11.900000,2
74.977995,0.257900520,11.880000,2
74.991602,0.258092268,11.860000,2
75.005009,0.257708772,11.840000,2
75.018633,0.257804646,11.820000,2
75.033059,0.257996394,11.800000,2
75.046842,0.257133530,11.780000,2
75.060429,0.257517025,11.760000,2
75.075347,0.257517025,11.740000,2
75.089006,0.257229403,11.720000,2
75.102925,0.256750034,11.700000,2
75.116891,0.257133530,11.680000,2
75.130667,0.257037656,11.660000,2
75.144815,0.257037656,11.640000,2
75.159222,0.256462413,11.620000,2
75.172936,0.256654161,11.600000,2
75.188088,0.256270665,11.580000,2
75.201851,0.256558287,11.560000,2
75.216227,0.256558287,11.540000,2
75.230610,0.255887170,11.520000,2
75.244149,0.256078918,11.500000,2
75.258898,0.256174792,11.480000,2
75.273653,0.255407801,11.460000,2
75.287028,0.255503675,11.440000,2
75.300834,0.254928432,11.420000,2
75.314771,0.255216054,11.400000,2
75.328249,0.255503675,11.380000,2
75.342009,0.255311927,11.360000,2
75.356936,0.255311927,11.340000,2
75.370704,0.254928432,11.320000,2
75.384087,0.255216054,11.300000,2
75.398309,0.255024306,11.280000,2
75.412040,0.254449063,11.260000,2
75.425642,0.254449063,11.240000,2
75.439888,0.253969694,11.220000,2
75.454229,0.254161442,11.200000,2
75.467960,0.254353189,11.180000,2
75.482073,0.254544937,11.160000,2
75.495759,0.254257316,11.140000,2
75.509495,0.254065568,11.120000,2
75.523489,0.254353189,11.100000,2
75.537273,0.253202704,11.080000,2
75.550613,0.253777947,11.060000,2
75.564258,0.253682073,11.040000,2
75.577784,0.253394451,11.020000,2
75.591899,0.253106830,11.000000,2
75.606210,0.253106830,10.980000,2
75.620120,0.253010956,10.960000,2
75.633711,0.252531587,10.940000,2
75.647167,0.252531587,10.920000,2
75.661298,0.252339840,10.900000,2
75.675199,0.252243966,10.880000,2
75.689655,0.252723335,10.860000,2
75.703855,0.252531587,10.840000,2
75.718079,0.252148092,10.820000,2
75.732126,0.252052218,10.800000,2
75.746253,0.252052218,10.780000,2
75.760362,0.251764597,10.760000,2
75.775049,0.251764597,10.740000,2
75.788815,0.251860471,10.720000,2
75.802447,0.251093480,10.700000,2
75.816788,0.251285228,10.680000,2
75.830552,0.251572849,10.660000,2
75.844815,0.251381102,10.640000,2
75.858758,0.250997606,10.620000,2
75.872862,0.251189354,10.600000,2
75.887099,0.250997606,10.580000,2
75.901637,0.250901733,10.560000,2
75.915167,0.250422364,10.540000,2
75.929764,0.250230616,10.520000,2
75.943521,0.250326490,10.500000,2
75.957008,0.250709985,10.480000,2
75.970474,0.250326490,10.460000,2
75.984540,0.249942995,10.440000,2
75.998411,0.249942995,10.420000,2
76.012391,0.249463626,10.400000,2
76.025804,0.249271878,10.380000,2
76.039325,0.249367752,10.360000,2
76.052455,0.248984257,10.340000,2
76.066180,0.249176004,10.320000,2
76.079879,0.248984257,10.300000,2
76.093587,0.248888383,10.280000,2
76.107742,0.248313140,10.260000,2
76.122267,0.248888383,10.240000,2
76.135956,0.248792509,10.220000,2
76.149925,0.248217266,10.200000,2
76.164206,0.248025519,10.180000,2
76.179226,0.247929645,10.160000,2
76.192820,0.248409014,10.140000,2
76.206985,0.247737897,10.120000,2
76.221296,0.248217266,10.100000,2
76.235122,0.247354402,10.080000,2
76.249034,0.247258528,10.060000,2
76.263267,0.247642023,10.040000,2
76.277435,0.247354402,10.020000,2
76.291895,0.246875033,10.000000,2
76.305690,0.246970907,9.980000,2
76.319200,0.246875033,9.960000,2
76.333045,0.247737897,9.940000,2
76.346649,0.246203916,9.920000,2
76.360131,0.246491538,9.900000,2
76.374087,0.246299790,9.880000,2
76.388558,0.246491538,9.860000,2
76.402915,0.246108043,9.840000,2
76.417128,0.246108043,9.820000,2
76.431077,0.246203916,9.800000,2
76.444608,0.246012169,9.780000,2
76.458419,0.245916295,9.760000,2
76.472222,0.245724547,9.740000,2
76.486355,0.245628674,9.720000,2
76.500977,0.245245178,9.700000,2
76.514501,0.245053431,9.680000,2
76.528258,0.245149305,9.660000,2
76.541864,0.245245178,9.640000,2
76.556046,0.244861683,9.620000,2
76.569303,0.244478188,9.600000,2
76.583381,0.244382314,9.580000,2
76.597309,0.244190567,9.560000,2
76.611589,0.244382314,9.540000,2
76.625120,0.243998819,9.520000,2
76.638600,0.243998819,9.500000,2
76.652416,0.243902945,9.480000,2
76.666196,0.244094693,9.460000,2
76.679471,0.243807071,9.440000,2
76.693353,0.243135955,9.420000,2
76.706806,0.243231829,9.400000,2
76.720414,0.242848333,9.380000,2
76.734100,0.243231829,9.360000,2
76.747920,0.243423576,9.340000,2
76.761188,0.242944207,9.320000,2
76.774959,0.243135955,9.300000,2
76.789217,0.242848333,9.280000,2
76.803221,0.242081343,9.260000,2
76.817825,0.242273091,9.240000,2
76.831526,0.242848333,9.220000,2
76.845177,0.242368964,9.200000,2
76.859231,0.241985469,9.180000,2
76.872786,0.241506100,9.160000,2
76.886253,0.241410226,9.140000,2
76.900462,0.241601974,9.120000,2
76.914152,0.241218479,9.100000,2
76.927960,0.241026731,9.080000,2
76.941696,0.241122605,9.060000,2
76.955323,0.240355615,9.040000,2
76.969017,0.241218479,9.020000,2
76.982427,0.240451489,9.000000,2
76.996377,0.240547362,8.980000,2
77.011002,0.240355615,8.960000,2
77.024659,0.240355615,8.940000,2
77.038304,0.239876246,8.920000,2
77.051897,0.240259741,8.900000,2
77.065336,0.239684498,8.880000,2
77.080062,0.239396877,8.860000,2
77.094520,0.239013382,8.840000,2
77.108532,0.239492751,8.820000,2
77.122021,0.239013382,8.800000,2
77.136040,0.238917508,8.780000,2
77.150079,0.239109255,8.760000,2
77.163252,0.238534013,8.740000,2
77.176841,0.238725760,8.720000,2
77.190785,0.238246391,8.700000,2
77.204246,0.238438139,8.680000,2
77.218040,0.238054644,8.660000,2
77.232307,0.238150517,8.640000,2
77.245652,0.237958770,8.620000,2
77.259509,0.237575275,8.600000,2
77.274126,0.237862896,8.580000,2
77.287746,0.237479401,8.560000,2
77.301873,0.237479401,8.540000,2
77.315677,0.236808284,8.520000,2
77.329810,0.237383527,8.500000,2
77.343534,0.236328915,8.480000,2
77.357185,0.236712410,8.460000,2
77.370962,0.236712410,8.440000,2
77.385630,0.236233041,8.420000,2
77.399295,0.236328915,8.400000,2
77.413172,0.235945420,8.380000,2
77.427361,0.236233041,8.360000,2
77.440821,0.235945420,8.340000,2
77.454707,0.235753672,8.320000,2
77.468987,0.235466051,8.300000,2
77.482693,0.234794934,8.280000,2
77.496046,0.235178430,8.260000,2
77.510860,0.235370177,8.240000,2
77.524278,0.235274303,8.220000,2
77.538093,0.234603187,8.200000,2
77.551605,0.234315565,8.180000,2
77.565752,0.234411439,8.160000,2
77.578986,0.234411439,8.140000,2
77.592202,0.234507313,8.120000,2
77.607142,0.233932070,8.100000,2
77.620959,0.233932070,8.080000,2
77.635400,0.234123818,8.060000,2
77.650071,0.233356827,8.040000,2
77.663297,0.233356827,8.020000,2
77.677011,0.233452701,8.000000,2
77.690297,0.233356827,7.980000,2
77.703090,0.232973332,7.960000,2
77.717037,0.232781585,7.940000,2
77.730857,0.232398089,7.920000,2
77.745354,0.232589837,7.900000,2
77.758845,0.232589837,7.880000,2
77.772901,0.232110468,7.860000,2
77.786740,0.232589837,7.840000,2
77.800403,0.231918720,7.820000,2
77.813858,0.232014594,7.800000,2
77.827283,0.232014594,7.780000,2
77.840665,0.231822847,7.760000,2
77.854863,0.231343478,7.740000,2
77.869141,0.231055856,7.720000,2
77.883068,0.231151730,7.700000,2
77.896981,0.230959982,7.680000,2
77.911361,0.230672361,7.660000,2
77.925196,0.231055856,7.640000,2
77.938461,0.231247604,7.620000,2
77.952528,0.230384740,7.600000,2
77.967206,0.230097118,7.580000,2
77.981099,0.229905371,7.560000,2
77.994852,0.229809497,7.540000,2
78.008659,0.230097118,7.520000,2
78.022185,0.229713623,7.500000,2
78.035883,0.229521875,7.480000,2
78.049160,0.229330128,7.460000,2
78.062926,0.229426002,7.440000,2
78.077260,0.229330128,7.420000,2
78.090784,0.229042506,7.400000,2
78.104629,0.228563137,7.380000,2
78.117835,0.228850759,7.360000,2
78.131559,0.228467264,7.340000,2
78.145584,0.228179642,7.320000,2
78.159440,0.228179642,7.300000,2
78.172912,0.227700273,7.280000,2
78.187103,0.227700273,7.260000,2
78.200670,0.227987895,7.240000,2
78.214449,0.227412652,7.220000,2
78.228288,0.227220904,7.200000,2
78.242398,0.227700273,7.180000,2
78.256018,0.227029157,7.160000,2
78.269689,0.227220904,7.140000,2
78.283380,0.226741535,7.120000,2
78.297072,0.226741535,7.100000,2
78.311578,0.226453914,7.080000,2
78.325703,0.225878671,7.060000,2
78.339331,0.226166292,7.040000,2
78.353041,0.225878671,7.020000,2
78.366910,0.225974545,7.000000,2
78.381152,0.225782797,6.980000,2
78.394691,0.225782797,6.960000,2
78.408917,0.225399302,6.940000,2
78.422663,0.225111681,6.920000,2
78.437112,0.225399302,6.900000,2
78.451084,0.225015807,6.880000,2
78.465689,0.225015807,6.860000,2
78.479218,0.224824059,6.840000,2
78.493370,0.224919933,6.820000,2
78.507231,0.224536438,6.800000,2
78.521018,0.223961195,6.780000,2
78.534949,0.224057069,6.760000,2
78.549237,0.223961195,6.740000,2
78.563556,0.224152943,6.720000,2
78.576993,0.223769447,6.700000,2
78.590713,0.223865321,6.680000,2
78.604418,0.223385952,6.660000,2
78.618101,0.223002457,6.640000,2
78.631657,0.223385952,6.620000,2
78.644931,0.223194205,6.600000,2
78.658716,0.222714836,6.580000,2
78.672163,0.222523088,6.560000,2
78.685691,0.222139593,6.540000,2
78.700266,0.222235467,6.520000,2
78.714413,0.221756098,6.500000,2
78.727721,0.222427214,6.480000,2
78.741676,0.221851971,6.460000,2
78.755913,0.221372602,6.440000,2
78.769311,0.221947845,6.420000,2
78.782846,0.221084981,6.400000,2
78.796566,0.221276729,6.380000,2
78.810392,0.221276729,6.360000,2
78.823975,0.221180855,6.340000,2
78.837843,0.220797360,6.320000,2
78.851582,0.220797360,6.300000,2
78.864877,0.220317991,6.280000,2
78.878749,0.220605612,6.260000,2
78.892637,0.219934495,6.240000,2
78.906231,0.220126243,6.220000,2
78.920303,0.219934495,6.200000,2
78.933500,0.219838622,6.180000,2
78.947742,0.219742748,6.160000,2
78.961812,0.219263379,6.140000,2
78.975786,0.219263379,6.120000,2
78.989868,0.219359253,6.100000,2
79.003618,0.219455126,6.080000,2
79.017180,0.219263379,6.060000,2
79.031029,0.218975757,6.040000,2
79.044405,0.218688136,6.020000,2
79.057916,0.218784010,6.000000,2
79.071985,0.218112893,5.980000,2
79.085255,0.217921146,5.960000,2
79.099507,0.218688136,5.940000,2
79.113920,0.217921146,5.920000,2
79.127609,0.217825272,5.900000,2
79.142460,0.217633524,5.880000,2
79.156918,0.218112893,5.860000,2
79.171497,0.217345903,5.840000,2
79.185206,0.217345903,5.820000,2
79.199038,0.217537650,5.800000,2
79.213005,0.217154155,5.780000,2
79.226800,0.217154155,5.760000,2
79.241035,0.216770660,5.740000,2
79.254886,0.216674786,5.720000,2
79.269768,0.216578912,5.700000,2
79.283774,0.216387165,5.680000,2
79.297673,0.216866534,5.660000,2
79.311457,0.216387165,5.640000,2
79.325301,0.216099543,5.620000,2
79.339093,0.215811922,5.600000,2
79.352623,0.215811922,5.580000,2
79.366512,0.215524301,5.560000,2
79.380081,0.215524301,5.540000,2
79.393509,0.215236679,5.520000,2
79.407346,0.215140806,5.500000,2
79.421009,0.214757310,5.480000,2
79.435053,0.214757310,5.460000,2
79.449329,0.214277941,5.440000,2
79.462818,0.214661437,5.420000,2
79.477104,0.214661437,5.400000,2
79.490607,0.214277941,5.380000,2
79.504077,0.214086194,5.360000,2
79.518025,0.213798572,5.340000,2
79.532129,0.213798572,5.320000,2
79.545685,0.213894446,5.300000,2
79.559285,0.213990320,5.280000,2
79.573053,0.213702699,5.260000,2
79.586649,0.213223330,5.240000,2
79.600292,0.213127456,5.220000,2
79.614330,0.213415077,5.200000,2
79.627990,0.213031582,5.180000,2
79.642176,0.212552213,5.160000,2
79.656090,0.212360465,5.140000,2
79.669638,0.212552213,5.120000,2
79.683070,0.212456339,5.100000,2
79.696671,0.212360465,5.080000,2
79.709885,0.212168718,5.060000,2
79.723608,0.212360465,5.040000,2
79.737499,0.211785223,5.020000,2
79.750924,0.211881096,5.000000,2
79.764500,0.211593475,4.980000,2
79.778368,0.211497601,4.960000,2
79.791999,0.210826485,4.940000,2
79.805313,0.211401727,4.920000,2
79.819402,0.210922358,4.900000,2
79.833162,0.210826485,4.880000,2
79.846604,0.210442989,4.860000,2
79.860586,0.210251242,4.840000,2
79.874340,0.210059494,4.820000,2
79.888231,0.210059494,4.800000,2
79.902300,0.210634737,4.780000,2
79.915992,0.210059494,4.760000,2
79.929801,0.209484251,4.740000,2
79.943549,0.209292504,4.720000,2
79.957260,0.209388378,4.700000,2
79.971501,0.209771873,4.680000,2
79.984621,0.209292504,4.660000,2
79.998783,0.209292504,4.640000,2
80.012809,0.208813135,4.620000,2
80.026477,0.208717261,4.600000,2
80.040265,0.208429640,4.580000,2
80.053661,0.208525513,4.560000,2
80.067338,0.208237892,4.540000,2
80.080857,0.208142018,4.520000,2
80.094822,0.208237892,4.500000,2
80.108519,0.207566775,4.480000,2
80.122571,0.207470902,4.460000,2
80.136215,0.207566775,4.440000,2
80.150239,0.207854397,4.420000,2
80.164055,0.207279154,4.400000,2
80.178185,0.207375028,4.380000,2
80.192074,0.206895659,4.360000,2
80.206200,0.206895659,4.340000,2
80.219698,0.206895659,4.320000,2
80.233490,0.206416290,4.300000,2
80.247376,0.206512164,4.280000,2
80.261085,0.206416290,4.260000,2
80.275332,0.206128668,4.240000,2
80.289587,0.205553426,4.220000,2
80.303328,0.205457552,4.200000,2
80.317554,0.205553426,4.180000,2
80.331669,0.205265804,4.160000,2
80.345660,0.204882309,4.140000,2
80.359366,0.205169930,4.120000,2
80.373261,0.204882309,4.100000,2
80.386701,0.204690561,4.080000,2
80.400115,0.204307066,4.060000,2
80.413999,0.204115319,4.040000,2
80.427448,0.204019445,4.020000,2
80.441085,0.203827697,4.000000,2
80.454729,0.204019445,3.980000,2
80.468852,0.203348328,3.960000,2
80.482842,0.203252454,3.940000,2
80.496713,0.203348328,3.920000,2
80.511148,0.203252454,3.900000,2
80.524324,0.202868959,3.880000,2
80.538155,0.202581338,3.860000,2
80.552445,0.202197843,3.840000,2
80.566265,0.202197843,3.820000,2
80.580050,0.202197843,3.800000,2
80.593972,0.202581338,3.780000,2
80.608275,0.202197843,3.760000,2
80.621838,0.201622600,3.740000,2
80.635829,0.201239105,3.720000,2
80.649180,0.201430852,3.700000,2
80.663297,0.201047357,3.680000,2
80.677875,0.200663862,3.660000,2
80.691451,0.200951483,3.640000,2
80.705125,0.200472114,3.620000,2
80.718458,0.200376240,3.600000,2
80.732267,0.199705124,3.580000,2
80.745694,0.199321629,3.560000,2
80.759991,0.199225755,3.540000,2
80.773270,0.199800998,3.520000,2
80.786828,0.198938133,3.500000,2
80.800645,0.198746386,3.480000,2
80.814355,0.198842260,3.460000,2
80.828394,0.198554638,3.440000,2
80.842710,0.197979395,3.420000,2
80.856644,0.198171143,3.400000,2
80.870434,0.197404153,3.380000,2
80.885257,0.197883522,3.360000,2
80.898994,0.197308279,3.340000,2
80.912541,0.197404153,3.320000,2
80.926593,0.197212405,3.300000,2
80.940614,0.196445415,3.280000,2
80.954420,0.196061919,3.260000,2
80.967365,0.195966046,3.240000,2
80.982306,0.196157793,3.220000,2
80.996698,0.195678424,3.200000,2
81.011647,0.195486677,3.180000,2
81.026791,0.195199055,3.160000,2
81.040423,0.194815560,3.140000,2
81.054344,0.194719686,3.120000,2
81.067992,0.194240317,3.100000,2
81.081601,0.193952696,3.080000,2
81.095941,0.193952696,3.060000,2
81.109772,0.193377453,3.040000,2
81.123368,0.193185705,3.020000,2
81.138288,0.192802210,3.000000,2
81.152084,0.193089832,2.980000,2
81.165663,0.192802210,2.960000,2
81.180028,0.192706336,2.940000,2
81.194197,0.192226967,2.920000,2
81.207932,0.192131094,2.900000,2
81.221831,0.191651725,2.880000,2
81.235367,0.191555851,2.860000,2
81.248659,0.191268229,2.840000,2
81.263091,0.191268229,2.820000,2
81.276823,0.190597113,2.800000,2
81.290938,0.189925996,2.780000,2
81.304975,0.189830123,2.760000,2
81.319570,0.189734249,2.740000,2
81.334006,0.189638375,2.720000,2
81.346809,0.189446627,2.700000,2
81.360394,0.189350754,2.680000,2
81.373914,0.188679637,2.660000,2
81.387604,0.188200268,2.640000,2
81.401310,0.188008520,2.620000,2
81.415668,0.188008520,2.600000,2
81.428984,0.187433278,2.580000,2
81.443220,0.187145656,2.560000,2
81.457178,0.187145656,2.540000,2
81.470456,0.187241530,2.520000,2
81.484483,0.186378666,2.500000,2
81.498165,0.186378666,2.480000,2
81.511760,0.186282792,2.460000,2
81.525486,0.185899297,2.440000,2
81.539261,0.185611675,2.420000,2
81.553169,0.186186918,2.400000,2
81.567143,0.185036433,2.380000,2
81.581169,0.185515802,2.360000,2
81.594742,0.184844685,2.340000,2
81.609375,0.184269442,2.320000,2
81.623034,0.184844685,2.300000,2
81.637067,0.184077695,2.280000,2
81.651709,0.183310704,2.260000,2
81.665006,0.183598326,2.240000,2
81.678685,0.183214830,2.220000,2
81.692531,0.182927209,2.200000,2
81.706535,0.182543714,2.180000,2
81.720157,0.182543714,2.160000,2
81.734057,0.182351966,2.140000,2
81.747596,0.182160219,2.120000,2
81.761501,0.182064345,2.100000,2
81.775398,0.181776723,2.080000,2
81.789704,0.181489102,2.060000,2
81.803698,0.180817985,2.040000,2
81.817270,0.180817985,2.020000,2
81.830915,0.180242743,2.000000,2
81.846460,0.180146869,1.980000,2
81.860595,0.180434490,1.960000,2
81.874433,0.180050995,1.940000,2
81.887954,0.180050995,1.920000,2
81.901129,0.179284005,1.900000,2
81.915709,0.179379878,1.880000,2
81.929273,0.178517014,1.860000,2
81.943812,0.178325267,1.840000,2
81.957351,0.178517014,1.820000,2
81.970898,0.178229393,1.800000,2
81.984418,0.177845898,1.780000,2
81.998157,0.177078907,1.760000,2
82.011773,0.177462402,1.740000,2
82.026266,0.177845898,1.720000,2
82.039960,0.176503664,1.700000,2
82.053931,0.176791286,1.680000,2
82.068163,0.176311917,1.660000,2
82.081903,0.175928422,1.640000,2
82.095189,0.175832548,1.620000,2
82.109111,0.176024295,1.600000,2
82.123170,0.175640800,1.580000,2
82.136865,0.175736674,1.560000,2
82.150992,0.175161431,1.540000,2
82.164995,0.175161431,1.520000,2
82.179328,0.174682062,1.500000,2
82.192611,0.174873810,1.480000,2
82.206416,0.173915072,1.460000,2
82.219839,0.173915072,1.440000,2
82.233690,0.174298567,1.420000,2
82.247078,0.174010946,1.400000,2
82.261344,0.174202693,1.380000,2
82.274918,0.173243955,1.360000,2
82.288394,0.173435703,1.340000,2
82.302132,0.172956334,1.320000,2
82.315667,0.173243955,1.300000,2
82.329437,0.173052208,1.280000,2
82.343523,0.172189343,1.260000,2
82.357197,0.172668712,1.240000,2
82.371293,0.171997596,1.220000,2
82.385153,0.171997596,1.200000,2
82.398508,0.172189343,1.180000,2
82.412291,0.171134732,1.160000,2
82.425911,0.170751236,1.140000,2
82.440225,0.171326479,1.120000,2
82.454317,0.170942984,1.100000,2
82.467780,0.170463615,1.080000,2
82.481593,0.170080120,1.060000,2
82.495530,0.169696625,1.040000,2
82.509700,0.169409003,1.020000,2
82.523015,0.169121382,1.000000,2
82.536692,0.169121382,0.980000,2
82.550484,0.168737887,0.960000,2
82.564369,0.168450265,0.940000,2
82.577982,0.167779149,0.920000,2
82.591746,0.167395653,0.900000,2
82.605618,0.166916284,0.880000,2
82.619227,0.166532789,0.860000,2
82.633638,0.166341042,0.840000,2
82.646912,0.165286430,0.820000,2
82.659899,0.164902935,0.800000,2
82.673055,0.164519440,0.780000,2
82.685927,0.163560702,0.760000,2
82.699711,0.162506090,0.740000,2
82.712945,0.162314342,0.720000,2
82.726248,0.161547352,0.700000,2
82.739413,0.160492740,0.680000,2
82.752640,0.160205119,0.660000,2
82.766118,0.158191769,0.640000,2
82.779893,0.157520652,0.620000,2
82.794048,0.156753662,0.600000,2
82.807574,0.155123807,0.580000,2
82.821069,0.153685700,0.560000,2
82.834930,0.153206331,0.540000,2
82.849020,0.151768224,0.520000,2
82.862812,0.151001234,0.500000,2
82.876656,0.150042496,0.480000,2
82.890391,0.148892010,0.460000,2
82.904210,0.147453903,0.440000,2
82.917936,0.146974534,0.420000,2
82.931882,0.145919922,0.400000,2
82.945715,0.145536427,0.380000,2
82.959578,0.145152932,0.360000,2
82.973092,0.145248806,0.340000,2
82.986617,0.144098320,0.320000,2
82.999719,0.143618951,0.300000,2
83.014113,0.143427204,0.280000,2
83.027514,0.142660213,0.260000,2
83.040872,0.142084970,0.240000,2
83.054757,0.141797349,0.220000,2
83.068483,0.140742737,0.200000,2
83.081753,0.140455116,0.180000,2
83.096747,0.140167494,0.160000,2
83.110521,0.140359242,0.140000,2
83.124368,0.139879873,0.120000,2
83.138474,0.139304630,0.100000,2
83.152374,0.138633514,0.080000,2
83.166094,0.138825261,0.060000,2
83.179895,0.137866523,0.040000,2
83.194268,0.137770650,0.020000,2
83.208055,0.136428416,0.000000,2
83.222224,0.136236669,0.000000,2
83.236655,0.136044921,-0.020000,2
83.250513,0.135182057,-0.040000,2
83.264183,0.134031571,-0.060000,2
83.278447,0.132785212,-0.080000,2
83.292007,0.131634726,-0.100000,2
83.306169,0.130100746,-0.120000,2
83.319824,0.126841036,-0.140000,2
83.333499,0.121472104,-0.160000,2
83.347188,0.101530353,-0.180000,2
83.360703,0.093381080,-0.200000,2
83.374219,0.093189333,-0.220000,2
83.387871,0.093764576,-0.240000,2
83.401675,0.093764576,-0.260000,2
83.415730,0.093764576,-0.280000,2
83.429490,0.092997585,-0.300000,2
83.443653,0.092805838,-0.320000,2
83.458539,0.092805838,-0.340000,2
83.472338,0.092518216,-0.360000,2
83.486062,0.091942973,-0.380000,2
83.499541,0.091559478,-0.400000,2
83.513217,0.090984235,-0.420000,2
83.526759,0.091559478,-0.440000,2
83.540439,0.090600740,-0.460000,2
83.554216,0.090408993,-0.480000,2
83.567935,0.089929624,-0.500000,2
83.581618,0.088970886,-0.520000,2
83.595663,0.088491517,-0.540000,2
83.609526,0.088108022,-0.560000,2
83.622904,0.087724526,-0.580000,2
83.636150,0.087436905,-0.600000,2
83.649886,0.086861662,-0.620000,2
83.663588,0.086478167,-0.640000,2
83.677311,0.085807050,-0.660000,2
83.691427,0.085231808,-0.680000,2
83.704687,0.085135934,-0.700000,2
83.718579,0.084081322,-0.720000,2
83.732292,0.082930836,-0.740000,2
83.746884,0.083122584,-0.760000,2
83.760293,0.082259720,-0.780000,2
83.774379,0.081300982,-0.800000,2
83.788089,0.081205108,-0.820000,2
83.801646,0.080725739,-0.840000,2
83.815641,0.080150496,-0.860000,2
83.829359,0.079767001,-0.880000,2
83.843767,0.079479380,-0.900000,2
83.857733,0.079287632,-0.920000,2
83.871760,0.079287632,-0.940000,2
83.885659,0.078904137,-0.960000,2
83.899994,0.078616515,-0.980000,2
83.914120,0.078041273,-1.000000,2
83.927671,0.077945399,-1.020000,2
83.941512,0.077753651,-1.040000,2
83.955760,0.077753651,-1.060000,2
83.969398,0.077370156,-1.080000,2
83.983463,0.077082535,-1.100000,2
83.997404,0.076507292,-1.120000,2
84.010918,0.076603166,-1.140000,2
84.024834,0.076411418,-1.160000,2
84.038529,0.075740301,-1.180000,2
84.052080,0.076315544,-1.200000,2
84.066153,0.075356806,-1.220000,2
84.080016,0.075356806,-1.240000,2
84.094060,0.074877437,-1.260000,2
84.108030,0.074493942,-1.280000,2
84.121716,0.074398068,-1.300000,2
84.135589,0.073726952,-1.320000,2
84.149989,0.073535204,-1.340000,2
84.163873,0.073439330,-1.360000,2
84.177665,0.073055835,-1.380000,2
84.191254,0.072672340,-1.400000,2
84.205552,0.072480592,-1.420000,2
84.219263,0.071617728,-1.440000,2
84.233349,0.071425980,-1.460000,2
84.247192,0.070946611,-1.480000,2
84.260989,0.070946611,-1.500000,2
84.275252,0.070563116,-1.520000,2
84.289127,0.070754864,-1.540000,2
84.303122,0.069892000,-1.560000,2
84.316601,0.069796126,-1.580000,2
84.330326,0.069604378,-1.600000,2
84.344456,0.069508504,-1.620000,2
84.358128,0.068358019,-1.640000,2
84.371891,0.068837388,-1.660000,2
84.385682,0.068933262,-1.680000,2
84.398985,0.068262145,-1.700000,2
84.412880,0.068262145,-1.720000,2
84.426741,0.068741514,-1.740000,2
84.440724,0.068741514,-1.760000,2
84.455391,0.068166271,-1.780000,2
84.469129,0.067591028,-1.800000,2
84.483049,0.067878650,-1.820000,2
84.497182,0.067686902,-1.840000,2
84.510703,0.067591028,-1.860000,2
84.524152,0.067591028,-1.880000,2
84.537791,0.067686902,-1.900000,2
84.551697,0.067399281,-1.920000,2
84.565041,0.067111659,-1.940000,2
84.578454,0.066919912,-1.960000,2
84.592908,0.066152921,-1.980000,2
84.606328,0.066152921,-2.000000,2
84.619919,0.066057048,-2.020000,2
84.633847,0.065769426,-2.040000,2
84.647969,0.065098310,-2.060000,2
84.661718,0.066057048,-2.080000,2
84.675193,0.064906562,-2.100000,2
84.689049,0.065194183,-2.120000,2
84.702421,0.064810688,-2.140000,2
84.715995,0.064618941,-2.160000,2
84.729922,0.064235445,-2.180000,2
84.743801,0.063851950,-2.200000,2
84.757440,0.064043698,-2.220000,2
84.771605,0.063756076,-2.240000,2
84.785130,0.063276708,-2.260000,2
84.798779,0.062701465,-2.280000,2
84.812906,0.062797339,-2.300000,2
84.827209,0.062701465,-2.320000,2
84.840663,0.062701465,-2.340000,2
84.854289,0.062701465,-2.360000,2
84.868229,0.061934474,-2.380000,2
84.881917,0.061646853,-2.400000,2
84.895255,0.061934474,-2.420000,2
84.909283,0.061071610,-2.440000,2
84.923397,0.061167484,-2.460000,2
84.937643,0.060688115,-2.480000,2
84.951331,0.060592241,-2.500000,2
84.964626,0.060112872,-2.520000,2
84.978930,0.059825251,-2.540000,2
84.992816,0.059633503,-2.560000,2
85.006877,0.059250008,-2.580000,2
85.020833,0.059250008,-2.600000,2
85.035091,0.058962387,-2.620000,2
85.048587,0.058866513,-2.640000,2
85.062243,0.058674765,-2.660000,2
85.075719,0.057811901,-2.680000,2
85.089332,0.057620153,-2.700000,2
85.102931,0.057236658,-2.720000,2
85.116589,0.057236658,-2.740000,2
85.130592,0.056661415,-2.760000,2
85.144204,0.057044911,-2.780000,2
85.157689,0.056182046,-2.800000,2
85.171941,0.056086173,-2.820000,2
85.185614,0.055894425,-2.840000,2
85.199229,0.055990299,-2.860000,2
85.213252,0.055319182,-2.880000,2
85.227123,0.055031561,-2.900000,2
85.240715,0.054839813,-2.920000,2
85.254079,0.054743939,-2.940000,2
85.267636,0.054072823,-2.960000,2
85.280931,0.053881075,-2.980000,2
85.294322,0.053497580,-3.000000,2
85.308481,0.053593454,-3.020000,2
85.322109,0.052826463,-3.040000,2
85.335970,0.052347094,-3.060000,2
85.349914,0.052634716,-3.080000,2
85.363683,0.051580104,-3.100000,2
85.377598,0.051675978,-3.120000,2
85.391348,0.051484230,-3.140000,2
85.404670,0.050813114,-3.160000,2
85.418449,0.050813114,-3.180000,2
85.432206,0.050333745,-3.200000,2
85.446094,0.050141997,-3.220000,2
85.460293,0.049470880,-3.240000,2
85.474332,0.049183259,-3.260000,2
85.488152,0.049183259,-3.280000,2
85.502528,0.048512142,-3.300000,2
85.517013,0.048416269,-3.320000,2
85.531026,0.047841026,-3.340000,2
85.544950,0.047841026,-3.360000,2
85.558740,0.047361657,-3.380000,2
85.572025,0.046882288,-3.400000,2
85.585728,0.046594666,-3.420000,2
85.599704,0.045923550,-3.440000,2
85.614586,0.045731802,-3.460000,2
85.627931,0.045827676,-3.480000,2
85.641826,0.044773064,-3.500000,2
85.655429,0.043910200,-3.520000,2
85.669261,0.043718452,-3.540000,2
85.683358,0.044101948,-3.560000,2
85.697632,0.043239083,-3.580000,2
85.710930,0.043047336,-3.600000,2
85.725062,0.042280345,-3.620000,2
85.738705,0.041800976,-3.640000,2
85.752036,0.041800976,-3.660000,2
85.765832,0.041321607,-3.680000,2
85.779117,0.041321607,-3.700000,2
85.792861,0.040650491,-3.720000,2
85.806423,0.040075248,-3.740000,2
85.820085,0.039787627,-3.760000,2
85.834187,0.039787627,-3.780000,2
85.848231,0.038924762,-3.800000,2
85.861647,0.038733015,-3.820000,2
85.875577,0.037966025,-3.840000,2
85.889237,0.037294908,-3.860000,2
85.903074,0.037678403,-3.880000,2
85.916800,0.037103160,-3.900000,2
85.931020,0.036623791,-3.920000,2
85.945616,0.035377432,-3.940000,2
85.959079,0.036048549,-3.960000,2
85.972811,0.035569180,-3.980000,2
85.986593,0.035377432,-4.000000,2
86.000344,0.034706315,-4.020000,2
86.013803,0.034514568,-4.040000,2
86.028114,0.033747577,-4.060000,2
86.041949,0.033364082,-4.080000,2
86.055812,0.032884713,-4.100000,2
86.069613,0.032501218,-4.120000,2
86.083064,0.032309470,-4.140000,2
86.096453,0.031830101,-4.160000,2
86.110007,0.031734228,-4.180000,2
86.124672,0.031254859,-4.200000,2
86.138380,0.030871363,-4.220000,2
86.151963,0.030775490,-4.240000,2
86.165729,0.030487868,-4.260000,2
86.179431,0.029720878,-4.280000,2
86.193003,0.029049761,-4.300000,2
86.207160,0.029049761,-4.320000,2
86.221827,0.028762140,-4.340000,2
86.235893,0.028282771,-4.360000,2
86.249847,0.027707528,-4.380000,2
86.263485,0.027419907,-4.400000,2
86.277521,0.027036411,-4.420000,2
86.291047,0.026940538,-4.440000,2
86.304410,0.026940538,-4.460000,2
86.318795,0.026365295,-4.480000,2
86.332463,0.026269421,-4.500000,2
86.346396,0.025694178,-4.520000,2
86.359492,0.025502431,-4.540000,2
86.373894,0.025023062,-4.560000,2
86.387610,0.024447819,-4.580000,2
86.402034,0.024351945,-4.600000,2
86.415381,0.024735440,-4.620000,2
86.429011,0.024160197,-4.640000,2
86.443175,0.023393207,-4.660000,2
86.456511,0.023393207,-4.680000,2
86.470640,0.022722090,-4.700000,2
86.484371,0.022434469,-4.720000,2
86.498570,0.022146848,-4.740000,2
86.511910,0.022242721,-4.760000,2
86.526007,0.021763352,-4.780000,2
86.540052,0.021379857,-4.800000,2
86.553354,0.020996362,-4.820000,2
86.567019,0.020900488,-4.840000,2
86.580889,0.020612867,-4.860000,2
86.594374,0.019941750,-4.880000,2
86.608997,0.020037624,-4.900000,2
86.624761,0.019462381,-4.920000,2
86.638167,0.019366507,-4.940000,2
86.652592,0.018695391,-4.960000,2
86.666535,0.018599517,-4.980000,2
86.680441,0.018120148,-5.000000,2
86.694606,0.018216022,-5.020000,2
86.708694,0.017640779,-5.040000,2
86.722631,0.017065536,-5.060000,2
86.737563,0.017161410,-5.080000,2
86.750888,0.016969662,-5.100000,2
86.764576,0.016202672,-5.120000,2
86.778637,0.015627429,-5.140000,2
86.792146,0.015723303,-5.160000,2
86.805736,0.015435682,-5.180000,2
86.819785,0.014860439,-5.200000,2
86.833726,0.015243934,-5.220000,2
86.847533,0.014668691,-5.240000,2
86.861914,0.013997575,-5.260000,2
86.875985,0.013805827,-5.280000,2
86.889285,0.013805827,-5.300000,2
86.903162,0.013230584,-5.320000,2
86.916709,0.013326458,-5.340000,2
86.930741,0.012367720,-5.360000,2
86.944458,0.012367720,-5.380000,2
86.958872,0.011792477,-5.400000,2
86.972881,0.011504856,-5.420000,2
86.986643,0.011696604,-5.440000,2
86.999945,0.011217235,-5.460000,2
87.013657,0.011313108,-5.480000,2
87.027183,0.010450244,-5.500000,2
87.041807,0.010066749,-5.520000,2
87.055833,0.009779128,-5.540000,2
87.069536,0.009587380,-5.560000,2
87.083185,0.009012137,-5.580000,2
87.097326,0.008628642,-5.600000,2
87.110869,0.008436894,-5.620000,2
87.124450,0.008341021,-5.640000,2
87.139174,0.007574030,-5.660000,2
87.152732,0.007765778,-5.680000,2
87.167217,0.006998787,-5.700000,2
87.181682,0.006615292,-5.720000,2
87.195387,0.006423545,-5.740000,2
87.208989,0.006327671,-5.760000,2
87.222727,0.006040049,-5.780000,2
87.236289,0.005944176,-5.800000,2
87.250275,0.005752428,-5.820000,2
87.263809,0.005081311,-5.840000,2
87.277432,0.004601942,-5.860000,2
87.291123,0.004410195,-5.880000,2
87.305244,0.004026700,-5.900000,2
87.318888,0.004314321,-5.920000,2
87.332868,0.003451457,-5.940000,2
87.347112,0.003067962,-5.960000,2
87.360641,0.003451457,-5.980000,2
87.374480,0.002684466,-6.000000,2
87.388451,0.002780340,-6.020000,2
87.401960,0.002300971,-6.040000,2
87.415555,0.002588593,-6.060000,2
87.429152,0.002109224,-6.080000,2
87.443628,0.001821602,-6.100000,2
87.457181,0.001725728,-6.120000,2
87.470976,0.001438107,-6.140000,2
87.484725,0.000766990,-6.160000,2
87.498513,0.001342233,-6.180000,2
87.511792,0.000575243,-6.200000,2
87.526039,0.000287621,-6.220000,2
87.539459,-0.000095874,-6.240000,2
87.552080,-0.000287621,-6.260000,2
87.565832,-0.000095874,-6.280000,2
87.580662,-0.000383495,-6.300000,2
87.594574,-0.000383495,-6.320000,2
87.608574,-0.000766990,-6.340000,2
87.622509,-0.000862864,-6.360000,2
87.636602,-0.001533981,-6.380000,2
87.650132,-0.001533981,-6.400000,2
87.662913,-0.001917476,-6.420000,2
87.675740,-0.001438107,-6.440000,2
87.688567,-0.002205097,-6.460000,2
87.701430,-0.001725728,-6.480000,2
87.715541,-0.002205097,-6.500000,2
87.729337,-0.002780340,-6.520000,2
87.743427,-0.003259709,-6.540000,2
87.756877,-0.003259709,-6.560000,2
87.770768,-0.003547331,-6.580000,2
87.784669,-0.003451457,-6.600000,2
87.798304,-0.003739078,-6.620000,2
87.812385,-0.004026700,-6.640000,2
87.826566,-0.004026700,-6.660000,2
87.840421,-0.004506069,-6.680000,2
87.853938,-0.004793690,-6.700000,2
87.867966,-0.004889564,-6.720000,2
87.882220,-0.005560680,-6.740000,2
87.896274,-0.005752428,-6.760000,2
87.910242,-0.005560680,-6.780000,2
87.924040,-0.005752428,-6.800000,2
87.937523,-0.006135923,-6.820000,2
87.951224,-0.006327671,-6.840000,2
87.965502,-0.006615292,-6.860000,2
87.979398,-0.006519418,-6.880000,2
87.992740,-0.006902914,-6.900000,2
88.006591,-0.007478156,-6.920000,2
88.020051,-0.007574030,-6.940000,2
88.034455,-0.007478156,-6.960000,2
88.048505,-0.007861652,-6.980000,2
88.062617,-0.008149273,-7.000000,2
88.076529,-0.008436894,-7.020000,2
88.090627,-0.008436894,-7.040000,2
88.104846,-0.008628642,-7.060000,2
88.118295,-0.008916263,-7.080000,2
88.131616,-0.009108011,-7.100000,2
88.145221,-0.009108011,-7.120000,2
88.159557,-0.009587380,-7.140000,2
88.174154,-0.009395632,-7.160000,2
88.187669,-0.010354370,-7.180000,2
88.201234,-0.010354370,-7.200000,2
88.214599,-0.010737866,-7.220000,2
88.228364,-0.010929613,-7.240000,2
88.242196,-0.011313108,-7.260000,2
88.255910,-0.011121361,-7.280000,2
88.269775,-0.011408982,-7.300000,2
88.283859,-0.011696604,-7.320000,2
88.297303,-0.011888351,-7.340000,2
88.310774,-0.011696604,-7.360000,2
88.324423,-0.011984225,-7.380000,2
88.338071,-0.012367720,-7.400000,2
88.351468,-0.012463594,-7.420000,2
88.365714,-0.012751215,-7.440000,2
88.379713,-0.013134710,-7.460000,2
88.393712,-0.013518206,-7.480000,2
88.407532,-0.013614079,-7.500000,2
88.420886,-0.013709953,-7.520000,2
88.434618,-0.014285196,-7.540000,2
88.449132,-0.014476944,-7.560000,2
88.462775,-0.014668691,-7.580000,2
88.476190,-0.014764565,-7.600000,2
88.490429,-0.015435682,-7.620000,2
88.504593,-0.014956313,-7.640000,2
88.518384,-0.015435682,-7.660000,2
88.532322,-0.015915051,-7.680000,2
88.546560,-0.015819177,-7.700000,2
88.560613,-0.016298546,-7.720000,2
88.574480,-0.016969662,-7.740000,2
88.588133,-0.016682041,-7.760000,2
88.602783,-0.017353158,-7.780000,2
88.616485,-0.017353158,-7.800000,2
88.630471,-0.017928400,-7.820000,2
88.643999,-0.018120148,-7.840000,2
88.658098,-0.018407769,-7.860000,2
88.671434,-0.018791265,-7.880000,2
88.685160,-0.018503643,-7.900000,2
88.698682,-0.019270634,-7.920000,2
88.713048,-0.019845876,-7.940000,2
88.727054,-0.019750003,-7.960000,2
88.740471,-0.020037624,-7.980000,2
88.754480,-0.020421119,-8.000000,2
88.767856,-0.020900488,-8.020000,2
88.781608,-0.021379857,-8.040000,2
88.794960,-0.021667479,-8.060000,2
88.808630,-0.022050974,-8.080000,2
88.822515,-0.022817964,-8.100000,2
88.836127,-0.022434469,-8.120000,2
88.850376,-0.023297333,-8.140000,2
88.863748,-0.023201459,-8.160000,2
88.877589,-0.023584955,-8.180000,2
88.891520,-0.023872576,-8.200000,2
88.904462,-0.023968450,-8.220000,2
88.919060,-0.024639566,-8.240000,2
88.932876,-0.024447819,-8.260000,2
88.947168,-0.025694178,-8.280000,2
88.960442,-0.025406557,-8.300000,2
88.974240,-0.025981800,-8.320000,2
88.988016,-0.026365295,-8.340000,2
89.002391,-0.026844664,-8.360000,2
89.016382,-0.027611654,-8.380000,2
89.030273,-0.027611654,-8.400000,2
89.043832,-0.027995149,-8.420000,2
89.057674,-0.028474518,-8.440000,2
89.071062,-0.029049761,-8.460000,2
89.085155,-0.029241509,-8.480000,2
89.098894,-0.029720878,-8.500000,2
89.112509,-0.029720878,-8.520000,2
89.125779,-0.030487868,-8.540000,2
89.140244,-0.031158985,-8.560000,2
89.154055,-0.031158985,-8.580000,2
89.168159,-0.031734228,-8.600000,2
89.182229,-0.032117723,-8.620000,2
89.195911,-0.032501218,-8.640000,2
89.210732,-0.033172335,-8.660000,2
89.224036,-0.033172335,-8.680000,2
89.237636,-0.033651704,-8.700000,2
89.251690,-0.034131073,-8.720000,2
89.265249,-0.034322820,-8.740000,2
89.279341,-0.035185684,-8.760000,2
89.293175,-0.035281558,-8.780000,2
89.307335,-0.035281558,-8.800000,2
89.321396,-0.036240296,-8.820000,2
89.335246,-0.036240296,-8.840000,2
89.349544,-0.036719665,-8.860000,2
89.363225,-0.036719665,-8.880000,2
89.376764,-0.037774277,-8.900000,2
89.391287,-0.037870151,-8.920000,2
89.404871,-0.037582529,-8.940000,2
89.418483,-0.038157772,-8.960000,2
89.432341,-0.038541267,-8.980000,2
89.445970,-0.038924762,-9.000000,2
89.459364,-0.039404131,-9.020000,2
89.472987,-0.039595879,-9.040000,2
89.487023,-0.039691753,-9.060000,2
89.501933,-0.040458743,-9.080000,2
89.515259,-0.040362869,-9.100000,2
89.529377,-0.041225734,-9.120000,2
89.543315,-0.041321607,-9.140000,2
89.556870,-0.041800976,-9.160000,2
89.570449,-0.041705103,-9.180000,2
89.584265,-0.042088598,-9.200000,2
89.598606,-0.042088598,-9.220000,2
89.612273,-0.042376219,-9.240000,2
89.626034,-0.042663841,-9.260000,2
89.640467,-0.043239083,-9.280000,2
89.653883,-0.043047336,-9.300000,2
89.667197,-0.043718452,-9.320000,2
89.680894,-0.043814326,-9.340000,2
89.694777,-0.044006074,-9.360000,2
89.708652,-0.044485443,-9.380000,2
89.722534,-0.044868938,-9.400000,2
89.736828,-0.044868938,-9.420000,2
89.750765,-0.045252433,-9.440000,2
89.764316,-0.045444181,-9.460000,2
89.778296,-0.046019424,-9.480000,2
89.792315,-0.046211171,-9.500000,2
89.806217,-0.046594666,-9.520000,2
89.820190,-0.046498793,-9.540000,2
89.834020,-0.046498793,-9.560000,2
89.848086,-0.047361657,-9.580000,2
89.862212,-0.047553404,-9.600000,2
89.875784,-0.047745152,-9.620000,2
89.889946,-0.048032773,-9.640000,2
89.903786,-0.047936900,-9.660000,2
89.917542,-0.047841026,-9.680000,2
89.931092,-0.048608016,-9.700000,2
89.944795,-0.048416269,-9.720000,2
89.958809,-0.048991511,-9.740000,2
89.972454,-0.048608016,-9.760000,2
89.986573,-0.049087385,-9.780000,2
89.999897,-0.049470880,-9.800000,2
90.014156,-0.049662628,-9.820000,2
90.027912,-0.049758502,-9.840000,2
90.042084,-0.049950249,-9.860000,2
90.056746,-0.050333745,-9.880000,2
90.070322,-0.050333745,-9.900000,2
90.084216,-0.050717240,-9.920000,2
90.098294,-0.050908987,-9.940000,2
90.112225,-0.050813114,-9.960000,2
90.126222,-0.051388356,-9.980000,2
90.140568,-0.051580104,-10.000000,2
90.154079,-0.051484230,-10.020000,2
90.168250,-0.052155347,-10.040000,2
90.182428,-0.052442968,-10.060000,2
90.195969,-0.052538842,-10.080000,2
90.209735,-0.052730590,-10.100000,2
90.223821,-0.053401706,-10.120000,2
90.238111,-0.053018211,-10.140000,2
90.251924,-0.053401706,-10.160000,2
90.265852,-0.053497580,-10.180000,2
90.280124,-0.053976949,-10.200000,2
90.293521,-0.054456318,-10.220000,2
90.307124,-0.054552192,-10.240000,2
90.321242,-0.054456318,-10.260000,2
90.335166,-0.054360444,-10.280000,2
90.348591,-0.055031561,-10.300000,2
90.362105,-0.055223308,-10.320000,2
90.376000,-0.055606804,-10.340000,2
90.389275,-0.055702677,-10.360000,2
90.402813,-0.055894425,-10.380000,2
90.416963,-0.056373794,-10.400000,2
90.430706,-0.056853163,-10.420000,2
90.444467,-0.056565542,-10.440000,2
90.458102,-0.056757289,-10.460000,2
90.472419,-0.056565542,-10.480000,2
90.485945,-0.057428406,-10.500000,2
90.499664,-0.057811901,-10.520000,2
90.514235,-0.057907775,-10.540000,2
90.527679,-0.058099522,-10.560000,2
90.541590,-0.058387144,-10.580000,2
90.555811,-0.058387144,-10.600000,2
90.569799,-0.059154134,-10.620000,2
90.583467,-0.059537629,-10.640000,2
90.597305,-0.059537629,-10.660000,2
90.611678,-0.059537629,-10.680000,2
90.625307,-0.059633503,-10.700000,2
90.638784,-0.059729377,-10.720000,2
90.652636,-0.059921125,-10.740000,2
90.667796,-0.060496367,-10.760000,2
90.681428,-0.060688115,-10.780000,2
90.695186,-0.061071610,-10.800000,2
90.708565,-0.061646853,-10.820000,2
90.722111,-0.061550979,-10.840000,2
90.736206,-0.062126222,-10.860000,2
90.750121,-0.062126222,-10.880000,2
90.763972,-0.061934474,-10.900000,2
90.778854,-0.062605591,-10.920000,2
90.792484,-0.062989086,-10.940000,2
90.806437,-0.063660203,-10.960000,2
90.820161,-0.063756076,-10.980000,2
90.834048,-0.063756076,-11.000000,2
90.848074,-0.064331319,-11.020000,2
90.861655,-0.064810688,-11.040000,2
90.875333,-0.064810688,-11.060000,2
90.889081,-0.064714814,-11.080000,2
90.902862,-0.065577679,-11.100000,2
90.916839,-0.065385931,-11.120000,2
90.930984,-0.065865300,-11.140000,2
90.944647,-0.066248795,-11.160000,2
90.958433,-0.066440543,-11.180000,2
90.972312,-0.066248795,-11.200000,2
90.986720,-0.067111659,-11.220000,2
91.000894,-0.067111659,-11.240000,2
91.014069,-0.067303407,-11.260000,2
91.027748,-0.067686902,-11.280000,2
91.041621,-0.068358019,-11.300000,2
91.055894,-0.068837388,-11.320000,2
91.069058,-0.068837388,-11.340000,2
91.083499,-0.069029135,-11.360000,2
91.097348,-0.069220883,-11.380000,2
91.111191,-0.069508504,-11.400000,2
91.125296,-0.070179621,-11.420000,2
91.139088,-0.070563116,-11.440000,2
91.152726,-0.070946611,-11.460000,2
91.166499,-0.071042485,-11.480000,2
91.180072,-0.071042485,-11.500000,2
91.193594,-0.071234233,-11.520000,2
91.206887,-0.071617728,-11.540000,2
91.220594,-0.071809476,-11.560000,2
91.234366,-0.072384718,-11.580000,2
91.248159,-0.073055835,-11.600000,2
91.262321,-0.072768214,-11.620000,2
91.275997,-0.072864087,-11.640000,2
91.289519,-0.073535204,-11.660000,2
91.303090,-0.073535204,-11.680000,2
91.316447,-0.074302194,-11.700000,2
91.330555,-0.074110447,-11.720000,2
91.343877,-0.074973311,-11.740000,2
91.357960,-0.075069185,-11.760000,2
91.371348,-0.075069185,-11.780000,2
91.385185,-0.075452680,-11.800000,2
91.399339,-0.076123797,-11.820000,2
91.412941,-0.076219670,-11.840000,2
91.426656,-0.076507292,-11.860000,2
91.440105,-0.076507292,-11.880000,2
91.453971,-0.076986661,-11.900000,2
91.467826,-0.076986661,-11.920000,2
91.482517,-0.077274282,-11.940000,2
91.496866,-0.077753651,-11.960000,2
91.510536,-0.078041273,-11.980000,2
91.524409,-0.077945399,-12.000000,2
91.538053,-0.078137146,-12.020000,2
91.551711,-0.078904137,-12.040000,2
91.565024,-0.079000011,-12.060000,2
91.578714,-0.079287632,-12.080000,2
91.593235,-0.079767001,-12.100000,2
91.607425,-0.079862875,-12.120000,2
91.621299,-0.080150496,-12.140000,2
91.635301,-0.080054622,-12.160000,2
91.649120,-0.080629865,-12.180000,2
91.663228,-0.081109234,-12.200000,2
91.676742,-0.081396856,-12.220000,2
91.690918,-0.082163846,-12.240000,2
91.704555,-0.081876225,-12.260000,2
91.718086,-0.081972098,-12.280000,2
91.732364,-0.082547341,-12.300000,2
91.746202,-0.082451467,-12.320000,2
91.760487,-0.082739089,-12.340000,2
91.775167,-0.082930836,-12.360000,2
91.788911,-0.083314332,-12.380000,2
91.803062,-0.084081322,-12.400000,2
91.816329,-0.083889574,-12.420000,2
91.830371,-0.084081322,-12.440000,2
91.843979,-0.084368943,-12.460000,2
91.857415,-0.084464817,-12.480000,2
91.871943,-0.084752439,-12.500000,2
91.885909,-0.085040060,-12.520000,2
91.899230,-0.085615303,-12.540000,2
91.912733,-0.085519429,-12.560000,2
91.926235,-0.085327681,-12.580000,2
91.940323,-0.085711177,-12.600000,2
91.954371,-0.085998798,-12.620000,2
91.968465,-0.086478167,-12.640000,2
91.981884,-0.086382293,-12.660000,2
91.995201,-0.086861662,-12.680000,2
92.009157,-0.087053410,-12.700000,2
92.022563,-0.087053410,-12.720000,2
92.036874,-0.087436905,-12.740000,2
92.050287,-0.087724526,-12.760000,2
92.064164,-0.088491517,-12.780000,2
92.077952,-0.087916274,-12.800000,2
92.091612,-0.088779138,-12.820000,2
92.106598,-0.088875012,-12.840000,2
92.120347,-0.089162633,-12.860000,2
92.133973,-0.089066759,-12.880000,2
92.147850,-0.089162633,-12.900000,2
92.161922,-0.089546128,-12.920000,2
92.175412,-0.089546128,-12.940000,2
92.189916,-0.090408993,-12.960000,2
92.203821,-0.090792488,-12.980000,2
92.217895,-0.091271857,-13.000000,2
92.231740,-0.091271857,-13.020000,2
92.245734,-0.091175983,-13.040000,2
92.259827,-0.091559478,-13.060000,2
92.273773,-0.091463604,-13.080000,2
92.287888,-0.092230595,-13.100000,2
92.301850,-0.092614090,-13.120000,2
92.315605,-0.092230595,-13.140000,2
92.329151,-0.092901711,-13.160000,2
92.342806,-0.093093459,-13.180000,2
92.356527,-0.093093459,-13.200000,2
92.370183,-0.093572828,-13.220000,2
92.384025,-0.093572828,-13.240000,2
92.398046,-0.094052197,-13.260000,2
92.411795,-0.094339818,-13.280000,2
92.425354,-0.094531566,-13.300000,2
92.438709,-0.095490304,-13.320000,2
92.452437,-0.095490304,-13.340000,2
92.466103,-0.095682052,-13.360000,2
92.479733,-0.096257294,-13.380000,2
92.493733,-0.096832537,-13.400000,2
92.507185,-0.096640790,-13.420000,2
92.520667,-0.097503654,-13.440000,2
92.534812,-0.097216032,-13.460000,2
92.549278,-0.097216032,-13.480000,2
92.562903,-0.098270644,-13.500000,2
92.576788,-0.098174770,-13.520000,2
92.590541,-0.098366518,-13.540000,2
92.604366,-0.098845887,-13.560000,2
92.619072,-0.098750013,-13.580000,2
92.633330,-0.099900499,-13.600000,2
92.646621,-0.100092246,-13.620000,2
92.659622,-0.100763363,-13.640000,2
92.672782,-0.100571615,-13.660000,2
92.685783,-0.101242732,-13.680000,2
92.698993,-0.101434480,-13.700000,2
92.712863,-0.102009722,-13.720000,2
92.726624,-0.102297344,-13.740000,2
92.740270,-0.102968460,-13.760000,2
92.753171,-0.103064334,-13.780000,2
92.766701,-0.103160208,-13.800000,2
92.780475,-0.103639577,-13.820000,2
92.794338,-0.104598315,-13.840000,2
92.808320,-0.104981810,-13.860000,2
92.822803,-0.105461179,-13.880000,2
92.836381,-0.105652927,-13.900000,2
92.849960,-0.105940548,-13.920000,2
92.863546,-0.106515791,-13.940000,2
92.877968,-0.107091034,-13.960000,2
92.891551,-0.107378655,-13.980000,2
92.905577,-0.108145646,-14.000000,2
92.919843,-0.108625015,-14.020000,2
92.932793,-0.108720888,-14.040000,2
92.946606,-0.109296131,-14.060000,2
92.960119,-0.109871374,-14.080000,2
92.973716,-0.109871374,-14.100000,2
92.987804,-0.110734238,-14.120000,2
93.001306,-0.111405355,-14.140000,2
93.015448,-0.112268219,-14.160000,2
93.029317,-0.112172345,-14.180000,2
93.042844,-0.112651714,-14.200000,2
93.056125,-0.113131083,-14.220000,2
93.070144,-0.113514578,-14.240000,2
93.083463,-0.114185695,-14.260000,2
93.097239,-0.114856811,-14.280000,2
93.110779,-0.115336180,-14.300000,2
93.124253,-0.115336180,-14.320000,2
93.138123,-0.115815549,-14.340000,2
93.152003,-0.116870161,-14.360000,2
93.165971,-0.116870161,-14.380000,2
93.179521,-0.117253656,-14.400000,2
93.193264,-0.118212394,-14.420000,2
93.207465,-0.118787637,-14.440000,2
93.221797,-0.119362880,-14.460000,2
93.235754,-0.119267006,-14.480000,2
93.249597,-0.120129870,-14.500000,2
93.263551,-0.120417492,-14.520000,2
93.277395,-0.121088608,-14.540000,2
93.291991,-0.121663851,-14.560000,2
93.305305,-0.121855599,-14.580000,2
93.319516,-0.122430842,-14.600000,2
93.333430,-0.122814337,-14.620000,2
93.346985,-0.123293706,-14.640000,2
93.361757,-0.123773075,-14.660000,2
93.375399,-0.124444191,-14.680000,2
93.389349,-0.124444191,-14.700000,2
93.403459,-0.125211182,-14.720000,2
93.417394,-0.125594677,-14.740000,2
93.431003,-0.125882298,-14.760000,2
93.444846,-0.126361667,-14.780000,2
93.458614,-0.126841036,-14.800000,2
93.472274,-0.127224532,-14.820000,2
93.485765,-0.127608027,-14.840000,2
93.500084,-0.127703901,-14.860000,2
93.513800,-0.128662639,-14.880000,2
93.527609,-0.128470891,-14.900000,2
93.541152,-0.129142008,-14.920000,2
93.555271,-0.129525503,-14.940000,2
93.569307,-0.130100746,-14.960000,2
93.583818,-0.130484241,-14.980000,2
93.598651,-0.131155357,-15.000000,2
93.612514,-0.131538853,-15.020000,2
93.626705,-0.132209969,-15.040000,2
93.640381,-0.132593464,-15.060000,2
93.654495,-0.133168707,-15.080000,2
93.667894,-0.133360455,-15.100000,2
93.682268,-0.133264581,-15.120000,2
93.695601,-0.134510940,-15.140000,2
93.708814,-0.134510940,-15.160000,2
93.722743,-0.135182057,-15.180000,2
93.736527,-0.134894436,-15.200000,2
93.750994,-0.136140795,-15.220000,2
93.764382,-0.136332543,-15.240000,2
93.777705,-0.136811912,-15.260000,2
93.791065,-0.136716038,-15.280000,2
93.805799,-0.137483028,-15.300000,2
93.820198,-0.138537640,-15.320000,2
93.833514,-0.138633514,-15.340000,2
93.847874,-0.139208757,-15.360000,2
93.861835,-0.139592252,-15.380000,2
93.875343,-0.139688125,-15.400000,2
93.889037,-0.140646863,-15.420000,2
93.902767,-0.140550990,-15.440000,2
93.916696,-0.141413854,-15.460000,2
93.930116,-0.141893223,-15.480000,2
93.943785,-0.142276718,-15.500000,2
93.957908,-0.142756087,-15.520000,2
93.971704,-0.143523077,-15.540000,2
93.985658,-0.144098320,-15.560000,2
93.999534,-0.144769437,-15.580000,2
94.013857,-0.145248806,-15.600000,2
94.027400,-0.146015796,-15.620000,2
94.041399,-0.146207544,-15.640000,2
94.055752,-0.146399291,-15.660000,2
94.069251,-0.147262156,-15.680000,2
94.082903,-0.147741525,-15.700000,2
94.097321,-0.148796136,-15.720000,2
94.111079,-0.149371379,-15.740000,2
94.124577,-0.150138370,-15.760000,2
94.138879,-0.150713612,-15.780000,2
94.152428,-0.151288855,-15.800000,2
94.166164,-0.151959972,-15.820000,2
94.179981,-0.152726962,-15.840000,2
94.193722,-0.153110457,-15.860000,2
94.207722,-0.153877448,-15.880000,2
94.220806,-0.154165069,-15.900000,2
94.234367,-0.154836186,-15.920000,2
94.248853,-0.155794924,-15.940000,2
94.263424,-0.155890798,-15.960000,2
94.277296,-0.156561914,-15.980000,2
94.290983,-0.157137157,-16.000000,2
94.305748,-0.158095895,-16.020000,2
94.319340,-0.158383516,-16.040000,2
94.332980,-0.159054633,-16.060000,2
94.346741,-0.159534002,-16.080000,2
94.360297,-0.159917497,-16.100000,2
94.374039,-0.160205119,-16.120000,2
94.388106,-0.160300992,-16.140000,2
94.401810,-0.161355604,-16.160000,2
94.415424,-0.161834973,-16.180000,2
94.429531,-0.162122595,-16.200000,2
94.442809,-0.162601964,-16.220000,2
94.456012,-0.162697837,-16.240000,2
94.469594,-0.163177206,-16.260000,2
94.483249,-0.163752449,-16.280000,2
94.496755,-0.164040071,-16.300000,2
94.510306,-0.164135944,-16.320000,2
94.524431,-0.164807061,-16.340000,2
94.538268,-0.165190556,-16.360000,2
94.551934,-0.165286430,-16.380000,2
94.565871,-0.165957546,-16.400000,2
94.579733,-0.166245168,-16.420000,2
94.593576,-0.166149294,-16.440000,2
94.607080,-0.166628663,-16.460000,2
94.620829,-0.166820411,-16.480000,2
94.634290,-0.167491527,-16.500000,2
94.648101,-0.167779149,-16.520000,2
94.661966,-0.167970896,-16.540000,2
94.676244,-0.168354391,-16.560000,2
94.689561,-0.168929634,-16.580000,2
94.703476,-0.169217256,-16.600000,2
94.716693,-0.169313129,-16.620000,2
94.730093,-0.169504877,-16.640000,2
94.743904,-0.170559489,-16.660000,2
94.757503,-0.170271867,-16.680000,2
94.770824,-0.170463615,-16.700000,2
94.784664,-0.170463615,-16.720000,2
94.798461,-0.170847110,-16.740000,2
94.812815,-0.171134732,-16.760000,2
94.826527,-0.171422353,-16.780000,2
94.839880,-0.171997596,-16.800000,2
94.853834,-0.171901722,-16.820000,2
94.867902,-0.172285217,-16.840000,2
94.881018,-0.172572839,-16.860000,2
94.894704,-0.172764586,-16.880000,2
94.908443,-0.172860460,-16.900000,2
94.922159,-0.173435703,-16.920000,2
94.937094,-0.173627450,-16.940000,2
94.950649,-0.173819198,-16.960000,2
94.963986,-0.173531577,-16.980000,2
94.978092,-0.174202693,-17.000000,2
94.991596,-0.174777936,-17.020000,2
95.005063,-0.174682062,-17.040000,2
95.018853,-0.174969684,-17.060000,2
95.033015,-0.175640800,-17.080000,2
95.046696,-0.175736674,-17.100000,2
95.060346,-0.175736674,-17.120000,2
95.073864,-0.176024295,-17.140000,2
95.087953,-0.176024295,-17.160000,2
95.101489,-0.176503664,-17.180000,2
95.115728,-0.176791286,-17.200000,2
95.129927,-0.177078907,-17.220000,2
95.143565,-0.177174781,-17.240000,2
95.157145,-0.177558276,-17.260000,2
95.170865,-0.177845898,-17.280000,2
95.184458,-0.178037645,-17.300000,2
95.198043,-0.178229393,-17.320000,2
95.211743,-0.178421140,-17.340000,2
95.226403,-0.178804636,-17.360000,2
95.240065,-0.178804636,-17.380000,2
95.253778,-0.179475752,-17.400000,2
95.267658,-0.179571626,-17.420000,2
95.281354,-0.179859247,-17.440000,2
95.295068,-0.180146869,-17.460000,2
95.308634,-0.180338616,-17.480000,2
95.322521,-0.180146869,-17.500000,2
95.335813,-0.180338616,-17.520000,2
95.349758,-0.180817985,-17.540000,2
95.363810,-0.181105607,-17.560000,2
95.377623,-0.180722112,-17.580000,2
95.391301,-0.181393228,-17.600000,2
95.405104,-0.181680850,-17.620000,2
95.418723,-0.182160219,-17.640000,2
95.432461,-0.181872597,-17.660000,2
95.446200,-0.182639588,-17.680000,2
95.460578,-0.182256092,-17.700000,2
95.474730,-0.183118957,-17.720000,2
95.488307,-0.182831335,-17.740000,2
95.501764,-0.183214830,-17.760000,2
95.515705,-0.183790073,-17.780000,2
95.529605,-0.184077695,-17.800000,2
95.544089,-0.184461190,-17.820000,2
95.557811,-0.184365316,-17.840000,2
95.571152,-0.184557064,-17.860000,2
95.584996,-0.185132306,-17.880000,2
95.598564,-0.184557064,-17.900000,2
95.612606,-0.185228180,-17.920000,2
95.626408,-0.184940559,-17.940000,2
95.640280,-0.185324054,-17.960000,2
95.653887,-0.185419928,-17.980000,2
95.667621,-0.185611675,-18.000000,2
95.681169,-0.185995171,-18.020000,2
95.694954,-0.186570413,-18.040000,2
95.708960,-0.186378666,-18.060000,2
95.722447,-0.186474540,-18.080000,2
95.736086,-0.186570413,-18.100000,2
95.750098,-0.187145656,-18.120000,2
95.763697,-0.187337404,-18.140000,2
95.777613,-0.187529151,-18.160000,2
95.791506,-0.187720899,-18.180000,2
95.805064,-0.187720899,-18.200000,2
95.818973,-0.188392016,-18.220000,2
95.833311,-0.188104394,-18.240000,2
95.847212,-0.188392016,-18.260000,2
95.860966,-0.188583763,-18.280000,2
95.875122,-0.188487889,-18.300000,2
95.888818,-0.188967258,-18.320000,2
95.903001,-0.189350754,-18.340000,2
95.917192,-0.189542501,-18.360000,2
95.930755,-0.189734249,-18.380000,2
95.944213,-0.189925996,-18.400000,2
95.958302,-0.189830123,-18.420000,2
95.971815,-0.190021870,-18.440000,2
95.985955,-0.190213618,-18.460000,2
95.999667,-0.190692987,-18.480000,2
96.013306,-0.190884734,-18.500000,2
96.026968,-0.191076482,-18.520000,2
96.041031,-0.191172356,-18.540000,2
96.054840,-0.190788860,-18.560000,2
96.068609,-0.191172356,-18.580000,2
96.082835,-0.191172356,-18.600000,2
96.096624,-0.191651725,-18.620000,2
96.110491,-0.191747598,-18.640000,2
96.124734,-0.191843472,-18.660000,2
96.138400,-0.191843472,-18.680000,2
96.152654,-0.192226967,-18.700000,2
96.166026,-0.192418715,-18.720000,2
96.180244,-0.192322841,-18.740000,2
96.193798,-0.192514589,-18.760000,2
96.207268,-0.192802210,-18.780000,2
96.221537,-0.193089832,-18.800000,2
96.234679,-0.193089832,-18.820000,2
96.248439,-0.193185705,-18.840000,2
96.262511,-0.193569201,-18.860000,2
96.275790,-0.193760948,-18.880000,2
96.289367,-0.193856822,-18.900000,2
96.302958,-0.193665074,-18.920000,2
96.316725,-0.194336191,-18.940000,2
96.330525,-0.193952696,-18.960000,2
96.344838,-0.194623812,-18.980000,2
96.358650,-0.195007308,-19.000000,2
96.372401,-0.194527939,-19.020000,2
96.386146,-0.195390803,-19.040000,2
96.399763,-0.195007308,-19.060000,2
96.414186,-0.195294929,-19.080000,2
96.428321,-0.195199055,-19.100000,2
96.441526,-0.195294929,-19.120000,2
96.455181,-0.195870172,-19.140000,2
96.468975,-0.195582550,-19.160000,2
96.482474,-0.196157793,-19.180000,2
96.496427,-0.195774298,-19.200000,2
96.510271,-0.196061919,-19.220000,2
96.524354,-0.196349541,-19.240000,2
96.537962,-0.196541288,-19.260000,2
96.551728,-0.196733036,-19.280000,2
96.565954,-0.196541288,-19.300000,2
96.579853,-0.197020657,-19.320000,2
96.593823,-0.197212405,-19.340000,2
96.607423,-0.197787648,-19.360000,2
96.621022,-0.197500026,-19.380000,2
96.634291,-0.197500026,-19.400000,2
96.648290,-0.197691774,-19.420000,2
96.663734,-0.197500026,-19.440000,2
96.677401,-0.197883522,-19.460000,2
96.691844,-0.198075269,-19.480000,2
96.705126,-0.197883522,-19.500000,2
96.718798,-0.197883522,-19.520000,2
96.732528,-0.198171143,-19.540000,2
96.745682,-0.198746386,-19.560000,2
96.759376,-0.198650512,-19.580000,2
96.772722,-0.198458764,-19.600000,2
96.786199,-0.199129881,-19.620000,2
96.800404,-0.199705124,-19.640000,2
96.813806,-0.199513376,-19.660000,2
96.827574,-0.199800998,-19.680000,2
96.841707,-0.199800998,-19.700000,2
96.855345,-0.199417502,-19.720000,2
96.868966,-0.199992745,-19.740000,2
96.882155,-0.199513376,-19.760000,2
96.896380,-0.199992745,-19.780000,2
96.910063,-0.200280367,-19.800000,2
96.924164,-0.200567988,-19.820000,2
96.938713,-0.200280367,-19.840000,2
96.952576,-0.200663862,-19.860000,2
96.966223,-0.200567988,-19.880000,2
96.979958,-0.200663862,-19.900000,2
96.994339,-0.200759736,-19.920000,2
97.008462,-0.200951483,-19.940000,2
97.022126,-0.201239105,-19.960000,2
97.035821,-0.201622600,-19.980000,2
97.049577,-0.201047357,-20.000000,2
97.063639,-0.201622600,-20.000000,2
97.077239,-0.201910221,-19.980000,2
97.091343,-0.202101969,-19.960000,2
97.104818,-0.202006095,-19.940000,2
97.118076,-0.202006095,-19.920000,2
97.132247,-0.201622600,-19.900000,2
97.145890,-0.201910221,-19.880000,2
97.159683,-0.201814347,-19.860000,2
97.173991,-0.201814347,-19.840000,2
97.187644,-0.201910221,-19.820000,2
97.201730,-0.201334978,-19.800000,2
97.215325,-0.201526726,-19.780000,2
97.228839,-0.201718474,-19.760000,2
97.242529,-0.201718474,-19.740000,2
97.257080,-0.201718474,-19.720000,2
97.271417,-0.201430852,-19.700000,2
97.285115,-0.201334978,-19.680000,2
97.298341,-0.201622600,-19.660000,2
97.312747,-0.201910221,-19.640000,2
97.326783,-0.201526726,-19.620000,2
97.340913,-0.201622600,-19.600000,2
97.354872,-0.201910221,-19.580000,2
97.369624,-0.202006095,-19.560000,2
97.383682,-0.201526726,-19.540000,2
97.396994,-0.201430852,-19.520000,2
97.410988,-0.201526726,-19.500000,2
97.425146,-0.201334978,-19.480000,2
97.439080,-0.201718474,-19.460000,2
97.452711,-0.201718474,-19.440000,2
97.467031,-0.201526726,-19.420000,2
97.480479,-0.201334978,-19.400000,2
97.494636,-0.201430852,-19.380000,2
97.508796,-0.200951483,-19.360000,2
97.522820,-0.201143231,-19.340000,2
97.536666,-0.201430852,-19.320000,2
97.550587,-0.200951483,-19.300000,2
97.564453,-0.201430852,-19.280000,2
97.578366,-0.201143231,-19.260000,2
97.591729,-0.200855609,-19.240000,2
97.605586,-0.200855609,-19.220000,2
97.619235,-0.200759736,-19.200000,2
97.634030,-0.201526726,-19.180000,2
97.648005,-0.201239105,-19.160000,2
97.660805,-0.201047357,-19.140000,2
97.674002,-0.200855609,-19.120000,2
97.686948,-0.201143231,-19.100000,2
97.700188,-0.200855609,-19.080000,2
97.714843,-0.200663862,-19.060000,2
97.728558,-0.200855609,-19.040000,2
97.742156,-0.201143231,-19.020000,2
97.755050,-0.200472114,-19.000000,2
97.769166,-0.200567988,-18.980000,2
97.782838,-0.201047357,-18.960000,2
97.797019,-0.200759736,-18.940000,2
97.810516,-0.200759736,-18.920000,2
97.824205,-0.200472114,-18.900000,2
97.837648,-0.200472114,-18.880000,2
97.851544,-0.200472114,-18.860000,2
97.865257,-0.200280367,-18.840000,2
97.879009,-0.200472114,-18.820000,2
97.892916,-0.200280367,-18.800000,2
97.906798,-0.199896871,-18.780000,2
97.921110,-0.200376240,-18.760000,2
97.934569,-0.200280367,-18.740000,2
97.948663,-0.200184493,-18.720000,2
97.962422,-0.200280367,-18.700000,2
97.976008,-0.199992745,-18.680000,2
97.989894,-0.199800998,-18.660000,2
98.003783,-0.199896871,-18.640000,2
98.017529,-0.200184493,-18.620000,2
98.031126,-0.199417502,-18.600000,2
98.045090,-0.199705124,-18.580000,2
98.058854,-0.200280367,-18.560000,2
98.072641,-0.200088619,-18.540000,2
98.087106,-0.200088619,-18.520000,2
98.100498,-0.199705124,-18.500000,2
98.114492,-0.199609250,-18.480000,2
98.128261,-0.199513376,-18.460000,2
98.142139,-0.199513376,-18.440000,2
98.156061,-0.199417502,-18.420000,2
98.169749,-0.199513376,-18.400000,2
98.183351,-0.199417502,-18.380000,2
98.197206,-0.199609250,-18.360000,2
98.210936,-0.199417502,-18.340000,2
98.224607,-0.199225755,-18.320000,2
98.238583,-0.199225755,-18.300000,2
98.252365,-0.199225755,-18.280000,2
98.266468,-0.199034007,-18.260000,2
98.280255,-0.198842260,-18.240000,2
98.293909,-0.199034007,-18.220000,2
98.308075,-0.199129881,-18.200000,2
98.322667,-0.198554638,-18.180000,2
98.336330,-0.198554638,-18.160000,2
98.350029,-0.198938133,-18.140000,2
98.364111,-0.198650512,-18.120000,2
98.377649,-0.198554638,-18.100000,2
98.391687,-0.198267017,-18.080000,2
98.405624,-0.198458764,-18.060000,2
98.419491,-0.198458764,-18.040000,2
98.433805,-0.198458764,-18.020000,2
98.448256,-0.198458764,-18.000000,2
98.462069,-0.198075269,-17.980000,2
98.475794,-0.198554638,-17.960000,2
98.489891,-0.198075269,-17.940000,2
98.503304,-0.197883522,-17.920000,2
98.516703,-0.198267017,-17.900000,2
98.530655,-0.198362891,-17.880000,2
98.544151,-0.198267017,-17.860000,2
98.558089,-0.198075269,-17.840000,2
98.571914,-0.198075269,-17.820000,2
98.586013,-0.197979395,-17.800000,2
98.600181,-0.198171143,-17.780000,2
98.614218,-0.197691774,-17.760000,2
98.628860,-0.197883522,-17.740000,2
98.642588,-0.197691774,-17.720000,2
98.656487,-0.197691774,-17.700000,2
98.670371,-0.197595900,-17.680000,2
98.684922,-0.197595900,-17.660000,2
98.698959,-0.197212405,-17.640000,2
98.712753,-0.197308279,-17.620000,2
98.726466,-0.197404153,-17.600000,2
98.740185,-0.197212405,-17.580000,2
98.754442,-0.197404153,-17.560000,2
98.768599,-0.196541288,-17.540000,2
98.782307,-0.196924784,-17.520000,2
98.795250,-0.197116531,-17.500000,2
98.808997,-0.197020657,-17.480000,2
98.822420,-0.197020657,-17.460000,2
98.836217,-0.197500026,-17.440000,2
98.850274,-0.196828910,-17.420000,2
98.863849,-0.196637162,-17.400000,2
98.877848,-0.196828910,-17.380000,2
98.891897,-0.196924784,-17.360000,2
98.906070,-0.196253667,-17.340000,2
98.919965,-0.196541288,-17.320000,2
98.934196,-0.196253667,-17.300000,2
98.948401,-0.196541288,-17.280000,2
98.962348,-0.196445415,-17.260000,2
98.976269,-0.196253667,-17.240000,2
98.990246,-0.196253667,-17.220000,2
99.003801,-0.195966046,-17.200000,2
99.017912,-0.196157793,-17.180000,2
99.032033,-0.195678424,-17.160000,2
99.046516,-0.195774298,-17.140000,2
99.060236,-0.195774298,-17.120000,2
99.074193,-0.195486677,-17.100000,2
99.087742,-0.195966046,-17.080000,2
99.101134,-0.195774298,-17.060000,2
99.114812,-0.195486677,-17.040000,2
99.128456,-0.195390803,-17.020000,2
99.142082,-0.195390803,-17.000000,2
99.156109,-0.195486677,-16.980000,2
99.169696,-0.195582550,-16.960000,2
99.183496,-0.195199055,-16.940000,2
99.197500,-0.195390803,-16.920000,2
99.211676,-0.194815560,-16.900000,2
99.225220,-0.195007308,-16.880000,2
99.239163,-0.194911434,-16.860000,2
99.252759,-0.195007308,-16.840000,2
99.266668,-0.194719686,-16.820000,2
99.280441,-0.194815560,-16.800000,2
99.294514,-0.194240317,-16.780000,2
99.308015,-0.195103181,-16.760000,2
99.321552,-0.194527939,-16.740000,2
99.334779,-0.194623812,-16.720000,2
99.348829,-0.194336191,-16.700000,2
99.362396,-0.194527939,-16.680000,2
99.376193,-0.194719686,-16.660000,2
99.389681,-0.194144443,-16.640000,2
99.403098,-0.194048570,-16.620000,2
99.417158,-0.193665074,-16.600000,2
99.430672,-0.194144443,-16.580000,2
99.444832,-0.194144443,-16.560000,2
99.458736,-0.194240317,-16.540000,2
99.472555,-0.193665074,-16.520000,2
99.486158,-0.193952696,-16.500000,2
99.500395,-0.193569201,-16.480000,2
99.513897,-0.193473327,-16.460000,2
99.527681,-0.193665074,-16.440000,2
99.541631,-0.193665074,-16.420000,2
99.555530,-0.193473327,-16.400000,2
99.569257,-0.193665074,-16.380000,2
99.583245,-0.193377453,-16.360000,2
99.597284,-0.192898084,-16.340000,2
99.611207,-0.193377453,-16.320000,2
99.625150,-0.192610463,-16.300000,2
99.638779,-0.193089832,-16.280000,2
99.652669,-0.192802210,-16.260000,2
99.666783,-0.192898084,-16.240000,2
99.680346,-0.193089832,-16.220000,2
99.694547,-0.192802210,-16.200000,2
99.708197,-0.192514589,-16.180000,2
99.723212,-0.192418715,-16.160000,2
99.736907,-0.192610463,-16.140000,2
99.750288,-0.192131094,-16.120000,2
99.764174,-0.192418715,-16.100000,2
99.777396,-0.192226967,-16.080000,2
99.791372,-0.192131094,-16.060000,2
99.804546,-0.191747598,-16.040000,2
99.818203,-0.191747598,-16.020000,2
99.832061,-0.191651725,-16.000000,2
99.845338,-0.192035220,-15.980000,2
99.859916,-0.192035220,-15.960000,2
99.873946,-0.191843472,-15.940000,2
99.887481,-0.192035220,-15.920000,2
99.901089,-0.191843472,-15.900000,2
99.915475,-0.191459977,-15.880000,2
99.929390,-0.191747598,-15.860000,2
99.943002,-0.191459977,-15.840000,2
99.956859,-0.191076482,-15.820000,2
99.970869,-0.191459977,-15.800000,2
99.984260,-0.191364103,-15.780000,2
99.998192,-0.190884734,-15.760000,2
100.011997,-0.190980608,-15.740000,2
100.024981,-0.190980608,-15.720000,2
100.038901,-0.191076482,-15.700000,2
100.052647,-0.190309491,-15.680000,2
100.066395,-0.190597113,-15.660000,2
100.080617,-0.190692987,-15.640000,2
100.094707,-0.190597113,-15.620000,2
100.108384,-0.190405365,-15.600000,2
100.121344,-0.190021870,-15.580000,2
100.134944,-0.190309491,-15.560000,2
100.148579,-0.190213618,-15.540000,2
100.162305,-0.189830123,-15.520000,2
100.176138,-0.189830123,-15.500000,2
100.190404,-0.189925996,-15.480000,2
100.203876,-0.189925996,-15.460000,2
100.217960,-0.189254880,-15.440000,2
100.231316,-0.189638375,-15.420000,2
100.245269,-0.189446627,-15.400000,2
100.259310,-0.189350754,-15.380000,2
100.273712,-0.189638375,-15.360000,2
100.287612,-0.189350754,-15.340000,2
100.301878,-0.189542501,-15.320000,2
100.316050,-0.188871385,-15.300000,2
100.330085,-0.188871385,-15.280000,2
100.344391,-0.188679637,-15.260000,2
100.358603,-0.188775511,-15.240000,2
100.372833,-0.188775511,-15.220000,2
100.386378,-0.188679637,-15.200000,2
100.399875,-0.188296142,-15.180000,2
100.413520,-0.188487889,-15.160000,2
100.427020,-0.188583763,-15.140000,2
100.440630,-0.188296142,-15.120000,2
100.454414,-0.188583763,-15.100000,2
100.468116,-0.188200268,-15.080000,2
100.481971,-0.188104394,-15.060000,2
100.496260,-0.188104394,-15.040000,2
100.510160,-0.187625025,-15.020000,2
100.523724,-0.188008520,-15.000000,2
100.537171,-0.187625025,-14.980000,2
100.550665,-0.187433278,-14.960000,2
100.564679,-0.187529151,-14.940000,2
100.578240,-0.187433278,-14.920000,2
100.591425,-0.187049782,-14.900000,2
100.605608,-0.187433278,-14.880000,2
100.620007,-0.186858035,-14.860000,2
100.634080,-0.187145656,-14.840000,2
100.648066,-0.186762161,-14.820000,2
100.661832,-0.187145656,-14.800000,2
100.675578,-0.186666287,-14.780000,2
100.689728,-0.186762161,-14.760000,2
100.703517,-0.186762161,-14.740000,2
100.716967,-0.186762161,-14.720000,2
100.730680,-0.186474540,-14.700000,2
100.744968,-0.186666287,-14.680000,2
100.759056,-0.186186918,-14.660000,2
100.772970,-0.186282792,-14.640000,2
100.787141,-0.186282792,-14.620000,2
100.801012,-0.186282792,-14.600000,2
100.815188,-0.186378666,-14.580000,2
100.829341,-0.185515802,-14.560000,2
100.842963,-0.185515802,-14.540000,2
100.856860,-0.185611675,-14.520000,2
100.871001,-0.185324054,-14.500000,2
100.884894,-0.185419928,-14.480000,2
100.899038,-0.184940559,-14.460000,2
100.912967,-0.185036433,-14.440000,2
100.927202,-0.185228180,-14.420000,2
100.941588,-0.184844685,-14.400000,2
100.955353,-0.184652937,-14.380000,2
100.968815,-0.185036433,-14.360000,2
100.982332,-0.184652937,-14.340000,2
100.996339,-0.184844685,-14.320000,2
101.010484,-0.184269442,-14.300000,2
101.024742,-0.184461190,-14.280000,2
101.039330,-0.184173568,-14.260000,2
101.053500,-0.184173568,-14.240000,2
101.067223,-0.184077695,-14.220000,2
101.081540,-0.183885947,-14.200000,2
101.095618,-0.183885947,-14.180000,2
101.109955,-0.183790073,-14.160000,2
101.123356,-0.183790073,-14.140000,2
101.137033,-0.183502452,-14.120000,2
101.151005,-0.183790073,-14.100000,2
101.164677,-0.183310704,-14.080000,2
101.178309,-0.182831335,-14.060000,2
101.192350,-0.183310704,-14.040000,2
101.205731,-0.183118957,-14.020000,2
101.219418,-0.183023083,-14.000000,2
101.233010,-0.183023083,-13.980000,2
101.247165,-0.183023083,-13.960000,2
101.261274,-0.182831335,-13.940000,2
101.275011,-0.182831335,-13.920000,2
101.289417,-0.182351966,-13.900000,2
101.303251,-0.182639588,-13.880000,2
101.316965,-0.182256092,-13.860000,2
101.330590,-0.182639588,-13.840000,2
101.344382,-0.182160219,-13.820000,2
101.357762,-0.181872597,-13.800000,2
101.371089,-0.181776723,-13.780000,2
101.384889,-0.181968471,-13.760000,2
101.398826,-0.181968471,-13.740000,2
101.412740,-0.181968471,-13.720000,2
101.426697,-0.181489102,-13.700000,2
101.440586,-0.181489102,-13.680000,2
101.453929,-0.181489102,-13.660000,2
101.467454,-0.181584976,-13.640000,2
101.481239,-0.181393228,-13.620000,2
101.495205,-0.181297354,-13.600000,2
101.508784,-0.181009733,-13.580000,2
101.523078,-0.181009733,-13.560000,2
101.536301,-0.180913859,-13.540000,2
101.550245,-0.180817985,-13.520000,2
101.563460,-0.180722112,-13.500000,2
101.577504,-0.180434490,-13.480000,2
101.590977,-0.180626238,-13.460000,2
101.604854,-0.180530364,-13.440000,2
101.618810,-0.180242743,-13.420000,2
101.632551,-0.179955121,-13.400000,2
101.646070,-0.179763374,-13.380000,2
101.660617,-0.179475752,-13.360000,2
101.674534,-0.179475752,-13.340000,2
101.689444,-0.179475752,-13.320000,2
101.702901,-0.179571626,-13.300000,2
101.716432,-0.179667500,-13.280000,2
101.729595,-0.179379878,-13.260000,2
101.743589,-0.179284005,-13.240000,2
101.757422,-0.179092257,-13.220000,2
101.771256,-0.179379878,-13.200000,2
101.785524,-0.178996383,-13.180000,2
101.799236,-0.178708762,-13.160000,2
101.812813,-0.178229393,-13.140000,2
101.826933,-0.178517014,-13.120000,2
101.840839,-0.178612888,-13.100000,2
101.854855,-0.178229393,-13.080000,2
101.868609,-0.178133519,-13.060000,2
101.882613,-0.178229393,-13.040000,2
101.896526,-0.178229393,-13.020000,2
101.911353,-0.177750024,-13.000000,2
101.925138,-0.177750024,-12.980000,2
101.938567,-0.177558276,-12.960000,2
101.952367,-0.177270655,-12.940000,2
101.965530,-0.177366529,-12.920000,2
101.979135,-0.177270655,-12.900000,2
101.992954,-0.177654150,-12.880000,2
102.007792,-0.177366529,-12.860000,2
102.021597,-0.177366529,-12.840000,2
102.035279,-0.176503664,-12.820000,2
102.049229,-0.177078907,-12.800000,2
102.063773,-0.176791286,-12.780000,2
102.078160,-0.176599538,-12.760000,2
102.092154,-0.176599538,-12.740000,2
102.105952,-0.176216043,-12.720000,2
102.119684,-0.176599538,-12.700000,2
102.132956,-0.175928422,-12.680000,2
102.146728,-0.176120169,-12.660000,2
102.160606,-0.176120169,-12.640000,2
102.174684,-0.175928422,-12.620000,2
102.187856,-0.175544926,-12.600000,2
102.201552,-0.175832548,-12.580000,2
102.215187,-0.175161431,-12.560000,2
102.229671,-0.175161431,-12.540000,2
102.243474,-0.174586188,-12.520000,2
102.257869,-0.175257305,-12.500000,2
102.272050,-0.174873810,-12.480000,2
102.285819,-0.174969684,-12.460000,2
102.299706,-0.174490315,-12.440000,2
102.314142,-0.174777936,-12.420000,2
102.327977,-0.174490315,-12.400000,2
102.342088,-0.174873810,-12.380000,2
102.355971,-0.174202693,-12.360000,2
102.370434,-0.174394441,-12.340000,2
102.384270,-0.173915072,-12.320000,2
102.397964,-0.174106819,-12.300000,2
102.411717,-0.173915072,-12.280000,2
102.425206,-0.173723324,-12.260000,2
102.438432,-0.173915072,-12.240000,2
102.452199,-0.173531577,-12.220000,2
102.466210,-0.173435703,-12.200000,2
102.479635,-0.173627450,-12.180000,2
102.493149,-0.173243955,-12.160000,2
102.507073,-0.173435703,-12.140000,2
102.521155,-0.173243955,-12.120000,2
102.534763,-0.172956334,-12.100000,2
102.548687,-0.172860460,-12.080000,2
102.562568,-0.172381091,-12.060000,2
102.576322,-0.172476965,-12.040000,2
102.590147,-0.171997596,-12.020000,2
102.604143,-0.171997596,-12.000000,2
102.617634,-0.171901722,-11.980000,2
102.632071,-0.171901722,-11.960000,2
102.645535,-0.171422353,-11.940000,2
102.658366,-0.171518227,-11.920000,2
102.671307,-0.171901722,-11.900000,2
102.684498,-0.171518227,-11.880000,2
102.697663,-0.171038858,-11.860000,2
102.711839,-0.171422353,-11.840000,2
102.725199,-0.171230605,-11.820000,2
102.738355,-0.170847110,-11.800000,2
102.751571,-0.171230605,-11.780000,2
102.765253,-0.170751236,-11.760000,2
102.779430,-0.170655363,-11.740000,2
102.793677,-0.170655363,-11.720000,2
102.806722,-0.170463615,-11.700000,2
102.820697,-0.170080120,-11.680000,2
102.834652,-0.170559489,-11.660000,2
102.848364,-0.170463615,-11.640000,2
102.862568,-0.169888372,-11.620000,2
102.876211,-0.169792498,-11.600000,2
102.890125,-0.169984246,-11.580000,2
102.903739,-0.169409003,-11.560000,2
102.917400,-0.169984246,-11.540000,2
102.931123,-0.169313129,-11.520000,2
102.944613,-0.169409003,-11.500000,2
102.958325,-0.169217256,-11.480000,2
102.971933,-0.169313129,-11.460000,2
102.986035,-0.168929634,-11.440000,2
102.999742,-0.168450265,-11.420000,2
103.013063,-0.168737887,-11.400000,2
103.026630,-0.168450265,-11.380000,2
103.040442,-0.168258518,-11.360000,2
103.054173,-0.168737887,-11.340000,2
103.068109,-0.168354391,-11.320000,2
103.082263,-0.167875022,-11.300000,2
103.095730,-0.167970896,-11.280000,2
103.109235,-0.167875022,-11.260000,2
103.122938,-0.167683275,-11.240000,2
103.136471,-0.167683275,-11.220000,2
103.150111,-0.167683275,-11.200000,2
103.164062,-0.167395653,-11.180000,2
103.177985,-0.167587401,-11.160000,2
103.192167,-0.167395653,-11.140000,2
103.206232,-0.166916284,-11.120000,2
103.220110,-0.167012158,-11.100000,2
103.233667,-0.167108032,-11.080000,2
103.247502,-0.166916284,-11.060000,2
103.261717,-0.166820411,-11.040000,2
103.275229,-0.166724537,-11.020000,2
103.289078,-0.166436915,-11.000000,2
103.302843,-0.166149294,-10.980000,2
103.316429,-0.166341042,-10.960000,2
103.330292,-0.166149294,-10.940000,2
103.344427,-0.166053420,-10.920000,2
103.358597,-0.166053420,-10.900000,2
103.372269,-0.165382304,-10.880000,2
103.386027,-0.165574051,-10.860000,2
103.400537,-0.166053420,-10.840000,2
103.413923,-0.165574051,-10.820000,2
103.427500,-0.164998808,-10.800000,2
103.441182,-0.165286430,-10.780000,2
103.454931,-0.165190556,-10.760000,2
103.469089,-0.165094682,-10.740000,2
103.483014,-0.164902935,-10.720000,2
103.496758,-0.164711187,-10.700000,2
103.510939,-0.164711187,-10.680000,2
103.525651,-0.164807061,-10.660000,2
103.538963,-0.164998808,-10.640000,2
103.552958,-0.164327692,-10.620000,2
103.566296,-0.164519440,-10.600000,2
103.579792,-0.164231818,-10.580000,2
103.593334,-0.164423566,-10.560000,2
103.607104,-0.164040071,-10.540000,2
103.620874,-0.163944197,-10.520000,2
103.634634,-0.163368954,-10.500000,2
103.648271,-0.163752449,-10.480000,2
103.662746,-0.163368954,-10.460000,2
103.676448,-0.162985459,-10.440000,2
103.690899,-0.162985459,-10.420000,2
103.704854,-0.162985459,-10.400000,2
103.718987,-0.162793711,-10.380000,2
103.732799,-0.162697837,-10.360000,2
103.746818,-0.162410216,-10.340000,2
103.761027,-0.162985459,-10.320000,2
103.774497,-0.162218468,-10.300000,2
103.788038,-0.162506090,-10.280000,2
103.801093,-0.162410216,-10.260000,2
103.814839,-0.162218468,-10.240000,2
103.828924,-0.162218468,-10.220000,2
103.843398,-0.161739099,-10.200000,2
103.857388,-0.161451478,-10.180000,2
103.871069,-0.162026721,-10.160000,2
103.884525,-0.161259730,-10.140000,2
103.898973,-0.161163857,-10.120000,2
103.912602,-0.161355604,-10.100000,2
103.926500,-0.161451478,-10.080000,2
103.940727,-0.161163857,-10.060000,2
103.954796,-0.160972109,-10.040000,2
103.968498,-0.161163857,-10.020000,2
103.982413,-0.161163857,-10.000000,2
103.995914,-0.161067983,-9.980000,2
104.009981,-0.160780361,-9.960000,2
104.023836,-0.160876235,-9.940000,2
104.037375,-0.160492740,-9.920000,2
104.051579,-0.160588614,-9.900000,2
104.065266,-0.160013371,-9.880000,2
104.079508,-0.159821623,-9.860000,2
104.094002,-0.160013371,-9.840000,2
104.107386,-0.159821623,-9.820000,2
104.121164,-0.159725750,-9.800000,2
104.135621,-0.159725750,-9.780000,2
104.149262,-0.159246381,-9.760000,2
104.163139,-0.159438128,-9.740000,2
104.177627,-0.159246381,-9.720000,2
104.191487,-0.158862885,-9.700000,2
104.205249,-0.159246381,-9.680000,2
104.219168,-0.159054633,-9.660000,2
104.232814,-0.158958759,-9.640000,2
104.247131,-0.158479390,-9.620000,2
104.260890,-0.158095895,-9.600000,2
104.275001,-0.158095895,-9.580000,2
104.288849,-0.157712400,-9.560000,2
104.302756,-0.158287643,-9.540000,2
104.316855,-0.158095895,-9.520000,2
104.331346,-0.158000021,-9.500000,2
104.346041,-0.158095895,-9.480000,2
104.360461,-0.157616526,-9.460000,2
104.374256,-0.157328905,-9.440000,2
104.387577,-0.157520652,-9.420000,2
104.401204,-0.157616526,-9.400000,2
104.415297,-0.157328905,-9.380000,2
104.428868,-0.157137157,-9.360000,2
104.443142,-0.156561914,-9.340000,2
104.457653,-0.156753662,-9.320000,2
104.471318,-0.156274293,-9.300000,2
104.485226,-0.156178419,-9.280000,2
104.499432,-0.156945409,-9.260000,2
104.513201,-0.156178419,-9.240000,2
104.527138,-0.156178419,-9.220000,2
104.541109,-0.156370167,-9.200000,2
104.554711,-0.155890798,-9.180000,2
104.568609,-0.155603176,-9.160000,2
104.582289,-0.155986671,-9.140000,2
104.596597,-0.155699050,-9.120000,2
104.610286,-0.155315555,-9.100000,2
104.623955,-0.155027933,-9.080000,2
104.638593,-0.155315555,-9.060000,2
104.651958,-0.155123807,-9.040000,2
104.666161,-0.154836186,-9.020000,2
104.680651,-0.154644438,-9.000000,2
104.694270,-0.154356817,-8.980000,2
104.707837,-0.153973322,-8.960000,2
104.722225,-0.153973322,-8.940000,2
104.735429,-0.154356817,-8.920000,2
104.749147,-0.153973322,-8.900000,2
104.763116,-0.153589826,-8.880000,2
104.776617,-0.153493953,-8.860000,2
104.790706,-0.153589826,-8.840000,2
104.804839,-0.153206331,-8.820000,2
104.818446,-0.152822836,-8.800000,2
104.832215,-0.152918710,-8.780000,2
104.846061,-0.152631088,-8.760000,2
104.860368,-0.152247593,-8.740000,2
104.874132,-0.152343467,-8.720000,2
104.888133,-0.152247593,-8.700000,2
104.902060,-0.151672350,-8.680000,2
104.915786,-0.151959972,-8.660000,2
104.929580,-0.152055846,-8.640000,2
104.943300,-0.152726962,-8.620000,2
104.957354,-0.151864098,-8.600000,2
104.971283,-0.151192981,-8.580000,2
104.985223,-0.151192981,-8.560000,2
104.998787,-0.151001234,-8.540000,2
105.012905,-0.151288855,-8.520000,2
105.028122,-0.151001234,-8.500000,2
105.041323,-0.150617739,-8.480000,2
105.054817,-0.150713612,-8.460000,2
105.068773,-0.150617739,-8.440000,2
105.082825,-0.150138370,-8.420000,2
105.096917,-0.150330117,-8.400000,2
105.110779,-0.149754874,-8.380000,2
105.124049,-0.149946622,-8.360000,2
105.138178,-0.149850748,-8.340000,2
105.152191,-0.149754874,-8.320000,2
105.165690,-0.149371379,-8.300000,2
105.179357,-0.149467253,-8.280000,2
105.192863,-0.149563127,-8.260000,2
105.206530,-0.149083758,-8.240000,2
105.220150,-0.148892010,-8.220000,2
105.234440,-0.148700263,-8.200000,2
105.247634,-0.148412641,-8.180000,2
105.261374,-0.148412641,-8.160000,2
105.276067,-0.148604389,-8.140000,2
105.289763,-0.148508515,-8.120000,2
105.303518,-0.147837398,-8.100000,2
105.317312,-0.147933272,-8.080000,2
105.330683,-0.147645651,-8.060000,2
105.344207,-0.147549777,-8.040000,2
105.358098,-0.147933272,-8.020000,2
105.371820,-0.147262156,-8.000000,2
105.385293,-0.147549777,-7.980000,2
105.399125,-0.147453903,-7.960000,2
105.412808,-0.146591039,-7.940000,2
105.426979,-0.146399291,-7.920000,2
105.440915,-0.146878660,-7.900000,2
105.454495,-0.146207544,-7.880000,2
105.468655,-0.146111670,-7.860000,2
105.482378,-0.145728175,-7.840000,2
105.497070,-0.145728175,-7.820000,2
105.510905,-0.145536427,-7.800000,2
105.524236,-0.145440553,-7.780000,2
105.538370,-0.145632301,-7.760000,2
105.552177,-0.145248806,-7.740000,2
105.565825,-0.145152932,-7.720000,2
105.579687,-0.144673563,-7.700000,2
105.593349,-0.144865311,-7.680000,2
105.606700,-0.144577689,-7.660000,2
105.621122,-0.144481815,-7.640000,2
105.634856,-0.144194194,-7.620000,2
105.648532,-0.144481815,-7.600000,2
105.662717,-0.143810699,-7.580000,2
105.676615,-0.143523077,-7.560000,2
105.690403,-0.143139582,-7.540000,2
105.704535,-0.143331330,-7.520000,2
105.718962,-0.143331330,-7.500000,2
105.733062,-0.142947835,-7.480000,2
105.746957,-0.142660213,-7.460000,2
105.760569,-0.142564339,-7.440000,2
105.774292,-0.142276718,-7.420000,2
105.788129,-0.142372592,-7.400000,2
105.802072,-0.141797349,-7.380000,2
105.815233,-0.141222106,-7.360000,2
105.828918,-0.141893223,-7.340000,2
105.842571,-0.141509728,-7.320000,2
105.856431,-0.141413854,-7.300000,2
105.870248,-0.141222106,-7.280000,2
105.883778,-0.141413854,-7.260000,2
105.897850,-0.140838611,-7.240000,2
105.911308,-0.140742737,-7.220000,2
105.925334,-0.140934485,-7.200000,2
105.938937,-0.140455116,-7.180000,2
105.953920,-0.140263368,-7.160000,2
105.967520,-0.139879873,-7.140000,2
105.981042,-0.140359242,-7.120000,2
105.994241,-0.139688125,-7.100000,2
106.007620,-0.139783999,-7.080000,2
106.022398,-0.139400504,-7.060000,2
106.036005,-0.139400504,-7.040000,2
106.049397,-0.139304630,-7.020000,2
106.063234,-0.138825261,-7.000000,2
106.076909,-0.138345892,-6.980000,2
106.090755,-0.139112883,-6.960000,2
106.105680,-0.138058271,-6.940000,2
106.119668,-0.138345892,-6.920000,2
106.133714,-0.137962397,-6.900000,2
106.147031,-0.137962397,-6.880000,2
106.160475,-0.138154145,-6.860000,2
106.174566,-0.137483028,-6.840000,2
106.188958,-0.137291281,-6.820000,2
106.202562,-0.137195407,-6.800000,2
106.216434,-0.137291281,-6.780000,2
106.231204,-0.136716038,-6.760000,2
106.244733,-0.136524290,-6.740000,2
106.258715,-0.136236669,-6.720000,2
106.272196,-0.136236669,-6.700000,2
106.285964,-0.136332543,-6.680000,2
106.299577,-0.136044921,-6.660000,2
106.313771,-0.135757300,-6.640000,2
106.327509,-0.135757300,-6.620000,2
106.341582,-0.135757300,-6.600000,2
106.355608,-0.135277931,-6.580000,2
106.368854,-0.135373805,-6.560000,2
106.382860,-0.134798562,-6.540000,2
106.396958,-0.134319193,-6.520000,2
106.410344,-0.134606814,-6.500000,2
106.425054,-0.134319193,-6.480000,2
106.438367,-0.133839824,-6.460000,2
106.452055,-0.133839824,-6.440000,2
106.465492,-0.134127445,-6.420000,2
106.479671,-0.133552202,-6.400000,2
106.493686,-0.133456329,-6.380000,2
106.506869,-0.133168707,-6.360000,2
106.520559,-0.133264581,-6.340000,2
106.534147,-0.132881086,-6.320000,2
106.547838,-0.132785212,-6.300000,2
106.561435,-0.132593464,-6.280000,2
106.575425,-0.132305843,-6.260000,2
106.589618,-0.132401717,-6.240000,2
106.603558,-0.131826474,-6.220000,2
106.617411,-0.132209969,-6.200000,2
106.631168,-0.131730600,-6.180000,2
106.644935,-0.131826474,-6.160000,2
106.658765,-0.131826474,-6.140000,2
106.672600,-0.131059484,-6.120000,2
106.686164,-0.131155357,-6.100000,2
106.699878,-0.131347105,-6.080000,2
106.713914,-0.131059484,-6.060000,2
106.727509,-0.130100746,-6.040000,2
106.741823,-0.130484241,-6.020000,2
106.756050,-0.130196619,-6.000000,2
106.769397,-0.130004872,-5.980000,2
106.783419,-0.129908998,-5.960000,2
106.797603,-0.129621377,-5.940000,2
106.812357,-0.129717250,-5.920000,2
106.826086,-0.129333755,-5.900000,2
106.840147,-0.129237881,-5.880000,2
106.854262,-0.129142008,-5.860000,2
106.867938,-0.128662639,-5.840000,2
106.882390,-0.128662639,-5.820000,2
106.896247,-0.128662639,-5.800000,2
106.910342,-0.128566765,-5.780000,2
106.924139,-0.128470891,-5.760000,2
106.937695,-0.127608027,-5.740000,2
106.951155,-0.127895648,-5.720000,2
106.964843,-0.127608027,-5.700000,2
106.979511,-0.127320405,-5.680000,2
106.993609,-0.127224532,-5.660000,2
107.007095,-0.127991522,-5.640000,2
107.021602,-0.127032784,-5.620000,2
107.035135,-0.126841036,-5.600000,2
107.048444,-0.126841036,-5.580000,2
107.062896,-0.126457541,-5.560000,2
107.076690,-0.126553415,-5.540000,2
107.090130,-0.126169920,-5.520000,2
107.105076,-0.126169920,-5.500000,2
107.118473,-0.125882298,-5.480000,2
107.133206,-0.125786425,-5.460000,2
107.147129,-0.125307056,-5.440000,2
107.161276,-0.125211182,-5.420000,2
107.175744,-0.125115308,-5.400000,2
107.189374,-0.124731813,-5.380000,2
107.203383,-0.125019434,-5.360000,2
107.217406,-0.124444191,-5.340000,2
107.231147,-0.124252444,-5.320000,2
107.245645,-0.124444191,-5.300000,2
107.259073,-0.123868949,-5.280000,2
107.272793,-0.123868949,-5.260000,2
107.287019,-0.123677201,-5.240000,2
107.301397,-0.123677201,-5.220000,2
107.315431,-0.123197832,-5.200000,2
107.330022,-0.123485453,-5.180000,2
107.343402,-0.123006084,-5.160000,2
107.357277,-0.122910211,-5.140000,2
107.371538,-0.123101958,-5.120000,2
107.385615,-0.122718463,-5.100000,2
107.399156,-0.122239094,-5.080000,2
107.413046,-0.121855599,-5.060000,2
107.427285,-0.121951473,-5.040000,2
107.440883,-0.121663851,-5.020000,2
107.454925,-0.121855599,-5.000000,2
107.468319,-0.121472104,-4.980000,2
107.481939,-0.121472104,-4.960000,2
107.495464,-0.120992735,-4.940000,2
107.509202,-0.121184482,-4.920000,2
107.522910,-0.120800987,-4.900000,2
107.537221,-0.120417492,-4.880000,2
107.550931,-0.120033997,-4.860000,2
107.564801,-0.119938123,-4.840000,2
107.579518,-0.119650501,-4.820000,2
107.592974,-0.119842249,-4.800000,2
107.606604,-0.119458754,-4.780000,2
107.620580,-0.119746375,-4.760000,2
107.634660,-0.119075259,-4.740000,2
107.648010,-0.119075259,-4.720000,2
107.661140,-0.118979385,-4.700000,2
107.674022,-0.118691763,-4.680000,2
107.686959,-0.118691763,-4.660000,2
107.700346,-0.118500016,-4.640000,2
107.713968,-0.118212394,-4.620000,2
107.727100,-0.118020647,-4.600000,2
107.740570,-0.117253656,-4.580000,2
107.753425,-0.117541278,-4.560000,2
107.766981,-0.117828899,-4.540000,2
107.781225,-0.117061909,-4.520000,2
107.794724,-0.116870161,-4.500000,2
107.808275,-0.116486666,-4.480000,2
107.822176,-0.116678414,-4.460000,2
107.836028,-0.116486666,-4.440000,2
107.849710,-0.116103171,-4.420000,2
107.863415,-0.116199045,-4.400000,2
107.877511,-0.115336180,-4.380000,2
107.891052,-0.115240307,-4.360000,2
107.904901,-0.115048559,-4.340000,2
107.919811,-0.115144433,-4.320000,2
107.933135,-0.115144433,-4.300000,2
107.947360,-0.114856811,-4.280000,2
107.961284,-0.114760938,-4.260000,2
107.975005,-0.114089821,-4.240000,2
107.989830,-0.113706326,-4.220000,2
108.003824,-0.113514578,-4.200000,2
108.018024,-0.113802200,-4.180000,2
108.032328,-0.113514578,-4.160000,2
108.045685,-0.113035209,-4.140000,2
108.059142,-0.113418705,-4.120000,2
108.073040,-0.112555840,-4.100000,2
108.086243,-0.112747588,-4.080000,2
108.100541,-0.112268219,-4.060000,2
108.114353,-0.111884724,-4.040000,2
108.127805,-0.112076471,-4.020000,2
108.142148,-0.111021860,-4.000000,2
108.157867,-0.110925986,-3.980000,2
108.171114,-0.111117733,-3.960000,2
108.184446,-0.110542491,-3.940000,2
108.198360,-0.110830112,-3.920000,2
108.211856,-0.110446617,-3.900000,2
108.225852,-0.110158995,-3.880000,2
108.239379,-0.109679626,-3.860000,2
108.253648,-0.109679626,-3.840000,2
108.267218,-0.109200257,-3.820000,2
108.281336,-0.109200257,-3.800000,2
108.295155,-0.108433267,-3.780000,2
108.308641,-0.108433267,-3.760000,2
108.322874,-0.108049772,-3.740000,2
108.336725,-0.108241519,-3.720000,2
108.349991,-0.107282781,-3.700000,2
108.364547,-0.107474529,-3.680000,2
108.378382,-0.106995160,-3.660000,2
108.392846,-0.106899286,-3.640000,2
108.406900,-0.106228170,-3.620000,2
108.420302,-0.105748801,-3.600000,2
108.434134,-0.106036422,-3.580000,2
108.448059,-0.105461179,-3.560000,2
108.461707,-0.105365305,-3.540000,2
108.475396,-0.104790063,-3.520000,2
108.488718,-0.104502441,-3.500000,2
108.503005,-0.103639577,-3.480000,2
108.516330,-0.104023072,-3.460000,2
108.530373,-0.103447829,-3.440000,2
108.544012,-0.103543703,-3.420000,2
108.560566,-0.103160208,-3.400000,2
108.573949,-0.103160208,-3.380000,2
108.588334,-0.102393218,-3.360000,2
108.602088,-0.102297344,-3.340000,2
108.616066,-0.101722101,-3.320000,2
108.630593,-0.101722101,-3.300000,2
108.644568,-0.101242732,-3.280000,2
108.658581,-0.100667489,-3.260000,2
108.672479,-0.100571615,-3.240000,2
108.686460,-0.100379868,-3.220000,2
108.700098,-0.100188120,-3.200000,2
108.714013,-0.100092246,-3.180000,2
108.728055,-0.099325256,-3.160000,2
108.741357,-0.099133508,-3.140000,2
108.755209,-0.098750013,-3.120000,2
108.769241,-0.098654139,-3.100000,2
108.783057,-0.097983023,-3.080000,2
108.796465,-0.097407780,-3.060000,2
108.810172,-0.097407780,-3.040000,2
108.823960,-0.096544916,-3.020000,2
108.838087,-0.096449042,-3.000000,2
108.851906,-0.096449042,-2.980000,2
108.865955,-0.095969673,-2.960000,2
108.879584,-0.095586178,-2.940000,2
108.893095,-0.095682052,-2.920000,2
108.907315,-0.095010935,-2.900000,2
108.920720,-0.094723314,-2.880000,2
108.934159,-0.094627440,-2.860000,2
108.948267,-0.093764576,-2.840000,2
108.961968,-0.094052197,-2.820000,2
108.976099,-0.093668702,-2.800000,2
108.990843,-0.093572828,-2.780000,2
109.004623,-0.092997585,-2.760000,2
109.018141,-0.092614090,-2.740000,2
109.031680,-0.092518216,-2.720000,2
109.045180,-0.092230595,-2.700000,2
109.058835,-0.092230595,-2.680000,2
109.073064,-0.091463604,-2.660000,2
109.087257,-0.091559478,-2.640000,2
109.100758,-0.091463604,-2.620000,2
109.114877,-0.090984235,-2.600000,2
109.129004,-0.090696614,-2.580000,2
109.142661,-0.090313119,-2.560000,2
109.156608,-0.090408993,-2.540000,2
109.170101,-0.089833750,-2.520000,2
109.184278,-0.089737876,-2.500000,2
109.197934,-0.089162633,-2.480000,2
109.212076,-0.089258507,-2.460000,2
109.226336,-0.088970886,-2.440000,2
109.239729,-0.088875012,-2.420000,2
109.253813,-0.088683264,-2.400000,2
109.267510,-0.088779138,-2.380000,2
109.281246,-0.087916274,-2.360000,2
109.295068,-0.087724526,-2.340000,2
109.308712,-0.087724526,-2.320000,2
109.322040,-0.087341031,-2.300000,2
109.335651,-0.086861662,-2.280000,2
109.350174,-0.086957536,-2.260000,2
109.363701,-0.086669915,-2.240000,2
109.377626,-0.086382293,-2.220000,2
109.391570,-0.085807050,-2.200000,2
109.405226,-0.085998798,-2.180000,2
109.418829,-0.086286419,-2.160000,2
109.432630,-0.085807050,-2.140000,2
109.446340,-0.085519429,-2.120000,2
109.459907,-0.084560691,-2.100000,2
109.474828,-0.084752439,-2.080000,2
109.488483,-0.084464817,-2.060000,2
109.503943,-0.083889574,-2.040000,2
109.517503,-0.084752439,-2.020000,2
109.531659,-0.084081322,-2.000000,2
109.545392,-0.084560691,-1.980000,2
109.559109,-0.083506079,-1.960000,2
109.572690,-0.083410205,-1.940000,2
109.585961,-0.082834963,-1.920000,2
109.600088,-0.083122584,-1.900000,2
109.613792,-0.082259720,-1.880000,2
109.627392,-0.082547341,-1.860000,2
109.642283,-0.081588603,-1.840000,2
109.656157,-0.081684477,-1.820000,2
109.670338,-0.081588603,-1.800000,2
109.684658,-0.081300982,-1.780000,2
109.698538,-0.080725739,-1.760000,2
109.712621,-0.080917487,-1.740000,2
109.726613,-0.080438118,-1.720000,2
109.740644,-0.080438118,-1.700000,2
109.753978,-0.080054622,-1.680000,2
109.767962,-0.079767001,-1.660000,2
109.781738,-0.079575253,-1.640000,2
109.796385,-0.078904137,-1.620000,2
109.809793,-0.078904137,-1.600000,2
109.823578,-0.079287632,-1.580000,2
109.836853,-0.078233020,-1.560000,2
109.851142,-0.077561904,-1.540000,2
109.864857,-0.077753651,-1.520000,2
109.878985,-0.077561904,-1.500000,2
109.892905,-0.077274282,-1.480000,2
109.906861,-0.077274282,-1.460000,2
109.920791,-0.076794913,-1.440000,2
109.935247,-0.076315544,-1.420000,2
109.948916,-0.075548554,-1.400000,2
109.963374,-0.075740301,-1.380000,2
109.976659,-0.075932049,-1.360000,2
109.991010,-0.075356806,-1.340000,2
110.004654,-0.074589816,-1.320000,2
110.018688,-0.074877437,-1.300000,2
110.032981,-0.074493942,-1.280000,2
110.046679,-0.074014573,-1.260000,2
110.060500,-0.073822825,-1.240000,2
110.074305,-0.072959961,-1.220000,2
110.088238,-0.072576466,-1.200000,2
110.102411,-0.072576466,-1.180000,2
110.116248,-0.072192971,-1.160000,2
110.130177,-0.071809476,-1.140000,2
110.144438,-0.071617728,-1.120000,2
110.157482,-0.071234233,-1.100000,2
110.171185,-0.070371369,-1.080000,2
110.184675,-0.070371369,-1.060000,2
110.198621,-0.069604378,-1.040000,2
110.212604,-0.069220883,-1.020000,2
110.226265,-0.068741514,-1.000000,2
110.239640,-0.068358019,-0.980000,2
110.253313,-0.068358019,-0.960000,2
110.266617,-0.067591028,-0.940000,2
110.280004,-0.067111659,-0.920000,2
110.294123,-0.066536417,-0.900000,2
110.308061,-0.066632290,-0.880000,2
110.321420,-0.065385931,-0.860000,2
110.334967,-0.065194183,-0.840000,2
110.348963,-0.064906562,-0.820000,2
110.363048,-0.064139572,-0.800000,2
110.377310,-0.063372581,-0.780000,2
110.391374,-0.063276708,-0.760000,2
110.404904,-0.061934474,-0.740000,2
110.418481,-0.061934474,-0.720000,2
110.432309,-0.060975736,-0.700000,2
110.445950,-0.060783989,-0.680000,2
110.459580,-0.060112872,-0.660000,2
110.473912,-0.059633503,-0.640000,2
110.488628,-0.059154134,-0.620000,2
110.502401,-0.058387144,-0.600000,2
110.516074,-0.058387144,-0.580000,2
110.529838,-0.057716027,-0.560000,2
110.543184,-0.056949037,-0.540000,2
110.556655,-0.056373794,-0.520000,2
110.570234,-0.055606804,-0.500000,2
110.583821,-0.055031561,-0.480000,2
110.597698,-0.055127435,-0.460000,2
110.610810,-0.054072823,-0.440000,2
110.624173,-0.054360444,-0.420000,2
110.637966,-0.053593454,-0.400000,2
110.652176,-0.053401706,-0.380000,2
110.666121,-0.052347094,-0.360000,2
110.680270,-0.052155347,-0.340000,2
110.693630,-0.051963599,-0.320000,2
110.707682,-0.051004861,-0.300000,2
110.721724,-0.051100735,-0.280000,2
110.735494,-0.050429618,-0.260000,2
110.749620,-0.050333745,-0.240000,2
110.763433,-0.049758502,-0.220000,2
110.776922,-0.049662628,-0.200000,2
110.790836,-0.048991511,-0.180000,2
110.805348,-0.048416269,-0.160000,2
110.818841,-0.047841026,-0.140000,2
110.832965,-0.047361657,-0.120000,2
110.847189,-0.046978162,-0.100000,2
110.860991,-0.046882288,-0.080000,2
110.874783,-0.046498793,-0.060000,2
110.888323,-0.045731802,-0.040000,2
110.902507,-0.045635928,-0.020000,2
110.916515,-0.045252433,0.000000,2
110.931129,-0.044773064,0.000000,3
110.945017,-0.044581317,0.020000,3
110.958979,-0.043910200,0.040000,3
110.972869,-0.043718452,0.060000,3
110.986601,-0.043334957,0.080000,3
111.000257,-0.042567967,0.100000,3
111.013845,-0.042472093,0.120000,3
111.027531,-0.042184472,0.140000,3
111.041718,-0.041129860,0.160000,3
111.055361,-0.040746365,0.180000,3
111.069107,-0.039500005,0.200000,3
111.082620,-0.037966025,0.220000,3
111.096466,-0.033651704,0.240000,3
111.110017,-0.023968450,0.260000,3
111.124101,0.000958738,0.280000,3
111.137775,-0.002588593,0.300000,3
111.151410,-0.000766990,0.320000,3
111.165649,-0.000575243,0.340000,3
111.180011,-0.000766990,0.360000,3
111.193536,-0.000671117,0.380000,3
111.207652,-0.000191748,0.400000,3
111.221842,0.000000000,0.420000,3
111.235295,0.000000000,0.440000,3
111.248750,0.000383495,0.460000,3
111.262489,0.000671117,0.480000,3
111.276001,0.000862864,0.500000,3
111.289858,0.001054612,0.520000,3
111.303644,0.001246359,0.540000,3
111.317113,0.001342233,0.560000,3
111.331799,0.002492719,0.580000,3
111.345674,0.002492719,0.600000,3
111.359296,0.002876214,0.620000,3
111.372996,0.003547331,0.640000,3
111.386289,0.004026700,0.660000,3
111.399933,0.004218447,0.680000,3
111.414190,0.004601942,0.700000,3
111.428119,0.004697816,0.720000,3
111.441964,0.005464807,0.740000,3
111.455586,0.005944176,0.760000,3
111.469779,0.006902914,0.780000,3
111.483605,0.007094661,0.800000,3
111.497375,0.007190535,0.820000,3
111.511229,0.007574030,0.840000,3
111.525908,0.008436894,0.860000,3
111.539267,0.008820390,0.880000,3
111.553116,0.009395632,0.900000,3
111.567496,0.009779128,0.920000,3
111.580990,0.010258497,0.940000,3
111.594537,0.010929613,0.960000,3
111.608669,0.010641992,0.980000,3
111.622186,0.011504856,1.000000,3
111.635940,0.011600730,1.020000,3
111.650084,0.012751215,1.040000,3
111.663835,0.013326458,1.060000,3
111.677670,0.013709953,1.080000,3
111.692101,0.014381070,1.100000,3
111.705937,0.014860439,1.120000,3
111.719909,0.015339808,1.140000,3
111.733636,0.015627429,1.160000,3
111.747290,0.016394420,1.180000,3
111.760990,0.016969662,1.200000,3
111.774523,0.017928400,1.220000,3
111.789001,0.018983012,1.240000,3
111.802181,0.018695391,1.260000,3
111.816030,0.019462381,1.280000,3
111.830990,0.019845876,1.300000,3
111.845047,0.021092236,1.320000,3
111.858904,0.021763352,1.340000,3
111.872663,0.022913838,1.360000,3
111.886491,0.022913838,1.380000,3
111.900644,0.024160197,1.400000,3
111.914251,0.025214809,1.420000,3
111.928177,0.025598304,1.440000,3
111.941698,0.025981800,1.460000,3
111.955703,0.026365295,1.480000,3
111.970026,0.026652916,1.500000,3
111.984759,0.027515780,1.520000,3
111.998486,0.028282771,1.540000,3
112.012043,0.028570392,1.560000,3
112.026476,0.028858014,1.580000,3
112.040299,0.029816752,1.600000,3
112.054058,0.029720878,1.620000,3
112.068525,0.030104373,1.640000,3
112.082067,0.031350732,1.660000,3
112.095892,0.031063111,1.680000,3
112.109989,0.032405344,1.700000,3
112.123535,0.031925975,1.720000,3
112.137520,0.032692966,1.740000,3
112.152306,0.033364082,1.760000,3
112.166191,0.033459956,1.780000,3
112.179893,0.034226946,1.800000,3
112.194065,0.034610442,1.820000,3
112.208411,0.035281558,1.840000,3
112.222044,0.035760927,1.860000,3
112.235799,0.035760927,1.880000,3
112.249442,0.036240296,1.900000,3
112.263739,0.036911413,1.920000,3
112.277589,0.037390782,1.940000,3
112.291342,0.037774277,1.960000,3
112.305176,0.038061898,1.980000,3
112.318629,0.038349520,2.000000,3
112.332815,0.039116510,2.020000,3
112.346804,0.039595879,2.040000,3
112.360963,0.039404131,2.060000,3
112.375028,0.040266996,2.080000,3
112.389061,0.041129860,2.100000,3
112.403190,0.041033986,2.120000,3
112.416841,0.041705103,2.140000,3
112.430859,0.041992724,2.160000,3
112.445023,0.042184472,2.180000,3
112.459339,0.043334957,2.200000,3
112.472476,0.043143210,2.220000,3
112.485675,0.043718452,2.240000,3
112.499603,0.044581317,2.260000,3
112.512920,0.044868938,2.280000,3
112.526466,0.045444181,2.300000,3
112.540113,0.045827676,2.320000,3
112.554410,0.046211171,2.340000,3
112.568432,0.046594666,2.360000,3
112.582093,0.047361657,2.380000,3
112.596577,0.047841026,2.400000,3
112.610422,0.047841026,2.420000,3
112.624623,0.048512142,2.440000,3
112.638188,0.048703890,2.460000,3
112.651809,0.049087385,2.480000,3
112.665129,0.049854376,2.500000,3
112.678477,0.050141997,2.520000,3
112.691521,0.050908987,2.540000,3
112.704796,0.050908987,2.560000,3
112.718765,0.050813114,2.580000,3
112.732209,0.051580104,2.600000,3
112.746123,0.051292483,2.620000,3
112.759572,0.052538842,2.640000,3
112.773626,0.052634716,2.660000,3
112.787283,0.052922337,2.680000,3
112.800994,0.053305832,2.700000,3
112.815053,0.053785201,2.720000,3
112.828779,0.053881075,2.740000,3
112.842637,0.054168697,2.760000,3
112.857394,0.054552192,2.780000,3
112.871326,0.055223308,2.800000,3
112.885082,0.055510930,2.820000,3
112.898888,0.055606804,2.840000,3
112.912109,0.056086173,2.860000,3
112.926010,0.056086173,2.880000,3
112.939682,0.056469668,2.900000,3
112.953377,0.057236658,2.920000,3
112.967019,0.057044911,2.940000,3
112.980525,0.057524280,2.960000,3
112.994498,0.057236658,2.980000,3
113.008318,0.058099522,3.000000,3
113.022408,0.058387144,3.020000,3
113.036469,0.058387144,3.040000,3
113.049821,0.059154134,3.060000,3
113.063569,0.059345882,3.080000,3
113.077594,0.059345882,3.100000,3
113.091038,0.059825251,3.120000,3
113.104474,0.059729377,3.140000,3
113.118155,0.059921125,3.160000,3
113.131374,0.060783989,3.180000,3
113.145505,0.061263358,3.200000,3
113.159398,0.061071610,3.220000,3
113.172742,0.061550979,3.240000,3
113.186237,0.062126222,3.260000,3
113.200165,0.062509717,3.280000,3
113.214889,0.062893212,3.300000,3
113.228826,0.062797339,3.320000,3
113.243497,0.062605591,3.340000,3
113.257163,0.063276708,3.360000,3
113.271246,0.063468455,3.380000,3
113.284680,0.063756076,3.400000,3
113.298329,0.063756076,3.420000,3
113.311971,0.064043698,3.440000,3
113.325693,0.063947824,3.460000,3
113.339688,0.064810688,3.480000,3
113.352968,0.065002436,3.500000,3
113.367101,0.065481805,3.520000,3
113.381230,0.065098310,3.540000,3
113.395136,0.065385931,3.560000,3
113.408910,0.065577679,3.580000,3
113.422785,0.066248795,3.600000,3
113.436631,0.066536417,3.620000,3
113.450215,0.066632290,3.640000,3
113.464376,0.067303407,3.660000,3
113.477810,0.067207533,3.680000,3
113.491735,0.067686902,3.700000,3
113.505637,0.068166271,3.720000,3
113.519351,0.068070397,3.740000,3
113.533167,0.068358019,3.760000,3
113.546849,0.068549766,3.780000,3
113.560608,0.068837388,3.800000,3
113.574310,0.068645640,3.820000,3
113.587966,0.069412631,3.840000,3
113.601716,0.069700252,3.860000,3
113.615215,0.069987873,3.880000,3
113.629361,0.069796126,3.900000,3
113.643046,0.070275495,3.920000,3
113.656817,0.070467242,3.940000,3
113.670514,0.070946611,3.960000,3
113.684615,0.070850738,3.980000,3
113.698477,0.071330107,4.000000,3
113.712921,0.071425980,4.020000,3
113.726996,0.072288845,4.040000,3
113.740762,0.071809476,4.060000,3
113.754616,0.072192971,4.080000,3
113.769196,0.072672340,4.100000,3
113.783281,0.072768214,4.120000,3
113.796657,0.073343456,4.140000,3
113.809745,0.073055835,4.160000,3
113.823950,0.073343456,4.180000,3
113.837553,0.074302194,4.200000,3
113.851357,0.074589816,4.220000,3
113.865560,0.074973311,4.240000,3
113.879744,0.075165059,4.260000,3
113.893099,0.075356806,4.280000,3
113.907246,0.074973311,4.300000,3
113.920302,0.075836175,4.320000,3
113.933418,0.076411418,4.340000,3
113.947110,0.076699039,4.360000,3
113.961187,0.076986661,4.380000,3
113.974611,0.077370156,4.400000,3
113.988620,0.077657777,4.420000,3
114.001931,0.078041273,4.440000,3
114.016198,0.077849525,4.460000,3
114.029881,0.078424768,4.480000,3
114.043437,0.079095884,4.500000,3
114.056967,0.079095884,4.520000,3
114.070937,0.079287632,4.540000,3
114.084581,0.079958749,4.560000,3
114.098564,0.079862875,4.580000,3
114.112673,0.080725739,4.600000,3
114.126362,0.080725739,4.620000,3
114.140067,0.081013360,4.640000,3
114.154565,0.081300982,4.660000,3
114.167890,0.081876225,4.680000,3
114.181769,0.082163846,4.700000,3
114.195179,0.082451467,4.720000,3
114.208548,0.083026710,4.740000,3
114.222209,0.083122584,4.760000,3
114.235731,0.083697827,4.780000,3
114.249746,0.083985448,4.800000,3
114.263951,0.084081322,4.820000,3
114.277490,0.084464817,4.840000,3
114.291526,0.084656565,4.860000,3
114.306128,0.085040060,4.880000,3
114.320032,0.085423555,4.900000,3
114.333910,0.085423555,4.920000,3
114.348158,0.086286419,4.940000,3
114.361821,0.086382293,4.960000,3
114.376994,0.086574041,4.980000,3
114.390309,0.086861662,5.000000,3
114.404448,0.087245157,5.020000,3
114.418247,0.087916274,5.040000,3
114.432163,0.088108022,5.060000,3
114.445861,0.088108022,5.080000,3
114.459272,0.088491517,5.100000,3
114.473271,0.088875012,5.120000,3
114.487572,0.089450255,5.140000,3
114.501147,0.089929624,5.160000,3
114.514652,0.089833750,5.180000,3
114.528805,0.089737876,5.200000,3
114.543583,0.090313119,5.220000,3
114.557404,0.090504866,5.240000,3
114.571618,0.090408993,5.260000,3
114.585841,0.091080109,5.280000,3
114.599596,0.091463604,5.300000,3
114.613000,0.091655352,5.320000,3
114.626474,0.092326469,5.340000,3
114.641053,0.092134721,5.360000,3
114.654273,0.092614090,5.380000,3
114.668134,0.092614090,5.400000,3
114.682482,0.092901711,5.420000,3
114.696707,0.093476954,5.440000,3
114.710347,0.093285207,5.460000,3
114.724393,0.094243945,5.480000,3
114.737740,0.094339818,5.500000,3
114.751388,0.094435692,5.520000,3
114.764769,0.094723314,5.540000,3
114.778628,0.094819187,5.560000,3
114.792349,0.094915061,5.580000,3
114.805879,0.095106809,5.600000,3
114.819589,0.095586178,5.620000,3
114.833973,0.096065547,5.640000,3
114.847366,0.095586178,5.660000,3
114.861323,0.096353168,5.680000,3
114.875089,0.096928411,5.700000,3
114.888907,0.096928411,5.720000,3
114.902449,0.097120159,5.740000,3
114.916482,0.097311906,5.760000,3
114.930348,0.097503654,5.780000,3
114.943963,0.097311906,5.800000,3
114.957665,0.097791275,5.820000,3
114.971616,0.097887149,5.840000,3
114.985174,0.098750013,5.860000,3
114.998837,0.098462392,5.880000,3
115.012550,0.099133508,5.900000,3
115.027047,0.098941761,5.920000,3
115.040941,0.099421130,5.940000,3
115.054610,0.099612877,5.960000,3
115.068935,0.099996373,5.980000,3
115.083064,0.100188120,6.000000,3
115.096617,0.100475742,6.020000,3
115.109969,0.100475742,6.040000,3
115.124362,0.100763363,6.060000,3
115.138471,0.100859237,6.080000,3
115.152621,0.101338606,6.100000,3
115.166739,0.101434480,6.120000,3
115.180372,0.102105596,6.140000,3
115.194453,0.102201470,6.160000,3
115.208096,0.102105596,6.180000,3
115.222086,0.102489091,6.200000,3
115.235796,0.102872587,6.220000,3
115.249719,0.102489091,6.240000,3
115.263150,0.103256082,6.260000,3
115.277320,0.103831325,6.280000,3
115.291200,0.103543703,6.300000,3
115.304626,0.103927198,6.320000,3
115.318766,0.103735451,6.340000,3
115.332157,0.104214820,6.360000,3
115.345986,0.104406567,6.380000,3
115.359819,0.104502441,6.400000,3
115.373978,0.104790063,6.420000,3
115.387436,0.105173558,6.440000,3
115.402086,0.105269432,6.460000,3
115.416145,0.105461179,6.480000,3
115.430071,0.105844674,6.500000,3
115.443762,0.106515791,6.520000,3
115.457001,0.106132296,6.540000,3
115.470876,0.106419917,6.560000,3
115.485197,0.106995160,6.580000,3
115.499159,0.107474529,6.600000,3
115.512908,0.107474529,6.620000,3
115.526675,0.107858024,6.640000,3
115.540205,0.107858024,6.660000,3
115.554322,0.108049772,6.680000,3
115.568054,0.108720888,6.700000,3
115.582123,0.108337393,6.720000,3
115.596241,0.108720888,6.740000,3
115.610004,0.109008510,6.760000,3
115.624181,0.109679626,6.780000,3
115.638515,0.109487879,6.800000,3
115.652105,0.109679626,6.820000,3
115.666107,0.109487879,6.840000,3
115.680696,0.109967248,6.860000,3
115.694049,0.110734238,6.880000,3
115.708122,0.110638364,6.900000,3
115.722195,0.110734238,6.920000,3
115.735534,0.111309481,6.940000,3
115.748905,0.111309481,6.960000,3
115.763020,0.111788850,6.980000,3
115.776501,0.112651714,7.000000,3
115.790211,0.112459967,7.020000,3
115.804413,0.113131083,7.040000,3
115.818110,0.113131083,7.060000,3
115.831602,0.113418705,7.080000,3
115.845749,0.113802200,7.100000,3
115.859142,0.113802200,7.120000,3
115.873039,0.114377442,7.140000,3
115.887207,0.114569190,7.160000,3
115.900606,0.114952685,7.180000,3
115.914583,0.115240307,7.200000,3
115.928507,0.115336180,7.220000,3
115.942095,0.115432054,7.240000,3
115.955672,0.115719676,7.260000,3
115.969772,0.116007297,7.280000,3
115.983281,0.116390792,7.300000,3
115.997579,0.116390792,7.320000,3
116.011526,0.116774287,7.340000,3
116.024799,0.117445404,7.360000,3
116.038545,0.117828899,7.380000,3
116.051918,0.117637152,7.400000,3
116.065995,0.117924773,7.420000,3
116.080276,0.118404142,7.440000,3
116.094689,0.118595890,7.460000,3
116.114320,0.119075259,7.480000,3
116.128261,0.119746375,7.500000,3
116.142009,0.119650501,7.520000,3
116.155391,0.120033997,7.540000,3
116.169207,0.120705113,7.560000,3
116.183194,0.120609239,7.580000,3
116.196558,0.120896861,7.600000,3
116.209970,0.121567977,7.620000,3
116.224437,0.121951473,7.640000,3
116.238209,0.122047346,7.660000,3
116.251521,0.121567977,7.680000,3
116.265351,0.122239094,7.700000,3
116.278720,0.122814337,7.720000,3
116.292575,0.122718463,7.740000,3
116.305945,0.123485453,7.760000,3
116.319867,0.123485453,7.780000,3
116.333531,0.123773075,7.800000,3
116.347420,0.124060696,7.820000,3
116.361555,0.124444191,7.840000,3
116.375482,0.124156570,7.860000,3
116.389171,0.124540065,7.880000,3
116.403939,0.124731813,7.900000,3
116.417286,0.125211182,7.920000,3
116.431011,0.125690551,7.940000,3
116.445251,0.125978172,7.960000,3
116.459363,0.126361667,7.980000,3
116.473283,0.126074046,8.000000,3
116.487478,0.126649289,8.020000,3
116.501536,0.126841036,8.040000,3
116.515371,0.127512153,8.060000,3
116.528831,0.127320405,8.080000,3
116.542605,0.127512153,8.100000,3
116.556013,0.127991522,8.120000,3
116.570165,0.128279143,8.140000,3
116.583963,0.128566765,8.160000,3
116.597677,0.128566765,8.180000,3
116.611022,0.128662639,8.200000,3
116.624962,0.129142008,8.220000,3
116.638339,0.129429629,8.240000,3
116.652458,0.129908998,8.260000,3
116.666052,0.129429629,8.280000,3
116.679937,0.130196619,8.300000,3
116.694038,0.130292493,8.320000,3
116.708305,0.130771862,8.340000,3
116.722711,0.130963610,8.360000,3
116.736480,0.130963610,8.380000,3
116.750745,0.131634726,8.400000,3
116.764432,0.131538853,8.420000,3
116.778399,0.131922348,8.440000,3
116.792156,0.132114095,8.460000,3
116.806452,0.132209969,8.480000,3
116.819995,0.132497591,8.500000,3
116.834143,0.132689338,8.520000,3
116.848535,0.132785212,8.540000,3
116.862425,0.132881086,8.560000,3
116.876507,0.132785212,8.580000,3
116.890055,0.133456329,8.600000,3
116.903661,0.134127445,8.620000,3
116.917948,0.134127445,8.640000,3
116.931396,0.134319193,8.660000,3
116.945012,0.134702688,8.680000,3
116.959264,0.134798562,8.700000,3
116.972858,0.134990309,8.720000,3
116.986017,0.134702688,8.740000,3
116.999795,0.135086183,8.760000,3
117.013776,0.135469678,8.780000,3
117.027959,0.135853174,8.800000,3
117.042107,0.135757300,8.820000,3
117.056670,0.136236669,8.840000,3
117.069924,0.135853174,8.860000,3
117.083800,0.136236669,8.880000,3
117.097735,0.136716038,8.900000,3
117.111875,0.136716038,8.920000,3
117.125590,0.137003659,8.940000,3
117.142187,0.136907785,8.960000,3
117.159171,0.137483028,8.980000,3
117.173361,0.137770650,9.000000,3
117.186800,0.137866523,9.020000,3
117.200830,0.138250019,9.040000,3
117.216005,0.138633514,9.060000,3
117.229159,0.138250019,9.080000,3
117.243361,0.138825261,9.100000,3
117.257682,0.139304630,9.120000,3
117.271295,0.138921135,9.140000,3
117.284820,0.139208757,9.160000,3
117.298297,0.139688125,9.180000,3
117.312452,0.140071621,9.200000,3
117.326301,0.140071621,9.220000,3
117.339898,0.140167494,9.240000,3
117.352952,0.139975747,9.260000,3
117.366188,0.140550990,9.280000,3
117.379616,0.140263368,9.300000,3
117.392900,0.140646863,9.320000,3
117.406650,0.140742737,9.340000,3
117.420184,0.141126232,9.360000,3
117.433199,0.141126232,9.380000,3
117.447342,0.141509728,9.400000,3
117.461824,0.141701475,9.420000,3
117.475698,0.142276718,9.440000,3
117.489195,0.142851961,9.460000,3
117.502318,0.142756087,9.480000,3
117.516149,0.142756087,9.500000,3
117.530168,0.143043708,9.520000,3
117.543634,0.142851961,9.540000,3
117.557112,0.143043708,9.560000,3
117.570803,0.143139582,9.580000,3
117.583946,0.143906573,9.600000,3
117.597336,0.143523077,9.620000,3
117.610787,0.144385942,9.640000,3
117.626337,0.144290068,9.660000,3
117.641433,0.144098320,9.680000,3
117.655648,0.144481815,9.700000,3
117.669653,0.144002446,9.720000,3
117.684078,0.145248806,9.740000,3
117.698223,0.145152932,9.760000,3
117.713858,0.145344680,9.780000,3
117.728541,0.145632301,9.800000,3
117.741964,0.145919922,9.820000,3
117.755618,0.146207544,9.840000,3
117.768790,0.146015796,9.860000,3
117.782540,0.146207544,9.880000,3
117.796318,0.146974534,9.900000,3
117.810233,0.147166282,9.920000,3
117.824070,0.147070408,9.940000,3
117.837555,0.147166282,9.960000,3
117.851351,0.147166282,9.980000,3
117.864950,0.147645651,10.000000,3
117.879208,0.148316767,10.020000,3
117.892658,0.148125020,10.040000,3
117.906919,0.148604389,10.060000,3
117.920324,0.148316767,10.080000,3
117.934303,0.148892010,10.100000,3
117.947833,0.148987884,10.120000,3
117.961298,0.149083758,10.140000,3
117.975094,0.149275505,10.160000,3
117.988971,0.149754874,10.180000,3
118.002426,0.149850748,10.200000,3
118.016507,0.150234243,10.220000,3
118.030680,0.150138370,10.240000,3
118.044146,0.150713612,10.260000,3
118.058172,0.150330117,10.280000,3
118.071620,0.151576477,10.300000,3
118.085159,0.151288855,10.320000,3
118.099143,0.151576477,10.340000,3
118.113108,0.151768224,10.360000,3
118.126665,0.152726962,10.380000,3
118.140896,0.152343467,10.400000,3
118.154735,0.152343467,10.420000,3
118.168756,0.152822836,10.440000,3
118.182894,0.153110457,10.460000,3
118.196621,0.153685700,10.480000,3
118.210252,0.153589826,10.500000,3
118.223794,0.154356817,10.520000,3
118.237953,0.154260943,10.540000,3
118.251856,0.153877448,10.560000,3
118.265643,0.154836186,10.580000,3
118.279755,0.154644438,10.600000,3
118.293537,0.155507302,10.620000,3
118.307769,0.155411429,10.640000,3
118.321600,0.155794924,10.660000,3
118.336114,0.155986671,10.680000,3
118.349535,0.156370167,10.700000,3
118.363809,0.156657788,10.720000,3
118.377927,0.156945409,10.740000,3
118.392083,0.157328905,10.760000,3
118.405672,0.157616526,10.780000,3
118.419653,0.157712400,10.800000,3
118.434133,0.158383516,10.820000,3
118.447872,0.158287643,10.840000,3
118.462161,0.158862885,10.860000,3
118.476481,0.159342254,10.880000,3
118.490671,0.159246381,10.900000,3
118.504439,0.159438128,10.920000,3
118.518417,0.160109245,10.940000,3
118.532269,0.160396866,10.960000,3
118.545707,0.160205119,10.980000,3
118.559322,0.160492740,11.000000,3
118.573601,0.160492740,11.020000,3
118.587219,0.161259730,11.040000,3
118.602007,0.161547352,11.060000,3
118.616158,0.161834973,11.080000,3
118.629534,0.162026721,11.100000,3
118.643193,0.162410216,11.120000,3
118.657581,0.162793711,11.140000,3
118.671274,0.162889585,11.160000,3
118.685064,0.163368954,11.180000,3
118.698845,0.163560702,11.200000,3
118.712829,0.163752449,11.220000,3
118.726776,0.163944197,11.240000,3
118.740318,0.164519440,11.260000,3
118.753897,0.164423566,11.280000,3
118.768155,0.164807061,11.300000,3
118.782337,0.165286430,11.320000,3
118.795722,0.165957546,11.340000,3
118.809825,0.165286430,11.360000,3
118.824189,0.165574051,11.380000,3
118.838022,0.166053420,11.400000,3
118.852106,0.166149294,11.420000,3
118.866187,0.166532789,11.440000,3
118.880111,0.166820411,11.460000,3
118.893959,0.167108032,11.480000,3
118.908408,0.167779149,11.500000,3
118.922242,0.167395653,11.520000,3
118.935805,0.168546139,11.540000,3
118.949804,0.168450265,11.560000,3
118.963605,0.168258518,11.580000,3
118.976953,0.168737887,11.600000,3
118.990657,0.168546139,11.620000,3
119.004889,0.168929634,11.640000,3
119.018302,0.169600751,11.660000,3
119.032468,0.169600751,11.680000,3
119.046068,0.169504877,11.700000,3
119.059527,0.169888372,11.720000,3
119.072857,0.169984246,11.740000,3
119.087317,0.170559489,11.760000,3
119.101152,0.170751236,11.780000,3
119.114844,0.171038858,11.800000,3
119.128566,0.171134732,11.820000,3
119.142095,0.171134732,11.840000,3
119.155824,0.171518227,11.860000,3
119.169715,0.171997596,11.880000,3
119.183207,0.171805848,11.900000,3
119.196824,0.172381091,11.920000,3
119.211035,0.172285217,11.940000,3
119.224722,0.173052208,11.960000,3
119.239015,0.172764586,11.980000,3
119.253119,0.173052208,12.000000,3
119.266970,0.173148081,12.020000,3
119.281310,0.173627450,12.040000,3
119.295532,0.173531577,12.060000,3
119.309694,0.173627450,12.080000,3
119.323359,0.174298567,12.100000,3
119.336888,0.174010946,12.120000,3
119.351625,0.174586188,12.140000,3
119.365390,0.174969684,12.160000,3
119.378957,0.174586188,12.180000,3
119.393083,0.174873810,12.200000,3
119.406486,0.174873810,12.220000,3
119.420483,0.175257305,12.240000,3
119.433748,0.175257305,12.260000,3
119.448225,0.175640800,12.280000,3
119.461877,0.175736674,12.300000,3
119.476132,0.175640800,12.320000,3
119.489559,0.176216043,12.340000,3
119.502965,0.175928422,12.360000,3
119.516314,0.176503664,12.380000,3
119.530437,0.176695412,12.400000,3
119.544999,0.177366529,12.420000,3
119.558810,0.177174781,12.440000,3
119.572897,0.177174781,12.460000,3
119.587293,0.177654150,12.480000,3
119.600878,0.177558276,12.500000,3
119.614922,0.177462402,12.520000,3
119.629825,0.177941771,12.540000,3
119.643625,0.178037645,12.560000,3
119.657741,0.177941771,12.580000,3
119.671774,0.178517014,12.600000,3
119.685429,0.179092257,12.620000,3
119.699310,0.179092257,12.640000,3
119.713313,0.178900509,12.660000,3
119.726784,0.179475752,12.680000,3
119.740554,0.179284005,12.700000,3
119.754334,0.179763374,12.720000,3
119.768030,0.179667500,12.740000,3
119.782226,0.179955121,12.760000,3
119.795870,0.180242743,12.780000,3
119.809849,0.180242743,12.800000,3
119.824050,0.181009733,12.820000,3
119.838096,0.180817985,12.840000,3
119.851500,0.181105607,12.860000,3
119.865812,0.180722112,12.880000,3
119.879998,0.181009733,12.900000,3
119.893364,0.181105607,12.920000,3
119.907826,0.181489102,12.940000,3
119.922053,0.181201481,12.960000,3
119.935986,0.181584976,12.980000,3
119.949992,0.182447840,13.000000,3
119.964000,0.182256092,13.020000,3
119.977754,0.182927209,13.040000,3
119.991302,0.182735461,13.060000,3
120.004839,0.182927209,13.080000,3
120.018473,0.182927209,13.100000,3
120.032979,0.182831335,13.120000,3
120.046641,0.183118957,13.140000,3
120.060292,0.183502452,13.160000,3
120.074466,0.183981821,13.180000,3
120.087995,0.183885947,13.200000,3
120.102232,0.184173568,13.220000,3
120.115997,0.184173568,13.240000,3
120.130100,0.184461190,13.260000,3
120.143496,0.184269442,13.280000,3
120.156543,0.184652937,13.300000,3
120.170663,0.185036433,13.320000,3
120.184933,0.185228180,13.340000,3
120.198332,0.185419928,13.360000,3
120.212261,0.185707549,13.380000,3
120.226232,0.185036433,13.400000,3
120.240775,0.185899297,13.420000,3
120.254440,0.186282792,13.440000,3
120.267938,0.186378666,13.460000,3
120.281074,0.186570413,13.480000,3
120.294526,0.186666287,13.500000,3
120.309134,0.186858035,13.520000,3
120.322354,0.187145656,13.540000,3
120.336503,0.187433278,13.560000,3
120.350216,0.187337404,13.580000,3
120.364038,0.187241530,13.600000,3
120.377244,0.187816773,13.620000,3
120.391217,0.187816773,13.640000,3
120.404585,0.188296142,13.660000,3
120.418839,0.188008520,13.680000,3
120.433208,0.188583763,13.700000,3
120.446952,0.188583763,13.720000,3
120.460912,0.189350754,13.740000,3
120.474695,0.189159006,13.760000,3
120.489178,0.189542501,13.780000,3
120.502563,0.189254880,13.800000,3
120.516234,0.189542501,13.820000,3
120.530998,0.190021870,13.840000,3
120.544380,0.190117744,13.860000,3
120.558521,0.190501239,13.880000,3
120.572721,0.190213618,13.900000,3
120.586515,0.190884734,13.920000,3
120.599849,0.191268229,13.940000,3
120.614683,0.191555851,13.960000,3
120.628454,0.191364103,13.980000,3
120.642595,0.191843472,14.000000,3
120.656957,0.191747598,14.020000,3
120.670884,0.192226967,14.040000,3
120.685100,0.192418715,14.060000,3
120.698748,0.192802210,14.080000,3
120.711914,0.193185705,14.100000,3
120.725788,0.193185705,14.120000,3
120.739858,0.193952696,14.140000,3
120.753693,0.193473327,14.160000,3
120.767351,0.193665074,14.180000,3
120.781094,0.194144443,14.200000,3
120.794773,0.194144443,14.220000,3
120.808158,0.194527939,14.240000,3
120.823022,0.195007308,14.260000,3
120.836719,0.195294929,14.280000,3
120.850496,0.195390803,14.300000,3
120.864196,0.195582550,14.320000,3
120.877669,0.195678424,14.340000,3
120.891497,0.196541288,14.360000,3
120.905899,0.196445415,14.380000,3
120.920195,0.197020657,14.400000,3
120.934036,0.196924784,14.420000,3
120.947528,0.197404153,14.440000,3
120.961431,0.196924784,14.460000,3
120.974992,0.197787648,14.480000,3
120.988784,0.197404153,14.500000,3
121.002437,0.198650512,14.520000,3
121.016139,0.198746386,14.540000,3
121.029490,0.199129881,14.560000,3
121.042863,0.198746386,14.580000,3
121.056418,0.199513376,14.600000,3
121.069938,0.199225755,14.620000,3
121.083297,0.200472114,14.640000,3
121.096986,0.200759736,14.660000,3
121.111891,0.200567988,14.680000,3
121.125835,0.201047357,14.700000,3
121.139272,0.201718474,14.720000,3
121.153196,0.201526726,14.740000,3
121.167339,0.202389590,14.760000,3
121.180700,0.202485464,14.780000,3
121.194462,0.202197843,14.800000,3
121.208242,0.202773085,14.820000,3
121.221892,0.203252454,14.840000,3
121.235842,0.203827697,14.860000,3
121.249733,0.203827697,14.880000,3
121.263547,0.203923571,14.900000,3
121.277394,0.205169930,14.920000,3
121.291652,0.204978183,14.940000,3
121.306353,0.205553426,14.960000,3
121.320256,0.205649299,14.980000,3
121.334396,0.206128668,15.000000,3
121.348387,0.206512164,15.020000,3
121.362754,0.206895659,15.040000,3
121.376065,0.207375028,15.060000,3
121.389705,0.207470902,15.080000,3
121.404115,0.208237892,15.100000,3
121.418339,0.208237892,15.120000,3
121.432887,0.208621387,15.140000,3
121.446870,0.209004882,15.160000,3
121.460989,0.209388378,15.180000,3
121.475044,0.209580125,15.200000,3
121.488918,0.209867747,15.220000,3
121.502962,0.210538863,15.240000,3
121.516479,0.210538863,15.260000,3
121.530319,0.211305854,15.280000,3
121.544260,0.211401727,15.300000,3
121.558365,0.212072844,15.320000,3
121.572280,0.211976970,15.340000,3
121.586649,0.212552213,15.360000,3
121.600551,0.212648087,15.380000,3
121.614274,0.213606825,15.400000,3
121.627777,0.213798572,15.420000,3
121.641101,0.214086194,15.440000,3
121.655416,0.214373815,15.460000,3
121.668677,0.214853184,15.480000,3
121.682357,0.215716048,15.500000,3
121.696987,0.215620174,15.520000,3
121.710154,0.216483039,15.540000,3
121.723733,0.216578912,15.560000,3
121.738010,0.216866534,15.580000,3
121.751514,0.217154155,15.600000,3
121.765947,0.217537650,15.620000,3
121.780655,0.217921146,15.640000,3
121.794051,0.218496388,15.660000,3
121.808017,0.219167505,15.680000,3
121.822272,0.219551000,15.700000,3
121.835542,0.219838622,15.720000,3
121.849753,0.220317991,15.740000,3
121.863899,0.221084981,15.760000,3
121.878136,0.221756098,15.780000,3
121.892033,0.221947845,15.800000,3
121.905506,0.222331340,15.820000,3
121.919518,0.222906583,15.840000,3
121.933514,0.223290078,15.860000,3
121.947389,0.224632312,15.880000,3
121.961631,0.224632312,15.900000,3
121.975256,0.225495176,15.920000,3
121.989341,0.225399302,15.940000,3
122.003286,0.227220904,15.960000,3
122.017393,0.227700273,15.980000,3
122.031160,0.227892021,16.000000,3
122.044747,0.228850759,16.020000,3
122.058524,0.229617749,16.040000,3
122.072400,0.230384740,16.060000,3
122.086499,0.230959982,16.080000,3
122.100073,0.231822847,16.100000,3
122.113929,0.233740323,16.120000,3
122.128239,0.233740323,16.140000,3
122.141577,0.234890808,16.160000,3
122.155288,0.235657799,16.180000,3
122.169520,0.237287653,16.200000,3
122.183378,0.238150517,16.220000,3
122.197351,0.239492751,16.240000,3
122.211134,0.240451489,16.260000,3
122.224982,0.241697848,16.280000,3
122.239156,0.243231829,16.300000,3
122.253263,0.243998819,16.320000,3
122.267053,0.244957557,16.340000,3
122.281569,0.246491538,16.360000,3
122.295084,0.247354402,16.380000,3
122.308633,0.248025519,16.400000,3
122.322681,0.249559499,16.420000,3
122.336665,0.250038868,16.440000,3
122.350480,0.250805859,16.460000,3
122.364697,0.251668723,16.480000,3
122.378276,0.251764597,16.500000,3
122.391793,0.253010956,16.520000,3
122.405216,0.253394451,16.540000,3
122.418913,0.253490325,16.560000,3
122.432997,0.254736685,16.580000,3
122.446914,0.254928432,16.600000,3
122.460548,0.255599549,16.620000,3
122.474849,0.256078918,16.640000,3
122.488439,0.255983044,16.660000,3
122.502267,0.256750034,16.680000,3
122.516575,0.256941782,16.700000,3
122.530653,0.257708772,16.720000,3
122.544432,0.257708772,16.740000,3
122.558615,0.258092268,16.760000,3
122.572456,0.258092268,16.780000,3
122.586354,0.258955132,16.800000,3
122.600086,0.258859258,16.820000,3
122.613567,0.259146879,16.840000,3
122.627828,0.259817996,16.860000,3
122.641324,0.260393239,16.880000,3
122.654824,0.260297365,16.900000,3
122.668352,0.260201491,16.920000,3
122.681768,0.260776734,16.940000,3
122.694954,0.261064355,16.960000,3
122.708481,0.261735472,16.980000,3
122.722164,0.261351977,17.000000,3
122.735540,0.261639598,17.020000,3
122.748985,0.262406589,17.040000,3
122.763305,0.262310715,17.060000,3
122.777065,0.262310715,17.080000,3
122.791704,0.263173579,17.100000,3
122.805533,0.262790084,17.120000,3
122.819279,0.263461200,17.140000,3
122.833224,0.263557074,17.160000,3
122.846964,0.264132317,17.180000,3
122.860495,0.264515812,17.200000,3
122.874741,0.264419938,17.220000,3
122.889211,0.264515812,17.240000,3
122.903012,0.264707560,17.260000,3
122.917901,0.265474550,17.280000,3
122.931360,0.265282803,17.300000,3
122.944789,0.265474550,17.320000,3
122.958826,0.265858045,17.340000,3
122.973008,0.265762172,17.360000,3
122.986214,0.266529162,17.380000,3
123.000869,0.266241540,17.400000,3
123.014641,0.266816783,17.420000,3
123.028331,0.267008531,17.440000,3
123.042606,0.267200278,17.460000,3
123.056349,0.267296152,17.480000,3
123.070393,0.267967269,17.500000,3
123.084259,0.267583774,17.520000,3
123.097868,0.268734259,17.540000,3
123.111556,0.268159016,17.560000,3
123.125565,0.268638385,17.580000,3
123.139724,0.268830133,17.600000,3
123.153404,0.269021881,17.620000,3
123.166922,0.269405376,17.640000,3
123.180924,0.269309502,17.660000,3
123.194894,0.269213628,17.680000,3
123.208867,0.269788871,17.700000,3
123.222693,0.270076492,17.720000,3
123.236340,0.270651735,17.740000,3
123.250309,0.270268240,17.760000,3
123.264209,0.270555861,17.780000,3
123.278349,0.270747609,17.800000,3
123.291879,0.270651735,17.820000,3
123.305694,0.271706347,17.840000,3
123.319502,0.271514599,17.860000,3
123.333261,0.271706347,17.880000,3
123.346848,0.272185716,17.900000,3
123.360351,0.271993968,17.920000,3
123.374224,0.271802221,17.940000,3
123.387759,0.273048580,17.960000,3
123.401876,0.272569211,17.980000,3
123.415808,0.273144454,18.000000,3
123.429684,0.273048580,18.020000,3
123.443052,0.272952706,18.040000,3
123.457702,0.273336202,18.060000,3
123.471218,0.274199066,18.080000,3
123.484896,0.274199066,18.100000,3
123.498692,0.274294940,18.120000,3
123.512370,0.273911444,18.140000,3
123.525760,0.274966056,18.160000,3
123.539475,0.274390813,18.180000,3
123.552849,0.275061930,18.200000,3
123.566294,0.275445425,18.220000,3
123.579982,0.275445425,18.240000,3
123.593829,0.275445425,18.260000,3
123.608203,0.276020668,18.280000,3
123.622010,0.276212416,18.300000,3
123.635514,0.276595911,18.320000,3
123.649204,0.276404163,18.340000,3
123.663503,0.277075280,18.360000,3
123.676824,0.277267027,18.380000,3
123.690907,0.277362901,18.400000,3
123.705223,0.277267027,18.420000,3
123.718931,0.277554649,18.440000,3
123.732981,0.277938144,18.460000,3
123.746778,0.278129892,18.480000,3
123.763184,0.278513387,18.500000,3
123.776538,0.278417513,18.520000,3
123.789908,0.278801008,18.540000,3
123.804091,0.278801008,18.560000,3
123.817440,0.279184503,18.580000,3
123.831423,0.279376251,18.600000,3
123.844995,0.279855620,18.620000,3
123.858576,0.280143241,18.640000,3
123.872247,0.280143241,18.660000,3
123.885666,0.280334989,18.680000,3
123.899971,0.280334989,18.700000,3
123.913982,0.281293727,18.720000,3
123.927761,0.280814358,18.740000,3
123.941081,0.280910232,18.760000,3
123.954660,0.281101979,18.780000,3
123.967851,0.281677222,18.800000,3
123.981953,0.281964844,18.820000,3
123.995746,0.281773096,18.840000,3
124.009800,0.282444213,18.860000,3
124.023821,0.282827708,18.880000,3
124.037298,0.282923582,18.900000,3
124.050920,0.282444213,18.920000,3
124.064746,0.283211203,18.940000,3
124.078607,0.283019455,18.960000,3
124.091985,0.282731834,18.980000,3
124.105980,0.283594698,19.000000,3
124.120073,0.283690572,19.020000,3
124.133601,0.283978193,19.040000,3
124.147195,0.284074067,19.060000,3
124.161324,0.284265815,19.080000,3
124.175146,0.284553436,19.100000,3
124.189230,0.285128679,19.120000,3
124.203047,0.284649310,19.140000,3
124.216640,0.285416300,19.160000,3
124.230662,0.284841058,19.180000,3
124.244596,0.285416300,19.200000,3
124.258533,0.285703922,19.220000,3
124.272427,0.286566786,19.240000,3
124.286276,0.285991543,19.260000,3
124.300311,0.286279165,19.280000,3
124.314862,0.286566786,19.300000,3
124.328386,0.286854407,19.320000,3
124.342386,0.286566786,19.340000,3
124.356965,0.287429650,19.360000,3
124.370624,0.287237903,19.380000,3
124.384701,0.288004893,19.400000,3
124.398473,0.287909019,19.420000,3
124.412483,0.288004893,19.440000,3
124.426501,0.288292514,19.460000,3
124.440727,0.288580136,19.480000,3
124.454294,0.288771883,19.500000,3
124.467846,0.288771883,19.520000,3
124.482131,0.289155379,19.540000,3
124.495653,0.289251252,19.560000,3
124.509981,0.289155379,19.580000,3
124.523658,0.289443000,19.600000,3
124.537302,0.289826495,19.620000,3
124.551011,0.289922369,19.640000,3
124.564817,0.290593486,19.660000,3
124.578728,0.290785233,19.680000,3
124.592522,0.290209990,19.700000,3
124.606417,0.290785233,19.720000,3
124.620935,0.291168728,19.740000,3
124.634705,0.291456350,19.760000,3
124.648708,0.291360476,19.780000,3
124.663234,0.291552223,19.800000,3
124.677128,0.292031592,19.820000,3
124.691434,0.292127466,19.840000,3
124.705167,0.292319214,19.860000,3
124.718732,0.292415088,19.880000,3
124.733567,0.292415088,19.900000,3
124.747099,0.292606835,19.920000,3
124.761213,0.293182078,19.940000,3
124.775412,0.293469699,19.960000,3
124.789001,0.293661447,19.980000,3
124.802819,0.293853195,20.000000,3
124.816385,0.293949068,20.000000,3
124.830084,0.294620185,19.980000,3
124.844126,0.294236690,19.960000,3
124.857600,0.294140816,19.940000,3
124.871309,0.294620185,19.920000,3
124.885810,0.294236690,19.900000,3
124.899321,0.294620185,19.880000,3
124.913156,0.294620185,19.860000,3
124.927488,0.294332564,19.840000,3
124.940931,0.294332564,19.820000,3
124.954315,0.294524311,19.800000,3
124.968604,0.294236690,19.780000,3
124.982045,0.293661447,19.760000,3
124.995910,0.294428437,19.740000,3
125.009872,0.294332564,19.720000,3
125.023940,0.294428437,19.700000,3
125.037737,0.294044942,19.680000,3
125.051292,0.294044942,19.660000,3
125.065191,0.293757321,19.640000,3
125.078925,0.293853195,19.620000,3
125.092395,0.294907806,19.600000,3
125.106479,0.294332564,19.580000,3
125.121270,0.293853195,19.560000,3
125.135108,0.293661447,19.540000,3
125.148911,0.293949068,19.520000,3
125.163018,0.293757321,19.500000,3
125.176857,0.294428437,19.480000,3
125.191201,0.294236690,19.460000,3
125.204820,0.293565573,19.440000,3
125.218965,0.293661447,19.420000,3
125.232806,0.293757321,19.400000,3
125.247175,0.293757321,19.380000,3
125.260967,0.293373826,19.360000,3
125.274897,0.293373826,19.340000,3
125.288713,0.294236690,19.320000,3
125.302273,0.293469699,19.300000,3
125.315583,0.293949068,19.280000,3
125.329143,0.293565573,19.260000,3
125.343322,0.293853195,19.240000,3
125.356946,0.293277952,19.220000,3
125.371224,0.293949068,19.200000,3
125.385200,0.293469699,19.180000,3
125.398903,0.293182078,19.160000,3
125.412963,0.293086204,19.140000,3
125.427120,0.293277952,19.120000,3
125.441255,0.293182078,19.100000,3
125.454595,0.292606835,19.080000,3
125.468169,0.292702709,19.060000,3
125.482502,0.292990330,19.040000,3
125.496455,0.293086204,19.020000,3
125.510945,0.292894457,19.000000,3
125.524061,0.293086204,18.980000,3
125.537764,0.292510961,18.960000,3
125.551294,0.292798583,18.940000,3
125.565444,0.292223340,18.920000,3
125.580088,0.292223340,18.900000,3
125.593831,0.292510961,18.880000,3
125.607560,0.292894457,18.860000,3
125.621376,0.292415088,18.840000,3
125.635062,0.292894457,18.820000,3
125.649024,0.292223340,18.800000,3
125.662581,0.292031592,18.780000,3
125.676691,0.292223340,18.760000,3
125.690353,0.292031592,18.740000,3
125.704110,0.292223340,18.720000,3
125.718126,0.292319214,18.700000,3
125.732180,0.292223340,18.680000,3
125.746562,0.292510961,18.660000,3
125.760242,0.292223340,18.640000,3
125.774317,0.292031592,18.620000,3
125.787863,0.292031592,18.600000,3
125.801985,0.291743971,18.580000,3
125.816083,0.291935719,18.560000,3
125.829915,0.291552223,18.540000,3
125.843482,0.292031592,18.520000,3
125.857297,0.291648097,18.500000,3
125.871357,0.291648097,18.480000,3
125.885664,0.291743971,18.460000,3
125.899419,0.291935719,18.440000,3
125.913236,0.291456350,18.420000,3
125.927259,0.290689359,18.400000,3
125.941231,0.291456350,18.380000,3
125.954695,0.291168728,18.360000,3
125.968338,0.291072855,18.340000,3
125.981885,0.291264602,18.320000,3
125.995949,0.290785233,18.300000,3
126.009490,0.290593486,18.280000,3
126.023271,0.290593486,18.260000,3
126.036813,0.290593486,18.240000,3
126.050066,0.290593486,18.220000,3
126.063795,0.290497612,18.200000,3
126.077876,0.290593486,18.180000,3
126.091176,0.290018243,18.160000,3
126.104672,0.290305864,18.140000,3
126.119500,0.290209990,18.120000,3
126.133047,0.290018243,18.100000,3
126.146856,0.290018243,18.080000,3
126.161140,0.289826495,18.060000,3
126.174308,0.289826495,18.040000,3
126.188554,0.290018243,18.020000,3
126.202392,0.289634748,18.000000,3
126.216297,0.289826495,17.980000,3
126.230090,0.289826495,17.960000,3
126.243618,0.289251252,17.940000,3
126.257407,0.289730621,17.920000,3
126.271185,0.289634748,17.900000,3
126.284657,0.289538874,17.880000,3
126.298642,0.289251252,17.860000,3
126.312383,0.289155379,17.840000,3
126.326495,0.289059505,17.820000,3
126.339828,0.289155379,17.800000,3
126.353724,0.289155379,17.780000,3
126.367353,0.289059505,17.760000,3
126.381622,0.289059505,17.740000,3
126.395633,0.288676010,17.720000,3
126.409241,0.288484262,17.700000,3
126.423157,0.289155379,17.680000,3
126.436519,0.288676010,17.660000,3
126.450763,0.288484262,17.640000,3
126.464356,0.288484262,17.620000,3
126.478510,0.288196641,17.600000,3
126.491949,0.287813145,17.580000,3
126.506368,0.288388388,17.560000,3
126.520530,0.288196641,17.540000,3
126.534613,0.288292514,17.520000,3
126.548382,0.288100767,17.500000,3
126.562128,0.288292514,17.480000,3
126.576456,0.288196641,17.460000,3
126.591270,0.287717272,17.440000,3
126.604602,0.287909019,17.420000,3
126.618294,0.287525524,17.400000,3
126.632388,0.287621398,17.380000,3
126.646250,0.287525524,17.360000,3
126.660376,0.287333776,17.340000,3
126.674552,0.287333776,17.320000,3
126.688100,0.287717272,17.300000,3
126.701433,0.286950281,17.280000,3
126.715269,0.287046155,17.260000,3
126.729064,0.286950281,17.240000,3
126.742819,0.286854407,17.220000,3
126.757006,0.287046155,17.200000,3
126.770877,0.286854407,17.180000,3
126.784517,0.286183291,17.160000,3
126.798543,0.286950281,17.140000,3
126.812148,0.286375038,17.120000,3
126.826216,0.286375038,17.100000,3
126.839982,0.286758534,17.080000,3
126.853506,0.286375038,17.060000,3
126.867082,0.286375038,17.040000,3
126.881094,0.285895669,17.020000,3
126.895296,0.286279165,17.000000,3
126.909177,0.285799796,16.980000,3
126.923231,0.286183291,16.960000,3
126.937217,0.285512174,16.940000,3
126.951557,0.285703922,16.920000,3
126.965244,0.285512174,16.900000,3
126.979092,0.285416300,16.880000,3
126.993260,0.285512174,16.860000,3
127.006936,0.285416300,16.840000,3
127.021004,0.284936931,16.820000,3
127.035172,0.285224553,16.800000,3
127.048769,0.285416300,16.780000,3
127.062652,0.284841058,16.760000,3
127.076673,0.284745184,16.740000,3
127.090999,0.285032805,16.720000,3
127.104960,0.284841058,16.700000,3
127.118809,0.284553436,16.680000,3
127.132427,0.284936931,16.660000,3
127.145994,0.284265815,16.640000,3
127.159489,0.284265815,16.620000,3
127.173161,0.285128679,16.600000,3
127.187158,0.284457562,16.580000,3
127.200959,0.283978193,16.560000,3
127.215035,0.284074067,16.540000,3
127.228375,0.284265815,16.520000,3
127.241864,0.283978193,16.500000,3
127.255611,0.283786446,16.480000,3
127.270650,0.283690572,16.460000,3
127.284452,0.283690572,16.440000,3
127.298952,0.283498824,16.420000,3
127.313589,0.283498824,16.400000,3
127.327148,0.283498824,16.380000,3
127.340579,0.283307077,16.360000,3
127.354609,0.283498824,16.340000,3
127.367802,0.283019455,16.320000,3
127.381771,0.282827708,16.300000,3
127.395416,0.283115329,16.280000,3
127.409227,0.282635960,16.260000,3
127.422939,0.282827708,16.240000,3
127.436832,0.282444213,16.220000,3
127.450892,0.282348339,16.200000,3
127.464473,0.282635960,16.180000,3
127.478555,0.282060717,16.160000,3
127.492208,0.281389601,16.140000,3
127.505987,0.281964844,16.120000,3
127.519916,0.282156591,16.100000,3
127.533782,0.281964844,16.080000,3
127.547325,0.281868970,16.060000,3
127.561138,0.281868970,16.040000,3
127.575033,0.281868970,16.020000,3
127.588895,0.281293727,16.000000,3
127.602522,0.281581348,15.980000,3
127.616750,0.281581348,15.960000,3
127.632859,0.281293727,15.940000,3
127.646600,0.281197853,15.920000,3
127.659767,0.281197853,15.900000,3
127.672570,0.280430863,15.880000,3
127.685354,0.280910232,15.860000,3
127.698860,0.281101979,15.840000,3
127.712739,0.280718484,15.820000,3
127.726080,0.280430863,15.800000,3
127.739616,0.280239115,15.780000,3
127.753059,0.280239115,15.760000,3
127.766915,0.280622610,15.740000,3
127.780592,0.280239115,15.720000,3
127.794694,0.280047368,15.700000,3
127.808492,0.280239115,15.680000,3
127.822425,0.279663872,15.660000,3
127.836968,0.279759746,15.640000,3
127.850758,0.279951494,15.620000,3
127.864898,0.279663872,15.600000,3
127.878871,0.278896882,15.580000,3
127.892691,0.279663872,15.560000,3
127.907206,0.279376251,15.540000,3
127.921257,0.279376251,15.520000,3
127.934452,0.279567999,15.500000,3
127.948367,0.279280377,15.480000,3
127.962279,0.278609261,15.460000,3
127.976393,0.279184503,15.440000,3
127.990469,0.278992756,15.420000,3
128.005065,0.278896882,15.400000,3
128.018618,0.278801008,15.380000,3
128.032505,0.279280377,15.360000,3
128.046028,0.278417513,15.340000,3
128.059699,0.278609261,15.320000,3
128.074115,0.278034018,15.300000,3
128.088175,0.278129892,15.280000,3
128.102593,0.277938144,15.260000,3
128.116257,0.278034018,15.240000,3
128.130929,0.278321639,15.220000,3
128.144104,0.278034018,15.200000,3
128.158345,0.277458775,15.180000,3
128.171969,0.277075280,15.160000,3
128.186060,0.277267027,15.140000,3
128.199710,0.276883532,15.120000,3
128.214839,0.277362901,15.100000,3
128.228466,0.277171154,15.080000,3
128.242626,0.277362901,15.060000,3
128.256305,0.276883532,15.040000,3
128.270648,0.276691785,15.020000,3
128.284409,0.276883532,15.000000,3
128.297943,0.276979406,14.980000,3
128.311645,0.276787658,14.960000,3
128.325443,0.276404163,14.940000,3
128.339219,0.276404163,14.920000,3
128.352971,0.276691785,14.900000,3
128.366638,0.275924794,14.880000,3
128.380139,0.276116542,14.860000,3
128.393961,0.275828920,14.840000,3
128.407891,0.275924794,14.820000,3
128.421537,0.275349551,14.800000,3
128.435084,0.275541299,14.780000,3
128.448956,0.275828920,14.760000,3
128.463216,0.275541299,14.740000,3
128.476869,0.275541299,14.720000,3
128.491144,0.275253678,14.700000,3
128.505199,0.275349551,14.680000,3
128.518842,0.274678435,14.660000,3
128.532238,0.274870182,14.640000,3
128.546325,0.275061930,14.620000,3
128.559972,0.274582561,14.600000,3
128.573542,0.274774309,14.580000,3
128.587717,0.274103192,14.560000,3
128.601258,0.274199066,14.540000,3
128.615144,0.274294940,14.520000,3
128.629910,0.274103192,14.500000,3
128.643981,0.274199066,14.480000,3
128.657112,0.274007318,14.460000,3
128.671781,0.274103192,14.440000,3
128.685297,0.273623823,14.420000,3
128.699167,0.273719697,14.400000,3
128.712710,0.273623823,14.380000,3
128.726411,0.273815571,14.360000,3
128.740251,0.273432075,14.340000,3
128.754424,0.273336202,14.320000,3
128.768334,0.273144454,14.300000,3
128.782035,0.272665085,14.280000,3
128.795559,0.273048580,14.260000,3
128.809101,0.273144454,14.240000,3
128.823035,0.272473337,14.220000,3
128.836934,0.273048580,14.200000,3
128.850528,0.272856833,14.180000,3
128.864228,0.272569211,14.160000,3
128.877972,0.272281590,14.140000,3
128.891783,0.271993968,14.120000,3
128.905965,0.272856833,14.100000,3
128.919995,0.272856833,14.080000,3
128.933437,0.272377464,14.060000,3
128.947902,0.272185716,14.040000,3
128.961791,0.271802221,14.020000,3
128.975807,0.271610473,14.000000,3
128.989783,0.271706347,13.980000,3
129.004441,0.271418726,13.960000,3
129.018056,0.271131104,13.940000,3
129.032514,0.271226978,13.920000,3
129.046698,0.271131104,13.900000,3
129.060810,0.271226978,13.880000,3
129.074931,0.271131104,13.860000,3
129.088857,0.270939357,13.840000,3
129.102715,0.270651735,13.820000,3
129.116453,0.270651735,13.800000,3
129.129907,0.270651735,13.780000,3
129.143382,0.270651735,13.760000,3
129.157828,0.270364114,13.740000,3
129.171207,0.270076492,13.720000,3
129.185172,0.269884745,13.700000,3
129.199040,0.270459988,13.680000,3
129.213409,0.269884745,13.660000,3
129.227653,0.270172366,13.640000,3
129.241115,0.269597123,13.620000,3
129.255209,0.269597123,13.600000,3
129.269367,0.269309502,13.580000,3
129.283896,0.269501250,13.560000,3
129.297682,0.269117754,13.540000,3
129.311471,0.268926007,13.520000,3
129.325406,0.269213628,13.500000,3
129.339593,0.269117754,13.480000,3
129.354677,0.268350764,13.460000,3
129.368144,0.269213628,13.440000,3
129.382653,0.269213628,13.420000,3
129.396717,0.268254890,13.400000,3
129.410103,0.268350764,13.380000,3
129.423881,0.268254890,13.360000,3
129.437285,0.268350764,13.340000,3
129.451071,0.267967269,13.320000,3
129.464612,0.268350764,13.300000,3
129.478569,0.267967269,13.280000,3
129.492016,0.267775521,13.260000,3
129.507249,0.267392026,13.240000,3
129.520887,0.267392026,13.220000,3
129.535080,0.267487900,13.200000,3
129.549263,0.267487900,13.180000,3
129.562959,0.267487900,13.160000,3
129.577297,0.266625036,13.140000,3
129.591175,0.267583774,13.120000,3
129.604439,0.266625036,13.100000,3
129.618153,0.267200278,13.080000,3
129.631540,0.267008531,13.060000,3
129.645339,0.266625036,13.040000,3
129.659191,0.266912657,13.020000,3
129.672993,0.266337414,13.000000,3
129.687023,0.266529162,12.980000,3
129.701059,0.266625036,12.960000,3
129.714774,0.266337414,12.940000,3
129.728641,0.266049793,12.920000,3
129.742283,0.265953919,12.900000,3
129.756557,0.265953919,12.880000,3
129.770441,0.265570424,12.860000,3
129.784249,0.265858045,12.840000,3
129.798228,0.265762172,12.820000,3
129.812599,0.265474550,12.800000,3
129.826494,0.265474550,12.780000,3
129.839753,0.265091055,12.760000,3
129.854226,0.265091055,12.740000,3
129.867671,0.265570424,12.720000,3
129.881382,0.265186929,12.700000,3
129.895480,0.265091055,12.680000,3
129.908944,0.264899307,12.660000,3
129.922589,0.264803434,12.640000,3
129.936362,0.264419938,12.620000,3
129.949905,0.264515812,12.600000,3
129.963072,0.264419938,12.580000,3
129.976433,0.264228191,12.560000,3
129.989808,0.263844696,12.540000,3
130.003607,0.263748822,12.520000,3
130.018260,0.264228191,12.500000,3
130.033307,0.264132317,12.480000,3
130.046902,0.263844696,12.460000,3
130.060279,0.263557074,12.440000,3
130.073932,0.263748822,12.420000,3
130.087619,0.263269453,12.400000,3
130.101939,0.263461200,12.380000,3
130.115883,0.263077705,12.360000,3
130.129319,0.262981831,12.340000,3
130.142957,0.262981831,12.320000,3
130.156749,0.263077705,12.300000,3
130.170547,0.262502462,12.280000,3
130.184022,0.262885958,12.260000,3
130.198311,0.262310715,12.240000,3
130.213150,0.262694210,12.220000,3
130.226622,0.262310715,12.200000,3
130.240554,0.262023093,12.180000,3
130.254300,0.261927220,12.160000,3
130.268932,0.262118967,12.140000,3
130.282459,0.261735472,12.120000,3
130.296376,0.261447851,12.100000,3
130.309956,0.261927220,12.080000,3
130.323703,0.261543724,12.060000,3
130.337208,0.261831346,12.040000,3
130.351103,0.260680860,12.020000,3
130.365106,0.261160229,12.000000,3
130.378820,0.261543724,11.980000,3
130.392370,0.260872608,11.960000,3
130.406122,0.260968482,11.940000,3
130.419461,0.260680860,11.920000,3
130.433537,0.260393239,11.900000,3
130.448044,0.260489113,11.880000,3
130.461434,0.260297365,11.860000,3
130.475352,0.260201491,11.840000,3
130.489636,0.260297365,11.820000,3
130.502983,0.259817996,11.800000,3
130.516631,0.260393239,11.780000,3
130.531014,0.259626248,11.760000,3
130.544888,0.259626248,11.740000,3
130.559261,0.259626248,11.720000,3
130.573344,0.259722122,11.700000,3
130.587083,0.259051006,11.680000,3
130.601202,0.259434501,11.660000,3
130.616052,0.258859258,11.640000,3
130.629818,0.258955132,11.620000,3
130.643196,0.259146879,11.600000,3
130.656650,0.258955132,11.580000,3
130.671099,0.258667510,11.560000,3
130.684534,0.258955132,11.540000,3
130.698517,0.258763384,11.520000,3
130.712592,0.258571637,11.500000,3
130.725832,0.258188141,11.480000,3
130.740337,0.258092268,11.460000,3
130.754554,0.257804646,11.440000,3
130.768162,0.258188141,11.420000,3
130.782174,0.257708772,11.400000,3
130.795628,0.257612899,11.380000,3
130.809582,0.257996394,11.360000,3
130.823393,0.257421151,11.340000,3
130.837050,0.257708772,11.320000,3
130.850826,0.257517025,11.300000,3
130.865179,0.256845908,11.280000,3
130.879014,0.257133530,11.260000,3
130.893107,0.256941782,11.240000,3
130.906440,0.256750034,11.220000,3
130.920505,0.256845908,11.200000,3
130.933861,0.256750034,11.180000,3
130.947346,0.256366539,11.160000,3
130.961406,0.256462413,11.140000,3
130.975636,0.256078918,11.120000,3
130.989398,0.256270665,11.100000,3
131.002975,0.256174792,11.080000,3
131.016770,0.255791296,11.060000,3
131.030626,0.255599549,11.040000,3
131.044404,0.255503675,11.020000,3
131.057560,0.255599549,11.000000,3
131.072066,0.255599549,10.980000,3
131.086611,0.255599549,10.960000,3
131.100007,0.255503675,10.940000,3
131.113624,0.255120180,10.920000,3
131.127371,0.254736685,10.900000,3
131.140707,0.254928432,10.880000,3
131.154363,0.254832558,10.860000,3
131.168345,0.255024306,10.840000,3
131.182300,0.254832558,10.820000,3
131.195931,0.254449063,10.800000,3
131.209185,0.254544937,10.780000,3
131.223305,0.254449063,10.760000,3
131.237767,0.253777947,10.740000,3
131.251443,0.253969694,10.720000,3
131.265933,0.254257316,10.700000,3
131.280447,0.253586199,10.680000,3
131.293838,0.253586199,10.660000,3
131.307575,0.253490325,10.640000,3
131.321191,0.253777947,10.620000,3
131.334676,0.253873820,10.600000,3
131.348130,0.253202704,10.580000,3
131.361814,0.253682073,10.560000,3
131.375329,0.252819209,10.540000,3
131.389093,0.251956344,10.520000,3
131.403396,0.252627461,10.500000,3
131.417021,0.252915082,10.480000,3
131.430960,0.252148092,10.460000,3
131.444391,0.251956344,10.440000,3
131.457741,0.252052218,10.420000,3
131.471654,0.252148092,10.400000,3
131.485510,0.252052218,10.380000,3
131.499107,0.252052218,10.360000,3
131.512417,0.251764597,10.340000,3
131.525989,0.251668723,10.320000,3
131.540243,0.251764597,10.300000,3
131.553779,0.251381102,10.280000,3
131.567179,0.251093480,10.260000,3
131.581576,0.251189354,10.240000,3
131.594863,0.251189354,10.220000,3
131.609377,0.251285228,10.200000,3
131.622864,0.250997606,10.180000,3
131.636541,0.250997606,10.160000,3
131.650706,0.250709985,10.140000,3
131.664712,0.250038868,10.120000,3
131.678428,0.249751247,10.100000,3
131.692095,0.250038868,10.080000,3
131.706551,0.250230616,10.060000,3
131.720446,0.249847121,10.040000,3
131.734314,0.249367752,10.020000,3
131.747982,0.249751247,10.000000,3
131.762208,0.249751247,9.980000,3
131.776597,0.249655373,9.960000,3
131.790780,0.248888383,9.940000,3
131.804724,0.249176004,9.920000,3
131.819575,0.248984257,9.900000,3
131.833185,0.249367752,9.880000,3
131.847016,0.249080130,9.860000,3
131.860626,0.248792509,9.840000,3
131.874592,0.248888383,9.820000,3
131.888597,0.248696635,9.800000,3
131.902236,0.248984257,9.780000,3
131.915975,0.247737897,9.760000,3
131.929821,0.247546150,9.740000,3
131.943265,0.247737897,9.720000,3
131.957170,0.247546150,9.700000,3
131.971500,0.247642023,9.680000,3
131.985172,0.247737897,9.660000,3
131.999143,0.247354402,9.640000,3
132.012947,0.247066781,9.620000,3
132.026526,0.247162654,9.600000,3
132.041555,0.246970907,9.580000,3
132.055998,0.246491538,9.560000,3
132.069721,0.246779159,9.540000,3
132.084153,0.246875033,9.520000,3
132.098237,0.246970907,9.500000,3
132.112275,0.246299790,9.480000,3
132.126407,0.246012169,9.460000,3
132.140559,0.246299790,9.440000,3
132.154543,0.246108043,9.420000,3
132.168156,0.245532800,9.400000,3
132.181489,0.245532800,9.380000,3
132.195141,0.245149305,9.360000,3
132.208839,0.245341052,9.340000,3
132.223019,0.245436926,9.320000,3
132.236569,0.245053431,9.300000,3
132.249788,0.244861683,9.280000,3
132.263380,0.245341052,9.260000,3
132.278013,0.245245178,9.240000,3
132.291600,0.244861683,9.220000,3
132.305252,0.244286440,9.200000,3
132.318946,0.244669936,9.180000,3
132.332459,0.244190567,9.160000,3
132.346381,0.243902945,9.140000,3
132.360570,0.243998819,9.120000,3
132.373798,0.244286440,9.100000,3
132.387751,0.243711198,9.080000,3
132.401217,0.243231829,9.060000,3
132.415062,0.243423576,9.040000,3
132.428871,0.243135955,9.020000,3
132.442468,0.243135955,9.000000,3
132.456029,0.242848333,8.980000,3
132.470054,0.242752460,8.960000,3
132.483735,0.242752460,8.940000,3
132.497689,0.242656586,8.920000,3
132.511887,0.242464838,8.900000,3
132.525317,0.242656586,8.880000,3
132.538801,0.241985469,8.860000,3
132.552650,0.241793722,8.840000,3
132.566240,0.241985469,8.820000,3
132.580196,0.241985469,8.800000,3
132.594803,0.241793722,8.780000,3
132.608711,0.241697848,8.760000,3
132.622497,0.241601974,8.740000,3
132.637396,0.240834984,8.720000,3
132.650738,0.240834984,8.700000,3
132.663715,0.240930857,8.680000,3
132.677585,0.240643236,8.660000,3
132.690424,0.240067993,8.640000,3
132.703740,0.240739110,8.620000,3
132.718634,0.239972120,8.600000,3
132.732132,0.240547362,8.580000,3
132.745700,0.240355615,8.560000,3
132.759209,0.239876246,8.540000,3
132.773387,0.239684498,8.520000,3
132.786738,0.239684498,8.500000,3
132.800572,0.239205129,8.480000,3
132.814204,0.239301003,8.460000,3
132.828078,0.239301003,8.440000,3
132.841980,0.239588624,8.420000,3
132.855305,0.238246391,8.400000,3
132.869327,0.238725760,8.380000,3
132.883146,0.238725760,8.360000,3
132.896801,0.238246391,8.340000,3
132.910358,0.237958770,8.320000,3
132.924316,0.238438139,8.300000,3
132.938276,0.237862896,8.280000,3
132.951540,0.237862896,8.260000,3
132.965638,0.237575275,8.240000,3
132.979479,0.237671148,8.220000,3
132.993832,0.237767022,8.200000,3
133.007908,0.237191779,8.180000,3
133.021248,0.237000032,8.160000,3
133.035442,0.236904158,8.140000,3
133.049171,0.236712410,8.120000,3
133.063082,0.236328915,8.100000,3
133.076618,0.236233041,8.080000,3
133.090525,0.236712410,8.060000,3
133.104460,0.236137168,8.040000,3
133.118753,0.235945420,8.020000,3
133.132735,0.235753672,8.000000,3
133.146484,0.236041294,7.980000,3
133.160315,0.235561925,7.960000,3
133.174223,0.235274303,7.940000,3
133.189285,0.235178430,7.920000,3
133.202528,0.234699061,7.900000,3
133.216466,0.234794934,7.880000,3
133.231333,0.234794934,7.860000,3
133.245962,0.234699061,7.840000,3
133.259651,0.234986682,7.820000,3
133.273142,0.234027944,7.800000,3
133.286643,0.234603187,7.780000,3
133.300682,0.234507313,7.760000,3
133.315305,0.233932070,7.740000,3
133.329001,0.233740323,7.720000,3
133.342493,0.233836196,7.700000,3
133.356285,0.233260954,7.680000,3
133.370579,0.233260954,7.660000,3
133.383931,0.233260954,7.640000,3
133.397904,0.233165080,7.620000,3
133.412486,0.233069206,7.600000,3
133.426966,0.232398089,7.580000,3
133.442407,0.232493963,7.560000,3
133.455615,0.232493963,7.540000,3
133.469195,0.232014594,7.520000,3
133.483392,0.232206342,7.500000,3
133.496929,0.231918720,7.480000,3
133.510671,0.232014594,7.460000,3
133.524764,0.231822847,7.440000,3
133.538568,0.231439351,7.420000,3
133.552320,0.231151730,7.400000,3
133.566479,0.230288866,7.380000,3
133.580266,0.231055856,7.360000,3
133.594256,0.230768235,7.340000,3
133.607764,0.230576487,7.320000,3
133.621785,0.230864109,7.300000,3
133.635494,0.230001244,7.280000,3
133.649566,0.230192992,7.260000,3
133.664207,0.230576487,7.240000,3
133.677992,0.230097118,7.220000,3
133.692132,0.229809497,7.200000,3
133.706397,0.229809497,7.180000,3
133.720689,0.229713623,7.160000,3
133.734830,0.228850759,7.140000,3
133.748353,0.229042506,7.120000,3
133.762634,0.229042506,7.100000,3
133.776269,0.228946633,7.080000,3
133.789559,0.228754885,7.060000,3
133.802899,0.228371390,7.040000,3
133.816540,0.228563137,7.020000,3
133.830561,0.228275516,7.000000,3
133.845223,0.228083768,6.980000,3
133.858930,0.228083768,6.960000,3
133.872313,0.227796147,6.940000,3
133.887016,0.227796147,6.920000,3
133.900355,0.227700273,6.900000,3
133.914433,0.227700273,6.880000,3
133.928972,0.227604399,6.860000,3
133.942799,0.227316778,6.840000,3
133.956649,0.226741535,6.820000,3
133.970526,0.227125030,6.800000,3
133.985056,0.226837409,6.780000,3
133.999124,0.226741535,6.760000,3
134.013145,0.225686923,6.740000,3
134.027570,0.226358040,6.720000,3
134.041848,0.226166292,6.700000,3
134.057856,0.226549788,6.680000,3
134.072967,0.225878671,6.660000,3
134.087276,0.225686923,6.640000,3
134.100457,0.225686923,6.620000,3
134.117156,0.225207554,6.600000,3
134.131263,0.224919933,6.580000,3
134.144925,0.225207554,6.560000,3
134.158523,0.225015807,6.540000,3
134.172197,0.224536438,6.520000,3
134.186013,0.224536438,6.500000,3
134.200156,0.224440564,6.480000,3
134.213595,0.224632312,6.460000,3
134.227315,0.224344690,6.440000,3
134.241371,0.223769447,6.420000,3
134.254839,0.223865321,6.400000,3
134.270439,0.223481826,6.380000,3
134.284461,0.223577700,6.360000,3
134.298520,0.223194205,6.340000,3
134.312590,0.223194205,6.320000,3
134.325992,0.223577700,6.300000,3
134.339848,0.223194205,6.280000,3
134.353209,0.222906583,6.260000,3
134.366996,0.223194205,6.240000,3
134.381384,0.222235467,6.220000,3
134.395612,0.222427214,6.200000,3
134.409278,0.221947845,6.180000,3
134.423226,0.222523088,6.160000,3
134.437783,0.221756098,6.140000,3
134.451790,0.221564350,6.120000,3
134.465937,0.221468476,6.100000,3
134.479156,0.220989107,6.080000,3
134.493160,0.221564350,6.060000,3
134.507525,0.220893233,6.040000,3
134.523418,0.220893233,6.020000,3
134.537173,0.220701486,6.000000,3
134.551841,0.221180855,5.980000,3
134.565364,0.220317991,5.960000,3
134.578753,0.220413864,5.940000,3
134.591984,0.220030369,5.920000,3
134.605546,0.219934495,5.900000,3
134.619163,0.219838622,5.880000,3
134.632983,0.219934495,5.860000,3
134.646270,0.219359253,5.840000,3
134.659978,0.219359253,5.820000,3
134.673287,0.218879884,5.800000,3
134.688085,0.219071631,5.780000,3
134.701810,0.219071631,5.760000,3
134.715714,0.218688136,5.740000,3
134.729365,0.219263379,5.720000,3
134.743131,0.218688136,5.700000,3
134.756437,0.218496388,5.680000,3
134.769787,0.218400515,5.660000,3
134.784042,0.218017019,5.640000,3
134.797490,0.218208767,5.620000,3
134.810611,0.217441777,5.600000,3
134.824044,0.217921146,5.580000,3
134.837250,0.217537650,5.560000,3
134.850963,0.217250029,5.540000,3
134.864690,0.217345903,5.520000,3
134.878225,0.217250029,5.500000,3
134.892337,0.216483039,5.480000,3
134.906243,0.216483039,5.460000,3
134.920283,0.216387165,5.440000,3
134.934305,0.216291291,5.420000,3
134.948190,0.216674786,5.400000,3
134.961551,0.215907796,5.380000,3
134.975027,0.216291291,5.360000,3
134.989685,0.216291291,5.340000,3
135.002955,0.216291291,5.320000,3
135.016223,0.215907796,5.300000,3
135.029835,0.215428427,5.280000,3
135.044042,0.215524301,5.260000,3
135.057929,0.215332553,5.240000,3
135.071207,0.214949058,5.220000,3
135.084334,0.215044932,5.200000,3
135.098234,0.214661437,5.180000,3
135.111237,0.214661437,5.160000,3
135.125617,0.214086194,5.140000,3
135.140206,0.214373815,5.120000,3
135.153909,0.214661437,5.100000,3
135.167895,0.213702699,5.080000,3
135.181922,0.213510951,5.060000,3
135.195978,0.213702699,5.040000,3
135.209486,0.213319203,5.020000,3
135.223434,0.213702699,5.000000,3
135.236845,0.213319203,4.980000,3
135.250354,0.213319203,4.960000,3
135.264255,0.212839834,4.940000,3
135.277718,0.213031582,4.920000,3
135.291092,0.212839834,4.900000,3
135.304949,0.212168718,4.880000,3
135.319587,0.212168718,4.860000,3
135.333572,0.212648087,4.840000,3
135.347616,0.211881096,4.820000,3
135.362450,0.211976970,4.800000,3
135.376250,0.212456339,4.780000,3
135.390110,0.212456339,4.760000,3
135.404516,0.211497601,4.740000,3
135.418391,0.211401727,4.720000,3
135.432260,0.211785223,4.700000,3
135.446624,0.211401727,4.680000,3
135.460483,0.211018232,4.660000,3
135.474600,0.210347116,4.640000,3
135.488389,0.210538863,4.620000,3
135.502197,0.210538863,4.600000,3
135.515831,0.210634737,4.580000,3
135.530230,0.210251242,4.560000,3
135.544294,0.209580125,4.540000,3
135.558007,0.210251242,4.520000,3
135.571943,0.209867747,4.500000,3
135.584994,0.209771873,4.480000,3
135.598864,0.209388378,4.460000,3
135.613175,0.209196630,4.440000,3
135.627387,0.209580125,4.420000,3
135.640721,0.209388378,4.400000,3
135.654315,0.208813135,4.380000,3
135.668582,0.209004882,4.360000,3
135.682351,0.208717261,4.340000,3
135.696180,0.208717261,4.320000,3
135.710289,0.208333766,4.300000,3
135.724124,0.208429640,4.280000,3
135.738077,0.207950271,4.260000,3
135.751640,0.208333766,4.240000,3
135.765072,0.207566775,4.220000,3
135.778962,0.207854397,4.200000,3
135.793602,0.207662649,4.180000,3
135.807481,0.207854397,4.160000,3
135.821515,0.207758523,4.140000,3
135.835324,0.206991533,4.120000,3
135.849041,0.207087406,4.100000,3
135.863194,0.206703911,4.080000,3
135.876929,0.206512164,4.060000,3
135.890908,0.206224542,4.040000,3
135.904869,0.206416290,4.020000,3
135.918853,0.205745173,4.000000,3
135.933013,0.205745173,3.980000,3
135.946782,0.205745173,3.960000,3
135.960281,0.205457552,3.940000,3
135.975075,0.205074057,3.920000,3
135.989259,0.205649299,3.900000,3
136.002674,0.204786435,3.880000,3
136.016923,0.204882309,3.860000,3
136.030431,0.204498814,3.840000,3
136.044533,0.204211192,3.820000,3
136.058129,0.204594688,3.800000,3
136.071661,0.203731823,3.780000,3
136.085271,0.202773085,3.760000,3
136.098755,0.203635950,3.740000,3
136.113092,0.203444202,3.720000,3
136.126832,0.203348328,3.700000,3
136.140163,0.202677212,3.680000,3
136.153829,0.202581338,3.660000,3
136.167427,0.202677212,3.640000,3
136.181309,0.202485464,3.620000,3
136.195573,0.202389590,3.600000,3
136.208912,0.202197843,3.580000,3
136.222991,0.202197843,3.560000,3
136.236515,0.201814347,3.540000,3
136.250579,0.201143231,3.520000,3
136.264087,0.200663862,3.500000,3
136.277851,0.201239105,3.480000,3
136.291326,0.200855609,3.460000,3
136.304991,0.200855609,3.440000,3
136.319053,0.200280367,3.420000,3
136.333129,0.199992745,3.400000,3
136.346297,0.200088619,3.380000,3
136.360071,0.199225755,3.360000,3
136.373851,0.199800998,3.340000,3
136.387507,0.199417502,3.320000,3
136.401763,0.199225755,3.300000,3
136.415237,0.198938133,3.280000,3
136.428816,0.198554638,3.260000,3
136.442459,0.198458764,3.240000,3
136.456410,0.198458764,3.220000,3
136.470233,0.197787648,3.200000,3
136.483542,0.197404153,3.180000,3
136.497259,0.197595900,3.160000,3
136.510785,0.197020657,3.140000,3
136.524488,0.196253667,3.120000,3
136.538462,0.196828910,3.100000,3
136.552784,0.196349541,3.080000,3
136.566135,0.195870172,3.060000,3
136.580418,0.195774298,3.040000,3
136.593938,0.195678424,3.020000,3
136.607704,0.195390803,3.000000,3
136.622000,0.195294929,2.980000,3
136.635149,0.194623812,2.960000,3
136.648928,0.194623812,2.940000,3
136.662934,0.194719686,2.920000,3
136.677837,0.194336191,2.900000,3
136.691677,0.194048570,2.880000,3
136.705548,0.193665074,2.860000,3
136.719234,0.193377453,2.840000,3
136.732951,0.192993958,2.820000,3
136.747073,0.192706336,2.800000,3
136.760380,0.192418715,2.780000,3
136.774560,0.192610463,2.760000,3
136.787961,0.191843472,2.740000,3
136.801864,0.191747598,2.720000,3
136.815473,0.191843472,2.700000,3
136.829082,0.191555851,2.680000,3
136.842959,0.191172356,2.660000,3
136.856436,0.190597113,2.640000,3
136.870199,0.190213618,2.620000,3
136.883654,0.190309491,2.600000,3
136.897341,0.189638375,2.580000,3
136.910967,0.189734249,2.560000,3
136.924774,0.189350754,2.540000,3
136.938545,0.188871385,2.520000,3
136.952286,0.189254880,2.500000,3
136.966032,0.188296142,2.480000,3
136.979428,0.188392016,2.460000,3
136.993095,0.188200268,2.440000,3
137.006715,0.187720899,2.420000,3
137.020116,0.187912647,2.400000,3
137.034563,0.187337404,2.380000,3
137.047941,0.186762161,2.360000,3
137.061339,0.186858035,2.340000,3
137.075122,0.186666287,2.320000,3
137.089136,0.186378666,2.300000,3
137.103151,0.185515802,2.280000,3
137.116554,0.185515802,2.260000,3
137.130131,0.185419928,2.240000,3
137.144526,0.185036433,2.220000,3
137.157928,0.184461190,2.200000,3
137.171530,0.184461190,2.180000,3
137.185163,0.184173568,2.160000,3
137.198901,0.183790073,2.140000,3
137.212476,0.183598326,2.120000,3
137.226680,0.183502452,2.100000,3
137.240097,0.183406578,2.080000,3
137.254075,0.183023083,2.060000,3
137.267875,0.182543714,2.040000,3
137.282142,0.182543714,2.020000,3
137.295631,0.181872597,2.000000,3
137.309217,0.181584976,1.980000,3
137.322556,0.181105607,1.960000,3
137.336029,0.181105607,1.940000,3
137.350364,0.181105607,1.920000,3
137.363961,0.181297354,1.900000,3
137.377567,0.180817985,1.880000,3
137.391249,0.180434490,1.860000,3
137.405392,0.180338616,1.840000,3
137.419086,0.179763374,1.820000,3
137.433306,0.179379878,1.800000,3
137.447063,0.179092257,1.780000,3
137.460560,0.179092257,1.760000,3
137.474581,0.178037645,1.740000,3
137.488176,0.178517014,1.720000,3
137.502263,0.178229393,1.700000,3
137.516167,0.177654150,1.680000,3
137.529784,0.177462402,1.660000,3
137.543505,0.177845898,1.640000,3
137.557588,0.177174781,1.620000,3
137.571104,0.177654150,1.600000,3
137.584481,0.176599538,1.580000,3
137.598195,0.176983033,1.560000,3
137.611702,0.176120169,1.540000,3
137.625844,0.176599538,1.520000,3
137.639913,0.176407791,1.500000,3
137.653054,0.175832548,1.480000,3
137.665909,0.175928422,1.460000,3
137.678915,0.175065557,1.440000,3
137.691940,0.175161431,1.420000,3
137.705148,0.175161431,1.400000,3
137.718714,0.174490315,1.380000,3
137.732061,0.174298567,1.360000,3
137.745644,0.174777936,1.340000,3
137.758733,0.174682062,1.320000,3
137.772096,0.174586188,1.300000,3
137.785541,0.174202693,1.280000,3
137.799256,0.173531577,1.260000,3
137.812823,0.173723324,1.240000,3
137.826135,0.173915072,1.220000,3
137.839721,0.173148081,1.200000,3
137.853173,0.172668712,1.180000,3
137.866988,0.172764586,1.160000,3
137.880905,0.172476965,1.140000,3
137.894505,0.172381091,1.120000,3
137.908384,0.172093470,1.100000,3
137.922393,0.171422353,1.080000,3
137.936445,0.171518227,1.060000,3
137.950457,0.170942984,1.040000,3
137.964638,0.170655363,1.020000,3
137.978184,0.170367741,1.000000,3
137.992178,0.170175994,0.980000,3
138.005654,0.169409003,0.960000,3
138.019647,0.169313129,0.940000,3
138.033751,0.168354391,0.920000,3
138.047309,0.168162644,0.900000,3
138.060832,0.167779149,0.880000,3
138.074781,0.167779149,0.860000,3
138.088786,0.167299780,0.840000,3
138.103009,0.166628663,0.820000,3
138.117102,0.166341042,0.800000,3
138.130681,0.165190556,0.780000,3
138.144439,0.164231818,0.760000,3
138.158882,0.164231818,0.740000,3
138.172651,0.163273080,0.720000,3
138.186486,0.162601964,0.700000,3
138.200324,0.161643226,0.680000,3
138.213768,0.160492740,0.660000,3
138.227800,0.160300992,0.640000,3
138.242265,0.158671138,0.620000,3
138.256399,0.157808274,0.600000,3
138.269852,0.156178419,0.580000,3
138.283480,0.155123807,0.560000,3
138.297197,0.153973322,0.540000,3
138.311275,0.152631088,0.520000,3
138.324792,0.151384729,0.500000,3
138.338478,0.150234243,0.480000,3
138.352040,0.149275505,0.460000,3
138.367062,0.148796136,0.440000,3
138.380477,0.147358029,0.420000,3
138.394140,0.147166282,0.400000,3
138.408228,0.146495165,0.380000,3
138.421576,0.145536427,0.360000,3
138.435416,0.144769437,0.340000,3
138.448993,0.144194194,0.320000,3
138.462545,0.144385942,0.300000,3
138.476266,0.143235456,0.280000,3
138.490033,0.142851961,0.260000,3
138.503774,0.142276718,0.240000,3
138.517493,0.141797349,0.220000,3
138.530770,0.141509728,0.200000,3
138.544862,0.141030359,0.180000,3
138.558861,0.140359242,0.160000,3
138.572282,0.139304630,0.140000,3
138.586325,0.139400504,0.120000,3
138.600118,0.139208757,0.100000,3
138.614192,0.138250019,0.080000,3
138.628106,0.137578902,0.060000,3
138.642395,0.137578902,0.040000,3
138.656843,0.136620164,0.020000,3
138.670712,0.135086183,0.000000,3
138.684896,0.133072833,0.000000,3
138.698910,0.131826474,-0.020000,3
138.712328,0.131251231,-0.040000,3
138.725670,0.129525503,-0.060000,3
138.739497,0.124540065,-0.080000,3
138.754175,0.112651714,-0.100000,3
138.768002,0.091942973,-0.120000,3
138.781604,0.096161421,-0.140000,3
138.795219,0.096065547,-0.160000,3
138.808852,0.095586178,-0.180000,3
138.823463,0.095298556,-0.200000,3
138.837077,0.095010935,-0.220000,3
138.850827,0.094627440,-0.240000,3
138.864563,0.094531566,-0.260000,3
138.878206,0.094243945,-0.280000,3
138.891917,0.094052197,-0.300000,3
138.905592,0.093476954,-0.320000,3
138.919718,0.093093459,-0.340000,3
138.933370,0.092518216,-0.360000,3
138.947421,0.092134721,-0.380000,3
138.961220,0.091847100,-0.400000,3
138.975274,0.091463604,-0.420000,3
138.989092,0.090888362,-0.440000,3
139.003126,0.090888362,-0.460000,3
139.016758,0.090792488,-0.480000,3
139.030796,0.089833750,-0.500000,3
139.045639,0.089833750,-0.520000,3
139.059195,0.089258507,-0.540000,3
139.073578,0.088587391,-0.560000,3
139.087304,0.088203895,-0.580000,3
139.101253,0.087628653,-0.600000,3
139.115249,0.086669915,-0.620000,3
139.129260,0.086190546,-0.640000,3
139.142907,0.086094672,-0.660000,3
139.156953,0.085231808,-0.680000,3
139.170759,0.084944186,-0.700000,3
139.184653,0.084273070,-0.720000,3
139.198351,0.083793701,-0.740000,3
139.213792,0.083122584,-0.760000,3
139.227623,0.082643215,-0.780000,3
139.241327,0.082163846,-0.800000,3
139.255356,0.081492729,-0.820000,3
139.268696,0.080821613,-0.840000,3
139.283277,0.080438118,-0.860000,3
139.297255,0.080150496,-0.880000,3
139.311255,0.079671127,-0.900000,3
139.325286,0.079383506,-0.920000,3
139.339132,0.079287632,-0.940000,3
139.353583,0.078328894,-0.960000,3
139.367524,0.078233020,-0.980000,3
139.381389,0.078041273,-1.000000,3
139.394521,0.077657777,-1.020000,3
139.408728,0.077274282,-1.040000,3
139.421994,0.076986661,-1.060000,3
139.436300,0.076986661,-1.080000,3
139.449693,0.076986661,-1.100000,3
139.463564,0.076890787,-1.120000,3
139.477817,0.076123797,-1.140000,3
139.491706,0.076123797,-1.160000,3
139.506392,0.076603166,-1.180000,3
139.520446,0.075356806,-1.200000,3
139.534600,0.075548554,-1.220000,3
139.548233,0.075260932,-1.240000,3
139.561903,0.074781563,-1.260000,3
139.575999,0.074493942,-1.280000,3
139.590329,0.074110447,-1.300000,3
139.604206,0.073631078,-1.320000,3
139.617881,0.073631078,-1.340000,3
139.632233,0.073247583,-1.360000,3
139.646203,0.073055835,-1.380000,3
139.660568,0.072576466,-1.400000,3
139.675077,0.073151709,-1.420000,3
139.689589,0.072097097,-1.440000,3
139.703257,0.071905349,-1.460000,3
139.717414,0.071617728,-1.480000,3
139.731516,0.071617728,-1.500000,3
139.745332,0.070946611,-1.520000,3
139.758831,0.071330107,-1.540000,3
139.772841,0.070371369,-1.560000,3
139.786635,0.070275495,-1.580000,3
139.800487,0.069700252,-1.600000,3
139.813687,0.069796126,-1.620000,3
139.827293,0.069125009,-1.640000,3
139.841322,0.069316757,-1.660000,3
139.854630,0.068837388,-1.680000,3
139.868794,0.069125009,-1.700000,3
139.882141,0.068549766,-1.720000,3
139.896435,0.068070397,-1.740000,3
139.910180,0.068166271,-1.760000,3
139.923710,0.067591028,-1.780000,3
139.938297,0.067974524,-1.800000,3
139.952064,0.067686902,-1.820000,3
139.966125,0.067399281,-1.840000,3
139.980245,0.067015786,-1.860000,3
139.994361,0.067399281,-1.880000,3
140.008936,0.067399281,-1.900000,3
140.022741,0.067111659,-1.920000,3
140.036330,0.066632290,-1.940000,3
140.050244,0.066919912,-1.960000,3
140.063965,0.066057048,-1.980000,3
140.077340,0.065577679,-2.000000,3
140.090769,0.065961174,-2.020000,3
140.104315,0.065769426,-2.040000,3
140.118360,0.065481805,-2.060000,3
140.132194,0.065290057,-2.080000,3
140.146240,0.065290057,-2.100000,3
140.159419,0.064523067,-2.120000,3
140.173767,0.065002436,-2.140000,3
140.187312,0.064714814,-2.160000,3
140.200949,0.064043698,-2.180000,3
140.215061,0.063947824,-2.200000,3
140.229015,0.063276708,-2.220000,3
140.242450,0.063660203,-2.240000,3
140.256366,0.063276708,-2.260000,3
140.269712,0.063276708,-2.280000,3
140.283717,0.062989086,-2.300000,3
140.297827,0.062509717,-2.320000,3
140.311768,0.062413843,-2.340000,3
140.325839,0.062126222,-2.360000,3
140.340030,0.062126222,-2.380000,3
140.353603,0.061646853,-2.400000,3
140.367787,0.061455105,-2.420000,3
140.381292,0.060496367,-2.440000,3
140.395045,0.060783989,-2.460000,3
140.408885,0.060783989,-2.480000,3
140.422667,0.060592241,-2.500000,3
140.436662,0.060016998,-2.520000,3
140.450486,0.059633503,-2.540000,3
140.464720,0.059441756,-2.560000,3
140.478789,0.059250008,-2.580000,3
140.492614,0.058962387,-2.600000,3
140.506430,0.058578891,-2.620000,3
140.520315,0.058099522,-2.640000,3
140.534240,0.058387144,-2.660000,3
140.548688,0.057811901,-2.680000,3
140.562106,0.057332532,-2.700000,3
140.575853,0.056757289,-2.720000,3
140.589282,0.057044911,-2.740000,3
140.603022,0.056757289,-2.760000,3
140.618168,0.056661415,-2.780000,3
140.631945,0.055894425,-2.800000,3
140.645826,0.055990299,-2.820000,3
140.659512,0.055415056,-2.840000,3
140.673200,0.055031561,-2.860000,3
140.687337,0.054743939,-2.880000,3
140.701783,0.054360444,-2.900000,3
140.715719,0.054360444,-2.920000,3
140.730117,0.054072823,-2.940000,3
140.744007,0.053593454,-2.960000,3
140.757886,0.053209959,-2.980000,3
140.772213,0.053018211,-3.000000,3
140.786232,0.053401706,-3.020000,3
140.800837,0.052442968,-3.040000,3
140.814664,0.052442968,-3.060000,3
140.829046,0.051675978,-3.080000,3
140.843438,0.051867725,-3.100000,3
140.856961,0.051675978,-3.120000,3
140.870612,0.051004861,-3.140000,3
140.884649,0.050908987,-3.160000,3
140.898571,0.050813114,-3.180000,3
140.912528,0.049950249,-3.200000,3
140.926694,0.049758502,-3.220000,3
140.940185,0.049662628,-3.240000,3
140.953824,0.048608016,-3.260000,3
140.968099,0.048895638,-3.280000,3
140.982401,0.048224521,-3.300000,3
140.996482,0.047457531,-3.320000,3
141.010717,0.047841026,-3.340000,3
141.024680,0.047169909,-3.360000,3
141.038725,0.046498793,-3.380000,3
141.052511,0.046594666,-3.400000,3
141.066374,0.046115297,-3.420000,3
141.080187,0.045635928,-3.440000,3
141.094329,0.045252433,-3.460000,3
141.108884,0.045156559,-3.480000,3
141.123070,0.044868938,-3.500000,3
141.136926,0.043814326,-3.520000,3
141.150410,0.043622579,-3.540000,3
141.164469,0.043526705,-3.560000,3
141.178872,0.043239083,-3.580000,3
141.192466,0.042855588,-3.600000,3
141.206200,0.041705103,-3.620000,3
141.219775,0.041513355,-3.640000,3
141.233718,0.041033986,-3.660000,3
141.247403,0.040650491,-3.680000,3
141.260867,0.040266996,-3.700000,3
141.274783,0.039595879,-3.720000,3
141.288366,0.039500005,-3.740000,3
141.302309,0.038924762,-3.760000,3
141.315910,0.038637141,-3.780000,3
141.329524,0.038445393,-3.800000,3
141.343045,0.037774277,-3.820000,3
141.356702,0.037199034,-3.840000,3
141.370405,0.036623791,-3.860000,3
141.383960,0.037007287,-3.880000,3
141.397298,0.035952675,-3.900000,3
141.411600,0.035281558,-3.920000,3
141.425292,0.035760927,-3.940000,3
141.439297,0.034898063,-3.960000,3
141.453999,0.034322820,-3.980000,3
141.467624,0.034035199,-4.000000,3
141.481336,0.033651704,-4.020000,3
141.494613,0.033747577,-4.040000,3
141.509107,0.033364082,-4.060000,3
141.522643,0.032309470,-4.080000,3
141.536412,0.032597092,-4.100000,3
141.550627,0.031925975,-4.120000,3
141.564196,0.031734228,-4.140000,3
141.578074,0.031638354,-4.160000,3
141.591849,0.030871363,-4.180000,3
141.605349,0.030391994,-4.200000,3
141.618795,0.030296121,-4.220000,3
141.632993,0.030104373,-4.240000,3
141.646944,0.029337383,-4.260000,3
141.660878,0.029049761,-4.280000,3
141.675035,0.028091023,-4.300000,3
141.688509,0.028378645,-4.320000,3
141.702274,0.027707528,-4.340000,3
141.715917,0.027707528,-4.360000,3
141.729271,0.027899276,-4.380000,3
141.742683,0.027228159,-4.400000,3
141.756382,0.026652916,-4.420000,3
141.770326,0.026748790,-4.440000,3
141.784755,0.026461169,-4.460000,3
141.798434,0.025885926,-4.480000,3
141.812390,0.025310683,-4.500000,3
141.826127,0.025023062,-4.520000,3
141.840039,0.024639566,-4.540000,3
141.854333,0.024543693,-4.560000,3
141.868476,0.024447819,-4.580000,3
141.882749,0.023872576,-4.600000,3
141.896422,0.023105586,-4.620000,3
141.910215,0.023105586,-4.640000,3
141.923848,0.022817964,-4.660000,3
141.937619,0.022146848,-4.680000,3
141.950922,0.022434469,-4.700000,3
141.964603,0.021763352,-4.720000,3
141.978968,0.021667479,-4.740000,3
141.992301,0.021475731,-4.760000,3
142.006405,0.021283983,-4.780000,3
142.020639,0.020804614,-4.800000,3
142.035366,0.019941750,-4.820000,3
142.048789,0.019750003,-4.840000,3
142.063052,0.019941750,-4.860000,3
142.076298,0.019174760,-4.880000,3
142.089878,0.019174760,-4.900000,3
142.104525,0.018887138,-4.920000,3
142.118370,0.018503643,-4.940000,3
142.132062,0.018216022,-4.960000,3
142.146409,0.017640779,-4.980000,3
142.159976,0.017353158,-5.000000,3
142.173723,0.017065536,-5.020000,3
142.187410,0.017257284,-5.040000,3
142.201175,0.016394420,-5.060000,3
142.215020,0.016298546,-5.080000,3
142.228612,0.015915051,-5.100000,3
142.242137,0.016106798,-5.120000,3
142.256139,0.015627429,-5.140000,3
142.270338,0.015339808,-5.160000,3
142.284338,0.014764565,-5.180000,3
142.298322,0.014476944,-5.200000,3
142.312093,0.013997575,-5.220000,3
142.326585,0.013614079,-5.240000,3
142.340496,0.013422332,-5.260000,3
142.354311,0.013134710,-5.280000,3
142.368196,0.013134710,-5.300000,3
142.382479,0.012559468,-5.320000,3
142.395702,0.012367720,-5.340000,3
142.409589,0.011696604,-5.360000,3
142.423359,0.011888351,-5.380000,3
142.437282,0.011217235,-5.400000,3
142.450842,0.010833739,-5.420000,3
142.464733,0.010737866,-5.440000,3
142.479073,0.010737866,-5.460000,3
142.492840,0.010546118,-5.480000,3
142.506406,0.009683254,-5.500000,3
142.519969,0.009108011,-5.520000,3
142.533843,0.009683254,-5.540000,3
142.547818,0.008245147,-5.560000,3
142.562009,0.008916263,-5.580000,3
142.575857,0.008436894,-5.600000,3
142.589518,0.007957525,-5.620000,3
142.602901,0.007382283,-5.640000,3
142.617096,0.007094661,-5.660000,3
142.632019,0.007094661,-5.680000,3
142.645963,0.006423545,-5.700000,3
142.658796,0.005848302,-5.720000,3
142.672153,0.005752428,-5.740000,3
142.685360,0.005752428,-5.760000,3
142.698297,0.005560680,-5.780000,3
142.711811,0.005273059,-5.800000,3
142.725569,0.005081311,-5.820000,3
142.739665,0.004410195,-5.840000,3
142.752906,0.004314321,-5.860000,3
142.766327,0.004122573,-5.880000,3
142.780516,0.003739078,-5.900000,3
142.794787,0.003834952,-5.920000,3
142.808872,0.003355583,-5.940000,3
142.822805,0.002876214,-5.960000,3
142.837214,0.002780340,-5.980000,3
142.851423,0.002588593,-6.000000,3
142.864757,0.002396845,-6.020000,3
142.878381,0.002013350,-6.040000,3
142.892169,0.001917476,-6.060000,3
142.906040,0.001629855,-6.080000,3
142.919813,0.001054612,-6.100000,3
142.933230,0.001054612,-6.120000,3
142.947072,0.000671117,-6.140000,3
142.961183,0.000095874,-6.160000,3
142.975056,0.000000000,-6.180000,3
142.988850,0.000383495,-6.200000,3
143.002804,-0.000191748,-6.220000,3
143.016514,-0.000287621,-6.240000,3
143.030264,-0.000766990,-6.260000,3
143.044620,-0.000958738,-6.280000,3
143.058204,-0.001150486,-6.300000,3
143.071579,-0.001246359,-6.320000,3
143.085902,-0.002013350,-6.340000,3
143.099274,-0.002109224,-6.360000,3
143.113247,-0.002492719,-6.380000,3
143.127386,-0.002300971,-6.400000,3
143.141356,-0.002972088,-6.420000,3
143.155120,-0.002876214,-6.440000,3
143.168837,-0.003163835,-6.460000,3
143.182882,-0.003355583,-6.480000,3
143.197116,-0.003547331,-6.500000,3
143.210822,-0.004026700,-6.520000,3
143.224758,-0.004026700,-6.540000,3
143.238346,-0.004506069,-6.560000,3
143.252080,-0.004314321,-6.580000,3
143.265899,-0.004410195,-6.600000,3
143.279958,-0.005560680,-6.620000,3
143.293909,-0.004889564,-6.640000,3
143.307453,-0.005368933,-6.660000,3
143.321282,-0.005752428,-6.680000,3
143.334756,-0.006231797,-6.700000,3
143.349267,-0.006135923,-6.720000,3
143.363235,-0.005848302,-6.740000,3
143.377256,-0.006519418,-6.760000,3
143.390779,-0.006327671,-6.780000,3
143.404785,-0.007190535,-6.800000,3
143.418506,-0.006519418,-6.820000,3
143.432275,-0.007574030,-6.840000,3
143.446315,-0.007861652,-6.860000,3
143.460110,-0.008245147,-6.880000,3
143.474353,-0.007669904,-6.900000,3
143.488358,-0.008149273,-6.920000,3
143.502662,-0.008341021,-6.940000,3
143.516565,-0.008820390,-6.960000,3
143.530182,-0.009012137,-6.980000,3
143.543980,-0.009108011,-7.000000,3
143.558366,-0.009012137,-7.020000,3
143.571663,-0.009587380,-7.040000,3
143.585434,-0.009491506,-7.060000,3
143.599425,-0.009875001,-7.080000,3
143.613381,-0.010162623,-7.100000,3
143.627536,-0.010354370,-7.120000,3
143.641396,-0.010641992,-7.140000,3
143.655398,-0.010833739,-7.160000,3
143.668782,-0.010546118,-7.180000,3
143.682134,-0.011121361,-7.200000,3
143.696495,-0.011313108,-7.220000,3
143.710322,-0.011696604,-7.240000,3
143.724199,-0.012175973,-7.260000,3
143.738164,-0.012847089,-7.280000,3
143.752141,-0.012655342,-7.300000,3
143.765571,-0.012751215,-7.320000,3
143.779731,-0.012655342,-7.340000,3
143.793400,-0.013518206,-7.360000,3
143.806633,-0.013422332,-7.380000,3
143.820656,-0.013518206,-7.400000,3
143.835454,-0.013805827,-7.420000,3
143.848763,-0.013805827,-7.440000,3
143.863045,-0.014572817,-7.460000,3
143.876742,-0.014956313,-7.480000,3
143.890742,-0.014956313,-7.500000,3
143.904315,-0.015148060,-7.520000,3
143.918254,-0.015243934,-7.540000,3
143.932575,-0.015819177,-7.560000,3
143.946328,-0.016010924,-7.580000,3
143.960614,-0.016490293,-7.600000,3
143.974707,-0.016202672,-7.620000,3
143.988852,-0.016490293,-7.640000,3
144.003266,-0.016777915,-7.660000,3
144.016727,-0.017736653,-7.680000,3
144.030008,-0.017928400,-7.700000,3
144.044071,-0.018216022,-7.720000,3
144.057266,-0.018599517,-7.740000,3
144.070802,-0.018503643,-7.760000,3
144.084568,-0.019174760,-7.780000,3
144.098423,-0.018695391,-7.800000,3
144.111620,-0.019366507,-7.820000,3
144.125591,-0.019845876,-7.840000,3
144.139113,-0.019845876,-7.860000,3
144.153568,-0.020325245,-7.880000,3
144.167828,-0.020708741,-7.900000,3
144.181633,-0.020900488,-7.920000,3
144.195328,-0.021379857,-7.940000,3
144.209544,-0.021859226,-7.960000,3
144.223237,-0.022338595,-7.980000,3
144.237197,-0.022530343,-8.000000,3
144.251381,-0.022434469,-8.020000,3
144.264652,-0.023105586,-8.040000,3
144.278647,-0.023201459,-8.060000,3
144.292223,-0.023776702,-8.080000,3
144.306070,-0.024160197,-8.100000,3
144.319711,-0.024543693,-8.120000,3
144.333526,-0.024831314,-8.140000,3
144.347815,-0.025502431,-8.160000,3
144.361325,-0.025598304,-8.180000,3
144.375107,-0.026652916,-8.200000,3
144.388652,-0.026461169,-8.220000,3
144.402390,-0.026652916,-8.240000,3
144.416065,-0.027611654,-8.260000,3
144.429548,-0.027611654,-8.280000,3
144.443570,-0.027803402,-8.300000,3
144.457639,-0.028378645,-8.320000,3
144.471464,-0.028282771,-8.340000,3
144.484627,-0.029049761,-8.360000,3
144.498442,-0.029912625,-8.380000,3
144.512247,-0.030008499,-8.400000,3
144.526240,-0.030200247,-8.420000,3
144.539423,-0.030775490,-8.440000,3
144.553078,-0.031254859,-8.460000,3
144.566941,-0.031638354,-8.480000,3
144.580637,-0.032213597,-8.500000,3
144.594471,-0.032788839,-8.520000,3
144.608857,-0.032788839,-8.540000,3
144.622682,-0.033555830,-8.560000,3
144.636580,-0.033555830,-8.580000,3
144.650542,-0.034131073,-8.600000,3
144.664154,-0.034514568,-8.620000,3
144.678022,-0.034514568,-8.640000,3
144.692602,-0.035377432,-8.660000,3
144.706527,-0.035665053,-8.680000,3
144.719957,-0.036144422,-8.700000,3
144.734109,-0.036815539,-8.720000,3
144.747656,-0.036911413,-8.740000,3
144.762530,-0.037199034,-8.760000,3
144.776141,-0.037486656,-8.780000,3
144.789812,-0.038253646,-8.800000,3
144.803574,-0.038253646,-8.820000,3
144.817843,-0.038828889,-8.840000,3
144.831600,-0.038828889,-8.860000,3
144.845335,-0.039500005,-8.880000,3
144.860978,-0.039787627,-8.900000,3
144.874149,-0.040171122,-8.920000,3
144.887895,-0.040650491,-8.940000,3
144.901350,-0.041033986,-8.960000,3
144.915109,-0.041033986,-8.980000,3
144.928868,-0.041417481,-9.000000,3
144.943463,-0.041321607,-9.020000,3
144.956879,-0.042184472,-9.040000,3
144.970797,-0.042759714,-9.060000,3
144.985819,-0.042951462,-9.080000,3
144.999364,-0.043047336,-9.100000,3
145.014147,-0.043047336,-9.120000,3
145.028590,-0.043239083,-9.140000,3
145.042321,-0.043814326,-9.160000,3
145.056091,-0.043718452,-9.180000,3
145.070592,-0.044293695,-9.200000,3
145.084138,-0.044868938,-9.220000,3
145.099133,-0.044677190,-9.240000,3
145.113262,-0.045060686,-9.260000,3
145.126578,-0.045444181,-9.280000,3
145.139901,-0.045348307,-9.300000,3
145.154308,-0.045252433,-9.320000,3
145.168304,-0.046307045,-9.340000,3
145.182311,-0.046115297,-9.360000,3
145.196398,-0.046307045,-9.380000,3
145.210203,-0.046786414,-9.400000,3
145.224046,-0.046786414,-9.420000,3
145.237854,-0.046978162,-9.440000,3
145.252241,-0.046978162,-9.460000,3
145.265858,-0.047649278,-9.480000,3
145.280007,-0.047936900,-9.500000,3
145.294227,-0.047936900,-9.520000,3
145.307749,-0.048416269,-9.540000,3
145.321441,-0.048224521,-9.560000,3
145.335198,-0.048512142,-9.580000,3
145.348989,-0.049375007,-9.600000,3
145.362650,-0.048991511,-9.620000,3
145.376788,-0.049566754,-9.640000,3
145.390702,-0.049758502,-9.660000,3
145.403926,-0.050046123,-9.680000,3
145.417908,-0.050237871,-9.700000,3
145.431927,-0.050525492,-9.720000,3
145.445760,-0.050333745,-9.740000,3
145.460333,-0.051004861,-9.760000,3
145.474382,-0.051004861,-9.780000,3
145.487772,-0.051196609,-9.800000,3
145.501250,-0.051484230,-9.820000,3
145.515063,-0.051675978,-9.840000,3
145.529136,-0.051963599,-9.860000,3
145.542969,-0.052442968,-9.880000,3
145.557231,-0.052442968,-9.900000,3
145.570777,-0.052922337,-9.920000,3
145.584163,-0.052922337,-9.940000,3
145.598755,-0.053785201,-9.960000,3
145.612954,-0.053497580,-9.980000,3
145.627434,-0.053497580,-10.000000,3
145.641269,-0.054072823,-10.020000,3
145.655068,-0.054456318,-10.040000,3
145.668591,-0.053881075,-10.060000,3
145.682157,-0.054839813,-10.080000,3
145.695663,-0.054456318,-10.100000,3
145.708992,-0.055319182,-10.120000,3
145.722455,-0.055031561,-10.140000,3
145.737241,-0.055319182,-10.160000,3
145.752136,-0.055510930,-10.180000,3
145.765839,-0.056086173,-10.200000,3
145.780228,-0.055990299,-10.220000,3
145.794358,-0.056277920,-10.240000,3
145.808684,-0.056853163,-10.260000,3
145.822106,-0.057236658,-10.280000,3
145.836079,-0.056853163,-10.300000,3
145.849782,-0.057428406,-10.320000,3
145.864015,-0.057524280,-10.340000,3
145.877833,-0.057811901,-10.360000,3
145.891910,-0.058195396,-10.380000,3
145.906114,-0.058387144,-10.400000,3
145.919930,-0.058578891,-10.420000,3
145.933915,-0.058578891,-10.440000,3
145.947230,-0.059058260,-10.460000,3
145.961246,-0.058962387,-10.480000,3
145.975032,-0.059250008,-10.500000,3
145.988711,-0.059729377,-10.520000,3
146.002771,-0.059729377,-10.540000,3
146.016572,-0.060016998,-10.560000,3
146.030217,-0.060496367,-10.580000,3
146.045078,-0.061071610,-10.600000,3
146.059003,-0.061263358,-10.620000,3
146.073059,-0.061263358,-10.640000,3
146.087036,-0.061167484,-10.660000,3
146.100517,-0.061550979,-10.680000,3
146.114474,-0.062030348,-10.700000,3
146.127830,-0.062222096,-10.720000,3
146.142009,-0.062605591,-10.740000,3
146.156020,-0.062893212,-10.760000,3
146.170266,-0.062509717,-10.780000,3
146.184391,-0.063084960,-10.800000,3
146.197864,-0.063756076,-10.820000,3
146.211860,-0.064235445,-10.840000,3
146.226336,-0.064235445,-10.860000,3
146.239948,-0.064906562,-10.880000,3
146.254508,-0.064906562,-10.900000,3
146.269109,-0.065481805,-10.920000,3
146.282828,-0.065577679,-10.940000,3
146.296103,-0.065961174,-10.960000,3
146.309893,-0.066152921,-10.980000,3
146.324124,-0.066632290,-11.000000,3
146.337566,-0.066728164,-11.020000,3
146.351242,-0.067399281,-11.040000,3
146.364910,-0.067591028,-11.060000,3
146.379030,-0.067591028,-11.080000,3
146.393184,-0.067878650,-11.100000,3
146.407169,-0.067878650,-11.120000,3
146.420307,-0.068453893,-11.140000,3
146.434436,-0.068645640,-11.160000,3
146.447977,-0.069316757,-11.180000,3
146.461491,-0.069508504,-11.200000,3
146.475928,-0.069508504,-11.220000,3
146.489846,-0.070371369,-11.240000,3
146.503432,-0.070850738,-11.260000,3
146.517806,-0.070658990,-11.280000,3
146.531039,-0.071330107,-11.300000,3
146.544917,-0.071138359,-11.320000,3
146.558452,-0.071905349,-11.340000,3
146.572545,-0.071809476,-11.360000,3
146.586395,-0.072288845,-11.380000,3
146.600497,-0.073055835,-11.400000,3
146.614676,-0.072576466,-11.420000,3
146.628641,-0.073055835,-11.440000,3
146.642235,-0.073151709,-11.460000,3
146.656492,-0.073918699,-11.480000,3
146.670029,-0.074302194,-11.500000,3
146.683800,-0.074302194,-11.520000,3
146.698196,-0.074589816,-11.540000,3
146.711975,-0.074781563,-11.560000,3
146.725823,-0.075069185,-11.580000,3
146.739793,-0.075548554,-11.600000,3
146.754271,-0.075932049,-11.620000,3
146.767860,-0.075740301,-11.640000,3
146.782137,-0.076507292,-11.660000,3
146.797174,-0.076986661,-11.680000,3
146.810662,-0.076986661,-11.700000,3
146.824146,-0.077274282,-11.720000,3
146.837893,-0.077370156,-11.740000,3
146.851142,-0.077945399,-11.760000,3
146.865508,-0.077945399,-11.780000,3
146.879239,-0.078137146,-11.800000,3
146.892555,-0.078712389,-11.820000,3
146.906067,-0.079000011,-11.840000,3
146.920212,-0.079000011,-11.860000,3
146.934114,-0.079575253,-11.880000,3
146.947503,-0.079479380,-11.900000,3
146.961685,-0.079575253,-11.920000,3
146.975418,-0.080246370,-11.940000,3
146.989437,-0.080438118,-11.960000,3
147.003036,-0.080629865,-11.980000,3
147.016584,-0.080629865,-12.000000,3
147.031008,-0.081300982,-12.020000,3
147.045930,-0.081588603,-12.040000,3
147.059863,-0.081684477,-12.060000,3
147.074229,-0.081492729,-12.080000,3
147.088116,-0.082259720,-12.100000,3
147.101922,-0.082643215,-12.120000,3
147.115829,-0.083122584,-12.140000,3
147.129771,-0.082930836,-12.160000,3
147.143573,-0.083218458,-12.180000,3
147.157308,-0.083601953,-12.200000,3
147.170903,-0.083410205,-12.220000,3
147.185358,-0.084177196,-12.240000,3
147.199401,-0.084368943,-12.260000,3
147.213580,-0.084560691,-12.280000,3
147.227473,-0.084752439,-12.300000,3
147.241806,-0.084944186,-12.320000,3
147.255732,-0.084848312,-12.340000,3
147.269812,-0.085519429,-12.360000,3
147.283981,-0.085807050,-12.380000,3
147.297948,-0.085711177,-12.400000,3
147.312303,-0.086382293,-12.420000,3
147.325786,-0.086574041,-12.440000,3
147.339650,-0.086094672,-12.460000,3
147.354070,-0.087245157,-12.480000,3
147.367720,-0.087053410,-12.500000,3
147.381374,-0.087245157,-12.520000,3
147.395288,-0.087341031,-12.540000,3
147.409093,-0.087916274,-12.560000,3
147.423402,-0.087724526,-12.580000,3
147.437512,-0.087916274,-12.600000,3
147.450956,-0.088395643,-12.620000,3
147.465219,-0.088779138,-12.640000,3
147.479191,-0.088779138,-12.660000,3
147.493064,-0.089450255,-12.680000,3
147.506517,-0.089642002,-12.700000,3
147.520358,-0.089833750,-12.720000,3
147.534377,-0.089833750,-12.740000,3
147.547987,-0.090600740,-12.760000,3
147.561730,-0.090600740,-12.780000,3
147.575136,-0.090792488,-12.800000,3
147.588815,-0.090792488,-12.820000,3
147.602483,-0.091367731,-12.840000,3
147.616227,-0.091367731,-12.860000,3
147.630664,-0.091559478,-12.880000,3
147.644610,-0.091655352,-12.900000,3
147.657541,-0.092230595,-12.920000,3
147.670465,-0.092422342,-12.940000,3
147.683975,-0.092997585,-12.960000,3
147.697091,-0.092805838,-12.980000,3
147.711147,-0.092518216,-13.000000,3
147.724952,-0.093189333,-13.020000,3
147.738593,-0.093285207,-13.040000,3
147.751867,-0.093956323,-13.060000,3
147.765390,-0.094531566,-13.080000,3
147.779232,-0.094435692,-13.100000,3
147.792595,-0.094627440,-13.120000,3
147.806451,-0.095202683,-13.140000,3
147.820870,-0.095490304,-13.160000,3
147.834394,-0.095682052,-13.180000,3
147.847948,-0.096161421,-13.200000,3
147.862574,-0.096449042,-13.220000,3
147.875907,-0.096640790,-13.240000,3
147.889868,-0.097120159,-13.260000,3
147.904020,-0.097599528,-13.280000,3
147.918341,-0.097791275,-13.300000,3
147.932169,-0.098078897,-13.320000,3
147.945827,-0.098174770,-13.340000,3
147.959601,-0.098654139,-13.360000,3
147.973076,-0.099133508,-13.380000,3
147.986989,-0.099517004,-13.400000,3
148.001382,-0.099612877,-13.420000,3
148.015146,-0.099996373,-13.440000,3
148.028970,-0.100283994,-13.460000,3
148.042928,-0.100667489,-13.480000,3
148.057075,-0.101530353,-13.500000,3
148.070452,-0.101050984,-13.520000,3
148.084050,-0.101817975,-13.540000,3
148.098298,-0.102297344,-13.560000,3
148.111891,-0.102872587,-13.580000,3
148.125610,-0.103256082,-13.600000,3
148.139623,-0.102968460,-13.620000,3
148.152975,-0.103735451,-13.640000,3
148.166540,-0.104023072,-13.660000,3
148.180450,-0.104406567,-13.680000,3
148.194381,-0.104981810,-13.700000,3
148.207968,-0.105557053,-13.720000,3
148.221913,-0.106132296,-13.740000,3
148.236436,-0.106228170,-13.760000,3
148.250131,-0.106611665,-13.780000,3
148.263736,-0.107282781,-13.800000,3
148.277360,-0.107378655,-13.820000,3
148.290995,-0.108049772,-13.840000,3
148.304540,-0.108529141,-13.860000,3
148.318407,-0.108720888,-13.880000,3
148.332642,-0.109583753,-13.900000,3
148.346544,-0.110254869,-13.920000,3
148.359883,-0.110446617,-13.940000,3
148.374270,-0.111213607,-13.960000,3
148.388192,-0.111501229,-13.980000,3
148.402292,-0.111692976,-14.000000,3
148.416366,-0.112747588,-14.020000,3
148.430401,-0.113035209,-14.040000,3
148.444299,-0.113514578,-14.060000,3
148.457918,-0.114281569,-14.080000,3
148.471868,-0.114665064,-14.100000,3
148.485377,-0.114856811,-14.120000,3
148.499681,-0.115432054,-14.140000,3
148.513522,-0.116390792,-14.160000,3
148.527006,-0.116007297,-14.180000,3
148.541118,-0.116774287,-14.200000,3
148.555227,-0.117733025,-14.220000,3
148.569436,-0.117924773,-14.240000,3
148.583013,-0.118212394,-14.260000,3
148.596543,-0.119075259,-14.280000,3
148.610619,-0.119267006,-14.300000,3
148.624418,-0.119746375,-14.320000,3
148.637933,-0.119938123,-14.340000,3
148.651033,-0.120609239,-14.360000,3
148.665401,-0.121280356,-14.380000,3
148.679075,-0.121472104,-14.400000,3
148.692730,-0.121855599,-14.420000,3
148.707055,-0.122334968,-14.440000,3
148.721140,-0.122910211,-14.460000,3
148.734927,-0.123389580,-14.480000,3
148.748563,-0.123773075,-14.500000,3
148.762186,-0.123773075,-14.520000,3
148.775822,-0.124444191,-14.540000,3
148.789545,-0.124635939,-14.560000,3
148.803115,-0.125402929,-14.580000,3
148.816943,-0.125786425,-14.600000,3
148.830985,-0.126265794,-14.620000,3
148.844771,-0.126361667,-14.640000,3
148.858963,-0.126841036,-14.660000,3
148.872112,-0.127512153,-14.680000,3
148.885868,-0.127799774,-14.700000,3
148.899744,-0.127703901,-14.720000,3
148.913605,-0.128758512,-14.740000,3
148.927661,-0.128854386,-14.760000,3
148.941439,-0.129525503,-14.780000,3
148.954871,-0.130100746,-14.800000,3
148.968143,-0.130196619,-14.820000,3
148.982328,-0.130292493,-14.840000,3
148.995816,-0.130675988,-14.860000,3
149.009593,-0.131538853,-14.880000,3
149.022985,-0.131634726,-14.900000,3
149.036872,-0.131922348,-14.920000,3
149.050590,-0.132689338,-14.940000,3
149.064018,-0.133168707,-14.960000,3
149.077843,-0.133264581,-14.980000,3
149.090933,-0.133264581,-15.000000,3
149.104950,-0.134223319,-15.020000,3
149.119035,-0.134223319,-15.040000,3
149.132766,-0.135373805,-15.060000,3
149.146501,-0.135373805,-15.080000,3
149.159886,-0.135565552,-15.100000,3
149.174269,-0.136140795,-15.120000,3
149.187680,-0.136428416,-15.140000,3
149.201190,-0.137099533,-15.160000,3
149.215472,-0.137866523,-15.180000,3
149.228799,-0.137962397,-15.200000,3
149.243056,-0.138154145,-15.220000,3
149.257647,-0.138633514,-15.240000,3
149.271227,-0.139017009,-15.260000,3
149.285097,-0.139975747,-15.280000,3
149.299463,-0.140071621,-15.300000,3
149.313326,-0.140838611,-15.320000,3
149.327110,-0.141030359,-15.340000,3
149.341059,-0.142276718,-15.360000,3
149.355076,-0.142180844,-15.380000,3
149.368622,-0.142564339,-15.400000,3
149.382554,-0.143427204,-15.420000,3
149.396159,-0.143523077,-15.440000,3
149.410129,-0.144098320,-15.460000,3
149.424350,-0.145344680,-15.480000,3
149.438307,-0.145536427,-15.500000,3
149.452239,-0.146111670,-15.520000,3
149.466714,-0.146686913,-15.540000,3
149.480282,-0.147453903,-15.560000,3
149.494559,-0.148220894,-15.580000,3
149.508101,-0.148316767,-15.600000,3
149.521961,-0.148796136,-15.620000,3
149.535522,-0.149563127,-15.640000,3
149.549415,-0.150425991,-15.660000,3
149.563331,-0.150713612,-15.680000,3
149.578096,-0.151384729,-15.700000,3
149.591606,-0.151768224,-15.720000,3
149.605891,-0.152439341,-15.740000,3
149.619844,-0.153206331,-15.760000,3
149.633745,-0.154069195,-15.780000,3
149.647032,-0.154740312,-15.800000,3
149.661225,-0.155219681,-15.820000,3
149.675170,-0.156082545,-15.840000,3
149.688929,-0.156274293,-15.860000,3
149.702956,-0.156945409,-15.880000,3
149.717316,-0.157520652,-15.900000,3
149.730841,-0.158000021,-15.920000,3
149.744794,-0.158862885,-15.940000,3
149.758776,-0.159150507,-15.960000,3
149.772574,-0.159629876,-15.980000,3
149.786709,-0.160396866,-16.000000,3
149.801170,-0.160972109,-16.020000,3
149.814911,-0.161643226,-16.040000,3
149.828616,-0.161834973,-16.060000,3
149.842768,-0.162314342,-16.080000,3
149.856662,-0.162985459,-16.100000,3
149.869941,-0.163464828,-16.120000,3
149.883649,-0.163752449,-16.140000,3
149.897998,-0.163848323,-16.160000,3
149.911374,-0.164711187,-16.180000,3
149.925285,-0.164998808,-16.200000,3
149.939304,-0.164902935,-16.220000,3
149.953351,-0.165382304,-16.240000,3
149.966877,-0.166149294,-16.260000,3
149.980583,-0.166628663,-16.280000,3
149.994272,-0.166628663,-16.300000,3
150.007790,-0.167299780,-16.320000,3
150.021087,-0.167395653,-16.340000,3
150.034623,-0.167875022,-16.360000,3
150.049146,-0.168354391,-16.380000,3
150.062892,-0.168258518,-16.400000,3
150.076884,-0.168929634,-16.420000,3
150.090259,-0.169217256,-16.440000,3
150.104603,-0.169504877,-16.460000,3
150.118993,-0.170175994,-16.480000,3
150.132936,-0.170271867,-16.500000,3
150.146501,-0.170559489,-16.520000,3
150.160249,-0.170942984,-16.540000,3
150.174312,-0.171134732,-16.560000,3
150.187832,-0.171518227,-16.580000,3
150.201371,-0.171422353,-16.600000,3
150.215261,-0.172189343,-16.620000,3
150.228491,-0.172668712,-16.640000,3
150.242359,-0.172381091,-16.660000,3
150.255929,-0.172956334,-16.680000,3
150.269703,-0.173243955,-16.700000,3
150.283459,-0.173627450,-16.720000,3
150.297098,-0.173819198,-16.740000,3
150.310917,-0.174394441,-16.760000,3
150.324642,-0.173915072,-16.780000,3
150.338566,-0.174777936,-16.800000,3
150.352641,-0.175161431,-16.820000,3
150.366633,-0.175065557,-16.840000,3
150.380450,-0.176024295,-16.860000,3
150.394152,-0.175928422,-16.880000,3
150.408348,-0.175928422,-16.900000,3
150.421932,-0.176503664,-16.920000,3
150.435513,-0.176887160,-16.940000,3
150.449541,-0.176983033,-16.960000,3
150.463242,-0.177558276,-16.980000,3
150.476974,-0.177654150,-17.000000,3
150.490659,-0.177750024,-17.020000,3
150.504232,-0.177941771,-17.040000,3
150.517899,-0.178133519,-17.060000,3
150.531823,-0.178325267,-17.080000,3
150.545033,-0.178229393,-17.100000,3
150.558537,-0.178900509,-17.120000,3
150.572206,-0.179284005,-17.140000,3
150.586073,-0.179092257,-17.160000,3
150.599599,-0.179763374,-17.180000,3
150.613037,-0.179859247,-17.200000,3
150.627079,-0.180050995,-17.220000,3
150.641285,-0.180242743,-17.240000,3
150.655264,-0.180817985,-17.260000,3
150.669063,-0.180817985,-17.280000,3
150.682920,-0.180913859,-17.300000,3
150.696493,-0.180913859,-17.320000,3
150.710429,-0.181584976,-17.340000,3
150.724424,-0.182064345,-17.360000,3
150.738183,-0.181872597,-17.380000,3
150.751723,-0.181776723,-17.400000,3
150.765611,-0.182351966,-17.420000,3
150.779093,-0.182543714,-17.440000,3
150.792816,-0.182735461,-17.460000,3
150.806350,-0.183214830,-17.480000,3
150.820693,-0.183214830,-17.500000,3
150.834666,-0.183598326,-17.520000,3
150.848535,-0.183694199,-17.540000,3
150.862589,-0.183790073,-17.560000,3
150.876397,-0.183981821,-17.580000,3
150.890358,-0.184461190,-17.600000,3
150.904340,-0.184365316,-17.620000,3
150.918144,-0.184748811,-17.640000,3
150.932285,-0.184748811,-17.660000,3
150.946087,-0.185228180,-17.680000,3
150.959805,-0.185324054,-17.700000,3
150.973722,-0.185707549,-17.720000,3
150.987837,-0.185899297,-17.740000,3
151.001982,-0.185899297,-17.760000,3
151.016135,-0.186666287,-17.780000,3
151.029582,-0.186474540,-17.800000,3
151.043197,-0.186666287,-17.820000,3
151.056518,-0.186762161,-17.840000,3
151.070160,-0.187049782,-17.860000,3
151.083709,-0.187337404,-17.880000,3
151.097660,-0.187145656,-17.900000,3
151.111896,-0.187241530,-17.920000,3
151.125747,-0.188296142,-17.940000,3
151.139402,-0.188104394,-17.960000,3
151.153538,-0.188583763,-17.980000,3
151.167961,-0.188775511,-18.000000,3
151.181721,-0.188008520,-18.020000,3
151.195800,-0.188775511,-18.040000,3
151.210166,-0.189159006,-18.060000,3
151.223585,-0.189254880,-18.080000,3
151.237349,-0.189446627,-18.100000,3
151.251209,-0.189446627,-18.120000,3
151.265009,-0.189350754,-18.140000,3
151.278706,-0.189734249,-18.160000,3
151.292565,-0.189830123,-18.180000,3
151.306319,-0.190021870,-18.200000,3
151.319930,-0.190501239,-18.220000,3
151.334347,-0.190213618,-18.240000,3
151.348201,-0.190213618,-18.260000,3
151.361921,-0.190692987,-18.280000,3
151.375864,-0.191172356,-18.300000,3
151.389604,-0.190980608,-18.320000,3
151.403507,-0.191268229,-18.340000,3
151.417238,-0.191364103,-18.360000,3
151.431314,-0.191459977,-18.380000,3
151.445061,-0.191747598,-18.400000,3
151.458689,-0.192035220,-18.420000,3
151.472791,-0.192035220,-18.440000,3
151.486504,-0.192226967,-18.460000,3
151.500924,-0.192131094,-18.480000,3
151.514650,-0.192131094,-18.500000,3
151.528512,-0.192993958,-18.520000,3
151.542641,-0.192898084,-18.540000,3
151.556081,-0.192993958,-18.560000,3
151.570016,-0.192898084,-18.580000,3
151.582946,-0.192898084,-18.600000,3
151.597082,-0.193665074,-18.620000,3
151.611408,-0.193569201,-18.640000,3
151.625352,-0.193760948,-18.660000,3
151.639074,-0.193760948,-18.680000,3
151.652632,-0.193665074,-18.700000,3
151.666371,-0.194144443,-18.720000,3
151.680028,-0.194144443,-18.740000,3
151.694124,-0.194527939,-18.760000,3
151.708156,-0.194527939,-18.780000,3
151.721881,-0.194527939,-18.800000,3
151.735689,-0.194815560,-18.820000,3
151.749029,-0.194815560,-18.840000,3
151.762814,-0.195486677,-18.860000,3
151.776505,-0.195582550,-18.880000,3
151.790602,-0.195199055,-18.900000,3
151.804156,-0.195774298,-18.920000,3
151.817924,-0.195870172,-18.940000,3
151.832740,-0.195966046,-18.960000,3
151.846722,-0.195966046,-18.980000,3
151.860273,-0.196253667,-19.000000,3
151.874111,-0.196445415,-19.020000,3
151.887659,-0.196253667,-19.040000,3
151.901876,-0.196349541,-19.060000,3
151.915640,-0.196541288,-19.080000,3
151.929514,-0.196541288,-19.100000,3
151.943080,-0.196924784,-19.120000,3
151.957003,-0.197404153,-19.140000,3
151.971189,-0.197308279,-19.160000,3
151.984819,-0.197404153,-19.180000,3
151.998807,-0.197116531,-19.200000,3
152.012359,-0.197404153,-19.220000,3
152.025930,-0.197500026,-19.240000,3
152.039990,-0.197979395,-19.260000,3
152.054495,-0.197691774,-19.280000,3
152.067532,-0.198075269,-19.300000,3
152.081594,-0.198362891,-19.320000,3
152.095497,-0.198650512,-19.340000,3
152.109185,-0.198554638,-19.360000,3
152.123693,-0.198554638,-19.380000,3
152.137356,-0.198650512,-19.400000,3
152.151214,-0.198842260,-19.420000,3
152.165226,-0.199129881,-19.440000,3
152.178442,-0.198842260,-19.460000,3
152.192187,-0.199321629,-19.480000,3
152.206328,-0.199513376,-19.500000,3
152.220385,-0.199800998,-19.520000,3
152.234018,-0.199705124,-19.540000,3
152.247684,-0.199896871,-19.560000,3
152.261641,-0.199992745,-19.580000,3
152.275232,-0.200184493,-19.600000,3
152.288804,-0.199800998,-19.620000,3
152.302345,-0.200376240,-19.640000,3
152.315550,-0.200376240,-19.660000,3
152.329070,-0.200280367,-19.680000,3
152.343473,-0.200472114,-19.700000,3
152.356975,-0.200759736,-19.720000,3
152.371056,-0.200663862,-19.740000,3
152.385980,-0.200663862,-19.760000,3
152.399344,-0.200759736,-19.780000,3
152.412848,-0.201143231,-19.800000,3
152.427344,-0.200855609,-19.820000,3
152.441174,-0.201622600,-19.840000,3
152.454749,-0.201814347,-19.860000,3
152.468318,-0.201334978,-19.880000,3
152.482424,-0.201718474,-19.900000,3
152.496432,-0.201814347,-19.920000,3
152.510223,-0.201910221,-19.940000,3
152.524179,-0.201910221,-19.960000,3
152.537427,-0.202389590,-19.980000,3
152.551380,-0.202389590,-20.000000,3
152.565994,-0.202581338,-20.000000,3
152.579624,-0.202485464,-19.980000,3
152.593561,-0.202581338,-19.960000,3
152.607469,-0.202485464,-19.940000,3
152.621388,-0.202197843,-19.920000,3
152.635966,-0.202581338,-19.900000,3
152.649734,-0.202868959,-19.880000,3
152.663017,-0.202677212,-19.860000,3
152.675921,-0.202389590,-19.840000,3
152.689442,-0.202677212,-19.820000,3
152.703200,-0.202389590,-19.800000,3
152.717233,-0.202581338,-19.780000,3
152.730757,-0.202389590,-19.760000,3
152.744666,-0.202485464,-19.740000,3
152.757906,-0.202485464,-19.720000,3
152.771243,-0.202581338,-19.700000,3
152.784954,-0.202293716,-19.680000,3
152.798126,-0.202197843,-19.660000,3
152.812613,-0.202293716,-19.640000,3
152.826161,-0.202868959,-19.620000,3
152.839911,-0.202101969,-19.600000,3
152.853825,-0.202581338,-19.580000,3
152.867422,-0.202006095,-19.560000,3
152.881396,-0.202197843,-19.540000,3
152.895557,-0.202197843,-19.520000,3
152.909693,-0.202101969,-19.500000,3
152.923731,-0.201910221,-19.480000,3
152.937356,-0.202101969,-19.460000,3
152.951187,-0.202293716,-19.440000,3
152.965107,-0.202006095,-19.420000,3
152.978829,-0.201622600,-19.400000,3
152.992799,-0.201526726,-19.380000,3
153.007373,-0.201622600,-19.360000,3
153.020879,-0.202197843,-19.340000,3
153.034951,-0.201814347,-19.320000,3
153.049226,-0.202006095,-19.300000,3
153.062700,-0.201526726,-19.280000,3
153.077406,-0.201910221,-19.260000,3
153.091658,-0.201910221,-19.240000,3
153.105296,-0.201814347,-19.220000,3
153.119096,-0.201622600,-19.200000,3
153.133060,-0.202006095,-19.180000,3
153.146668,-0.201239105,-19.160000,3
153.160634,-0.201430852,-19.140000,3
153.174352,-0.201143231,-19.120000,3
153.188430,-0.201622600,-19.100000,3
153.202036,-0.201143231,-19.080000,3
153.215378,-0.201334978,-19.060000,3
153.229031,-0.201334978,-19.040000,3
153.242432,-0.201526726,-19.020000,3
153.256275,-0.201718474,-19.000000,3
153.269953,-0.201430852,-18.980000,3
153.284411,-0.201526726,-18.960000,3
153.298585,-0.201334978,-18.940000,3
153.312552,-0.201143231,-18.920000,3
153.326753,-0.201143231,-18.900000,3
153.340267,-0.200951483,-18.880000,3
153.354291,-0.200855609,-18.860000,3
153.367759,-0.201143231,-18.840000,3
153.381699,-0.200759736,-18.820000,3
153.395844,-0.201143231,-18.800000,3
153.409979,-0.201047357,-18.780000,3
153.423547,-0.201047357,-18.760000,3
153.436794,-0.201047357,-18.740000,3
153.450817,-0.200855609,-18.720000,3
153.464541,-0.200759736,-18.700000,3
153.478050,-0.200855609,-18.680000,3
153.492303,-0.200567988,-18.660000,3
153.506099,-0.200376240,-18.640000,3
153.519577,-0.200184493,-18.620000,3
153.533813,-0.200472114,-18.600000,3
153.547436,-0.200472114,-18.580000,3
153.560996,-0.200184493,-18.560000,3
153.575063,-0.200567988,-18.540000,3
153.588927,-0.200663862,-18.520000,3
153.602601,-0.200184493,-18.500000,3
153.616013,-0.200567988,-18.480000,3
153.629728,-0.200088619,-18.460000,3
153.643775,-0.200280367,-18.440000,3
153.658054,-0.200088619,-18.420000,3
153.672468,-0.200088619,-18.400000,3
153.686229,-0.199800998,-18.380000,3
153.700196,-0.199705124,-18.360000,3
153.714299,-0.200184493,-18.340000,3
153.727739,-0.199513376,-18.320000,3
153.741745,-0.199992745,-18.300000,3
153.756139,-0.199992745,-18.280000,3
153.770174,-0.199321629,-18.260000,3
153.783566,-0.199513376,-18.240000,3
153.796730,-0.199896871,-18.220000,3
153.810497,-0.199705124,-18.200000,3
153.824214,-0.200088619,-18.180000,3
153.838392,-0.199705124,-18.160000,3
153.852104,-0.198842260,-18.140000,3
153.865775,-0.199034007,-18.120000,3
153.879356,-0.199705124,-18.100000,3
153.894233,-0.199321629,-18.080000,3
153.907785,-0.199417502,-18.060000,3
153.921700,-0.199225755,-18.040000,3
153.935277,-0.199225755,-18.020000,3
153.948469,-0.198938133,-18.000000,3
153.962642,-0.199225755,-17.980000,3
153.976297,-0.198554638,-17.960000,3
153.990365,-0.199129881,-17.940000,3
154.003713,-0.198746386,-17.920000,3
154.017362,-0.198171143,-17.900000,3
154.030730,-0.198842260,-17.880000,3
154.044829,-0.198746386,-17.860000,3
154.058075,-0.198362891,-17.840000,3
154.071798,-0.198362891,-17.820000,3
154.085849,-0.198458764,-17.800000,3
154.100167,-0.198267017,-17.780000,3
154.113711,-0.198650512,-17.760000,3
154.127385,-0.198554638,-17.740000,3
154.140719,-0.198171143,-17.720000,3
154.154636,-0.198171143,-17.700000,3
154.168466,-0.198362891,-17.680000,3
154.182224,-0.198075269,-17.660000,3
154.196238,-0.198267017,-17.640000,3
154.209585,-0.197979395,-17.620000,3
154.223495,-0.197883522,-17.600000,3
154.237761,-0.197691774,-17.580000,3
154.251336,-0.197883522,-17.560000,3
154.265438,-0.197500026,-17.540000,3
154.279667,-0.197500026,-17.520000,3
154.293437,-0.197500026,-17.500000,3
154.307107,-0.197212405,-17.480000,3
154.320906,-0.197404153,-17.460000,3
154.334326,-0.197404153,-17.440000,3
154.348169,-0.197500026,-17.420000,3
154.361428,-0.197308279,-17.400000,3
154.375503,-0.197212405,-17.380000,3
154.389774,-0.197308279,-17.360000,3
154.403023,-0.196924784,-17.340000,3
154.416419,-0.197020657,-17.320000,3
154.430255,-0.197020657,-17.300000,3
154.444409,-0.196924784,-17.280000,3
154.458497,-0.197116531,-17.260000,3
154.472405,-0.196828910,-17.240000,3
154.485884,-0.196349541,-17.220000,3
154.499776,-0.196828910,-17.200000,3
154.513368,-0.196828910,-17.180000,3
154.527266,-0.196157793,-17.160000,3
154.540601,-0.196541288,-17.140000,3
154.554666,-0.196924784,-17.120000,3
154.568768,-0.196349541,-17.100000,3
154.582881,-0.196349541,-17.080000,3
154.596671,-0.195774298,-17.060000,3
154.611562,-0.196253667,-17.040000,3
154.624719,-0.195774298,-17.020000,3
154.638832,-0.196157793,-17.000000,3
154.652190,-0.196061919,-16.980000,3
154.666052,-0.195966046,-16.960000,3
154.679835,-0.195870172,-16.940000,3
154.693064,-0.195582550,-16.920000,3
154.706829,-0.195582550,-16.900000,3
154.720028,-0.195486677,-16.880000,3
154.733721,-0.195774298,-16.860000,3
154.747303,-0.195486677,-16.840000,3
154.760953,-0.195486677,-16.820000,3
154.774564,-0.195582550,-16.800000,3
154.788257,-0.195486677,-16.780000,3
154.801902,-0.195294929,-16.760000,3
154.816306,-0.195294929,-16.740000,3
154.830316,-0.195199055,-16.720000,3
154.843824,-0.195007308,-16.700000,3
154.857214,-0.194719686,-16.680000,3
154.870778,-0.194815560,-16.660000,3
154.884703,-0.194623812,-16.640000,3
154.898252,-0.195007308,-16.620000,3
154.912008,-0.195199055,-16.600000,3
154.926544,-0.194336191,-16.580000,3
154.941121,-0.194623812,-16.560000,3
154.954665,-0.194623812,-16.540000,3
154.968767,-0.194527939,-16.520000,3
154.982269,-0.194623812,-16.500000,3
154.996151,-0.194336191,-16.480000,3
155.010322,-0.194240317,-16.460000,3
155.023971,-0.193760948,-16.440000,3
155.038064,-0.194240317,-16.420000,3
155.051959,-0.194336191,-16.400000,3
155.066245,-0.194048570,-16.380000,3
155.079988,-0.193377453,-16.360000,3
155.094079,-0.194048570,-16.340000,3
155.107850,-0.193856822,-16.320000,3
155.123365,-0.193377453,-16.300000,3
155.137164,-0.193665074,-16.280000,3
155.151306,-0.193281579,-16.260000,3
155.165101,-0.193089832,-16.240000,3
155.178642,-0.193760948,-16.220000,3
155.192082,-0.193377453,-16.200000,3
155.205997,-0.193089832,-16.180000,3
155.219368,-0.193089832,-16.160000,3
155.233594,-0.193281579,-16.140000,3
155.247922,-0.192898084,-16.120000,3
155.261579,-0.192802210,-16.100000,3
155.275855,-0.192610463,-16.080000,3
155.289782,-0.192706336,-16.060000,3
155.303195,-0.192993958,-16.040000,3
155.317274,-0.192514589,-16.020000,3
155.330815,-0.192706336,-16.000000,3
155.344134,-0.192131094,-15.980000,3
155.358312,-0.192610463,-15.960000,3
155.372284,-0.192226967,-15.940000,3
155.386429,-0.192993958,-15.920000,3
155.400285,-0.192514589,-15.900000,3
155.414042,-0.192035220,-15.880000,3
155.427589,-0.192226967,-15.860000,3
155.441265,-0.191939346,-15.840000,3
155.454549,-0.192035220,-15.820000,3
155.468482,-0.192035220,-15.800000,3
155.482735,-0.191939346,-15.780000,3
155.497095,-0.191651725,-15.760000,3
155.511541,-0.191843472,-15.740000,3
155.525118,-0.191651725,-15.720000,3
155.538435,-0.191172356,-15.700000,3
155.551951,-0.191172356,-15.680000,3
155.565650,-0.191747598,-15.660000,3
155.580048,-0.190788860,-15.640000,3
155.593655,-0.191268229,-15.620000,3
155.607650,-0.190884734,-15.600000,3
155.621745,-0.190597113,-15.580000,3
155.636599,-0.190788860,-15.560000,3
155.650488,-0.191076482,-15.540000,3
155.664358,-0.190117744,-15.520000,3
155.677909,-0.190405365,-15.500000,3
155.691941,-0.190405365,-15.480000,3
155.705266,-0.190501239,-15.460000,3
155.720247,-0.190309491,-15.440000,3
155.734433,-0.190501239,-15.420000,3
155.748312,-0.189638375,-15.400000,3
155.762636,-0.189925996,-15.380000,3
155.776857,-0.190309491,-15.360000,3
155.790139,-0.190117744,-15.340000,3
155.804311,-0.190117744,-15.320000,3
155.817430,-0.190021870,-15.300000,3
155.830671,-0.189925996,-15.280000,3
155.844707,-0.189446627,-15.260000,3
155.858123,-0.189350754,-15.240000,3
155.871861,-0.189350754,-15.220000,3
155.885677,-0.189254880,-15.200000,3
155.899080,-0.189159006,-15.180000,3
155.912263,-0.189159006,-15.160000,3
155.926992,-0.189159006,-15.140000,3
155.940183,-0.189063132,-15.120000,3
155.953549,-0.189159006,-15.100000,3
155.967252,-0.188679637,-15.080000,3
155.980946,-0.188583763,-15.060000,3
155.995026,-0.189063132,-15.040000,3
156.009389,-0.188487889,-15.020000,3
156.023495,-0.188200268,-15.000000,3
156.036956,-0.188775511,-14.980000,3
156.050904,-0.188392016,-14.960000,3
156.065199,-0.188008520,-14.940000,3
156.079084,-0.188104394,-14.920000,3
156.092715,-0.187816773,-14.900000,3
156.107547,-0.187816773,-14.880000,3
156.120968,-0.187720899,-14.860000,3
156.134668,-0.187816773,-14.840000,3
156.149867,-0.187720899,-14.820000,3
156.163298,-0.187720899,-14.800000,3
156.177124,-0.187145656,-14.780000,3
156.191189,-0.187241530,-14.760000,3
156.205018,-0.187720899,-14.740000,3
156.218891,-0.186762161,-14.720000,3
156.232905,-0.187625025,-14.700000,3
156.247149,-0.187145656,-14.680000,3
156.260489,-0.187049782,-14.660000,3
156.274051,-0.186858035,-14.640000,3
156.288189,-0.186858035,-14.620000,3
156.302403,-0.186762161,-14.600000,3
156.316731,-0.186570413,-14.580000,3
156.330276,-0.186091044,-14.560000,3
156.344167,-0.186282792,-14.540000,3
156.358359,-0.186666287,-14.520000,3
156.372773,-0.185899297,-14.500000,3
156.386631,-0.186186918,-14.480000,3
156.400675,-0.186091044,-14.460000,3
156.414686,-0.185419928,-14.440000,3
156.428891,-0.186186918,-14.420000,3
156.442314,-0.185611675,-14.400000,3
156.455818,-0.185803423,-14.380000,3
156.469553,-0.185419928,-14.360000,3
156.483459,-0.185515802,-14.340000,3
156.497195,-0.185228180,-14.320000,3
156.510892,-0.185324054,-14.300000,3
156.524650,-0.185132306,-14.280000,3
156.538004,-0.184844685,-14.260000,3
156.551320,-0.184652937,-14.240000,3
156.564974,-0.185132306,-14.220000,3
156.578657,-0.184557064,-14.200000,3
156.592341,-0.184748811,-14.180000,3
156.606122,-0.184652937,-14.160000,3
156.619984,-0.184461190,-14.140000,3
156.633597,-0.184461190,-14.120000,3
156.647429,-0.184461190,-14.100000,3
156.661651,-0.183981821,-14.080000,3
156.675450,-0.184365316,-14.060000,3
156.689250,-0.184269442,-14.040000,3
156.703179,-0.183790073,-14.020000,3
156.716959,-0.184077695,-14.000000,3
156.731109,-0.183502452,-13.980000,3
156.745021,-0.183502452,-13.960000,3
156.759401,-0.183310704,-13.940000,3
156.773740,-0.183214830,-13.920000,3
156.787841,-0.183214830,-13.900000,3
156.801749,-0.183214830,-13.880000,3
156.815351,-0.183118957,-13.860000,3
156.829166,-0.182927209,-13.840000,3
156.843442,-0.183023083,-13.820000,3
156.856759,-0.182256092,-13.800000,3
156.870316,-0.182639588,-13.780000,3
156.885032,-0.182351966,-13.760000,3
156.898710,-0.182639588,-13.740000,3
156.912319,-0.182351966,-13.720000,3
156.925386,-0.182447840,-13.700000,3
156.939159,-0.181968471,-13.680000,3
156.952885,-0.181872597,-13.660000,3
156.967195,-0.181776723,-13.640000,3
156.981657,-0.181489102,-13.620000,3
156.996260,-0.181297354,-13.600000,3
157.010273,-0.181201481,-13.580000,3
157.025329,-0.181201481,-13.560000,3
157.039107,-0.181201481,-13.540000,3
157.052726,-0.181584976,-13.520000,3
157.066383,-0.180722112,-13.500000,3
157.080480,-0.180817985,-13.480000,3
157.093858,-0.181297354,-13.460000,3
157.107604,-0.180722112,-13.440000,3
157.121196,-0.180722112,-13.420000,3
157.135194,-0.180817985,-13.400000,3
157.148747,-0.180722112,-13.380000,3
157.162514,-0.180626238,-13.360000,3
157.176053,-0.180434490,-13.340000,3
157.189886,-0.180146869,-13.320000,3
157.203682,-0.179955121,-13.300000,3
157.217195,-0.180146869,-13.280000,3
157.230748,-0.180050995,-13.260000,3
157.244509,-0.179859247,-13.240000,3
157.258338,-0.180050995,-13.220000,3
157.271919,-0.179859247,-13.200000,3
157.285590,-0.179379878,-13.180000,3
157.299167,-0.179284005,-13.160000,3
157.312773,-0.179188131,-13.140000,3
157.327216,-0.179092257,-13.120000,3
157.340473,-0.178804636,-13.100000,3
157.354213,-0.178996383,-13.080000,3
157.367988,-0.178708762,-13.060000,3
157.382076,-0.178804636,-13.040000,3
157.395298,-0.178325267,-13.020000,3
157.409670,-0.178517014,-13.000000,3
157.423663,-0.178229393,-12.980000,3
157.437487,-0.178325267,-12.960000,3
157.451106,-0.178517014,-12.940000,3
157.464982,-0.177941771,-12.920000,3
157.478796,-0.178133519,-12.900000,3
157.492792,-0.177941771,-12.880000,3
157.506539,-0.177462402,-12.860000,3
157.520367,-0.177654150,-12.840000,3
157.534469,-0.176983033,-12.820000,3
157.548791,-0.177078907,-12.800000,3
157.563066,-0.176887160,-12.780000,3
157.576768,-0.176983033,-12.760000,3
157.590693,-0.177174781,-12.740000,3
157.605246,-0.176695412,-12.720000,3
157.619277,-0.176695412,-12.700000,3
157.634144,-0.176599538,-12.680000,3
157.647899,-0.176695412,-12.660000,3
157.660928,-0.176599538,-12.640000,3
157.673827,-0.176216043,-12.620000,3
157.686707,-0.176407791,-12.600000,3
157.699665,-0.176695412,-12.580000,3
157.713562,-0.176024295,-12.560000,3
157.727990,-0.175736674,-12.540000,3
157.741289,-0.175832548,-12.520000,3
157.754448,-0.175832548,-12.500000,3
157.768024,-0.175736674,-12.480000,3
157.782396,-0.175353179,-12.460000,3
157.795727,-0.175640800,-12.440000,3
157.809179,-0.175449053,-12.420000,3
157.823217,-0.174873810,-12.400000,3
157.836908,-0.175161431,-12.380000,3
157.850637,-0.175065557,-12.360000,3
157.864704,-0.175161431,-12.340000,3
157.878141,-0.174873810,-12.320000,3
157.891499,-0.174682062,-12.300000,3
157.905130,-0.174586188,-12.280000,3
157.918840,-0.174394441,-12.260000,3
157.933033,-0.174010946,-12.240000,3
157.946705,-0.174202693,-12.220000,3
157.960470,-0.173819198,-12.200000,3
157.973881,-0.173819198,-12.180000,3
157.987995,-0.173819198,-12.160000,3
158.002100,-0.173723324,-12.140000,3
158.016164,-0.173723324,-12.120000,3
158.029866,-0.173531577,-12.100000,3
158.043764,-0.173339829,-12.080000,3
158.057624,-0.173435703,-12.060000,3
158.071404,-0.173243955,-12.040000,3
158.085087,-0.173243955,-12.020000,3
158.098485,-0.172956334,-12.000000,3
158.112489,-0.172860460,-11.980000,3
158.127414,-0.172476965,-11.960000,3
158.141272,-0.172860460,-11.940000,3
158.155079,-0.172860460,-11.920000,3
158.169158,-0.172285217,-11.900000,3
158.183211,-0.172476965,-11.880000,3
158.197129,-0.171997596,-11.860000,3
158.211175,-0.172189343,-11.840000,3
158.225530,-0.171901722,-11.820000,3
158.239320,-0.171614101,-11.800000,3
158.253176,-0.171709974,-11.780000,3
158.268318,-0.171518227,-11.760000,3
158.282779,-0.170942984,-11.740000,3
158.295534,-0.170847110,-11.720000,3
158.309114,-0.171614101,-11.700000,3
158.323070,-0.170942984,-11.680000,3
158.336995,-0.170847110,-11.660000,3
158.350695,-0.170847110,-11.640000,3
158.364141,-0.171038858,-11.620000,3
158.377982,-0.170751236,-11.600000,3
158.391441,-0.170367741,-11.580000,3
158.405554,-0.170367741,-11.560000,3
158.419361,-0.169984246,-11.540000,3
158.432711,-0.169888372,-11.520000,3
158.446610,-0.170367741,-11.500000,3
158.460429,-0.170080120,-11.480000,3
158.474059,-0.169984246,-11.460000,3
158.487850,-0.169792498,-11.440000,3
158.503165,-0.169409003,-11.420000,3
158.517406,-0.169504877,-11.400000,3
158.531299,-0.169217256,-11.380000,3
158.545714,-0.168737887,-11.360000,3
158.559220,-0.169025508,-11.340000,3
158.572659,-0.168642013,-11.320000,3
158.587068,-0.169217256,-11.300000,3
158.600865,-0.168929634,-11.280000,3
158.614582,-0.168546139,-11.260000,3
158.628507,-0.168546139,-11.240000,3
158.642284,-0.168450265,-11.220000,3
158.655592,-0.168162644,-11.200000,3
158.669368,-0.168450265,-11.180000,3
158.683032,-0.168162644,-11.160000,3
158.696984,-0.167875022,-11.140000,3
158.710877,-0.168162644,-11.120000,3
158.724505,-0.167683275,-11.100000,3
158.738405,-0.167875022,-11.080000,3
158.752656,-0.167491527,-11.060000,3
158.766159,-0.167395653,-11.040000,3
158.779884,-0.167299780,-11.020000,3
158.792930,-0.167395653,-11.000000,3
158.806854,-0.167108032,-10.980000,3
158.820713,-0.167203906,-10.960000,3
158.834458,-0.166916284,-10.940000,3
158.847833,-0.167012158,-10.920000,3
158.861947,-0.166820411,-10.900000,3
158.875808,-0.166724537,-10.880000,3
158.889683,-0.166532789,-10.860000,3
158.903424,-0.166341042,-10.840000,3
158.916919,-0.166245168,-10.820000,3
158.930639,-0.166245168,-10.800000,3
158.944412,-0.165669925,-10.780000,3
158.958359,-0.165574051,-10.760000,3
158.972522,-0.165765799,-10.740000,3
158.986951,-0.165861673,-10.720000,3
159.000205,-0.165669925,-10.700000,3
159.014273,-0.165574051,-10.680000,3
159.028034,-0.165478177,-10.660000,3
159.041607,-0.165478177,-10.640000,3
159.055325,-0.164998808,-10.620000,3
159.069174,-0.164807061,-10.600000,3
159.082826,-0.164807061,-10.580000,3
159.096278,-0.164807061,-10.560000,3
159.109720,-0.164615313,-10.540000,3
159.124109,-0.164519440,-10.520000,3
159.138154,-0.164327692,-10.500000,3
159.152207,-0.164231818,-10.480000,3
159.165866,-0.164519440,-10.460000,3
159.178927,-0.164231818,-10.440000,3
159.192133,-0.163848323,-10.420000,3
159.205690,-0.163560702,-10.400000,3
159.219823,-0.163656575,-10.380000,3
159.234189,-0.164135944,-10.360000,3
159.247982,-0.163368954,-10.340000,3
159.261801,-0.163848323,-10.320000,3
159.275098,-0.163081333,-10.300000,3
159.288991,-0.163081333,-10.280000,3
159.302877,-0.162793711,-10.260000,3
159.316660,-0.162601964,-10.240000,3
159.330027,-0.163177206,-10.220000,3
159.343773,-0.162697837,-10.200000,3
159.357959,-0.162889585,-10.180000,3
159.371804,-0.162218468,-10.160000,3
159.386252,-0.162122595,-10.140000,3
159.400382,-0.162122595,-10.120000,3
159.414271,-0.162026721,-10.100000,3
159.428224,-0.162506090,-10.080000,3
159.442553,-0.161547352,-10.060000,3
159.456357,-0.161547352,-10.040000,3
159.470293,-0.161547352,-10.020000,3
159.485065,-0.161163857,-10.000000,3
159.499157,-0.161259730,-9.980000,3
159.512356,-0.161259730,-9.960000,3
159.526425,-0.161163857,-9.940000,3
159.540350,-0.160876235,-9.920000,3
159.554439,-0.160684488,-9.900000,3
159.568250,-0.160684488,-9.880000,3
159.582363,-0.160876235,-9.860000,3
159.596038,-0.160300992,-9.840000,3
159.609337,-0.160492740,-9.820000,3
159.623325,-0.160300992,-9.800000,3
159.636668,-0.160492740,-9.780000,3
159.650654,-0.159725750,-9.760000,3
159.664861,-0.159917497,-9.740000,3
159.678654,-0.160205119,-9.720000,3
159.692234,-0.159917497,-9.700000,3
159.706512,-0.159725750,-9.680000,3
159.720005,-0.159534002,-9.660000,3
159.734084,-0.159917497,-9.640000,3
159.747390,-0.159629876,-9.620000,3
159.761104,-0.158767012,-9.600000,3
159.774556,-0.159150507,-9.580000,3
159.788321,-0.158862885,-9.560000,3
159.802348,-0.159054633,-9.540000,3
159.816183,-0.158575264,-9.520000,3
159.830052,-0.158191769,-9.500000,3
159.843776,-0.158383516,-9.480000,3
159.857529,-0.158191769,-9.460000,3
159.871164,-0.157904147,-9.440000,3
159.884584,-0.157616526,-9.420000,3
159.898219,-0.157520652,-9.400000,3
159.911721,-0.157616526,-9.380000,3
159.925156,-0.157904147,-9.360000,3
159.939327,-0.157904147,-9.340000,3
159.953986,-0.157808274,-9.320000,3
159.967421,-0.157233031,-9.300000,3
159.980967,-0.157041283,-9.280000,3
159.995192,-0.157137157,-9.260000,3
160.008962,-0.156753662,-9.240000,3
160.023117,-0.156849536,-9.220000,3
160.037930,-0.156657788,-9.200000,3
160.051772,-0.156370167,-9.180000,3
160.065327,-0.156849536,-9.160000,3
160.079257,-0.155986671,-9.140000,3
160.092678,-0.156274293,-9.120000,3
160.106520,-0.155986671,-9.100000,3
160.119812,-0.155986671,-9.080000,3
160.133834,-0.155507302,-9.060000,3
160.147974,-0.155507302,-9.040000,3
160.162009,-0.155411429,-9.020000,3
160.175689,-0.155507302,-9.000000,3
160.189573,-0.155219681,-8.980000,3
160.203583,-0.155315555,-8.960000,3
160.217352,-0.155027933,-8.940000,3
160.230852,-0.154740312,-8.920000,3
160.244644,-0.154548564,-8.900000,3
160.258605,-0.154740312,-8.880000,3
160.273028,-0.154452691,-8.860000,3
160.286790,-0.154260943,-8.840000,3
160.300455,-0.153973322,-8.820000,3
160.314920,-0.153877448,-8.800000,3
160.328137,-0.153589826,-8.780000,3
160.341874,-0.153493953,-8.760000,3
160.355753,-0.153589826,-8.740000,3
160.369938,-0.153493953,-8.720000,3
160.383331,-0.153110457,-8.700000,3
160.396641,-0.153302205,-8.680000,3
160.410410,-0.153014584,-8.660000,3
160.424155,-0.152822836,-8.640000,3
160.437659,-0.152918710,-8.620000,3
160.452302,-0.152726962,-8.600000,3
160.465762,-0.152439341,-8.580000,3
160.479771,-0.151959972,-8.560000,3
160.493648,-0.152343467,-8.540000,3
160.507427,-0.151768224,-8.520000,3
160.521518,-0.151480603,-8.500000,3
160.534865,-0.151768224,-8.480000,3
160.548473,-0.151288855,-8.460000,3
160.562801,-0.151384729,-8.440000,3
160.576474,-0.151768224,-8.420000,3
160.590872,-0.150713612,-8.400000,3
160.604728,-0.151288855,-8.380000,3
160.617989,-0.150905360,-8.360000,3
160.632185,-0.150809486,-8.340000,3
160.645547,-0.150521865,-8.320000,3
160.659376,-0.150425991,-8.300000,3
160.672862,-0.150617739,-8.280000,3
160.686682,-0.149946622,-8.260000,3
160.700307,-0.150234243,-8.240000,3
160.714277,-0.150042496,-8.220000,3
160.728118,-0.149659001,-8.200000,3
160.741969,-0.149563127,-8.180000,3
160.756267,-0.149371379,-8.160000,3
160.770277,-0.149275505,-8.140000,3
160.784138,-0.149179632,-8.120000,3
160.798188,-0.148892010,-8.100000,3
160.811996,-0.148508515,-8.080000,3
160.825552,-0.148508515,-8.060000,3
160.839224,-0.148125020,-8.040000,3
160.852689,-0.148508515,-8.020000,3
160.866927,-0.148316767,-8.000000,3
160.880431,-0.147837398,-7.980000,3
160.893948,-0.147741525,-7.960000,3
160.907775,-0.147741525,-7.940000,3
160.921601,-0.147358029,-7.920000,3
160.935416,-0.147453903,-7.900000,3
160.949200,-0.147453903,-7.880000,3
160.963255,-0.147166282,-7.860000,3
160.976808,-0.146686913,-7.840000,3
160.990508,-0.146495165,-7.820000,3
161.004228,-0.146399291,-7.800000,3
161.017810,-0.146399291,-7.780000,3
161.031716,-0.146207544,-7.760000,3
161.045018,-0.146015796,-7.740000,3
161.058315,-0.145919922,-7.720000,3
161.071986,-0.145919922,-7.700000,3
161.085495,-0.145824049,-7.680000,3
161.099010,-0.145344680,-7.660000,3
161.113688,-0.145248806,-7.640000,3
161.128073,-0.144769437,-7.620000,3
161.141352,-0.145248806,-7.600000,3
161.154784,-0.144481815,-7.580000,3
161.169029,-0.144290068,-7.560000,3
161.182651,-0.144577689,-7.540000,3
161.196335,-0.144290068,-7.520000,3
161.210344,-0.144002446,-7.500000,3
161.223829,-0.143714825,-7.480000,3
161.237680,-0.144098320,-7.460000,3
161.252181,-0.143618951,-7.440000,3
161.266324,-0.143618951,-7.420000,3
161.280585,-0.143139582,-7.400000,3
161.294275,-0.143427204,-7.380000,3
161.307824,-0.142756087,-7.360000,3
161.321933,-0.142756087,-7.340000,3
161.335785,-0.142276718,-7.320000,3
161.349643,-0.142468466,-7.300000,3
161.362998,-0.141989097,-7.280000,3
161.377281,-0.141893223,-7.260000,3
161.390700,-0.141605601,-7.240000,3
161.404352,-0.141701475,-7.220000,3
161.418518,-0.141413854,-7.200000,3
161.432018,-0.141030359,-7.180000,3
161.446215,-0.141126232,-7.160000,3
161.460220,-0.140646863,-7.140000,3
161.473600,-0.140550990,-7.120000,3
161.486928,-0.141030359,-7.100000,3
161.500407,-0.140455116,-7.080000,3
161.514459,-0.140455116,-7.060000,3
161.528122,-0.140167494,-7.040000,3
161.541880,-0.139783999,-7.020000,3
161.555690,-0.139304630,-7.000000,3
161.569624,-0.139496378,-6.980000,3
161.582640,-0.139592252,-6.960000,3
161.595800,-0.139208757,-6.940000,3
161.609545,-0.139017009,-6.920000,3
161.622837,-0.139017009,-6.900000,3
161.636872,-0.138537640,-6.880000,3
161.650336,-0.138441766,-6.860000,3
161.664942,-0.138345892,-6.840000,3
161.678740,-0.138633514,-6.820000,3
161.693130,-0.138250019,-6.800000,3
161.706857,-0.137578902,-6.780000,3
161.720244,-0.137674776,-6.760000,3
161.733570,-0.137387154,-6.740000,3
161.747605,-0.137099533,-6.720000,3
161.761504,-0.137099533,-6.700000,3
161.774987,-0.137195407,-6.680000,3
161.789610,-0.136524290,-6.660000,3
161.803573,-0.136428416,-6.640000,3
161.817276,-0.136044921,-6.620000,3
161.830738,-0.136332543,-6.600000,3
161.844596,-0.135853174,-6.580000,3
161.858573,-0.135949047,-6.560000,3
161.872442,-0.135757300,-6.540000,3
161.886820,-0.135661426,-6.520000,3
161.900792,-0.135373805,-6.500000,3
161.914454,-0.135469678,-6.480000,3
161.928236,-0.135086183,-6.460000,3
161.942364,-0.135086183,-6.440000,3
161.956929,-0.135277931,-6.420000,3
161.970527,-0.134702688,-6.400000,3
161.984315,-0.134415067,-6.380000,3
161.998203,-0.134510940,-6.360000,3
162.011834,-0.134510940,-6.340000,3
162.026293,-0.133839824,-6.320000,3
162.039690,-0.133552202,-6.300000,3
162.053198,-0.133168707,-6.280000,3
162.066969,-0.133168707,-6.260000,3
162.080326,-0.133552202,-6.240000,3
162.094329,-0.133264581,-6.220000,3
162.107937,-0.132881086,-6.200000,3
162.122076,-0.132497591,-6.180000,3
162.136040,-0.132209969,-6.160000,3
162.149987,-0.132305843,-6.140000,3
162.163671,-0.132401717,-6.120000,3
162.177670,-0.131826474,-6.100000,3
162.190867,-0.132209969,-6.080000,3
162.204704,-0.131347105,-6.060000,3
162.218696,-0.131251231,-6.040000,3
162.232058,-0.131251231,-6.020000,3
162.246403,-0.130771862,-6.000000,3
162.259762,-0.130771862,-5.980000,3
162.273209,-0.130580115,-5.960000,3
162.287144,-0.130292493,-5.940000,3
162.300466,-0.130196619,-5.920000,3
162.314024,-0.130100746,-5.900000,3
162.328788,-0.129813124,-5.880000,3
162.342456,-0.129717250,-5.860000,3
162.355883,-0.129621377,-5.840000,3
162.369904,-0.129429629,-5.820000,3
162.383253,-0.128950260,-5.800000,3
162.396776,-0.129046134,-5.780000,3
162.410633,-0.128854386,-5.760000,3
162.424837,-0.128566765,-5.740000,3
162.438621,-0.128566765,-5.720000,3
162.452316,-0.128375017,-5.700000,3
162.466454,-0.127608027,-5.680000,3
162.480614,-0.127991522,-5.660000,3
162.495078,-0.127512153,-5.640000,3
162.509253,-0.127799774,-5.620000,3
162.523857,-0.127703901,-5.600000,3
162.537835,-0.127608027,-5.580000,3
162.551587,-0.127416279,-5.560000,3
162.565229,-0.126841036,-5.540000,3
162.579108,-0.126649289,-5.520000,3
162.592659,-0.126745163,-5.500000,3
162.606963,-0.126361667,-5.480000,3
162.620807,-0.126169920,-5.460000,3
162.635145,-0.126361667,-5.440000,3
162.648822,-0.125978172,-5.420000,3
162.662086,-0.125978172,-5.400000,3
162.674925,-0.125594677,-5.380000,3
162.687744,-0.125402929,-5.360000,3
162.700819,-0.125498803,-5.340000,3
162.714522,-0.125211182,-5.320000,3
162.727936,-0.124540065,-5.300000,3
162.741198,-0.124731813,-5.280000,3
162.754332,-0.124252444,-5.260000,3
162.768205,-0.124635939,-5.240000,3
162.781792,-0.124540065,-5.220000,3
162.795506,-0.123964822,-5.200000,3
162.809845,-0.123868949,-5.180000,3
162.823793,-0.123293706,-5.160000,3
162.837867,-0.123581327,-5.140000,3
162.852198,-0.123006084,-5.120000,3
162.866368,-0.123006084,-5.100000,3
162.880570,-0.122814337,-5.080000,3
162.894399,-0.123197832,-5.060000,3
162.908346,-0.122334968,-5.040000,3
162.922293,-0.122334968,-5.020000,3
162.935907,-0.122814337,-5.000000,3
162.950210,-0.121951473,-4.980000,3
162.963774,-0.121567977,-4.960000,3
162.977407,-0.121855599,-4.940000,3
162.991324,-0.121376230,-4.920000,3
163.005048,-0.121280356,-4.900000,3
163.019047,-0.121088608,-4.880000,3
163.032681,-0.120896861,-4.860000,3
163.046438,-0.120896861,-4.840000,3
163.060870,-0.120800987,-4.820000,3
163.074997,-0.120417492,-4.800000,3
163.088341,-0.120609239,-4.780000,3
163.102033,-0.120513366,-4.760000,3
163.115672,-0.119842249,-4.740000,3
163.129709,-0.119554628,-4.720000,3
163.143265,-0.119938123,-4.700000,3
163.157344,-0.119458754,-4.680000,3
163.171171,-0.119171132,-4.660000,3
163.185766,-0.119267006,-4.640000,3
163.199622,-0.118787637,-4.620000,3
163.213710,-0.118691763,-4.600000,3
163.227929,-0.118595890,-4.580000,3
163.241870,-0.117924773,-4.560000,3
163.256119,-0.118212394,-4.540000,3
163.270411,-0.117924773,-4.520000,3
163.284148,-0.117924773,-4.500000,3
163.297708,-0.117157783,-4.480000,3
163.311379,-0.117253656,-4.460000,3
163.325235,-0.117541278,-4.440000,3
163.338903,-0.116678414,-4.420000,3
163.352799,-0.116678414,-4.400000,3
163.366328,-0.116390792,-4.380000,3
163.381042,-0.116582540,-4.360000,3
163.395212,-0.116007297,-4.340000,3
163.408867,-0.115911423,-4.320000,3
163.422828,-0.115719676,-4.300000,3
163.436369,-0.114952685,-4.280000,3
163.449893,-0.114952685,-4.260000,3
163.464282,-0.114856811,-4.240000,3
163.478384,-0.114569190,-4.220000,3
163.492654,-0.114665064,-4.200000,3
163.506871,-0.114473316,-4.180000,3
163.520647,-0.113706326,-4.160000,3
163.535555,-0.114185695,-4.140000,3
163.549414,-0.113131083,-4.120000,3
163.563319,-0.113131083,-4.100000,3
163.577440,-0.112939336,-4.080000,3
163.590967,-0.112843462,-4.060000,3
163.604711,-0.112555840,-4.040000,3
163.618289,-0.112459967,-4.020000,3
163.632317,-0.111788850,-4.000000,3
163.646319,-0.111692976,-3.980000,3
163.660455,-0.111692976,-3.960000,3
163.674277,-0.110734238,-3.940000,3
163.688353,-0.111117733,-3.920000,3
163.701984,-0.110638364,-3.900000,3
163.715630,-0.110446617,-3.880000,3
163.730051,-0.110350743,-3.860000,3
163.743727,-0.109967248,-3.840000,3
163.758312,-0.109775500,-3.820000,3
163.772073,-0.109008510,-3.800000,3
163.785674,-0.108912636,-3.780000,3
163.798750,-0.108912636,-3.760000,3
163.812752,-0.108337393,-3.740000,3
163.826826,-0.108720888,-3.720000,3
163.840747,-0.108049772,-3.700000,3
163.854622,-0.108049772,-3.680000,3
163.868857,-0.107282781,-3.660000,3
163.882270,-0.106707539,-3.640000,3
163.896172,-0.106515791,-3.620000,3
163.909941,-0.106803412,-3.600000,3
163.923547,-0.106036422,-3.580000,3
163.937655,-0.105652927,-3.560000,3
163.951416,-0.105461179,-3.540000,3
163.965178,-0.105269432,-3.520000,3
163.978629,-0.104885936,-3.500000,3
163.992092,-0.103927198,-3.480000,3
164.006034,-0.103735451,-3.460000,3
164.019609,-0.103639577,-3.440000,3
164.033738,-0.103831325,-3.420000,3
164.046865,-0.103256082,-3.400000,3
164.060380,-0.103447829,-3.380000,3
164.074095,-0.102680839,-3.360000,3
164.088244,-0.102105596,-3.340000,3
164.102060,-0.101626227,-3.320000,3
164.115929,-0.101722101,-3.300000,3
164.129417,-0.101434480,-3.280000,3
164.143483,-0.100955111,-3.260000,3
164.158118,-0.100283994,-3.240000,3
164.171926,-0.099996373,-3.220000,3
164.186004,-0.099229382,-3.200000,3
164.200436,-0.099804625,-3.180000,3
164.214049,-0.099517004,-3.160000,3
164.227948,-0.098845887,-3.140000,3
164.241856,-0.098558266,-3.120000,3
164.255712,-0.098366518,-3.100000,3
164.269149,-0.098078897,-3.080000,3
164.282794,-0.097599528,-3.060000,3
164.296418,-0.096928411,-3.040000,3
164.310011,-0.097407780,-3.020000,3
164.323785,-0.096832537,-3.000000,3
164.337988,-0.096161421,-2.980000,3
164.352009,-0.096353168,-2.960000,3
164.365737,-0.095873799,-2.940000,3
164.379116,-0.095969673,-2.920000,3
164.392896,-0.095202683,-2.900000,3
164.406587,-0.095106809,-2.880000,3
164.420255,-0.094339818,-2.860000,3
164.434491,-0.094435692,-2.840000,3
164.448187,-0.094435692,-2.820000,3
164.462435,-0.094148071,-2.800000,3
164.476419,-0.093764576,-2.780000,3
164.489993,-0.093764576,-2.760000,3
164.503586,-0.092997585,-2.740000,3
164.518225,-0.092997585,-2.720000,3
164.531809,-0.092230595,-2.700000,3
164.545642,-0.092326469,-2.680000,3
164.559232,-0.091751226,-2.660000,3
164.573342,-0.091271857,-2.640000,3
164.587290,-0.091271857,-2.620000,3
164.600697,-0.091367731,-2.600000,3
164.614132,-0.090984235,-2.580000,3
164.627465,-0.090600740,-2.560000,3
164.640867,-0.090121371,-2.540000,3
164.654844,-0.089833750,-2.520000,3
164.668656,-0.089737876,-2.500000,3
164.682406,-0.089546128,-2.480000,3
164.697008,-0.089162633,-2.460000,3
164.710920,-0.089162633,-2.440000,3
164.725097,-0.088970886,-2.420000,3
164.738427,-0.088587391,-2.400000,3
164.752300,-0.088108022,-2.380000,3
164.766105,-0.087916274,-2.360000,3
164.779679,-0.088012148,-2.340000,3
164.793396,-0.087820400,-2.320000,3
164.807081,-0.087245157,-2.300000,3
164.821137,-0.086957536,-2.280000,3
164.834381,-0.087149284,-2.260000,3
164.848570,-0.087245157,-2.240000,3
164.862783,-0.086382293,-2.220000,3
164.876207,-0.085998798,-2.200000,3
164.891051,-0.085998798,-2.180000,3
164.904114,-0.085998798,-2.160000,3
164.918543,-0.085615303,-2.140000,3
164.932466,-0.085327681,-2.120000,3
164.946126,-0.084752439,-2.100000,3
164.959738,-0.084560691,-2.080000,3
164.973796,-0.084656565,-2.060000,3
164.986953,-0.084464817,-2.040000,3
165.000695,-0.083889574,-2.020000,3
165.014926,-0.084081322,-2.000000,3
165.028935,-0.083506079,-1.980000,3
165.042591,-0.083314332,-1.960000,3
165.057100,-0.083506079,-1.940000,3
165.070656,-0.083410205,-1.920000,3
165.084156,-0.082067972,-1.900000,3
165.098640,-0.082451467,-1.880000,3
165.112038,-0.081876225,-1.860000,3
165.126322,-0.081876225,-1.840000,3
165.140104,-0.081588603,-1.820000,3
165.153857,-0.081588603,-1.800000,3
165.167390,-0.081684477,-1.780000,3
165.181537,-0.080917487,-1.760000,3
165.195973,-0.081109234,-1.740000,3
165.209439,-0.080725739,-1.720000,3
165.223305,-0.080438118,-1.700000,3
165.236803,-0.080054622,-1.680000,3
165.251485,-0.079958749,-1.660000,3
165.265118,-0.079767001,-1.640000,3
165.279164,-0.079383506,-1.620000,3
165.293507,-0.079095884,-1.600000,3
165.306905,-0.078904137,-1.580000,3
165.320787,-0.078520642,-1.560000,3
165.334687,-0.078233020,-1.540000,3
165.348629,-0.078137146,-1.520000,3
165.363364,-0.077849525,-1.500000,3
165.376981,-0.077945399,-1.480000,3
165.390537,-0.078233020,-1.460000,3
165.404529,-0.077274282,-1.440000,3
165.418141,-0.077178408,-1.420000,3
165.431635,-0.076411418,-1.400000,3
165.445809,-0.076027923,-1.380000,3
165.459173,-0.076219670,-1.360000,3
165.473233,-0.075932049,-1.340000,3
165.487587,-0.075356806,-1.320000,3
165.501062,-0.074973311,-1.300000,3
165.514944,-0.074685690,-1.280000,3
165.529016,-0.074398068,-1.260000,3
165.543183,-0.074110447,-1.240000,3
165.556731,-0.074302194,-1.220000,3
165.570466,-0.073631078,-1.200000,3
165.583968,-0.072480592,-1.180000,3
165.598166,-0.072672340,-1.160000,3
165.612138,-0.072288845,-1.140000,3
165.626060,-0.072384718,-1.120000,3
165.640359,-0.071042485,-1.100000,3
165.653941,-0.070850738,-1.080000,3
165.668245,-0.070850738,-1.060000,3
165.682147,-0.070083747,-1.040000,3
165.695550,-0.070083747,-1.020000,3
165.709402,-0.069508504,-1.000000,3
165.723968,-0.068837388,-0.980000,3
165.737738,-0.068262145,-0.960000,3
165.751795,-0.068166271,-0.940000,3
165.765538,-0.067399281,-0.920000,3
165.779138,-0.066440543,-0.900000,3
165.793135,-0.066248795,-0.880000,3
165.807470,-0.065290057,-0.860000,3
165.821100,-0.064810688,-0.840000,3
165.834816,-0.064427193,-0.820000,3
165.848567,-0.064235445,-0.800000,3
165.862553,-0.063276708,-0.780000,3
165.876071,-0.062989086,-0.760000,3
165.890558,-0.062126222,-0.740000,3
165.904085,-0.061742727,-0.720000,3
165.917602,-0.061455105,-0.700000,3
165.931756,-0.060496367,-0.680000,3
165.945042,-0.059825251,-0.660000,3
165.958950,-0.059250008,-0.640000,3
165.972745,-0.059058260,-0.620000,3
165.986329,-0.057620153,-0.600000,3
166.000064,-0.057332532,-0.580000,3
166.013699,-0.056853163,-0.560000,3
166.027709,-0.056182046,-0.540000,3
166.040940,-0.055894425,-0.520000,3
166.055239,-0.055223308,-0.500000,3
166.069286,-0.054168697,-0.480000,3
166.083416,-0.053785201,-0.460000,3
166.096745,-0.052730590,-0.440000,3
166.110515,-0.053018211,-0.420000,3
166.124686,-0.052730590,-0.400000,3
166.138093,-0.051963599,-0.380000,3
166.151587,-0.051963599,-0.360000,3
166.165741,-0.051196609,-0.340000,3
166.179567,-0.051196609,-0.320000,3
166.194154,-0.050046123,-0.300000,3
166.208018,-0.050429618,-0.280000,3
166.222073,-0.049375007,-0.260000,3
166.236135,-0.049087385,-0.240000,3
166.249739,-0.048799764,-0.220000,3
166.263543,-0.048224521,-0.200000,3
166.277353,-0.047936900,-0.180000,3
166.290818,-0.047553404,-0.160000,3
166.304761,-0.047361657,-0.140000,3
166.319002,-0.046786414,-0.120000,3
166.332678,-0.046882288,-0.100000,3
166.346184,-0.046211171,-0.080000,3
166.360024,-0.046115297,-0.060000,3
166.373515,-0.045540055,-0.040000,3
166.387580,-0.045156559,-0.020000,3
166.401582,-0.044485443,0.000000,3
