time_s,encoder_pos_rad,output_torque_Nm,cycle
0.008963,0.001054612,0.000000,1
0.022197,0.001150486,0.020000,1
0.036366,0.001054612,0.040000,1
0.049816,0.000575243,0.060000,1
0.063770,0.001054612,0.080000,1
0.078195,0.001054612,0.100000,1
0.091983,0.001438107,0.120000,1
0.106231,0.001438107,0.140000,1
0.119380,0.001533981,0.160000,1
0.133372,0.001821602,0.180000,1
0.147217,0.001821602,0.200000,1
0.161113,0.002205097,0.220000,1
0.175544,0.002684466,0.240000,1
0.188839,0.002780340,0.260000,1
0.203035,0.002588593,0.280000,1
0.216509,0.002876214,0.300000,1
0.230355,0.003259709,0.320000,1
0.243929,0.003739078,0.340000,1
0.258066,0.004122573,0.360000,1
0.271469,0.004314321,0.380000,1
0.285778,0.004506069,0.400000,1
0.300598,0.004697816,0.420000,1
0.314302,0.005177185,0.440000,1
0.327320,0.005560680,0.460000,1
0.340338,0.005656554,0.480000,1
0.353448,0.006135923,0.500000,1
0.366462,0.006615292,0.520000,1
0.380483,0.007094661,0.540000,1
0.393612,0.007190535,0.560000,1
0.407154,0.007765778,0.580000,1
0.420157,0.007669904,0.600000,1
0.434436,0.008053399,0.620000,1
0.447780,0.008724516,0.640000,1
0.461972,0.008532768,0.660000,1
0.475384,0.009012137,0.680000,1
0.489358,0.009587380,0.700000,1
0.503159,0.009491506,0.720000,1
0.516984,0.009491506,0.740000,1
0.530782,0.009875001,0.760000,1
0.545012,0.009875001,0.780000,1
0.558672,0.010066749,0.800000,1
0.572791,0.010354370,0.820000,1
0.586874,0.010641992,0.840000,1
0.600936,0.011313108,0.860000,1
0.614215,0.011121361,0.880000,1
0.628229,0.011025487,0.900000,1
0.641923,0.011600730,0.920000,1
0.655208,0.011600730,0.940000,1
0.668910,0.011600730,0.960000,1
0.682293,0.012175973,0.980000,1
0.696059,0.012559468,1.000000,1
0.710000,0.013422332,1.020000,1
0.723746,0.013997575,1.040000,1
0.737015,0.013901701,1.060000,1
0.751156,0.014764565,1.080000,1
0.765017,0.014956313,1.100000,1
0.778344,0.015243934,1.120000,1
0.792800,0.015339808,1.140000,1
0.806391,0.015148060,1.160000,1
0.820235,0.016010924,1.180000,1
0.834611,0.016202672,1.200000,1
0.848133,0.017161410,1.220000,1
0.862591,0.017449031,1.240000,1
0.875786,0.017640779,1.260000,1
0.889687,0.018120148,1.280000,1
0.903436,0.018120148,1.300000,1
0.917448,0.018695391,1.320000,1
0.931480,0.019270634,1.340000,1
0.945022,0.019366507,1.360000,1
0.958999,0.019941750,1.380000,1
0.973732,0.021188110,1.400000,1
0.987569,0.020708741,1.420000,1
1.001137,0.021283983,1.440000,1
1.015150,0.021763352,1.460000,1
1.028585,0.021955100,1.480000,1
1.043006,0.022913838,1.500000,1
1.056865,0.023009712,1.520000,1
1.070341,0.023201459,1.540000,1
1.084404,0.024064324,1.560000,1
1.098225,0.024351945,1.580000,1
1.111930,0.024831314,1.600000,1
1.125944,0.025214809,1.620000,1
1.139316,0.025406557,1.640000,1
1.153335,0.025790052,1.660000,1
1.167847,0.026557042,1.680000,1
1.181233,0.026557042,1.700000,1
1.194666,0.027036411,1.720000,1
1.208705,0.026940538,1.740000,1
1.222918,0.027132285,1.760000,1
1.236722,0.028282771,1.780000,1
1.250935,0.028666266,1.800000,1
1.266084,0.028474518,1.820000,1
1.279323,0.028666266,1.840000,1
1.294160,0.028474518,1.860000,1
1.307981,0.028858014,1.880000,1
1.321201,0.028282771,1.900000,1
1.335542,0.028762140,1.920000,1
1.349383,0.029145635,1.940000,1
1.363537,0.029049761,1.960000,1
1.377354,0.029720878,1.980000,1
1.390943,0.029337383,2.000000,1
1.405177,0.029529130,2.020000,1
1.419048,0.029720878,2.040000,1
1.433320,0.029720878,2.060000,1
1.446533,0.029625004,2.080000,1
1.459803,0.030104373,2.100000,1
1.474219,0.030296121,2.120000,1
1.487273,0.030583742,2.140000,1
1.501503,0.030583742,2.160000,1
1.515442,0.030967237,2.180000,1
1.529121,0.030775490,2.200000,1
1.543175,0.030871363,2.220000,1
1.556954,0.031254859,2.240000,1
1.570725,0.031638354,2.260000,1
1.584252,0.031542480,2.280000,1
1.598173,0.031638354,2.300000,1
1.611692,0.032213597,2.320000,1
1.625565,0.032788839,2.340000,1
1.639600,0.032597092,2.360000,1
1.654541,0.032980587,2.380000,1
1.667922,0.033172335,2.400000,1
1.681492,0.033364082,2.420000,1
1.695443,0.033747577,2.440000,1
1.708897,0.033843451,2.460000,1
1.722447,0.033843451,2.480000,1
1.736301,0.034322820,2.500000,1
1.750045,0.034706315,2.520000,1
1.764889,0.035089811,2.540000,1
1.778877,0.035089811,2.560000,1
1.792335,0.035569180,2.580000,1
1.805711,0.035760927,2.600000,1
1.819595,0.036240296,2.620000,1
1.833926,0.036432044,2.640000,1
1.847415,0.036911413,2.660000,1
1.861420,0.037007287,2.680000,1
1.875468,0.037582529,2.700000,1
1.888804,0.037582529,2.720000,1
1.903246,0.038061898,2.740000,1
1.917135,0.038733015,2.760000,1
1.930967,0.038828889,2.780000,1
1.944614,0.039308258,2.800000,1
1.957698,0.039404131,2.820000,1
1.971668,0.039787627,2.840000,1
1.985491,0.039787627,2.860000,1
2.000268,0.040075248,2.880000,1
2.013653,0.040842238,2.900000,1
2.027128,0.040650491,2.920000,1
2.040856,0.041033986,2.940000,1
2.054365,0.041033986,2.960000,1
2.068927,0.041992724,2.980000,1
2.083114,0.041992724,3.000000,1
2.096861,0.041705103,3.020000,1
2.110563,0.042376219,3.040000,1
2.124782,0.042663841,3.060000,1
2.138766,0.042567967,3.080000,1
2.152375,0.043047336,3.100000,1
2.165838,0.043430831,3.120000,1
2.179859,0.044101948,3.140000,1
2.193554,0.043718452,3.160000,1
2.207823,0.044293695,3.180000,1
2.221011,0.044581317,3.200000,1
2.234746,0.045156559,3.220000,1
2.248508,0.045060686,3.240000,1
2.262251,0.045348307,3.260000,1
2.276263,0.045540055,3.280000,1
2.290255,0.046019424,3.300000,1
2.304630,0.046211171,3.320000,1
2.318245,0.046690540,3.340000,1
2.332756,0.046690540,3.360000,1
2.346412,0.047361657,3.380000,1
2.359554,0.046978162,3.400000,1
2.374607,0.047361657,3.420000,1
2.388170,0.047936900,3.440000,1
2.401340,0.048512142,3.460000,1
2.415610,0.048032773,3.480000,1
2.430276,0.048799764,3.500000,1
2.443310,0.049279133,3.520000,1
2.457467,0.049854376,3.540000,1
2.471476,0.050141997,3.560000,1
2.485459,0.050046123,3.580000,1
2.499517,0.050333745,3.600000,1
2.513451,0.050525492,3.620000,1
2.526799,0.050813114,3.640000,1
2.540436,0.051196609,3.660000,1
2.554631,0.051580104,3.680000,1
2.568702,0.051675978,3.700000,1
2.582518,0.052251221,3.720000,1
2.596163,0.052538842,3.740000,1
2.610164,0.052442968,3.760000,1
2.624070,0.052826463,3.780000,1
2.638201,0.052442968,3.800000,1
2.652438,0.053114085,3.820000,1
2.666139,0.053497580,3.840000,1
2.680255,0.053785201,3.860000,1
2.693538,0.053497580,3.880000,1
2.707320,0.053881075,3.900000,1
2.720819,0.053785201,3.920000,1
2.733887,0.054168697,3.940000,1
2.747599,0.054935687,3.960000,1
2.761532,0.055127435,3.980000,1
2.775070,0.054935687,4.000000,1
2.789053,0.055127435,4.020000,1
2.803102,0.055510930,4.040000,1
2.817203,0.055990299,4.060000,1
2.830716,0.055894425,4.080000,1
2.844163,0.056086173,4.100000,1
2.857763,0.056565542,4.120000,1
2.871513,0.056277920,4.140000,1
2.885879,0.056565542,4.160000,1
2.898939,0.056661415,4.180000,1
2.913419,0.057332532,4.200000,1
2.926973,0.057140784,4.220000,1
2.941198,0.057524280,4.240000,1
2.955275,0.058003649,4.260000,1
2.969102,0.057811901,4.280000,1
2.982785,0.058099522,4.300000,1
2.996313,0.057907775,4.320000,1
3.009715,0.058291270,4.340000,1
3.024413,0.058770639,4.360000,1
3.037845,0.058770639,4.380000,1
3.051517,0.059058260,4.400000,1
3.065566,0.059345882,4.420000,1
3.079064,0.059441756,4.440000,1
3.092698,0.059825251,4.460000,1
3.106845,0.059537629,4.480000,1
3.121706,0.059921125,4.500000,1
3.135025,0.060016998,4.520000,1
3.148778,0.060304620,4.540000,1
3.162648,0.060592241,4.560000,1
3.176920,0.060879863,4.580000,1
3.190674,0.060975736,4.600000,1
3.204322,0.060975736,4.620000,1
3.218519,0.061263358,4.640000,1
3.231986,0.061359232,4.660000,1
3.245875,0.061071610,4.680000,1
3.259727,0.061742727,4.700000,1
3.274165,0.062222096,4.720000,1
3.287718,0.062317970,4.740000,1
3.301371,0.062126222,4.760000,1
3.315016,0.062605591,4.780000,1
3.328854,0.062797339,4.800000,1
3.342263,0.062605591,4.820000,1
3.356918,0.062989086,4.840000,1
3.370648,0.062701465,4.860000,1
3.383751,0.063180834,4.880000,1
3.397593,0.063660203,4.900000,1
3.411123,0.063372581,4.920000,1
3.425329,0.064139572,4.940000,1
3.439028,0.064139572,4.960000,1
3.452991,0.063851950,4.980000,1
3.466609,0.064139572,5.000000,1
3.480242,0.064523067,5.020000,1
3.494227,0.064714814,5.040000,1
3.508046,0.065194183,5.060000,1
3.521439,0.064810688,5.080000,1
3.536990,0.064714814,5.100000,1
3.550072,0.065577679,5.120000,1
3.563297,0.065769426,5.140000,1
3.577190,0.065290057,5.160000,1
3.591361,0.065673552,5.180000,1
3.605468,0.066440543,5.200000,1
3.619272,0.066248795,5.220000,1
3.632602,0.066248795,5.240000,1
3.646539,0.066824038,5.260000,1
3.659899,0.067015786,5.280000,1
3.673865,0.067207533,5.300000,1
3.688022,0.067111659,5.320000,1
3.701568,0.067111659,5.340000,1
3.715725,0.067591028,5.360000,1
3.729282,0.067782776,5.380000,1
3.743299,0.068166271,5.400000,1
3.756996,0.068645640,5.420000,1
3.770573,0.068358019,5.440000,1
3.784838,0.068741514,5.460000,1
3.798907,0.068741514,5.480000,1
3.812576,0.068933262,5.500000,1
3.826330,0.069220883,5.520000,1
3.840595,0.069220883,5.540000,1
3.854356,0.069508504,5.560000,1
3.868184,0.069316757,5.580000,1
3.882829,0.069700252,5.600000,1
3.896723,0.069987873,5.620000,1
3.910644,0.069987873,5.640000,1
3.924531,0.070179621,5.660000,1
3.938375,0.070371369,5.680000,1
3.952564,0.070946611,5.700000,1
3.967023,0.071042485,5.720000,1
3.980036,0.071138359,5.740000,1
3.994215,0.071234233,5.760000,1
4.008568,0.071425980,5.780000,1
4.022363,0.072001223,5.800000,1
4.036089,0.072001223,5.820000,1
4.049448,0.072097097,5.840000,1
4.063732,0.072384718,5.860000,1
4.077225,0.072864087,5.880000,1
4.090652,0.072672340,5.900000,1
4.104362,0.072959961,5.920000,1
4.118362,0.073343456,5.940000,1
4.131675,0.073343456,5.960000,1
4.145737,0.073918699,5.980000,1
4.159117,0.073726952,6.000000,1
4.173238,0.074398068,6.020000,1
4.186577,0.074014573,6.040000,1
4.200189,0.074685690,6.060000,1
4.214130,0.074973311,6.080000,1
4.227637,0.075165059,6.100000,1
4.241944,0.075165059,6.120000,1
4.255632,0.075452680,6.140000,1
4.269437,0.075548554,6.160000,1
4.283112,0.075932049,6.180000,1
4.297074,0.076411418,6.200000,1
4.310821,0.076507292,6.220000,1
4.324201,0.076411418,6.240000,1
4.337639,0.076794913,6.260000,1
4.351148,0.076986661,6.280000,1
4.365351,0.077370156,6.300000,1
4.379262,0.077370156,6.320000,1
4.392645,0.077849525,6.340000,1
4.406531,0.077849525,6.360000,1
4.420543,0.078137146,6.380000,1
4.433810,0.078712389,6.400000,1
4.447395,0.078904137,6.420000,1
4.461070,0.079000011,6.440000,1
4.474727,0.079287632,6.460000,1
4.488542,0.079671127,6.480000,1
4.502339,0.079862875,6.500000,1
4.515684,0.080342244,6.520000,1
4.529207,0.080533991,6.540000,1
4.542693,0.080629865,6.560000,1
4.556754,0.080821613,6.580000,1
4.570589,0.081300982,6.600000,1
4.584389,0.081876225,6.620000,1
4.597869,0.082067972,6.640000,1
4.611363,0.081876225,6.660000,1
4.625414,0.082451467,6.680000,1
4.639544,0.082451467,6.700000,1
4.653312,0.082834963,6.720000,1
4.667319,0.083122584,6.740000,1
4.681094,0.083026710,6.760000,1
4.694581,0.083314332,6.780000,1
4.708217,0.083889574,6.800000,1
4.722051,0.084464817,6.820000,1
4.735560,0.084368943,6.840000,1
4.749211,0.084752439,6.860000,1
4.763463,0.085327681,6.880000,1
4.777088,0.085615303,6.900000,1
4.791162,0.085902924,6.920000,1
4.805406,0.086382293,6.940000,1
4.819493,0.086574041,6.960000,1
4.833004,0.086669915,6.980000,1
4.846755,0.086861662,7.000000,1
4.860978,0.087341031,7.020000,1
4.874674,0.087628653,7.040000,1
4.888495,0.088012148,7.060000,1
4.902338,0.088108022,7.080000,1
4.916534,0.088395643,7.100000,1
4.930017,0.088587391,7.120000,1
4.944073,0.089162633,7.140000,1
4.957788,0.088875012,7.160000,1
4.971605,0.089354381,7.180000,1
4.985170,0.090025497,7.200000,1
4.999002,0.090313119,7.220000,1
5.012799,0.090313119,7.240000,1
5.026770,0.091080109,7.260000,1
5.041384,0.090984235,7.280000,1
5.055193,0.091367731,7.300000,1
5.068865,0.091942973,7.320000,1
5.082587,0.091942973,7.340000,1
5.096284,0.091751226,7.360000,1
5.110066,0.092422342,7.380000,1
5.123711,0.092518216,7.400000,1
5.138062,0.092901711,7.420000,1
5.152174,0.092805838,7.440000,1
5.165707,0.093285207,7.460000,1
5.179925,0.093476954,7.480000,1
5.193999,0.093764576,7.500000,1
5.207528,0.093860449,7.520000,1
5.221397,0.094148071,7.540000,1
5.235519,0.094339818,7.560000,1
5.249830,0.094819187,7.580000,1
5.263868,0.095106809,7.600000,1
5.277790,0.095202683,7.620000,1
5.291232,0.095490304,7.640000,1
5.305926,0.095777925,7.660000,1
5.319669,0.095682052,7.680000,1
5.333098,0.096065547,7.700000,1
5.346416,0.096161421,7.720000,1
5.359737,0.096449042,7.740000,1
5.372930,0.096640790,7.760000,1
5.386759,0.096736663,7.780000,1
5.400906,0.097024285,7.800000,1
5.414286,0.097503654,7.820000,1
5.427303,0.097503654,7.840000,1
5.441316,0.097599528,7.860000,1
5.454852,0.097887149,7.880000,1
5.468793,0.098366518,7.900000,1
5.482139,0.098366518,7.920000,1
5.495403,0.098462392,7.940000,1
5.509541,0.099037635,7.960000,1
5.523221,0.099037635,7.980000,1
5.536973,0.099229382,8.000000,1
5.551395,0.099612877,8.020000,1
5.564740,0.099996373,8.040000,1
5.578475,0.099900499,8.060000,1
5.592208,0.099900499,8.080000,1
5.606198,0.099996373,8.100000,1
5.621838,0.100379868,8.120000,1
5.635509,0.100859237,8.140000,1
5.649259,0.101242732,8.160000,1
5.663376,0.100955111,8.180000,1
5.676843,0.101146858,8.200000,1
5.690635,0.101722101,8.220000,1
5.705221,0.101626227,8.240000,1
5.718965,0.101817975,8.260000,1
5.732858,0.102105596,8.280000,1
5.746680,0.102105596,8.300000,1
5.760529,0.102489091,8.320000,1
5.774384,0.102680839,8.340000,1
5.788475,0.102680839,8.360000,1
5.801979,0.102872587,8.380000,1
5.816229,0.103447829,8.400000,1
5.830152,0.103639577,8.420000,1
5.844568,0.103447829,8.440000,1
5.858711,0.104118946,8.460000,1
5.872759,0.104502441,8.480000,1
5.886711,0.104694189,8.500000,1
5.900786,0.104598315,8.520000,1
5.914201,0.104790063,8.540000,1
5.927989,0.104981810,8.560000,1
5.941174,0.105269432,8.580000,1
5.955075,0.105557053,8.600000,1
5.968660,0.105269432,8.620000,1
5.982480,0.105652927,8.640000,1
5.997057,0.106132296,8.660000,1
6.010330,0.106707539,8.680000,1
6.024016,0.106611665,8.700000,1
6.037826,0.106324043,8.720000,1
6.052103,0.106803412,8.740000,1
6.065813,0.106995160,8.760000,1
6.079545,0.107091034,8.780000,1
6.093306,0.107570403,8.800000,1
6.107175,0.107474529,8.820000,1
6.121720,0.107762150,8.840000,1
6.135139,0.108049772,8.860000,1
6.148843,0.108433267,8.880000,1
6.162852,0.108529141,8.900000,1
6.176739,0.108337393,8.920000,1
6.190620,0.109008510,8.940000,1
6.204592,0.109583753,8.960000,1
6.218200,0.109296131,8.980000,1
6.231854,0.109392005,9.000000,1
6.245613,0.109871374,9.020000,1
6.259492,0.109871374,9.040000,1
6.273495,0.110254869,9.060000,1
6.287103,0.110734238,9.080000,1
6.300811,0.110638364,9.100000,1
6.314540,0.111213607,9.120000,1
6.328511,0.111213607,9.140000,1
6.342199,0.111309481,9.160000,1
6.356346,0.111788850,9.180000,1
6.370003,0.111884724,9.200000,1
6.384060,0.112364093,9.220000,1
6.397635,0.112364093,9.240000,1
6.411335,0.112651714,9.260000,1
6.425358,0.113035209,9.280000,1
6.439042,0.113035209,9.300000,1
6.452650,0.113514578,9.320000,1
6.465634,0.113898074,9.340000,1
6.479479,0.113802200,9.360000,1
6.493218,0.113993947,9.380000,1
6.507057,0.113898074,9.400000,1
6.520737,0.114856811,9.420000,1
6.534492,0.114569190,9.440000,1
6.548214,0.114856811,9.460000,1
6.561918,0.115336180,9.480000,1
6.575828,0.115623802,9.500000,1
6.589569,0.115527928,9.520000,1
6.603310,0.116103171,9.540000,1
6.617100,0.116103171,9.560000,1
6.631010,0.116294918,9.580000,1
6.644760,0.116774287,9.600000,1
6.658231,0.116870161,9.620000,1
6.671873,0.117349530,9.640000,1
6.685554,0.117637152,9.660000,1
6.699344,0.117445404,9.680000,1
6.713110,0.118116521,9.700000,1
6.727177,0.118308268,9.720000,1
6.740926,0.118883511,9.740000,1
6.754860,0.119075259,9.760000,1
6.769341,0.119267006,9.780000,1
6.782168,0.119171132,9.800000,1
6.795844,0.119938123,9.820000,1
6.809563,0.120129870,9.840000,1
6.822972,0.120033997,9.860000,1
6.836728,0.120417492,9.880000,1
6.850179,0.120800987,9.900000,1
6.864813,0.120992735,9.920000,1
6.878259,0.121184482,9.940000,1
6.892316,0.121184482,9.960000,1
6.905868,0.121567977,9.980000,1
6.919598,0.121951473,10.000000,1
6.934727,0.122334968,10.020000,1
6.948653,0.122718463,10.040000,1
6.962353,0.122143220,10.060000,1
6.975928,0.123293706,10.080000,1
6.989338,0.123485453,10.100000,1
7.002933,0.123677201,10.120000,1
7.018016,0.123773075,10.140000,1
7.031341,0.123868949,10.160000,1
7.045909,0.124348318,10.180000,1
7.059204,0.124827687,10.200000,1
7.073120,0.125019434,10.220000,1
7.086599,0.125115308,10.240000,1
7.100733,0.125594677,10.260000,1
7.114088,0.125690551,10.280000,1
7.127677,0.126265794,10.300000,1
7.142509,0.126745163,10.320000,1
7.156417,0.126841036,10.340000,1
7.170915,0.127128658,10.360000,1
7.185081,0.127512153,10.380000,1
7.199172,0.127608027,10.400000,1
7.212852,0.127895648,10.420000,1
7.226575,0.128662639,10.440000,1
7.240475,0.128662639,10.460000,1
7.254608,0.128470891,10.480000,1
7.268311,0.129142008,10.500000,1
7.282260,0.129142008,10.520000,1
7.295778,0.129813124,10.540000,1
7.309767,0.129908998,10.560000,1
7.324415,0.130004872,10.580000,1
7.337702,0.130388367,10.600000,1
7.351733,0.130388367,10.620000,1
7.365591,0.130580115,10.640000,1
7.379188,0.131059484,10.660000,1
7.392804,0.131347105,10.680000,1
7.407151,0.131730600,10.700000,1
7.420518,0.132018222,10.720000,1
7.434462,0.132114095,10.740000,1
7.448531,0.132305843,10.760000,1
7.461817,0.132305843,10.780000,1
7.476166,0.133168707,10.800000,1
7.490090,0.132593464,10.820000,1
7.503901,0.133264581,10.840000,1
7.517329,0.133648076,10.860000,1
7.531201,0.133743950,10.880000,1
7.544700,0.134127445,10.900000,1
7.558564,0.134606814,10.920000,1
7.572423,0.134510940,10.940000,1
7.585921,0.134606814,10.960000,1
7.599932,0.134798562,10.980000,1
7.613584,0.135469678,11.000000,1
7.627037,0.135373805,11.020000,1
7.640510,0.136044921,11.040000,1
7.654197,0.135853174,11.060000,1
7.667884,0.136332543,11.080000,1
7.681275,0.136332543,11.100000,1
7.695357,0.136524290,11.120000,1
7.709284,0.137099533,11.140000,1
7.723091,0.137099533,11.160000,1
7.736501,0.137099533,11.180000,1
7.750741,0.137195407,11.200000,1
7.764302,0.137770650,11.220000,1
7.777974,0.138058271,11.240000,1
7.792226,0.138537640,11.260000,1
7.805730,0.138345892,11.280000,1
7.819559,0.138633514,11.300000,1
7.833589,0.138633514,11.320000,1
7.847301,0.139017009,11.340000,1
7.860798,0.139304630,11.360000,1
7.874344,0.139688125,11.380000,1
7.887779,0.139975747,11.400000,1
7.901359,0.139688125,11.420000,1
7.915107,0.140167494,11.440000,1
7.929288,0.140455116,11.460000,1
7.943321,0.140646863,11.480000,1
7.956460,0.140838611,11.500000,1
7.970491,0.140838611,11.520000,1
7.983792,0.141509728,11.540000,1
7.997648,0.141701475,11.560000,1
8.011720,0.141989097,11.580000,1
8.025373,0.141989097,11.600000,1
8.039092,0.142372592,11.620000,1
8.053112,0.142372592,11.640000,1
8.067046,0.143043708,11.660000,1
8.081562,0.143235456,11.680000,1
8.095064,0.143427204,11.700000,1
8.109298,0.143427204,11.720000,1
8.123017,0.143906573,11.740000,1
8.136759,0.143906573,11.760000,1
8.151177,0.143906573,11.780000,1
8.164943,0.144098320,11.800000,1
8.179058,0.144290068,11.820000,1
8.192903,0.145057058,11.840000,1
8.206678,0.145152932,11.860000,1
8.220424,0.145248806,11.880000,1
8.235358,0.145728175,11.900000,1
8.249295,0.145632301,11.920000,1
8.264199,0.146303418,11.940000,1
8.277207,0.146399291,11.960000,1
8.291397,0.146686913,11.980000,1
8.304781,0.147166282,12.000000,1
8.318495,0.147358029,12.020000,1
8.332628,0.147549777,12.040000,1
8.346316,0.147453903,12.060000,1
8.360116,0.147837398,12.080000,1
8.373950,0.148604389,12.100000,1
8.387680,0.148412641,12.120000,1
8.401478,0.148700263,12.140000,1
8.415482,0.149275505,12.160000,1
8.429256,0.149659001,12.180000,1
8.442924,0.149754874,12.200000,1
8.457166,0.150042496,12.220000,1
8.470524,0.150330117,12.240000,1
8.484274,0.150617739,12.260000,1
8.498105,0.150521865,12.280000,1
8.511380,0.150809486,12.300000,1
8.525477,0.151288855,12.320000,1
8.539307,0.151672350,12.340000,1
8.553040,0.151959972,12.360000,1
8.566507,0.152439341,12.380000,1
8.580363,0.152918710,12.400000,1
8.594245,0.152822836,12.420000,1
8.607730,0.153493953,12.440000,1
8.621300,0.153589826,12.460000,1
8.634828,0.154069195,12.480000,1
8.648732,0.154165069,12.500000,1
8.662086,0.154740312,12.520000,1
8.675789,0.154932060,12.540000,1
8.688841,0.155411429,12.560000,1
8.702705,0.155507302,12.580000,1
8.716017,0.155603176,12.600000,1
8.729524,0.156178419,12.620000,1
8.743001,0.156561914,12.640000,1
8.756685,0.156945409,12.660000,1
8.770444,0.157520652,12.680000,1
8.784232,0.158000021,12.700000,1
8.797945,0.158191769,12.720000,1
8.811599,0.158383516,12.740000,1
8.824932,0.158671138,12.760000,1
8.838840,0.158862885,12.780000,1
8.852320,0.159629876,12.800000,1
8.866075,0.159629876,12.820000,1
8.879569,0.159821623,12.840000,1
8.893955,0.160684488,12.860000,1
8.907452,0.160780361,12.880000,1
8.921419,0.161259730,12.900000,1
8.935395,0.161643226,12.920000,1
8.949343,0.161930847,12.940000,1
8.963344,0.162218468,12.960000,1
8.977340,0.162889585,12.980000,1
8.991318,0.163464828,13.000000,1
9.004998,0.163656575,13.020000,1
9.018648,0.164327692,13.040000,1
9.032400,0.164327692,13.060000,1
9.046429,0.164998808,13.080000,1
9.060111,0.165382304,13.100000,1
9.074004,0.165190556,13.120000,1
9.087773,0.165574051,13.140000,1
9.101221,0.166436915,13.160000,1
9.115193,0.166436915,13.180000,1
9.128845,0.166532789,13.200000,1
9.142548,0.167299780,13.220000,1
9.156479,0.167587401,13.240000,1
9.170235,0.167875022,13.260000,1
9.183730,0.168066770,13.280000,1
9.197420,0.168737887,13.300000,1
9.211724,0.169313129,13.320000,1
9.225132,0.169504877,13.340000,1
9.238504,0.169888372,13.360000,1
9.252331,0.170367741,13.380000,1
9.265750,0.170463615,13.400000,1
9.279713,0.170751236,13.420000,1
9.293741,0.171230605,13.440000,1
9.308131,0.171518227,13.460000,1
9.321652,0.171901722,13.480000,1
9.335364,0.172189343,13.500000,1
9.349155,0.172572839,13.520000,1
9.363301,0.172956334,13.540000,1
9.377393,0.172956334,13.560000,1
9.390930,0.173243955,13.580000,1
9.404645,0.173627450,13.600000,1
9.418494,0.173819198,13.620000,1
9.433203,0.174202693,13.640000,1
9.446570,0.174682062,13.660000,1
9.460536,0.175065557,13.680000,1
9.473766,0.174873810,13.700000,1
9.487247,0.175257305,13.720000,1
9.501073,0.175832548,13.740000,1
9.514888,0.176024295,13.760000,1
9.528744,0.176599538,13.780000,1
9.541681,0.177078907,13.800000,1
9.555331,0.177270655,13.820000,1
9.569120,0.177174781,13.840000,1
9.583165,0.177750024,13.860000,1
9.597077,0.177845898,13.880000,1
9.610898,0.178133519,13.900000,1
9.625003,0.178421140,13.920000,1
9.638978,0.178708762,13.940000,1
9.654073,0.178708762,13.960000,1
9.668520,0.179188131,13.980000,1
9.682070,0.179475752,14.000000,1
9.696185,0.179859247,14.020000,1
9.709782,0.180050995,14.040000,1
9.723715,0.180338616,14.060000,1
9.737327,0.180530364,14.080000,1
9.750661,0.181009733,14.100000,1
9.764906,0.181201481,14.120000,1
9.779072,0.181009733,14.140000,1
9.792832,0.181584976,14.160000,1
9.806839,0.181872597,14.180000,1
9.820468,0.182160219,14.200000,1
9.834481,0.182639588,14.220000,1
9.847632,0.183214830,14.240000,1
9.861412,0.183214830,14.260000,1
9.875508,0.183598326,14.280000,1
9.888872,0.183981821,14.300000,1
9.902431,0.183885947,14.320000,1
9.916451,0.184173568,14.340000,1
9.929496,0.184748811,14.360000,1
9.943028,0.184557064,14.380000,1
9.956532,0.185228180,14.400000,1
9.970632,0.184652937,14.420000,1
9.984615,0.185611675,14.440000,1
9.998427,0.185899297,14.460000,1
10.012053,0.185995171,14.480000,1
10.026080,0.186282792,14.500000,1
10.039379,0.186762161,14.520000,1
10.053069,0.187145656,14.540000,1
10.066765,0.187337404,14.560000,1
10.080740,0.187241530,14.580000,1
10.094535,0.187816773,14.600000,1
10.108944,0.188200268,14.620000,1
10.122697,0.188104394,14.640000,1
10.137182,0.188775511,14.660000,1
10.151066,0.189063132,14.680000,1
10.166018,0.189254880,14.700000,1
10.179863,0.189446627,14.720000,1
10.193545,0.190021870,14.740000,1
10.208549,0.189830123,14.760000,1
10.222109,0.190309491,14.780000,1
10.235641,0.190788860,14.800000,1
10.249569,0.190213618,14.820000,1
10.263288,0.191268229,14.840000,1
10.277009,0.191459977,14.860000,1
10.290630,0.191747598,14.880000,1
10.304813,0.192322841,14.900000,1
10.318068,0.192131094,14.920000,1
10.330848,0.192610463,14.940000,1
10.343852,0.192706336,14.960000,1
10.356691,0.192993958,14.980000,1
10.369615,0.193569201,15.000000,1
10.383262,0.193760948,15.020000,1
10.397002,0.193952696,15.040000,1
10.410590,0.194719686,15.060000,1
10.424006,0.194527939,15.080000,1
10.438218,0.195294929,15.100000,1
10.451694,0.195294929,15.120000,1
10.465440,0.195486677,15.140000,1
10.479368,0.195774298,15.160000,1
10.493660,0.196253667,15.180000,1
10.507218,0.196541288,15.200000,1
10.521335,0.197020657,15.220000,1
10.534757,0.196828910,15.240000,1
10.549085,0.197308279,15.260000,1
10.562409,0.197883522,15.280000,1
10.576197,0.197979395,15.300000,1
10.589624,0.198171143,15.320000,1
10.603163,0.198554638,15.340000,1
10.616836,0.198842260,15.360000,1
10.630135,0.199321629,15.380000,1
10.643905,0.199800998,15.400000,1
10.657775,0.199992745,15.420000,1
10.672118,0.199992745,15.440000,1
10.685705,0.200472114,15.460000,1
10.699143,0.201143231,15.480000,1
10.712958,0.200951483,15.500000,1
10.726779,0.201622600,15.520000,1
10.740210,0.202006095,15.540000,1
10.753616,0.202677212,15.560000,1
10.767340,0.202485464,15.580000,1
10.781530,0.203060707,15.600000,1
10.795425,0.203348328,15.620000,1
10.808959,0.203348328,15.640000,1
10.822721,0.203923571,15.660000,1
10.836188,0.204211192,15.680000,1
10.849842,0.204786435,15.700000,1
10.863472,0.205169930,15.720000,1
10.877165,0.205265804,15.740000,1
10.890671,0.205361678,15.760000,1
10.905190,0.205649299,15.780000,1
10.918561,0.206128668,15.800000,1
10.932824,0.206320416,15.820000,1
10.946591,0.206416290,15.840000,1
10.960691,0.206991533,15.860000,1
10.974721,0.207087406,15.880000,1
10.987732,0.207375028,15.900000,1
11.001226,0.208046144,15.920000,1
11.014927,0.208142018,15.940000,1
11.028673,0.208525513,15.960000,1
11.042234,0.208813135,15.980000,1
11.056110,0.208621387,16.000000,1
11.069604,0.209292504,16.020000,1
11.083520,0.209867747,16.040000,1
11.097444,0.210059494,16.060000,1
11.110753,0.210251242,16.080000,1
11.124518,0.210538863,16.100000,1
11.138038,0.210634737,16.120000,1
11.151601,0.210922358,16.140000,1
11.165887,0.210922358,16.160000,1
11.179545,0.211689349,16.180000,1
11.193247,0.211785223,16.200000,1
11.207062,0.212264592,16.220000,1
11.220778,0.212264592,16.240000,1
11.234769,0.212743961,16.260000,1
11.248765,0.213031582,16.280000,1
11.262799,0.213223330,16.300000,1
11.276566,0.213606825,16.320000,1
11.290893,0.213702699,16.340000,1
11.304988,0.214182068,16.360000,1
11.318507,0.214469689,16.380000,1
11.332348,0.214469689,16.400000,1
11.346085,0.214949058,16.420000,1
11.359940,0.215044932,16.440000,1
11.373613,0.215332553,16.460000,1
11.387763,0.215332553,16.480000,1
11.401531,0.216195417,16.500000,1
11.415223,0.216099543,16.520000,1
11.429232,0.216770660,16.540000,1
11.443065,0.216962408,16.560000,1
11.456442,0.217250029,16.580000,1
11.469382,0.217825272,16.600000,1
11.483392,0.217633524,16.620000,1
11.497130,0.218017019,16.640000,1
11.510929,0.218592262,16.660000,1
11.524720,0.218879884,16.680000,1
11.538249,0.219071631,16.700000,1
11.552070,0.219167505,16.720000,1
11.566135,0.219742748,16.740000,1
11.579900,0.219934495,16.760000,1
11.594066,0.220222117,16.780000,1
11.607879,0.220413864,16.800000,1
11.621627,0.220509738,16.820000,1
11.635331,0.221084981,16.840000,1
11.649339,0.221372602,16.860000,1
11.663107,0.221947845,16.880000,1
11.676851,0.222043719,16.900000,1
11.690627,0.222714836,16.920000,1
11.704262,0.222810709,16.940000,1
11.718097,0.223577700,16.960000,1
11.732445,0.223769447,16.980000,1
11.745810,0.224057069,17.000000,1
11.759825,0.224248816,17.020000,1
11.773979,0.224728185,17.040000,1
11.787319,0.225495176,17.060000,1
11.801031,0.225591050,17.080000,1
11.814719,0.225303428,17.100000,1
11.828510,0.225974545,17.120000,1
11.841854,0.226549788,17.140000,1
11.855549,0.226645661,17.160000,1
11.869420,0.227125030,17.180000,1
11.882888,0.227220904,17.200000,1
11.896935,0.227892021,17.220000,1
11.910885,0.228275516,17.240000,1
11.924656,0.228467264,17.260000,1
11.938644,0.228659011,17.280000,1
11.952933,0.229042506,17.300000,1
11.966303,0.229809497,17.320000,1
11.980029,0.230001244,17.340000,1
11.993997,0.230480613,17.360000,1
12.007473,0.230959982,17.380000,1
12.021086,0.230864109,17.400000,1
12.034851,0.231055856,17.420000,1
12.048804,0.231726973,17.440000,1
12.062430,0.232493963,17.460000,1
12.076429,0.232302216,17.480000,1
12.089979,0.233165080,17.500000,1
12.103590,0.233644449,17.520000,1
12.117135,0.234123818,17.540000,1
12.130654,0.234219692,17.560000,1
12.144647,0.234794934,17.580000,1
12.158253,0.234890808,17.600000,1
12.171874,0.235561925,17.620000,1
12.185553,0.235657799,17.640000,1
12.199271,0.236041294,17.660000,1
12.212986,0.237000032,17.680000,1
12.227704,0.237000032,17.700000,1
12.240901,0.237958770,17.720000,1
12.254406,0.237767022,17.740000,1
12.268203,0.238246391,17.760000,1
12.282363,0.239013382,17.780000,1
12.296489,0.239301003,17.800000,1
12.309979,0.239972120,17.820000,1
12.323418,0.240259741,17.840000,1
12.336940,0.240739110,17.860000,1
12.350444,0.241122605,17.880000,1
12.364566,0.241314353,17.900000,1
12.377911,0.241697848,17.920000,1
12.391573,0.242177217,17.940000,1
12.405071,0.242464838,17.960000,1
12.418815,0.242944207,17.980000,1
12.432579,0.243135955,18.000000,1
12.446322,0.243519450,18.020000,1
12.460081,0.244286440,18.040000,1
12.473641,0.243807071,18.060000,1
12.487599,0.244478188,18.080000,1
12.501130,0.244957557,18.100000,1
12.514866,0.245532800,18.120000,1
12.528831,0.245724547,18.140000,1
12.542333,0.246395664,18.160000,1
12.556015,0.246395664,18.180000,1
12.569508,0.246683285,18.200000,1
12.583157,0.246970907,18.220000,1
12.597311,0.247162654,18.240000,1
12.610847,0.247642023,18.260000,1
12.624914,0.247929645,18.280000,1
12.638468,0.248217266,18.300000,1
12.652159,0.248504888,18.320000,1
12.665812,0.248504888,18.340000,1
12.679991,0.249176004,18.360000,1
12.693460,0.249367752,18.380000,1
12.707203,0.249559499,18.400000,1
12.720599,0.249942995,18.420000,1
12.734196,0.249942995,18.440000,1
12.748626,0.250518237,18.460000,1
12.761986,0.250709985,18.480000,1
12.775802,0.250614111,18.500000,1
12.789095,0.250901733,18.520000,1
12.802841,0.251381102,18.540000,1
12.816456,0.251860471,18.560000,1
12.830075,0.252052218,18.580000,1
12.844098,0.252052218,18.600000,1
12.857565,0.252915082,18.620000,1
12.871283,0.252819209,18.640000,1
12.884788,0.253010956,18.660000,1
12.899350,0.252723335,18.680000,1
12.912948,0.253490325,18.700000,1
12.926610,0.253586199,18.720000,1
12.940818,0.254257316,18.740000,1
12.954640,0.254257316,18.760000,1
12.968348,0.254544937,18.780000,1
12.982286,0.254736685,18.800000,1
12.996438,0.254640811,18.820000,1
13.010184,0.255024306,18.840000,1
13.024093,0.255599549,18.860000,1
13.038493,0.255503675,18.880000,1
13.051850,0.255983044,18.900000,1
13.065702,0.256078918,18.920000,1
13.079427,0.256558287,18.940000,1
13.092973,0.256845908,18.960000,1
13.107508,0.257037656,18.980000,1
13.120948,0.257133530,19.000000,1
13.134318,0.257517025,19.020000,1
13.148114,0.257133530,19.040000,1
13.161583,0.257421151,19.060000,1
13.175333,0.257996394,19.080000,1
13.188775,0.258379889,19.100000,1
13.203006,0.258571637,19.120000,1
13.216539,0.258859258,19.140000,1
13.230309,0.258859258,19.160000,1
13.244421,0.259242753,19.180000,1
13.257915,0.259338627,19.200000,1
13.271610,0.259242753,19.220000,1
13.285191,0.259530375,19.240000,1
13.299005,0.260009744,19.260000,1
13.313271,0.260584986,19.280000,1
13.326599,0.260393239,19.300000,1
13.340579,0.260393239,19.320000,1
13.354238,0.260968482,19.340000,1
13.368154,0.260968482,19.360000,1
13.382188,0.261064355,19.380000,1
13.396209,0.261639598,19.400000,1
13.409647,0.261735472,19.420000,1
13.423340,0.262023093,19.440000,1
13.437116,0.261831346,19.460000,1
13.451359,0.262406589,19.480000,1
13.465301,0.262406589,19.500000,1
13.478972,0.262694210,19.520000,1
13.492944,0.263173579,19.540000,1
13.506460,0.263461200,19.560000,1
13.520081,0.263077705,19.580000,1
13.534596,0.263844696,19.600000,1
13.548162,0.263748822,19.620000,1
13.561519,0.264515812,19.640000,1
13.574260,0.264515812,19.660000,1
13.588172,0.264707560,19.680000,1
13.602153,0.264707560,19.700000,1
13.618773,0.264995181,19.720000,1
13.631911,0.265762172,19.740000,1
13.645456,0.265474550,19.760000,1
13.659430,0.266049793,19.780000,1
13.673389,0.266145667,19.800000,1
13.686696,0.266337414,19.820000,1
13.701282,0.266529162,19.840000,1
13.715043,0.266816783,19.860000,1
13.729194,0.266625036,19.880000,1
13.742717,0.267487900,19.900000,1
13.756971,0.267487900,19.920000,1
13.770334,0.267775521,19.940000,1
13.783789,0.267775521,19.960000,1
13.797478,0.268063143,19.980000,1
13.811221,0.268734259,20.000000,1
13.825419,0.268446638,20.000000,1
13.838769,0.268734259,19.980000,1
13.852763,0.269117754,19.960000,1
13.866329,0.269021881,19.940000,1
13.879595,0.269213628,19.920000,1
13.893327,0.269405376,19.900000,1
13.907240,0.269501250,19.880000,1
13.920724,0.269309502,19.860000,1
13.934559,0.269117754,19.840000,1
13.947783,0.269597123,19.820000,1
13.961557,0.269405376,19.800000,1
13.975252,0.269501250,19.780000,1
13.988907,0.269501250,19.760000,1
14.003338,0.269405376,19.740000,1
14.017177,0.269117754,19.720000,1
14.031701,0.269309502,19.700000,1
14.044892,0.269501250,19.680000,1
14.058589,0.269501250,19.660000,1
14.071839,0.269117754,19.640000,1
14.085948,0.269309502,19.620000,1
14.099695,0.269501250,19.600000,1
14.113142,0.269597123,19.580000,1
14.126862,0.269501250,19.560000,1
14.140502,0.269692997,19.540000,1
14.154293,0.269597123,19.520000,1
14.168478,0.269405376,19.500000,1
14.182007,0.269213628,19.480000,1
14.195305,0.269501250,19.460000,1
14.208966,0.269117754,19.440000,1
14.222289,0.269788871,19.420000,1
14.236994,0.269213628,19.400000,1
14.251148,0.268830133,19.380000,1
14.264890,0.269213628,19.360000,1
14.278463,0.268830133,19.340000,1
14.292701,0.269405376,19.320000,1
14.306601,0.269021881,19.300000,1
14.320261,0.268830133,19.280000,1
14.334275,0.269405376,19.260000,1
14.348371,0.268926007,19.240000,1
14.361651,0.268926007,19.220000,1
14.375373,0.269213628,19.200000,1
14.388718,0.268830133,19.180000,1
14.402523,0.269117754,19.160000,1
14.416007,0.268830133,19.140000,1
14.430017,0.269309502,19.120000,1
14.443418,0.268926007,19.100000,1
14.457673,0.268830133,19.080000,1
14.471317,0.268734259,19.060000,1
14.485010,0.268734259,19.040000,1
14.498613,0.268638385,19.020000,1
14.512824,0.268350764,19.000000,1
14.526433,0.268542512,18.980000,1
14.540200,0.268638385,18.960000,1
14.554302,0.268254890,18.940000,1
14.568586,0.268159016,18.920000,1
14.581864,0.268350764,18.900000,1
14.595560,0.268350764,18.880000,1
14.608926,0.268446638,18.860000,1
14.622969,0.268542512,18.840000,1
14.636977,0.268063143,18.820000,1
14.651048,0.268446638,18.800000,1
14.665137,0.268254890,18.780000,1
14.678961,0.268254890,18.760000,1
14.692507,0.267871395,18.740000,1
14.706572,0.267871395,18.720000,1
14.720196,0.268254890,18.700000,1
14.733791,0.267967269,18.680000,1
14.747191,0.267967269,18.660000,1
14.760778,0.267871395,18.640000,1
14.774863,0.267871395,18.620000,1
14.789273,0.267775521,18.600000,1
14.802513,0.267487900,18.580000,1
14.816215,0.267392026,18.560000,1
14.829670,0.267583774,18.540000,1
14.843810,0.267487900,18.520000,1
14.857565,0.267392026,18.500000,1
14.871300,0.267104405,18.480000,1
14.884837,0.267487900,18.460000,1
14.899474,0.267487900,18.440000,1
14.913366,0.267392026,18.420000,1
14.927063,0.267487900,18.400000,1
14.940991,0.267200278,18.380000,1
14.954517,0.267104405,18.360000,1
14.968656,0.267200278,18.340000,1
14.982759,0.266720909,18.320000,1
14.996074,0.267104405,18.300000,1
15.010302,0.267008531,18.280000,1
15.024709,0.267200278,18.260000,1
15.038239,0.267008531,18.240000,1
15.052592,0.267296152,18.220000,1
15.066744,0.266720909,18.200000,1
15.080599,0.266529162,18.180000,1
15.094271,0.266433288,18.160000,1
15.107575,0.266433288,18.140000,1
15.121150,0.266337414,18.120000,1
15.135204,0.266241540,18.100000,1
15.148886,0.266241540,18.080000,1
15.162633,0.266816783,18.060000,1
15.177620,0.266337414,18.040000,1
15.191108,0.266049793,18.020000,1
15.206095,0.266049793,18.000000,1
15.219378,0.266145667,17.980000,1
15.233704,0.266145667,17.960000,1
15.246836,0.266145667,17.940000,1
15.261302,0.265762172,17.920000,1
15.275054,0.265953919,17.900000,1
15.288836,0.265858045,17.880000,1
15.302722,0.265762172,17.860000,1
15.316465,0.265762172,17.840000,1
15.329585,0.265186929,17.820000,1
15.342623,0.265091055,17.800000,1
15.355639,0.265282803,17.780000,1
15.368627,0.265570424,17.760000,1
15.382662,0.265186929,17.740000,1
15.396009,0.265378676,17.720000,1
15.409114,0.265091055,17.700000,1
15.422266,0.265282803,17.680000,1
15.436111,0.265091055,17.660000,1
15.449787,0.264899307,17.640000,1
15.463657,0.264707560,17.620000,1
15.477381,0.264707560,17.600000,1
15.491370,0.264803434,17.580000,1
15.504631,0.264611686,17.560000,1
15.518993,0.264515812,17.540000,1
15.532399,0.264707560,17.520000,1
15.546576,0.264419938,17.500000,1
15.560871,0.264036443,17.480000,1
15.574258,0.264515812,17.460000,1
15.588385,0.263844696,17.440000,1
15.602109,0.264324065,17.420000,1
15.616400,0.264419938,17.400000,1
15.629916,0.263940569,17.380000,1
15.643873,0.263940569,17.360000,1
15.657951,0.264132317,17.340000,1
15.671399,0.263940569,17.320000,1
15.684945,0.264036443,17.300000,1
15.698786,0.263365327,17.280000,1
15.712557,0.264036443,17.260000,1
15.726394,0.263461200,17.240000,1
15.740247,0.263461200,17.220000,1
15.754503,0.263269453,17.200000,1
15.768327,0.263269453,17.180000,1
15.781840,0.263652948,17.160000,1
15.796006,0.263077705,17.140000,1
15.809533,0.262790084,17.120000,1
15.823404,0.263077705,17.100000,1
15.837046,0.263077705,17.080000,1
15.850953,0.263173579,17.060000,1
15.864493,0.262598336,17.040000,1
15.877899,0.262885958,17.020000,1
15.891671,0.262790084,17.000000,1
15.905694,0.262598336,16.980000,1
15.919342,0.262694210,16.960000,1
15.933231,0.262502462,16.940000,1
15.947613,0.262598336,16.920000,1
15.961083,0.262310715,16.900000,1
15.974986,0.262118967,16.880000,1
15.988257,0.262310715,16.860000,1
16.001741,0.262118967,16.840000,1
16.015475,0.261831346,16.820000,1
16.029364,0.262118967,16.800000,1
16.043080,0.261639598,16.780000,1
16.056706,0.261831346,16.760000,1
16.070196,0.261543724,16.740000,1
16.084138,0.261831346,16.720000,1
16.097326,0.261447851,16.700000,1
16.110721,0.261447851,16.680000,1
16.124452,0.261447851,16.660000,1
16.137707,0.261256103,16.640000,1
16.151170,0.261447851,16.620000,1
16.165532,0.260968482,16.600000,1
16.179676,0.261735472,16.580000,1
16.193651,0.261064355,16.560000,1
16.208244,0.260968482,16.540000,1
16.221494,0.261064355,16.520000,1
16.234882,0.261064355,16.500000,1
16.248366,0.260393239,16.480000,1
16.262012,0.260680860,16.460000,1
16.276644,0.260680860,16.440000,1
16.291395,0.260680860,16.420000,1
16.304736,0.260201491,16.400000,1
16.318637,0.260680860,16.380000,1
16.332844,0.260297365,16.360000,1
16.346328,0.260009744,16.340000,1
16.360144,0.260489113,16.320000,1
16.374463,0.260105617,16.300000,1
16.388284,0.260105617,16.280000,1
16.402064,0.260489113,16.260000,1
16.416213,0.259817996,16.240000,1
16.429955,0.259722122,16.220000,1
16.444390,0.259434501,16.200000,1
16.457941,0.259817996,16.180000,1
16.471074,0.259817996,16.160000,1
16.484801,0.259434501,16.140000,1
16.498686,0.259530375,16.120000,1
16.512274,0.259722122,16.100000,1
16.525960,0.259338627,16.080000,1
16.539868,0.259051006,16.060000,1
16.554074,0.258859258,16.040000,1
16.568002,0.259338627,16.020000,1
16.582221,0.258955132,16.000000,1
16.596257,0.258475763,15.980000,1
16.610227,0.258859258,15.960000,1
16.624051,0.258571637,15.940000,1
16.637516,0.258667510,15.920000,1
16.651036,0.258379889,15.900000,1
16.665271,0.257996394,15.880000,1
16.680393,0.258571637,15.860000,1
16.693409,0.258571637,15.840000,1
16.707131,0.258092268,15.820000,1
16.721325,0.258188141,15.800000,1
16.735025,0.258284015,15.780000,1
16.748875,0.258092268,15.760000,1
16.762284,0.257804646,15.740000,1
16.776509,0.258284015,15.720000,1
16.789656,0.257804646,15.700000,1
16.803129,0.257804646,15.680000,1
16.816793,0.257325277,15.660000,1
16.830297,0.257421151,15.640000,1
16.844169,0.257612899,15.620000,1
16.857421,0.257229403,15.600000,1
16.871074,0.257133530,15.580000,1
16.884311,0.257517025,15.560000,1
16.898712,0.257517025,15.540000,1
16.913016,0.257325277,15.520000,1
16.926759,0.257325277,15.500000,1
16.940080,0.256750034,15.480000,1
16.954511,0.256941782,15.460000,1
16.969224,0.256845908,15.440000,1
16.982671,0.256654161,15.420000,1
16.995685,0.257421151,15.400000,1
17.009944,0.256845908,15.380000,1
17.024026,0.256462413,15.360000,1
17.038254,0.256270665,15.340000,1
17.052137,0.256078918,15.320000,1
17.065640,0.256270665,15.300000,1
17.079379,0.255887170,15.280000,1
17.092881,0.255983044,15.260000,1
17.106257,0.256078918,15.240000,1
17.120323,0.255983044,15.220000,1
17.134354,0.255695423,15.200000,1
17.147810,0.255791296,15.180000,1
17.161845,0.255791296,15.160000,1
17.176010,0.255407801,15.140000,1
17.189544,0.255311927,15.120000,1
17.205658,0.255503675,15.100000,1
17.219295,0.255120180,15.080000,1
17.232968,0.255311927,15.060000,1
17.246595,0.255503675,15.040000,1
17.260167,0.254736685,15.020000,1
17.273605,0.254832558,15.000000,1
17.287123,0.255120180,14.980000,1
17.300819,0.254832558,14.960000,1
17.314330,0.254640811,14.940000,1
17.328166,0.254449063,14.920000,1
17.342069,0.254640811,14.900000,1
17.355910,0.254449063,14.880000,1
17.370099,0.254161442,14.860000,1
17.383762,0.253969694,14.840000,1
17.397421,0.254353189,14.820000,1
17.411065,0.254065568,14.800000,1
17.424838,0.254065568,14.780000,1
17.438562,0.253969694,14.760000,1
17.452296,0.254065568,14.740000,1
17.466194,0.253777947,14.720000,1
17.479602,0.253777947,14.700000,1
17.493237,0.253298578,14.680000,1
17.507263,0.253586199,14.660000,1
17.520893,0.253106830,14.640000,1
17.534356,0.253298578,14.620000,1
17.548044,0.253202704,14.600000,1
17.561511,0.253586199,14.580000,1
17.574980,0.253298578,14.560000,1
17.588572,0.253010956,14.540000,1
17.602682,0.252627461,14.520000,1
17.616874,0.253010956,14.500000,1
17.630987,0.252819209,14.480000,1
17.644631,0.252723335,14.460000,1
17.658381,0.252243966,14.440000,1
17.672176,0.252819209,14.420000,1
17.686010,0.251956344,14.400000,1
17.699417,0.252339840,14.380000,1
17.713098,0.252243966,14.360000,1
17.726715,0.252052218,14.340000,1
17.741129,0.251764597,14.320000,1
17.754821,0.251956344,14.300000,1
17.769099,0.251860471,14.280000,1
17.782995,0.251572849,14.260000,1
17.796642,0.251381102,14.240000,1
17.810337,0.251189354,14.220000,1
17.824075,0.251093480,14.200000,1
17.838613,0.251093480,14.180000,1
17.852067,0.251285228,14.160000,1
17.865696,0.251285228,14.140000,1
17.879773,0.250997606,14.120000,1
17.893564,0.251093480,14.100000,1
17.907525,0.251093480,14.080000,1
17.921869,0.250518237,14.060000,1
17.935595,0.250805859,14.040000,1
17.949635,0.250518237,14.020000,1
17.963753,0.250614111,14.000000,1
17.978132,0.250422364,13.980000,1
17.991578,0.250230616,13.960000,1
18.005171,0.250134742,13.940000,1
18.019028,0.250422364,13.920000,1
18.033334,0.249847121,13.900000,1
18.047182,0.249847121,13.880000,1
18.061361,0.250134742,13.860000,1
18.075547,0.249942995,13.840000,1
18.088834,0.249655373,13.820000,1
18.102470,0.249655373,13.800000,1
18.115748,0.249367752,13.780000,1
18.129559,0.248984257,13.760000,1
18.143028,0.249271878,13.740000,1
18.157447,0.249176004,13.720000,1
18.171037,0.249176004,13.700000,1
18.184227,0.249080130,13.680000,1
18.198407,0.248984257,13.660000,1
18.211894,0.248313140,13.640000,1
18.225622,0.248409014,13.620000,1
18.239163,0.248600761,13.600000,1
18.252277,0.249080130,13.580000,1
18.266007,0.248313140,13.560000,1
18.280315,0.248313140,13.540000,1
18.294010,0.248504888,13.520000,1
18.308415,0.248409014,13.500000,1
18.321694,0.248217266,13.480000,1
18.335147,0.247833771,13.460000,1
18.349351,0.247833771,13.440000,1
18.362845,0.247737897,13.420000,1
18.376156,0.247546150,13.400000,1
18.390396,0.247737897,13.380000,1
18.404981,0.247450276,13.360000,1
18.418571,0.247066781,13.340000,1
18.432430,0.247354402,13.320000,1
18.446042,0.246875033,13.300000,1
18.459645,0.247450276,13.280000,1
18.473243,0.247258528,13.260000,1
18.487073,0.246970907,13.240000,1
18.500674,0.246970907,13.220000,1
18.514261,0.246875033,13.200000,1
18.528207,0.246779159,13.180000,1
18.541859,0.246491538,13.160000,1
18.555832,0.246491538,13.140000,1
18.569447,0.246012169,13.120000,1
18.583612,0.246395664,13.100000,1
18.597029,0.246108043,13.080000,1
18.610670,0.246012169,13.060000,1
18.624551,0.245724547,13.040000,1
18.637964,0.245820421,13.020000,1
18.651550,0.245916295,13.000000,1
18.665759,0.245916295,12.980000,1
18.679361,0.245341052,12.960000,1
18.692812,0.245341052,12.940000,1
18.706806,0.245245178,12.920000,1
18.720512,0.244957557,12.900000,1
18.734491,0.245245178,12.880000,1
18.748159,0.245436926,12.860000,1
18.762107,0.244765809,12.840000,1
18.775784,0.244957557,12.820000,1
18.789556,0.244957557,12.800000,1
18.803370,0.244861683,12.780000,1
18.817770,0.244478188,12.760000,1
18.831548,0.244957557,12.740000,1
18.846161,0.244382314,12.720000,1
18.859838,0.244190567,12.700000,1
18.873322,0.244094693,12.680000,1
18.887021,0.243998819,12.660000,1
18.900314,0.244094693,12.640000,1
18.914068,0.243902945,12.620000,1
18.927672,0.243807071,12.600000,1
18.941090,0.243519450,12.580000,1
18.954843,0.243615324,12.560000,1
18.968791,0.243231829,12.540000,1
18.982285,0.243327702,12.520000,1
18.996558,0.243040081,12.500000,1
19.010401,0.242944207,12.480000,1
19.024374,0.242752460,12.460000,1
19.038896,0.243231829,12.440000,1
19.052896,0.242656586,12.420000,1
19.066500,0.243040081,12.400000,1
19.080137,0.242656586,12.380000,1
19.093270,0.242656586,12.360000,1
19.107227,0.242464838,12.340000,1
19.121329,0.242273091,12.320000,1
19.134755,0.241889595,12.300000,1
19.148377,0.241889595,12.280000,1
19.162399,0.241985469,12.260000,1
19.175846,0.241793722,12.240000,1
19.189607,0.241985469,12.220000,1
19.203293,0.241793722,12.200000,1
19.216630,0.241506100,12.180000,1
19.230287,0.241601974,12.160000,1
19.243833,0.241314353,12.140000,1
19.257375,0.241122605,12.120000,1
19.270498,0.241122605,12.100000,1
19.284906,0.240739110,12.080000,1
19.298255,0.240834984,12.060000,1
19.311712,0.240355615,12.040000,1
19.325989,0.240739110,12.020000,1
19.339597,0.240259741,12.000000,1
19.352938,0.240451489,11.980000,1
19.366662,0.240355615,11.960000,1
19.380066,0.239972120,11.940000,1
19.393832,0.240067993,11.920000,1
19.408183,0.240067993,11.900000,1
19.421490,0.239780372,11.880000,1
19.435186,0.239492751,11.860000,1
19.448982,0.239109255,11.840000,1
19.462723,0.239588624,11.820000,1
19.476454,0.239013382,11.800000,1
19.490036,0.239588624,11.780000,1
19.503304,0.238821634,11.760000,1
19.517276,0.238917508,11.740000,1
19.531868,0.238917508,11.720000,1
19.545606,0.238725760,11.700000,1
19.559574,0.238534013,11.680000,1
19.573893,0.238246391,11.660000,1
19.587695,0.238246391,11.640000,1
19.601493,0.238054644,11.620000,1
19.615700,0.238342265,11.600000,1
19.629265,0.238054644,11.580000,1
19.642789,0.237767022,11.560000,1
19.656544,0.237862896,11.540000,1
19.670048,0.237671148,11.520000,1
19.683288,0.237383527,11.500000,1
19.697540,0.237191779,11.480000,1
19.711218,0.237095906,11.460000,1
19.724859,0.236808284,11.440000,1
19.738847,0.236904158,11.420000,1
19.752269,0.236904158,11.400000,1
19.765787,0.236712410,11.380000,1
19.779873,0.236520663,11.360000,1
19.793645,0.236424789,11.340000,1
19.807363,0.235945420,11.320000,1
19.821724,0.236041294,11.300000,1
19.836328,0.236137168,11.280000,1
19.849560,0.235657799,11.260000,1
19.863532,0.235849546,11.240000,1
19.876830,0.235274303,11.220000,1
19.890900,0.235370177,11.200000,1
19.905122,0.235561925,11.180000,1
19.918569,0.235274303,11.160000,1
19.932996,0.235178430,11.140000,1
19.948106,0.235082556,11.120000,1
19.961552,0.234699061,11.100000,1
19.974943,0.234507313,11.080000,1
19.988406,0.234603187,11.060000,1
20.001823,0.234411439,11.040000,1
20.015140,0.233836196,11.020000,1
20.029416,0.234315565,11.000000,1
20.043324,0.234027944,10.980000,1
20.057196,0.233836196,10.960000,1
20.071316,0.234027944,10.940000,1
20.085112,0.233932070,10.920000,1
20.098401,0.233644449,10.900000,1
20.111768,0.233452701,10.880000,1
20.125347,0.233260954,10.860000,1
20.138652,0.232781585,10.840000,1
20.152603,0.232973332,10.820000,1
20.166467,0.232877458,10.800000,1
20.179906,0.232398089,10.780000,1
20.195174,0.232781585,10.760000,1
20.209540,0.232398089,10.740000,1
20.223643,0.232014594,10.720000,1
20.237729,0.232302216,10.700000,1
20.252366,0.232110468,10.680000,1
20.266220,0.232014594,10.660000,1
20.280936,0.231726973,10.640000,1
20.295430,0.231631099,10.620000,1
20.309883,0.231439351,10.600000,1
20.323223,0.231535225,10.580000,1
20.336293,0.231343478,10.560000,1
20.349363,0.231151730,10.540000,1
20.362381,0.230576487,10.520000,1
20.375822,0.230480613,10.500000,1
20.390146,0.230864109,10.480000,1
20.403105,0.230959982,10.460000,1
20.416318,0.230768235,10.440000,1
20.430355,0.230480613,10.420000,1
20.444342,0.229905371,10.400000,1
20.458259,0.230001244,10.380000,1
20.471852,0.230001244,10.360000,1
20.485517,0.229330128,10.340000,1
20.499331,0.229713623,10.320000,1
20.513258,0.229521875,10.300000,1
20.527255,0.228946633,10.280000,1
20.540924,0.228754885,10.260000,1
20.554667,0.229042506,10.240000,1
20.568178,0.228754885,10.220000,1
20.582008,0.228179642,10.200000,1
20.595894,0.228563137,10.180000,1
20.610325,0.228371390,10.160000,1
20.624008,0.228083768,10.140000,1
20.637770,0.228179642,10.120000,1
20.651703,0.227892021,10.100000,1
20.666002,0.227508526,10.080000,1
20.679388,0.227796147,10.060000,1
20.693139,0.227796147,10.040000,1
20.706276,0.227412652,10.020000,1
20.720550,0.227125030,10.000000,1
20.734088,0.227412652,9.980000,1
20.747890,0.226933283,9.960000,1
20.761656,0.226645661,9.940000,1
20.774859,0.226549788,9.920000,1
20.788402,0.226645661,9.900000,1
20.801524,0.226262166,9.880000,1
20.815567,0.226262166,9.860000,1
20.829011,0.226070419,9.840000,1
20.842835,0.226166292,9.820000,1
20.856919,0.226070419,9.800000,1
20.870478,0.225974545,9.780000,1
20.884471,0.225591050,9.760000,1
20.898007,0.225399302,9.740000,1
20.911826,0.225015807,9.720000,1
20.925347,0.225111681,9.700000,1
20.938898,0.224824059,9.680000,1
20.952680,0.225015807,9.660000,1
20.966530,0.224632312,9.640000,1
20.980372,0.224152943,9.620000,1
20.994176,0.223961195,9.600000,1
21.008430,0.224344690,9.580000,1
21.021906,0.224057069,9.560000,1
21.035599,0.223961195,9.540000,1
21.048913,0.223769447,9.520000,1
21.062276,0.223769447,9.500000,1
21.075652,0.223481826,9.480000,1
21.089776,0.223098331,9.460000,1
21.103308,0.223385952,9.440000,1
21.117736,0.222618962,9.420000,1
21.131203,0.222810709,9.400000,1
21.145278,0.223002457,9.380000,1
21.158999,0.222618962,9.360000,1
21.172335,0.222714836,9.340000,1
21.186317,0.222043719,9.320000,1
21.200084,0.222139593,9.300000,1
21.213558,0.221468476,9.280000,1
21.227021,0.222043719,9.260000,1
21.241240,0.221468476,9.240000,1
21.254771,0.221180855,9.220000,1
21.268043,0.221372602,9.200000,1
21.281775,0.221372602,9.180000,1
21.295771,0.221180855,9.160000,1
21.309420,0.221276729,9.140000,1
21.322592,0.220797360,9.120000,1
21.336149,0.220701486,9.100000,1
21.349921,0.220509738,9.080000,1
21.363242,0.220605612,9.060000,1
21.377077,0.220509738,9.040000,1
21.390748,0.220030369,9.020000,1
21.404214,0.219838622,9.000000,1
21.419043,0.219742748,8.980000,1
21.432702,0.219263379,8.960000,1
21.446057,0.219455126,8.940000,1
21.459512,0.219838622,8.920000,1
21.473126,0.219071631,8.900000,1
21.486608,0.219263379,8.880000,1
21.500749,0.218784010,8.860000,1
21.514441,0.218688136,8.840000,1
21.528441,0.218400515,8.820000,1
21.542481,0.218496388,8.800000,1
21.555909,0.218304641,8.780000,1
21.569459,0.218112893,8.760000,1
21.583141,0.218017019,8.740000,1
21.596831,0.217825272,8.720000,1
21.610202,0.217537650,8.700000,1
21.623613,0.217633524,8.680000,1
21.637204,0.217729398,8.660000,1
21.651542,0.217633524,8.640000,1
21.665238,0.217154155,8.620000,1
21.679187,0.216866534,8.600000,1
21.693173,0.216770660,8.580000,1
21.707259,0.216674786,8.560000,1
21.720938,0.216578912,8.540000,1
21.734748,0.217345903,8.520000,1
21.748572,0.216387165,8.500000,1
21.762823,0.215907796,8.480000,1
21.776087,0.216578912,8.460000,1
21.789821,0.216483039,8.440000,1
21.803284,0.215907796,8.420000,1
21.816813,0.215811922,8.400000,1
21.830463,0.215811922,8.380000,1
21.844298,0.215620174,8.360000,1
21.858559,0.215140806,8.340000,1
21.872237,0.215907796,8.320000,1
21.885971,0.215044932,8.300000,1
21.899340,0.215332553,8.280000,1
21.913579,0.214853184,8.260000,1
21.927272,0.214949058,8.240000,1
21.941146,0.214661437,8.220000,1
21.954966,0.214949058,8.200000,1
21.969025,0.214277941,8.180000,1
21.982411,0.214469689,8.160000,1
21.996343,0.214277941,8.140000,1
22.009768,0.213990320,8.120000,1
22.023569,0.213798572,8.100000,1
22.037094,0.213798572,8.080000,1
22.051187,0.213990320,8.060000,1
22.064689,0.213606825,8.040000,1
22.078290,0.213223330,8.020000,1
22.091934,0.213415077,8.000000,1
22.105531,0.213223330,7.980000,1
22.119474,0.213031582,7.960000,1
22.133471,0.212743961,7.940000,1
22.147017,0.213127456,7.920000,1
22.160630,0.212168718,7.900000,1
22.174093,0.212648087,7.880000,1
22.187426,0.212552213,7.860000,1
22.201796,0.212072844,7.840000,1
22.215912,0.212360465,7.820000,1
22.230126,0.211785223,7.800000,1
22.243835,0.211785223,7.780000,1
22.257415,0.211689349,7.760000,1
22.271266,0.211305854,7.740000,1
22.285078,0.211114106,7.720000,1
22.298664,0.211305854,7.700000,1
22.312439,0.211114106,7.680000,1
22.325982,0.211209980,7.660000,1
22.339901,0.210922358,7.640000,1
22.353601,0.210442989,7.620000,1
22.367492,0.210347116,7.600000,1
22.381526,0.210826485,7.580000,1
22.395449,0.210347116,7.560000,1
22.409164,0.210251242,7.540000,1
22.422925,0.210155368,7.520000,1
22.436568,0.210155368,7.500000,1
22.450504,0.209771873,7.480000,1
22.464842,0.209675999,7.460000,1
22.478944,0.209675999,7.440000,1
22.492802,0.209484251,7.420000,1
22.506944,0.209675999,7.400000,1
22.520478,0.209292504,7.380000,1
22.534385,0.209196630,7.360000,1
22.548560,0.209100756,7.340000,1
22.561855,0.208813135,7.320000,1
22.575278,0.208429640,7.300000,1
22.589491,0.208333766,7.280000,1
22.602982,0.208237892,7.260000,1
22.616322,0.207950271,7.240000,1
22.629957,0.208237892,7.220000,1
22.643202,0.207854397,7.200000,1
22.656542,0.207662649,7.180000,1
22.670047,0.207470902,7.160000,1
22.684004,0.206895659,7.140000,1
22.697596,0.207470902,7.120000,1
22.711307,0.206991533,7.100000,1
22.725015,0.207183280,7.080000,1
22.738524,0.206703911,7.060000,1
22.752100,0.206608037,7.040000,1
22.766014,0.206128668,7.020000,1
22.780271,0.206416290,7.000000,1
22.793962,0.206032795,6.980000,1
22.808440,0.205841047,6.960000,1
22.822265,0.206032795,6.940000,1
22.835850,0.205649299,6.920000,1
22.849556,0.205361678,6.900000,1
22.862753,0.205457552,6.880000,1
22.876292,0.205457552,6.860000,1
22.890269,0.205265804,6.840000,1
22.903379,0.205074057,6.820000,1
22.917437,0.205074057,6.800000,1
22.930934,0.204882309,6.780000,1
22.944667,0.204594688,6.760000,1
22.958129,0.204402940,6.740000,1
22.972345,0.204307066,6.720000,1
22.985665,0.204498814,6.700000,1
22.999718,0.203827697,6.680000,1
23.013567,0.203731823,6.660000,1
23.027157,0.203635950,6.640000,1
23.041033,0.203252454,6.620000,1
23.054810,0.203540076,6.600000,1
23.069128,0.203060707,6.580000,1
23.082534,0.203252454,6.560000,1
23.096841,0.202677212,6.540000,1
23.110271,0.202581338,6.520000,1
23.123784,0.202293716,6.500000,1
23.137327,0.202485464,6.480000,1
23.150931,0.202197843,6.460000,1
23.164829,0.201718474,6.440000,1
23.179857,0.202006095,6.420000,1
23.193074,0.201718474,6.400000,1
23.207221,0.201430852,6.380000,1
23.220883,0.201239105,6.360000,1
23.234206,0.200951483,6.340000,1
23.248214,0.201143231,6.320000,1
23.262239,0.200567988,6.300000,1
23.275709,0.200855609,6.280000,1
23.289436,0.200663862,6.260000,1
23.302787,0.200280367,6.240000,1
23.316583,0.200376240,6.220000,1
23.330109,0.200088619,6.200000,1
23.343789,0.199896871,6.180000,1
23.357249,0.199609250,6.160000,1
23.371056,0.199513376,6.140000,1
23.385109,0.199417502,6.120000,1
23.398588,0.199225755,6.100000,1
23.412296,0.199417502,6.080000,1
23.425770,0.199129881,6.060000,1
23.439338,0.198554638,6.040000,1
23.453217,0.198746386,6.020000,1
23.467277,0.198362891,6.000000,1
23.481010,0.198267017,5.980000,1
23.494543,0.198267017,5.960000,1
23.508452,0.197500026,5.940000,1
23.522265,0.197979395,5.920000,1
23.536364,0.197500026,5.900000,1
23.549737,0.197595900,5.880000,1
23.563066,0.197212405,5.860000,1
23.576732,0.197404153,5.840000,1
23.590101,0.196637162,5.820000,1
23.603840,0.196924784,5.800000,1
23.617321,0.196637162,5.780000,1
23.631603,0.196349541,5.760000,1
23.646026,0.196253667,5.740000,1
23.659777,0.196445415,5.720000,1
23.673766,0.196061919,5.700000,1
23.687519,0.195582550,5.680000,1
23.700983,0.195486677,5.660000,1
23.714616,0.195294929,5.640000,1
23.729109,0.195199055,5.620000,1
23.742257,0.194815560,5.600000,1
23.756320,0.194719686,5.580000,1
23.769429,0.194527939,5.560000,1
23.783179,0.194432065,5.540000,1
23.796772,0.194240317,5.520000,1
23.810488,0.194048570,5.500000,1
23.824598,0.193856822,5.480000,1
23.838395,0.193760948,5.460000,1
23.852195,0.193089832,5.440000,1
23.866380,0.193569201,5.420000,1
23.879940,0.193473327,5.400000,1
23.893432,0.192802210,5.380000,1
23.907545,0.192706336,5.360000,1
23.921485,0.192322841,5.340000,1
23.935016,0.192610463,5.320000,1
23.949563,0.192322841,5.300000,1
23.962920,0.191939346,5.280000,1
23.976852,0.191651725,5.260000,1
23.990909,0.191555851,5.240000,1
24.004662,0.191364103,5.220000,1
24.018194,0.191268229,5.200000,1
24.032269,0.190788860,5.180000,1
24.046427,0.190692987,5.160000,1
24.060464,0.190309491,5.140000,1
24.074237,0.190309491,5.120000,1
24.087560,0.190213618,5.100000,1
24.101772,0.189830123,5.080000,1
24.115385,0.189734249,5.060000,1
24.129048,0.189925996,5.040000,1
24.143560,0.189159006,5.020000,1
24.157696,0.188775511,5.000000,1
24.171881,0.188871385,4.980000,1
24.185940,0.188775511,4.960000,1
24.200000,0.188775511,4.940000,1
24.213633,0.188200268,4.920000,1
24.227260,0.188200268,4.900000,1
24.240998,0.187912647,4.880000,1
24.254205,0.187720899,4.860000,1
24.267909,0.187529151,4.840000,1
24.281716,0.187529151,4.820000,1
24.295447,0.187241530,4.800000,1
24.309302,0.186762161,4.780000,1
24.322928,0.186858035,4.760000,1
24.340156,0.186474540,4.740000,1
24.353534,0.186474540,4.720000,1
24.367802,0.186186918,4.700000,1
24.381928,0.186282792,4.680000,1
24.395878,0.185899297,4.660000,1
24.409406,0.185515802,4.640000,1
24.423479,0.185515802,4.620000,1
24.437006,0.184844685,4.600000,1
24.451502,0.185132306,4.580000,1
24.465524,0.184748811,4.560000,1
24.479638,0.184748811,4.540000,1
24.493669,0.184269442,4.520000,1
24.507210,0.184173568,4.500000,1
24.520916,0.184461190,4.480000,1
24.534883,0.183790073,4.460000,1
24.548622,0.183502452,4.440000,1
24.562330,0.183885947,4.420000,1
24.575795,0.183694199,4.400000,1
24.589264,0.182927209,4.380000,1
24.603070,0.183406578,4.360000,1
24.617115,0.182927209,4.340000,1
24.630766,0.182639588,4.320000,1
24.644302,0.182543714,4.300000,1
24.657886,0.182351966,4.280000,1
24.672172,0.182160219,4.260000,1
24.685676,0.181968471,4.240000,1
24.699381,0.181489102,4.220000,1
24.713661,0.181297354,4.200000,1
24.727012,0.181297354,4.180000,1
24.741344,0.181105607,4.160000,1
24.755378,0.180722112,4.140000,1
24.769454,0.180626238,4.120000,1
24.783481,0.180626238,4.100000,1
24.797403,0.180626238,4.080000,1
24.810920,0.180050995,4.060000,1
24.824991,0.180242743,4.040000,1
24.838683,0.180242743,4.020000,1
24.852650,0.179859247,4.000000,1
24.865980,0.179763374,3.980000,1
24.878757,0.179284005,3.960000,1
24.892942,0.178804636,3.940000,1
24.906893,0.178996383,3.920000,1
24.920844,0.178900509,3.900000,1
24.935050,0.178612888,3.880000,1
24.948798,0.178325267,3.860000,1
24.963049,0.178421140,3.840000,1
24.977456,0.177941771,3.820000,1
24.991095,0.178037645,3.800000,1
25.005542,0.178037645,3.780000,1
25.018918,0.177462402,3.760000,1
25.032836,0.177845898,3.740000,1
25.046299,0.177558276,3.720000,1
25.060066,0.177366529,3.700000,1
25.074008,0.177078907,3.680000,1
25.087317,0.176599538,3.660000,1
25.101258,0.176791286,3.640000,1
25.114958,0.176311917,3.620000,1
25.129185,0.176216043,3.600000,1
25.143518,0.176024295,3.580000,1
25.157099,0.175832548,3.560000,1
25.171215,0.175736674,3.540000,1
25.185570,0.175353179,3.520000,1
25.198821,0.175544926,3.500000,1
25.213063,0.175257305,3.480000,1
25.226670,0.175353179,3.460000,1
25.239799,0.174873810,3.440000,1
25.253264,0.174873810,3.420000,1
25.268426,0.174490315,3.400000,1
25.281957,0.174490315,3.380000,1
25.296516,0.174202693,3.360000,1
25.310585,0.173723324,3.340000,1
25.324074,0.173819198,3.320000,1
25.337233,0.173339829,3.300000,1
25.350582,0.173339829,3.280000,1
25.363782,0.173435703,3.260000,1
25.377533,0.172956334,3.240000,1
25.391455,0.173052208,3.220000,1
25.405001,0.173052208,3.200000,1
25.418358,0.172381091,3.180000,1
25.431485,0.172285217,3.160000,1
25.445719,0.172476965,3.140000,1
25.459327,0.171901722,3.120000,1
25.473416,0.171901722,3.100000,1
25.487043,0.171614101,3.080000,1
25.500967,0.171422353,3.060000,1
25.514653,0.170942984,3.040000,1
25.528844,0.170751236,3.020000,1
25.542395,0.170367741,3.000000,1
25.556074,0.170463615,2.980000,1
25.569631,0.170463615,2.960000,1
25.583847,0.169984246,2.940000,1
25.597008,0.169792498,2.920000,1
25.610665,0.169600751,2.900000,1
25.624546,0.169313129,2.880000,1
25.638111,0.169409003,2.860000,1
25.651512,0.168737887,2.840000,1
25.665518,0.168833760,2.820000,1
25.679188,0.168546139,2.800000,1
25.692866,0.168450265,2.780000,1
25.707149,0.168066770,2.760000,1
25.721057,0.167779149,2.740000,1
25.734487,0.167203906,2.720000,1
25.748239,0.167203906,2.700000,1
25.762106,0.166628663,2.680000,1
25.775941,0.166436915,2.660000,1
25.789889,0.166628663,2.640000,1
25.803495,0.166149294,2.620000,1
25.816947,0.165765799,2.600000,1
25.830883,0.165574051,2.580000,1
25.844783,0.165094682,2.560000,1
25.858690,0.164807061,2.540000,1
25.872469,0.164902935,2.520000,1
25.886847,0.164423566,2.500000,1
25.900177,0.164327692,2.480000,1
25.914310,0.164135944,2.460000,1
25.928426,0.163848323,2.440000,1
25.942670,0.163848323,2.420000,1
25.956185,0.162985459,2.400000,1
25.968930,0.163177206,2.380000,1
25.982955,0.162601964,2.360000,1
25.996572,0.162218468,2.340000,1
26.010464,0.162122595,2.320000,1
26.024076,0.161739099,2.300000,1
26.037990,0.161259730,2.280000,1
26.051647,0.161163857,2.260000,1
26.066101,0.160876235,2.240000,1
26.079630,0.160492740,2.220000,1
26.093015,0.160109245,2.200000,1
26.106757,0.159725750,2.180000,1
26.120398,0.159246381,2.160000,1
26.134416,0.158958759,2.140000,1
26.148170,0.158862885,2.120000,1
26.161612,0.157904147,2.100000,1
26.175308,0.158287643,2.080000,1
26.189252,0.157616526,2.060000,1
26.203087,0.157137157,2.040000,1
26.217047,0.157041283,2.020000,1
26.230672,0.156370167,2.000000,1
26.245048,0.156561914,1.980000,1
26.258386,0.155794924,1.960000,1
26.272081,0.155411429,1.940000,1
26.285944,0.155219681,1.920000,1
26.299380,0.154740312,1.900000,1
26.313453,0.154452691,1.880000,1
26.327020,0.154260943,1.860000,1
26.340745,0.154069195,1.840000,1
26.354929,0.153493953,1.820000,1
26.370062,0.153302205,1.800000,1
26.383159,0.152726962,1.780000,1
26.396918,0.152439341,1.760000,1
26.410916,0.151959972,1.740000,1
26.425663,0.151768224,1.720000,1
26.440705,0.151480603,1.700000,1
26.454593,0.150905360,1.680000,1
26.467546,0.150617739,1.660000,1
26.480844,0.150521865,1.640000,1
26.495315,0.150330117,1.620000,1
26.509454,0.149659001,1.600000,1
26.522872,0.149083758,1.580000,1
26.536697,0.148604389,1.560000,1
26.550245,0.148508515,1.540000,1
26.563999,0.148508515,1.520000,1
26.577634,0.148125020,1.500000,1
26.591337,0.147549777,1.480000,1
26.605402,0.147549777,1.460000,1
26.618921,0.147262156,1.440000,1
26.632623,0.146495165,1.420000,1
26.646437,0.145824049,1.400000,1
26.660716,0.145728175,1.380000,1
26.674564,0.145536427,1.360000,1
26.688387,0.145632301,1.340000,1
26.702158,0.145057058,1.320000,1
26.715842,0.144673563,1.300000,1
26.729475,0.144673563,1.280000,1
26.742813,0.144098320,1.260000,1
26.756480,0.144002446,1.240000,1
26.769879,0.143331330,1.220000,1
26.783253,0.143331330,1.200000,1
26.796767,0.142947835,1.180000,1
26.810868,0.142756087,1.160000,1
26.824870,0.142372592,1.140000,1
26.838181,0.141989097,1.120000,1
26.851857,0.142084970,1.100000,1
26.865970,0.141797349,1.080000,1
26.879817,0.141222106,1.060000,1
26.893486,0.141222106,1.040000,1
26.907480,0.140742737,1.020000,1
26.921763,0.140359242,1.000000,1
26.936155,0.139975747,0.980000,1
26.949596,0.139879873,0.960000,1
26.963104,0.139592252,0.940000,1
26.976867,0.138825261,0.920000,1
26.990543,0.138729388,0.900000,1
27.004428,0.138633514,0.880000,1
27.018393,0.138729388,0.860000,1
27.031999,0.137578902,0.840000,1
27.046180,0.138058271,0.820000,1
27.059777,0.137578902,0.800000,1
27.073361,0.137195407,0.780000,1
27.087736,0.137387154,0.760000,1
27.101047,0.136907785,0.740000,1
27.115406,0.137003659,0.720000,1
27.129322,0.136811912,0.700000,1
27.143224,0.136524290,0.680000,1
27.156763,0.136332543,0.660000,1
27.170234,0.136524290,0.640000,1
27.183882,0.136236669,0.620000,1
27.197848,0.135949047,0.600000,1
27.211344,0.136044921,0.580000,1
27.226100,0.135757300,0.560000,1
27.239565,0.135565552,0.540000,1
27.253120,0.135277931,0.520000,1
27.267321,0.134990309,0.500000,1
27.280923,0.135277931,0.480000,1
27.294385,0.135182057,0.460000,1
27.308550,0.135373805,0.440000,1
27.321865,0.134894436,0.420000,1
27.336125,0.134798562,0.400000,1
27.349735,0.134415067,0.380000,1
27.363443,0.134415067,0.360000,1
27.377022,0.133552202,0.340000,1
27.390750,0.133648076,0.320000,1
27.405407,0.132881086,0.300000,1
27.419353,0.132593464,0.280000,1
27.433403,0.132209969,0.260000,1
27.447262,0.132018222,0.240000,1
27.460658,0.131730600,0.220000,1
27.474303,0.131155357,0.200000,1
27.487732,0.130100746,0.180000,1
27.501678,0.130292493,0.160000,1
27.514957,0.130004872,0.140000,1
27.528811,0.128854386,0.120000,1
27.541786,0.128758512,0.100000,1
27.555370,0.128375017,0.080000,1
27.569214,0.127703901,0.060000,1
27.583319,0.127512153,0.040000,1
27.598300,0.127416279,0.020000,1
27.611647,0.126457541,0.000000,1
27.625281,0.126074046,0.000000,1
27.638491,0.126265794,-0.020000,1
27.652752,0.125786425,-0.040000,1
27.667392,0.125019434,-0.060000,1
27.680871,0.124827687,-0.080000,1
27.694498,0.123964822,-0.100000,1
27.708180,0.123677201,-0.120000,1
27.721691,0.123101958,-0.140000,1
27.735020,0.122047346,-0.160000,1
27.748614,0.121567977,-0.180000,1
27.762490,0.120992735,-0.200000,1
27.776482,0.120609239,-0.220000,1
27.790187,0.119746375,-0.240000,1
27.803879,0.119458754,-0.260000,1
27.817884,0.118500016,-0.280000,1
27.831539,0.117541278,-0.300000,1
27.845582,0.117061909,-0.320000,1
27.859466,0.116103171,-0.340000,1
27.873655,0.115527928,-0.360000,1
27.886806,0.113993947,-0.380000,1
27.900232,0.113610452,-0.400000,1
27.914617,0.113035209,-0.420000,1
27.928834,0.112172345,-0.440000,1
27.942836,0.111692976,-0.460000,1
27.956738,0.111021860,-0.480000,1
27.970408,0.110446617,-0.500000,1
27.984729,0.109775500,-0.520000,1
27.998334,0.108912636,-0.540000,1
28.011556,0.108433267,-0.560000,1
28.025041,0.107474529,-0.580000,1
28.038649,0.107282781,-0.600000,1
28.052154,0.106803412,-0.620000,1
28.065636,0.106132296,-0.640000,1
28.079610,0.106036422,-0.660000,1
28.093513,0.105461179,-0.680000,1
28.107077,0.104885936,-0.700000,1
28.120908,0.104406567,-0.720000,1
28.134745,0.104310694,-0.740000,1
28.148345,0.104118946,-0.760000,1
28.162163,0.103543703,-0.780000,1
28.175403,0.103064334,-0.800000,1
28.189500,0.102968460,-0.820000,1
28.203560,0.102009722,-0.840000,1
28.217859,0.102105596,-0.860000,1
28.231445,0.101338606,-0.880000,1
28.245587,0.100667489,-0.900000,1
28.259468,0.099996373,-0.920000,1
28.273580,0.099996373,-0.940000,1
28.287278,0.099900499,-0.960000,1
28.301078,0.099612877,-0.980000,1
28.314649,0.099037635,-1.000000,1
28.328272,0.099037635,-1.020000,1
28.342314,0.098750013,-1.040000,1
28.355911,0.098174770,-1.060000,1
28.370112,0.097407780,-1.080000,1
28.384449,0.097407780,-1.100000,1
28.398422,0.097503654,-1.120000,1
28.411896,0.096928411,-1.140000,1
28.426610,0.096736663,-1.160000,1
28.440310,0.095969673,-1.180000,1
28.454252,0.095969673,-1.200000,1
28.468578,0.095394430,-1.220000,1
28.482780,0.094915061,-1.240000,1
28.496140,0.094435692,-1.260000,1
28.509890,0.094339818,-1.280000,1
28.524428,0.094052197,-1.300000,1
28.537874,0.093285207,-1.320000,1
28.551916,0.092709964,-1.340000,1
28.565751,0.092134721,-1.360000,1
28.579822,0.092038847,-1.380000,1
28.593186,0.091367731,-1.400000,1
28.606964,0.090984235,-1.420000,1
28.621359,0.090600740,-1.440000,1
28.634728,0.089642002,-1.460000,1
28.648492,0.089162633,-1.480000,1
28.662523,0.088299769,-1.500000,1
28.676714,0.088203895,-1.520000,1
28.690569,0.086286419,-1.540000,1
28.704794,0.086190546,-1.560000,1
28.718518,0.085231808,-1.580000,1
28.732767,0.083985448,-1.600000,1
28.746904,0.083506079,-1.620000,1
28.760729,0.081492729,-1.640000,1
28.774869,0.081013360,-1.660000,1
28.788589,0.080246370,-1.680000,1
28.802636,0.079191758,-1.700000,1
28.816396,0.078328894,-1.720000,1
28.830305,0.077274282,-1.740000,1
28.843546,0.076603166,-1.760000,1
28.857210,0.075644428,-1.780000,1
28.871402,0.075069185,-1.800000,1
28.884812,0.073918699,-1.820000,1
28.898657,0.073343456,-1.840000,1
28.912260,0.072768214,-1.860000,1
28.926078,0.072192971,-1.880000,1
28.939801,0.071905349,-1.900000,1
28.953948,0.071234233,-1.920000,1
28.967207,0.070371369,-1.940000,1
28.980998,0.069604378,-1.960000,1
28.995066,0.069412631,-1.980000,1
29.008594,0.068741514,-2.000000,1
29.022264,0.068453893,-2.020000,1
29.035629,0.067591028,-2.040000,1
29.049247,0.067207533,-2.060000,1
29.062564,0.066728164,-2.080000,1
29.076380,0.066632290,-2.100000,1
29.090142,0.066152921,-2.120000,1
29.104831,0.066248795,-2.140000,1
29.119551,0.065577679,-2.160000,1
29.133265,0.065098310,-2.180000,1
29.146592,0.064714814,-2.200000,1
29.160710,0.063947824,-2.220000,1
29.174372,0.063947824,-2.240000,1
29.188609,0.063276708,-2.260000,1
29.202265,0.063084960,-2.280000,1
29.216357,0.062701465,-2.300000,1
29.230161,0.062030348,-2.320000,1
29.243791,0.062126222,-2.340000,1
29.257970,0.062030348,-2.360000,1
29.272281,0.062222096,-2.380000,1
29.285783,0.061455105,-2.400000,1
29.299391,0.061359232,-2.420000,1
29.313002,0.060879863,-2.440000,1
29.327197,0.060879863,-2.460000,1
29.341161,0.060400494,-2.480000,1
29.354778,0.059441756,-2.500000,1
29.368853,0.058770639,-2.520000,1
29.383287,0.058962387,-2.540000,1
29.397059,0.058770639,-2.560000,1
29.411460,0.058962387,-2.580000,1
29.425485,0.058770639,-2.600000,1
29.439315,0.057907775,-2.620000,1
29.453464,0.057907775,-2.640000,1
29.467026,0.057716027,-2.660000,1
29.481142,0.057236658,-2.680000,1
29.494855,0.056949037,-2.700000,1
29.508773,0.056565542,-2.720000,1
29.522243,0.056565542,-2.740000,1
29.536123,0.056277920,-2.760000,1
29.550061,0.055798551,-2.780000,1
29.563489,0.055606804,-2.800000,1
29.577547,0.055223308,-2.820000,1
29.591612,0.054552192,-2.840000,1
29.605461,0.054264570,-2.860000,1
29.618832,0.054360444,-2.880000,1
29.633437,0.053881075,-2.900000,1
29.647825,0.053114085,-2.920000,1
29.661317,0.053305832,-2.940000,1
29.675113,0.052538842,-2.960000,1
29.689771,0.052442968,-2.980000,1
29.704804,0.052155347,-3.000000,1
29.719405,0.051675978,-3.020000,1
29.733237,0.051100735,-3.040000,1
29.746908,0.051004861,-3.060000,1
29.760796,0.050908987,-3.080000,1
29.774603,0.050333745,-3.100000,1
29.787978,0.050333745,-3.120000,1
29.801295,0.049279133,-3.140000,1
29.814618,0.049375007,-3.160000,1
29.828841,0.048608016,-3.180000,1
29.842543,0.048224521,-3.200000,1
29.856201,0.048320395,-3.220000,1
29.869831,0.047745152,-3.240000,1
29.883805,0.046978162,-3.260000,1
29.897656,0.046402919,-3.280000,1
29.911484,0.046115297,-3.300000,1
29.925416,0.045731802,-3.320000,1
29.938844,0.045635928,-3.340000,1
29.953163,0.044197821,-3.360000,1
29.966776,0.044677190,-3.380000,1
29.980746,0.043910200,-3.400000,1
29.994240,0.043718452,-3.420000,1
30.007821,0.042855588,-3.440000,1
30.021372,0.042472093,-3.460000,1
30.034904,0.041800976,-3.480000,1
30.048539,0.041417481,-3.500000,1
30.062687,0.040458743,-3.520000,1
30.075920,0.040266996,-3.540000,1
30.089851,0.040266996,-3.560000,1
30.103575,0.039212384,-3.580000,1
30.117696,0.039116510,-3.600000,1
30.131015,0.039116510,-3.620000,1
30.145006,0.037966025,-3.640000,1
30.158689,0.037870151,-3.660000,1
30.172312,0.036911413,-3.680000,1
30.186271,0.036719665,-3.700000,1
30.200051,0.037007287,-3.720000,1
30.213668,0.035952675,-3.740000,1
30.227373,0.035569180,-3.760000,1
30.241477,0.035569180,-3.780000,1
30.254625,0.035089811,-3.800000,1
30.268077,0.034610442,-3.820000,1
30.282233,0.033747577,-3.840000,1
30.296765,0.033843451,-3.860000,1
30.311005,0.033076461,-3.880000,1
30.324435,0.032501218,-3.900000,1
30.337379,0.032021849,-3.920000,1
30.350420,0.031734228,-3.940000,1
30.363474,0.031446606,-3.960000,1
30.377394,0.031254859,-3.980000,1
30.391260,0.030871363,-4.000000,1
30.404764,0.030583742,-4.020000,1
30.417976,0.030200247,-4.040000,1
30.431367,0.029816752,-4.060000,1
30.445009,0.029720878,-4.080000,1
30.458325,0.029049761,-4.100000,1
30.472543,0.028953887,-4.120000,1
30.486495,0.028666266,-4.140000,1
30.500066,0.028474518,-4.160000,1
30.513607,0.027899276,-4.180000,1
30.527519,0.027611654,-4.200000,1
30.540967,0.027036411,-4.220000,1
30.554811,0.026652916,-4.240000,1
30.569309,0.026652916,-4.260000,1
30.582647,0.026269421,-4.280000,1
30.596627,0.026077673,-4.300000,1
30.610778,0.025598304,-4.320000,1
30.624419,0.024927188,-4.340000,1
30.638576,0.025023062,-4.360000,1
30.652752,0.024735440,-4.380000,1
30.666332,0.024256071,-4.400000,1
30.680328,0.023968450,-4.420000,1
30.694835,0.023872576,-4.440000,1
30.708603,0.023584955,-4.460000,1
30.722649,0.023105586,-4.480000,1
30.736670,0.023201459,-4.500000,1
30.750031,0.022530343,-4.520000,1
30.763472,0.022530343,-4.540000,1
30.776951,0.021859226,-4.560000,1
30.790510,0.021667479,-4.580000,1
30.804032,0.021379857,-4.600000,1
30.817657,0.020996362,-4.620000,1
30.831107,0.020804614,-4.640000,1
30.844488,0.020612867,-4.660000,1
30.858684,0.020516993,-4.680000,1
30.871916,0.019654129,-4.700000,1
30.885660,0.019174760,-4.720000,1
30.898925,0.019366507,-4.740000,1
30.913209,0.018887138,-4.760000,1
30.926876,0.018503643,-4.780000,1
30.941226,0.018311896,-4.800000,1
30.954754,0.018216022,-4.820000,1
30.968936,0.018120148,-4.840000,1
30.982368,0.017832527,-4.860000,1
30.996011,0.017353158,-4.880000,1
31.009779,0.016969662,-4.900000,1
31.023251,0.016490293,-4.920000,1
31.036550,0.016202672,-4.940000,1
31.050695,0.016106798,-4.960000,1
31.064034,0.015435682,-4.980000,1
31.077854,0.015052186,-5.000000,1
31.091412,0.014764565,-5.020000,1
31.105044,0.014668691,-5.040000,1
31.118345,0.014189322,-5.060000,1
31.131833,0.013518206,-5.080000,1
31.145966,0.013422332,-5.100000,1
31.159074,0.013614079,-5.120000,1
31.173010,0.013230584,-5.140000,1
31.186780,0.012942963,-5.160000,1
31.200707,0.011984225,-5.180000,1
31.214174,0.012175973,-5.200000,1
31.227836,0.011696604,-5.220000,1
31.242132,0.011217235,-5.240000,1
31.255625,0.010833739,-5.260000,1
31.269568,0.010162623,-5.280000,1
31.283521,0.010546118,-5.300000,1
31.297396,0.009779128,-5.320000,1
31.311615,0.009395632,-5.340000,1
31.325072,0.008820390,-5.360000,1
31.338321,0.008724516,-5.380000,1
31.351701,0.008341021,-5.400000,1
31.366446,0.008149273,-5.420000,1
31.380271,0.007669904,-5.440000,1
31.394220,0.007574030,-5.460000,1
31.408982,0.007094661,-5.480000,1
31.422930,0.006615292,-5.500000,1
31.437078,0.006998787,-5.520000,1
31.450431,0.005944176,-5.540000,1
31.464189,0.005944176,-5.560000,1
31.477022,0.004985438,-5.580000,1
31.490208,0.004697816,-5.600000,1
31.503675,0.004697816,-5.620000,1
31.517236,0.004218447,-5.640000,1
31.531294,0.004122573,-5.660000,1
31.545342,0.003739078,-5.680000,1
31.559122,0.003067962,-5.700000,1
31.572937,0.003259709,-5.720000,1
31.587041,0.002300971,-5.740000,1
31.600613,0.002396845,-5.760000,1
31.614048,0.001725728,-5.780000,1
31.628740,0.001342233,-5.800000,1
31.642578,0.001246359,-5.820000,1
31.656505,0.001246359,-5.840000,1
31.670792,0.000287621,-5.860000,1
31.684312,0.000671117,-5.880000,1
31.698091,0.000000000,-5.900000,1
31.712712,-0.000479369,-5.920000,1
31.726139,-0.000575243,-5.940000,1
31.740135,-0.000479369,-5.960000,1
31.754240,-0.001438107,-5.980000,1
31.768425,-0.001725728,-6.000000,1
31.782691,-0.001821602,-6.020000,1
31.797583,-0.002300971,-6.040000,1
31.811724,-0.002684466,-6.060000,1
31.825245,-0.003067962,-6.080000,1
31.838566,-0.003451457,-6.100000,1
31.852283,-0.004122573,-6.120000,1
31.866341,-0.004218447,-6.140000,1
31.879776,-0.004314321,-6.160000,1
31.893250,-0.004697816,-6.180000,1
31.907100,-0.004985438,-6.200000,1
31.921147,-0.005464807,-6.220000,1
31.934834,-0.005848302,-6.240000,1
31.949059,-0.005656554,-6.260000,1
31.962479,-0.006423545,-6.280000,1
31.976011,-0.006615292,-6.300000,1
31.990436,-0.006519418,-6.320000,1
32.003856,-0.007286409,-6.340000,1
32.017574,-0.007574030,-6.360000,1
32.031263,-0.007574030,-6.380000,1
32.044523,-0.008149273,-6.400000,1
32.057950,-0.008436894,-6.420000,1
32.071489,-0.008436894,-6.440000,1
32.085145,-0.009012137,-6.460000,1
32.098819,-0.009203885,-6.480000,1
32.113164,-0.009108011,-6.500000,1
32.126647,-0.009587380,-6.520000,1
32.140190,-0.009970875,-6.540000,1
32.154361,-0.010354370,-6.560000,1
32.167815,-0.010737866,-6.580000,1
32.181157,-0.010929613,-6.600000,1
32.194857,-0.011408982,-6.620000,1
32.208997,-0.011504856,-6.640000,1
32.222521,-0.011600730,-6.660000,1
32.236523,-0.011792477,-6.680000,1
32.250588,-0.012367720,-6.700000,1
32.264364,-0.012655342,-6.720000,1
32.278142,-0.012847089,-6.740000,1
32.291242,-0.013134710,-6.760000,1
32.305249,-0.012847089,-6.780000,1
32.318768,-0.013805827,-6.800000,1
32.332238,-0.014189322,-6.820000,1
32.345356,-0.014285196,-6.840000,1
32.358858,-0.014668691,-6.860000,1
32.372850,-0.014956313,-6.880000,1
32.386416,-0.015243934,-6.900000,1
32.400471,-0.015723303,-6.920000,1
32.413981,-0.015819177,-6.940000,1
32.427444,-0.016202672,-6.960000,1
32.441227,-0.016586167,-6.980000,1
32.455838,-0.016682041,-7.000000,1
32.469314,-0.017065536,-7.020000,1
32.483626,-0.017065536,-7.040000,1
32.497551,-0.017640779,-7.060000,1
32.511310,-0.018120148,-7.080000,1
32.525138,-0.017832527,-7.100000,1
32.538807,-0.018407769,-7.120000,1
32.552357,-0.018983012,-7.140000,1
32.565929,-0.018791265,-7.160000,1
32.580001,-0.019366507,-7.180000,1
32.594579,-0.019654129,-7.200000,1
32.607737,-0.020325245,-7.220000,1
32.621789,-0.020133498,-7.240000,1
32.636718,-0.021092236,-7.260000,1
32.650043,-0.020996362,-7.280000,1
32.663520,-0.021763352,-7.300000,1
32.677481,-0.021667479,-7.320000,1
32.690731,-0.021859226,-7.340000,1
32.704288,-0.022530343,-7.360000,1
32.718859,-0.022434469,-7.380000,1
32.732893,-0.022722090,-7.400000,1
32.746854,-0.023105586,-7.420000,1
32.760791,-0.023201459,-7.440000,1
32.774384,-0.023872576,-7.460000,1
32.788766,-0.023872576,-7.480000,1
32.802266,-0.024639566,-7.500000,1
32.815578,-0.024639566,-7.520000,1
32.830712,-0.025023062,-7.540000,1
32.844280,-0.025310683,-7.560000,1
32.858345,-0.025981800,-7.580000,1
32.872806,-0.026173547,-7.600000,1
32.886855,-0.026461169,-7.620000,1
32.900459,-0.027036411,-7.640000,1
32.913930,-0.027419907,-7.660000,1
32.927615,-0.027707528,-7.680000,1
32.940882,-0.028378645,-7.700000,1
32.955043,-0.028474518,-7.720000,1
32.968288,-0.028858014,-7.740000,1
32.982024,-0.029241509,-7.760000,1
32.995761,-0.029241509,-7.780000,1
33.010232,-0.030391994,-7.800000,1
33.024857,-0.030487868,-7.820000,1
33.038140,-0.030775490,-7.840000,1
33.052119,-0.031542480,-7.860000,1
33.065631,-0.031830101,-7.880000,1
33.080458,-0.032117723,-7.900000,1
33.093476,-0.032597092,-7.920000,1
33.107603,-0.032692966,-7.940000,1
33.121109,-0.033459956,-7.960000,1
33.134981,-0.033364082,-7.980000,1
33.148578,-0.033939325,-8.000000,1
33.162116,-0.034035199,-8.020000,1
33.175745,-0.034610442,-8.040000,1
33.189463,-0.035281558,-8.060000,1
33.203723,-0.035473306,-8.080000,1
33.217809,-0.035665053,-8.100000,1
33.231603,-0.036336170,-8.120000,1
33.245363,-0.036911413,-8.140000,1
33.258778,-0.037582529,-8.160000,1
33.272277,-0.037582529,-8.180000,1
33.286045,-0.038445393,-8.200000,1
33.299300,-0.038637141,-8.220000,1
33.313030,-0.039212384,-8.240000,1
33.326913,-0.039691753,-8.260000,1
33.340182,-0.039979374,-8.280000,1
33.353564,-0.040650491,-8.300000,1
33.367160,-0.040842238,-8.320000,1
33.381100,-0.041417481,-8.340000,1
33.394847,-0.041800976,-8.360000,1
33.408690,-0.041609229,-8.380000,1
33.422676,-0.042376219,-8.400000,1
33.437148,-0.041992724,-8.420000,1
33.450433,-0.043334957,-8.440000,1
33.464591,-0.043526705,-8.460000,1
33.478346,-0.043910200,-8.480000,1
33.491752,-0.044197821,-8.500000,1
33.505088,-0.044485443,-8.520000,1
33.519125,-0.044677190,-8.540000,1
33.532680,-0.045060686,-8.560000,1
33.546383,-0.045540055,-8.580000,1
33.560642,-0.045731802,-8.600000,1
33.575205,-0.045827676,-8.620000,1
33.588889,-0.046594666,-8.640000,1
33.602637,-0.046882288,-8.660000,1
33.616442,-0.046978162,-8.680000,1
33.630368,-0.047074035,-8.700000,1
33.643834,-0.047841026,-8.720000,1
33.657445,-0.048320395,-8.740000,1
33.671226,-0.048224521,-8.760000,1
33.684366,-0.048512142,-8.780000,1
33.698241,-0.048895638,-8.800000,1
33.711889,-0.048991511,-8.820000,1
33.725236,-0.049566754,-8.840000,1
33.738810,-0.049662628,-8.860000,1
33.753082,-0.049950249,-8.880000,1
33.766814,-0.050046123,-8.900000,1
33.779882,-0.050813114,-8.920000,1
33.794044,-0.050908987,-8.940000,1
33.807481,-0.051004861,-8.960000,1
33.821131,-0.051004861,-8.980000,1
33.834556,-0.051771852,-9.000000,1
33.848130,-0.051675978,-9.020000,1
33.861665,-0.052155347,-9.040000,1
33.875890,-0.052347094,-9.060000,1
33.889488,-0.052730590,-9.080000,1
33.902964,-0.052826463,-9.100000,1
33.916149,-0.052922337,-9.120000,1
33.930602,-0.053881075,-9.140000,1
33.944733,-0.053497580,-9.160000,1
33.958247,-0.053785201,-9.180000,1
33.973103,-0.053976949,-9.200000,1
33.987302,-0.054360444,-9.220000,1
34.001235,-0.054648066,-9.240000,1
34.015085,-0.054743939,-9.260000,1
34.028894,-0.055031561,-9.280000,1
34.042221,-0.055031561,-9.300000,1
34.055605,-0.055510930,-9.320000,1
34.069522,-0.055990299,-9.340000,1
34.084399,-0.056373794,-9.360000,1
34.098199,-0.056086173,-9.380000,1
34.111890,-0.056565542,-9.400000,1
34.125724,-0.057140784,-9.420000,1
34.139246,-0.057332532,-9.440000,1
34.153228,-0.057811901,-9.460000,1
34.166869,-0.057716027,-9.480000,1
34.181295,-0.058099522,-9.500000,1
34.194993,-0.058195396,-9.520000,1
34.208795,-0.058674765,-9.540000,1
34.222881,-0.059058260,-9.560000,1
34.236539,-0.059250008,-9.580000,1
34.250256,-0.059345882,-9.600000,1
34.263448,-0.059537629,-9.620000,1
34.278045,-0.059921125,-9.640000,1
34.291503,-0.060112872,-9.660000,1
34.305824,-0.060400494,-9.680000,1
34.319853,-0.060400494,-9.700000,1
34.333221,-0.060783989,-9.720000,1
34.347003,-0.060975736,-9.740000,1
34.360928,-0.061646853,-9.760000,1
34.374578,-0.061550979,-9.780000,1
34.387901,-0.061934474,-9.800000,1
34.402073,-0.062126222,-9.820000,1
34.416206,-0.062222096,-9.840000,1
34.430343,-0.062509717,-9.860000,1
34.444422,-0.062605591,-9.880000,1
34.458710,-0.063660203,-9.900000,1
34.472280,-0.063660203,-9.920000,1
34.486311,-0.063947824,-9.940000,1
34.499776,-0.063851950,-9.960000,1
34.513817,-0.064139572,-9.980000,1
34.528297,-0.064331319,-10.000000,1
34.542389,-0.065002436,-10.020000,1
34.555677,-0.065002436,-10.040000,1
34.569451,-0.065481805,-10.060000,1
34.583937,-0.065577679,-10.080000,1
34.597785,-0.065865300,-10.100000,1
34.611760,-0.065769426,-10.120000,1
34.625905,-0.066057048,-10.140000,1
34.639386,-0.066440543,-10.160000,1
34.652897,-0.066248795,-10.180000,1
34.666768,-0.067399281,-10.200000,1
34.680670,-0.067303407,-10.220000,1
34.694148,-0.067399281,-10.240000,1
34.707876,-0.067686902,-10.260000,1
34.721800,-0.067782776,-10.280000,1
34.736081,-0.068070397,-10.300000,1
34.750206,-0.068453893,-10.320000,1
34.764299,-0.068837388,-10.340000,1
34.777874,-0.068933262,-10.360000,1
34.791044,-0.069220883,-10.380000,1
34.804579,-0.069316757,-10.400000,1
34.818040,-0.069700252,-10.420000,1
34.831939,-0.069796126,-10.440000,1
34.845803,-0.070179621,-10.460000,1
34.860128,-0.070467242,-10.480000,1
34.873663,-0.070754864,-10.500000,1
34.887170,-0.070946611,-10.520000,1
34.900851,-0.071042485,-10.540000,1
34.915013,-0.071234233,-10.560000,1
34.928076,-0.071617728,-10.580000,1
34.941935,-0.071809476,-10.600000,1
34.955934,-0.072192971,-10.620000,1
34.972725,-0.072576466,-10.640000,1
34.986216,-0.072288845,-10.660000,1
35.000285,-0.072959961,-10.680000,1
35.013979,-0.072959961,-10.700000,1
35.027669,-0.073726952,-10.720000,1
35.042122,-0.073631078,-10.740000,1
35.056216,-0.073631078,-10.760000,1
35.069709,-0.074206321,-10.780000,1
35.083840,-0.074206321,-10.800000,1
35.097198,-0.074589816,-10.820000,1
35.110528,-0.074781563,-10.840000,1
35.124439,-0.075069185,-10.860000,1
35.138121,-0.075069185,-10.880000,1
35.152485,-0.075548554,-10.900000,1
35.165784,-0.075836175,-10.920000,1
35.180131,-0.076219670,-10.940000,1
35.193609,-0.075548554,-10.960000,1
35.207544,-0.076315544,-10.980000,1
35.221439,-0.076699039,-11.000000,1
35.235522,-0.076794913,-11.020000,1
35.249058,-0.076890787,-11.040000,1
35.262593,-0.076986661,-11.060000,1
35.276931,-0.077466030,-11.080000,1
35.290631,-0.077657777,-11.100000,1
35.304324,-0.078041273,-11.120000,1
35.317797,-0.077945399,-11.140000,1
35.331350,-0.078712389,-11.160000,1
35.344629,-0.078808263,-11.180000,1
35.357734,-0.078808263,-11.200000,1
35.370807,-0.079095884,-11.220000,1
35.385722,-0.079095884,-11.240000,1
35.399322,-0.079671127,-11.260000,1
35.412696,-0.079862875,-11.280000,1
35.425444,-0.080150496,-11.300000,1
35.438944,-0.080533991,-11.320000,1
35.452632,-0.080629865,-11.340000,1
35.465981,-0.081109234,-11.360000,1
35.479658,-0.080917487,-11.380000,1
35.493451,-0.081109234,-11.400000,1
35.507751,-0.081780351,-11.420000,1
35.521206,-0.081684477,-11.440000,1
35.535564,-0.082163846,-11.460000,1
35.549951,-0.082355594,-11.480000,1
35.563470,-0.082547341,-11.500000,1
35.576784,-0.082451467,-11.520000,1
35.590439,-0.082739089,-11.540000,1
35.603815,-0.082834963,-11.560000,1
35.617559,-0.083314332,-11.580000,1
35.630652,-0.083506079,-11.600000,1
35.644460,-0.083410205,-11.620000,1
35.658035,-0.083889574,-11.640000,1
35.671619,-0.084177196,-11.660000,1
35.685702,-0.084464817,-11.680000,1
35.699724,-0.084752439,-11.700000,1
35.713119,-0.084848312,-11.720000,1
35.726800,-0.085135934,-11.740000,1
35.740930,-0.085135934,-11.760000,1
35.754451,-0.085231808,-11.780000,1
35.768315,-0.085615303,-11.800000,1
35.782288,-0.085423555,-11.820000,1
35.795688,-0.085807050,-11.840000,1
35.809583,-0.086286419,-11.860000,1
35.823692,-0.086765788,-11.880000,1
35.837631,-0.086861662,-11.900000,1
35.851009,-0.087149284,-11.920000,1
35.864952,-0.087053410,-11.940000,1
35.878533,-0.087532779,-11.960000,1
35.892566,-0.087628653,-11.980000,1
35.906926,-0.087628653,-12.000000,1
35.920317,-0.087916274,-12.020000,1
35.934451,-0.088203895,-12.040000,1
35.948632,-0.088299769,-12.060000,1
35.962030,-0.088875012,-12.080000,1
35.976609,-0.089258507,-12.100000,1
35.990526,-0.089066759,-12.120000,1
36.004280,-0.089450255,-12.140000,1
36.018399,-0.089642002,-12.160000,1
36.032822,-0.089929624,-12.180000,1
36.046490,-0.090025497,-12.200000,1
36.060151,-0.090025497,-12.220000,1
36.074718,-0.090600740,-12.240000,1
36.088029,-0.090792488,-12.260000,1
36.101863,-0.090792488,-12.280000,1
36.116318,-0.090888362,-12.300000,1
36.130069,-0.090984235,-12.320000,1
36.143749,-0.091175983,-12.340000,1
36.157166,-0.091655352,-12.360000,1
36.170918,-0.091751226,-12.380000,1
36.184458,-0.092038847,-12.400000,1
36.198679,-0.092326469,-12.420000,1
36.213079,-0.092518216,-12.440000,1
36.227102,-0.093572828,-12.460000,1
36.240397,-0.093285207,-12.480000,1
36.254036,-0.093572828,-12.500000,1
36.267666,-0.093860449,-12.520000,1
36.281083,-0.093668702,-12.540000,1
36.294414,-0.093956323,-12.560000,1
36.308011,-0.094915061,-12.580000,1
36.321905,-0.094723314,-12.600000,1
36.335840,-0.095010935,-12.620000,1
36.349648,-0.095010935,-12.640000,1
36.363098,-0.095682052,-12.660000,1
36.376902,-0.095969673,-12.680000,1
36.390745,-0.095969673,-12.700000,1
36.404151,-0.096736663,-12.720000,1
36.417999,-0.096640790,-12.740000,1
36.432814,-0.096640790,-12.760000,1
36.446273,-0.097024285,-12.780000,1
36.460362,-0.097216032,-12.800000,1
36.473895,-0.097791275,-12.820000,1
36.487535,-0.098078897,-12.840000,1
36.500741,-0.098654139,-12.860000,1
36.514581,-0.098558266,-12.880000,1
36.529018,-0.099037635,-12.900000,1
36.542655,-0.099229382,-12.920000,1
36.556167,-0.099421130,-12.940000,1
36.570043,-0.099325256,-12.960000,1
36.584048,-0.099804625,-12.980000,1
36.597513,-0.100092246,-13.000000,1
36.611456,-0.100379868,-13.020000,1
36.625511,-0.100571615,-13.040000,1
36.639163,-0.101050984,-13.060000,1
36.652675,-0.101530353,-13.080000,1
36.666324,-0.101722101,-13.100000,1
36.680087,-0.102009722,-13.120000,1
36.694072,-0.101817975,-13.140000,1
36.707473,-0.102489091,-13.160000,1
36.721659,-0.102872587,-13.180000,1
36.735697,-0.103639577,-13.200000,1
36.749365,-0.103639577,-13.220000,1
36.763021,-0.103831325,-13.240000,1
36.776449,-0.104023072,-13.260000,1
36.790734,-0.104502441,-13.280000,1
36.804607,-0.105077684,-13.300000,1
36.818257,-0.104790063,-13.320000,1
36.832369,-0.105557053,-13.340000,1
36.846226,-0.105748801,-13.360000,1
36.859508,-0.106324043,-13.380000,1
36.873001,-0.106803412,-13.400000,1
36.886982,-0.106995160,-13.420000,1
36.900703,-0.107666277,-13.440000,1
36.914591,-0.107666277,-13.460000,1
36.928582,-0.108145646,-13.480000,1
36.942406,-0.108337393,-13.500000,1
36.956548,-0.109104384,-13.520000,1
36.969967,-0.109008510,-13.540000,1
36.983411,-0.109487879,-13.560000,1
36.997143,-0.110063122,-13.580000,1
37.010583,-0.110158995,-13.600000,1
37.024818,-0.110830112,-13.620000,1
37.038244,-0.111213607,-13.640000,1
37.051808,-0.111501229,-13.660000,1
37.065743,-0.111788850,-13.680000,1
37.079537,-0.112076471,-13.700000,1
37.093183,-0.112268219,-13.720000,1
37.107124,-0.113322831,-13.740000,1
37.121448,-0.113418705,-13.760000,1
37.134991,-0.113610452,-13.780000,1
37.148467,-0.113993947,-13.800000,1
37.161916,-0.114185695,-13.820000,1
37.175501,-0.114665064,-13.840000,1
37.188852,-0.114952685,-13.860000,1
37.202693,-0.115527928,-13.880000,1
37.216074,-0.115527928,-13.900000,1
37.229675,-0.116199045,-13.920000,1
37.243191,-0.116294918,-13.940000,1
37.256572,-0.116870161,-13.960000,1
37.270260,-0.116966035,-13.980000,1
37.284075,-0.117828899,-14.000000,1
37.297929,-0.117828899,-14.020000,1
37.311427,-0.118308268,-14.040000,1
37.325270,-0.118595890,-14.060000,1
37.338871,-0.119075259,-14.080000,1
37.352588,-0.118979385,-14.100000,1
37.367363,-0.119746375,-14.120000,1
37.380780,-0.120513366,-14.140000,1
37.394305,-0.120609239,-14.160000,1
37.408214,-0.120513366,-14.180000,1
37.421626,-0.121280356,-14.200000,1
37.435831,-0.121376230,-14.220000,1
37.450129,-0.121759725,-14.240000,1
37.463854,-0.121951473,-14.260000,1
37.477583,-0.122143220,-14.280000,1
37.491241,-0.122622589,-14.300000,1
37.504524,-0.122814337,-14.320000,1
37.518994,-0.123006084,-14.340000,1
37.533416,-0.123485453,-14.360000,1
37.547390,-0.123581327,-14.380000,1
37.561056,-0.124252444,-14.400000,1
37.574947,-0.124060696,-14.420000,1
37.588559,-0.124731813,-14.440000,1
37.602706,-0.124923560,-14.460000,1
37.616177,-0.124923560,-14.480000,1
37.629628,-0.125402929,-14.500000,1
37.643457,-0.125498803,-14.520000,1
37.657193,-0.125882298,-14.540000,1
37.671453,-0.126169920,-14.560000,1
37.684720,-0.126361667,-14.580000,1
37.699122,-0.126745163,-14.600000,1
37.712797,-0.127032784,-14.620000,1
37.726689,-0.127416279,-14.640000,1
37.741155,-0.127703901,-14.660000,1
37.754749,-0.127703901,-14.680000,1
37.768458,-0.127991522,-14.700000,1
37.782259,-0.128470891,-14.720000,1
37.796134,-0.128566765,-14.740000,1
37.809796,-0.129142008,-14.760000,1
37.823511,-0.129046134,-14.780000,1
37.837556,-0.129429629,-14.800000,1
37.851675,-0.129621377,-14.820000,1
37.865475,-0.129908998,-14.840000,1
37.879117,-0.130004872,-14.860000,1
37.893198,-0.130484241,-14.880000,1
37.906786,-0.130771862,-14.900000,1
37.920907,-0.130580115,-14.920000,1
37.934690,-0.130963610,-14.940000,1
37.948001,-0.131155357,-14.960000,1
37.961960,-0.131730600,-14.980000,1
37.975291,-0.131826474,-15.000000,1
37.989521,-0.132305843,-15.020000,1
38.003025,-0.132114095,-15.040000,1
38.016495,-0.132785212,-15.060000,1
38.030000,-0.132689338,-15.080000,1
38.054315,-0.133360455,-15.100000,1
38.068171,-0.133552202,-15.120000,1
38.081932,-0.133456329,-15.140000,1
38.094622,-0.133552202,-15.160000,1
38.107924,-0.134319193,-15.180000,1
38.121927,-0.134415067,-15.200000,1
38.136018,-0.134894436,-15.220000,1
38.149465,-0.134894436,-15.240000,1
38.162763,-0.135182057,-15.260000,1
38.176551,-0.135373805,-15.280000,1
38.190429,-0.135757300,-15.300000,1
38.204823,-0.135949047,-15.320000,1
38.218775,-0.136140795,-15.340000,1
38.232953,-0.136140795,-15.360000,1
38.246617,-0.136811912,-15.380000,1
38.260682,-0.136811912,-15.400000,1
38.274410,-0.136907785,-15.420000,1
38.288117,-0.137483028,-15.440000,1
38.301859,-0.138058271,-15.460000,1
38.315649,-0.137866523,-15.480000,1
38.329551,-0.138345892,-15.500000,1
38.342843,-0.138345892,-15.520000,1
38.356659,-0.139017009,-15.540000,1
38.370682,-0.139017009,-15.560000,1
38.384084,-0.138921135,-15.580000,1
38.398053,-0.139496378,-15.600000,1
38.411996,-0.139688125,-15.620000,1
38.425816,-0.139879873,-15.640000,1
38.439811,-0.140071621,-15.660000,1
38.454140,-0.140359242,-15.680000,1
38.468017,-0.140646863,-15.700000,1
38.481914,-0.140934485,-15.720000,1
38.495790,-0.141317980,-15.740000,1
38.509289,-0.141605601,-15.760000,1
38.523008,-0.141989097,-15.780000,1
38.537019,-0.142276718,-15.800000,1
38.550414,-0.142468466,-15.820000,1
38.564183,-0.142660213,-15.840000,1
38.578096,-0.142851961,-15.860000,1
38.591670,-0.143427204,-15.880000,1
38.605214,-0.143714825,-15.900000,1
38.618742,-0.143331330,-15.920000,1
38.632379,-0.144194194,-15.940000,1
38.645827,-0.144290068,-15.960000,1
38.659823,-0.144769437,-15.980000,1
38.673459,-0.145152932,-16.000000,1
38.686810,-0.144865311,-16.020000,1
38.700081,-0.145536427,-16.040000,1
38.713896,-0.145248806,-16.060000,1
38.727986,-0.145440553,-16.080000,1
38.741783,-0.145536427,-16.100000,1
38.755082,-0.146591039,-16.120000,1
38.769174,-0.146686913,-16.140000,1
38.782634,-0.147453903,-16.160000,1
38.796234,-0.146878660,-16.180000,1
38.809635,-0.147358029,-16.200000,1
38.823485,-0.147453903,-16.220000,1
38.837048,-0.147933272,-16.240000,1
38.850935,-0.148412641,-16.260000,1
38.865216,-0.148604389,-16.280000,1
38.878459,-0.148987884,-16.300000,1
38.892073,-0.149179632,-16.320000,1
38.906134,-0.149371379,-16.340000,1
38.920496,-0.149754874,-16.360000,1
38.934367,-0.150138370,-16.380000,1
38.948446,-0.150425991,-16.400000,1
38.962624,-0.150617739,-16.420000,1
38.976324,-0.151097108,-16.440000,1
38.989807,-0.150905360,-16.460000,1
39.003857,-0.151576477,-16.480000,1
39.017927,-0.151864098,-16.500000,1
39.031315,-0.152055846,-16.520000,1
39.044803,-0.152535215,-16.540000,1
39.058247,-0.152822836,-16.560000,1
39.072074,-0.152822836,-16.580000,1
39.085693,-0.153014584,-16.600000,1
39.099849,-0.153589826,-16.620000,1
39.113967,-0.153877448,-16.640000,1
39.127515,-0.154260943,-16.660000,1
39.141463,-0.154548564,-16.680000,1
39.155800,-0.154740312,-16.700000,1
39.169768,-0.154644438,-16.720000,1
39.183773,-0.155411429,-16.740000,1
39.198000,-0.155603176,-16.760000,1
39.211198,-0.156082545,-16.780000,1
39.225455,-0.156466040,-16.800000,1
39.238970,-0.156466040,-16.820000,1
39.252687,-0.156466040,-16.840000,1
39.266252,-0.156753662,-16.860000,1
39.280443,-0.157328905,-16.880000,1
39.294516,-0.157616526,-16.900000,1
39.308295,-0.157904147,-16.920000,1
39.322147,-0.158191769,-16.940000,1
39.335431,-0.158287643,-16.960000,1
39.348872,-0.158000021,-16.980000,1
39.362346,-0.158671138,-17.000000,1
39.375994,-0.158671138,-17.020000,1
39.389480,-0.159534002,-17.040000,1
39.403039,-0.159438128,-17.060000,1
39.416531,-0.159342254,-17.080000,1
39.429923,-0.160300992,-17.100000,1
39.443635,-0.160492740,-17.120000,1
39.457228,-0.160396866,-17.140000,1
39.471016,-0.160588614,-17.160000,1
39.484726,-0.161259730,-17.180000,1
39.498067,-0.161451478,-17.200000,1
39.512090,-0.161643226,-17.220000,1
39.525437,-0.161355604,-17.240000,1
39.539595,-0.161930847,-17.260000,1
39.552955,-0.162218468,-17.280000,1
39.566662,-0.162697837,-17.300000,1
39.581043,-0.162601964,-17.320000,1
39.594358,-0.163177206,-17.340000,1
39.608383,-0.163368954,-17.360000,1
39.622275,-0.163273080,-17.380000,1
39.635681,-0.164040071,-17.400000,1
39.649390,-0.163848323,-17.420000,1
39.663624,-0.164423566,-17.440000,1
39.676988,-0.164423566,-17.460000,1
39.690541,-0.164327692,-17.480000,1
39.704531,-0.164615313,-17.500000,1
39.718862,-0.165669925,-17.520000,1
39.732754,-0.165286430,-17.540000,1
39.746364,-0.165382304,-17.560000,1
39.759877,-0.166149294,-17.580000,1
39.773547,-0.165957546,-17.600000,1
39.787375,-0.166532789,-17.620000,1
39.800765,-0.166436915,-17.640000,1
39.814929,-0.166628663,-17.660000,1
39.828695,-0.166436915,-17.680000,1
39.842271,-0.167012158,-17.700000,1
39.856073,-0.167108032,-17.720000,1
39.869631,-0.167587401,-17.740000,1
39.882833,-0.167491527,-17.760000,1
39.896595,-0.168066770,-17.780000,1
39.909896,-0.168546139,-17.800000,1
39.924747,-0.168450265,-17.820000,1
39.938340,-0.168450265,-17.840000,1
39.952099,-0.168737887,-17.860000,1
39.965510,-0.169121382,-17.880000,1
39.979269,-0.169025508,-17.900000,1
39.992809,-0.169504877,-17.920000,1
40.006676,-0.169792498,-17.940000,1
40.020520,-0.169696625,-17.960000,1
40.034470,-0.170271867,-17.980000,1
40.048632,-0.170559489,-18.000000,1
40.062669,-0.170751236,-18.020000,1
40.076296,-0.171134732,-18.040000,1
40.090264,-0.170847110,-18.060000,1
40.103764,-0.171614101,-18.080000,1
40.118273,-0.171422353,-18.100000,1
40.132523,-0.171805848,-18.120000,1
40.146477,-0.172093470,-18.140000,1
40.160225,-0.172285217,-18.160000,1
40.174237,-0.172189343,-18.180000,1
40.187390,-0.172476965,-18.200000,1
40.201157,-0.172764586,-18.220000,1
40.215206,-0.172956334,-18.240000,1
40.228926,-0.173339829,-18.260000,1
40.242319,-0.173531577,-18.280000,1
40.256379,-0.174202693,-18.300000,1
40.270035,-0.174106819,-18.320000,1
40.283710,-0.174394441,-18.340000,1
40.298206,-0.174586188,-18.360000,1
40.312361,-0.175257305,-18.380000,1
40.326150,-0.175065557,-18.400000,1
40.339432,-0.175065557,-18.420000,1
40.352236,-0.175544926,-18.440000,1
40.365138,-0.175832548,-18.460000,1
40.378342,-0.176599538,-18.480000,1
40.391693,-0.176695412,-18.500000,1
40.405705,-0.176407791,-18.520000,1
40.419200,-0.176887160,-18.540000,1
40.433092,-0.177270655,-18.560000,1
40.446815,-0.177462402,-18.580000,1
40.460438,-0.177845898,-18.600000,1
40.474314,-0.177941771,-18.620000,1
40.488644,-0.178133519,-18.640000,1
40.502612,-0.178421140,-18.660000,1
40.516097,-0.178517014,-18.680000,1
40.529415,-0.178612888,-18.700000,1
40.543631,-0.179284005,-18.720000,1
40.557252,-0.179379878,-18.740000,1
40.570951,-0.179955121,-18.760000,1
40.584751,-0.180338616,-18.780000,1
40.598820,-0.180146869,-18.800000,1
40.612380,-0.180626238,-18.820000,1
40.627193,-0.181201481,-18.840000,1
40.640635,-0.181201481,-18.860000,1
40.654264,-0.181968471,-18.880000,1
40.668286,-0.181968471,-18.900000,1
40.682474,-0.181968471,-18.920000,1
40.695939,-0.182351966,-18.940000,1
40.710054,-0.183214830,-18.960000,1
40.723614,-0.183118957,-18.980000,1
40.737567,-0.183694199,-19.000000,1
40.751626,-0.183502452,-19.020000,1
40.765140,-0.183694199,-19.040000,1
40.778743,-0.184940559,-19.060000,1
40.792626,-0.184557064,-19.080000,1
40.806484,-0.185036433,-19.100000,1
40.820363,-0.185132306,-19.120000,1
40.834701,-0.185515802,-19.140000,1
40.848623,-0.185707549,-19.160000,1
40.862079,-0.185611675,-19.180000,1
40.876342,-0.186186918,-19.200000,1
40.890011,-0.186378666,-19.220000,1
40.903861,-0.187529151,-19.240000,1
40.917421,-0.187145656,-19.260000,1
40.931720,-0.187625025,-19.280000,1
40.945465,-0.187625025,-19.300000,1
40.959547,-0.188104394,-19.320000,1
40.973364,-0.188679637,-19.340000,1
40.986877,-0.188967258,-19.360000,1
41.000626,-0.188967258,-19.380000,1
41.014557,-0.190021870,-19.400000,1
41.028272,-0.189830123,-19.420000,1
41.042257,-0.190405365,-19.440000,1
41.056226,-0.190980608,-19.460000,1
41.070114,-0.191172356,-19.480000,1
41.084154,-0.190980608,-19.500000,1
41.097979,-0.191747598,-19.520000,1
41.111468,-0.191843472,-19.540000,1
41.125464,-0.192322841,-19.560000,1
41.139130,-0.192226967,-19.580000,1
41.152594,-0.192514589,-19.600000,1
41.166503,-0.192418715,-19.620000,1
41.179794,-0.193473327,-19.640000,1
41.193148,-0.193665074,-19.660000,1
41.206965,-0.194048570,-19.680000,1
41.220543,-0.193665074,-19.700000,1
41.233399,-0.194527939,-19.720000,1
41.247210,-0.194623812,-19.740000,1
41.262090,-0.195103181,-19.760000,1
41.275722,-0.194911434,-19.780000,1
41.289677,-0.195486677,-19.800000,1
41.303688,-0.195774298,-19.820000,1
41.317194,-0.196061919,-19.840000,1
41.331023,-0.196637162,-19.860000,1
41.344698,-0.196828910,-19.880000,1
41.358233,-0.196924784,-19.900000,1
41.372538,-0.197212405,-19.920000,1
41.386604,-0.197212405,-19.940000,1
41.400959,-0.197691774,-19.960000,1
41.414423,-0.197883522,-19.980000,1
41.428804,-0.197787648,-20.000000,1
41.442795,-0.198267017,-20.000000,1
41.456047,-0.198362891,-19.980000,1
41.468917,-0.198458764,-19.960000,1
41.482354,-0.198267017,-19.940000,1
41.495831,-0.198650512,-19.920000,1
41.509778,-0.198458764,-19.900000,1
41.523837,-0.198554638,-19.880000,1
41.537743,-0.198650512,-19.860000,1
41.551596,-0.198362891,-19.840000,1
41.565086,-0.198267017,-19.820000,1
41.578563,-0.198746386,-19.800000,1
41.591845,-0.198458764,-19.780000,1
41.605897,-0.198458764,-19.760000,1
41.619638,-0.198650512,-19.740000,1
41.633343,-0.198938133,-19.720000,1
41.646836,-0.198842260,-19.700000,1
41.661059,-0.199034007,-19.680000,1
41.674759,-0.198650512,-19.660000,1
41.688841,-0.198938133,-19.640000,1
41.702860,-0.198746386,-19.620000,1
41.716896,-0.199034007,-19.600000,1
41.730872,-0.199129881,-19.580000,1
41.744309,-0.198746386,-19.560000,1
41.758856,-0.198554638,-19.540000,1
41.772637,-0.198650512,-19.520000,1
41.786749,-0.198554638,-19.500000,1
41.800351,-0.198650512,-19.480000,1
41.813731,-0.198554638,-19.460000,1
41.827049,-0.198746386,-19.440000,1
41.841233,-0.198746386,-19.420000,1
41.856132,-0.198842260,-19.400000,1
41.869701,-0.198458764,-19.380000,1
41.883626,-0.198842260,-19.360000,1
41.897519,-0.198458764,-19.340000,1
41.911102,-0.198554638,-19.320000,1
41.924757,-0.198267017,-19.300000,1
41.938494,-0.198554638,-19.280000,1
41.951779,-0.198554638,-19.260000,1
41.965566,-0.198554638,-19.240000,1
41.979373,-0.198362891,-19.220000,1
41.993063,-0.198362891,-19.200000,1
42.008111,-0.198171143,-19.180000,1
42.022934,-0.198554638,-19.160000,1
42.037178,-0.198458764,-19.140000,1
42.050758,-0.198362891,-19.120000,1
42.064721,-0.198362891,-19.100000,1
42.079282,-0.198075269,-19.080000,1
42.093857,-0.197883522,-19.060000,1
42.108427,-0.198267017,-19.040000,1
42.122238,-0.198362891,-19.020000,1
42.136075,-0.197979395,-19.000000,1
42.149538,-0.197883522,-18.980000,1
42.164736,-0.198075269,-18.960000,1
42.177861,-0.198362891,-18.940000,1
42.192692,-0.197979395,-18.920000,1
42.206222,-0.198171143,-18.900000,1
42.219789,-0.198267017,-18.880000,1
42.233305,-0.197691774,-18.860000,1
42.247815,-0.197500026,-18.840000,1
42.261207,-0.197691774,-18.820000,1
42.275284,-0.197979395,-18.800000,1
42.289622,-0.197883522,-18.780000,1
42.303238,-0.197883522,-18.760000,1
42.317527,-0.197595900,-18.740000,1
42.330833,-0.197500026,-18.720000,1
42.345536,-0.197883522,-18.700000,1
42.359218,-0.197787648,-18.680000,1
42.373590,-0.198171143,-18.660000,1
42.387157,-0.197500026,-18.640000,1
42.400894,-0.197691774,-18.620000,1
42.414566,-0.197500026,-18.600000,1
42.428288,-0.197212405,-18.580000,1
42.441585,-0.197500026,-18.560000,1
42.455347,-0.197308279,-18.540000,1
42.469315,-0.197308279,-18.520000,1
42.482873,-0.197308279,-18.500000,1
42.497133,-0.197404153,-18.480000,1
42.511182,-0.197116531,-18.460000,1
42.525227,-0.197404153,-18.440000,1
42.538710,-0.196733036,-18.420000,1
42.552940,-0.197212405,-18.400000,1
42.567011,-0.196733036,-18.380000,1
42.581214,-0.197020657,-18.360000,1
42.595053,-0.196733036,-18.340000,1
42.608721,-0.196924784,-18.320000,1
42.622229,-0.196637162,-18.300000,1
42.635694,-0.196637162,-18.280000,1
42.649650,-0.196541288,-18.260000,1
42.662966,-0.196541288,-18.240000,1
42.676524,-0.196828910,-18.220000,1
42.690422,-0.197020657,-18.200000,1
42.704141,-0.196349541,-18.180000,1
42.717609,-0.196349541,-18.160000,1
42.731816,-0.196349541,-18.140000,1
42.745448,-0.196157793,-18.120000,1
42.758936,-0.196445415,-18.100000,1
42.772807,-0.195966046,-18.080000,1
42.786740,-0.195870172,-18.060000,1
42.800383,-0.196253667,-18.040000,1
42.814135,-0.195966046,-18.020000,1
42.827868,-0.195966046,-18.000000,1
42.841699,-0.196349541,-17.980000,1
42.856294,-0.196061919,-17.960000,1
42.870747,-0.196061919,-17.940000,1
42.884324,-0.196061919,-17.920000,1
42.898612,-0.195294929,-17.900000,1
42.912059,-0.195774298,-17.880000,1
42.926022,-0.195774298,-17.860000,1
42.940431,-0.195678424,-17.840000,1
42.953701,-0.195870172,-17.820000,1
42.967530,-0.195294929,-17.800000,1
42.981055,-0.195582550,-17.780000,1
42.995089,-0.195390803,-17.760000,1
43.008872,-0.195486677,-17.740000,1
43.022587,-0.195103181,-17.720000,1
43.036212,-0.194719686,-17.700000,1
43.049648,-0.194719686,-17.680000,1
43.063319,-0.195103181,-17.660000,1
43.076777,-0.194911434,-17.640000,1
43.090780,-0.194719686,-17.620000,1
43.104387,-0.194623812,-17.600000,1
43.117871,-0.194623812,-17.580000,1
43.132083,-0.194815560,-17.560000,1
43.145760,-0.194527939,-17.540000,1
43.159373,-0.194815560,-17.520000,1
43.173658,-0.194719686,-17.500000,1
43.187274,-0.194527939,-17.480000,1
43.201410,-0.194240317,-17.460000,1
43.215404,-0.194336191,-17.440000,1
43.229606,-0.194336191,-17.420000,1
43.243298,-0.194144443,-17.400000,1
43.257510,-0.193856822,-17.380000,1
43.271227,-0.194336191,-17.360000,1
43.285197,-0.194048570,-17.340000,1
43.299062,-0.193760948,-17.320000,1
43.313530,-0.193952696,-17.300000,1
43.327072,-0.193665074,-17.280000,1
43.340838,-0.193569201,-17.260000,1
43.354229,-0.193569201,-17.240000,1
43.368759,-0.193760948,-17.220000,1
43.382603,-0.193185705,-17.200000,1
43.396095,-0.193185705,-17.180000,1
43.409795,-0.193665074,-17.160000,1
43.424258,-0.193089832,-17.140000,1
43.437989,-0.193089832,-17.120000,1
43.451853,-0.192993958,-17.100000,1
43.465328,-0.192993958,-17.080000,1
43.479139,-0.192898084,-17.060000,1
43.493147,-0.193185705,-17.040000,1
43.507195,-0.192802210,-17.020000,1
43.521346,-0.192993958,-17.000000,1
43.534793,-0.192993958,-16.980000,1
43.548333,-0.192706336,-16.960000,1
43.561922,-0.192418715,-16.940000,1
43.575524,-0.192802210,-16.920000,1
43.589067,-0.192226967,-16.900000,1
43.602864,-0.192898084,-16.880000,1
43.616156,-0.192322841,-16.860000,1
43.630087,-0.191843472,-16.840000,1
43.643553,-0.192035220,-16.820000,1
43.657895,-0.192226967,-16.800000,1
43.671913,-0.192131094,-16.780000,1
43.685727,-0.192035220,-16.760000,1
43.698975,-0.191651725,-16.740000,1
43.712339,-0.191843472,-16.720000,1
43.726010,-0.191364103,-16.700000,1
43.739785,-0.191939346,-16.680000,1
43.753412,-0.191555851,-16.660000,1
43.767442,-0.191268229,-16.640000,1
43.781074,-0.191651725,-16.620000,1
43.795396,-0.191268229,-16.600000,1
43.808952,-0.191843472,-16.580000,1
43.823075,-0.191268229,-16.560000,1
43.837076,-0.191364103,-16.540000,1
43.850968,-0.190884734,-16.520000,1
43.864986,-0.190884734,-16.500000,1
43.878617,-0.190980608,-16.480000,1
43.893116,-0.190884734,-16.460000,1
43.907041,-0.190501239,-16.440000,1
43.920533,-0.190597113,-16.420000,1
43.934159,-0.190501239,-16.400000,1
43.948209,-0.190309491,-16.380000,1
43.961927,-0.190117744,-16.360000,1
43.975636,-0.190405365,-16.340000,1
43.989164,-0.190021870,-16.320000,1
44.002848,-0.190117744,-16.300000,1
44.016512,-0.189925996,-16.280000,1
44.030639,-0.190117744,-16.260000,1
44.044987,-0.189734249,-16.240000,1
44.058800,-0.189638375,-16.220000,1
44.072499,-0.189830123,-16.200000,1
44.086411,-0.189734249,-16.180000,1
44.100075,-0.189542501,-16.160000,1
44.114079,-0.188967258,-16.140000,1
44.127665,-0.189446627,-16.120000,1
44.141522,-0.189542501,-16.100000,1
44.155093,-0.189350754,-16.080000,1
44.169030,-0.189159006,-16.060000,1
44.182541,-0.188967258,-16.040000,1
44.196226,-0.188775511,-16.020000,1
44.209728,-0.189159006,-16.000000,1
44.223557,-0.188392016,-15.980000,1
44.237697,-0.188583763,-15.960000,1
44.251687,-0.188200268,-15.940000,1
44.265181,-0.188583763,-15.920000,1
44.278683,-0.188487889,-15.900000,1
44.292245,-0.188487889,-15.880000,1
44.305902,-0.188296142,-15.860000,1
44.319795,-0.188200268,-15.840000,1
44.333621,-0.187720899,-15.820000,1
44.347769,-0.188104394,-15.800000,1
44.361397,-0.187912647,-15.780000,1
44.374911,-0.188104394,-15.760000,1
44.390048,-0.187816773,-15.740000,1
44.404114,-0.187912647,-15.720000,1
44.417612,-0.187625025,-15.700000,1
44.431294,-0.187529151,-15.680000,1
44.445226,-0.187529151,-15.660000,1
44.458882,-0.187337404,-15.640000,1
44.472937,-0.187145656,-15.620000,1
44.486731,-0.187433278,-15.600000,1
44.499899,-0.187241530,-15.580000,1
44.513717,-0.186666287,-15.560000,1
44.527511,-0.186953909,-15.540000,1
44.540802,-0.186858035,-15.520000,1
44.554559,-0.186186918,-15.500000,1
44.568214,-0.186378666,-15.480000,1
44.582033,-0.186858035,-15.460000,1
44.595773,-0.186474540,-15.440000,1
44.609514,-0.186378666,-15.420000,1
44.623521,-0.186186918,-15.400000,1
44.637498,-0.186186918,-15.380000,1
44.651000,-0.186282792,-15.360000,1
44.664799,-0.185803423,-15.340000,1
44.678485,-0.186091044,-15.320000,1
44.692110,-0.185899297,-15.300000,1
44.705822,-0.185611675,-15.280000,1
44.719619,-0.185899297,-15.260000,1
44.733476,-0.185611675,-15.240000,1
44.746971,-0.185515802,-15.220000,1
44.761096,-0.185324054,-15.200000,1
44.775132,-0.184940559,-15.180000,1
44.788646,-0.185132306,-15.160000,1
44.802574,-0.185036433,-15.140000,1
44.816061,-0.184748811,-15.120000,1
44.829548,-0.184940559,-15.100000,1
44.842732,-0.184748811,-15.080000,1
44.856997,-0.184748811,-15.060000,1
44.870795,-0.184557064,-15.040000,1
44.884408,-0.184652937,-15.020000,1
44.897885,-0.184748811,-15.000000,1
44.912278,-0.184269442,-14.980000,1
44.926115,-0.184173568,-14.960000,1
44.939729,-0.184077695,-14.940000,1
44.953163,-0.183694199,-14.920000,1
44.967160,-0.184173568,-14.900000,1
44.980766,-0.183598326,-14.880000,1
44.994293,-0.183598326,-14.860000,1
45.008132,-0.183694199,-14.840000,1
45.022507,-0.183310704,-14.820000,1
45.035865,-0.183406578,-14.800000,1
45.050548,-0.183502452,-14.780000,1
45.064520,-0.183214830,-14.760000,1
45.078184,-0.183118957,-14.740000,1
45.091672,-0.182927209,-14.720000,1
45.106499,-0.183118957,-14.700000,1
45.120125,-0.182735461,-14.680000,1
45.134785,-0.182735461,-14.660000,1
45.148861,-0.182639588,-14.640000,1
45.162511,-0.182256092,-14.620000,1
45.175750,-0.182543714,-14.600000,1
45.189879,-0.182160219,-14.580000,1
45.203280,-0.182351966,-14.560000,1
45.216590,-0.182256092,-14.540000,1
45.230100,-0.182160219,-14.520000,1
45.244251,-0.182160219,-14.500000,1
45.258037,-0.182160219,-14.480000,1
45.271734,-0.181968471,-14.460000,1
45.285650,-0.181872597,-14.440000,1
45.300967,-0.181872597,-14.420000,1
45.314612,-0.181872597,-14.400000,1
45.328210,-0.181489102,-14.380000,1
45.341307,-0.181297354,-14.360000,1
45.354117,-0.181201481,-14.340000,1
45.367152,-0.181393228,-14.320000,1
45.381852,-0.181009733,-14.300000,1
45.394747,-0.180530364,-14.280000,1
45.408397,-0.180913859,-14.260000,1
45.421583,-0.180434490,-14.240000,1
45.435413,-0.180722112,-14.220000,1
45.448806,-0.180434490,-14.200000,1
45.462556,-0.180242743,-14.180000,1
45.475647,-0.180338616,-14.160000,1
45.489629,-0.180338616,-14.140000,1
45.503364,-0.180242743,-14.120000,1
45.517437,-0.179955121,-14.100000,1
45.531135,-0.179667500,-14.080000,1
45.544906,-0.179763374,-14.060000,1
45.558723,-0.179571626,-14.040000,1
45.572772,-0.179284005,-14.020000,1
45.586987,-0.179092257,-14.000000,1
45.600992,-0.179475752,-13.980000,1
45.614231,-0.179284005,-13.960000,1
45.628869,-0.178900509,-13.940000,1
45.642524,-0.178900509,-13.920000,1
45.656036,-0.179188131,-13.900000,1
45.669657,-0.179092257,-13.880000,1
45.683863,-0.178708762,-13.860000,1
45.697729,-0.178708762,-13.840000,1
45.711881,-0.178612888,-13.820000,1
45.726059,-0.178708762,-13.800000,1
45.739790,-0.178996383,-13.780000,1
45.753252,-0.178133519,-13.760000,1
45.766978,-0.178037645,-13.740000,1
45.781563,-0.178037645,-13.720000,1
45.795066,-0.178229393,-13.700000,1
45.809069,-0.177845898,-13.680000,1
45.822940,-0.177941771,-13.660000,1
45.836878,-0.177941771,-13.640000,1
45.850390,-0.177750024,-13.620000,1
45.864209,-0.177270655,-13.600000,1
45.877458,-0.177270655,-13.580000,1
45.891142,-0.177462402,-13.560000,1
45.905000,-0.176983033,-13.540000,1
45.918727,-0.177174781,-13.520000,1
45.932966,-0.176887160,-13.500000,1
45.946438,-0.177174781,-13.480000,1
45.960461,-0.176983033,-13.460000,1
45.974128,-0.176791286,-13.440000,1
45.988498,-0.176791286,-13.420000,1
46.002364,-0.176407791,-13.400000,1
46.016575,-0.176407791,-13.380000,1
46.031046,-0.176311917,-13.360000,1
46.044675,-0.176216043,-13.340000,1
46.058249,-0.176503664,-13.320000,1
46.071925,-0.175736674,-13.300000,1
46.085807,-0.176216043,-13.280000,1
46.099391,-0.175544926,-13.260000,1
46.113599,-0.175640800,-13.240000,1
46.126779,-0.175449053,-13.220000,1
46.140604,-0.175449053,-13.200000,1
46.153981,-0.175257305,-13.180000,1
46.167485,-0.174969684,-13.160000,1
46.181254,-0.174969684,-13.140000,1
46.194755,-0.175065557,-13.120000,1
46.209177,-0.175449053,-13.100000,1
46.223189,-0.174777936,-13.080000,1
46.236997,-0.174873810,-13.060000,1
46.250740,-0.174682062,-13.040000,1
46.264263,-0.174682062,-13.020000,1
46.277950,-0.174586188,-13.000000,1
46.292067,-0.174490315,-12.980000,1
46.305341,-0.174394441,-12.960000,1
46.319489,-0.174394441,-12.940000,1
46.332979,-0.174202693,-12.920000,1
46.346615,-0.174202693,-12.900000,1
46.360263,-0.173627450,-12.880000,1
46.373922,-0.173819198,-12.860000,1
46.387427,-0.173819198,-12.840000,1
46.401032,-0.173915072,-12.820000,1
46.415013,-0.173723324,-12.800000,1
46.429138,-0.173723324,-12.780000,1
46.442950,-0.173243955,-12.760000,1
46.456681,-0.172764586,-12.740000,1
46.469644,-0.173052208,-12.720000,1
46.483725,-0.172572839,-12.700000,1
46.497068,-0.173148081,-12.680000,1
46.510903,-0.172668712,-12.660000,1
46.524918,-0.172381091,-12.640000,1
46.538236,-0.172572839,-12.620000,1
46.552216,-0.171901722,-12.600000,1
46.566164,-0.171997596,-12.580000,1
46.580272,-0.172093470,-12.560000,1
46.593736,-0.171997596,-12.540000,1
46.607537,-0.171901722,-12.520000,1
46.621891,-0.171614101,-12.500000,1
46.634948,-0.171422353,-12.480000,1
46.648809,-0.171518227,-12.460000,1
46.662266,-0.171709974,-12.440000,1
46.675733,-0.171134732,-12.420000,1
46.689895,-0.170942984,-12.400000,1
46.703551,-0.171422353,-12.380000,1
46.717356,-0.171326479,-12.360000,1
46.730968,-0.170751236,-12.340000,1
46.745552,-0.170655363,-12.320000,1
46.759751,-0.170942984,-12.300000,1
46.773411,-0.170942984,-12.280000,1
46.787014,-0.170367741,-12.260000,1
46.801295,-0.170751236,-12.240000,1
46.815316,-0.170463615,-12.220000,1
46.829294,-0.170367741,-12.200000,1
46.842870,-0.170271867,-12.180000,1
46.856957,-0.170080120,-12.160000,1
46.870454,-0.169888372,-12.140000,1
46.883592,-0.169984246,-12.120000,1
46.897367,-0.169504877,-12.100000,1
46.911652,-0.169504877,-12.080000,1
46.925252,-0.169409003,-12.060000,1
46.939288,-0.169409003,-12.040000,1
46.953653,-0.169313129,-12.020000,1
46.967140,-0.169217256,-12.000000,1
46.980612,-0.169025508,-11.980000,1
46.994511,-0.169025508,-11.960000,1
47.008154,-0.169121382,-11.940000,1
47.021899,-0.168929634,-11.920000,1
47.036194,-0.169025508,-11.900000,1
47.050235,-0.168833760,-11.880000,1
47.063689,-0.168546139,-11.860000,1
47.077234,-0.168546139,-11.840000,1
47.091396,-0.168642013,-11.820000,1
47.105507,-0.168354391,-11.800000,1
47.119167,-0.168258518,-11.780000,1
47.133231,-0.167970896,-11.760000,1
47.147286,-0.167970896,-11.740000,1
47.160812,-0.167970896,-11.720000,1
47.174469,-0.167683275,-11.700000,1
47.188551,-0.167875022,-11.680000,1
47.202459,-0.167299780,-11.660000,1
47.216385,-0.167779149,-11.640000,1
47.230616,-0.167395653,-11.620000,1
47.244316,-0.167108032,-11.600000,1
47.258379,-0.167108032,-11.580000,1
47.272636,-0.167395653,-11.560000,1
47.286142,-0.166724537,-11.540000,1
47.299856,-0.166724537,-11.520000,1
47.313625,-0.166724537,-11.500000,1
47.327267,-0.167012158,-11.480000,1
47.341238,-0.166724537,-11.460000,1
47.355012,-0.167012158,-11.440000,1
47.368700,-0.166628663,-11.420000,1
47.381948,-0.166724537,-11.400000,1
47.395861,-0.166149294,-11.380000,1
47.409355,-0.166436915,-11.360000,1
47.423387,-0.166053420,-11.340000,1
47.437792,-0.165957546,-11.320000,1
47.451183,-0.165861673,-11.300000,1
47.464984,-0.165861673,-11.280000,1
47.479057,-0.165861673,-11.260000,1
47.493014,-0.165861673,-11.240000,1
47.507002,-0.165574051,-11.220000,1
47.520899,-0.165286430,-11.200000,1
47.534962,-0.165478177,-11.180000,1
47.548278,-0.165574051,-11.160000,1
47.561719,-0.165382304,-11.140000,1
47.575132,-0.165478177,-11.120000,1
47.589302,-0.164902935,-11.100000,1
47.603021,-0.165190556,-11.080000,1
47.616801,-0.164615313,-11.060000,1
47.630020,-0.164711187,-11.040000,1
47.643381,-0.164807061,-11.020000,1
47.657252,-0.164423566,-11.000000,1
47.671568,-0.164135944,-10.980000,1
47.686227,-0.164231818,-10.960000,1
47.699764,-0.164040071,-10.940000,1
47.713648,-0.164711187,-10.920000,1
47.727162,-0.163752449,-10.900000,1
47.741330,-0.164040071,-10.880000,1
47.754886,-0.163752449,-10.860000,1
47.768609,-0.163752449,-10.840000,1
47.782514,-0.163656575,-10.820000,1
47.796719,-0.163177206,-10.800000,1
47.810188,-0.163464828,-10.780000,1
47.823855,-0.163273080,-10.760000,1
47.837770,-0.163081333,-10.740000,1
47.851257,-0.163177206,-10.720000,1
47.865380,-0.162793711,-10.700000,1
47.878965,-0.162601964,-10.680000,1
47.892552,-0.162601964,-10.660000,1
47.906099,-0.162793711,-10.640000,1
47.920159,-0.162697837,-10.620000,1
47.934558,-0.162410216,-10.600000,1
47.948840,-0.162410216,-10.580000,1
47.962635,-0.162697837,-10.560000,1
47.976733,-0.162122595,-10.540000,1
47.990632,-0.162026721,-10.520000,1
48.004644,-0.162122595,-10.500000,1
48.018429,-0.162122595,-10.480000,1
48.032663,-0.161643226,-10.460000,1
48.047046,-0.161834973,-10.440000,1
48.060936,-0.161643226,-10.420000,1
48.074618,-0.160972109,-10.400000,1
48.088466,-0.161739099,-10.380000,1
48.102464,-0.160972109,-10.360000,1
48.116455,-0.161163857,-10.340000,1
48.131027,-0.161067983,-10.320000,1
48.145326,-0.160972109,-10.300000,1
48.159222,-0.160684488,-10.280000,1
48.172935,-0.160300992,-10.260000,1
48.187320,-0.160588614,-10.240000,1
48.200806,-0.160396866,-10.220000,1
48.214770,-0.160013371,-10.200000,1
48.228492,-0.160300992,-10.180000,1
48.241829,-0.160396866,-10.160000,1
48.256124,-0.160205119,-10.140000,1
48.269766,-0.159725750,-10.120000,1
48.284148,-0.159725750,-10.100000,1
48.297994,-0.159629876,-10.080000,1
48.312061,-0.159629876,-10.060000,1
48.325797,-0.159534002,-10.040000,1
48.341244,-0.159534002,-10.020000,1
48.354360,-0.159054633,-10.000000,1
48.369191,-0.159150507,-9.980000,1
48.382739,-0.158958759,-9.960000,1
48.396208,-0.159150507,-9.940000,1
48.409981,-0.158862885,-9.920000,1
48.423544,-0.158767012,-9.900000,1
48.437243,-0.158479390,-9.880000,1
48.450981,-0.158287643,-9.860000,1
48.464703,-0.158479390,-9.840000,1
48.479141,-0.158095895,-9.820000,1
48.493421,-0.158191769,-9.800000,1
48.507565,-0.158191769,-9.780000,1
48.521831,-0.157904147,-9.760000,1
48.535772,-0.157616526,-9.740000,1
48.549101,-0.158000021,-9.720000,1
48.562675,-0.157424778,-9.700000,1
48.576524,-0.157424778,-9.680000,1
48.591146,-0.157424778,-9.660000,1
48.604633,-0.157328905,-9.640000,1
48.618169,-0.157137157,-9.620000,1
48.632510,-0.157137157,-9.600000,1
48.646014,-0.156849536,-9.580000,1
48.660212,-0.156945409,-9.560000,1
48.674332,-0.156753662,-9.540000,1
48.687612,-0.156466040,-9.520000,1
48.701415,-0.156753662,-9.500000,1
48.715830,-0.156178419,-9.480000,1
48.729391,-0.155794924,-9.460000,1
48.743499,-0.156178419,-9.440000,1
48.757694,-0.156178419,-9.420000,1
48.771502,-0.155890798,-9.400000,1
48.785022,-0.155890798,-9.380000,1
48.798904,-0.155315555,-9.360000,1
48.812180,-0.155315555,-9.340000,1
48.825807,-0.155315555,-9.320000,1
48.839700,-0.155411429,-9.300000,1
48.853582,-0.154932060,-9.280000,1
48.867583,-0.155219681,-9.260000,1
48.880985,-0.154452691,-9.240000,1
48.895461,-0.155027933,-9.220000,1
48.909668,-0.154836186,-9.200000,1
48.923019,-0.154836186,-9.180000,1
48.937872,-0.154356817,-9.160000,1
48.951583,-0.154452691,-9.140000,1
48.966473,-0.154356817,-9.120000,1
48.980369,-0.154165069,-9.100000,1
48.993629,-0.154165069,-9.080000,1
49.007846,-0.153973322,-9.060000,1
49.022641,-0.153781574,-9.040000,1
49.035735,-0.154069195,-9.020000,1
49.049422,-0.153398079,-9.000000,1
49.063405,-0.153589826,-8.980000,1
49.076685,-0.153302205,-8.960000,1
49.090358,-0.153110457,-8.940000,1
49.104279,-0.153206331,-8.920000,1
49.117589,-0.152726962,-8.900000,1
49.131347,-0.153589826,-8.880000,1
49.145432,-0.152822836,-8.860000,1
49.158939,-0.152535215,-8.840000,1
49.172271,-0.152439341,-8.820000,1
49.186308,-0.152439341,-8.800000,1
49.200295,-0.152535215,-8.780000,1
49.214347,-0.152247593,-8.760000,1
49.228121,-0.152343467,-8.740000,1
49.242189,-0.152055846,-8.720000,1
49.256396,-0.151672350,-8.700000,1
49.270301,-0.151576477,-8.680000,1
49.284495,-0.151192981,-8.660000,1
49.298676,-0.151480603,-8.640000,1
49.312144,-0.151576477,-8.620000,1
49.325873,-0.151480603,-8.600000,1
49.339341,-0.151288855,-8.580000,1
49.352820,-0.150617739,-8.560000,1
49.366705,-0.150809486,-8.540000,1
49.380889,-0.151001234,-8.520000,1
49.394810,-0.150234243,-8.500000,1
49.408720,-0.150330117,-8.480000,1
49.422205,-0.150330117,-8.460000,1
49.435883,-0.149946622,-8.440000,1
49.449534,-0.149659001,-8.420000,1
49.463251,-0.149946622,-8.400000,1
49.476774,-0.149850748,-8.380000,1
49.490907,-0.149371379,-8.360000,1
49.504560,-0.149275505,-8.340000,1
49.517856,-0.149275505,-8.320000,1
49.531653,-0.149083758,-8.300000,1
49.546282,-0.149179632,-8.280000,1
49.560060,-0.149083758,-8.260000,1
49.573250,-0.148412641,-8.240000,1
49.587557,-0.148604389,-8.220000,1
49.601244,-0.148316767,-8.200000,1
49.615556,-0.148412641,-8.180000,1
49.629114,-0.148029146,-8.160000,1
49.642658,-0.147741525,-8.140000,1
49.656675,-0.147741525,-8.120000,1
49.670795,-0.147453903,-8.100000,1
49.684497,-0.147645651,-8.080000,1
49.698281,-0.147358029,-8.060000,1
49.711467,-0.147358029,-8.040000,1
49.725341,-0.146974534,-8.020000,1
49.739050,-0.146878660,-8.000000,1
49.752518,-0.146974534,-7.980000,1
49.765893,-0.146782787,-7.960000,1
49.779666,-0.146399291,-7.940000,1
49.793387,-0.146111670,-7.920000,1
49.806703,-0.146399291,-7.900000,1
49.820684,-0.145919922,-7.880000,1
49.834212,-0.146207544,-7.860000,1
49.848176,-0.145824049,-7.840000,1
49.862188,-0.145536427,-7.820000,1
49.875894,-0.145248806,-7.800000,1
49.889606,-0.145248806,-7.780000,1
49.903921,-0.144769437,-7.760000,1
49.917487,-0.145152932,-7.740000,1
49.931280,-0.144865311,-7.720000,1
49.945533,-0.144769437,-7.700000,1
49.959499,-0.144194194,-7.680000,1
49.973567,-0.144385942,-7.660000,1
49.986993,-0.144290068,-7.640000,1
50.000672,-0.143906573,-7.620000,1
50.014047,-0.143810699,-7.600000,1
50.027740,-0.144002446,-7.580000,1
50.040761,-0.143618951,-7.560000,1
50.054902,-0.143427204,-7.540000,1
50.068533,-0.143714825,-7.520000,1
50.081903,-0.143235456,-7.500000,1
50.095517,-0.143043708,-7.480000,1
50.109175,-0.143043708,-7.460000,1
50.122495,-0.142947835,-7.440000,1
50.136378,-0.142564339,-7.420000,1
50.150066,-0.142660213,-7.400000,1
50.163491,-0.142564339,-7.380000,1
50.177452,-0.142372592,-7.360000,1
50.190605,-0.141605601,-7.340000,1
50.204113,-0.141989097,-7.320000,1
50.217852,-0.141797349,-7.300000,1
50.231790,-0.141605601,-7.280000,1
50.245321,-0.141605601,-7.260000,1
50.259720,-0.141222106,-7.240000,1
50.273530,-0.141222106,-7.220000,1
50.287128,-0.141126232,-7.200000,1
50.301197,-0.141030359,-7.180000,1
50.314574,-0.141030359,-7.160000,1
50.327745,-0.140550990,-7.140000,1
50.341146,-0.140263368,-7.120000,1
50.354376,-0.140263368,-7.100000,1
50.367647,-0.140455116,-7.080000,1
50.381462,-0.140263368,-7.060000,1
50.395140,-0.139783999,-7.040000,1
50.408643,-0.139496378,-7.020000,1
50.421930,-0.139592252,-7.000000,1
50.435492,-0.139496378,-6.980000,1
50.449010,-0.139017009,-6.960000,1
50.462690,-0.139017009,-6.940000,1
50.476642,-0.138633514,-6.920000,1
50.490367,-0.138921135,-6.900000,1
50.503910,-0.138633514,-6.880000,1
50.517427,-0.138250019,-6.860000,1
50.531091,-0.138250019,-6.840000,1
50.545260,-0.138154145,-6.820000,1
50.559464,-0.137770650,-6.800000,1
50.573353,-0.137962397,-6.780000,1
50.587485,-0.137578902,-6.760000,1
50.601497,-0.137674776,-6.740000,1
50.615045,-0.137195407,-6.720000,1
50.628203,-0.137387154,-6.700000,1
50.642106,-0.136907785,-6.680000,1
50.656801,-0.136811912,-6.660000,1
50.670695,-0.137099533,-6.640000,1
50.684370,-0.136811912,-6.620000,1
50.697743,-0.136716038,-6.600000,1
50.711158,-0.136524290,-6.580000,1
50.724831,-0.136140795,-6.560000,1
50.738630,-0.135949047,-6.540000,1
50.752110,-0.135853174,-6.520000,1
50.766024,-0.135661426,-6.500000,1
50.779404,-0.134990309,-6.480000,1
50.793241,-0.135373805,-6.460000,1
50.806919,-0.135086183,-6.440000,1
50.820920,-0.135277931,-6.420000,1
50.834485,-0.134990309,-6.400000,1
50.848624,-0.134702688,-6.380000,1
50.863155,-0.134606814,-6.360000,1
50.877243,-0.134415067,-6.340000,1
50.890620,-0.134702688,-6.320000,1
50.904183,-0.134031571,-6.300000,1
50.918030,-0.134031571,-6.280000,1
50.931852,-0.134031571,-6.260000,1
50.946378,-0.133648076,-6.240000,1
50.960008,-0.133743950,-6.220000,1
50.974068,-0.133552202,-6.200000,1
50.988446,-0.132881086,-6.180000,1
51.002121,-0.133264581,-6.160000,1
51.016137,-0.132976960,-6.140000,1
51.029658,-0.132785212,-6.120000,1
51.043362,-0.132209969,-6.100000,1
51.057308,-0.132305843,-6.080000,1
51.071532,-0.132209969,-6.060000,1
51.085023,-0.132497591,-6.040000,1
51.098950,-0.131826474,-6.020000,1
51.112989,-0.131634726,-6.000000,1
51.126879,-0.132018222,-5.980000,1
51.140750,-0.131826474,-5.960000,1
51.155012,-0.131347105,-5.940000,1
51.168830,-0.131634726,-5.920000,1
51.182082,-0.131155357,-5.900000,1
51.196022,-0.130771862,-5.880000,1
51.209989,-0.130867736,-5.860000,1
51.223763,-0.130388367,-5.840000,1
51.237761,-0.130580115,-5.820000,1
51.251776,-0.130388367,-5.800000,1
51.265603,-0.130196619,-5.780000,1
51.279570,-0.129813124,-5.760000,1
51.293357,-0.129717250,-5.740000,1
51.307121,-0.129525503,-5.720000,1
51.322075,-0.129525503,-5.700000,1
51.335814,-0.129142008,-5.680000,1
51.349126,-0.129621377,-5.660000,1
51.362622,-0.128950260,-5.640000,1
51.376498,-0.128854386,-5.620000,1
51.390606,-0.128566765,-5.600000,1
51.404359,-0.128279143,-5.580000,1
51.417564,-0.128662639,-5.560000,1
51.435426,-0.128279143,-5.540000,1
51.449820,-0.128087396,-5.520000,1
51.463268,-0.128375017,-5.500000,1
51.476947,-0.127703901,-5.480000,1
51.490727,-0.127512153,-5.460000,1
51.504146,-0.127224532,-5.440000,1
51.517691,-0.127224532,-5.420000,1
51.531376,-0.127320405,-5.400000,1
51.544988,-0.126936910,-5.380000,1
51.558824,-0.127032784,-5.360000,1
51.572511,-0.126649289,-5.340000,1
51.586052,-0.126457541,-5.320000,1
51.599103,-0.126265794,-5.300000,1
51.612772,-0.126361667,-5.280000,1
51.626504,-0.126265794,-5.260000,1
51.640568,-0.125882298,-5.240000,1
51.654803,-0.125594677,-5.220000,1
51.668273,-0.125690551,-5.200000,1
51.681565,-0.125307056,-5.180000,1
51.695359,-0.125019434,-5.160000,1
51.709454,-0.125211182,-5.140000,1
51.722846,-0.125307056,-5.120000,1
51.736516,-0.125019434,-5.100000,1
51.750076,-0.124444191,-5.080000,1
51.763680,-0.124540065,-5.060000,1
51.777272,-0.124540065,-5.040000,1
51.791338,-0.124060696,-5.020000,1
51.804985,-0.124348318,-5.000000,1
51.818778,-0.123581327,-4.980000,1
51.833039,-0.123677201,-4.960000,1
51.846733,-0.123868949,-4.940000,1
51.860296,-0.123677201,-4.920000,1
51.874467,-0.123389580,-4.900000,1
51.888523,-0.122814337,-4.880000,1
51.902314,-0.122910211,-4.860000,1
51.916564,-0.122718463,-4.840000,1
51.930434,-0.122814337,-4.820000,1
51.944412,-0.122143220,-4.800000,1
51.958618,-0.122047346,-4.780000,1
51.972767,-0.121759725,-4.760000,1
51.986603,-0.121663851,-4.740000,1
52.001211,-0.121472104,-4.720000,1
52.014922,-0.121376230,-4.700000,1
52.029022,-0.121088608,-4.680000,1
52.042792,-0.120513366,-4.660000,1
52.056632,-0.120705113,-4.640000,1
52.070820,-0.120417492,-4.620000,1
52.085134,-0.120129870,-4.600000,1
52.099133,-0.119746375,-4.580000,1
52.113177,-0.120129870,-4.560000,1
52.127262,-0.119650501,-4.540000,1
52.141093,-0.119746375,-4.520000,1
52.155079,-0.119650501,-4.500000,1
52.168752,-0.119075259,-4.480000,1
52.183080,-0.119075259,-4.460000,1
52.196806,-0.118787637,-4.440000,1
52.210335,-0.118979385,-4.420000,1
52.224493,-0.118404142,-4.400000,1
52.238485,-0.117828899,-4.380000,1
52.252412,-0.118116521,-4.360000,1
52.266541,-0.117637152,-4.340000,1
52.280900,-0.117541278,-4.320000,1
52.294463,-0.117637152,-4.300000,1
52.308601,-0.117349530,-4.280000,1
52.322048,-0.117733025,-4.260000,1
52.336351,-0.116966035,-4.240000,1
52.349505,-0.116774287,-4.220000,1
52.363525,-0.116678414,-4.200000,1
52.377810,-0.116199045,-4.180000,1
52.391629,-0.116582540,-4.160000,1
52.405602,-0.116103171,-4.140000,1
52.419313,-0.115623802,-4.120000,1
52.433179,-0.115336180,-4.100000,1
52.446181,-0.116007297,-4.080000,1
52.459780,-0.115240307,-4.060000,1
52.474194,-0.115432054,-4.040000,1
52.488141,-0.115144433,-4.020000,1
52.501904,-0.114665064,-4.000000,1
52.516313,-0.114760938,-3.980000,1
52.529928,-0.114377442,-3.960000,1
52.544145,-0.114377442,-3.940000,1
52.557927,-0.114089821,-3.920000,1
52.571646,-0.113706326,-3.900000,1
52.585885,-0.113131083,-3.880000,1
52.599195,-0.112843462,-3.860000,1
52.612587,-0.113035209,-3.840000,1
52.626234,-0.113035209,-3.820000,1
52.639651,-0.112651714,-3.800000,1
52.653278,-0.112172345,-3.780000,1
52.667882,-0.111692976,-3.760000,1
52.681414,-0.111309481,-3.740000,1
52.695425,-0.111501229,-3.720000,1
52.709381,-0.110830112,-3.700000,1
52.723058,-0.110734238,-3.680000,1
52.737306,-0.110446617,-3.660000,1
52.751173,-0.110063122,-3.640000,1
52.764684,-0.109296131,-3.620000,1
52.778220,-0.109487879,-3.600000,1
52.791828,-0.109200257,-3.580000,1
52.805552,-0.108433267,-3.560000,1
52.819603,-0.108145646,-3.540000,1
52.833511,-0.108049772,-3.520000,1
52.846924,-0.107858024,-3.500000,1
52.860908,-0.107378655,-3.480000,1
52.874507,-0.107282781,-3.460000,1
52.888020,-0.106611665,-3.440000,1
52.901421,-0.106132296,-3.420000,1
52.915071,-0.105940548,-3.400000,1
52.929951,-0.105557053,-3.380000,1
52.944030,-0.104790063,-3.360000,1
52.957515,-0.104598315,-3.340000,1
52.971443,-0.104023072,-3.320000,1
52.984762,-0.103831325,-3.300000,1
52.998487,-0.103831325,-3.280000,1
53.011700,-0.103256082,-3.260000,1
53.025225,-0.102968460,-3.240000,1
53.038685,-0.102393218,-3.220000,1
53.052167,-0.101626227,-3.200000,1
53.066095,-0.101722101,-3.180000,1
53.079777,-0.101146858,-3.160000,1
53.093222,-0.100667489,-3.140000,1
53.106724,-0.100283994,-3.120000,1
53.120649,-0.100092246,-3.100000,1
53.134088,-0.099421130,-3.080000,1
53.147920,-0.099325256,-3.060000,1
53.161610,-0.099037635,-3.040000,1
53.175277,-0.098654139,-3.020000,1
53.188635,-0.097983023,-3.000000,1
53.202242,-0.097503654,-2.980000,1
53.215904,-0.097407780,-2.960000,1
53.229648,-0.097120159,-2.940000,1
53.243757,-0.096736663,-2.920000,1
53.257964,-0.096257294,-2.900000,1
53.271324,-0.095586178,-2.880000,1
53.285225,-0.095298556,-2.860000,1
53.298853,-0.095010935,-2.840000,1
53.312806,-0.094915061,-2.820000,1
53.327279,-0.094531566,-2.800000,1
53.341434,-0.094339818,-2.780000,1
53.355929,-0.094339818,-2.760000,1
53.369672,-0.093476954,-2.740000,1
53.383144,-0.093285207,-2.720000,1
53.396863,-0.092805838,-2.700000,1
53.410337,-0.092901711,-2.680000,1
53.423897,-0.092805838,-2.660000,1
53.437714,-0.092134721,-2.640000,1
53.451155,-0.091463604,-2.620000,1
53.465594,-0.091463604,-2.600000,1
53.479684,-0.091559478,-2.580000,1
53.493937,-0.091463604,-2.560000,1
53.508579,-0.090696614,-2.540000,1
53.521874,-0.090217245,-2.520000,1
53.535278,-0.090504866,-2.500000,1
53.549091,-0.090025497,-2.480000,1
53.563067,-0.089642002,-2.460000,1
53.576878,-0.089833750,-2.440000,1
53.590516,-0.089066759,-2.420000,1
53.603787,-0.088779138,-2.400000,1
53.617531,-0.088875012,-2.380000,1
53.631008,-0.088203895,-2.360000,1
53.645020,-0.088299769,-2.340000,1
53.659082,-0.088012148,-2.320000,1
53.672529,-0.088012148,-2.300000,1
53.686231,-0.087628653,-2.280000,1
53.699577,-0.086765788,-2.260000,1
53.713460,-0.087149284,-2.240000,1
53.727198,-0.086669915,-2.220000,1
53.740916,-0.086861662,-2.200000,1
53.754469,-0.085998798,-2.180000,1
53.768581,-0.085998798,-2.160000,1
53.782341,-0.085519429,-2.140000,1
53.796125,-0.085423555,-2.120000,1
53.810177,-0.084848312,-2.100000,1
53.824528,-0.084944186,-2.080000,1
53.838579,-0.084368943,-2.060000,1
53.851848,-0.084464817,-2.040000,1
53.865817,-0.083985448,-2.020000,1
53.879285,-0.083889574,-2.000000,1
53.893246,-0.083122584,-1.980000,1
53.906360,-0.083410205,-1.960000,1
53.920388,-0.082834963,-1.940000,1
53.933844,-0.083026710,-1.920000,1
53.947542,-0.082643215,-1.900000,1
53.961320,-0.081972098,-1.880000,1
53.974792,-0.081684477,-1.860000,1
53.988879,-0.081588603,-1.840000,1
54.002637,-0.081684477,-1.820000,1
54.016813,-0.081684477,-1.800000,1
54.030836,-0.080821613,-1.780000,1
54.045058,-0.081013360,-1.760000,1
54.059510,-0.080342244,-1.740000,1
54.073362,-0.080246370,-1.720000,1
54.087070,-0.079479380,-1.700000,1
54.101093,-0.079191758,-1.680000,1
54.114698,-0.078520642,-1.660000,1
54.128524,-0.078424768,-1.640000,1
54.142591,-0.078137146,-1.620000,1
54.156291,-0.077849525,-1.600000,1
54.169669,-0.077561904,-1.580000,1
54.183924,-0.077082535,-1.560000,1
54.197594,-0.077178408,-1.540000,1
54.210954,-0.076699039,-1.520000,1
54.224855,-0.076411418,-1.500000,1
54.238641,-0.076315544,-1.480000,1
54.252089,-0.075836175,-1.460000,1
54.266066,-0.075452680,-1.440000,1
54.279871,-0.074973311,-1.420000,1
54.293620,-0.074398068,-1.400000,1
54.307664,-0.073918699,-1.380000,1
54.321229,-0.073343456,-1.360000,1
54.335192,-0.072288845,-1.340000,1
54.348788,-0.071809476,-1.320000,1
54.362525,-0.071425980,-1.300000,1
54.376234,-0.070754864,-1.280000,1
54.389884,-0.070275495,-1.260000,1
54.404225,-0.069604378,-1.240000,1
54.417588,-0.068933262,-1.220000,1
54.431278,-0.068070397,-1.200000,1
54.444566,-0.067111659,-1.180000,1
54.458748,-0.066248795,-1.160000,1
54.472878,-0.065961174,-1.140000,1
54.486396,-0.065002436,-1.120000,1
54.499900,-0.064331319,-1.100000,1
54.513585,-0.063468455,-1.080000,1
54.528369,-0.063468455,-1.060000,1
54.541869,-0.062893212,-1.040000,1
54.556462,-0.062222096,-1.020000,1
54.569529,-0.061742727,-1.000000,1
54.582905,-0.060975736,-0.980000,1
54.596486,-0.060592241,-0.960000,1
54.610315,-0.060400494,-0.940000,1
54.623930,-0.059729377,-0.920000,1
54.638141,-0.059537629,-0.900000,1
54.651593,-0.058866513,-0.880000,1
54.665367,-0.058770639,-0.860000,1
54.679065,-0.057811901,-0.840000,1
54.692687,-0.057907775,-0.820000,1
54.706760,-0.056469668,-0.800000,1
54.720077,-0.055990299,-0.780000,1
54.733937,-0.055606804,-0.760000,1
54.747588,-0.054935687,-0.740000,1
54.761191,-0.054456318,-0.720000,1
54.774957,-0.053976949,-0.700000,1
54.789594,-0.053593454,-0.680000,1
54.803492,-0.052347094,-0.660000,1
54.817067,-0.051771852,-0.640000,1
54.830813,-0.051196609,-0.620000,1
54.844547,-0.050141997,-0.600000,1
54.858413,-0.049854376,-0.580000,1
54.872188,-0.048991511,-0.560000,1
54.885946,-0.048703890,-0.540000,1
54.899404,-0.047745152,-0.520000,1
54.913184,-0.046978162,-0.500000,1
54.927185,-0.046690540,-0.480000,1
54.940911,-0.046019424,-0.460000,1
54.954361,-0.044964812,-0.440000,1
54.968130,-0.044006074,-0.420000,1
54.981964,-0.043239083,-0.400000,1
54.996052,-0.042472093,-0.380000,1
55.010124,-0.041513355,-0.360000,1
55.023866,-0.040554617,-0.340000,1
55.037355,-0.040171122,-0.320000,1
55.050887,-0.038253646,-0.300000,1
55.065158,-0.036336170,-0.280000,1
55.078740,-0.035665053,-0.260000,1
55.092586,-0.034131073,-0.240000,1
55.106852,-0.032405344,-0.220000,1
55.120337,-0.030583742,-0.200000,1
55.134120,-0.028186897,-0.180000,1
55.148181,-0.026652916,-0.160000,1
55.161889,-0.024927188,-0.140000,1
55.175139,-0.023393207,-0.120000,1
55.188871,-0.022913838,-0.100000,1
55.202635,-0.022050974,-0.080000,1
55.216731,-0.021379857,-0.060000,1
55.230257,-0.020516993,-0.040000,1
55.244260,-0.019654129,-0.020000,1
55.257699,-0.019462381,0.000000,1
55.270997,-0.018407769,0.000000,2
55.285578,-0.018024274,0.020000,2
55.299981,-0.017353158,0.040000,2
55.314274,-0.016682041,0.060000,2
55.327242,-0.016682041,0.080000,2
55.340565,-0.015627429,0.100000,2
55.353732,-0.015723303,0.120000,2
55.366784,-0.014764565,0.140000,2
55.380520,-0.014476944,0.160000,2
55.394322,-0.014285196,0.180000,2
55.407863,-0.013518206,0.200000,2
55.421081,-0.013038837,0.220000,2
55.434963,-0.011888351,0.240000,2
55.448483,-0.011792477,0.260000,2
55.462265,-0.010929613,0.280000,2
55.476614,-0.010833739,0.300000,2
55.489839,-0.010641992,0.320000,2
55.503738,-0.009683254,0.340000,2
55.517159,-0.009299759,0.360000,2
55.530900,-0.009203885,0.380000,2
55.545073,-0.008820390,0.400000,2
55.559174,-0.008628642,0.420000,2
55.573503,-0.007957525,0.440000,2
55.586927,-0.007861652,0.460000,2
55.600944,-0.007094661,0.480000,2
55.614666,-0.006902914,0.500000,2
55.628584,-0.006231797,0.520000,2
55.642411,-0.005273059,0.540000,2
55.655867,-0.004601942,0.560000,2
55.669909,-0.004122573,0.580000,2
55.683522,-0.003451457,0.600000,2
55.697567,-0.002588593,0.620000,2
55.711416,-0.002013350,0.640000,2
55.725237,-0.001246359,0.660000,2
55.738939,-0.000575243,0.680000,2
55.752593,0.000383495,0.700000,2
55.766557,0.001246359,0.720000,2
55.780918,0.001725728,0.740000,2
55.794648,0.002588593,0.760000,2
55.807789,0.003067962,0.780000,2
55.821244,0.002876214,0.800000,2
55.834942,0.003547331,0.820000,2
55.848747,0.004601942,0.840000,2
55.862482,0.004889564,0.860000,2
55.875847,0.005656554,0.880000,2
55.889832,0.006519418,0.900000,2
55.903779,0.007286409,0.920000,2
55.917117,0.007478156,0.940000,2
55.930815,0.008053399,0.960000,2
55.944140,0.008436894,0.980000,2
55.957381,0.008820390,1.000000,2
55.971513,0.008628642,1.020000,2
55.985383,0.009203885,1.040000,2
55.998806,0.009779128,1.060000,2
56.012506,0.010258497,1.080000,2
56.025845,0.010354370,1.100000,2
56.039935,0.010546118,1.120000,2
56.053654,0.010929613,1.140000,2
56.067753,0.011504856,1.160000,2
56.082056,0.011984225,1.180000,2
56.095832,0.013422332,1.200000,2
56.109903,0.012847089,1.220000,2
56.123381,0.013230584,1.240000,2
56.137706,0.014189322,1.260000,2
56.151504,0.013997575,1.280000,2
56.165658,0.013614079,1.300000,2
56.178720,0.014476944,1.320000,2
56.192694,0.014860439,1.340000,2
56.206027,0.014860439,1.360000,2
56.219686,0.015243934,1.380000,2
56.233197,0.015627429,1.400000,2
56.246664,0.015723303,1.420000,2
56.260248,0.016394420,1.440000,2
56.273840,0.016777915,1.460000,2
56.287485,0.017161410,1.480000,2
56.301784,0.017161410,1.500000,2
56.315511,0.018024274,1.520000,2
56.329540,0.017832527,1.540000,2
56.343540,0.018599517,1.560000,2
56.357241,0.018407769,1.580000,2
56.372305,0.019078886,1.600000,2
56.386222,0.019558255,1.620000,2
56.400365,0.019270634,1.640000,2
56.414865,0.019750003,1.660000,2
56.428952,0.020516993,1.680000,2
56.442044,0.019845876,1.700000,2
56.455332,0.020325245,1.720000,2
56.468469,0.020325245,1.740000,2
56.482712,0.020900488,1.760000,2
56.497378,0.021092236,1.780000,2
56.510735,0.020708741,1.800000,2
56.524230,0.020804614,1.820000,2
56.537833,0.021283983,1.840000,2
56.551482,0.020996362,1.860000,2
56.565283,0.020900488,1.880000,2
56.579479,0.021188110,1.900000,2
56.593331,0.021763352,1.920000,2
56.607007,0.021667479,1.940000,2
56.620809,0.021571605,1.960000,2
56.634378,0.022146848,1.980000,2
56.648190,0.022338595,2.000000,2
56.662383,0.022530343,2.020000,2
56.675650,0.023009712,2.040000,2
56.689335,0.023009712,2.060000,2
56.703065,0.023297333,2.080000,2
56.716693,0.023489081,2.100000,2
56.730322,0.023489081,2.120000,2
56.743886,0.024064324,2.140000,2
56.757548,0.024447819,2.160000,2
56.771167,0.024447819,2.180000,2
56.785387,0.025023062,2.200000,2
56.799086,0.025502431,2.220000,2
56.812112,0.025406557,2.240000,2
56.825830,0.025598304,2.260000,2
56.839842,0.026365295,2.280000,2
56.853480,0.026652916,2.300000,2
56.867390,0.027228159,2.320000,2
56.880573,0.027515780,2.340000,2
56.895113,0.027419907,2.360000,2
56.908607,0.028378645,2.380000,2
56.922588,0.028474518,2.400000,2
56.936238,0.028762140,2.420000,2
56.950629,0.029145635,2.440000,2
56.964268,0.029625004,2.460000,2
56.978838,0.030104373,2.480000,2
56.992329,0.030296121,2.500000,2
57.005651,0.030487868,2.520000,2
57.020246,0.031158985,2.540000,2
57.033834,0.031254859,2.560000,2
57.047181,0.031830101,2.580000,2
57.060851,0.031925975,2.600000,2
57.074232,0.032309470,2.620000,2
57.088503,0.032501218,2.640000,2
57.102059,0.032980587,2.660000,2
57.116040,0.032980587,2.680000,2
57.130123,0.033459956,2.700000,2
57.144284,0.034226946,2.720000,2
57.157937,0.034514568,2.740000,2
57.171932,0.034898063,2.760000,2
57.185479,0.035281558,2.780000,2
57.199375,0.035185684,2.800000,2
57.213960,0.036144422,2.820000,2
57.227367,0.036336170,2.840000,2
57.241278,0.036623791,2.860000,2
57.255399,0.037103160,2.880000,2
57.269199,0.037199034,2.900000,2
57.283092,0.037678403,2.920000,2
57.296745,0.038253646,2.940000,2
57.310664,0.038637141,2.960000,2
57.323991,0.038828889,2.980000,2
57.337747,0.039020636,3.000000,2
57.352199,0.039500005,3.020000,2
57.365751,0.040075248,3.040000,2
57.379477,0.039979374,3.060000,2
57.393211,0.040650491,3.080000,2
57.407669,0.040938112,3.100000,2
57.421582,0.041705103,3.120000,2
57.434896,0.042280345,3.140000,2
57.448726,0.042376219,3.160000,2
57.462767,0.042951462,3.180000,2
57.476115,0.042951462,3.200000,2
57.489484,0.043334957,3.220000,2
57.503206,0.043526705,3.240000,2
57.516713,0.044197821,3.260000,2
57.530402,0.044773064,3.280000,2
57.544399,0.044868938,3.300000,2
57.557850,0.045252433,3.320000,2
57.571511,0.045923550,3.340000,2
57.585546,0.046498793,3.360000,2
57.599472,0.046690540,3.380000,2
57.612710,0.047265783,3.400000,2
57.626170,0.047553404,3.420000,2
57.639703,0.048032773,3.440000,2
57.653013,0.048512142,3.460000,2
57.667495,0.048799764,3.480000,2
57.680845,0.048991511,3.500000,2
57.694567,0.049375007,3.520000,2
57.708924,0.049854376,3.540000,2
57.722629,0.050525492,3.560000,2
57.736511,0.050525492,3.580000,2
57.750578,0.050621366,3.600000,2
57.764363,0.051388356,3.620000,2
57.778366,0.051100735,3.640000,2
57.792476,0.051580104,3.660000,2
57.806129,0.052251221,3.680000,2
57.820045,0.052538842,3.700000,2
57.834349,0.052922337,3.720000,2
57.847925,0.053114085,3.740000,2
57.861301,0.053497580,3.760000,2
57.874628,0.053689328,3.780000,2
57.888977,0.054072823,3.800000,2
57.902425,0.053976949,3.820000,2
57.917307,0.053976949,3.840000,2
57.931300,0.054072823,3.860000,2
57.945090,0.055127435,3.880000,2
57.958490,0.054935687,3.900000,2
57.973147,0.055031561,3.920000,2
57.987188,0.054839813,3.940000,2
58.001464,0.055702677,3.960000,2
58.015126,0.055894425,3.980000,2
58.028615,0.055894425,4.000000,2
58.042315,0.056853163,4.020000,2
58.056050,0.056949037,4.040000,2
58.070031,0.056757289,4.060000,2
58.083332,0.057236658,4.080000,2
58.096827,0.057236658,4.100000,2
58.110636,0.057236658,4.120000,2
58.124553,0.057332532,4.140000,2
58.138588,0.057716027,4.160000,2
58.151993,0.058291270,4.180000,2
58.166533,0.058387144,4.200000,2
58.179811,0.058483018,4.220000,2
58.193816,0.059058260,4.240000,2
58.208410,0.059345882,4.260000,2
58.222350,0.059441756,4.280000,2
58.236081,0.059729377,4.300000,2
58.249578,0.060304620,4.320000,2
58.263262,0.059825251,4.340000,2
58.276571,0.060208746,4.360000,2
58.290680,0.060688115,4.380000,2
58.304247,0.060304620,4.400000,2
58.318964,0.060975736,4.420000,2
58.332989,0.061167484,4.440000,2
58.346372,0.061455105,4.460000,2
58.359455,0.061455105,4.480000,2
58.373350,0.061550979,4.500000,2
58.387364,0.062222096,4.520000,2
58.400853,0.062317970,4.540000,2
58.414328,0.062605591,4.560000,2
58.428592,0.062989086,4.580000,2
58.442721,0.062797339,4.600000,2
58.456060,0.062701465,4.620000,2
58.470436,0.063084960,4.640000,2
58.484100,0.063276708,4.660000,2
58.497279,0.063851950,4.680000,2
58.510807,0.063851950,4.700000,2
58.524324,0.064139572,4.720000,2
58.537759,0.064427193,4.740000,2
58.551262,0.064523067,4.760000,2
58.565024,0.065098310,4.780000,2
58.579439,0.064810688,4.800000,2
58.593285,0.064810688,4.820000,2
58.607144,0.065002436,4.840000,2
58.620397,0.065769426,4.860000,2
58.634329,0.065865300,4.880000,2
58.648607,0.066248795,4.900000,2
58.662319,0.066440543,4.920000,2
58.676090,0.066536417,4.940000,2
58.690250,0.067015786,4.960000,2
58.703937,0.066824038,4.980000,2
58.717626,0.067207533,5.000000,2
58.731696,0.067207533,5.020000,2
58.745541,0.067399281,5.040000,2
58.759091,0.067782776,5.060000,2
58.773282,0.067782776,5.080000,2
58.787527,0.067878650,5.100000,2
58.800992,0.068262145,5.120000,2
58.814691,0.068262145,5.140000,2
58.829232,0.068645640,5.160000,2
58.842619,0.069316757,5.180000,2
58.856447,0.069316757,5.200000,2
58.870767,0.069892000,5.220000,2
58.884389,0.069796126,5.240000,2
58.898499,0.070083747,5.260000,2
58.912491,0.070371369,5.280000,2
58.925961,0.070371369,5.300000,2
58.940035,0.070563116,5.320000,2
58.953801,0.070850738,5.340000,2
58.967287,0.071234233,5.360000,2
58.980965,0.071425980,5.380000,2
58.994870,0.071234233,5.400000,2
59.008401,0.071905349,5.420000,2
59.022305,0.072288845,5.440000,2
59.036335,0.072384718,5.460000,2
59.049997,0.072576466,5.480000,2
59.063861,0.073343456,5.500000,2
59.077393,0.073055835,5.520000,2
59.091636,0.073151709,5.540000,2
59.105186,0.073535204,5.560000,2
59.118965,0.073918699,5.580000,2
59.132751,0.074493942,5.600000,2
59.146588,0.074685690,5.620000,2
59.160523,0.074781563,5.640000,2
59.174069,0.074973311,5.660000,2
59.187362,0.075452680,5.680000,2
59.200867,0.075644428,5.700000,2
59.215277,0.075932049,5.720000,2
59.228810,0.076027923,5.740000,2
59.243371,0.076123797,5.760000,2
59.256962,0.076603166,5.780000,2
59.270634,0.076794913,5.800000,2
59.284178,0.077178408,5.820000,2
59.298142,0.077657777,5.840000,2
59.311462,0.077849525,5.860000,2
59.325106,0.078328894,5.880000,2
59.339214,0.078233020,5.900000,2
59.352829,0.078520642,5.920000,2
59.366736,0.079191758,5.940000,2
59.380935,0.079671127,5.960000,2
59.394603,0.079671127,5.980000,2
59.408091,0.080150496,6.000000,2
59.421789,0.080629865,6.020000,2
59.435886,0.080821613,6.040000,2
59.449286,0.081013360,6.060000,2
59.463197,0.081300982,6.080000,2
59.476879,0.081684477,6.100000,2
59.490613,0.082163846,6.120000,2
59.504456,0.082259720,6.140000,2
59.518218,0.082259720,6.160000,2
59.531511,0.083122584,6.180000,2
59.545069,0.083122584,6.200000,2
59.559030,0.083601953,6.220000,2
59.572674,0.084177196,6.240000,2
59.586814,0.084368943,6.260000,2
59.601154,0.084464817,6.280000,2
59.614510,0.084944186,6.300000,2
59.627771,0.085711177,6.320000,2
59.642230,0.085998798,6.340000,2
59.656641,0.086094672,6.360000,2
59.670382,0.086478167,6.380000,2
59.684347,0.086765788,6.400000,2
59.698012,0.087245157,6.420000,2
59.711625,0.087628653,6.440000,2
59.725386,0.088203895,6.460000,2
59.738879,0.088203895,6.480000,2
59.753057,0.088875012,6.500000,2
59.766426,0.088779138,6.520000,2
59.780214,0.089450255,6.540000,2
59.793811,0.090025497,6.560000,2
59.807777,0.090504866,6.580000,2
59.821293,0.090600740,6.600000,2
59.834854,0.090888362,6.620000,2
59.848157,0.090984235,6.640000,2
59.862317,0.091367731,6.660000,2
59.876869,0.092038847,6.680000,2
59.890390,0.091847100,6.700000,2
59.903820,0.092134721,6.720000,2
59.917781,0.092422342,6.740000,2
59.931656,0.092901711,6.760000,2
59.945521,0.093381080,6.780000,2
59.959412,0.093668702,6.800000,2
59.972896,0.094052197,6.820000,2
59.986899,0.094148071,6.840000,2
60.001246,0.094723314,6.860000,2
60.014650,0.094723314,6.880000,2
60.028532,0.095202683,6.900000,2
60.042477,0.095202683,6.920000,2
60.056469,0.095394430,6.940000,2
60.070203,0.096353168,6.960000,2
60.084347,0.096257294,6.980000,2
60.097690,0.096736663,7.000000,2
60.111306,0.096928411,7.020000,2
60.125245,0.096928411,7.040000,2
60.139036,0.097407780,7.060000,2
60.152864,0.097503654,7.080000,2
60.166628,0.097791275,7.100000,2
60.180905,0.098366518,7.120000,2
60.194307,0.098174770,7.140000,2
60.207727,0.098366518,7.160000,2
60.221515,0.098845887,7.180000,2
60.235083,0.099421130,7.200000,2
60.248373,0.099517004,7.220000,2
60.261721,0.099421130,7.240000,2
60.275738,0.100092246,7.260000,2
60.289494,0.100379868,7.280000,2
60.303818,0.100379868,7.300000,2
60.317274,0.100475742,7.320000,2
60.330127,0.100763363,7.340000,2
60.343237,0.101146858,7.360000,2
60.356253,0.101146858,7.380000,2
60.369317,0.101434480,7.400000,2
60.382865,0.101530353,7.420000,2
60.396471,0.102009722,7.440000,2
60.409564,0.102201470,7.460000,2
60.423163,0.102201470,7.480000,2
60.437367,0.102776713,7.500000,2
60.451073,0.103160208,7.520000,2
60.464382,0.103160208,7.540000,2
60.477888,0.103256082,7.560000,2
60.491468,0.103639577,7.580000,2
60.505219,0.103639577,7.600000,2
60.518533,0.104214820,7.620000,2
60.532395,0.104598315,7.640000,2
60.546009,0.104502441,7.660000,2
60.559412,0.104694189,7.680000,2
60.573480,0.104981810,7.700000,2
60.586919,0.105557053,7.720000,2
60.600225,0.105365305,7.740000,2
60.614054,0.105652927,7.760000,2
60.627282,0.106036422,7.780000,2
60.640801,0.106324043,7.800000,2
60.654195,0.106132296,7.820000,2
60.668579,0.106707539,7.840000,2
60.682384,0.106899286,7.860000,2
60.696722,0.106611665,7.880000,2
60.710594,0.107570403,7.900000,2
60.724557,0.107378655,7.920000,2
60.738271,0.107666277,7.940000,2
60.752359,0.108049772,7.960000,2
60.766756,0.108720888,7.980000,2
60.780554,0.108145646,8.000000,2
60.794081,0.109008510,8.020000,2
60.808158,0.109200257,8.040000,2
60.821961,0.109200257,8.060000,2
60.835875,0.109871374,8.080000,2
60.849602,0.109679626,8.100000,2
60.863540,0.110158995,8.120000,2
60.877937,0.110542491,8.140000,2
60.891648,0.110734238,8.160000,2
60.905669,0.110542491,8.180000,2
60.919789,0.110925986,8.200000,2
60.933699,0.111117733,8.220000,2
60.947743,0.111788850,8.240000,2
60.961134,0.111501229,8.260000,2
60.974715,0.112172345,8.280000,2
60.989551,0.111884724,8.300000,2
61.003733,0.112076471,8.320000,2
61.018733,0.112747588,8.340000,2
61.032890,0.113226957,8.360000,2
61.046459,0.113322831,8.380000,2
61.060205,0.113514578,8.400000,2
61.073936,0.113993947,8.420000,2
61.087556,0.114185695,8.440000,2
61.100559,0.114377442,8.460000,2
61.114087,0.114569190,8.480000,2
61.128427,0.114473316,8.500000,2
61.141936,0.115144433,8.520000,2
61.156060,0.115719676,8.540000,2
61.169937,0.115527928,8.560000,2
61.184044,0.116199045,8.580000,2
61.197741,0.116678414,8.600000,2
61.211749,0.116678414,8.620000,2
61.225046,0.116390792,8.640000,2
61.238791,0.117253656,8.660000,2
61.252408,0.117541278,8.680000,2
61.266269,0.117828899,8.700000,2
61.279617,0.118116521,8.720000,2
61.293235,0.118212394,8.740000,2
61.306831,0.118691763,8.760000,2
61.320516,0.118787637,8.780000,2
61.334171,0.119171132,8.800000,2
61.347736,0.119267006,8.820000,2
61.361861,0.119746375,8.840000,2
61.375642,0.119746375,8.860000,2
61.390011,0.120321618,8.880000,2
61.404345,0.120321618,8.900000,2
61.417501,0.120417492,8.920000,2
61.432307,0.120705113,8.940000,2
61.446457,0.121567977,8.960000,2
61.460590,0.121472104,8.980000,2
61.473541,0.121951473,9.000000,2
61.487121,0.121951473,9.020000,2
61.500444,0.122239094,9.040000,2
61.514254,0.122526715,9.060000,2
61.528369,0.122910211,9.080000,2
61.542015,0.123197832,9.100000,2
61.555331,0.123485453,9.120000,2
61.569927,0.124156570,9.140000,2
61.583850,0.124252444,9.160000,2
61.598082,0.124635939,9.180000,2
61.611592,0.124444191,9.200000,2
61.625528,0.124731813,9.220000,2
61.639585,0.125402929,9.240000,2
61.653577,0.125498803,9.260000,2
61.667885,0.126265794,9.280000,2
61.681570,0.126553415,9.300000,2
61.695371,0.126457541,9.320000,2
61.709263,0.126457541,9.340000,2
61.723004,0.127032784,9.360000,2
61.736637,0.127608027,9.380000,2
61.750555,0.127799774,9.400000,2
61.764073,0.127991522,9.420000,2
61.777952,0.128183270,9.440000,2
61.792319,0.128950260,9.460000,2
61.805860,0.128854386,9.480000,2
61.820164,0.128854386,9.500000,2
61.834444,0.129333755,9.520000,2
61.847734,0.129908998,9.540000,2
61.861502,0.129621377,9.560000,2
61.875471,0.130196619,9.580000,2
61.889142,0.130484241,9.600000,2
61.903413,0.130867736,9.620000,2
61.916725,0.130963610,9.640000,2
61.930307,0.130867736,9.660000,2
61.943491,0.131442979,9.680000,2
61.956951,0.131922348,9.700000,2
61.971351,0.131922348,9.720000,2
61.985725,0.131922348,9.740000,2
61.999187,0.132401717,9.760000,2
62.013304,0.132785212,9.780000,2
62.027703,0.132689338,9.800000,2
62.041526,0.132785212,9.820000,2
62.055652,0.133552202,9.840000,2
62.069259,0.133839824,9.860000,2
62.082791,0.133072833,9.880000,2
62.096482,0.133839824,9.900000,2
62.110163,0.134031571,9.920000,2
62.124436,0.134319193,9.940000,2
62.138789,0.134510940,9.960000,2
62.152315,0.134702688,9.980000,2
62.165975,0.135086183,10.000000,2
62.179733,0.135182057,10.020000,2
62.194252,0.135469678,10.040000,2
62.207570,0.135757300,10.060000,2
62.221259,0.136140795,10.080000,2
62.234956,0.136236669,10.100000,2
62.248667,0.136524290,10.120000,2
62.262676,0.136716038,10.140000,2
62.276656,0.137003659,10.160000,2
62.290641,0.137003659,10.180000,2
62.304440,0.136907785,10.200000,2
62.318096,0.137003659,10.220000,2
62.332067,0.137483028,10.240000,2
62.345721,0.137483028,10.260000,2
62.359187,0.137962397,10.280000,2
62.373189,0.137674776,10.300000,2
62.386894,0.138537640,10.320000,2
62.400768,0.138441766,10.340000,2
62.415688,0.139304630,10.360000,2
62.429132,0.139304630,10.380000,2
62.443172,0.139208757,10.400000,2
62.457430,0.139400504,10.420000,2
62.470735,0.139783999,10.440000,2
62.484219,0.139783999,10.460000,2
62.498236,0.140071621,10.480000,2
62.511903,0.140646863,10.500000,2
62.526429,0.140455116,10.520000,2
62.540412,0.140838611,10.540000,2
62.554084,0.140646863,10.560000,2
62.567984,0.141413854,10.580000,2
62.582190,0.141605601,10.600000,2
62.596031,0.141317980,10.620000,2
62.610098,0.141605601,10.640000,2
62.623674,0.142084970,10.660000,2
62.637183,0.142372592,10.680000,2
62.650981,0.142372592,10.700000,2
62.664992,0.142660213,10.720000,2
62.679145,0.142756087,10.740000,2
62.693038,0.142947835,10.760000,2
62.707255,0.143427204,10.780000,2
62.721646,0.143331330,10.800000,2
62.735345,0.143906573,10.820000,2
62.749836,0.143714825,10.840000,2
62.764274,0.144481815,10.860000,2
62.777945,0.144673563,10.880000,2
62.791660,0.144577689,10.900000,2
62.805837,0.144865311,10.920000,2
62.819301,0.145057058,10.940000,2
62.832969,0.145152932,10.960000,2
62.846658,0.145824049,10.980000,2
62.860415,0.145728175,11.000000,2
62.874122,0.146207544,11.020000,2
62.887876,0.146495165,11.040000,2
62.901951,0.146495165,11.060000,2
62.915190,0.146782787,11.080000,2
62.928993,0.147166282,11.100000,2
62.942378,0.147070408,11.120000,2
62.956787,0.147741525,11.140000,2
62.970712,0.147741525,11.160000,2
62.984723,0.148029146,11.180000,2
62.998825,0.148125020,11.200000,2
63.012448,0.148412641,11.220000,2
63.026459,0.148412641,11.240000,2
63.039908,0.148987884,11.260000,2
63.053726,0.149275505,11.280000,2
63.067250,0.149659001,11.300000,2
63.081387,0.149850748,11.320000,2
63.095690,0.150234243,11.340000,2
63.109550,0.150425991,11.360000,2
63.123550,0.150713612,11.380000,2
63.137429,0.151097108,11.400000,2
63.151755,0.151192981,11.420000,2
63.165370,0.151192981,11.440000,2
63.179355,0.151480603,11.460000,2
63.193153,0.152247593,11.480000,2
63.206719,0.152151719,11.500000,2
63.220313,0.152535215,11.520000,2
63.233933,0.152343467,11.540000,2
63.247683,0.153206331,11.560000,2
63.261841,0.153589826,11.580000,2
63.275706,0.154069195,11.600000,2
63.289732,0.154452691,11.620000,2
63.303815,0.154548564,11.640000,2
63.317061,0.154356817,11.660000,2
63.330583,0.154932060,11.680000,2
63.344260,0.155027933,11.700000,2
63.358294,0.155411429,11.720000,2
63.371910,0.155986671,11.740000,2
63.385198,0.156274293,11.760000,2
63.399213,0.156370167,11.780000,2
63.413014,0.156945409,11.800000,2
63.427134,0.157328905,11.820000,2
63.441055,0.157520652,11.840000,2
63.454720,0.157808274,11.860000,2
63.468674,0.158287643,11.880000,2
63.482002,0.158575264,11.900000,2
63.495877,0.158767012,11.920000,2
63.509640,0.159054633,11.940000,2
63.523443,0.159438128,11.960000,2
63.536725,0.159725750,11.980000,2
63.550669,0.159821623,12.000000,2
63.565050,0.160396866,12.020000,2
63.578707,0.160300992,12.040000,2
63.592299,0.161163857,12.060000,2
63.606266,0.161355604,12.080000,2
63.620428,0.161930847,12.100000,2
63.634489,0.162122595,12.120000,2
63.648301,0.162314342,12.140000,2
63.661932,0.162889585,12.160000,2
63.675613,0.163368954,12.180000,2
63.689200,0.163273080,12.200000,2
63.702881,0.164040071,12.220000,2
63.716382,0.164231818,12.240000,2
63.729520,0.164519440,12.260000,2
63.743577,0.164902935,12.280000,2
63.756988,0.165286430,12.300000,2
63.770505,0.165478177,12.320000,2
63.784804,0.165765799,12.340000,2
63.798273,0.165861673,12.360000,2
63.811929,0.166628663,12.380000,2
63.826024,0.166916284,12.400000,2
63.839722,0.167203906,12.420000,2
63.853448,0.167491527,12.440000,2
63.867625,0.167875022,12.460000,2
63.881744,0.167875022,12.480000,2
63.894995,0.168737887,12.500000,2
63.908723,0.169313129,12.520000,2
63.922600,0.169409003,12.540000,2
63.936033,0.169984246,12.560000,2
63.949672,0.169984246,12.580000,2
63.963168,0.170367741,12.600000,2
63.976729,0.170655363,12.620000,2
63.990589,0.170655363,12.640000,2
64.004808,0.171230605,12.660000,2
64.018450,0.171422353,12.680000,2
64.032461,0.172189343,12.700000,2
64.046433,0.172093470,12.720000,2
64.060434,0.172668712,12.740000,2
64.074435,0.172956334,12.760000,2
64.088425,0.173148081,12.780000,2
64.102642,0.173148081,12.800000,2
64.115879,0.173819198,12.820000,2
64.129504,0.173915072,12.840000,2
64.143628,0.174682062,12.860000,2
64.157396,0.174586188,12.880000,2
64.170912,0.174586188,12.900000,2
64.184681,0.175065557,12.920000,2
64.197984,0.175832548,12.940000,2
64.211713,0.175736674,12.960000,2
64.225047,0.176120169,12.980000,2
64.239151,0.176791286,13.000000,2
64.252259,0.176695412,13.020000,2
64.266323,0.176599538,13.040000,2
64.281876,0.176983033,13.060000,2
64.296269,0.177366529,13.080000,2
64.309909,0.177654150,13.100000,2
64.324216,0.178421140,13.120000,2
64.337368,0.178229393,13.140000,2
64.351080,0.179092257,13.160000,2
64.364190,0.178900509,13.180000,2
64.378313,0.179284005,13.200000,2
64.391907,0.179284005,13.220000,2
64.405740,0.179763374,13.240000,2
64.419661,0.180338616,13.260000,2
64.433213,0.180050995,13.280000,2
64.446724,0.180913859,13.300000,2
64.460697,0.181201481,13.320000,2
64.474407,0.181584976,13.340000,2
64.488296,0.181393228,13.360000,2
64.501900,0.181872597,13.380000,2
64.515699,0.181872597,13.400000,2
64.529377,0.182639588,13.420000,2
64.543620,0.182831335,13.440000,2
64.557353,0.183118957,13.460000,2
64.571514,0.183310704,13.480000,2
64.585406,0.183406578,13.500000,2
64.599370,0.183981821,13.520000,2
64.613673,0.183981821,13.540000,2
64.627404,0.183981821,13.560000,2
64.641300,0.184748811,13.580000,2
64.655620,0.185228180,13.600000,2
64.669461,0.185707549,13.620000,2
64.682876,0.185803423,13.640000,2
64.696975,0.185899297,13.660000,2
64.711230,0.186282792,13.680000,2
64.725279,0.186858035,13.700000,2
64.738637,0.187433278,13.720000,2
64.751933,0.187337404,13.740000,2
64.765758,0.187720899,13.760000,2
64.779459,0.188296142,13.780000,2
64.793171,0.188296142,13.800000,2
64.806928,0.188679637,13.820000,2
64.820831,0.189159006,13.840000,2
64.834405,0.189542501,13.860000,2
64.847666,0.189734249,13.880000,2
64.861002,0.190597113,13.900000,2
64.874746,0.190501239,13.920000,2
64.888647,0.190788860,13.940000,2
64.902415,0.191555851,13.960000,2
64.916591,0.191459977,13.980000,2
64.931152,0.192226967,14.000000,2
64.944917,0.192322841,14.020000,2
64.958793,0.193089832,14.040000,2
64.972693,0.193665074,14.060000,2
64.986935,0.193760948,14.080000,2
65.000306,0.194336191,14.100000,2
65.013800,0.194623812,14.120000,2
65.027474,0.194719686,14.140000,2
65.041684,0.195294929,14.160000,2
65.055221,0.195678424,14.180000,2
65.069111,0.195966046,14.200000,2
65.082981,0.196445415,14.220000,2
65.096552,0.197404153,14.240000,2
65.109906,0.197979395,14.260000,2
65.124128,0.198075269,14.280000,2
65.137849,0.198650512,14.300000,2
65.152116,0.198842260,14.320000,2
65.166230,0.199513376,14.340000,2
65.180076,0.199800998,14.360000,2
65.193661,0.200472114,14.380000,2
65.207555,0.201143231,14.400000,2
65.221444,0.201334978,14.420000,2
65.235345,0.201814347,14.440000,2
65.248898,0.202293716,14.460000,2
65.262593,0.202677212,14.480000,2
65.276067,0.203252454,14.500000,2
65.289748,0.203731823,14.520000,2
65.304757,0.204498814,14.540000,2
65.318314,0.204978183,14.560000,2
65.331092,0.205457552,14.580000,2
65.344140,0.205841047,14.600000,2
65.357517,0.205936921,14.620000,2
65.371132,0.206224542,14.640000,2
65.386290,0.207662649,14.660000,2
65.399837,0.207854397,14.680000,2
65.413889,0.208142018,14.700000,2
65.427435,0.208429640,14.720000,2
65.441190,0.209196630,14.740000,2
65.455334,0.209771873,14.760000,2
65.468797,0.209867747,14.780000,2
65.482266,0.210155368,14.800000,2
65.496327,0.210730611,14.820000,2
65.510238,0.211018232,14.840000,2
65.523844,0.211305854,14.860000,2
65.538147,0.211881096,14.880000,2
65.552603,0.212456339,14.900000,2
65.566365,0.212552213,14.920000,2
65.580235,0.213415077,14.940000,2
65.593927,0.213606825,14.960000,2
65.607006,0.214565563,14.980000,2
65.620730,0.214086194,15.000000,2
65.634287,0.214949058,15.020000,2
65.648456,0.215428427,15.040000,2
65.661963,0.215620174,15.060000,2
65.675752,0.215907796,15.080000,2
65.689919,0.216099543,15.100000,2
65.703497,0.216866534,15.120000,2
65.717389,0.216962408,15.140000,2
65.730992,0.217441777,15.160000,2
65.744789,0.217921146,15.180000,2
65.758460,0.218400515,15.200000,2
65.771921,0.218688136,15.220000,2
65.785321,0.218784010,15.240000,2
65.799276,0.219551000,15.260000,2
65.812411,0.219646874,15.280000,2
65.826412,0.220030369,15.300000,2
65.839980,0.220509738,15.320000,2
65.853373,0.221084981,15.340000,2
65.867296,0.221180855,15.360000,2
65.881277,0.221660224,15.380000,2
65.895806,0.222139593,15.400000,2
65.909336,0.222331340,15.420000,2
65.923094,0.222523088,15.440000,2
65.937049,0.223481826,15.460000,2
65.950812,0.223577700,15.480000,2
65.964340,0.223865321,15.500000,2
65.978175,0.224440564,15.520000,2
65.991463,0.224536438,15.540000,2
66.005607,0.225399302,15.560000,2
66.019429,0.225399302,15.580000,2
66.032667,0.225878671,15.600000,2
66.046602,0.226358040,15.620000,2
66.060609,0.226645661,15.640000,2
66.074567,0.227125030,15.660000,2
66.088371,0.227316778,15.680000,2
66.101766,0.227987895,15.700000,2
66.116062,0.228467264,15.720000,2
66.129762,0.228754885,15.740000,2
66.143803,0.229042506,15.760000,2
66.158664,0.229521875,15.780000,2
66.172205,0.229905371,15.800000,2
66.186381,0.230384740,15.820000,2
66.200090,0.230480613,15.840000,2
66.213653,0.230864109,15.860000,2
66.227306,0.231631099,15.880000,2
66.241354,0.231535225,15.900000,2
66.254997,0.231918720,15.920000,2
66.268497,0.232302216,15.940000,2
66.282619,0.232781585,15.960000,2
66.296342,0.233165080,15.980000,2
66.309601,0.233740323,16.000000,2
66.323436,0.234027944,16.020000,2
66.337479,0.234219692,16.040000,2
66.351048,0.234603187,16.060000,2
66.364851,0.235082556,16.080000,2
66.378223,0.235178430,16.100000,2
66.392332,0.235753672,16.120000,2
66.405583,0.236041294,16.140000,2
66.419911,0.236808284,16.160000,2
66.434219,0.236520663,16.180000,2
66.447445,0.237287653,16.200000,2
66.460891,0.237479401,16.220000,2
66.474666,0.237479401,16.240000,2
66.488358,0.238246391,16.260000,2
66.502204,0.238246391,16.280000,2
66.516341,0.239013382,16.300000,2
66.530531,0.239013382,16.320000,2
66.544239,0.239301003,16.340000,2
66.557666,0.239876246,16.360000,2
66.571387,0.240163867,16.380000,2
66.585181,0.240259741,16.400000,2
66.598923,0.241026731,16.420000,2
66.613527,0.240930857,16.440000,2
66.626897,0.241506100,16.460000,2
66.641200,0.241506100,16.480000,2
66.655519,0.241985469,16.500000,2
66.669136,0.241889595,16.520000,2
66.682967,0.241889595,16.540000,2
66.696661,0.243040081,16.560000,2
66.710585,0.243231829,16.580000,2
66.723876,0.243231829,16.600000,2
66.738118,0.243231829,16.620000,2
66.751877,0.243327702,16.640000,2
66.765435,0.243998819,16.660000,2
66.779001,0.243998819,16.680000,2
66.792918,0.244574062,16.700000,2
66.806817,0.244574062,16.720000,2
66.820419,0.244861683,16.740000,2
66.834494,0.245053431,16.760000,2
66.847796,0.245341052,16.780000,2
66.861557,0.245724547,16.800000,2
66.875228,0.245436926,16.820000,2
66.889065,0.245820421,16.840000,2
66.902965,0.246299790,16.860000,2
66.916854,0.246395664,16.880000,2
66.930960,0.246875033,16.900000,2
66.945035,0.246683285,16.920000,2
66.958427,0.246970907,16.940000,2
66.972064,0.246875033,16.960000,2
66.986893,0.247642023,16.980000,2
66.999994,0.247642023,17.000000,2
67.013832,0.248217266,17.020000,2
67.027519,0.248121392,17.040000,2
67.041214,0.248217266,17.060000,2
67.054781,0.248696635,17.080000,2
67.068500,0.248984257,17.100000,2
67.081981,0.249176004,17.120000,2
67.095412,0.249176004,17.140000,2
67.108885,0.249176004,17.160000,2
67.123081,0.249271878,17.180000,2
67.136579,0.249559499,17.200000,2
67.150280,0.250134742,17.220000,2
67.164119,0.249751247,17.240000,2
67.177904,0.250038868,17.260000,2
67.191612,0.250614111,17.280000,2
67.205465,0.250805859,17.300000,2
67.219235,0.250901733,17.320000,2
67.233095,0.250901733,17.340000,2
67.246826,0.250997606,17.360000,2
67.261064,0.251572849,17.380000,2
67.274651,0.251572849,17.400000,2
67.288146,0.251764597,17.420000,2
67.301927,0.252052218,17.440000,2
67.315834,0.251764597,17.460000,2
67.329344,0.252531587,17.480000,2
67.343406,0.252435713,17.500000,2
67.356973,0.252435713,17.520000,2
67.370841,0.253106830,17.540000,2
67.384943,0.252531587,17.560000,2
67.398272,0.253394451,17.580000,2
67.412115,0.253298578,17.600000,2
67.425560,0.253490325,17.620000,2
67.439296,0.253490325,17.640000,2
67.453274,0.253490325,17.660000,2
67.466899,0.254065568,17.680000,2
67.480587,0.254065568,17.700000,2
67.494120,0.254449063,17.720000,2
67.507676,0.254161442,17.740000,2
67.521198,0.254353189,17.760000,2
67.535639,0.254832558,17.780000,2
67.549063,0.255216054,17.800000,2
67.562905,0.255120180,17.820000,2
67.577002,0.255599549,17.840000,2
67.590545,0.255599549,17.860000,2
67.604658,0.255503675,17.880000,2
67.618666,0.255983044,17.900000,2
67.632390,0.255983044,17.920000,2
67.646805,0.256654161,17.940000,2
67.661431,0.256174792,17.960000,2
67.675556,0.256941782,17.980000,2
67.689427,0.256941782,18.000000,2
67.703151,0.256845908,18.020000,2
67.717366,0.256941782,18.040000,2
67.730732,0.257612899,18.060000,2
67.744068,0.257325277,18.080000,2
67.758083,0.257325277,18.100000,2
67.771347,0.257900520,18.120000,2
67.785094,0.257996394,18.140000,2
67.798820,0.258571637,18.160000,2
67.812474,0.258188141,18.180000,2
67.825992,0.258667510,18.200000,2
67.840189,0.258763384,18.220000,2
67.853601,0.258763384,18.240000,2
67.868229,0.259051006,18.260000,2
67.882281,0.259338627,18.280000,2
67.895597,0.259242753,18.300000,2
67.909318,0.259530375,18.320000,2
67.923019,0.259530375,18.340000,2
67.936501,0.259913870,18.360000,2
67.950210,0.260105617,18.380000,2
67.963988,0.260105617,18.400000,2
67.978593,0.260680860,18.420000,2
67.992062,0.260584986,18.440000,2
68.005541,0.260680860,18.460000,2
68.019315,0.260872608,18.480000,2
68.033663,0.261160229,18.500000,2
68.047347,0.261447851,18.520000,2
68.061142,0.261639598,18.540000,2
68.074467,0.261639598,18.560000,2
68.088897,0.261543724,18.580000,2
68.103120,0.261927220,18.600000,2
68.117434,0.262406589,18.620000,2
68.130962,0.262214841,18.640000,2
68.144548,0.262406589,18.660000,2
68.158294,0.262406589,18.680000,2
68.172135,0.263173579,18.700000,2
68.185955,0.262790084,18.720000,2
68.199987,0.263173579,18.740000,2
68.214039,0.263748822,18.760000,2
68.227665,0.263365327,18.780000,2
68.241188,0.263940569,18.800000,2
68.254902,0.263844696,18.820000,2
68.268628,0.264228191,18.840000,2
68.282804,0.264611686,18.860000,2
68.296916,0.264611686,18.880000,2
68.311668,0.264707560,18.900000,2
68.325516,0.264899307,18.920000,2
68.339566,0.264611686,18.940000,2
68.354633,0.264803434,18.960000,2
68.368234,0.265091055,18.980000,2
68.381557,0.265474550,19.000000,2
68.395061,0.265474550,19.020000,2
68.408511,0.265858045,19.040000,2
68.422114,0.265666298,19.060000,2
68.435879,0.266241540,19.080000,2
68.449606,0.266049793,19.100000,2
68.463892,0.266433288,19.120000,2
68.477983,0.266625036,19.140000,2
68.491481,0.266816783,19.160000,2
68.505610,0.267008531,19.180000,2
68.519423,0.267296152,19.200000,2
68.532985,0.267296152,19.220000,2
68.546602,0.267200278,19.240000,2
68.560604,0.267583774,19.260000,2
68.574438,0.267967269,19.280000,2
68.588497,0.267871395,19.300000,2
68.603029,0.268446638,19.320000,2
68.616701,0.268542512,19.340000,2
68.630536,0.268734259,19.360000,2
68.644279,0.268830133,19.380000,2
68.658604,0.268734259,19.400000,2
68.672128,0.269309502,19.420000,2
68.686371,0.269309502,19.440000,2
68.699514,0.269501250,19.460000,2
68.714335,0.269884745,19.480000,2
68.727849,0.270268240,19.500000,2
68.741755,0.269980619,19.520000,2
68.755234,0.270364114,19.540000,2
68.768758,0.270459988,19.560000,2
68.782340,0.270747609,19.580000,2
68.796491,0.271226978,19.600000,2
68.810061,0.271226978,19.620000,2
68.823471,0.271322852,19.640000,2
68.837484,0.271610473,19.660000,2
68.851425,0.271610473,19.680000,2
68.865520,0.271802221,19.700000,2
68.879533,0.271993968,19.720000,2
68.893662,0.272377464,19.740000,2
68.907169,0.272089842,19.760000,2
68.921124,0.272856833,19.780000,2
68.934741,0.273144454,19.800000,2
68.948717,0.273240328,19.820000,2
68.962431,0.273336202,19.840000,2
68.976566,0.273432075,19.860000,2
68.990624,0.273815571,19.880000,2
69.004423,0.273719697,19.900000,2
69.017972,0.274486687,19.920000,2
69.031574,0.274103192,19.940000,2
69.045387,0.274966056,19.960000,2
69.059257,0.274678435,19.980000,2
69.073510,0.274966056,20.000000,2
69.087764,0.275349551,20.000000,2
69.101294,0.275349551,19.980000,2
69.115551,0.275253678,19.960000,2
69.128919,0.275445425,19.940000,2
69.142627,0.275924794,19.920000,2
69.156656,0.275349551,19.900000,2
69.170254,0.275733047,19.880000,2
69.184444,0.275637173,19.860000,2
69.198437,0.275541299,19.840000,2
69.212356,0.275253678,19.820000,2
69.226002,0.275733047,19.800000,2
69.239674,0.275924794,19.780000,2
69.253714,0.275828920,19.760000,2
69.267308,0.275349551,19.740000,2
69.280844,0.275828920,19.720000,2
69.295202,0.275924794,19.700000,2
69.308584,0.275733047,19.680000,2
69.322225,0.275541299,19.660000,2
69.336903,0.275637173,19.640000,2
69.351001,0.275637173,19.620000,2
69.364490,0.275541299,19.600000,2
69.378272,0.275157804,19.580000,2
69.391703,0.275733047,19.560000,2
69.405415,0.275445425,19.540000,2
69.419905,0.275253678,19.520000,2
69.433088,0.275445425,19.500000,2
69.447000,0.275349551,19.480000,2
69.460065,0.275253678,19.460000,2
69.473834,0.275253678,19.440000,2
69.488291,0.275253678,19.420000,2
69.502073,0.275349551,19.400000,2
69.515891,0.275061930,19.380000,2
69.530014,0.275061930,19.360000,2
69.543456,0.275157804,19.340000,2
69.557479,0.275445425,19.320000,2
69.571786,0.275253678,19.300000,2
69.585512,0.274870182,19.280000,2
69.599018,0.274870182,19.260000,2
69.613008,0.275157804,19.240000,2
69.626416,0.274966056,19.220000,2
69.639680,0.275061930,19.200000,2
69.653425,0.274966056,19.180000,2
69.667508,0.274678435,19.160000,2
69.680824,0.274678435,19.140000,2
69.694399,0.274678435,19.120000,2
69.708229,0.274390813,19.100000,2
69.722159,0.274486687,19.080000,2
69.736687,0.274390813,19.060000,2
69.750654,0.274486687,19.040000,2
69.764038,0.274582561,19.020000,2
69.777664,0.274678435,19.000000,2
69.792296,0.274486687,18.980000,2
69.806607,0.274678435,18.960000,2
69.820080,0.274103192,18.940000,2
69.833895,0.274294940,18.920000,2
69.847665,0.274774309,18.900000,2
69.860923,0.274294940,18.880000,2
69.875096,0.274294940,18.860000,2
69.888156,0.273815571,18.840000,2
69.901979,0.274294940,18.820000,2
69.915647,0.274103192,18.800000,2
69.929176,0.274199066,18.780000,2
69.942607,0.273815571,18.760000,2
69.956370,0.273911444,18.740000,2
69.969670,0.273719697,18.720000,2
69.983497,0.273719697,18.700000,2
69.997547,0.273719697,18.680000,2
70.011123,0.273336202,18.660000,2
70.025053,0.273527949,18.640000,2
70.039000,0.273144454,18.620000,2
70.052625,0.273527949,18.600000,2
70.066339,0.273336202,18.580000,2
70.080548,0.273527949,18.560000,2
70.093702,0.273240328,18.540000,2
70.107197,0.273623823,18.520000,2
70.121524,0.272952706,18.500000,2
70.135135,0.272952706,18.480000,2
70.148996,0.273432075,18.460000,2
70.163036,0.273048580,18.440000,2
70.177161,0.272856833,18.420000,2
70.190542,0.273144454,18.400000,2
70.204721,0.272665085,18.380000,2
70.218981,0.272665085,18.360000,2
70.232680,0.272760959,18.340000,2
70.247074,0.272665085,18.320000,2
70.260949,0.273048580,18.300000,2
70.274278,0.272856833,18.280000,2
70.287700,0.272473337,18.260000,2
70.302346,0.272281590,18.240000,2
70.315838,0.272473337,18.220000,2
70.328887,0.272281590,18.200000,2
70.341767,0.272089842,18.180000,2
70.355015,0.272185716,18.160000,2
70.368361,0.272281590,18.140000,2
70.382004,0.272089842,18.120000,2
70.395507,0.271418726,18.100000,2
70.409250,0.271514599,18.080000,2
70.422612,0.271802221,18.060000,2
70.436309,0.271898095,18.040000,2
70.450305,0.271610473,18.020000,2
70.463813,0.271322852,18.000000,2
70.477870,0.271706347,17.980000,2
70.491421,0.271418726,17.960000,2
70.505880,0.271418726,17.940000,2
70.519514,0.271226978,17.920000,2
70.533664,0.271131104,17.900000,2
70.547356,0.270939357,17.880000,2
70.561197,0.270939357,17.860000,2
70.574827,0.271035230,17.840000,2
70.588979,0.270939357,17.820000,2
70.602664,0.270843483,17.800000,2
70.616663,0.270651735,17.780000,2
70.630747,0.270939357,17.760000,2
70.645414,0.270843483,17.740000,2
70.659181,0.270747609,17.720000,2
70.672503,0.270459988,17.700000,2
70.686015,0.270076492,17.680000,2
70.700281,0.270076492,17.660000,2
70.713967,0.270268240,17.640000,2
70.728191,0.269980619,17.620000,2
70.742015,0.270076492,17.600000,2
70.755881,0.270268240,17.580000,2
70.769584,0.270364114,17.560000,2
70.783252,0.270172366,17.540000,2
70.797306,0.269980619,17.520000,2
70.811245,0.269980619,17.500000,2
70.825124,0.269788871,17.480000,2
70.839024,0.270172366,17.460000,2
70.852132,0.269692997,17.440000,2
70.866354,0.269309502,17.420000,2
70.881341,0.269692997,17.400000,2
70.895057,0.269692997,17.380000,2
70.908584,0.269405376,17.360000,2
70.923010,0.269213628,17.340000,2
70.936616,0.269405376,17.320000,2
70.950362,0.269213628,17.300000,2
70.964784,0.269213628,17.280000,2
70.978469,0.268926007,17.260000,2
70.992792,0.268926007,17.240000,2
71.006421,0.269309502,17.220000,2
71.019926,0.269117754,17.200000,2
71.033297,0.268254890,17.180000,2
71.047474,0.268734259,17.160000,2
71.060969,0.268542512,17.140000,2
71.074448,0.268638385,17.120000,2
71.088127,0.268446638,17.100000,2
71.101813,0.268446638,17.080000,2
71.115149,0.268542512,17.060000,2
71.129466,0.268254890,17.040000,2
71.143340,0.268159016,17.020000,2
71.156636,0.267871395,17.000000,2
71.170439,0.267967269,16.980000,2
71.183854,0.268063143,16.960000,2
71.197896,0.268159016,16.940000,2
71.211684,0.267871395,16.920000,2
71.225410,0.267392026,16.900000,2
71.238709,0.267679647,16.880000,2
71.252230,0.267775521,16.860000,2
71.266106,0.267392026,16.840000,2
71.279408,0.267487900,16.820000,2
71.292552,0.267679647,16.800000,2
71.306395,0.266816783,16.780000,2
71.320737,0.267200278,16.760000,2
71.334394,0.267008531,16.740000,2
71.347992,0.266720909,16.720000,2
71.362012,0.266720909,16.700000,2
71.375185,0.266720909,16.680000,2
71.389299,0.266625036,16.660000,2
71.403152,0.266145667,16.640000,2
71.416486,0.266816783,16.620000,2
71.430146,0.266433288,16.600000,2
71.443781,0.266337414,16.580000,2
71.457262,0.266433288,16.560000,2
71.470274,0.266241540,16.540000,2
71.483596,0.266625036,16.520000,2
71.497480,0.266337414,16.500000,2
71.511039,0.266337414,16.480000,2
71.524853,0.266145667,16.460000,2
71.538573,0.265953919,16.440000,2
71.552247,0.265858045,16.420000,2
71.565763,0.265474550,16.400000,2
71.579702,0.265378676,16.380000,2
71.593279,0.265666298,16.360000,2
71.607000,0.265474550,16.340000,2
71.620744,0.265762172,16.320000,2
71.634108,0.265091055,16.300000,2
71.647734,0.265282803,16.280000,2
71.661788,0.265091055,16.260000,2
71.675454,0.264899307,16.240000,2
71.689517,0.265091055,16.220000,2
71.703624,0.264995181,16.200000,2
71.717713,0.264899307,16.180000,2
71.732145,0.264899307,16.160000,2
71.745910,0.264803434,16.140000,2
71.759611,0.264515812,16.120000,2
71.774025,0.264803434,16.100000,2
71.788387,0.264132317,16.080000,2
71.802336,0.264419938,16.060000,2
71.816197,0.264419938,16.040000,2
71.830333,0.264036443,16.020000,2
71.844802,0.263940569,16.000000,2
71.858989,0.263652948,15.980000,2
71.872522,0.263748822,15.960000,2
71.886826,0.263652948,15.940000,2
71.900676,0.263652948,15.920000,2
71.914537,0.263557074,15.900000,2
71.927817,0.263461200,15.880000,2
71.941756,0.263365327,15.860000,2
71.955600,0.263365327,15.840000,2
71.969231,0.263269453,15.820000,2
71.983744,0.263557074,15.800000,2
71.997356,0.263077705,15.780000,2
72.012056,0.262694210,15.760000,2
72.025748,0.262981831,15.740000,2
72.039854,0.262694210,15.720000,2
72.053181,0.262790084,15.700000,2
72.067029,0.262885958,15.680000,2
72.081257,0.262790084,15.660000,2
72.094755,0.262502462,15.640000,2
72.108968,0.262502462,15.620000,2
72.122461,0.262214841,15.600000,2
72.136484,0.262214841,15.580000,2
72.150374,0.262214841,15.560000,2
72.164299,0.261927220,15.540000,2
72.178339,0.262023093,15.520000,2
72.192050,0.261927220,15.500000,2
72.205718,0.261735472,15.480000,2
72.220014,0.261639598,15.460000,2
72.233113,0.261831346,15.440000,2
72.246094,0.261351977,15.420000,2
72.259748,0.261543724,15.400000,2
72.273852,0.261543724,15.380000,2
72.287671,0.261543724,15.360000,2
72.301605,0.261256103,15.340000,2
72.315625,0.261256103,15.320000,2
72.329333,0.261543724,15.300000,2
72.342899,0.260776734,15.280000,2
72.356561,0.260584986,15.260000,2
72.370767,0.260680860,15.240000,2
72.384037,0.260872608,15.220000,2
72.397718,0.260872608,15.200000,2
72.411167,0.260297365,15.180000,2
72.424940,0.260489113,15.160000,2
72.438885,0.260393239,15.140000,2
72.453123,0.260393239,15.120000,2
72.466748,0.260201491,15.100000,2
72.480386,0.260009744,15.080000,2
72.493845,0.260297365,15.060000,2
72.507791,0.260105617,15.040000,2
72.521199,0.259626248,15.020000,2
72.534864,0.260297365,15.000000,2
72.548778,0.259722122,14.980000,2
72.563095,0.259338627,14.960000,2
72.576993,0.259530375,14.940000,2
72.589929,0.259434501,14.920000,2
72.603441,0.259530375,14.900000,2
72.616987,0.259626248,14.880000,2
72.630621,0.259434501,14.860000,2
72.644185,0.259242753,14.840000,2
72.657645,0.259051006,14.820000,2
72.670954,0.258955132,14.800000,2
72.684816,0.258955132,14.780000,2
72.698674,0.258859258,14.760000,2
72.711801,0.259051006,14.740000,2
72.726023,0.258859258,14.720000,2
72.739665,0.258379889,14.700000,2
72.753164,0.258475763,14.680000,2
72.767154,0.258284015,14.660000,2
72.781193,0.258379889,14.640000,2
72.794234,0.258092268,14.620000,2
72.808304,0.257900520,14.600000,2
72.821769,0.258188141,14.580000,2
72.836232,0.257996394,14.560000,2
72.850638,0.258092268,14.540000,2
72.864288,0.257708772,14.520000,2
72.877794,0.257708772,14.500000,2
72.891781,0.257612899,14.480000,2
72.905762,0.257517025,14.460000,2
72.920091,0.257037656,14.440000,2
72.934228,0.257133530,14.420000,2
72.947700,0.257037656,14.400000,2
72.961473,0.257037656,14.380000,2
72.975422,0.257133530,14.360000,2
72.989026,0.257037656,14.340000,2
73.002871,0.256750034,14.320000,2
73.016492,0.256845908,14.300000,2
73.030605,0.256558287,14.280000,2
73.044472,0.256366539,14.260000,2
73.057991,0.256366539,14.240000,2
73.071781,0.256462413,14.220000,2
73.085203,0.256366539,14.200000,2
73.098945,0.256462413,14.180000,2
73.112889,0.256270665,14.160000,2
73.126424,0.255887170,14.140000,2
73.140175,0.256174792,14.120000,2
73.153674,0.256270665,14.100000,2
73.167425,0.255887170,14.080000,2
73.181452,0.255503675,14.060000,2
73.195101,0.255599549,14.040000,2
73.208881,0.255695423,14.020000,2
73.223056,0.255599549,14.000000,2
73.236534,0.255311927,13.980000,2
73.250711,0.255599549,13.960000,2
73.264438,0.255024306,13.940000,2
73.278392,0.255120180,13.920000,2
73.292224,0.255216054,13.900000,2
73.305542,0.254449063,13.880000,2
73.319368,0.255024306,13.860000,2
73.333179,0.254449063,13.840000,2
73.347352,0.254544937,13.820000,2
73.361444,0.254832558,13.800000,2
73.375081,0.254353189,13.780000,2
73.388578,0.254449063,13.760000,2
73.402130,0.254065568,13.740000,2
73.415893,0.253873820,13.720000,2
73.429768,0.253873820,13.700000,2
73.443372,0.254161442,13.680000,2
73.457112,0.253490325,13.660000,2
73.470875,0.253873820,13.640000,2
73.484576,0.253490325,13.620000,2
73.498420,0.253969694,13.600000,2
73.511879,0.253682073,13.580000,2
73.525019,0.253777947,13.560000,2
73.539801,0.253394451,13.540000,2
73.553596,0.253490325,13.520000,2
73.567180,0.253202704,13.500000,2
73.580995,0.253394451,13.480000,2
73.594733,0.252819209,13.460000,2
73.608632,0.252915082,13.440000,2
73.621722,0.252627461,13.420000,2
73.634343,0.252915082,13.400000,2
73.648175,0.252531587,13.380000,2
73.661582,0.252435713,13.360000,2
73.676008,0.252723335,13.340000,2
73.690128,0.252052218,13.320000,2
73.703706,0.252243966,13.300000,2
73.717476,0.252531587,13.280000,2
73.731547,0.252148092,13.260000,2
73.745692,0.252052218,13.240000,2
73.759562,0.251956344,13.220000,2
73.772963,0.251476975,13.200000,2
73.787163,0.251285228,13.180000,2
73.801329,0.251572849,13.160000,2
73.815161,0.251572849,13.140000,2
73.828640,0.251189354,13.120000,2
73.843098,0.250997606,13.100000,2
73.856716,0.251189354,13.080000,2
73.870604,0.250997606,13.060000,2
73.885112,0.250901733,13.040000,2
73.898790,0.250614111,13.020000,2
73.912555,0.250709985,13.000000,2
73.926748,0.250901733,12.980000,2
73.940050,0.250518237,12.960000,2
73.953926,0.250709985,12.940000,2
73.968663,0.250326490,12.920000,2
73.982621,0.250038868,12.900000,2
73.996497,0.250134742,12.880000,2
74.010787,0.250134742,12.860000,2
74.024485,0.250134742,12.840000,2
74.038423,0.250422364,12.820000,2
74.052742,0.249847121,12.800000,2
74.066434,0.249655373,12.780000,2
74.080842,0.249655373,12.760000,2
74.094565,0.249463626,12.740000,2
74.108649,0.249271878,12.720000,2
74.122467,0.249271878,12.700000,2
74.135832,0.249367752,12.680000,2
74.150000,0.249080130,12.660000,2
74.163645,0.248600761,12.640000,2
74.177254,0.249176004,12.620000,2
74.191247,0.248792509,12.600000,2
74.205015,0.248696635,12.580000,2
74.218923,0.248504888,12.560000,2
74.232449,0.248217266,12.540000,2
74.245909,0.248600761,12.520000,2
74.259688,0.248409014,12.500000,2
74.272705,0.248600761,12.480000,2
74.286350,0.248025519,12.460000,2
74.300079,0.247929645,12.440000,2
74.313696,0.248313140,12.420000,2
74.326977,0.248121392,12.400000,2
74.340541,0.247642023,12.380000,2
74.354328,0.247162654,12.360000,2
74.368738,0.247546150,12.340000,2
74.382511,0.247929645,12.320000,2
74.395597,0.247258528,12.300000,2
74.409521,0.247546150,12.280000,2
74.422866,0.247066781,12.260000,2
74.436952,0.247354402,12.240000,2
74.451456,0.246683285,12.220000,2
74.464990,0.246683285,12.200000,2
74.478933,0.246683285,12.180000,2
74.492473,0.246587412,12.160000,2
74.506341,0.246683285,12.140000,2
74.520380,0.246683285,12.120000,2
74.534072,0.246395664,12.100000,2
74.547374,0.246299790,12.080000,2
74.561905,0.246012169,12.060000,2
74.575181,0.245724547,12.040000,2
74.588943,0.246203916,12.020000,2
74.603783,0.245628674,12.000000,2
74.617827,0.245628674,11.980000,2
74.631017,0.245532800,11.960000,2
74.645078,0.245724547,11.940000,2
74.659428,0.245532800,11.920000,2
74.673062,0.245341052,11.900000,2
74.686822,0.245724547,11.880000,2
74.701334,0.244861683,11.860000,2
74.714723,0.244957557,11.840000,2
74.728220,0.244765809,11.820000,2
74.741512,0.245053431,11.800000,2
74.755512,0.244861683,11.780000,2
74.769667,0.244286440,11.760000,2
74.783808,0.244094693,11.740000,2
74.797892,0.244286440,11.720000,2
74.811903,0.243807071,11.700000,2
74.825861,0.244190567,11.680000,2
74.839610,0.243902945,11.660000,2
74.852924,0.243807071,11.640000,2
74.866441,0.243807071,11.620000,2
74.880322,0.243231829,11.600000,2
74.893701,0.243327702,11.580000,2
74.907914,0.243519450,11.560000,2
74.921220,0.243135955,11.540000,2
74.935450,0.243040081,11.520000,2
74.948607,0.243040081,11.500000,2
74.962596,0.243040081,11.480000,2
74.976196,0.242944207,11.460000,2
74.989655,0.242560712,11.440000,2
75.003476,0.242752460,11.420000,2
75.016786,0.242656586,11.400000,2
75.030246,0.242081343,11.380000,2
75.044263,0.242368964,11.360000,2
75.058345,0.241889595,11.340000,2
75.071914,0.241985469,11.320000,2
75.085634,0.241697848,11.300000,2
75.099727,0.241697848,11.280000,2
75.113247,0.241410226,11.260000,2
75.127391,0.241410226,11.240000,2
75.141195,0.241026731,11.220000,2
75.154675,0.241601974,11.200000,2
75.167941,0.241122605,11.180000,2
75.181226,0.240834984,11.160000,2
75.195312,0.240834984,11.140000,2
75.208857,0.240930857,11.120000,2
75.222163,0.240834984,11.100000,2
75.236381,0.240163867,11.080000,2
75.251192,0.240355615,11.060000,2
75.264602,0.240163867,11.040000,2
75.278764,0.240163867,11.020000,2
75.292289,0.239876246,11.000000,2
75.306180,0.239972120,10.980000,2
75.320670,0.240067993,10.960000,2
75.334355,0.239684498,10.940000,2
75.347206,0.240163867,10.920000,2
75.360081,0.239492751,10.900000,2
75.373544,0.239780372,10.880000,2
75.387477,0.239109255,10.860000,2
75.400616,0.239396877,10.840000,2
75.413933,0.238534013,10.820000,2
75.426969,0.238821634,10.800000,2
75.440344,0.238725760,10.780000,2
75.454165,0.238534013,10.760000,2
75.467491,0.238438139,10.740000,2
75.481011,0.238246391,10.720000,2
75.494680,0.238054644,10.700000,2
75.508791,0.237575275,10.680000,2
75.522769,0.238150517,10.660000,2
75.536634,0.238150517,10.640000,2
75.550467,0.237767022,10.620000,2
75.564642,0.237479401,10.600000,2
75.578758,0.237383527,10.580000,2
75.593084,0.237000032,10.560000,2
75.607089,0.236808284,10.540000,2
75.620863,0.237000032,10.520000,2
75.635198,0.236712410,10.500000,2
75.648486,0.236616537,10.480000,2
75.661993,0.236616537,10.460000,2
75.675727,0.236137168,10.440000,2
75.689082,0.236233041,10.420000,2
75.703359,0.236520663,10.400000,2
75.716657,0.235945420,10.380000,2
75.730215,0.236041294,10.360000,2
75.743539,0.235657799,10.340000,2
75.757167,0.235370177,10.320000,2
75.771449,0.235753672,10.300000,2
75.784878,0.235178430,10.280000,2
75.798249,0.234890808,10.260000,2
75.812090,0.234986682,10.240000,2
75.825623,0.234699061,10.220000,2
75.839599,0.234699061,10.200000,2
75.853582,0.234699061,10.180000,2
75.867117,0.234411439,10.160000,2
75.881202,0.234411439,10.140000,2
75.895307,0.234315565,10.120000,2
75.909370,0.234315565,10.100000,2
75.923300,0.234027944,10.080000,2
75.937686,0.233644449,10.060000,2
75.951710,0.233452701,10.040000,2
75.965233,0.233548575,10.020000,2
75.978789,0.233165080,10.000000,2
75.992781,0.233260954,9.980000,2
76.006741,0.233165080,9.960000,2
76.020767,0.232685711,9.940000,2
76.034757,0.232685711,9.920000,2
76.048903,0.232493963,9.900000,2
76.062376,0.232302216,9.880000,2
76.075873,0.232206342,9.860000,2
76.089763,0.232206342,9.840000,2
76.103387,0.232014594,9.820000,2
76.117674,0.232014594,9.800000,2
76.131605,0.231343478,9.780000,2
76.145035,0.231247604,9.760000,2
76.158893,0.231726973,9.740000,2
76.173082,0.231439351,9.720000,2
76.187566,0.231055856,9.700000,2
76.201447,0.230864109,9.680000,2
76.215037,0.231055856,9.660000,2
76.228578,0.230384740,9.640000,2
76.242266,0.230768235,9.620000,2
76.256271,0.230384740,9.600000,2
76.270009,0.230001244,9.580000,2
76.284193,0.230001244,9.560000,2
76.297767,0.229809497,9.540000,2
76.311555,0.229905371,9.520000,2
76.325207,0.229809497,9.500000,2
76.339304,0.230001244,9.480000,2
76.352885,0.229330128,9.460000,2
76.366800,0.229042506,9.440000,2
76.380965,0.229234254,9.420000,2
76.394980,0.229138380,9.400000,2
76.408599,0.228754885,9.380000,2
76.422466,0.228850759,9.360000,2
76.436040,0.228659011,9.340000,2
76.449512,0.228371390,9.320000,2
76.463558,0.228179642,9.300000,2
76.476912,0.228179642,9.280000,2
76.490911,0.228179642,9.260000,2
76.504763,0.227987895,9.240000,2
76.518972,0.227604399,9.220000,2
76.532458,0.227412652,9.200000,2
76.546654,0.227316778,9.180000,2
76.560804,0.227412652,9.160000,2
76.575176,0.227029157,9.140000,2
76.589426,0.227316778,9.120000,2
76.603001,0.227029157,9.100000,2
76.616280,0.226549788,9.080000,2
76.630038,0.226453914,9.060000,2
76.643474,0.226070419,9.040000,2
76.657073,0.226262166,9.020000,2
76.670698,0.225974545,9.000000,2
76.684461,0.225974545,8.980000,2
76.697583,0.225686923,8.960000,2
76.711409,0.225686923,8.940000,2
76.725349,0.225399302,8.920000,2
76.739127,0.224919933,8.900000,2
76.752988,0.224919933,8.880000,2
76.766634,0.224919933,8.860000,2
76.780986,0.225015807,8.840000,2
76.794539,0.224536438,8.820000,2
76.808500,0.224440564,8.800000,2
76.821831,0.224536438,8.780000,2
76.835638,0.224152943,8.760000,2
76.848968,0.223673574,8.740000,2
76.862933,0.223673574,8.720000,2
76.877242,0.223769447,8.700000,2
76.890820,0.223481826,8.680000,2
76.905003,0.223098331,8.660000,2
76.918674,0.223002457,8.640000,2
76.932184,0.222427214,8.620000,2
76.946220,0.222618962,8.600000,2
76.959709,0.222139593,8.580000,2
76.973204,0.222523088,8.560000,2
76.987830,0.222427214,8.540000,2
77.002128,0.221947845,8.520000,2
77.015736,0.221851971,8.500000,2
77.029488,0.221660224,8.480000,2
77.042875,0.221564350,8.460000,2
77.057050,0.221276729,8.440000,2
77.070434,0.221660224,8.420000,2
77.084418,0.221276729,8.400000,2
77.098692,0.221180855,8.380000,2
77.112345,0.220989107,8.360000,2
77.126352,0.220701486,8.340000,2
77.140152,0.220509738,8.320000,2
77.153850,0.220317991,8.300000,2
77.166933,0.220701486,8.280000,2
77.180589,0.220797360,8.260000,2
77.194740,0.220413864,8.240000,2
77.208210,0.220030369,8.220000,2
77.222007,0.219934495,8.200000,2
77.235473,0.219551000,8.180000,2
77.249154,0.219455126,8.160000,2
77.263191,0.219359253,8.140000,2
77.277395,0.219071631,8.120000,2
77.291787,0.219263379,8.100000,2
77.305024,0.219071631,8.080000,2
77.318943,0.218975757,8.060000,2
77.332253,0.218688136,8.040000,2
77.346069,0.218496388,8.020000,2
77.359762,0.218592262,8.000000,2
77.373833,0.218592262,7.980000,2
77.388996,0.218208767,7.960000,2
77.404197,0.218017019,7.940000,2
77.418209,0.217537650,7.920000,2
77.432193,0.217825272,7.900000,2
77.445862,0.218017019,7.880000,2
77.459928,0.217441777,7.860000,2
77.473625,0.217250029,7.840000,2
77.487144,0.217154155,7.820000,2
77.501299,0.217345903,7.800000,2
77.515134,0.216866534,7.780000,2
77.529300,0.216770660,7.760000,2
77.543444,0.216003670,7.740000,2
77.557158,0.216291291,7.720000,2
77.571263,0.216291291,7.700000,2
77.585467,0.216195417,7.680000,2
77.599467,0.215907796,7.660000,2
77.613233,0.216003670,7.640000,2
77.626762,0.215716048,7.620000,2
77.640429,0.215716048,7.600000,2
77.653967,0.215236679,7.580000,2
77.667297,0.215332553,7.560000,2
77.680919,0.215332553,7.540000,2
77.694756,0.215236679,7.520000,2
77.708224,0.215140806,7.500000,2
77.721918,0.214853184,7.480000,2
77.735655,0.214661437,7.460000,2
77.749111,0.213990320,7.440000,2
77.762908,0.214661437,7.420000,2
77.776881,0.213990320,7.400000,2
77.790303,0.213990320,7.380000,2
77.804042,0.214373815,7.360000,2
77.817876,0.213894446,7.340000,2
77.831725,0.213415077,7.320000,2
77.846098,0.213702699,7.300000,2
77.859591,0.213606825,7.280000,2
77.873198,0.213223330,7.260000,2
77.887787,0.212839834,7.240000,2
77.901339,0.212743961,7.220000,2
77.915000,0.212935708,7.200000,2
77.928723,0.212648087,7.180000,2
77.942698,0.212552213,7.160000,2
77.956428,0.212743961,7.140000,2
77.970475,0.212360465,7.120000,2
77.984352,0.212072844,7.100000,2
77.997775,0.212072844,7.080000,2
78.011767,0.211593475,7.060000,2
78.025705,0.212168718,7.040000,2
78.039575,0.211689349,7.020000,2
78.053125,0.211689349,7.000000,2
78.067295,0.211114106,6.980000,2
78.081987,0.210922358,6.960000,2
78.095117,0.210922358,6.940000,2
78.109437,0.211401727,6.920000,2
78.123563,0.210634737,6.900000,2
78.137608,0.210922358,6.880000,2
78.151109,0.210538863,6.860000,2
78.164678,0.210442989,6.840000,2
78.178149,0.210251242,6.820000,2
78.191410,0.209963620,6.800000,2
78.205404,0.209867747,6.780000,2
78.218940,0.209484251,6.760000,2
78.232634,0.209484251,6.740000,2
78.246256,0.209484251,6.720000,2
78.260023,0.209388378,6.700000,2
78.273383,0.209100756,6.680000,2
78.287719,0.208717261,6.660000,2
78.301540,0.208621387,6.640000,2
78.314994,0.208717261,6.620000,2
78.328731,0.208621387,6.600000,2
78.342472,0.208237892,6.580000,2
78.357074,0.208237892,6.560000,2
78.371358,0.208046144,6.540000,2
78.384528,0.207566775,6.520000,2
78.398041,0.207854397,6.500000,2
78.411696,0.207854397,6.480000,2
78.425332,0.207566775,6.460000,2
78.438703,0.207279154,6.440000,2
78.452862,0.207279154,6.420000,2
78.466817,0.207183280,6.400000,2
78.480946,0.207279154,6.380000,2
78.494531,0.206991533,6.360000,2
78.508382,0.206512164,6.340000,2
78.522207,0.206512164,6.320000,2
78.536222,0.206128668,6.300000,2
78.550853,0.206128668,6.280000,2
78.564501,0.206032795,6.260000,2
78.578503,0.205841047,6.240000,2
78.592784,0.205169930,6.220000,2
78.606956,0.205265804,6.200000,2
78.620546,0.205169930,6.180000,2
78.634676,0.205265804,6.160000,2
78.648127,0.205074057,6.140000,2
78.662175,0.204882309,6.120000,2
78.676388,0.204882309,6.100000,2
78.689888,0.204690561,6.080000,2
78.704086,0.204594688,6.060000,2
78.718490,0.204402940,6.040000,2
78.732491,0.204211192,6.020000,2
78.746417,0.203827697,6.000000,2
78.760584,0.203731823,5.980000,2
78.774428,0.203540076,5.960000,2
78.788254,0.203060707,5.940000,2
78.802101,0.203540076,5.920000,2
78.816477,0.203348328,5.900000,2
78.830122,0.203156581,5.880000,2
78.844291,0.202964833,5.860000,2
78.857888,0.202581338,5.840000,2
78.872296,0.202773085,5.820000,2
78.886198,0.202293716,5.800000,2
78.900090,0.202581338,5.780000,2
78.913600,0.202389590,5.760000,2
78.928257,0.202101969,5.740000,2
78.942271,0.201718474,5.720000,2
78.956849,0.201910221,5.700000,2
78.971258,0.201430852,5.680000,2
78.984369,0.200855609,5.660000,2
78.998125,0.201143231,5.640000,2
79.012619,0.200663862,5.620000,2
79.026189,0.200376240,5.600000,2
79.040227,0.200472114,5.580000,2
79.054351,0.200280367,5.560000,2
79.068473,0.199896871,5.540000,2
79.081944,0.200088619,5.520000,2
79.095565,0.199896871,5.500000,2
79.109595,0.199321629,5.480000,2
79.123630,0.199609250,5.460000,2
79.138436,0.199129881,5.440000,2
79.152486,0.198842260,5.420000,2
79.166031,0.198938133,5.400000,2
79.179532,0.198171143,5.380000,2
79.193101,0.198458764,5.360000,2
79.207087,0.198362891,5.340000,2
79.220428,0.198171143,5.320000,2
79.233899,0.197979395,5.300000,2
79.247175,0.197883522,5.280000,2
79.260222,0.197691774,5.260000,2
79.273387,0.197691774,5.240000,2
79.286700,0.197308279,5.220000,2
79.300081,0.197020657,5.200000,2
79.313561,0.196924784,5.180000,2
79.326702,0.196157793,5.160000,2
79.339974,0.196445415,5.140000,2
79.353211,0.196445415,5.120000,2
79.366299,0.196061919,5.100000,2
79.379572,0.195774298,5.080000,2
79.393007,0.195582550,5.060000,2
79.406134,0.195486677,5.040000,2
79.419596,0.195007308,5.020000,2
79.433264,0.194623812,5.000000,2
79.446560,0.194527939,4.980000,2
79.459732,0.194623812,4.960000,2
79.473215,0.194815560,4.940000,2
79.486272,0.194048570,4.920000,2
79.500391,0.193569201,4.900000,2
79.514126,0.194048570,4.880000,2
79.527916,0.193473327,4.860000,2
79.541762,0.193665074,4.840000,2
79.555676,0.192993958,4.820000,2
79.569136,0.193089832,4.800000,2
79.582280,0.192610463,4.780000,2
79.596117,0.192226967,4.760000,2
79.609687,0.192706336,4.740000,2
79.623487,0.192131094,4.720000,2
79.636844,0.192226967,4.700000,2
79.651035,0.191459977,4.680000,2
79.664806,0.191939346,4.660000,2
79.678398,0.191268229,4.640000,2
79.692080,0.191172356,4.620000,2
79.705243,0.190980608,4.600000,2
79.719257,0.190788860,4.580000,2
79.732695,0.190980608,4.560000,2
79.746583,0.190884734,4.540000,2
79.760362,0.190405365,4.520000,2
79.773995,0.189830123,4.500000,2
79.788184,0.189734249,4.480000,2
79.801588,0.189830123,4.460000,2
79.815154,0.189350754,4.440000,2
79.828893,0.188967258,4.420000,2
79.842545,0.188967258,4.400000,2
79.856019,0.188583763,4.380000,2
79.869440,0.188679637,4.360000,2
79.884219,0.187912647,4.340000,2
79.897832,0.188296142,4.320000,2
79.911295,0.187816773,4.300000,2
79.925612,0.187625025,4.280000,2
79.939646,0.187625025,4.260000,2
79.953415,0.187720899,4.240000,2
79.967750,0.187145656,4.220000,2
79.982135,0.187049782,4.200000,2
79.995144,0.186762161,4.180000,2
80.008817,0.186570413,4.160000,2
80.022518,0.186282792,4.140000,2
80.036030,0.186091044,4.120000,2
80.050019,0.185803423,4.100000,2
80.063397,0.185611675,4.080000,2
80.076901,0.185228180,4.060000,2
80.091026,0.185228180,4.040000,2
80.104327,0.185324054,4.020000,2
80.118027,0.184844685,4.000000,2
80.132114,0.184748811,3.980000,2
80.146919,0.184844685,3.960000,2
80.160482,0.184365316,3.940000,2
80.174456,0.184269442,3.920000,2
80.188522,0.183981821,3.900000,2
80.202384,0.183885947,3.880000,2
80.215662,0.183310704,3.860000,2
80.229040,0.183118957,3.840000,2
80.242793,0.183214830,3.820000,2
80.257535,0.183310704,3.800000,2
80.271276,0.182351966,3.780000,2
80.284477,0.182447840,3.760000,2
80.298906,0.182160219,3.740000,2
80.312712,0.182064345,3.720000,2
80.326014,0.181584976,3.700000,2
80.338843,0.181680850,3.680000,2
80.351880,0.181584976,3.660000,2
80.364913,0.181201481,3.640000,2
80.378013,0.181009733,3.620000,2
80.391747,0.181201481,3.600000,2
80.404980,0.180530364,3.580000,2
80.418199,0.180913859,3.560000,2
80.431031,0.180434490,3.540000,2
80.445745,0.180050995,3.520000,2
80.459774,0.180050995,3.500000,2
80.473255,0.180242743,3.480000,2
80.487315,0.179667500,3.460000,2
80.500620,0.179284005,3.440000,2
80.514647,0.179475752,3.420000,2
80.528130,0.179092257,3.400000,2
80.541548,0.178900509,3.380000,2
80.555416,0.178421140,3.360000,2
80.569485,0.177941771,3.340000,2
80.583117,0.178133519,3.320000,2
80.597257,0.177845898,3.300000,2
80.611451,0.177750024,3.280000,2
80.624787,0.177654150,3.260000,2
80.637968,0.177558276,3.240000,2
80.651630,0.177174781,3.220000,2
80.665743,0.177174781,3.200000,2
80.679571,0.176599538,3.180000,2
80.694501,0.176503664,3.160000,2
80.708118,0.176120169,3.140000,2
80.722106,0.175832548,3.120000,2
80.735602,0.175544926,3.100000,2
80.749432,0.175161431,3.080000,2
80.763239,0.175736674,3.060000,2
80.777033,0.175257305,3.040000,2
80.791334,0.175065557,3.020000,2
80.805013,0.174682062,3.000000,2
80.818728,0.174394441,2.980000,2
80.832417,0.174586188,2.960000,2
80.846956,0.174394441,2.940000,2
80.861176,0.173819198,2.920000,2
80.874465,0.174010946,2.900000,2
80.888713,0.173723324,2.880000,2
80.902411,0.173435703,2.860000,2
80.916169,0.173435703,2.840000,2
80.929838,0.172956334,2.820000,2
80.943677,0.173148081,2.800000,2
80.957741,0.172381091,2.780000,2
80.972037,0.172285217,2.760000,2
80.985878,0.172093470,2.740000,2
80.999196,0.172093470,2.720000,2
81.012945,0.171518227,2.700000,2
81.026433,0.171614101,2.680000,2
81.040445,0.171518227,2.660000,2
81.054633,0.170847110,2.640000,2
81.068424,0.170751236,2.620000,2
81.082241,0.170751236,2.600000,2
81.095553,0.170175994,2.580000,2
81.109305,0.169696625,2.560000,2
81.123462,0.169792498,2.540000,2
81.137063,0.169313129,2.520000,2
81.150485,0.169313129,2.500000,2
81.164520,0.169217256,2.480000,2
81.179117,0.168546139,2.460000,2
81.192969,0.168546139,2.440000,2
81.206998,0.168066770,2.420000,2
81.220506,0.168258518,2.400000,2
81.234244,0.167683275,2.380000,2
81.248196,0.167683275,2.360000,2
81.262222,0.167683275,2.340000,2
81.276378,0.167203906,2.320000,2
81.289977,0.166916284,2.300000,2
81.304059,0.166245168,2.280000,2
81.317465,0.166245168,2.260000,2
81.330934,0.166149294,2.240000,2
81.345248,0.165669925,2.220000,2
81.359242,0.165286430,2.200000,2
81.372912,0.164902935,2.180000,2
81.386693,0.164902935,2.160000,2
81.400341,0.164327692,2.140000,2
81.413831,0.164040071,2.120000,2
81.428271,0.163848323,2.100000,2
81.442202,0.163273080,2.080000,2
81.455590,0.163273080,2.060000,2
81.469089,0.162889585,2.040000,2
81.482430,0.162889585,2.020000,2
81.496546,0.162793711,2.000000,2
81.510007,0.161739099,1.980000,2
81.523692,0.161547352,1.960000,2
81.537532,0.161355604,1.940000,2
81.552000,0.160876235,1.920000,2
81.565534,0.160876235,1.900000,2
81.579580,0.160396866,1.880000,2
81.593441,0.159821623,1.860000,2
81.607123,0.159438128,1.840000,2
81.620743,0.159150507,1.820000,2
81.634439,0.158862885,1.800000,2
81.648357,0.158671138,1.780000,2
81.661815,0.158095895,1.760000,2
81.675445,0.157712400,1.740000,2
81.690631,0.157424778,1.720000,2
81.704146,0.156945409,1.700000,2
81.717576,0.156657788,1.680000,2
81.731595,0.156370167,1.660000,2
81.745072,0.155890798,1.640000,2
81.758788,0.155507302,1.620000,2
81.773203,0.155027933,1.600000,2
81.787407,0.154932060,1.580000,2
81.801063,0.154548564,1.560000,2
81.815233,0.153973322,1.540000,2
81.828661,0.153685700,1.520000,2
81.842263,0.152918710,1.500000,2
81.856148,0.153110457,1.480000,2
81.869668,0.152631088,1.460000,2
81.883991,0.152151719,1.440000,2
81.898231,0.152151719,1.420000,2
81.912282,0.151384729,1.400000,2
81.925656,0.150905360,1.380000,2
81.939451,0.150617739,1.360000,2
81.953666,0.150425991,1.340000,2
81.966816,0.149946622,1.320000,2
81.981075,0.150042496,1.300000,2
81.995179,0.149179632,1.280000,2
82.008751,0.148892010,1.260000,2
82.022491,0.148412641,1.240000,2
82.036571,0.148125020,1.220000,2
82.050199,0.147837398,1.200000,2
82.064154,0.147741525,1.180000,2
82.077916,0.147358029,1.160000,2
82.091428,0.146686913,1.140000,2
82.105136,0.146303418,1.120000,2
82.118584,0.145919922,1.100000,2
82.132569,0.145536427,1.080000,2
82.146020,0.145057058,1.060000,2
82.159703,0.145057058,1.040000,2
82.173276,0.145057058,1.020000,2
82.187103,0.144290068,1.000000,2
82.201201,0.144385942,0.980000,2
82.214408,0.144098320,0.960000,2
82.228006,0.143714825,0.940000,2
82.241761,0.143618951,0.920000,2
82.255495,0.143523077,0.900000,2
82.269757,0.143235456,0.880000,2
82.283627,0.142276718,0.860000,2
82.297329,0.142660213,0.840000,2
82.311336,0.142468466,0.820000,2
82.325344,0.142468466,0.800000,2
82.338939,0.142180844,0.780000,2
82.353266,0.142084970,0.760000,2
82.366606,0.141317980,0.740000,2
82.380791,0.141126232,0.720000,2
82.394161,0.141126232,0.700000,2
82.407384,0.140742737,0.680000,2
82.421675,0.140934485,0.660000,2
82.434797,0.140646863,0.640000,2
82.449034,0.140838611,0.620000,2
82.463420,0.140455116,0.600000,2
82.477486,0.140071621,0.580000,2
82.491506,0.139975747,0.560000,2
82.505070,0.139879873,0.540000,2
82.518968,0.139496378,0.520000,2
82.532640,0.139400504,0.500000,2
82.546741,0.138825261,0.480000,2
82.560466,0.138250019,0.460000,2
82.574080,0.138154145,0.440000,2
82.588018,0.137962397,0.420000,2
82.601692,0.137770650,0.400000,2
82.615320,0.137291281,0.380000,2
82.629215,0.137099533,0.360000,2
82.642599,0.136716038,0.340000,2
82.656421,0.136524290,0.320000,2
82.670435,0.136236669,0.300000,2
82.683655,0.135949047,0.280000,2
82.697750,0.135757300,0.260000,2
82.711686,0.134990309,0.240000,2
82.725440,0.135086183,0.220000,2
82.739469,0.134606814,0.200000,2
82.753298,0.134031571,0.180000,2
82.767197,0.133743950,0.160000,2
82.780997,0.133743950,0.140000,2
82.794488,0.132785212,0.120000,2
82.808182,0.132881086,0.100000,2
82.822007,0.132593464,0.080000,2
82.836076,0.132018222,0.060000,2
82.849681,0.131826474,0.040000,2
82.863942,0.131826474,0.020000,2
82.877751,0.131059484,0.000000,2
82.893311,0.130771862,0.000000,2
82.906581,0.130580115,-0.020000,2
82.920338,0.130196619,-0.040000,2
82.933875,0.130292493,-0.060000,2
82.947445,0.129717250,-0.080000,2
82.961576,0.129621377,-0.100000,2
82.975612,0.128854386,-0.120000,2
82.989519,0.128470891,-0.140000,2
83.003188,0.128470891,-0.160000,2
83.017095,0.127320405,-0.180000,2
83.030981,0.127224532,-0.200000,2
83.044794,0.126457541,-0.220000,2
83.059284,0.125594677,-0.240000,2
83.073004,0.125307056,-0.260000,2
83.086737,0.124444191,-0.280000,2
83.100229,0.124635939,-0.300000,2
83.114244,0.124252444,-0.320000,2
83.128590,0.122910211,-0.340000,2
83.142901,0.122814337,-0.360000,2
83.156800,0.122047346,-0.380000,2
83.170929,0.121472104,-0.400000,2
83.184956,0.121184482,-0.420000,2
83.198257,0.120225744,-0.440000,2
83.211914,0.119458754,-0.460000,2
83.226155,0.118404142,-0.480000,2
83.240196,0.117828899,-0.500000,2
83.254080,0.116582540,-0.520000,2
83.267511,0.116007297,-0.540000,2
83.281293,0.115432054,-0.560000,2
83.295213,0.113993947,-0.580000,2
83.309513,0.113514578,-0.600000,2
83.323492,0.112268219,-0.620000,2
83.337441,0.111692976,-0.640000,2
83.350893,0.111213607,-0.660000,2
83.364574,0.110638364,-0.680000,2
83.378272,0.109583753,-0.700000,2
83.392467,0.109392005,-0.720000,2
83.406805,0.108625015,-0.740000,2
83.420103,0.107666277,-0.760000,2
83.434333,0.107378655,-0.780000,2
83.449288,0.106707539,-0.800000,2
83.462961,0.105844674,-0.820000,2
83.477378,0.105461179,-0.840000,2
83.491546,0.104790063,-0.860000,2
83.505002,0.104598315,-0.880000,2
83.518920,0.104023072,-0.900000,2
83.533432,0.103639577,-0.920000,2
83.546958,0.102776713,-0.940000,2
83.560693,0.102584965,-0.960000,2
83.575058,0.101722101,-0.980000,2
83.588866,0.101722101,-1.000000,2
83.602017,0.101434480,-1.020000,2
83.615731,0.100475742,-1.040000,2
83.629828,0.100475742,-1.060000,2
83.643367,0.099517004,-1.080000,2
83.656892,0.099325256,-1.100000,2
83.670405,0.098558266,-1.120000,2
83.684260,0.098941761,-1.140000,2
83.698099,0.098366518,-1.160000,2
83.711559,0.097887149,-1.180000,2
83.725645,0.097791275,-1.200000,2
83.739033,0.097503654,-1.220000,2
83.752344,0.097120159,-1.240000,2
83.766048,0.096928411,-1.260000,2
83.780411,0.096161421,-1.280000,2
83.794797,0.095873799,-1.300000,2
83.808216,0.095394430,-1.320000,2
83.822343,0.094723314,-1.340000,2
83.835618,0.094052197,-1.360000,2
83.849245,0.093764576,-1.380000,2
83.862849,0.093189333,-1.400000,2
83.877119,0.092805838,-1.420000,2
83.890967,0.092038847,-1.440000,2
83.905130,0.091942973,-1.460000,2
83.919084,0.090888362,-1.480000,2
83.932750,0.089929624,-1.500000,2
83.947317,0.088970886,-1.520000,2
83.961382,0.088683264,-1.540000,2
83.975019,0.087532779,-1.560000,2
83.988909,0.086957536,-1.580000,2
84.002535,0.086190546,-1.600000,2
84.016562,0.084848312,-1.620000,2
84.029912,0.083697827,-1.640000,2
84.043791,0.083026710,-1.660000,2
84.057439,0.081492729,-1.680000,2
84.071206,0.080342244,-1.700000,2
84.085266,0.079383506,-1.720000,2
84.098610,0.078424768,-1.740000,2
84.112794,0.077753651,-1.760000,2
84.127571,0.076411418,-1.780000,2
84.140629,0.075644428,-1.800000,2
84.154715,0.074781563,-1.820000,2
84.168500,0.073918699,-1.840000,2
84.181775,0.072576466,-1.860000,2
84.195415,0.072097097,-1.880000,2
84.209688,0.070946611,-1.900000,2
84.223165,0.070563116,-1.920000,2
84.236610,0.070371369,-1.940000,2
84.250539,0.069892000,-1.960000,2
84.264011,0.068933262,-1.980000,2
84.277965,0.068549766,-2.000000,2
84.292000,0.067974524,-2.020000,2
84.305834,0.067495155,-2.040000,2
84.319854,0.067015786,-2.060000,2
84.335098,0.066824038,-2.080000,2
84.348675,0.065673552,-2.100000,2
84.361762,0.065673552,-2.120000,2
84.375354,0.065194183,-2.140000,2
84.389276,0.065194183,-2.160000,2
84.402613,0.064714814,-2.180000,2
84.416562,0.064331319,-2.200000,2
84.431505,0.063947824,-2.220000,2
84.445516,0.063372581,-2.240000,2
84.459003,0.063276708,-2.260000,2
84.472883,0.062989086,-2.280000,2
84.486573,0.062030348,-2.300000,2
84.500109,0.062222096,-2.320000,2
84.514106,0.061742727,-2.340000,2
84.527606,0.061550979,-2.360000,2
84.541618,0.061263358,-2.380000,2
84.555657,0.060975736,-2.400000,2
84.569506,0.060400494,-2.420000,2
84.583039,0.060208746,-2.440000,2
84.597034,0.059633503,-2.460000,2
84.610716,0.059154134,-2.480000,2
84.624568,0.058770639,-2.500000,2
84.638122,0.058387144,-2.520000,2
84.651456,0.058003649,-2.540000,2
84.665482,0.057716027,-2.560000,2
84.679261,0.057332532,-2.580000,2
84.692751,0.057140784,-2.600000,2
84.706919,0.056853163,-2.620000,2
84.720173,0.056469668,-2.640000,2
84.733622,0.056086173,-2.660000,2
84.747591,0.055894425,-2.680000,2
84.761263,0.055510930,-2.700000,2
84.774813,0.054839813,-2.720000,2
84.788653,0.054456318,-2.740000,2
84.802656,0.054072823,-2.760000,2
84.816515,0.053497580,-2.780000,2
84.830292,0.053114085,-2.800000,2
84.844264,0.052634716,-2.820000,2
84.857646,0.052155347,-2.840000,2
84.871769,0.051388356,-2.860000,2
84.885121,0.051388356,-2.880000,2
84.899107,0.050813114,-2.900000,2
84.912889,0.050237871,-2.920000,2
84.926222,0.050237871,-2.940000,2
84.939633,0.049566754,-2.960000,2
84.953513,0.048991511,-2.980000,2
84.966896,0.048799764,-3.000000,2
84.980809,0.048224521,-3.020000,2
84.994252,0.047936900,-3.040000,2
85.007575,0.046882288,-3.060000,2
85.021169,0.046019424,-3.080000,2
85.034642,0.046019424,-3.100000,2
85.048354,0.045252433,-3.120000,2
85.061917,0.045348307,-3.140000,2
85.075385,0.044293695,-3.160000,2
85.088817,0.044197821,-3.180000,2
85.102897,0.043334957,-3.200000,2
85.116618,0.043047336,-3.220000,2
85.130081,0.042759714,-3.240000,2
85.143834,0.041800976,-3.260000,2
85.157312,0.041321607,-3.280000,2
85.170969,0.040554617,-3.300000,2
85.184351,0.040266996,-3.320000,2
85.197884,0.039979374,-3.340000,2
85.211444,0.039404131,-3.360000,2
85.225109,0.038828889,-3.380000,2
85.238618,0.038637141,-3.400000,2
85.252629,0.038445393,-3.420000,2
85.266716,0.036911413,-3.440000,2
85.279727,0.037294908,-3.460000,2
85.293288,0.036432044,-3.480000,2
85.307282,0.036048549,-3.500000,2
85.321002,0.035377432,-3.520000,2
85.334100,0.035089811,-3.540000,2
85.346991,0.034802189,-3.560000,2
85.359904,0.034322820,-3.580000,2
85.373374,0.033939325,-3.600000,2
85.387150,0.033651704,-3.620000,2
85.400599,0.033268208,-3.640000,2
85.413795,0.032501218,-3.660000,2
85.426636,0.032309470,-3.680000,2
85.440257,0.031925975,-3.700000,2
85.454033,0.031542480,-3.720000,2
85.467471,0.031734228,-3.740000,2
85.481136,0.030967237,-3.760000,2
85.494407,0.030583742,-3.780000,2
85.508482,0.030296121,-3.800000,2
85.522275,0.029625004,-3.820000,2
85.535906,0.029625004,-3.840000,2
85.549831,0.029241509,-3.860000,2
85.563357,0.028666266,-3.880000,2
85.577502,0.028666266,-3.900000,2
85.591250,0.028378645,-3.920000,2
85.605076,0.027707528,-3.940000,2
85.618799,0.027132285,-3.960000,2
85.632741,0.026940538,-3.980000,2
85.646484,0.026940538,-4.000000,2
85.660162,0.026269421,-4.020000,2
85.673932,0.025981800,-4.040000,2
85.687854,0.025694178,-4.060000,2
85.701452,0.025502431,-4.080000,2
85.715478,0.025310683,-4.100000,2
85.729523,0.024639566,-4.120000,2
85.742906,0.024735440,-4.140000,2
85.756568,0.023968450,-4.160000,2
85.770811,0.024447819,-4.180000,2
85.784745,0.023776702,-4.200000,2
85.798706,0.023393207,-4.220000,2
85.813436,0.023009712,-4.240000,2
85.826988,0.022626217,-4.260000,2
85.841115,0.022338595,-4.280000,2
85.855072,0.021955100,-4.300000,2
85.868726,0.021955100,-4.320000,2
85.881916,0.021667479,-4.340000,2
85.895530,0.021092236,-4.360000,2
85.909216,0.020996362,-4.380000,2
85.923137,0.020516993,-4.400000,2
85.936743,0.020421119,-4.420000,2
85.950821,0.020037624,-4.440000,2
85.964766,0.019558255,-4.460000,2
85.978572,0.019462381,-4.480000,2
85.992067,0.018887138,-4.500000,2
86.005719,0.019078886,-4.520000,2
86.019397,0.018887138,-4.540000,2
86.033126,0.018120148,-4.560000,2
86.046620,0.018407769,-4.580000,2
86.060205,0.017832527,-4.600000,2
86.074019,0.017353158,-4.620000,2
86.087661,0.016873789,-4.640000,2
86.101552,0.017065536,-4.660000,2
86.115800,0.016682041,-4.680000,2
86.129778,0.015915051,-4.700000,2
86.143665,0.015531555,-4.720000,2
86.157744,0.015435682,-4.740000,2
86.171867,0.015148060,-4.760000,2
86.185725,0.015148060,-4.780000,2
86.199607,0.014668691,-4.800000,2
86.213284,0.014093448,-4.820000,2
86.226658,0.014285196,-4.840000,2
86.240845,0.013614079,-4.860000,2
86.254526,0.013038837,-4.880000,2
86.268337,0.013422332,-4.900000,2
86.282465,0.012559468,-4.920000,2
86.296442,0.012367720,-4.940000,2
86.310262,0.012080099,-4.960000,2
86.324048,0.011600730,-4.980000,2
86.338080,0.011313108,-5.000000,2
86.351540,0.010833739,-5.020000,2
86.365471,0.010737866,-5.040000,2
86.379049,0.010450244,-5.060000,2
86.392967,0.010162623,-5.080000,2
86.406744,0.010162623,-5.100000,2
86.421087,0.009779128,-5.120000,2
86.435021,0.009395632,-5.140000,2
86.448904,0.008724516,-5.160000,2
86.462485,0.008436894,-5.180000,2
86.476711,0.008341021,-5.200000,2
86.490484,0.007765778,-5.220000,2
86.503050,0.007190535,-5.240000,2
86.516792,0.006807040,-5.260000,2
86.530875,0.006711166,-5.280000,2
86.544436,0.005944176,-5.300000,2
86.558740,0.006040049,-5.320000,2
86.572306,0.005464807,-5.340000,2
86.586605,0.004889564,-5.360000,2
86.601207,0.004793690,-5.380000,2
86.614753,0.004697816,-5.400000,2
86.627923,0.004506069,-5.420000,2
86.641857,0.004218447,-5.440000,2
86.655716,0.003355583,-5.460000,2
86.669103,0.003163835,-5.480000,2
86.683024,0.003259709,-5.500000,2
86.696489,0.002684466,-5.520000,2
86.710500,0.002492719,-5.540000,2
86.724557,0.001821602,-5.560000,2
86.738827,0.001629855,-5.580000,2
86.753021,0.001246359,-5.600000,2
86.766843,0.000862864,-5.620000,2
86.780357,0.000383495,-5.640000,2
86.794424,0.000000000,-5.660000,2
86.808824,0.000000000,-5.680000,2
86.822704,-0.000479369,-5.700000,2
86.836433,-0.000958738,-5.720000,2
86.850472,-0.001342233,-5.740000,2
86.863846,-0.001533981,-5.760000,2
86.877674,-0.002109224,-5.780000,2
86.891400,-0.002013350,-5.800000,2
86.904613,-0.002684466,-5.820000,2
86.918666,-0.002972088,-5.840000,2
86.932046,-0.003355583,-5.860000,2
86.945635,-0.003739078,-5.880000,2
86.959536,-0.004026700,-5.900000,2
86.973496,-0.003739078,-5.920000,2
86.987233,-0.004506069,-5.940000,2
87.000542,-0.004889564,-5.960000,2
87.014132,-0.005081311,-5.980000,2
87.028306,-0.005848302,-6.000000,2
87.041889,-0.005656554,-6.020000,2
87.055631,-0.006423545,-6.040000,2
87.069328,-0.006615292,-6.060000,2
87.082985,-0.006998787,-6.080000,2
87.096469,-0.007382283,-6.100000,2
87.110348,-0.007382283,-6.120000,2
87.125371,-0.008245147,-6.140000,2
87.139096,-0.008341021,-6.160000,2
87.152990,-0.008916263,-6.180000,2
87.167104,-0.008724516,-6.200000,2
87.182108,-0.009203885,-6.220000,2
87.196329,-0.009395632,-6.240000,2
87.209636,-0.010066749,-6.260000,2
87.222903,-0.009970875,-6.280000,2
87.236786,-0.010450244,-6.300000,2
87.250266,-0.011121361,-6.320000,2
87.264478,-0.011217235,-6.340000,2
87.278275,-0.011408982,-6.360000,2
87.291939,-0.011696604,-6.380000,2
87.305648,-0.012080099,-6.400000,2
87.320301,-0.012080099,-6.420000,2
87.334548,-0.012463594,-6.440000,2
87.348069,-0.012655342,-6.460000,2
87.362146,-0.013326458,-6.480000,2
87.375850,-0.013805827,-6.500000,2
87.390310,-0.013805827,-6.520000,2
87.403929,-0.014285196,-6.540000,2
87.417149,-0.014764565,-6.560000,2
87.430762,-0.014668691,-6.580000,2
87.443715,-0.014956313,-6.600000,2
87.456978,-0.015531555,-6.620000,2
87.470256,-0.015819177,-6.640000,2
87.483502,-0.015819177,-6.660000,2
87.496568,-0.016394420,-6.680000,2
87.509135,-0.016682041,-6.700000,2
87.522393,-0.016969662,-6.720000,2
87.537264,-0.017353158,-6.740000,2
87.550496,-0.017640779,-6.760000,2
87.564323,-0.018120148,-6.780000,2
87.577946,-0.018216022,-6.800000,2
87.592395,-0.018599517,-6.820000,2
87.606438,-0.018791265,-6.840000,2
87.619474,-0.019558255,-6.860000,2
87.633346,-0.019558255,-6.880000,2
87.646839,-0.020516993,-6.900000,2
87.661271,-0.020229372,-6.920000,2
87.674519,-0.020996362,-6.940000,2
87.688258,-0.021283983,-6.960000,2
87.702304,-0.021092236,-6.980000,2
87.716864,-0.021571605,-7.000000,2
87.730310,-0.021667479,-7.020000,2
87.744396,-0.022146848,-7.040000,2
87.758381,-0.022530343,-7.060000,2
87.772223,-0.023201459,-7.080000,2
87.786563,-0.023489081,-7.100000,2
87.800241,-0.023680828,-7.120000,2
87.813942,-0.023968450,-7.140000,2
87.827574,-0.024351945,-7.160000,2
87.841312,-0.024351945,-7.180000,2
87.855778,-0.024831314,-7.200000,2
87.869391,-0.025885926,-7.220000,2
87.883131,-0.025694178,-7.240000,2
87.896283,-0.025790052,-7.260000,2
87.910652,-0.026173547,-7.280000,2
87.924333,-0.027132285,-7.300000,2
87.938354,-0.027036411,-7.320000,2
87.952349,-0.027419907,-7.340000,2
87.965966,-0.027707528,-7.360000,2
87.980129,-0.027899276,-7.380000,2
87.994001,-0.028858014,-7.400000,2
88.007284,-0.029145635,-7.420000,2
88.021590,-0.029720878,-7.440000,2
88.035623,-0.030487868,-7.460000,2
88.049278,-0.030391994,-7.480000,2
88.063282,-0.030967237,-7.500000,2
88.077141,-0.031542480,-7.520000,2
88.091010,-0.031830101,-7.540000,2
88.104612,-0.032405344,-7.560000,2
88.118452,-0.032405344,-7.580000,2
88.131867,-0.033076461,-7.600000,2
88.146255,-0.033651704,-7.620000,2
88.159893,-0.033459956,-7.640000,2
88.173859,-0.034610442,-7.660000,2
88.187763,-0.034610442,-7.680000,2
88.201415,-0.035089811,-7.700000,2
88.215431,-0.035377432,-7.720000,2
88.228970,-0.035952675,-7.740000,2
88.242653,-0.036432044,-7.760000,2
88.256979,-0.036623791,-7.780000,2
88.271092,-0.037582529,-7.800000,2
88.285245,-0.038061898,-7.820000,2
88.298839,-0.038157772,-7.840000,2
88.312664,-0.039020636,-7.860000,2
88.326445,-0.039308258,-7.880000,2
88.339448,-0.039787627,-7.900000,2
88.353440,-0.040554617,-7.920000,2
88.366712,-0.040746365,-7.940000,2
88.381223,-0.040938112,-7.960000,2
88.394606,-0.041705103,-7.980000,2
88.408560,-0.041609229,-8.000000,2
88.422664,-0.042184472,-8.020000,2
88.436291,-0.042376219,-8.040000,2
88.449818,-0.043334957,-8.060000,2
88.464376,-0.043430831,-8.080000,2
88.478015,-0.044101948,-8.100000,2
88.491582,-0.044293695,-8.120000,2
88.505181,-0.044293695,-8.140000,2
88.518825,-0.044868938,-8.160000,2
88.532896,-0.045348307,-8.180000,2
88.546761,-0.045827676,-8.200000,2
88.560395,-0.045827676,-8.220000,2
88.573870,-0.046402919,-8.240000,2
88.587600,-0.046882288,-8.260000,2
88.601701,-0.046978162,-8.280000,2
88.615129,-0.046978162,-8.300000,2
88.628827,-0.047553404,-8.320000,2
88.642358,-0.047745152,-8.340000,2
88.656439,-0.048416269,-8.360000,2
88.670615,-0.048991511,-8.380000,2
88.684719,-0.048895638,-8.400000,2
88.698041,-0.049279133,-8.420000,2
88.711639,-0.049279133,-8.440000,2
88.725587,-0.049662628,-8.460000,2
88.739183,-0.050333745,-8.480000,2
88.753276,-0.050525492,-8.500000,2
88.766746,-0.050621366,-8.520000,2
88.781080,-0.051100735,-8.540000,2
88.794812,-0.051484230,-8.560000,2
88.808554,-0.051292483,-8.580000,2
88.822490,-0.051963599,-8.600000,2
88.836330,-0.052442968,-8.620000,2
88.850217,-0.052634716,-8.640000,2
88.863984,-0.052538842,-8.660000,2
88.877728,-0.052826463,-8.680000,2
88.891114,-0.053593454,-8.700000,2
88.905396,-0.053018211,-8.720000,2
88.919294,-0.053785201,-8.740000,2
88.933149,-0.053497580,-8.760000,2
88.947602,-0.054648066,-8.780000,2
88.961236,-0.054168697,-8.800000,2
88.974868,-0.054839813,-8.820000,2
88.989016,-0.054648066,-8.840000,2
89.003361,-0.055319182,-8.860000,2
89.016915,-0.055319182,-8.880000,2
89.030609,-0.055894425,-8.900000,2
89.044215,-0.055798551,-8.920000,2
89.058546,-0.056373794,-8.940000,2
89.071896,-0.056565542,-8.960000,2
89.085753,-0.056757289,-8.980000,2
89.098666,-0.057044911,-9.000000,2
89.112324,-0.057428406,-9.020000,2
89.125709,-0.057907775,-9.040000,2
89.139280,-0.058099522,-9.060000,2
89.153026,-0.058195396,-9.080000,2
89.166709,-0.058291270,-9.100000,2
89.180713,-0.058387144,-9.120000,2
89.194778,-0.058578891,-9.140000,2
89.208213,-0.058962387,-9.160000,2
89.222008,-0.059345882,-9.180000,2
89.235776,-0.059729377,-9.200000,2
89.249476,-0.059825251,-9.220000,2
89.263504,-0.060304620,-9.240000,2
89.277409,-0.060592241,-9.260000,2
89.290935,-0.060688115,-9.280000,2
89.304815,-0.060688115,-9.300000,2
89.318063,-0.061455105,-9.320000,2
89.331908,-0.061167484,-9.340000,2
89.346552,-0.061646853,-9.360000,2
89.360221,-0.062030348,-9.380000,2
89.374199,-0.062222096,-9.400000,2
89.387278,-0.062605591,-9.420000,2
89.401538,-0.062317970,-9.440000,2
89.415223,-0.062893212,-9.460000,2
89.429304,-0.062893212,-9.480000,2
89.443002,-0.063372581,-9.500000,2
89.457029,-0.063851950,-9.520000,2
89.471135,-0.063947824,-9.540000,2
89.485156,-0.064331319,-9.560000,2
89.498845,-0.064618941,-9.580000,2
89.512341,-0.064810688,-9.600000,2
89.527084,-0.065481805,-9.620000,2
89.541044,-0.065385931,-9.640000,2
89.554730,-0.065577679,-9.660000,2
89.568671,-0.066152921,-9.680000,2
89.582586,-0.065769426,-9.700000,2
89.596043,-0.066248795,-9.720000,2
89.610190,-0.066919912,-9.740000,2
89.623810,-0.067015786,-9.760000,2
89.637230,-0.067207533,-9.780000,2
89.651363,-0.067303407,-9.800000,2
89.665107,-0.067591028,-9.820000,2
89.679020,-0.067878650,-9.840000,2
89.693037,-0.068358019,-9.860000,2
89.707040,-0.068645640,-9.880000,2
89.720576,-0.068645640,-9.900000,2
89.734131,-0.068933262,-9.920000,2
89.747802,-0.069508504,-9.940000,2
89.761563,-0.069987873,-9.960000,2
89.775182,-0.069892000,-9.980000,2
89.788761,-0.070467242,-10.000000,2
89.802680,-0.070467242,-10.020000,2
89.816237,-0.070946611,-10.040000,2
89.829663,-0.070754864,-10.060000,2
89.842611,-0.071138359,-10.080000,2
89.856252,-0.071330107,-10.100000,2
89.870015,-0.071713602,-10.120000,2
89.883615,-0.071905349,-10.140000,2
89.896899,-0.072097097,-10.160000,2
89.910320,-0.072672340,-10.180000,2
89.924112,-0.072672340,-10.200000,2
89.937455,-0.072768214,-10.220000,2
89.950919,-0.073247583,-10.240000,2
89.965050,-0.073535204,-10.260000,2
89.978559,-0.073726952,-10.280000,2
89.992457,-0.073439330,-10.300000,2
90.006085,-0.074302194,-10.320000,2
90.019913,-0.074685690,-10.340000,2
90.033681,-0.074973311,-10.360000,2
90.047548,-0.074973311,-10.380000,2
90.061182,-0.075165059,-10.400000,2
90.074981,-0.075069185,-10.420000,2
90.088201,-0.075548554,-10.440000,2
90.102355,-0.075452680,-10.460000,2
90.115701,-0.076123797,-10.480000,2
90.129219,-0.076315544,-10.500000,2
90.142736,-0.076699039,-10.520000,2
90.156735,-0.076890787,-10.540000,2
90.170208,-0.077082535,-10.560000,2
90.183261,-0.077274282,-10.580000,2
90.196781,-0.077753651,-10.600000,2
90.210413,-0.077945399,-10.620000,2
90.224871,-0.078137146,-10.640000,2
90.239189,-0.078712389,-10.660000,2
90.252494,-0.078520642,-10.680000,2
90.266287,-0.078808263,-10.700000,2
90.280390,-0.078712389,-10.720000,2
90.297323,-0.079575253,-10.740000,2
90.312016,-0.079575253,-10.760000,2
90.325423,-0.079671127,-10.780000,2
90.338338,-0.079862875,-10.800000,2
90.351633,-0.080150496,-10.820000,2
90.364583,-0.080342244,-10.840000,2
90.378619,-0.081013360,-10.860000,2
90.392329,-0.081396856,-10.880000,2
90.405844,-0.081492729,-10.900000,2
90.420100,-0.081684477,-10.920000,2
90.433542,-0.081492729,-10.940000,2
90.447113,-0.082067972,-10.960000,2
90.460994,-0.082067972,-10.980000,2
90.475042,-0.082355594,-11.000000,2
90.488873,-0.082739089,-11.020000,2
90.502097,-0.083026710,-11.040000,2
90.516449,-0.083122584,-11.060000,2
90.530715,-0.083793701,-11.080000,2
90.544035,-0.083506079,-11.100000,2
90.557836,-0.083697827,-11.120000,2
90.571309,-0.083985448,-11.140000,2
90.585094,-0.083985448,-11.160000,2
90.598564,-0.084656565,-11.180000,2
90.612444,-0.084368943,-11.200000,2
90.626026,-0.084848312,-11.220000,2
90.639941,-0.084848312,-11.240000,2
90.653969,-0.085040060,-11.260000,2
90.667691,-0.085327681,-11.280000,2
90.681759,-0.085615303,-11.300000,2
90.695439,-0.085711177,-11.320000,2
90.709826,-0.085902924,-11.340000,2
90.723026,-0.086382293,-11.360000,2
90.736933,-0.086574041,-11.380000,2
90.750961,-0.086861662,-11.400000,2
90.764492,-0.086957536,-11.420000,2
90.778482,-0.086861662,-11.440000,2
90.792176,-0.087532779,-11.460000,2
90.806485,-0.088108022,-11.480000,2
90.820328,-0.087820400,-11.500000,2
90.834039,-0.088108022,-11.520000,2
90.847481,-0.088299769,-11.540000,2
90.860910,-0.088299769,-11.560000,2
90.875179,-0.088395643,-11.580000,2
90.888590,-0.088587391,-11.600000,2
90.902387,-0.089066759,-11.620000,2
90.915894,-0.089066759,-11.640000,2
90.929560,-0.089546128,-11.660000,2
90.943143,-0.089546128,-11.680000,2
90.956840,-0.089929624,-11.700000,2
90.970762,-0.089833750,-11.720000,2
90.984543,-0.090217245,-11.740000,2
90.998418,-0.090504866,-11.760000,2
91.012913,-0.091080109,-11.780000,2
91.026801,-0.090504866,-11.800000,2
91.040168,-0.091175983,-11.820000,2
91.054286,-0.090984235,-11.840000,2
91.067908,-0.091655352,-11.860000,2
91.081474,-0.092230595,-11.880000,2
91.095803,-0.092326469,-11.900000,2
91.109396,-0.092326469,-11.920000,2
91.123122,-0.092326469,-11.940000,2
91.136721,-0.092709964,-11.960000,2
91.150295,-0.093093459,-11.980000,2
91.164538,-0.093572828,-12.000000,2
91.178298,-0.093764576,-12.020000,2
91.192329,-0.093956323,-12.040000,2
91.205912,-0.094148071,-12.060000,2
91.219814,-0.094723314,-12.080000,2
91.233665,-0.094531566,-12.100000,2
91.246881,-0.095010935,-12.120000,2
91.260795,-0.095490304,-12.140000,2
91.274911,-0.095490304,-12.160000,2
91.288335,-0.095873799,-12.180000,2
91.301756,-0.096065547,-12.200000,2
91.315576,-0.096736663,-12.220000,2
91.329553,-0.096640790,-12.240000,2
91.342865,-0.097024285,-12.260000,2
91.356688,-0.097407780,-12.280000,2
91.370805,-0.097695401,-12.300000,2
91.384292,-0.097887149,-12.320000,2
91.398332,-0.098270644,-12.340000,2
91.411378,-0.098366518,-12.360000,2
91.426506,-0.098654139,-12.380000,2
91.439980,-0.099133508,-12.400000,2
91.453436,-0.099421130,-12.420000,2
91.467294,-0.099517004,-12.440000,2
91.480623,-0.099900499,-12.460000,2
91.494681,-0.100283994,-12.480000,2
91.508206,-0.100475742,-12.500000,2
91.521847,-0.100763363,-12.520000,2
91.535730,-0.101146858,-12.540000,2
91.549677,-0.101434480,-12.560000,2
91.563387,-0.102201470,-12.580000,2
91.577246,-0.102393218,-12.600000,2
91.591305,-0.102201470,-12.620000,2
91.604973,-0.102872587,-12.640000,2
91.619349,-0.103639577,-12.660000,2
91.633105,-0.103256082,-12.680000,2
91.647702,-0.104310694,-12.700000,2
91.661638,-0.104406567,-12.720000,2
91.675092,-0.104885936,-12.740000,2
91.688554,-0.105077684,-12.760000,2
91.702295,-0.105461179,-12.780000,2
91.715928,-0.105748801,-12.800000,2
91.729563,-0.106515791,-12.820000,2
91.742970,-0.106419917,-12.840000,2
91.756375,-0.106995160,-12.860000,2
91.769575,-0.107282781,-12.880000,2
91.783454,-0.107474529,-12.900000,2
91.796857,-0.107858024,-12.920000,2
91.811030,-0.108433267,-12.940000,2
91.825487,-0.108625015,-12.960000,2
91.839426,-0.109392005,-12.980000,2
91.853541,-0.109487879,-13.000000,2
91.866750,-0.110254869,-13.020000,2
91.880607,-0.110254869,-13.040000,2
91.893992,-0.110830112,-13.060000,2
91.908284,-0.111117733,-13.080000,2
91.922524,-0.111597102,-13.100000,2
91.936133,-0.111980598,-13.120000,2
91.949802,-0.112555840,-13.140000,2
91.964000,-0.112843462,-13.160000,2
91.977384,-0.113131083,-13.180000,2
91.991391,-0.113514578,-13.200000,2
92.005219,-0.113610452,-13.220000,2
92.018924,-0.114473316,-13.240000,2
92.032446,-0.114473316,-13.260000,2
92.045987,-0.115048559,-13.280000,2
92.060241,-0.115240307,-13.300000,2
92.074598,-0.115815549,-13.320000,2
92.088344,-0.116390792,-13.340000,2
92.102188,-0.116678414,-13.360000,2
92.116606,-0.117157783,-13.380000,2
92.131375,-0.117253656,-13.400000,2
92.145372,-0.117733025,-13.420000,2
92.159850,-0.118020647,-13.440000,2
92.173018,-0.118212394,-13.460000,2
92.186765,-0.118691763,-13.480000,2
92.201136,-0.119075259,-13.500000,2
92.215137,-0.119171132,-13.520000,2
92.228630,-0.119650501,-13.540000,2
92.242747,-0.120033997,-13.560000,2
92.256303,-0.120129870,-13.580000,2
92.269620,-0.120705113,-13.600000,2
92.283227,-0.120992735,-13.620000,2
92.297515,-0.120896861,-13.640000,2
92.311177,-0.121376230,-13.660000,2
92.324892,-0.121855599,-13.680000,2
92.339193,-0.122334968,-13.700000,2
92.352705,-0.122430842,-13.720000,2
92.366748,-0.122814337,-13.740000,2
92.380786,-0.122814337,-13.760000,2
92.394938,-0.123197832,-13.780000,2
92.408818,-0.123868949,-13.800000,2
92.422642,-0.123773075,-13.820000,2
92.436661,-0.124348318,-13.840000,2
92.450505,-0.124348318,-13.860000,2
92.464740,-0.124635939,-13.880000,2
92.478414,-0.125115308,-13.900000,2
92.492753,-0.125211182,-13.920000,2
92.506775,-0.125307056,-13.940000,2
92.521301,-0.126457541,-13.960000,2
92.534798,-0.126265794,-13.980000,2
92.548743,-0.126841036,-14.000000,2
92.562275,-0.126936910,-14.020000,2
92.575922,-0.126841036,-14.040000,2
92.589512,-0.127512153,-14.060000,2
92.603241,-0.127320405,-14.080000,2
92.616423,-0.127799774,-14.100000,2
92.629904,-0.128375017,-14.120000,2
92.644559,-0.128566765,-14.140000,2
92.658016,-0.128375017,-14.160000,2
92.671408,-0.128854386,-14.180000,2
92.685476,-0.129046134,-14.200000,2
92.698782,-0.129237881,-14.220000,2
92.712197,-0.129525503,-14.240000,2
92.726483,-0.129813124,-14.260000,2
92.739499,-0.130292493,-14.280000,2
92.753190,-0.130388367,-14.300000,2
92.767057,-0.130580115,-14.320000,2
92.780057,-0.130771862,-14.340000,2
92.793522,-0.131538853,-14.360000,2
92.807394,-0.131347105,-14.380000,2
92.821002,-0.132018222,-14.400000,2
92.835195,-0.131922348,-14.420000,2
92.849452,-0.131922348,-14.440000,2
92.862577,-0.132305843,-14.460000,2
92.876575,-0.132497591,-14.480000,2
92.890062,-0.132881086,-14.500000,2
92.903403,-0.133648076,-14.520000,2
92.916751,-0.133648076,-14.540000,2
92.930994,-0.133648076,-14.560000,2
92.944155,-0.134127445,-14.580000,2
92.959054,-0.134319193,-14.600000,2
92.973030,-0.134415067,-14.620000,2
92.986951,-0.134990309,-14.640000,2
93.000869,-0.135182057,-14.660000,2
93.014785,-0.135373805,-14.680000,2
93.028571,-0.135949047,-14.700000,2
93.042634,-0.136044921,-14.720000,2
93.056212,-0.136332543,-14.740000,2
93.070210,-0.136236669,-14.760000,2
93.083632,-0.136140795,-14.780000,2
93.097661,-0.136811912,-14.800000,2
93.111153,-0.136811912,-14.820000,2
93.124980,-0.137866523,-14.840000,2
93.139064,-0.137866523,-14.860000,2
93.153565,-0.138345892,-14.880000,2
93.167374,-0.138345892,-14.900000,2
93.180832,-0.138441766,-14.920000,2
93.194712,-0.138633514,-14.940000,2
93.210170,-0.139112883,-14.960000,2
93.223829,-0.139496378,-14.980000,2
93.237854,-0.139783999,-15.000000,2
93.251463,-0.139400504,-15.020000,2
93.265339,-0.140359242,-15.040000,2
93.279120,-0.140359242,-15.060000,2
93.292956,-0.140550990,-15.080000,2
93.306843,-0.140742737,-15.100000,2
93.319931,-0.141222106,-15.120000,2
93.333376,-0.141222106,-15.140000,2
93.346981,-0.142084970,-15.160000,2
93.360751,-0.142180844,-15.180000,2
93.374015,-0.142660213,-15.200000,2
93.387849,-0.142564339,-15.220000,2
93.401289,-0.142756087,-15.240000,2
93.415226,-0.142947835,-15.260000,2
93.428976,-0.144002446,-15.280000,2
93.443917,-0.143810699,-15.300000,2
93.457031,-0.144290068,-15.320000,2
93.470770,-0.144481815,-15.340000,2
93.484792,-0.144481815,-15.360000,2
93.498441,-0.144865311,-15.380000,2
93.512183,-0.145344680,-15.400000,2
93.526241,-0.145824049,-15.420000,2
93.540025,-0.145824049,-15.440000,2
93.553858,-0.146399291,-15.460000,2
93.567528,-0.146591039,-15.480000,2
93.581576,-0.146782787,-15.500000,2
93.596020,-0.147166282,-15.520000,2
93.609540,-0.147262156,-15.540000,2
93.623393,-0.147741525,-15.560000,2
93.638291,-0.147837398,-15.580000,2
93.651788,-0.148029146,-15.600000,2
93.665569,-0.148412641,-15.620000,2
93.679035,-0.148604389,-15.640000,2
93.692932,-0.149275505,-15.660000,2
93.706426,-0.149563127,-15.680000,2
93.720083,-0.150138370,-15.700000,2
93.733692,-0.150042496,-15.720000,2
93.747854,-0.150330117,-15.740000,2
93.761262,-0.150521865,-15.760000,2
93.774966,-0.151001234,-15.780000,2
93.789721,-0.151001234,-15.800000,2
93.803110,-0.151768224,-15.820000,2
93.816904,-0.151864098,-15.840000,2
93.830465,-0.152439341,-15.860000,2
93.843717,-0.152439341,-15.880000,2
93.858024,-0.152822836,-15.900000,2
93.872580,-0.153014584,-15.920000,2
93.886737,-0.153685700,-15.940000,2
93.899438,-0.153973322,-15.960000,2
93.913489,-0.153973322,-15.980000,2
93.926737,-0.154644438,-16.000000,2
93.940462,-0.155027933,-16.020000,2
93.955086,-0.155411429,-16.040000,2
93.968868,-0.155699050,-16.060000,2
93.982691,-0.155507302,-16.080000,2
93.996820,-0.155986671,-16.100000,2
94.010463,-0.156082545,-16.120000,2
94.024772,-0.156561914,-16.140000,2
94.039047,-0.156849536,-16.160000,2
94.052479,-0.157137157,-16.180000,2
94.066137,-0.157137157,-16.200000,2
94.080521,-0.157712400,-16.220000,2
94.093784,-0.158000021,-16.240000,2
94.107367,-0.158000021,-16.260000,2
94.121830,-0.158479390,-16.280000,2
94.135828,-0.158767012,-16.300000,2
94.149826,-0.159054633,-16.320000,2
94.163739,-0.159342254,-16.340000,2
94.177427,-0.159821623,-16.360000,2
94.191618,-0.159821623,-16.380000,2
94.205760,-0.160109245,-16.400000,2
94.219064,-0.160300992,-16.420000,2
94.232371,-0.160684488,-16.440000,2
94.246010,-0.160684488,-16.460000,2
94.259829,-0.161163857,-16.480000,2
94.273538,-0.161259730,-16.500000,2
94.287703,-0.161547352,-16.520000,2
94.301030,-0.161739099,-16.540000,2
94.314754,-0.161739099,-16.560000,2
94.328538,-0.162506090,-16.580000,2
94.342680,-0.162314342,-16.600000,2
94.356037,-0.162506090,-16.620000,2
94.370545,-0.162985459,-16.640000,2
94.383821,-0.163177206,-16.660000,2
94.397568,-0.163464828,-16.680000,2
94.411504,-0.163464828,-16.700000,2
94.425119,-0.164040071,-16.720000,2
94.438935,-0.164231818,-16.740000,2
94.452402,-0.164327692,-16.760000,2
94.467234,-0.164711187,-16.780000,2
94.480762,-0.164807061,-16.800000,2
94.494867,-0.165190556,-16.820000,2
94.508616,-0.165478177,-16.840000,2
94.522212,-0.165478177,-16.860000,2
94.536576,-0.165669925,-16.880000,2
94.550009,-0.165861673,-16.900000,2
94.563475,-0.166341042,-16.920000,2
94.577728,-0.166245168,-16.940000,2
94.590966,-0.166532789,-16.960000,2
94.604406,-0.166724537,-16.980000,2
94.617809,-0.167203906,-17.000000,2
94.631145,-0.167779149,-17.020000,2
94.644796,-0.167395653,-17.040000,2
94.658598,-0.167395653,-17.060000,2
94.672502,-0.167875022,-17.080000,2
94.686267,-0.168162644,-17.100000,2
94.700108,-0.168162644,-17.120000,2
94.713990,-0.168354391,-17.140000,2
94.727263,-0.168929634,-17.160000,2
94.741183,-0.168833760,-17.180000,2
94.754542,-0.168737887,-17.200000,2
94.768292,-0.169217256,-17.220000,2
94.782315,-0.169313129,-17.240000,2
94.796716,-0.169409003,-17.260000,2
94.810136,-0.169600751,-17.280000,2
94.824052,-0.169984246,-17.300000,2
94.837572,-0.170751236,-17.320000,2
94.850969,-0.170559489,-17.340000,2
94.864996,-0.171134732,-17.360000,2
94.879145,-0.170942984,-17.380000,2
94.892874,-0.171134732,-17.400000,2
94.906927,-0.171518227,-17.420000,2
94.920527,-0.171518227,-17.440000,2
94.934339,-0.171709974,-17.460000,2
94.948219,-0.171709974,-17.480000,2
94.961901,-0.172764586,-17.500000,2
94.975669,-0.172572839,-17.520000,2
94.989021,-0.172860460,-17.540000,2
95.002793,-0.172860460,-17.560000,2
95.016545,-0.173148081,-17.580000,2
95.030335,-0.173435703,-17.600000,2
95.044335,-0.173627450,-17.620000,2
95.057507,-0.173723324,-17.640000,2
95.071301,-0.174106819,-17.660000,2
95.085564,-0.174010946,-17.680000,2
95.099292,-0.174010946,-17.700000,2
95.113225,-0.174490315,-17.720000,2
95.127536,-0.174969684,-17.740000,2
95.141467,-0.174969684,-17.760000,2
95.154964,-0.175353179,-17.780000,2
95.168477,-0.175353179,-17.800000,2
95.182387,-0.175736674,-17.820000,2
95.196502,-0.176120169,-17.840000,2
95.210444,-0.175928422,-17.860000,2
95.224364,-0.176599538,-17.880000,2
95.237894,-0.176695412,-17.900000,2
95.251125,-0.176983033,-17.920000,2
95.264878,-0.176791286,-17.940000,2
95.278389,-0.177174781,-17.960000,2
95.292205,-0.177462402,-17.980000,2
95.305993,-0.177462402,-18.000000,2
95.319126,-0.177750024,-18.020000,2
95.332559,-0.178229393,-18.040000,2
95.345668,-0.178708762,-18.060000,2
95.358549,-0.178708762,-18.080000,2
95.371582,-0.179092257,-18.100000,2
95.385591,-0.179092257,-18.120000,2
95.399029,-0.179379878,-18.140000,2
95.412333,-0.179475752,-18.160000,2
95.426031,-0.179859247,-18.180000,2
95.439844,-0.180242743,-18.200000,2
95.453948,-0.180530364,-18.220000,2
95.468286,-0.180530364,-18.240000,2
95.481775,-0.180722112,-18.260000,2
95.495575,-0.181393228,-18.280000,2
95.509529,-0.181297354,-18.300000,2
95.523499,-0.181680850,-18.320000,2
95.537737,-0.182160219,-18.340000,2
95.552073,-0.182447840,-18.360000,2
95.565533,-0.182447840,-18.380000,2
95.578990,-0.182735461,-18.400000,2
95.593012,-0.182927209,-18.420000,2
95.606762,-0.183790073,-18.440000,2
95.620343,-0.183502452,-18.460000,2
95.633859,-0.184557064,-18.480000,2
95.647316,-0.184173568,-18.500000,2
95.660955,-0.184173568,-18.520000,2
95.674961,-0.184365316,-18.540000,2
95.688882,-0.184652937,-18.560000,2
95.702700,-0.185228180,-18.580000,2
95.716416,-0.185515802,-18.600000,2
95.729973,-0.186186918,-18.620000,2
95.743437,-0.186091044,-18.640000,2
95.756917,-0.186282792,-18.660000,2
95.770652,-0.186762161,-18.680000,2
95.784267,-0.186762161,-18.700000,2
95.798283,-0.187433278,-18.720000,2
95.811811,-0.187816773,-18.740000,2
95.825820,-0.187816773,-18.760000,2
95.839165,-0.187912647,-18.780000,2
95.852846,-0.188392016,-18.800000,2
95.866716,-0.188487889,-18.820000,2
95.880838,-0.189159006,-18.840000,2
95.894476,-0.189159006,-18.860000,2
95.907850,-0.189446627,-18.880000,2
95.922108,-0.189254880,-18.900000,2
95.935418,-0.189734249,-18.920000,2
95.949298,-0.190309491,-18.940000,2
95.964012,-0.190501239,-18.960000,2
95.976637,-0.190884734,-18.980000,2
95.990220,-0.191364103,-19.000000,2
96.003527,-0.191268229,-19.020000,2
96.017518,-0.191555851,-19.040000,2
96.031022,-0.191364103,-19.060000,2
96.044552,-0.192035220,-19.080000,2
96.058421,-0.192226967,-19.100000,2
96.072027,-0.192322841,-19.120000,2
96.085744,-0.192418715,-19.140000,2
96.099323,-0.193089832,-19.160000,2
96.113004,-0.193089832,-19.180000,2
96.127287,-0.193377453,-19.200000,2
96.141265,-0.193665074,-19.220000,2
96.155284,-0.193665074,-19.240000,2
96.169055,-0.194048570,-19.260000,2
96.183046,-0.194432065,-19.280000,2
96.196572,-0.194432065,-19.300000,2
96.209863,-0.194719686,-19.320000,2
96.223480,-0.194719686,-19.340000,2
96.237489,-0.195199055,-19.360000,2
96.251061,-0.195199055,-19.380000,2
96.264898,-0.195870172,-19.400000,2
96.278225,-0.195774298,-19.420000,2
96.291795,-0.195774298,-19.440000,2
96.305680,-0.196349541,-19.460000,2
96.320351,-0.196637162,-19.480000,2
96.333931,-0.196733036,-19.500000,2
96.348405,-0.197116531,-19.520000,2
96.362486,-0.197212405,-19.540000,2
96.376341,-0.197212405,-19.560000,2
96.390110,-0.197404153,-19.580000,2
96.403876,-0.197883522,-19.600000,2
96.417900,-0.197883522,-19.620000,2
96.431578,-0.198267017,-19.640000,2
96.445848,-0.198171143,-19.660000,2
96.460346,-0.198554638,-19.680000,2
96.473388,-0.198650512,-19.700000,2
96.487504,-0.198650512,-19.720000,2
96.500885,-0.199129881,-19.740000,2
96.514391,-0.198938133,-19.760000,2
96.527982,-0.199129881,-19.780000,2
96.542171,-0.199225755,-19.800000,2
96.556134,-0.199705124,-19.820000,2
96.569496,-0.199896871,-19.840000,2
96.583400,-0.200184493,-19.860000,2
96.597527,-0.199992745,-19.880000,2
96.611361,-0.200376240,-19.900000,2
96.625043,-0.200663862,-19.920000,2
96.639150,-0.200759736,-19.940000,2
96.652930,-0.200759736,-19.960000,2
96.666760,-0.200663862,-19.980000,2
96.680334,-0.201239105,-20.000000,2
96.694592,-0.201526726,-20.000000,2
96.708176,-0.201718474,-19.980000,2
96.721862,-0.201622600,-19.960000,2
96.735562,-0.201718474,-19.940000,2
96.749201,-0.201718474,-19.920000,2
96.763150,-0.201526726,-19.900000,2
96.777311,-0.201622600,-19.880000,2
96.791089,-0.201334978,-19.860000,2
96.805157,-0.201718474,-19.840000,2
96.819263,-0.201910221,-19.820000,2
96.833090,-0.201430852,-19.800000,2
96.847036,-0.201526726,-19.780000,2
96.860478,-0.201718474,-19.760000,2
96.874360,-0.201622600,-19.740000,2
96.888414,-0.201622600,-19.720000,2
96.902092,-0.201622600,-19.700000,2
96.915434,-0.201334978,-19.680000,2
96.929307,-0.201526726,-19.660000,2
96.942717,-0.201622600,-19.640000,2
96.956681,-0.201718474,-19.620000,2
96.970525,-0.201622600,-19.600000,2
96.984440,-0.201718474,-19.580000,2
96.997562,-0.201526726,-19.560000,2
97.011089,-0.201239105,-19.540000,2
97.025321,-0.201814347,-19.520000,2
97.038412,-0.201430852,-19.500000,2
97.052523,-0.201814347,-19.480000,2
97.066588,-0.201430852,-19.460000,2
97.080639,-0.201718474,-19.440000,2
97.094885,-0.201334978,-19.420000,2
97.108096,-0.201143231,-19.400000,2
97.121928,-0.201526726,-19.380000,2
97.135431,-0.201334978,-19.360000,2
97.149035,-0.200951483,-19.340000,2
97.163297,-0.201047357,-19.320000,2
97.176536,-0.201430852,-19.300000,2
97.190328,-0.201430852,-19.280000,2
97.204404,-0.201334978,-19.260000,2
97.217993,-0.201239105,-19.240000,2
97.231594,-0.201334978,-19.220000,2
97.245106,-0.201143231,-19.200000,2
97.259380,-0.201239105,-19.180000,2
97.273701,-0.200855609,-19.160000,2
97.287336,-0.201047357,-19.140000,2
97.301323,-0.201239105,-19.120000,2
97.314879,-0.201047357,-19.100000,2
97.328398,-0.201239105,-19.080000,2
97.342078,-0.200855609,-19.060000,2
97.356093,-0.200855609,-19.040000,2
97.369606,-0.200855609,-19.020000,2
97.383615,-0.200376240,-19.000000,2
97.396850,-0.200663862,-18.980000,2
97.410201,-0.200759736,-18.960000,2
97.423630,-0.200663862,-18.940000,2
97.437101,-0.200663862,-18.920000,2
97.450413,-0.200759736,-18.900000,2
97.464459,-0.200759736,-18.880000,2
97.478411,-0.200567988,-18.860000,2
97.492338,-0.200567988,-18.840000,2
97.506407,-0.200663862,-18.820000,2
97.520013,-0.200280367,-18.800000,2
97.533157,-0.200088619,-18.780000,2
97.546771,-0.200567988,-18.760000,2
97.560980,-0.200184493,-18.740000,2
97.574561,-0.200184493,-18.720000,2
97.587921,-0.200184493,-18.700000,2
97.601656,-0.200472114,-18.680000,2
97.615072,-0.200280367,-18.660000,2
97.629173,-0.200088619,-18.640000,2
97.643002,-0.200280367,-18.620000,2
97.656528,-0.199609250,-18.600000,2
97.670458,-0.200376240,-18.580000,2
97.684493,-0.200088619,-18.560000,2
97.698222,-0.199992745,-18.540000,2
97.711866,-0.200184493,-18.520000,2
97.725571,-0.199896871,-18.500000,2
97.739446,-0.199321629,-18.480000,2
97.753094,-0.199705124,-18.460000,2
97.767658,-0.199321629,-18.440000,2
97.781381,-0.199417502,-18.420000,2
97.795348,-0.199417502,-18.400000,2
97.808769,-0.199513376,-18.380000,2
97.822414,-0.199417502,-18.360000,2
97.836216,-0.199705124,-18.340000,2
97.849700,-0.199321629,-18.320000,2
97.863737,-0.199225755,-18.300000,2
97.877619,-0.199225755,-18.280000,2
97.891254,-0.198842260,-18.260000,2
97.905052,-0.199034007,-18.240000,2
97.918856,-0.199034007,-18.220000,2
97.932424,-0.199034007,-18.200000,2
97.946261,-0.199417502,-18.180000,2
97.960097,-0.198842260,-18.160000,2
97.974129,-0.198842260,-18.140000,2
97.987363,-0.198842260,-18.120000,2
98.001203,-0.198554638,-18.100000,2
98.014778,-0.198746386,-18.080000,2
98.028493,-0.198746386,-18.060000,2
98.042444,-0.198746386,-18.040000,2
98.056022,-0.198650512,-18.020000,2
98.069998,-0.198746386,-18.000000,2
98.083599,-0.198171143,-17.980000,2
98.097532,-0.198458764,-17.960000,2
98.111308,-0.198171143,-17.940000,2
98.125312,-0.198554638,-17.920000,2
98.138887,-0.198171143,-17.900000,2
98.152882,-0.197979395,-17.880000,2
98.166616,-0.198075269,-17.860000,2
98.180353,-0.197787648,-17.840000,2
98.194294,-0.198362891,-17.820000,2
98.208010,-0.198075269,-17.800000,2
98.221820,-0.197883522,-17.780000,2
98.236068,-0.197883522,-17.760000,2
98.249658,-0.198171143,-17.740000,2
98.263353,-0.197979395,-17.720000,2
98.276787,-0.197212405,-17.700000,2
98.290795,-0.197691774,-17.680000,2
98.304190,-0.197500026,-17.660000,2
98.318163,-0.197116531,-17.640000,2
98.332536,-0.197116531,-17.620000,2
98.346573,-0.197404153,-17.600000,2
98.360230,-0.197308279,-17.580000,2
98.373515,-0.197116531,-17.560000,2
98.387390,-0.197116531,-17.540000,2
98.401414,-0.197020657,-17.520000,2
98.415262,-0.196828910,-17.500000,2
98.429075,-0.196445415,-17.480000,2
98.443043,-0.197020657,-17.460000,2
98.456655,-0.196828910,-17.440000,2
98.470162,-0.196445415,-17.420000,2
98.484106,-0.196349541,-17.400000,2
98.497607,-0.196445415,-17.380000,2
98.511159,-0.196637162,-17.360000,2
98.525593,-0.196637162,-17.340000,2
98.539267,-0.196349541,-17.320000,2
98.553159,-0.196157793,-17.300000,2
98.567468,-0.196157793,-17.280000,2
98.581623,-0.196061919,-17.260000,2
98.594973,-0.196253667,-17.240000,2
98.608875,-0.196157793,-17.220000,2
98.622760,-0.196445415,-17.200000,2
98.636802,-0.196253667,-17.180000,2
98.650151,-0.195678424,-17.160000,2
98.664354,-0.195966046,-17.140000,2
98.678070,-0.195774298,-17.120000,2
98.692225,-0.195774298,-17.100000,2
98.706131,-0.195582550,-17.080000,2
98.719901,-0.195678424,-17.060000,2
98.733534,-0.195390803,-17.040000,2
98.747427,-0.195678424,-17.020000,2
98.761413,-0.195582550,-17.000000,2
98.775408,-0.195103181,-16.980000,2
98.789625,-0.195390803,-16.960000,2
98.803779,-0.195007308,-16.940000,2
98.817225,-0.195007308,-16.920000,2
98.831084,-0.194911434,-16.900000,2
98.845293,-0.194911434,-16.880000,2
98.859375,-0.195007308,-16.860000,2
98.873346,-0.194911434,-16.840000,2
98.887120,-0.194527939,-16.820000,2
98.900879,-0.194719686,-16.800000,2
98.914437,-0.194240317,-16.780000,2
98.928035,-0.194719686,-16.760000,2
98.941998,-0.194432065,-16.740000,2
98.955408,-0.194240317,-16.720000,2
98.969305,-0.193856822,-16.700000,2
98.983036,-0.194144443,-16.680000,2
98.996507,-0.194144443,-16.660000,2
99.010192,-0.193952696,-16.640000,2
99.023428,-0.193569201,-16.620000,2
99.037266,-0.193856822,-16.600000,2
99.050737,-0.193665074,-16.580000,2
99.063864,-0.193665074,-16.560000,2
99.077630,-0.193856822,-16.540000,2
99.091236,-0.193281579,-16.520000,2
99.105240,-0.193473327,-16.500000,2
99.119374,-0.193089832,-16.480000,2
99.133410,-0.193089832,-16.460000,2
99.147087,-0.193185705,-16.440000,2
99.161094,-0.192898084,-16.420000,2
99.175447,-0.193185705,-16.400000,2
99.188602,-0.192706336,-16.380000,2
99.202178,-0.192898084,-16.360000,2
99.215789,-0.193089832,-16.340000,2
99.230539,-0.192993958,-16.320000,2
99.244342,-0.192610463,-16.300000,2
99.257634,-0.192706336,-16.280000,2
99.271423,-0.192706336,-16.260000,2
99.284830,-0.192322841,-16.240000,2
99.299180,-0.192131094,-16.220000,2
99.313085,-0.192322841,-16.200000,2
99.327257,-0.192610463,-16.180000,2
99.342911,-0.192226967,-16.160000,2
99.356528,-0.192035220,-16.140000,2
99.369698,-0.192035220,-16.120000,2
99.383470,-0.192035220,-16.100000,2
99.397537,-0.191747598,-16.080000,2
99.412474,-0.191843472,-16.060000,2
99.425948,-0.191651725,-16.040000,2
99.440590,-0.191555851,-16.020000,2
99.454404,-0.191076482,-16.000000,2
99.468378,-0.191172356,-15.980000,2
99.482013,-0.191076482,-15.960000,2
99.495601,-0.191364103,-15.940000,2
99.508947,-0.190980608,-15.920000,2
99.522999,-0.190597113,-15.900000,2
99.537283,-0.190884734,-15.880000,2
99.551195,-0.191076482,-15.860000,2
99.564643,-0.190692987,-15.840000,2
99.578635,-0.190405365,-15.820000,2
99.592346,-0.190501239,-15.800000,2
99.605831,-0.190309491,-15.780000,2
99.619470,-0.190213618,-15.760000,2
99.633193,-0.190597113,-15.740000,2
99.646553,-0.190405365,-15.720000,2
99.660344,-0.189734249,-15.700000,2
99.674426,-0.189925996,-15.680000,2
99.688018,-0.189734249,-15.660000,2
99.701905,-0.190021870,-15.640000,2
99.715743,-0.189734249,-15.620000,2
99.729896,-0.190117744,-15.600000,2
99.743351,-0.189446627,-15.580000,2
99.757512,-0.189350754,-15.560000,2
99.771509,-0.189734249,-15.540000,2
99.785130,-0.189446627,-15.520000,2
99.799028,-0.189446627,-15.500000,2
99.812895,-0.189063132,-15.480000,2
99.826834,-0.189159006,-15.460000,2
99.840627,-0.188871385,-15.440000,2
99.854812,-0.188967258,-15.420000,2
99.868597,-0.188679637,-15.400000,2
99.881899,-0.189063132,-15.380000,2
99.895574,-0.188871385,-15.360000,2
99.908961,-0.188487889,-15.340000,2
99.922536,-0.187912647,-15.320000,2
99.936733,-0.188296142,-15.300000,2
99.950552,-0.188296142,-15.280000,2
99.964894,-0.188296142,-15.260000,2
99.978590,-0.187912647,-15.240000,2
99.993440,-0.188104394,-15.220000,2
100.006628,-0.187912647,-15.200000,2
100.020283,-0.187433278,-15.180000,2
100.034795,-0.187529151,-15.160000,2
100.048945,-0.187720899,-15.140000,2
100.062668,-0.187337404,-15.120000,2
100.076708,-0.187337404,-15.100000,2
100.090007,-0.187625025,-15.080000,2
100.103875,-0.187433278,-15.060000,2
100.117923,-0.186762161,-15.040000,2
100.131181,-0.186666287,-15.020000,2
100.145405,-0.186953909,-15.000000,2
100.158881,-0.186570413,-14.980000,2
100.173229,-0.186762161,-14.960000,2
100.186871,-0.186762161,-14.940000,2
100.200482,-0.186953909,-14.920000,2
100.214322,-0.186762161,-14.900000,2
100.228470,-0.186378666,-14.880000,2
100.242164,-0.186091044,-14.860000,2
100.255577,-0.186186918,-14.840000,2
100.268840,-0.186186918,-14.820000,2
100.282987,-0.185899297,-14.800000,2
100.296864,-0.185611675,-14.780000,2
100.311386,-0.185995171,-14.760000,2
100.324759,-0.185803423,-14.740000,2
100.337940,-0.185899297,-14.720000,2
100.350859,-0.185228180,-14.700000,2
100.364053,-0.185324054,-14.680000,2
100.377216,-0.185419928,-14.660000,2
100.390675,-0.185228180,-14.640000,2
100.404252,-0.184940559,-14.620000,2
100.418028,-0.185036433,-14.600000,2
100.431488,-0.184652937,-14.580000,2
100.444768,-0.184940559,-14.560000,2
100.458432,-0.184557064,-14.540000,2
100.471857,-0.184940559,-14.520000,2
100.485601,-0.184844685,-14.500000,2
100.499830,-0.184461190,-14.480000,2
100.513620,-0.183981821,-14.460000,2
100.527194,-0.183885947,-14.440000,2
100.542051,-0.183790073,-14.420000,2
100.555594,-0.183885947,-14.400000,2
100.568963,-0.184077695,-14.380000,2
100.582959,-0.183502452,-14.360000,2
100.596235,-0.183694199,-14.340000,2
100.610087,-0.183598326,-14.320000,2
100.623678,-0.183406578,-14.300000,2
100.637068,-0.183118957,-14.280000,2
100.651042,-0.183502452,-14.260000,2
100.665519,-0.182831335,-14.240000,2
100.679386,-0.182735461,-14.220000,2
100.693465,-0.182927209,-14.200000,2
100.707372,-0.182927209,-14.180000,2
100.721307,-0.182543714,-14.160000,2
100.735172,-0.182351966,-14.140000,2
100.749454,-0.182351966,-14.120000,2
100.763081,-0.182351966,-14.100000,2
100.777677,-0.182351966,-14.080000,2
100.792136,-0.182351966,-14.060000,2
100.805834,-0.181776723,-14.040000,2
100.819599,-0.181968471,-14.020000,2
100.833622,-0.181968471,-14.000000,2
100.847296,-0.181872597,-13.980000,2
100.861587,-0.181968471,-13.960000,2
100.875676,-0.181393228,-13.940000,2
100.890131,-0.181489102,-13.920000,2
100.903672,-0.181776723,-13.900000,2
100.916967,-0.181297354,-13.880000,2
100.930943,-0.181201481,-13.860000,2
100.944721,-0.181393228,-13.840000,2
100.958504,-0.180817985,-13.820000,2
100.972395,-0.180913859,-13.800000,2
100.986481,-0.180817985,-13.780000,2
100.999838,-0.180817985,-13.760000,2
101.013979,-0.180338616,-13.740000,2
101.027522,-0.180530364,-13.720000,2
101.041309,-0.180146869,-13.700000,2
101.055126,-0.180530364,-13.680000,2
101.069292,-0.180050995,-13.660000,2
101.083074,-0.180050995,-13.640000,2
101.096673,-0.179763374,-13.620000,2
101.110767,-0.179955121,-13.600000,2
101.125077,-0.180050995,-13.580000,2
101.138744,-0.180050995,-13.560000,2
101.152601,-0.179763374,-13.540000,2
101.166212,-0.179284005,-13.520000,2
101.179750,-0.179571626,-13.500000,2
101.194012,-0.179092257,-13.480000,2
101.207611,-0.179092257,-13.460000,2
101.221360,-0.178900509,-13.440000,2
101.236255,-0.179092257,-13.420000,2
101.250179,-0.179188131,-13.400000,2
101.263782,-0.178517014,-13.380000,2
101.277197,-0.178708762,-13.360000,2
101.291104,-0.178325267,-13.340000,2
101.304770,-0.178900509,-13.320000,2
101.318535,-0.178037645,-13.300000,2
101.332222,-0.178133519,-13.280000,2
101.347211,-0.178421140,-13.260000,2
101.361275,-0.178325267,-13.240000,2
101.374983,-0.177845898,-13.220000,2
101.388919,-0.177845898,-13.200000,2
101.403193,-0.177366529,-13.180000,2
101.417381,-0.177462402,-13.160000,2
101.431899,-0.177174781,-13.140000,2
101.445754,-0.177462402,-13.120000,2
101.459645,-0.177270655,-13.100000,2
101.472723,-0.177270655,-13.080000,2
101.487230,-0.176791286,-13.060000,2
101.500968,-0.176791286,-13.040000,2
101.514217,-0.177078907,-13.020000,2
101.528879,-0.176695412,-13.000000,2
101.542332,-0.176216043,-12.980000,2
101.556278,-0.176791286,-12.960000,2
101.569775,-0.176120169,-12.940000,2
101.583895,-0.176216043,-12.920000,2
101.597552,-0.175928422,-12.900000,2
101.611545,-0.175928422,-12.880000,2
101.625124,-0.176311917,-12.860000,2
101.638976,-0.175928422,-12.840000,2
101.652596,-0.175832548,-12.820000,2
101.666921,-0.175928422,-12.800000,2
101.680694,-0.175640800,-12.780000,2
101.694378,-0.175257305,-12.760000,2
101.708091,-0.175544926,-12.740000,2
101.721853,-0.175161431,-12.720000,2
101.736033,-0.175257305,-12.700000,2
101.749326,-0.174969684,-12.680000,2
101.763464,-0.174777936,-12.660000,2
101.778052,-0.175065557,-12.640000,2
101.791671,-0.174586188,-12.620000,2
101.805258,-0.174873810,-12.600000,2
101.819055,-0.174490315,-12.580000,2
101.832824,-0.174394441,-12.560000,2
101.846337,-0.174106819,-12.540000,2
101.861416,-0.174010946,-12.520000,2
101.875525,-0.174202693,-12.500000,2
101.889112,-0.174106819,-12.480000,2
101.903027,-0.173915072,-12.460000,2
101.916403,-0.174010946,-12.440000,2
101.930129,-0.173819198,-12.420000,2
101.943621,-0.173723324,-12.400000,2
101.957288,-0.173531577,-12.380000,2
101.971569,-0.173243955,-12.360000,2
101.985282,-0.173339829,-12.340000,2
101.998864,-0.173243955,-12.320000,2
102.012564,-0.173243955,-12.300000,2
102.026148,-0.172764586,-12.280000,2
102.039886,-0.172668712,-12.260000,2
102.053830,-0.172668712,-12.240000,2
102.067494,-0.172572839,-12.220000,2
102.081548,-0.172476965,-12.200000,2
102.095937,-0.172381091,-12.180000,2
102.109510,-0.172189343,-12.160000,2
102.123385,-0.172093470,-12.140000,2
102.137155,-0.172572839,-12.120000,2
102.151113,-0.171901722,-12.100000,2
102.164916,-0.171422353,-12.080000,2
102.178755,-0.171901722,-12.060000,2
102.191880,-0.171614101,-12.040000,2
102.205736,-0.171805848,-12.020000,2
102.218848,-0.171805848,-12.000000,2
102.232590,-0.171614101,-11.980000,2
102.246235,-0.171134732,-11.960000,2
102.259784,-0.171518227,-11.940000,2
102.274196,-0.171422353,-11.920000,2
102.288962,-0.171134732,-11.900000,2
102.302700,-0.170655363,-11.880000,2
102.316799,-0.171038858,-11.860000,2
102.330475,-0.170655363,-11.840000,2
102.344582,-0.170367741,-11.820000,2
102.358854,-0.170463615,-11.800000,2
102.372483,-0.170080120,-11.780000,2
102.385574,-0.170655363,-11.760000,2
102.400409,-0.170175994,-11.740000,2
102.414195,-0.170271867,-11.720000,2
102.427881,-0.170271867,-11.700000,2
102.441953,-0.169984246,-11.680000,2
102.456854,-0.169792498,-11.660000,2
102.469863,-0.169888372,-11.640000,2
102.484135,-0.169409003,-11.620000,2
102.497957,-0.169792498,-11.600000,2
102.511476,-0.169600751,-11.580000,2
102.524998,-0.169600751,-11.560000,2
102.539063,-0.169121382,-11.540000,2
102.552562,-0.169025508,-11.520000,2
102.566118,-0.169121382,-11.500000,2
102.579729,-0.168450265,-11.480000,2
102.593183,-0.169025508,-11.460000,2
102.606947,-0.168737887,-11.440000,2
102.620680,-0.168450265,-11.420000,2
102.633950,-0.168354391,-11.400000,2
102.647835,-0.168354391,-11.380000,2
102.661826,-0.168450265,-11.360000,2
102.675506,-0.168162644,-11.340000,2
102.689452,-0.167779149,-11.320000,2
102.703525,-0.168066770,-11.300000,2
102.717647,-0.167779149,-11.280000,2
102.731638,-0.168066770,-11.260000,2
102.745725,-0.167779149,-11.240000,2
102.760916,-0.167970896,-11.220000,2
102.774203,-0.167683275,-11.200000,2
102.788217,-0.167395653,-11.180000,2
102.802286,-0.167395653,-11.160000,2
102.815568,-0.166916284,-11.140000,2
102.829834,-0.166532789,-11.120000,2
102.843636,-0.166916284,-11.100000,2
102.857321,-0.166532789,-11.080000,2
102.871491,-0.166916284,-11.060000,2
102.884678,-0.166532789,-11.040000,2
102.898388,-0.167108032,-11.020000,2
102.912122,-0.166436915,-11.000000,2
102.926273,-0.166628663,-10.980000,2
102.940109,-0.166436915,-10.960000,2
102.953760,-0.166245168,-10.940000,2
102.967919,-0.166245168,-10.920000,2
102.981586,-0.166532789,-10.900000,2
102.995425,-0.165957546,-10.880000,2
103.009098,-0.165861673,-10.860000,2
103.022848,-0.166532789,-10.840000,2
103.036222,-0.165765799,-10.820000,2
103.050590,-0.165669925,-10.800000,2
103.063969,-0.165765799,-10.780000,2
103.077669,-0.165669925,-10.760000,2
103.091742,-0.165574051,-10.740000,2
103.105438,-0.165669925,-10.720000,2
103.118954,-0.165094682,-10.700000,2
103.132916,-0.165094682,-10.680000,2
103.146417,-0.165190556,-10.660000,2
103.160147,-0.164998808,-10.640000,2
103.173718,-0.164519440,-10.620000,2
103.187062,-0.164327692,-10.600000,2
103.200736,-0.164615313,-10.580000,2
103.214026,-0.164231818,-10.560000,2
103.227747,-0.164135944,-10.540000,2
103.241782,-0.164327692,-10.520000,2
103.255255,-0.164423566,-10.500000,2
103.268837,-0.163944197,-10.480000,2
103.282143,-0.163752449,-10.460000,2
103.296006,-0.163848323,-10.440000,2
103.309817,-0.163560702,-10.420000,2
103.323603,-0.163752449,-10.400000,2
103.337543,-0.163273080,-10.380000,2
103.351855,-0.163368954,-10.360000,2
103.365486,-0.163656575,-10.340000,2
103.379018,-0.162985459,-10.320000,2
103.392281,-0.162889585,-10.300000,2
103.405738,-0.163177206,-10.280000,2
103.419387,-0.163081333,-10.260000,2
103.433185,-0.162889585,-10.240000,2
103.447074,-0.162506090,-10.220000,2
103.461730,-0.162889585,-10.200000,2
103.475573,-0.162314342,-10.180000,2
103.488955,-0.162506090,-10.160000,2
103.503041,-0.162218468,-10.140000,2
103.516674,-0.162122595,-10.120000,2
103.530894,-0.161834973,-10.100000,2
103.544580,-0.161643226,-10.080000,2
103.557814,-0.161547352,-10.060000,2
103.571496,-0.161643226,-10.040000,2
103.585178,-0.161547352,-10.020000,2
103.599593,-0.161355604,-10.000000,2
103.613387,-0.161451478,-9.980000,2
103.627043,-0.161355604,-9.960000,2
103.640947,-0.161163857,-9.940000,2
103.654568,-0.161259730,-9.920000,2
103.668322,-0.161067983,-9.900000,2
103.681994,-0.160684488,-9.880000,2
103.696446,-0.160972109,-9.860000,2
103.710335,-0.160780361,-9.840000,2
103.723906,-0.160588614,-9.820000,2
103.737693,-0.160780361,-9.800000,2
103.752028,-0.160300992,-9.780000,2
103.765964,-0.160684488,-9.760000,2
103.779418,-0.160300992,-9.740000,2
103.793448,-0.159725750,-9.720000,2
103.807370,-0.160109245,-9.700000,2
103.820870,-0.159917497,-9.680000,2
103.834850,-0.159629876,-9.660000,2
103.848948,-0.159629876,-9.640000,2
103.862896,-0.159534002,-9.620000,2
103.876700,-0.159629876,-9.600000,2
103.890088,-0.159534002,-9.580000,2
103.903718,-0.159054633,-9.560000,2
103.917164,-0.158958759,-9.540000,2
103.930733,-0.158862885,-9.520000,2
103.943909,-0.158862885,-9.500000,2
103.957236,-0.159054633,-9.480000,2
103.970749,-0.158575264,-9.460000,2
103.984500,-0.158575264,-9.440000,2
103.998045,-0.158287643,-9.420000,2
104.012067,-0.158287643,-9.400000,2
104.025550,-0.157904147,-9.380000,2
104.039625,-0.158095895,-9.360000,2
104.053237,-0.158095895,-9.340000,2
104.067316,-0.157808274,-9.320000,2
104.081175,-0.157904147,-9.300000,2
104.095112,-0.157712400,-9.280000,2
104.108848,-0.157520652,-9.260000,2
104.122834,-0.157520652,-9.240000,2
104.136773,-0.157137157,-9.220000,2
104.150384,-0.157233031,-9.200000,2
104.164327,-0.157424778,-9.180000,2
104.178210,-0.156849536,-9.160000,2
104.192225,-0.156849536,-9.140000,2
104.206001,-0.157041283,-9.120000,2
104.219689,-0.156274293,-9.100000,2
104.234446,-0.156466040,-9.080000,2
104.248247,-0.156274293,-9.060000,2
104.261711,-0.156082545,-9.040000,2
104.275227,-0.155890798,-9.020000,2
104.289113,-0.155986671,-9.000000,2
104.302740,-0.155890798,-8.980000,2
104.316371,-0.155699050,-8.960000,2
104.330192,-0.155794924,-8.940000,2
104.343616,-0.155315555,-8.920000,2
104.357861,-0.155794924,-8.900000,2
104.371505,-0.155411429,-8.880000,2
104.385518,-0.154932060,-8.860000,2
104.399521,-0.154932060,-8.840000,2
104.413240,-0.155411429,-8.820000,2
104.427036,-0.154836186,-8.800000,2
104.440573,-0.154740312,-8.780000,2
104.454552,-0.154548564,-8.760000,2
104.468207,-0.154644438,-8.740000,2
104.481891,-0.154069195,-8.720000,2
104.495357,-0.154165069,-8.700000,2
104.509248,-0.153973322,-8.680000,2
104.523629,-0.153877448,-8.660000,2
104.537399,-0.153877448,-8.640000,2
104.550992,-0.153589826,-8.620000,2
104.564527,-0.153206331,-8.600000,2
104.578438,-0.153206331,-8.580000,2
104.592019,-0.153398079,-8.560000,2
104.605631,-0.153302205,-8.540000,2
104.619431,-0.153014584,-8.520000,2
104.632949,-0.153110457,-8.500000,2
104.647196,-0.152726962,-8.480000,2
104.660763,-0.152439341,-8.460000,2
104.685911,-0.152535215,-8.440000,2
104.699876,-0.152151719,-8.420000,2
104.715325,-0.152151719,-8.400000,2
104.728440,-0.151864098,-8.380000,2
104.742562,-0.151864098,-8.360000,2
104.755928,-0.151959972,-8.340000,2
104.770324,-0.151959972,-8.320000,2
104.783874,-0.151384729,-8.300000,2
104.797541,-0.151576477,-8.280000,2
104.811039,-0.150905360,-8.260000,2
104.825207,-0.151384729,-8.240000,2
104.838707,-0.151576477,-8.220000,2
104.852844,-0.150905360,-8.200000,2
104.866578,-0.150617739,-8.180000,2
104.880902,-0.150809486,-8.160000,2
104.894759,-0.150521865,-8.140000,2
104.908579,-0.149850748,-8.120000,2
104.922619,-0.150234243,-8.100000,2
104.936239,-0.150138370,-8.080000,2
104.949843,-0.150138370,-8.060000,2
104.963305,-0.150042496,-8.040000,2
104.977281,-0.149850748,-8.020000,2
104.990905,-0.149754874,-8.000000,2
105.004620,-0.149275505,-7.980000,2
105.018117,-0.149467253,-7.960000,2
105.031941,-0.149275505,-7.940000,2
105.045573,-0.149371379,-7.920000,2
105.060023,-0.148987884,-7.900000,2
105.073848,-0.148508515,-7.880000,2
105.087582,-0.148700263,-7.860000,2
105.101235,-0.148604389,-7.840000,2
105.115280,-0.148316767,-7.820000,2
105.128675,-0.147933272,-7.800000,2
105.142546,-0.147933272,-7.780000,2
105.156491,-0.147933272,-7.760000,2
105.170351,-0.147837398,-7.740000,2
105.183770,-0.147549777,-7.720000,2
105.197827,-0.147070408,-7.700000,2
105.211305,-0.147358029,-7.680000,2
105.225205,-0.147262156,-7.660000,2
105.238936,-0.146974534,-7.640000,2
105.252097,-0.147070408,-7.620000,2
105.265919,-0.146495165,-7.600000,2
105.279691,-0.146399291,-7.580000,2
105.293658,-0.146303418,-7.560000,2
105.307604,-0.145919922,-7.540000,2
105.321228,-0.145919922,-7.520000,2
105.334054,-0.146111670,-7.500000,2
105.346868,-0.145824049,-7.480000,2
105.359591,-0.145728175,-7.460000,2
105.373457,-0.145440553,-7.440000,2
105.387201,-0.145536427,-7.420000,2
105.400710,-0.145248806,-7.400000,2
105.414139,-0.145536427,-7.380000,2
105.427197,-0.144577689,-7.360000,2
105.440963,-0.144865311,-7.340000,2
105.454503,-0.144769437,-7.320000,2
105.468187,-0.144481815,-7.300000,2
105.483136,-0.144481815,-7.280000,2
105.497210,-0.144385942,-7.260000,2
105.510567,-0.144098320,-7.240000,2
105.524622,-0.143906573,-7.220000,2
105.538694,-0.144098320,-7.200000,2
105.551890,-0.143427204,-7.180000,2
105.565568,-0.143523077,-7.160000,2
105.579233,-0.143043708,-7.140000,2
105.592992,-0.143043708,-7.120000,2
105.607817,-0.142660213,-7.100000,2
105.621494,-0.142468466,-7.080000,2
105.635496,-0.142468466,-7.060000,2
105.649602,-0.142372592,-7.040000,2
105.663547,-0.141893223,-7.020000,2
105.677081,-0.141797349,-7.000000,2
105.690376,-0.142180844,-6.980000,2
105.704285,-0.141605601,-6.960000,2
105.718152,-0.141509728,-6.940000,2
105.732619,-0.141605601,-6.920000,2
105.746300,-0.141509728,-6.900000,2
105.760715,-0.140934485,-6.880000,2
105.774584,-0.140742737,-6.860000,2
105.788336,-0.140742737,-6.840000,2
105.802077,-0.140167494,-6.820000,2
105.815466,-0.140838611,-6.800000,2
105.829353,-0.140263368,-6.780000,2
105.843315,-0.139975747,-6.760000,2
105.857297,-0.140071621,-6.740000,2
105.870958,-0.139783999,-6.720000,2
105.884454,-0.139496378,-6.700000,2
105.898263,-0.139304630,-6.680000,2
105.912380,-0.139304630,-6.660000,2
105.925964,-0.139017009,-6.640000,2
105.940169,-0.138921135,-6.620000,2
105.954728,-0.139112883,-6.600000,2
105.968308,-0.138921135,-6.580000,2
105.982032,-0.138633514,-6.560000,2
105.995342,-0.138345892,-6.540000,2
106.009363,-0.138345892,-6.520000,2
106.023399,-0.137674776,-6.500000,2
106.037555,-0.138058271,-6.480000,2
106.051240,-0.137387154,-6.460000,2
106.065343,-0.137674776,-6.440000,2
106.078652,-0.137099533,-6.420000,2
106.092302,-0.137195407,-6.400000,2
106.106199,-0.136907785,-6.380000,2
106.119789,-0.136620164,-6.360000,2
106.133293,-0.136332543,-6.340000,2
106.147750,-0.136907785,-6.320000,2
106.161697,-0.136140795,-6.300000,2
106.175083,-0.135949047,-6.280000,2
106.188830,-0.136236669,-6.260000,2
106.202474,-0.135661426,-6.240000,2
106.215930,-0.135661426,-6.220000,2
106.230138,-0.135661426,-6.200000,2
106.243881,-0.134798562,-6.180000,2
106.257090,-0.135469678,-6.160000,2
106.271140,-0.135277931,-6.140000,2
106.285022,-0.134798562,-6.120000,2
106.298351,-0.134798562,-6.100000,2
106.312303,-0.134415067,-6.080000,2
106.325561,-0.134510940,-6.060000,2
106.339033,-0.133935698,-6.040000,2
106.353530,-0.134031571,-6.020000,2
106.367480,-0.134031571,-6.000000,2
106.381169,-0.133935698,-5.980000,2
106.395063,-0.133552202,-5.960000,2
106.408840,-0.133552202,-5.940000,2
106.423914,-0.133072833,-5.920000,2
106.437610,-0.133264581,-5.900000,2
106.451063,-0.132976960,-5.880000,2
106.464885,-0.132881086,-5.860000,2
106.478777,-0.132785212,-5.840000,2
106.492476,-0.132209969,-5.820000,2
106.506140,-0.132689338,-5.800000,2
106.520351,-0.132018222,-5.780000,2
106.533956,-0.132209969,-5.760000,2
106.548177,-0.132018222,-5.740000,2
106.562176,-0.131922348,-5.720000,2
106.575914,-0.131922348,-5.700000,2
106.589876,-0.131059484,-5.680000,2
106.603193,-0.131634726,-5.660000,2
106.616920,-0.131059484,-5.640000,2
106.630645,-0.131155357,-5.620000,2
106.644364,-0.130675988,-5.600000,2
106.658126,-0.130771862,-5.580000,2
106.672524,-0.130196619,-5.560000,2
106.686396,-0.130484241,-5.540000,2
106.699939,-0.130484241,-5.520000,2
106.713927,-0.129813124,-5.500000,2
106.728052,-0.129908998,-5.480000,2
106.742217,-0.129908998,-5.460000,2
106.756101,-0.129621377,-5.440000,2
106.769722,-0.129142008,-5.420000,2
106.783235,-0.128854386,-5.400000,2
106.797234,-0.129142008,-5.380000,2
106.810736,-0.129046134,-5.360000,2
106.824880,-0.128662639,-5.340000,2
106.838819,-0.128662639,-5.320000,2
106.852763,-0.128183270,-5.300000,2
106.866302,-0.128183270,-5.280000,2
106.880179,-0.128279143,-5.260000,2
106.893708,-0.128087396,-5.240000,2
106.907589,-0.128087396,-5.220000,2
106.921705,-0.127320405,-5.200000,2
106.935573,-0.127703901,-5.180000,2
106.949168,-0.127608027,-5.160000,2
106.963079,-0.126553415,-5.140000,2
106.976865,-0.126936910,-5.120000,2
106.991193,-0.126745163,-5.100000,2
107.004944,-0.126745163,-5.080000,2
107.018845,-0.126649289,-5.060000,2
107.032929,-0.126457541,-5.040000,2
107.046623,-0.126361667,-5.020000,2
107.060323,-0.125882298,-5.000000,2
107.074329,-0.125882298,-4.980000,2
107.087925,-0.125978172,-4.960000,2
107.103062,-0.125211182,-4.940000,2
107.116401,-0.125498803,-4.920000,2
107.130522,-0.125594677,-4.900000,2
107.144500,-0.124731813,-4.880000,2
107.157812,-0.125019434,-4.860000,2
107.171892,-0.124540065,-4.840000,2
107.188102,-0.124444191,-4.820000,2
107.201698,-0.124444191,-4.800000,2
107.215347,-0.123964822,-4.780000,2
107.228850,-0.123773075,-4.760000,2
107.242047,-0.123773075,-4.740000,2
107.256066,-0.123868949,-4.720000,2
107.270179,-0.123389580,-4.700000,2
107.283931,-0.123293706,-4.680000,2
107.297731,-0.123006084,-4.660000,2
107.312194,-0.122814337,-4.640000,2
107.325531,-0.122239094,-4.620000,2
107.339698,-0.122910211,-4.600000,2
107.353814,-0.122718463,-4.580000,2
107.367546,-0.122334968,-4.560000,2
107.381242,-0.122334968,-4.540000,2
107.394663,-0.121951473,-4.520000,2
107.408638,-0.121951473,-4.500000,2
107.422096,-0.121855599,-4.480000,2
107.435725,-0.121759725,-4.460000,2
107.450005,-0.121184482,-4.440000,2
107.463600,-0.121280356,-4.420000,2
107.477428,-0.121376230,-4.400000,2
107.491349,-0.120705113,-4.380000,2
107.504998,-0.120705113,-4.360000,2
107.518663,-0.120225744,-4.340000,2
107.532343,-0.119842249,-4.320000,2
107.546223,-0.119650501,-4.300000,2
107.560139,-0.119362880,-4.280000,2
107.574996,-0.119362880,-4.260000,2
107.588326,-0.119458754,-4.240000,2
107.601974,-0.118595890,-4.220000,2
107.615835,-0.118979385,-4.200000,2
107.629525,-0.118500016,-4.180000,2
107.643558,-0.118116521,-4.160000,2
107.657272,-0.118500016,-4.140000,2
107.670504,-0.118116521,-4.120000,2
107.684422,-0.117733025,-4.100000,2
107.698586,-0.117637152,-4.080000,2
107.712487,-0.117733025,-4.060000,2
107.726447,-0.117637152,-4.040000,2
107.740879,-0.117541278,-4.020000,2
107.754868,-0.117349530,-4.000000,2
107.768391,-0.117541278,-3.980000,2
107.782427,-0.116774287,-3.960000,2
107.795849,-0.116870161,-3.940000,2
107.809719,-0.116582540,-3.920000,2
107.823909,-0.116390792,-3.900000,2
107.837635,-0.116103171,-3.880000,2
107.851285,-0.116199045,-3.860000,2
107.865072,-0.115336180,-3.840000,2
107.878717,-0.115048559,-3.820000,2
107.892351,-0.115432054,-3.800000,2
107.906188,-0.115144433,-3.780000,2
107.920051,-0.114952685,-3.760000,2
107.933419,-0.114856811,-3.740000,2
107.947508,-0.114473316,-3.720000,2
107.961244,-0.114377442,-3.700000,2
107.974837,-0.113802200,-3.680000,2
107.988684,-0.113802200,-3.660000,2
108.002187,-0.113610452,-3.640000,2
108.016314,-0.113035209,-3.620000,2
108.029918,-0.113035209,-3.600000,2
108.044007,-0.112459967,-3.580000,2
108.057859,-0.112364093,-3.560000,2
108.071512,-0.111884724,-3.540000,2
108.085843,-0.111980598,-3.520000,2
108.099573,-0.111884724,-3.500000,2
108.112935,-0.111405355,-3.480000,2
108.126520,-0.110734238,-3.460000,2
108.140073,-0.110446617,-3.440000,2
108.153648,-0.110158995,-3.420000,2
108.167538,-0.109583753,-3.400000,2
108.181191,-0.109679626,-3.380000,2
108.195311,-0.109200257,-3.360000,2
108.209515,-0.108433267,-3.340000,2
108.223600,-0.108529141,-3.320000,2
108.237651,-0.107953898,-3.300000,2
108.251526,-0.107666277,-3.280000,2
108.265738,-0.107186908,-3.260000,2
108.279633,-0.106803412,-3.240000,2
108.293155,-0.106611665,-3.220000,2
108.306884,-0.106419917,-3.200000,2
108.320555,-0.105652927,-3.180000,2
108.334532,-0.105461179,-3.160000,2
108.348686,-0.104885936,-3.140000,2
108.362415,-0.104406567,-3.120000,2
108.376243,-0.104598315,-3.100000,2
108.389964,-0.104118946,-3.080000,2
108.403457,-0.103447829,-3.060000,2
108.417947,-0.102872587,-3.040000,2
108.432130,-0.102584965,-3.020000,2
108.446437,-0.102872587,-3.000000,2
108.460052,-0.101817975,-2.980000,2
108.473684,-0.101817975,-2.960000,2
108.487404,-0.101242732,-2.940000,2
108.502608,-0.100859237,-2.920000,2
108.517086,-0.099996373,-2.900000,2
108.530433,-0.099708751,-2.880000,2
108.544386,-0.099517004,-2.860000,2
108.558260,-0.098845887,-2.840000,2
108.571765,-0.098462392,-2.820000,2
108.585294,-0.098078897,-2.800000,2
108.599520,-0.097599528,-2.780000,2
108.613525,-0.096928411,-2.760000,2
108.627376,-0.097024285,-2.740000,2
108.641098,-0.096736663,-2.720000,2
108.655048,-0.095969673,-2.700000,2
108.669171,-0.095682052,-2.680000,2
108.682852,-0.095298556,-2.660000,2
108.696713,-0.095298556,-2.640000,2
108.710222,-0.094531566,-2.620000,2
108.724450,-0.094052197,-2.600000,2
108.738809,-0.093668702,-2.580000,2
108.751841,-0.093381080,-2.560000,2
108.765128,-0.093093459,-2.540000,2
108.779198,-0.092805838,-2.520000,2
108.793112,-0.092518216,-2.500000,2
108.806563,-0.092230595,-2.480000,2
108.820816,-0.092038847,-2.460000,2
108.834753,-0.091847100,-2.440000,2
108.847817,-0.091175983,-2.420000,2
108.861747,-0.090984235,-2.400000,2
108.876082,-0.090600740,-2.380000,2
108.890235,-0.090504866,-2.360000,2
108.903537,-0.090313119,-2.340000,2
108.917781,-0.089737876,-2.320000,2
108.931599,-0.089450255,-2.300000,2
108.945473,-0.089066759,-2.280000,2
108.958930,-0.088970886,-2.260000,2
108.972970,-0.088587391,-2.240000,2
108.987058,-0.088012148,-2.220000,2
109.000542,-0.088108022,-2.200000,2
109.014540,-0.087916274,-2.180000,2
109.028599,-0.087724526,-2.160000,2
109.042336,-0.087245157,-2.140000,2
109.056679,-0.087341031,-2.120000,2
109.070882,-0.087245157,-2.100000,2
109.084357,-0.086478167,-2.080000,2
109.097874,-0.086382293,-2.060000,2
109.112005,-0.085998798,-2.040000,2
109.125396,-0.085902924,-2.020000,2
109.139042,-0.085327681,-2.000000,2
109.152812,-0.085040060,-1.980000,2
109.166281,-0.085135934,-1.960000,2
109.179983,-0.084848312,-1.940000,2
109.193967,-0.084848312,-1.920000,2
109.207699,-0.084177196,-1.900000,2
109.220996,-0.083793701,-1.880000,2
109.235222,-0.083697827,-1.860000,2
109.249971,-0.083506079,-1.840000,2
109.263524,-0.083026710,-1.820000,2
109.277944,-0.083218458,-1.800000,2
109.291539,-0.082259720,-1.780000,2
109.305121,-0.082259720,-1.760000,2
109.318870,-0.082067972,-1.740000,2
109.332686,-0.081492729,-1.720000,2
109.347024,-0.081300982,-1.700000,2
109.360694,-0.081013360,-1.680000,2
109.374736,-0.080438118,-1.660000,2
109.388697,-0.080150496,-1.640000,2
109.402800,-0.079671127,-1.620000,2
109.417127,-0.079671127,-1.600000,2
109.430867,-0.079191758,-1.580000,2
109.444738,-0.078808263,-1.560000,2
109.458257,-0.078616515,-1.540000,2
109.472458,-0.078137146,-1.520000,2
109.486526,-0.077849525,-1.500000,2
109.500116,-0.076986661,-1.480000,2
109.514318,-0.077178408,-1.460000,2
109.527876,-0.076507292,-1.440000,2
109.542030,-0.076411418,-1.420000,2
109.556368,-0.075644428,-1.400000,2
109.570003,-0.075069185,-1.380000,2
109.584229,-0.074685690,-1.360000,2
109.597851,-0.073918699,-1.340000,2
109.611409,-0.073247583,-1.320000,2
109.625181,-0.072480592,-1.300000,2
109.638812,-0.072384718,-1.280000,2
109.653676,-0.070850738,-1.260000,2
109.667254,-0.070563116,-1.240000,2
109.681333,-0.069700252,-1.220000,2
109.694512,-0.068741514,-1.200000,2
109.709660,-0.067878650,-1.180000,2
109.723426,-0.066919912,-1.160000,2
109.737532,-0.066344669,-1.140000,2
109.751653,-0.066057048,-1.120000,2
109.764971,-0.066152921,-1.100000,2
109.777869,-0.065385931,-1.080000,2
109.791925,-0.065098310,-1.060000,2
109.806294,-0.064235445,-1.040000,2
109.820454,-0.063372581,-1.020000,2
109.834578,-0.063180834,-1.000000,2
109.848637,-0.063084960,-0.980000,2
109.862109,-0.062126222,-0.960000,2
109.876149,-0.061838601,-0.940000,2
109.889781,-0.061838601,-0.920000,2
109.903336,-0.061071610,-0.900000,2
109.917063,-0.060496367,-0.880000,2
109.930682,-0.059921125,-0.860000,2
109.944185,-0.059250008,-0.840000,2
109.958090,-0.058770639,-0.820000,2
109.971699,-0.057332532,-0.800000,2
109.985680,-0.056469668,-0.780000,2
109.998963,-0.055606804,-0.760000,2
110.012598,-0.055415056,-0.740000,2
110.025858,-0.055319182,-0.720000,2
110.039827,-0.054360444,-0.700000,2
110.054202,-0.053976949,-0.680000,2
110.067431,-0.052634716,-0.660000,2
110.081849,-0.053209959,-0.640000,2
110.095479,-0.052347094,-0.620000,2
110.109147,-0.051484230,-0.600000,2
110.122919,-0.050621366,-0.580000,2
110.136882,-0.050525492,-0.560000,2
110.150316,-0.049566754,-0.540000,2
110.164176,-0.049375007,-0.520000,2
110.177631,-0.048128647,-0.500000,2
110.191149,-0.047745152,-0.480000,2
110.204636,-0.047169909,-0.460000,2
110.218533,-0.046690540,-0.440000,2
110.232026,-0.045923550,-0.420000,2
110.245596,-0.045444181,-0.400000,2
110.259189,-0.044197821,-0.380000,2
110.272466,-0.043143210,-0.360000,2
110.286109,-0.042567967,-0.340000,2
110.299889,-0.041321607,-0.320000,2
110.313823,-0.040362869,-0.300000,2
110.327023,-0.039116510,-0.280000,2
110.340298,-0.038061898,-0.260000,2
110.353171,-0.036815539,-0.240000,2
110.366099,-0.034802189,-0.220000,2
110.380345,-0.032884713,-0.200000,2
110.394134,-0.029912625,-0.180000,2
110.407221,-0.027899276,-0.160000,2
110.420658,-0.026365295,-0.140000,2
110.433986,-0.024256071,-0.120000,2
110.447429,-0.023584955,-0.100000,2
110.461351,-0.023201459,-0.080000,2
110.474647,-0.021379857,-0.060000,2
110.488366,-0.020804614,-0.040000,2
110.501786,-0.020037624,-0.020000,2
110.515562,-0.019558255,0.000000,2
110.530140,-0.018503643,0.000000,3
110.543834,-0.018311896,0.020000,3
110.557298,-0.018120148,0.040000,3
110.571184,-0.017353158,0.060000,3
110.584815,-0.016586167,0.080000,3
110.597995,-0.016010924,0.100000,3
110.612401,-0.015531555,0.120000,3
110.625881,-0.015243934,0.140000,3
110.639339,-0.014668691,0.160000,3
110.652695,-0.014381070,0.180000,3
110.666985,-0.013901701,0.200000,3
110.681403,-0.013230584,0.220000,3
110.694566,-0.012175973,0.240000,3
110.709161,-0.011504856,0.260000,3
110.723106,-0.011696604,0.280000,3
110.736626,-0.011313108,0.300000,3
110.749918,-0.010354370,0.320000,3
110.765149,-0.009683254,0.340000,3
110.778453,-0.009491506,0.360000,3
110.791710,-0.008628642,0.380000,3
110.805465,-0.008916263,0.400000,3
110.819591,-0.008245147,0.420000,3
110.832898,-0.007669904,0.440000,3
110.846739,-0.007094661,0.460000,3
110.861012,-0.006902914,0.480000,3
110.874484,-0.006327671,0.500000,3
110.888399,-0.005368933,0.520000,3
110.901726,-0.004697816,0.540000,3
110.915891,-0.004601942,0.560000,3
110.930075,-0.003739078,0.580000,3
110.943641,-0.003163835,0.600000,3
110.957663,-0.002972088,0.620000,3
110.971898,-0.001917476,0.640000,3
110.985773,-0.001342233,0.660000,3
110.999278,-0.000671117,0.680000,3
111.012913,0.000095874,0.700000,3
111.026787,0.000766990,0.720000,3
111.040083,0.001438107,0.740000,3
111.053824,0.001629855,0.760000,3
111.067339,0.002300971,0.780000,3
111.081246,0.003163835,0.800000,3
111.094646,0.003547331,0.820000,3
111.108289,0.003930826,0.840000,3
111.122500,0.005560680,0.860000,3
111.135557,0.006135923,0.880000,3
111.149807,0.005944176,0.900000,3
111.163520,0.006615292,0.920000,3
111.176936,0.007094661,0.940000,3
111.190520,0.007861652,0.960000,3
111.204449,0.008916263,0.980000,3
111.218542,0.008628642,1.000000,3
111.231904,0.009203885,1.020000,3
111.245686,0.009491506,1.040000,3
111.258826,0.010066749,1.060000,3
111.272927,0.011025487,1.080000,3
111.286832,0.011121361,1.100000,3
111.300440,0.011217235,1.120000,3
111.314234,0.012463594,1.140000,3
111.328249,0.012367720,1.160000,3
111.341830,0.012751215,1.180000,3
111.355306,0.013326458,1.200000,3
111.368670,0.013901701,1.220000,3
111.382577,0.014668691,1.240000,3
111.395755,0.015052186,1.260000,3
111.409494,0.015243934,1.280000,3
111.423424,0.015339808,1.300000,3
111.436877,0.015819177,1.320000,3
111.451536,0.016010924,1.340000,3
111.465022,0.015915051,1.360000,3
111.478669,0.016682041,1.380000,3
111.492181,0.016777915,1.400000,3
111.506338,0.016777915,1.420000,3
111.520355,0.017353158,1.440000,3
111.535182,0.017449031,1.460000,3
111.549589,0.018024274,1.480000,3
111.562759,0.017928400,1.500000,3
111.576389,0.018695391,1.520000,3
111.590607,0.018695391,1.540000,3
111.604789,0.019270634,1.560000,3
111.618722,0.019174760,1.580000,3
111.632835,0.018791265,1.600000,3
111.646519,0.020037624,1.620000,3
111.660483,0.019654129,1.640000,3
111.673816,0.019845876,1.660000,3
111.687557,0.020229372,1.680000,3
111.701728,0.020229372,1.700000,3
111.715845,0.020996362,1.720000,3
111.729670,0.020708741,1.740000,3
111.743149,0.020229372,1.760000,3
111.757096,0.020612867,1.780000,3
111.771382,0.021188110,1.800000,3
111.784742,0.021188110,1.820000,3
111.798544,0.020612867,1.840000,3
111.812048,0.021092236,1.860000,3
111.826111,0.021475731,1.880000,3
111.839564,0.021667479,1.900000,3
111.853058,0.021955100,1.920000,3
111.867543,0.021763352,1.940000,3
111.881047,0.022434469,1.960000,3
111.895018,0.022434469,1.980000,3
111.908929,0.022913838,2.000000,3
111.922381,0.023009712,2.020000,3
111.936516,0.022817964,2.040000,3
111.950557,0.023297333,2.060000,3
111.964096,0.023680828,2.080000,3
111.977652,0.023968450,2.100000,3
111.991814,0.024256071,2.120000,3
112.005692,0.024543693,2.140000,3
112.019243,0.025023062,2.160000,3
112.033150,0.025118935,2.180000,3
112.047205,0.025502431,2.200000,3
112.061075,0.025790052,2.220000,3
112.074844,0.025790052,2.240000,3
112.088604,0.025981800,2.260000,3
112.101977,0.026844664,2.280000,3
112.115791,0.027515780,2.300000,3
112.129989,0.027515780,2.320000,3
112.143775,0.027803402,2.340000,3
112.157357,0.027899276,2.360000,3
112.170763,0.028666266,2.380000,3
112.184477,0.028953887,2.400000,3
112.198041,0.029145635,2.420000,3
112.211708,0.029816752,2.440000,3
112.225136,0.030008499,2.460000,3
112.238966,0.030200247,2.480000,3
112.252415,0.030487868,2.500000,3
112.266201,0.031063111,2.520000,3
112.280029,0.031350732,2.540000,3
112.293886,0.031830101,2.560000,3
112.307606,0.031638354,2.580000,3
112.321051,0.032117723,2.600000,3
112.334737,0.033076461,2.620000,3
112.348503,0.033172335,2.640000,3
112.362019,0.034035199,2.660000,3
112.376035,0.034322820,2.680000,3
112.389918,0.034610442,2.700000,3
112.403314,0.034898063,2.720000,3
112.417277,0.035281558,2.740000,3
112.430905,0.035952675,2.760000,3
112.444124,0.035952675,2.780000,3
112.458259,0.036623791,2.800000,3
112.471384,0.036815539,2.820000,3
112.485062,0.037103160,2.840000,3
112.498464,0.037294908,2.860000,3
112.512207,0.037486656,2.880000,3
112.525733,0.038253646,2.900000,3
112.539144,0.038541267,2.920000,3
112.553057,0.039500005,2.940000,3
112.566286,0.039595879,2.960000,3
112.580035,0.039787627,2.980000,3
112.593571,0.040458743,3.000000,3
112.607671,0.040650491,3.020000,3
112.621792,0.041225734,3.040000,3
112.635775,0.041800976,3.060000,3
112.649150,0.042088598,3.080000,3
112.662903,0.042088598,3.100000,3
112.677041,0.042951462,3.120000,3
112.691348,0.043239083,3.140000,3
112.704732,0.043622579,3.160000,3
112.718517,0.044581317,3.180000,3
112.731824,0.044868938,3.200000,3
112.745456,0.045060686,3.220000,3
112.758883,0.045540055,3.240000,3
112.772789,0.046019424,3.260000,3
112.786881,0.046786414,3.280000,3
112.800966,0.046786414,3.300000,3
112.814655,0.047361657,3.320000,3
112.828968,0.047553404,3.340000,3
112.842544,0.048224521,3.360000,3
112.856393,0.048512142,3.380000,3
112.870143,0.048799764,3.400000,3
112.884200,0.049279133,3.420000,3
112.898462,0.049470880,3.440000,3
112.912171,0.049662628,3.460000,3
112.925722,0.050046123,3.480000,3
112.939273,0.050333745,3.500000,3
112.953129,0.051004861,3.520000,3
112.966687,0.050908987,3.540000,3
112.981240,0.051388356,3.560000,3
112.994615,0.051771852,3.580000,3
113.008176,0.052059473,3.600000,3
113.022192,0.052251221,3.620000,3
113.035727,0.052538842,3.640000,3
113.049136,0.052826463,3.660000,3
113.062761,0.053114085,3.680000,3
113.076514,0.053497580,3.700000,3
113.090012,0.053497580,3.720000,3
113.104454,0.054072823,3.740000,3
113.118090,0.054264570,3.760000,3
113.131397,0.054552192,3.780000,3
113.145064,0.054839813,3.800000,3
113.158674,0.055031561,3.820000,3
113.172149,0.055606804,3.840000,3
113.185979,0.055415056,3.860000,3
113.199436,0.055990299,3.880000,3
113.213589,0.056277920,3.900000,3
113.227500,0.056469668,3.920000,3
113.241009,0.056853163,3.940000,3
113.255392,0.057236658,3.960000,3
113.268960,0.057428406,3.980000,3
113.282790,0.057332532,4.000000,3
113.296955,0.057620153,4.020000,3
113.311150,0.058291270,4.040000,3
113.324942,0.058291270,4.060000,3
113.338532,0.058099522,4.080000,3
113.352264,0.058387144,4.100000,3
113.366404,0.058866513,4.120000,3
113.379737,0.059058260,4.140000,3
113.393671,0.059345882,4.160000,3
113.407123,0.059537629,4.180000,3
113.421000,0.059729377,4.200000,3
113.434423,0.059825251,4.220000,3
113.448210,0.060304620,4.240000,3
113.461639,0.060208746,4.260000,3
113.475360,0.060400494,4.280000,3
113.489375,0.060688115,4.300000,3
113.502650,0.061263358,4.320000,3
113.516438,0.061263358,4.340000,3
113.530436,0.061359232,4.360000,3
113.544203,0.061550979,4.380000,3
113.557375,0.061934474,4.400000,3
113.571474,0.061934474,4.420000,3
113.584713,0.062317970,4.440000,3
113.598677,0.062701465,4.460000,3
113.612598,0.062893212,4.480000,3
113.626348,0.063084960,4.500000,3
113.640060,0.063372581,4.520000,3
113.653566,0.063756076,4.540000,3
113.667467,0.063564329,4.560000,3
113.681032,0.063756076,4.580000,3
113.694473,0.064618941,4.600000,3
113.708314,0.064139572,4.620000,3
113.721945,0.065002436,4.640000,3
113.735506,0.065098310,4.660000,3
113.749506,0.065290057,4.680000,3
113.763580,0.065098310,4.700000,3
113.776993,0.065385931,4.720000,3
113.790365,0.065290057,4.740000,3
113.803887,0.065865300,4.760000,3
113.817111,0.066248795,4.780000,3
113.830886,0.066248795,4.800000,3
113.844656,0.066536417,4.820000,3
113.858257,0.066728164,4.840000,3
113.872011,0.066824038,4.860000,3
113.885573,0.067207533,4.880000,3
113.898922,0.067399281,4.900000,3
113.912244,0.067782776,4.920000,3
113.926033,0.067686902,4.940000,3
113.939529,0.067782776,4.960000,3
113.953206,0.068166271,4.980000,3
113.967050,0.068262145,5.000000,3
113.981158,0.068741514,5.020000,3
113.994743,0.068645640,5.040000,3
114.008714,0.069700252,5.060000,3
114.022938,0.069508504,5.080000,3
114.036480,0.069987873,5.100000,3
114.050227,0.069892000,5.120000,3
114.065100,0.070179621,5.140000,3
114.078433,0.070179621,5.160000,3
114.091743,0.070658990,5.180000,3
114.105725,0.071330107,5.200000,3
114.119128,0.071234233,5.220000,3
114.133101,0.071617728,5.240000,3
114.147292,0.072192971,5.260000,3
114.160642,0.072288845,5.280000,3
114.174390,0.072480592,5.300000,3
114.188211,0.072480592,5.320000,3
114.201857,0.072768214,5.340000,3
114.215490,0.073535204,5.360000,3
114.229550,0.073151709,5.380000,3
114.243764,0.073822825,5.400000,3
114.257173,0.073726952,5.420000,3
114.270842,0.074110447,5.440000,3
114.285113,0.074206321,5.460000,3
114.299570,0.074493942,5.480000,3
114.313689,0.074877437,5.500000,3
114.327187,0.075165059,5.520000,3
114.341031,0.075452680,5.540000,3
114.355250,0.075644428,5.560000,3
114.368806,0.076027923,5.580000,3
114.382212,0.076219670,5.600000,3
114.396636,0.076315544,5.620000,3
114.410139,0.077082535,5.640000,3
114.423984,0.077370156,5.660000,3
114.437523,0.077370156,5.680000,3
114.451399,0.078041273,5.700000,3
114.465716,0.078328894,5.720000,3
114.479522,0.078424768,5.740000,3
114.493563,0.079000011,5.760000,3
114.506995,0.078712389,5.780000,3
114.520484,0.078616515,5.800000,3
114.534274,0.079671127,5.820000,3
114.547873,0.079767001,5.840000,3
114.561492,0.080438118,5.860000,3
114.575052,0.080533991,5.880000,3
114.588791,0.080917487,5.900000,3
114.602946,0.081109234,5.920000,3
114.616910,0.081588603,5.940000,3
114.630230,0.081780351,5.960000,3
114.644056,0.081588603,5.980000,3
114.657654,0.082547341,6.000000,3
114.671559,0.082643215,6.020000,3
114.685561,0.083122584,6.040000,3
114.699208,0.083985448,6.060000,3
114.712734,0.083985448,6.080000,3
114.726311,0.084081322,6.100000,3
114.740645,0.084656565,6.120000,3
114.753954,0.085231808,6.140000,3
114.768242,0.085807050,6.160000,3
114.781448,0.085807050,6.180000,3
114.794755,0.086190546,6.200000,3
114.808251,0.086190546,6.220000,3
114.822064,0.086574041,6.240000,3
114.836368,0.087053410,6.260000,3
114.850439,0.087724526,6.280000,3
114.865548,0.088203895,6.300000,3
114.879016,0.088108022,6.320000,3
114.892988,0.088779138,6.340000,3
114.906732,0.089258507,6.360000,3
114.920653,0.089450255,6.380000,3
114.934312,0.089929624,6.400000,3
114.948204,0.090217245,6.420000,3
114.962005,0.090408993,6.440000,3
114.975932,0.090504866,6.460000,3
114.989601,0.091271857,6.480000,3
115.003643,0.091271857,6.500000,3
115.017306,0.091655352,6.520000,3
115.030723,0.091751226,6.540000,3
115.044157,0.092038847,6.560000,3
115.058622,0.092614090,6.580000,3
115.072373,0.093381080,6.600000,3
115.085863,0.092997585,6.620000,3
115.099887,0.093572828,6.640000,3
115.113714,0.093860449,6.660000,3
115.126945,0.093956323,6.680000,3
115.140741,0.095010935,6.700000,3
115.155534,0.095202683,6.720000,3
115.169247,0.095394430,6.740000,3
115.183066,0.095777925,6.760000,3
115.197233,0.095394430,6.780000,3
115.210904,0.096161421,6.800000,3
115.225087,0.096257294,6.820000,3
115.239509,0.096449042,6.840000,3
115.253647,0.096928411,6.860000,3
115.267199,0.097024285,6.880000,3
115.280318,0.097311906,6.900000,3
115.294101,0.097503654,6.920000,3
115.307709,0.097887149,6.940000,3
115.321652,0.098750013,6.960000,3
115.335032,0.098558266,6.980000,3
115.348250,0.098941761,7.000000,3
115.361104,0.099229382,7.020000,3
115.373976,0.099325256,7.040000,3
115.387746,0.099900499,7.060000,3
115.401342,0.099325256,7.080000,3
115.415089,0.099900499,7.100000,3
115.428603,0.100188120,7.120000,3
115.442606,0.100092246,7.140000,3
115.456783,0.100475742,7.160000,3
115.470652,0.101434480,7.180000,3
115.484098,0.101242732,7.200000,3
115.498100,0.101242732,7.220000,3
115.512337,0.101626227,7.240000,3
115.525664,0.101626227,7.260000,3
115.539336,0.102009722,7.280000,3
115.553936,0.102201470,7.300000,3
115.567210,0.102680839,7.320000,3
115.580843,0.103064334,7.340000,3
115.594751,0.102872587,7.360000,3
115.608476,0.103160208,7.380000,3
115.621673,0.103256082,7.400000,3
115.635429,0.103351956,7.420000,3
115.649470,0.103735451,7.440000,3
115.663102,0.104023072,7.460000,3
115.676690,0.104310694,7.480000,3
115.690236,0.104694189,7.500000,3
115.703775,0.104790063,7.520000,3
115.717390,0.105077684,7.540000,3
115.731425,0.105077684,7.560000,3
115.744950,0.105365305,7.580000,3
115.758880,0.105844674,7.600000,3
115.772755,0.105940548,7.620000,3
115.786614,0.106324043,7.640000,3
115.800444,0.106707539,7.660000,3
115.814017,0.106899286,7.680000,3
115.827803,0.107091034,7.700000,3
115.841210,0.107091034,7.720000,3
115.855768,0.107282781,7.740000,3
115.869522,0.107762150,7.760000,3
115.882791,0.108145646,7.780000,3
115.897159,0.107762150,7.800000,3
115.910416,0.108529141,7.820000,3
115.924170,0.108433267,7.840000,3
115.937912,0.109008510,7.860000,3
115.951388,0.108912636,7.880000,3
115.964861,0.109200257,7.900000,3
115.978592,0.109871374,7.920000,3
115.993182,0.109679626,7.940000,3
116.006608,0.110063122,7.960000,3
116.020602,0.110063122,7.980000,3
116.034673,0.110446617,8.000000,3
116.048488,0.111021860,8.020000,3
116.062246,0.111021860,8.040000,3
116.075811,0.111405355,8.060000,3
116.090326,0.111692976,8.080000,3
116.104068,0.111597102,8.100000,3
116.117469,0.111980598,8.120000,3
116.131128,0.112268219,8.140000,3
116.144843,0.112843462,8.160000,3
116.158818,0.112939336,8.180000,3
116.172945,0.113610452,8.200000,3
116.186553,0.113706326,8.220000,3
116.200258,0.114089821,8.240000,3
116.214194,0.114089821,8.260000,3
116.227621,0.114185695,8.280000,3
116.241338,0.114281569,8.300000,3
116.255201,0.114952685,8.320000,3
116.269094,0.114856811,8.340000,3
116.283332,0.115719676,8.360000,3
116.296634,0.115623802,8.380000,3
116.310171,0.115815549,8.400000,3
116.323928,0.116199045,8.420000,3
116.337587,0.116678414,8.440000,3
116.351227,0.116774287,8.460000,3
116.365106,0.117061909,8.480000,3
116.380174,0.117349530,8.500000,3
116.393706,0.117733025,8.520000,3
116.407517,0.118020647,8.540000,3
116.421301,0.118404142,8.560000,3
116.434745,0.118691763,8.580000,3
116.448217,0.119171132,8.600000,3
116.461823,0.119458754,8.620000,3
116.475484,0.119650501,8.640000,3
116.489340,0.120033997,8.660000,3
116.503553,0.120225744,8.680000,3
116.517576,0.120321618,8.700000,3
116.531694,0.120992735,8.720000,3
116.545341,0.121184482,8.740000,3
116.558941,0.121663851,8.760000,3
116.572849,0.121567977,8.780000,3
116.586901,0.122334968,8.800000,3
116.600392,0.122239094,8.820000,3
116.613943,0.122718463,8.840000,3
116.627984,0.123197832,8.860000,3
116.641715,0.123868949,8.880000,3
116.655742,0.123677201,8.900000,3
116.669281,0.123868949,8.920000,3
116.683123,0.124540065,8.940000,3
116.696517,0.124731813,8.960000,3
116.709102,0.124635939,8.980000,3
116.722717,0.125307056,9.000000,3
116.736201,0.125211182,9.020000,3
116.750261,0.125882298,9.040000,3
116.764007,0.126265794,9.060000,3
116.778277,0.126361667,9.080000,3
116.792433,0.126649289,9.100000,3
116.806013,0.126841036,9.120000,3
116.819602,0.127416279,9.140000,3
116.833732,0.127416279,9.160000,3
116.846774,0.127895648,9.180000,3
116.860982,0.127895648,9.200000,3
116.874894,0.128279143,9.220000,3
116.888123,0.128470891,9.240000,3
116.902208,0.128854386,9.260000,3
116.915799,0.128950260,9.280000,3
116.929391,0.129142008,9.300000,3
116.942831,0.129429629,9.320000,3
116.956604,0.130292493,9.340000,3
116.970030,0.130100746,9.360000,3
116.983759,0.130484241,9.380000,3
116.997885,0.130484241,9.400000,3
117.011363,0.130675988,9.420000,3
117.025036,0.131347105,9.440000,3
117.039191,0.131538853,9.460000,3
117.053194,0.131538853,9.480000,3
117.067128,0.131634726,9.500000,3
117.081028,0.132018222,9.520000,3
117.095283,0.132305843,9.540000,3
117.108799,0.132785212,9.560000,3
117.122825,0.132689338,9.580000,3
117.137443,0.133072833,9.600000,3
117.151153,0.133264581,9.620000,3
117.165276,0.133456329,9.640000,3
117.178952,0.133648076,9.660000,3
117.192245,0.133935698,9.680000,3
117.206110,0.134031571,9.700000,3
117.220122,0.134798562,9.720000,3
117.233827,0.134894436,9.740000,3
117.247282,0.134702688,9.760000,3
117.261255,0.135182057,9.780000,3
117.274441,0.135182057,9.800000,3
117.288058,0.135469678,9.820000,3
117.302315,0.135949047,9.840000,3
117.316543,0.135949047,9.860000,3
117.330150,0.136620164,9.880000,3
117.343843,0.136524290,9.900000,3
117.357004,0.136620164,9.920000,3
117.370658,0.136907785,9.940000,3
117.384459,0.137099533,9.960000,3
117.397695,0.137483028,9.980000,3
117.411982,0.137291281,10.000000,3
117.425656,0.137578902,10.020000,3
117.439459,0.137578902,10.040000,3
117.453886,0.138441766,10.060000,3
117.467703,0.138250019,10.080000,3
117.482150,0.138441766,10.100000,3
117.495650,0.138633514,10.120000,3
117.509338,0.138633514,10.140000,3
117.523361,0.139208757,10.160000,3
117.536994,0.139304630,10.180000,3
117.550970,0.139592252,10.200000,3
117.564520,0.139783999,10.220000,3
117.577810,0.140167494,10.240000,3
117.591764,0.140263368,10.260000,3
117.605258,0.140646863,10.280000,3
117.619561,0.140838611,10.300000,3
117.633307,0.140838611,10.320000,3
117.647382,0.141030359,10.340000,3
117.660899,0.141317980,10.360000,3
117.674547,0.141509728,10.380000,3
117.688579,0.141222106,10.400000,3
117.701956,0.141989097,10.420000,3
117.715625,0.142180844,10.440000,3
117.729288,0.142180844,10.460000,3
117.743547,0.142372592,10.480000,3
117.757008,0.142180844,10.500000,3
117.771276,0.142947835,10.520000,3
117.785321,0.143139582,10.540000,3
117.799015,0.143331330,10.560000,3
117.812666,0.143906573,10.580000,3
117.826685,0.143906573,10.600000,3
117.840339,0.143810699,10.620000,3
117.853541,0.144290068,10.640000,3
117.867469,0.144385942,10.660000,3
117.880864,0.144865311,10.680000,3
117.894870,0.145248806,10.700000,3
117.908231,0.144961184,10.720000,3
117.921624,0.145536427,10.740000,3
117.935898,0.146015796,10.760000,3
117.950699,0.145824049,10.780000,3
117.964489,0.146303418,10.800000,3
117.978164,0.146591039,10.820000,3
117.992588,0.146782787,10.840000,3
118.005673,0.147166282,10.860000,3
118.019466,0.147453903,10.880000,3
118.032587,0.147166282,10.900000,3
118.046305,0.147933272,10.920000,3
118.061225,0.148125020,10.940000,3
118.074647,0.148508515,10.960000,3
118.088003,0.148604389,10.980000,3
118.101480,0.148796136,11.000000,3
118.114996,0.149563127,11.020000,3
118.128927,0.149083758,11.040000,3
118.143391,0.149371379,11.060000,3
118.156970,0.149467253,11.080000,3
118.170661,0.150330117,11.100000,3
118.184466,0.150521865,11.120000,3
118.198352,0.150809486,11.140000,3
118.211805,0.150713612,11.160000,3
118.225774,0.151672350,11.180000,3
118.239083,0.151288855,11.200000,3
118.252766,0.151672350,11.220000,3
118.266916,0.152151719,11.240000,3
118.280315,0.151864098,11.260000,3
118.294380,0.152631088,11.280000,3
118.308551,0.152631088,11.300000,3
118.321947,0.152918710,11.320000,3
118.335812,0.153493953,11.340000,3
118.349648,0.153206331,11.360000,3
118.363102,0.154260943,11.380000,3
118.376945,0.154356817,11.400000,3
118.390803,0.154356817,11.420000,3
118.404573,0.155027933,11.440000,3
118.418546,0.154836186,11.460000,3
118.432480,0.155315555,11.480000,3
118.446413,0.155699050,11.500000,3
118.460063,0.155794924,11.520000,3
118.473709,0.156466040,11.540000,3
118.487471,0.156178419,11.560000,3
118.501187,0.156849536,11.580000,3
118.515368,0.157328905,11.600000,3
118.529078,0.157808274,11.620000,3
118.542777,0.157904147,11.640000,3
118.557063,0.158383516,11.660000,3
118.570869,0.158958759,11.680000,3
118.584539,0.159342254,11.700000,3
118.599327,0.159342254,11.720000,3
118.612872,0.159534002,11.740000,3
118.626383,0.160205119,11.760000,3
118.640657,0.160300992,11.780000,3
118.654045,0.160780361,11.800000,3
118.668220,0.160492740,11.820000,3
118.682115,0.161259730,11.840000,3
118.695769,0.161643226,11.860000,3
118.709600,0.162122595,11.880000,3
118.723477,0.162506090,11.900000,3
118.737784,0.162793711,11.920000,3
118.750984,0.163368954,11.940000,3
118.764914,0.163464828,11.960000,3
118.778965,0.163464828,11.980000,3
118.792559,0.164040071,12.000000,3
118.806393,0.164519440,12.020000,3
118.819830,0.164998808,12.040000,3
118.833083,0.165094682,12.060000,3
118.846768,0.165382304,12.080000,3
118.860858,0.165574051,12.100000,3
118.874507,0.166341042,12.120000,3
118.888326,0.166820411,12.140000,3
118.901719,0.166820411,12.160000,3
118.915227,0.167299780,12.180000,3
118.929151,0.167491527,12.200000,3
118.942870,0.167779149,12.220000,3
118.956677,0.168354391,12.240000,3
118.970742,0.168642013,12.260000,3
118.984350,0.169121382,12.280000,3
118.998011,0.169217256,12.300000,3
119.012005,0.169696625,12.320000,3
119.025892,0.169888372,12.340000,3
119.039831,0.169984246,12.360000,3
119.053224,0.170271867,12.380000,3
119.067000,0.170559489,12.400000,3
119.080233,0.170751236,12.420000,3
119.094256,0.171134732,12.440000,3
119.107886,0.171422353,12.460000,3
119.122205,0.171614101,12.480000,3
119.136963,0.172189343,12.500000,3
119.150626,0.172285217,12.520000,3
119.164843,0.173052208,12.540000,3
119.178858,0.173148081,12.560000,3
119.192023,0.172956334,12.580000,3
119.205903,0.173531577,12.600000,3
119.219698,0.174010946,12.620000,3
119.233598,0.174106819,12.640000,3
119.248464,0.174394441,12.660000,3
119.262244,0.174490315,12.680000,3
119.276401,0.175065557,12.700000,3
119.290444,0.175544926,12.720000,3
119.304411,0.175544926,12.740000,3
119.318450,0.175832548,12.760000,3
119.332309,0.175928422,12.780000,3
119.346215,0.176503664,12.800000,3
119.360085,0.176599538,12.820000,3
119.374014,0.176983033,12.840000,3
119.387755,0.177366529,12.860000,3
119.401618,0.177750024,12.880000,3
119.415637,0.177654150,12.900000,3
119.429159,0.178037645,12.920000,3
119.442877,0.178421140,12.940000,3
119.456746,0.178612888,12.960000,3
119.470451,0.178804636,12.980000,3
119.484241,0.178708762,13.000000,3
119.497702,0.179571626,13.020000,3
119.511335,0.179667500,13.040000,3
119.524693,0.180146869,13.060000,3
119.538805,0.180242743,13.080000,3
119.552421,0.180434490,13.100000,3
119.565863,0.180817985,13.120000,3
119.579533,0.180913859,13.140000,3
119.592713,0.181297354,13.160000,3
119.606220,0.181105607,13.180000,3
119.619699,0.181872597,13.200000,3
119.633774,0.181584976,13.220000,3
119.647237,0.182447840,13.240000,3
119.661336,0.182447840,13.260000,3
119.674969,0.183118957,13.280000,3
119.688864,0.183023083,13.300000,3
119.702247,0.183406578,13.320000,3
119.715553,0.183790073,13.340000,3
119.729674,0.184173568,13.360000,3
119.743837,0.184269442,13.380000,3
119.757413,0.184748811,13.400000,3
119.770901,0.185324054,13.420000,3
119.785808,0.185419928,13.440000,3
119.799878,0.185707549,13.460000,3
119.813279,0.186282792,13.480000,3
119.827060,0.186186918,13.500000,3
119.840317,0.186186918,13.520000,3
119.853893,0.186858035,13.540000,3
119.868382,0.187145656,13.560000,3
119.882071,0.187241530,13.580000,3
119.896087,0.188008520,13.600000,3
119.910156,0.188392016,13.620000,3
119.923994,0.188487889,13.640000,3
119.937985,0.188775511,13.660000,3
119.952044,0.188967258,13.680000,3
119.965857,0.190021870,13.700000,3
119.979310,0.189925996,13.720000,3
119.992974,0.190692987,13.740000,3
120.007144,0.191076482,13.760000,3
120.020368,0.190980608,13.780000,3
120.034499,0.191555851,13.800000,3
120.048239,0.191843472,13.820000,3
120.061930,0.192226967,13.840000,3
120.075513,0.192898084,13.860000,3
120.089583,0.192802210,13.880000,3
120.102759,0.193473327,13.900000,3
120.116308,0.194048570,13.920000,3
120.129621,0.194432065,13.940000,3
120.143193,0.194336191,13.960000,3
120.156879,0.195199055,13.980000,3
120.170544,0.195486677,14.000000,3
120.184009,0.196061919,14.020000,3
120.197507,0.196637162,14.040000,3
120.211298,0.196733036,14.060000,3
120.224862,0.197691774,14.080000,3
120.238517,0.197787648,14.100000,3
120.252265,0.198267017,14.120000,3
120.265503,0.198746386,14.140000,3
120.279622,0.199513376,14.160000,3
120.293583,0.199992745,14.180000,3
120.307248,0.200184493,14.200000,3
120.321360,0.201047357,14.220000,3
120.334633,0.201622600,14.240000,3
120.347827,0.202293716,14.260000,3
120.360914,0.202773085,14.280000,3
120.374089,0.203348328,14.300000,3
120.388160,0.203731823,14.320000,3
120.401710,0.204115319,14.340000,3
120.415308,0.204882309,14.360000,3
120.428672,0.205265804,14.380000,3
120.442832,0.205936921,14.400000,3
120.456681,0.206608037,14.420000,3
120.470159,0.207279154,14.440000,3
120.483823,0.207854397,14.460000,3
120.497751,0.208237892,14.480000,3
120.511773,0.208813135,14.500000,3
120.525292,0.209580125,14.520000,3
120.538580,0.210155368,14.540000,3
120.552380,0.210826485,14.560000,3
120.565578,0.211305854,14.580000,3
120.579592,0.211881096,14.600000,3
120.593626,0.212456339,14.620000,3
120.607350,0.212648087,14.640000,3
120.621100,0.212935708,14.660000,3
120.635072,0.213606825,14.680000,3
120.649364,0.214277941,14.700000,3
120.662751,0.214949058,14.720000,3
120.676451,0.215332553,14.740000,3
120.689985,0.215620174,14.760000,3
120.703814,0.216099543,14.780000,3
120.717899,0.216674786,14.800000,3
120.731642,0.216866534,14.820000,3
120.745000,0.217537650,14.840000,3
120.759103,0.218017019,14.860000,3
120.772649,0.218975757,14.880000,3
120.786206,0.218784010,14.900000,3
120.799836,0.219263379,14.920000,3
120.813950,0.220030369,14.940000,3
120.827733,0.220413864,14.960000,3
120.841568,0.220893233,14.980000,3
120.855587,0.221468476,15.000000,3
120.869898,0.221564350,15.020000,3
120.884401,0.222331340,15.040000,3
120.898122,0.222906583,15.060000,3
120.912026,0.223481826,15.080000,3
120.926225,0.223769447,15.100000,3
120.939837,0.224057069,15.120000,3
120.953778,0.224824059,15.140000,3
120.967551,0.225111681,15.160000,3
120.981334,0.225782797,15.180000,3
120.995386,0.226166292,15.200000,3
121.009698,0.226549788,15.220000,3
121.023561,0.227029157,15.240000,3
121.037523,0.227604399,15.260000,3
121.051158,0.227700273,15.280000,3
121.065128,0.228659011,15.300000,3
121.078662,0.228754885,15.320000,3
121.092752,0.229234254,15.340000,3
121.106706,0.229521875,15.360000,3
121.120709,0.229713623,15.380000,3
121.134510,0.230768235,15.400000,3
121.148020,0.231055856,15.420000,3
121.161803,0.231439351,15.440000,3
121.175411,0.231535225,15.460000,3
121.188859,0.232206342,15.480000,3
121.202998,0.232493963,15.500000,3
121.217038,0.233069206,15.520000,3
121.230690,0.233740323,15.540000,3
121.244793,0.233740323,15.560000,3
121.258090,0.234315565,15.580000,3
121.271779,0.234890808,15.600000,3
121.285627,0.235561925,15.620000,3
121.299788,0.235945420,15.640000,3
121.314054,0.236424789,15.660000,3
121.327908,0.236808284,15.680000,3
121.341315,0.236808284,15.700000,3
121.354854,0.237479401,15.720000,3
121.368746,0.238246391,15.740000,3
121.382225,0.238054644,15.760000,3
121.396107,0.238725760,15.780000,3
121.409842,0.238821634,15.800000,3
121.424059,0.239396877,15.820000,3
121.437884,0.239972120,15.840000,3
121.451484,0.240067993,15.860000,3
121.464726,0.240259741,15.880000,3
121.478157,0.240451489,15.900000,3
121.491896,0.240930857,15.920000,3
121.505955,0.241506100,15.940000,3
121.519789,0.241026731,15.960000,3
121.533175,0.242081343,15.980000,3
121.547275,0.242368964,16.000000,3
121.560417,0.242273091,16.020000,3
121.574509,0.242752460,16.040000,3
121.587739,0.243231829,16.060000,3
121.602010,0.243327702,16.080000,3
121.616000,0.243711198,16.100000,3
121.630909,0.243902945,16.120000,3
121.644638,0.244286440,16.140000,3
121.658390,0.244478188,16.160000,3
121.672264,0.244957557,16.180000,3
121.685887,0.244861683,16.200000,3
121.699883,0.245053431,16.220000,3
121.713783,0.245341052,16.240000,3
121.727773,0.245724547,16.260000,3
121.741833,0.245628674,16.280000,3
121.755153,0.245820421,16.300000,3
121.768880,0.246203916,16.320000,3
121.782755,0.246299790,16.340000,3
121.796607,0.246875033,16.360000,3
121.810331,0.246970907,16.380000,3
121.823557,0.247066781,16.400000,3
121.838060,0.246970907,16.420000,3
121.851261,0.247546150,16.440000,3
121.864807,0.247737897,16.460000,3
121.878635,0.247833771,16.480000,3
121.892585,0.248313140,16.500000,3
121.905941,0.248409014,16.520000,3
121.919441,0.248888383,16.540000,3
121.933529,0.248409014,16.560000,3
121.947196,0.248696635,16.580000,3
121.961103,0.249271878,16.600000,3
121.975092,0.249559499,16.620000,3
121.988648,0.249942995,16.640000,3
122.002372,0.249942995,16.660000,3
122.016215,0.249751247,16.680000,3
122.029783,0.250518237,16.700000,3
122.043425,0.250230616,16.720000,3
122.057090,0.250709985,16.740000,3
122.070977,0.250805859,16.760000,3
122.084569,0.250997606,16.780000,3
122.098215,0.251189354,16.800000,3
122.111726,0.251189354,16.820000,3
122.125259,0.251572849,16.840000,3
122.139336,0.251668723,16.860000,3
122.153017,0.251668723,16.880000,3
122.167011,0.252052218,16.900000,3
122.180934,0.252243966,16.920000,3
122.194725,0.252148092,16.940000,3
122.208586,0.252627461,16.960000,3
122.222445,0.252819209,16.980000,3
122.236068,0.252627461,17.000000,3
122.249722,0.252723335,17.020000,3
122.264136,0.253202704,17.040000,3
122.277965,0.253586199,17.060000,3
122.291767,0.253298578,17.080000,3
122.305914,0.253777947,17.100000,3
122.320632,0.253873820,17.120000,3
122.333958,0.253969694,17.140000,3
122.347594,0.254353189,17.160000,3
122.361443,0.254257316,17.180000,3
122.374784,0.254353189,17.200000,3
122.388860,0.254832558,17.220000,3
122.402887,0.254736685,17.240000,3
122.416235,0.254928432,17.260000,3
122.430231,0.255120180,17.280000,3
122.444253,0.255407801,17.300000,3
122.458123,0.255120180,17.320000,3
122.471822,0.255216054,17.340000,3
122.485307,0.255503675,17.360000,3
122.498965,0.256078918,17.380000,3
122.513741,0.255887170,17.400000,3
122.527476,0.256270665,17.420000,3
122.540962,0.256654161,17.440000,3
122.554261,0.256654161,17.460000,3
122.568092,0.256558287,17.480000,3
122.581467,0.256941782,17.500000,3
122.594956,0.257037656,17.520000,3
122.609302,0.257421151,17.540000,3
122.622670,0.257325277,17.560000,3
122.636827,0.257517025,17.580000,3
122.650926,0.257804646,17.600000,3
122.664948,0.258092268,17.620000,3
122.678645,0.258188141,17.640000,3
122.692585,0.258188141,17.660000,3
122.706660,0.258571637,17.680000,3
122.720657,0.258284015,17.700000,3
122.734390,0.258763384,17.720000,3
122.748343,0.258955132,17.740000,3
122.761573,0.258763384,17.760000,3
122.775360,0.259530375,17.780000,3
122.789444,0.259434501,17.800000,3
122.803546,0.259626248,17.820000,3
122.817862,0.259530375,17.840000,3
122.831784,0.259722122,17.860000,3
122.845815,0.259817996,17.880000,3
122.859308,0.260297365,17.900000,3
122.873218,0.260393239,17.920000,3
122.886888,0.260584986,17.940000,3
122.900809,0.260776734,17.960000,3
122.914311,0.261064355,17.980000,3
122.928170,0.260872608,18.000000,3
122.941962,0.261064355,18.020000,3
122.955792,0.261256103,18.040000,3
122.969939,0.261735472,18.060000,3
122.983901,0.261927220,18.080000,3
122.997534,0.261831346,18.100000,3
123.011261,0.262023093,18.120000,3
123.024846,0.262214841,18.140000,3
123.039000,0.262214841,18.160000,3
123.052492,0.262694210,18.180000,3
123.066711,0.262502462,18.200000,3
123.080459,0.263077705,18.220000,3
123.094579,0.263077705,18.240000,3
123.108253,0.263557074,18.260000,3
123.121897,0.263557074,18.280000,3
123.136256,0.263365327,18.300000,3
123.149556,0.263652948,18.320000,3
123.163388,0.263652948,18.340000,3
123.177096,0.264132317,18.360000,3
123.190603,0.264228191,18.380000,3
123.203880,0.264419938,18.400000,3
123.217381,0.264419938,18.420000,3
123.230991,0.264611686,18.440000,3
123.244865,0.264611686,18.460000,3
123.258928,0.265378676,18.480000,3
123.272905,0.265282803,18.500000,3
123.286629,0.265282803,18.520000,3
123.300182,0.265570424,18.540000,3
123.313876,0.265570424,18.560000,3
123.327206,0.265762172,18.580000,3
123.341203,0.266241540,18.600000,3
123.355477,0.266241540,18.620000,3
123.369166,0.266241540,18.640000,3
123.382928,0.266433288,18.660000,3
123.396399,0.266720909,18.680000,3
123.410135,0.267008531,18.700000,3
123.423761,0.267200278,18.720000,3
123.436959,0.267104405,18.740000,3
123.450943,0.267487900,18.760000,3
123.465294,0.267392026,18.780000,3
123.478995,0.267487900,18.800000,3
123.492927,0.267871395,18.820000,3
123.507214,0.267679647,18.840000,3
123.520861,0.268063143,18.860000,3
123.535071,0.268542512,18.880000,3
123.549041,0.268638385,18.900000,3
123.562446,0.269213628,18.920000,3
123.576737,0.268830133,18.940000,3
123.591335,0.269405376,18.960000,3
123.604998,0.269501250,18.980000,3
123.619590,0.269692997,19.000000,3
123.633313,0.269788871,19.020000,3
123.646606,0.269788871,19.040000,3
123.660613,0.270172366,19.060000,3
123.674650,0.270555861,19.080000,3
123.687811,0.270459988,19.100000,3
123.701393,0.270364114,19.120000,3
123.715513,0.270939357,19.140000,3
123.729077,0.270747609,19.160000,3
123.742802,0.271418726,19.180000,3
123.756442,0.271706347,19.200000,3
123.770180,0.271418726,19.220000,3
123.784302,0.271898095,19.240000,3
123.797691,0.272089842,19.260000,3
123.811335,0.271993968,19.280000,3
123.825579,0.272473337,19.300000,3
123.840336,0.272569211,19.320000,3
123.854320,0.272952706,19.340000,3
123.867996,0.273144454,19.360000,3
123.881644,0.272760959,19.380000,3
123.895746,0.272952706,19.400000,3
123.909189,0.273432075,19.420000,3
123.923269,0.273719697,19.440000,3
123.936788,0.273815571,19.460000,3
123.950236,0.273911444,19.480000,3
123.964011,0.273911444,19.500000,3
123.977717,0.274103192,19.520000,3
123.991216,0.274582561,19.540000,3
124.005104,0.274582561,19.560000,3
124.019243,0.275253678,19.580000,3
124.033077,0.275157804,19.600000,3
124.046937,0.275637173,19.620000,3
124.061183,0.275637173,19.640000,3
124.074530,0.275828920,19.660000,3
124.088038,0.275733047,19.680000,3
124.101825,0.276116542,19.700000,3
124.115388,0.276308289,19.720000,3
124.129360,0.276500037,19.740000,3
124.144465,0.276979406,19.760000,3
124.157789,0.277075280,19.780000,3
124.171724,0.277171154,19.800000,3
124.185575,0.277650523,19.820000,3
124.199605,0.277267027,19.840000,3
124.213513,0.277746396,19.860000,3
124.227188,0.277746396,19.880000,3
124.241513,0.278321639,19.900000,3
124.255924,0.278321639,19.920000,3
124.269781,0.278801008,19.940000,3
124.283184,0.278801008,19.960000,3
124.296927,0.278992756,19.980000,3
124.310872,0.278992756,20.000000,3
124.324105,0.279567999,20.000000,3
124.338062,0.279567999,19.980000,3
124.351771,0.279184503,19.960000,3
124.365371,0.279567999,19.940000,3
124.379148,0.279472125,19.920000,3
124.392651,0.279759746,19.900000,3
124.406400,0.279855620,19.880000,3
124.420578,0.279376251,19.860000,3
124.434247,0.279376251,19.840000,3
124.448641,0.279567999,19.820000,3
124.462324,0.279567999,19.800000,3
124.476349,0.279280377,19.780000,3
124.490044,0.279567999,19.760000,3
124.503552,0.279376251,19.740000,3
124.517095,0.279472125,19.720000,3
124.531037,0.279759746,19.700000,3
124.544896,0.279376251,19.680000,3
124.559266,0.279472125,19.660000,3
124.572910,0.279376251,19.640000,3
124.587195,0.279472125,19.620000,3
124.601304,0.278992756,19.600000,3
124.615128,0.279376251,19.580000,3
124.629345,0.279376251,19.560000,3
124.642728,0.279184503,19.540000,3
124.656618,0.279376251,19.520000,3
124.670683,0.279280377,19.500000,3
124.684695,0.279376251,19.480000,3
124.698419,0.279376251,19.460000,3
124.712103,0.279376251,19.440000,3
124.725405,0.279472125,19.420000,3
124.739563,0.278992756,19.400000,3
124.752783,0.278992756,19.380000,3
124.765533,0.278896882,19.360000,3
124.778904,0.278417513,19.340000,3
124.792479,0.278896882,19.320000,3
124.806231,0.278992756,19.300000,3
124.819579,0.278896882,19.280000,3
124.833404,0.278801008,19.260000,3
124.847274,0.278896882,19.240000,3
124.861553,0.278896882,19.220000,3
124.875489,0.278609261,19.200000,3
124.888876,0.278801008,19.180000,3
124.902932,0.278609261,19.160000,3
124.917691,0.278513387,19.140000,3
124.931267,0.278417513,19.120000,3
124.944806,0.278417513,19.100000,3
124.958750,0.278225765,19.080000,3
124.972867,0.278609261,19.060000,3
124.986444,0.278513387,19.040000,3
125.000497,0.278321639,19.020000,3
125.013755,0.278321639,19.000000,3
125.027273,0.278129892,18.980000,3
125.040571,0.278034018,18.960000,3
125.054801,0.278321639,18.940000,3
125.068800,0.277842270,18.920000,3
125.083114,0.278417513,18.900000,3
125.096812,0.277650523,18.880000,3
125.110365,0.277458775,18.860000,3
125.124408,0.277938144,18.840000,3
125.138304,0.277938144,18.820000,3
125.152828,0.277458775,18.800000,3
125.166715,0.278034018,18.780000,3
125.180049,0.277746396,18.760000,3
125.193956,0.277842270,18.740000,3
125.207391,0.277842270,18.720000,3
125.221131,0.277746396,18.700000,3
125.234865,0.277746396,18.680000,3
125.248168,0.277458775,18.660000,3
125.262039,0.277362901,18.640000,3
125.276467,0.277267027,18.620000,3
125.290514,0.277171154,18.600000,3
125.305411,0.276883532,18.580000,3
125.318724,0.276787658,18.560000,3
125.331436,0.276883532,18.540000,3
125.344408,0.276787658,18.520000,3
125.357207,0.276595911,18.500000,3
125.370545,0.276787658,18.480000,3
125.384214,0.276595911,18.460000,3
125.397215,0.276595911,18.440000,3
125.410713,0.276595911,18.420000,3
125.424261,0.276595911,18.400000,3
125.437963,0.276308289,18.380000,3
125.452018,0.276212416,18.360000,3
125.465551,0.276500037,18.340000,3
125.479332,0.276212416,18.320000,3
125.493009,0.276212416,18.300000,3
125.506977,0.276020668,18.280000,3
125.520576,0.275828920,18.260000,3
125.534370,0.275924794,18.240000,3
125.548136,0.276308289,18.220000,3
125.561744,0.275637173,18.200000,3
125.575526,0.275828920,18.180000,3
125.589086,0.276020668,18.160000,3
125.602636,0.275733047,18.140000,3
125.616725,0.275541299,18.120000,3
125.630602,0.275733047,18.100000,3
125.644308,0.275445425,18.080000,3
125.657472,0.275541299,18.060000,3
125.671222,0.275828920,18.040000,3
125.684752,0.275157804,18.020000,3
125.698826,0.275061930,18.000000,3
125.712430,0.275061930,17.980000,3
125.726171,0.274870182,17.960000,3
125.740741,0.275061930,17.940000,3
125.754078,0.274966056,17.920000,3
125.767675,0.275061930,17.900000,3
125.781194,0.274390813,17.880000,3
125.794404,0.274966056,17.860000,3
125.808011,0.274966056,17.840000,3
125.821453,0.274294940,17.820000,3
125.834615,0.274966056,17.800000,3
125.848454,0.274390813,17.780000,3
125.861834,0.274486687,17.760000,3
125.875417,0.274294940,17.740000,3
125.889130,0.274294940,17.720000,3
125.903494,0.274007318,17.700000,3
125.916672,0.274007318,17.680000,3
125.929956,0.274103192,17.660000,3
125.944372,0.273623823,17.640000,3
125.958127,0.274199066,17.620000,3
125.971484,0.273527949,17.600000,3
125.985200,0.273527949,17.580000,3
125.998693,0.273911444,17.560000,3
126.012169,0.273815571,17.540000,3
126.026352,0.273623823,17.520000,3
126.039579,0.273623823,17.500000,3
126.053256,0.273527949,17.480000,3
126.067100,0.273527949,17.460000,3
126.080696,0.273527949,17.440000,3
126.094660,0.273144454,17.420000,3
126.109214,0.273144454,17.400000,3
126.123590,0.273048580,17.380000,3
126.137565,0.272760959,17.360000,3
126.151342,0.272665085,17.340000,3
126.165166,0.273048580,17.320000,3
126.178674,0.272760959,17.300000,3
126.192384,0.272760959,17.280000,3
126.206191,0.272760959,17.260000,3
126.220207,0.272665085,17.240000,3
126.234136,0.272089842,17.220000,3
126.247684,0.272569211,17.200000,3
126.261589,0.272281590,17.180000,3
126.275457,0.272473337,17.160000,3
126.289532,0.272185716,17.140000,3
126.303042,0.272281590,17.120000,3
126.316394,0.272089842,17.100000,3
126.330064,0.272185716,17.080000,3
126.343863,0.271514599,17.060000,3
126.357565,0.271226978,17.040000,3
126.370872,0.271418726,17.020000,3
126.384650,0.271706347,17.000000,3
126.398144,0.271610473,16.980000,3
126.412276,0.271418726,16.960000,3
126.426132,0.271226978,16.940000,3
126.439703,0.271322852,16.920000,3
126.453397,0.271418726,16.900000,3
126.466394,0.271418726,16.880000,3
126.479799,0.271226978,16.860000,3
126.494001,0.270555861,16.840000,3
126.507775,0.270555861,16.820000,3
126.521568,0.270843483,16.800000,3
126.535730,0.270651735,16.780000,3
126.549278,0.270459988,16.760000,3
126.563150,0.270555861,16.740000,3
126.577103,0.270364114,16.720000,3
126.590712,0.270747609,16.700000,3
126.604614,0.270459988,16.680000,3
126.618262,0.270459988,16.660000,3
126.632334,0.270076492,16.640000,3
126.645981,0.270172366,16.620000,3
126.659086,0.269788871,16.600000,3
126.672925,0.269692997,16.580000,3
126.686475,0.269501250,16.560000,3
126.700058,0.269597123,16.540000,3
126.713774,0.269884745,16.520000,3
126.727866,0.269788871,16.500000,3
126.741972,0.269405376,16.480000,3
126.755626,0.269213628,16.460000,3
126.769309,0.269405376,16.440000,3
126.782968,0.269213628,16.420000,3
126.796540,0.269213628,16.400000,3
126.810316,0.269117754,16.380000,3
126.824617,0.269309502,16.360000,3
126.838291,0.269021881,16.340000,3
126.851810,0.268734259,16.320000,3
126.865872,0.268542512,16.300000,3
126.879655,0.268542512,16.280000,3
126.893502,0.268638385,16.260000,3
126.907027,0.268446638,16.240000,3
126.920759,0.267967269,16.220000,3
126.934391,0.268350764,16.200000,3
126.948366,0.268254890,16.180000,3
126.962569,0.268063143,16.160000,3
126.976117,0.268254890,16.140000,3
126.989491,0.267487900,16.120000,3
127.002947,0.268254890,16.100000,3
127.016688,0.267775521,16.080000,3
127.030652,0.267583774,16.060000,3
127.044248,0.267487900,16.040000,3
127.057957,0.267583774,16.020000,3
127.072249,0.267487900,16.000000,3
127.085431,0.267200278,15.980000,3
127.099602,0.267200278,15.960000,3
127.112902,0.267104405,15.940000,3
127.126683,0.266912657,15.920000,3
127.140445,0.267008531,15.900000,3
127.154768,0.267200278,15.880000,3
127.168597,0.266720909,15.860000,3
127.182768,0.266433288,15.840000,3
127.197124,0.267008531,15.820000,3
127.211483,0.266816783,15.800000,3
127.224784,0.266337414,15.780000,3
127.238385,0.266720909,15.760000,3
127.252293,0.266433288,15.740000,3
127.266242,0.266241540,15.720000,3
127.280042,0.266433288,15.700000,3
127.294622,0.266529162,15.680000,3
127.308473,0.266145667,15.660000,3
127.322217,0.265762172,15.640000,3
127.336227,0.266145667,15.620000,3
127.349600,0.265762172,15.600000,3
127.364236,0.265858045,15.580000,3
127.378347,0.265474550,15.560000,3
127.391603,0.265570424,15.540000,3
127.404881,0.265570424,15.520000,3
127.418502,0.265474550,15.500000,3
127.431906,0.264995181,15.480000,3
127.445915,0.265474550,15.460000,3
127.459865,0.264803434,15.440000,3
127.474103,0.265282803,15.420000,3
127.487906,0.265091055,15.400000,3
127.501668,0.264515812,15.380000,3
127.515225,0.264611686,15.360000,3
127.528636,0.264515812,15.340000,3
127.542239,0.264132317,15.320000,3
127.556039,0.264515812,15.300000,3
127.570328,0.264611686,15.280000,3
127.583110,0.264419938,15.260000,3
127.596656,0.264419938,15.240000,3
127.610097,0.264228191,15.220000,3
127.624100,0.264132317,15.200000,3
127.637275,0.263748822,15.180000,3
127.651390,0.263365327,15.160000,3
127.665118,0.263652948,15.140000,3
127.679136,0.262885958,15.120000,3
127.692748,0.264036443,15.100000,3
127.707025,0.263173579,15.080000,3
127.721333,0.263461200,15.060000,3
127.734878,0.263269453,15.040000,3
127.749158,0.263077705,15.020000,3
127.762937,0.262885958,15.000000,3
127.776597,0.263077705,14.980000,3
127.790624,0.262694210,14.960000,3
127.804169,0.262598336,14.940000,3
127.818259,0.262598336,14.920000,3
127.831730,0.262981831,14.900000,3
127.846910,0.262502462,14.880000,3
127.860063,0.262118967,14.860000,3
127.874085,0.262118967,14.840000,3
127.887841,0.261543724,14.820000,3
127.901233,0.262118967,14.800000,3
127.915082,0.261927220,14.780000,3
127.928951,0.261927220,14.760000,3
127.942674,0.261639598,14.740000,3
127.956830,0.261735472,14.720000,3
127.971300,0.261831346,14.700000,3
127.984744,0.261447851,14.680000,3
127.998697,0.261735472,14.660000,3
128.012769,0.261160229,14.640000,3
128.026071,0.261256103,14.620000,3
128.039898,0.261735472,14.600000,3
128.053901,0.261160229,14.580000,3
128.067137,0.261160229,14.560000,3
128.081347,0.260968482,14.540000,3
128.095468,0.260968482,14.520000,3
128.108982,0.261160229,14.500000,3
128.122660,0.260489113,14.480000,3
128.136583,0.260680860,14.460000,3
128.149990,0.260489113,14.440000,3
128.164288,0.260297365,14.420000,3
128.179647,0.260393239,14.400000,3
128.193096,0.260297365,14.380000,3
128.207273,0.259913870,14.360000,3
128.220722,0.260297365,14.340000,3
128.234475,0.259913870,14.320000,3
128.248228,0.259817996,14.300000,3
128.262154,0.260201491,14.280000,3
128.275595,0.259817996,14.260000,3
128.289589,0.259530375,14.240000,3
128.303365,0.259817996,14.220000,3
128.316921,0.259817996,14.200000,3
128.330497,0.259434501,14.180000,3
128.344342,0.259626248,14.160000,3
128.357977,0.258955132,14.140000,3
128.371982,0.259146879,14.120000,3
128.385710,0.259051006,14.100000,3
128.400304,0.258955132,14.080000,3
128.414210,0.258955132,14.060000,3
128.428638,0.258763384,14.040000,3
128.443246,0.258667510,14.020000,3
128.457023,0.258284015,14.000000,3
128.470804,0.258379889,13.980000,3
128.485054,0.258475763,13.960000,3
128.499314,0.257996394,13.940000,3
128.513261,0.258092268,13.920000,3
128.526622,0.257996394,13.900000,3
128.539986,0.258188141,13.880000,3
128.553865,0.257996394,13.860000,3
128.567713,0.257612899,13.840000,3
128.581614,0.257612899,13.820000,3
128.595281,0.257421151,13.800000,3
128.608955,0.257421151,13.780000,3
128.622638,0.257421151,13.760000,3
128.636636,0.257517025,13.740000,3
128.650260,0.257133530,13.720000,3
128.663631,0.257133530,13.700000,3
128.677826,0.256941782,13.680000,3
128.691169,0.256845908,13.660000,3
128.704699,0.256750034,13.640000,3
128.718475,0.256750034,13.620000,3
128.732062,0.256845908,13.600000,3
128.746967,0.256750034,13.580000,3
128.760957,0.256270665,13.560000,3
128.774487,0.256270665,13.540000,3
128.788000,0.256750034,13.520000,3
128.802073,0.256174792,13.500000,3
128.815660,0.256270665,13.480000,3
128.829422,0.256078918,13.460000,3
128.842871,0.255503675,13.440000,3
128.857295,0.255791296,13.420000,3
128.871780,0.255887170,13.400000,3
128.885590,0.255503675,13.380000,3
128.899539,0.255407801,13.360000,3
128.913503,0.255216054,13.340000,3
128.927199,0.254832558,13.320000,3
128.940899,0.255024306,13.300000,3
128.955178,0.255311927,13.280000,3
128.968342,0.254736685,13.260000,3
128.982438,0.254544937,13.240000,3
128.996359,0.254832558,13.220000,3
129.009566,0.254449063,13.200000,3
129.023247,0.254161442,13.180000,3
129.036762,0.254640811,13.160000,3
129.050768,0.254161442,13.140000,3
129.064235,0.254257316,13.120000,3
129.078784,0.254065568,13.100000,3
129.093377,0.253873820,13.080000,3
129.107458,0.253682073,13.060000,3
129.121391,0.253777947,13.040000,3
129.134774,0.253873820,13.020000,3
129.148208,0.253682073,13.000000,3
129.161784,0.253682073,12.980000,3
129.175080,0.253490325,12.960000,3
129.189363,0.253298578,12.940000,3
129.202574,0.253586199,12.920000,3
129.216380,0.253106830,12.900000,3
129.230026,0.253106830,12.880000,3
129.244040,0.253106830,12.860000,3
129.257648,0.252627461,12.840000,3
129.271195,0.252915082,12.820000,3
129.285283,0.252723335,12.800000,3
129.299419,0.252435713,12.780000,3
129.313141,0.252435713,12.760000,3
129.327185,0.252435713,12.740000,3
129.341588,0.252243966,12.720000,3
129.354895,0.252627461,12.700000,3
129.369196,0.252627461,12.680000,3
129.383141,0.252243966,12.660000,3
129.396441,0.252243966,12.640000,3
129.409801,0.251956344,12.620000,3
129.424006,0.251860471,12.600000,3
129.437772,0.251572849,12.580000,3
129.451478,0.251476975,12.560000,3
129.465714,0.251285228,12.540000,3
129.479479,0.251572849,12.520000,3
129.493150,0.251381102,12.500000,3
129.507380,0.251189354,12.480000,3
129.521407,0.250997606,12.460000,3
129.536264,0.250805859,12.440000,3
129.549736,0.250901733,12.420000,3
129.563291,0.250997606,12.400000,3
129.577500,0.250805859,12.380000,3
129.591038,0.250518237,12.360000,3
129.604882,0.250518237,12.340000,3
129.618581,0.250134742,12.320000,3
129.632452,0.250326490,12.300000,3
129.646629,0.250038868,12.280000,3
129.660330,0.249942995,12.260000,3
129.673676,0.250230616,12.240000,3
129.687087,0.249942995,12.220000,3
129.700773,0.249942995,12.200000,3
129.714793,0.249655373,12.180000,3
129.728498,0.249271878,12.160000,3
129.742079,0.249655373,12.140000,3
129.755533,0.249463626,12.120000,3
129.769704,0.249463626,12.100000,3
129.783785,0.249271878,12.080000,3
129.798051,0.249080130,12.060000,3
129.811438,0.249080130,12.040000,3
129.824997,0.248888383,12.020000,3
129.839096,0.249080130,12.000000,3
129.852917,0.249080130,11.980000,3
129.866699,0.248504888,11.960000,3
129.880959,0.248696635,11.940000,3
129.894871,0.248504888,11.920000,3
129.908621,0.248409014,11.900000,3
129.922737,0.248025519,11.880000,3
129.936799,0.248121392,11.860000,3
129.950843,0.247929645,11.840000,3
129.964688,0.247546150,11.820000,3
129.978353,0.247642023,11.800000,3
129.992466,0.247450276,11.780000,3
130.005971,0.247929645,11.760000,3
130.019871,0.247642023,11.740000,3
130.033463,0.246970907,11.720000,3
130.047591,0.247258528,11.700000,3
130.061106,0.246970907,11.680000,3
130.074978,0.246683285,11.660000,3
130.088712,0.246587412,11.640000,3
130.103384,0.246875033,11.620000,3
130.116955,0.246779159,11.600000,3
130.130274,0.246395664,11.580000,3
130.144181,0.246491538,11.560000,3
130.157362,0.246395664,11.540000,3
130.171596,0.246203916,11.520000,3
130.185496,0.246012169,11.500000,3
130.198759,0.246203916,11.480000,3
130.212970,0.245916295,11.460000,3
130.226704,0.245724547,11.440000,3
130.239666,0.245820421,11.420000,3
130.253860,0.245532800,11.400000,3
130.267450,0.245628674,11.380000,3
130.281616,0.245628674,11.360000,3
130.295448,0.245628674,11.340000,3
130.309186,0.245436926,11.320000,3
130.322222,0.244957557,11.300000,3
130.335070,0.245245178,11.280000,3
130.348249,0.244669936,11.260000,3
130.361371,0.244286440,11.240000,3
130.374274,0.244478188,11.220000,3
130.388009,0.244382314,11.200000,3
130.401531,0.244286440,11.180000,3
130.415856,0.243998819,11.160000,3
130.429246,0.244478188,11.140000,3
130.442487,0.244286440,11.120000,3
130.456239,0.243998819,11.100000,3
130.470217,0.243615324,11.080000,3
130.484856,0.243519450,11.060000,3
130.498022,0.243519450,11.040000,3
130.511934,0.243519450,11.020000,3
130.525267,0.243615324,11.000000,3
130.539087,0.243327702,10.980000,3
130.553319,0.243231829,10.960000,3
130.566885,0.242944207,10.940000,3
130.581002,0.243040081,10.920000,3
130.594756,0.242656586,10.900000,3
130.608290,0.242656586,10.880000,3
130.621973,0.242560712,10.860000,3
130.635608,0.242464838,10.840000,3
130.649678,0.242177217,10.820000,3
130.662945,0.241889595,10.800000,3
130.676684,0.241793722,10.780000,3
130.690477,0.241985469,10.760000,3
130.704386,0.241601974,10.740000,3
130.718336,0.241410226,10.720000,3
130.731595,0.241601974,10.700000,3
130.745674,0.241314353,10.680000,3
130.759241,0.241218479,10.660000,3
130.772819,0.241410226,10.640000,3
130.786743,0.240930857,10.620000,3
130.800438,0.240643236,10.600000,3
130.813938,0.240547362,10.580000,3
130.827557,0.241026731,10.560000,3
130.841878,0.240643236,10.540000,3
130.855553,0.240259741,10.520000,3
130.869716,0.240163867,10.500000,3
130.883443,0.240355615,10.480000,3
130.897222,0.239876246,10.460000,3
130.910387,0.239972120,10.440000,3
130.925993,0.239972120,10.420000,3
130.939329,0.239684498,10.400000,3
130.953100,0.239972120,10.380000,3
130.966778,0.239780372,10.360000,3
130.981107,0.239684498,10.340000,3
130.994750,0.239013382,10.320000,3
131.008796,0.239301003,10.300000,3
131.023078,0.238821634,10.280000,3
131.036645,0.238821634,10.260000,3
131.050589,0.238629886,10.240000,3
131.065020,0.238534013,10.220000,3
131.078622,0.238054644,10.200000,3
131.092490,0.238150517,10.180000,3
131.106205,0.238150517,10.160000,3
131.119680,0.237958770,10.140000,3
131.133050,0.237575275,10.120000,3
131.147129,0.237383527,10.100000,3
131.160685,0.237575275,10.080000,3
131.174184,0.237383527,10.060000,3
131.188182,0.237095906,10.040000,3
131.201807,0.237191779,10.020000,3
131.215540,0.236712410,10.000000,3
131.229517,0.236904158,9.980000,3
131.242896,0.236616537,9.960000,3
131.257004,0.236808284,9.940000,3
131.271254,0.236616537,9.920000,3
131.284705,0.236520663,9.900000,3
131.298303,0.236137168,9.880000,3
131.311922,0.235945420,9.860000,3
131.325231,0.235849546,9.840000,3
131.339293,0.235657799,9.820000,3
131.353397,0.235370177,9.800000,3
131.367242,0.235466051,9.780000,3
131.380796,0.235274303,9.760000,3
131.394097,0.235178430,9.740000,3
131.407644,0.234794934,9.720000,3
131.421537,0.234699061,9.700000,3
131.435098,0.234986682,9.680000,3
131.448998,0.234411439,9.660000,3
131.462588,0.234027944,9.640000,3
131.475451,0.234315565,9.620000,3
131.489232,0.234603187,9.600000,3
131.503193,0.234027944,9.580000,3
131.516853,0.233548575,9.560000,3
131.530221,0.233932070,9.540000,3
131.544257,0.233356827,9.520000,3
131.558035,0.233452701,9.500000,3
131.572099,0.233452701,9.480000,3
131.586043,0.233548575,9.460000,3
131.600126,0.233069206,9.440000,3
131.613882,0.232493963,9.420000,3
131.627439,0.232685711,9.400000,3
131.641170,0.232398089,9.380000,3
131.654790,0.232302216,9.360000,3
131.668823,0.232206342,9.340000,3
131.682892,0.232206342,9.320000,3
131.696592,0.231822847,9.300000,3
131.710208,0.232014594,9.280000,3
131.724005,0.231631099,9.260000,3
131.737738,0.230864109,9.240000,3
131.751594,0.231247604,9.220000,3
131.765185,0.231151730,9.200000,3
131.779403,0.230672361,9.180000,3
131.792685,0.230959982,9.160000,3
131.806836,0.230864109,9.140000,3
131.821406,0.230288866,9.120000,3
131.834600,0.230097118,9.100000,3
131.848365,0.230001244,9.080000,3
131.861827,0.229905371,9.060000,3
131.875167,0.229713623,9.040000,3
131.888874,0.229617749,9.020000,3
131.903242,0.229426002,9.000000,3
131.917264,0.229234254,8.980000,3
131.930390,0.229234254,8.960000,3
131.944620,0.228946633,8.940000,3
131.958156,0.228659011,8.920000,3
131.972275,0.228850759,8.900000,3
131.985790,0.228467264,8.880000,3
131.999988,0.227987895,8.860000,3
132.013348,0.228083768,8.840000,3
132.026982,0.227796147,8.820000,3
132.040705,0.227700273,8.800000,3
132.054294,0.227892021,8.780000,3
132.068086,0.227412652,8.760000,3
132.081787,0.227412652,8.740000,3
132.095852,0.227220904,8.720000,3
132.109200,0.227125030,8.700000,3
132.122707,0.226837409,8.680000,3
132.136754,0.226645661,8.660000,3
132.150337,0.226453914,8.640000,3
132.164093,0.226358040,8.620000,3
132.177985,0.226262166,8.600000,3
132.191888,0.225974545,8.580000,3
132.205779,0.226070419,8.560000,3
132.219860,0.225974545,8.540000,3
132.233501,0.225686923,8.520000,3
132.246831,0.225303428,8.500000,3
132.261254,0.225399302,8.480000,3
132.274646,0.225207554,8.460000,3
132.288133,0.225591050,8.440000,3
132.302181,0.224824059,8.420000,3
132.316196,0.224632312,8.400000,3
132.329836,0.224728185,8.380000,3
132.343738,0.224152943,8.360000,3
132.358171,0.223961195,8.340000,3
132.371889,0.223769447,8.320000,3
132.385239,0.223961195,8.300000,3
132.399571,0.223769447,8.280000,3
132.412751,0.223769447,8.260000,3
132.426831,0.223673574,8.240000,3
132.441044,0.223481826,8.220000,3
132.454825,0.223194205,8.200000,3
132.468327,0.223002457,8.180000,3
132.481620,0.223194205,8.160000,3
132.495413,0.222618962,8.140000,3
132.508909,0.222810709,8.120000,3
132.523055,0.222043719,8.100000,3
132.536946,0.222043719,8.080000,3
132.551057,0.221851971,8.060000,3
132.564922,0.221947845,8.040000,3
132.578842,0.221564350,8.020000,3
132.592508,0.221468476,8.000000,3
132.606235,0.221084981,7.980000,3
132.619982,0.220797360,7.960000,3
132.633636,0.221084981,7.940000,3
132.647404,0.220893233,7.920000,3
132.661744,0.220797360,7.900000,3
132.676423,0.220413864,7.880000,3
132.691062,0.220989107,7.860000,3
132.705329,0.220413864,7.840000,3
132.718907,0.220030369,7.820000,3
132.733192,0.220126243,7.800000,3
132.747079,0.219838622,7.780000,3
132.760829,0.219646874,7.760000,3
132.774920,0.219934495,7.740000,3
132.788458,0.219263379,7.720000,3
132.801979,0.219359253,7.700000,3
132.815420,0.219167505,7.680000,3
132.829292,0.219071631,7.660000,3
132.842985,0.218975757,7.640000,3
132.856950,0.218208767,7.620000,3
132.871358,0.218304641,7.600000,3
132.884795,0.218400515,7.580000,3
132.898348,0.218208767,7.560000,3
132.912511,0.218112893,7.540000,3
132.926357,0.217825272,7.520000,3
132.940759,0.218017019,7.500000,3
132.954767,0.217921146,7.480000,3
132.969596,0.217825272,7.460000,3
132.983055,0.217921146,7.440000,3
132.997191,0.217825272,7.420000,3
133.010863,0.217345903,7.400000,3
133.024725,0.216866534,7.380000,3
133.038825,0.216674786,7.360000,3
133.052896,0.216770660,7.340000,3
133.066083,0.216483039,7.320000,3
133.080279,0.216195417,7.300000,3
133.094773,0.216291291,7.280000,3
133.108406,0.216099543,7.260000,3
133.122971,0.215907796,7.240000,3
133.136750,0.215907796,7.220000,3
133.150613,0.215620174,7.200000,3
133.164468,0.215620174,7.180000,3
133.178102,0.214949058,7.160000,3
133.192120,0.215428427,7.140000,3
133.205680,0.215428427,7.120000,3
133.219707,0.214853184,7.100000,3
133.233377,0.215044932,7.080000,3
133.247520,0.214757310,7.060000,3
133.261310,0.214661437,7.040000,3
133.275295,0.214373815,7.020000,3
133.289624,0.213798572,7.000000,3
133.303071,0.214373815,6.980000,3
133.317274,0.213606825,6.960000,3
133.330920,0.213606825,6.940000,3
133.344709,0.213702699,6.920000,3
133.358396,0.213510951,6.900000,3
133.372141,0.213606825,6.880000,3
133.385805,0.213319203,6.860000,3
133.399216,0.213127456,6.840000,3
133.413260,0.212839834,6.820000,3
133.426683,0.212743961,6.800000,3
133.440522,0.212743961,6.780000,3
133.454609,0.212552213,6.760000,3
133.468508,0.212072844,6.740000,3
133.483073,0.212264592,6.720000,3
133.496424,0.211593475,6.700000,3
133.509862,0.211976970,6.680000,3
133.523828,0.211785223,6.660000,3
133.538024,0.211497601,6.640000,3
133.552304,0.211881096,6.620000,3
133.565718,0.211401727,6.600000,3
133.579030,0.211209980,6.580000,3
133.592813,0.211593475,6.560000,3
133.607164,0.210922358,6.540000,3
133.620922,0.210922358,6.520000,3
133.633958,0.210634737,6.500000,3
133.647788,0.210538863,6.480000,3
133.661876,0.210155368,6.460000,3
133.675680,0.209867747,6.440000,3
133.689298,0.210442989,6.420000,3
133.703053,0.209867747,6.400000,3
133.716709,0.209771873,6.380000,3
133.730143,0.209771873,6.360000,3
133.743170,0.209675999,6.340000,3
133.756404,0.209100756,6.320000,3
133.769982,0.209292504,6.300000,3
133.783496,0.209292504,6.280000,3
133.797092,0.209292504,6.260000,3
133.810959,0.208813135,6.240000,3
133.825192,0.208429640,6.220000,3
133.838440,0.208429640,6.200000,3
133.852539,0.208333766,6.180000,3
133.866534,0.208046144,6.160000,3
133.880190,0.208429640,6.140000,3
133.894338,0.207950271,6.120000,3
133.908699,0.207566775,6.100000,3
133.922082,0.207950271,6.080000,3
133.936563,0.207470902,6.060000,3
133.950204,0.207375028,6.040000,3
133.964272,0.207375028,6.020000,3
133.977723,0.206991533,6.000000,3
133.991308,0.206703911,5.980000,3
134.005090,0.206799785,5.960000,3
134.018633,0.206416290,5.940000,3
134.032838,0.206224542,5.920000,3
134.046502,0.206032795,5.900000,3
134.060578,0.206224542,5.880000,3
134.074088,0.205841047,5.860000,3
134.087615,0.205936921,5.840000,3
134.101678,0.205169930,5.820000,3
134.115839,0.205457552,5.800000,3
134.130007,0.205265804,5.780000,3
134.143577,0.205169930,5.760000,3
134.157007,0.205361678,5.740000,3
134.170919,0.204690561,5.720000,3
134.184188,0.204498814,5.700000,3
134.198231,0.204690561,5.680000,3
134.212226,0.204402940,5.660000,3
134.226479,0.204115319,5.640000,3
134.240286,0.203923571,5.620000,3
134.254153,0.203827697,5.600000,3
134.267569,0.203635950,5.580000,3
134.281307,0.203444202,5.560000,3
134.295240,0.203156581,5.540000,3
134.308935,0.203252454,5.520000,3
134.322494,0.202773085,5.500000,3
134.336229,0.202677212,5.480000,3
134.349868,0.202773085,5.460000,3
134.363738,0.202485464,5.440000,3
134.377466,0.202389590,5.420000,3
134.391725,0.201814347,5.400000,3
134.405518,0.201910221,5.380000,3
134.419192,0.201814347,5.360000,3
134.433195,0.201910221,5.340000,3
134.446913,0.201334978,5.320000,3
134.460567,0.201239105,5.300000,3
134.474815,0.200663862,5.280000,3
134.488532,0.200759736,5.260000,3
134.502262,0.200472114,5.240000,3
134.516311,0.200567988,5.220000,3
134.529838,0.200184493,5.200000,3
134.543520,0.199896871,5.180000,3
134.557272,0.199800998,5.160000,3
134.571072,0.199513376,5.140000,3
134.584597,0.199513376,5.120000,3
134.598692,0.199225755,5.100000,3
134.612782,0.198842260,5.080000,3
134.626543,0.198938133,5.060000,3
134.639866,0.198938133,5.040000,3
134.653542,0.198746386,5.020000,3
134.667122,0.198362891,5.000000,3
134.680585,0.198267017,4.980000,3
134.694342,0.198075269,4.960000,3
134.708322,0.197787648,4.940000,3
134.721601,0.197787648,4.920000,3
134.735715,0.197404153,4.900000,3
134.749664,0.197308279,4.880000,3
134.763328,0.197020657,4.860000,3
134.777383,0.196445415,4.840000,3
134.790733,0.197020657,4.820000,3
134.804304,0.196445415,4.800000,3
134.817999,0.196253667,4.780000,3
134.831215,0.195774298,4.760000,3
134.845385,0.195678424,4.740000,3
134.858762,0.195678424,4.720000,3
134.872865,0.195966046,4.700000,3
134.886348,0.195294929,4.680000,3
134.899934,0.194911434,4.660000,3
134.913395,0.194815560,4.640000,3
134.926736,0.194336191,4.620000,3
134.940821,0.194144443,4.600000,3
134.954356,0.194336191,4.580000,3
134.967839,0.193856822,4.560000,3
134.981383,0.193377453,4.540000,3
134.994972,0.193281579,4.520000,3
135.008353,0.193377453,4.500000,3
135.022568,0.193473327,4.480000,3
135.035839,0.192898084,4.460000,3
135.049572,0.192993958,4.440000,3
135.064028,0.192610463,4.420000,3
135.077496,0.192226967,4.400000,3
135.091532,0.191939346,4.380000,3
135.105116,0.191939346,4.360000,3
135.119755,0.191364103,4.340000,3
135.133118,0.191555851,4.320000,3
135.147429,0.191364103,4.300000,3
135.161212,0.191172356,4.280000,3
135.174633,0.190980608,4.260000,3
135.188668,0.190692987,4.240000,3
135.202208,0.190309491,4.220000,3
135.215894,0.190117744,4.200000,3
135.230353,0.190309491,4.180000,3
135.244159,0.189350754,4.160000,3
135.257907,0.189159006,4.140000,3
135.272222,0.189542501,4.120000,3
135.285634,0.189159006,4.100000,3
135.299455,0.188967258,4.080000,3
135.313195,0.188967258,4.060000,3
135.326451,0.188296142,4.040000,3
135.339189,0.188104394,4.020000,3
135.351983,0.187625025,4.000000,3
135.365158,0.187625025,3.980000,3
135.378335,0.187720899,3.960000,3
135.392272,0.187337404,3.940000,3
135.405611,0.187145656,3.920000,3
135.418787,0.186953909,3.900000,3
135.431938,0.186762161,3.880000,3
135.445307,0.185995171,3.860000,3
135.459657,0.186378666,3.840000,3
135.473151,0.185899297,3.820000,3
135.487224,0.185899297,3.800000,3
135.501187,0.185707549,3.780000,3
135.514760,0.185228180,3.760000,3
135.529564,0.185228180,3.740000,3
135.542880,0.185228180,3.720000,3
135.556813,0.184940559,3.700000,3
135.570321,0.184748811,3.680000,3
135.584230,0.184365316,3.660000,3
135.598262,0.184077695,3.640000,3
135.612403,0.184077695,3.620000,3
135.625592,0.183406578,3.600000,3
135.639161,0.183885947,3.580000,3
135.653005,0.183214830,3.560000,3
135.666623,0.183502452,3.540000,3
135.680220,0.183023083,3.520000,3
135.694173,0.182735461,3.500000,3
135.708611,0.182735461,3.480000,3
135.722361,0.182543714,3.460000,3
135.736137,0.182256092,3.440000,3
135.749699,0.182256092,3.420000,3
135.762912,0.182160219,3.400000,3
135.776456,0.182064345,3.380000,3
135.790097,0.181584976,3.360000,3
135.803711,0.181009733,3.340000,3
135.817698,0.181009733,3.320000,3
135.831401,0.180722112,3.300000,3
135.845033,0.180242743,3.280000,3
135.858786,0.180434490,3.260000,3
135.872686,0.180530364,3.240000,3
135.886120,0.179763374,3.220000,3
135.900333,0.179571626,3.200000,3
135.914002,0.179571626,3.180000,3
135.927880,0.179092257,3.160000,3
135.942938,0.178900509,3.140000,3
135.956568,0.178900509,3.120000,3
135.970335,0.178612888,3.100000,3
135.984115,0.177845898,3.080000,3
135.997780,0.178133519,3.060000,3
136.011637,0.177462402,3.040000,3
136.024974,0.177750024,3.020000,3
136.038327,0.177174781,3.000000,3
136.052041,0.176983033,2.980000,3
136.065183,0.177078907,2.960000,3
136.078233,0.176599538,2.940000,3
136.092120,0.176503664,2.920000,3
136.106232,0.176120169,2.900000,3
136.120133,0.175928422,2.880000,3
136.133775,0.175544926,2.860000,3
136.147409,0.175640800,2.840000,3
136.162105,0.175257305,2.820000,3
136.175353,0.174969684,2.800000,3
136.189979,0.174777936,2.780000,3
136.203511,0.174777936,2.760000,3
136.216984,0.174873810,2.740000,3
136.230726,0.174202693,2.720000,3
136.244656,0.173819198,2.700000,3
136.258409,0.173627450,2.680000,3
136.272481,0.173243955,2.660000,3
136.286494,0.172860460,2.640000,3
136.300618,0.172860460,2.620000,3
136.313943,0.172668712,2.600000,3
136.327556,0.172572839,2.580000,3
136.341093,0.172093470,2.560000,3
136.354372,0.172189343,2.540000,3
136.368310,0.172093470,2.520000,3
136.381948,0.171518227,2.500000,3
136.395674,0.171422353,2.480000,3
136.409703,0.171038858,2.460000,3
136.424131,0.170751236,2.440000,3
136.437285,0.170655363,2.420000,3
136.450766,0.170080120,2.400000,3
136.464002,0.170367741,2.380000,3
136.478277,0.170175994,2.360000,3
136.491888,0.169696625,2.340000,3
136.505427,0.169696625,2.320000,3
136.519062,0.169504877,2.300000,3
136.532973,0.169217256,2.280000,3
136.546348,0.168642013,2.260000,3
136.559842,0.167970896,2.240000,3
136.573634,0.168450265,2.220000,3
136.587349,0.167875022,2.200000,3
136.601288,0.167299780,2.180000,3
136.614603,0.167299780,2.160000,3
136.627818,0.167012158,2.140000,3
136.641794,0.166916284,2.120000,3
136.656690,0.166341042,2.100000,3
136.670312,0.166245168,2.080000,3
136.684123,0.166245168,2.060000,3
136.698223,0.165669925,2.040000,3
136.712229,0.165478177,2.020000,3
136.726006,0.164327692,2.000000,3
136.740093,0.164615313,1.980000,3
136.753452,0.163752449,1.960000,3
136.767438,0.164135944,1.940000,3
136.781251,0.163752449,1.920000,3
136.795285,0.163560702,1.900000,3
136.809021,0.162889585,1.880000,3
136.823246,0.163081333,1.860000,3
136.837496,0.162697837,1.840000,3
136.851114,0.162026721,1.820000,3
136.865018,0.161163857,1.800000,3
136.879135,0.161355604,1.780000,3
136.893190,0.161067983,1.760000,3
136.906915,0.160780361,1.740000,3
136.920799,0.160300992,1.720000,3
136.934347,0.159917497,1.700000,3
136.948601,0.159917497,1.680000,3
136.963236,0.159342254,1.660000,3
136.976441,0.158958759,1.640000,3
136.990438,0.158287643,1.620000,3
137.004051,0.157904147,1.600000,3
137.017945,0.158000021,1.580000,3
137.031563,0.157904147,1.560000,3
137.045588,0.156945409,1.540000,3
137.058912,0.156370167,1.520000,3
137.072422,0.156657788,1.500000,3
137.086450,0.155794924,1.480000,3
137.099760,0.155603176,1.460000,3
137.113221,0.155219681,1.440000,3
137.126585,0.154932060,1.420000,3
137.140073,0.154548564,1.400000,3
137.153936,0.154356817,1.380000,3
137.167727,0.153973322,1.360000,3
137.181405,0.153014584,1.340000,3
137.195624,0.153014584,1.320000,3
137.209390,0.152439341,1.300000,3
137.223325,0.151768224,1.280000,3
137.237486,0.151384729,1.260000,3
137.251666,0.151192981,1.240000,3
137.265726,0.150713612,1.220000,3
137.279499,0.149659001,1.200000,3
137.293709,0.150042496,1.180000,3
137.308048,0.149659001,1.160000,3
137.321932,0.149275505,1.140000,3
137.335812,0.148796136,1.120000,3
137.349112,0.148316767,1.100000,3
137.362711,0.147933272,1.080000,3
137.376186,0.147453903,1.060000,3
137.390309,0.147741525,1.040000,3
137.404307,0.147070408,1.020000,3
137.418241,0.146974534,1.000000,3
137.431710,0.146495165,0.980000,3
137.444979,0.146111670,0.960000,3
137.458414,0.145632301,0.940000,3
137.472536,0.145632301,0.920000,3
137.486085,0.145824049,0.900000,3
137.499390,0.144961184,0.880000,3
137.513394,0.144865311,0.860000,3
137.527118,0.144961184,0.840000,3
137.540657,0.144577689,0.820000,3
137.554256,0.144481815,0.800000,3
137.567803,0.144098320,0.780000,3
137.581316,0.143906573,0.760000,3
137.595406,0.143810699,0.740000,3
137.609565,0.143523077,0.720000,3
137.623311,0.143235456,0.700000,3
137.636488,0.143139582,0.680000,3
137.650105,0.143043708,0.660000,3
137.663752,0.142947835,0.640000,3
137.677717,0.142372592,0.620000,3
137.691857,0.142180844,0.600000,3
137.705778,0.142084970,0.580000,3
137.719746,0.141893223,0.560000,3
137.733838,0.141509728,0.540000,3
137.748379,0.141413854,0.520000,3
137.762365,0.140838611,0.500000,3
137.775553,0.140455116,0.480000,3
137.789619,0.140359242,0.460000,3
137.803448,0.140071621,0.440000,3
137.817293,0.139208757,0.420000,3
137.831448,0.139017009,0.400000,3
137.845531,0.138729388,0.380000,3
137.859021,0.138537640,0.360000,3
137.873044,0.138250019,0.340000,3
137.886955,0.138250019,0.320000,3
137.900897,0.137578902,0.300000,3
137.914318,0.137003659,0.280000,3
137.928387,0.137195407,0.260000,3
137.941980,0.137003659,0.240000,3
137.956363,0.136620164,0.220000,3
137.970622,0.136716038,0.200000,3
137.984648,0.135949047,0.180000,3
137.998947,0.135373805,0.160000,3
138.012337,0.135086183,0.140000,3
138.025902,0.135182057,0.120000,3
138.039234,0.134606814,0.100000,3
138.053076,0.134319193,0.080000,3
138.066564,0.134127445,0.060000,3
138.080096,0.134127445,0.040000,3
138.093935,0.133168707,0.020000,3
138.107174,0.132976960,0.000000,3
138.120944,0.132976960,0.000000,3
138.134475,0.132497591,-0.020000,3
138.148575,0.132114095,-0.040000,3
138.162421,0.131922348,-0.060000,3
138.176245,0.131538853,-0.080000,3
138.190074,0.131059484,-0.100000,3
138.203580,0.131251231,-0.120000,3
138.216945,0.130292493,-0.140000,3
138.230767,0.129717250,-0.160000,3
138.244113,0.130292493,-0.180000,3
138.257621,0.129333755,-0.200000,3
138.271892,0.129142008,-0.220000,3
138.285708,0.128279143,-0.240000,3
138.298955,0.128183270,-0.260000,3
138.312904,0.127416279,-0.280000,3
138.327250,0.126745163,-0.300000,3
138.341072,0.126553415,-0.320000,3
138.354965,0.125498803,-0.340000,3
138.369128,0.125402929,-0.360000,3
138.383055,0.124252444,-0.380000,3
138.397263,0.124060696,-0.400000,3
138.411102,0.123773075,-0.420000,3
138.425115,0.122526715,-0.440000,3
138.438816,0.122239094,-0.460000,3
138.452736,0.120896861,-0.480000,3
138.466457,0.120417492,-0.500000,3
138.480347,0.119938123,-0.520000,3
138.493718,0.118500016,-0.540000,3
138.507021,0.117541278,-0.560000,3
138.520904,0.117061909,-0.580000,3
138.534863,0.116486666,-0.600000,3
138.548613,0.115527928,-0.620000,3
138.563093,0.114185695,-0.640000,3
138.576314,0.113514578,-0.660000,3
138.589711,0.113322831,-0.680000,3
138.604054,0.112555840,-0.700000,3
138.617455,0.111405355,-0.720000,3
138.631547,0.111309481,-0.740000,3
138.645107,0.110158995,-0.760000,3
138.658278,0.109296131,-0.780000,3
138.672344,0.107858024,-0.800000,3
138.685913,0.107282781,-0.820000,3
138.699272,0.106995160,-0.840000,3
138.713113,0.106324043,-0.860000,3
138.726321,0.105748801,-0.880000,3
138.740468,0.105461179,-0.900000,3
138.753914,0.104502441,-0.920000,3
138.767876,0.103927198,-0.940000,3
138.781034,0.103735451,-0.960000,3
138.794352,0.102968460,-0.980000,3
138.808291,0.102776713,-1.000000,3
138.822267,0.102297344,-1.020000,3
138.836130,0.102009722,-1.040000,3
138.850441,0.101626227,-1.060000,3
138.864211,0.101050984,-1.080000,3
138.878298,0.100475742,-1.100000,3
138.892455,0.100188120,-1.120000,3
138.906265,0.099900499,-1.140000,3
138.919879,0.099229382,-1.160000,3
138.933872,0.098462392,-1.180000,3
138.947850,0.098366518,-1.200000,3
138.961533,0.097791275,-1.220000,3
138.976669,0.096928411,-1.240000,3
138.990493,0.096544916,-1.260000,3
139.003753,0.096161421,-1.280000,3
139.017653,0.095969673,-1.300000,3
139.031737,0.095873799,-1.320000,3
139.045509,0.095202683,-1.340000,3
139.059723,0.094148071,-1.360000,3
139.073293,0.094052197,-1.380000,3
139.087760,0.093093459,-1.400000,3
139.101326,0.092709964,-1.420000,3
139.115487,0.092230595,-1.440000,3
139.129770,0.091559478,-1.460000,3
139.143054,0.090792488,-1.480000,3
139.157002,0.090984235,-1.500000,3
139.170826,0.089929624,-1.520000,3
139.184726,0.089162633,-1.540000,3
139.198398,0.088491517,-1.560000,3
139.211910,0.087436905,-1.580000,3
139.225684,0.086957536,-1.600000,3
139.239006,0.085711177,-1.620000,3
139.252589,0.084752439,-1.640000,3
139.266201,0.084081322,-1.660000,3
139.280066,0.083026710,-1.680000,3
139.293982,0.082067972,-1.700000,3
139.308313,0.081109234,-1.720000,3
139.321584,0.079671127,-1.740000,3
139.335840,0.078616515,-1.760000,3
139.349088,0.077753651,-1.780000,3
139.363321,0.076411418,-1.800000,3
139.376950,0.075548554,-1.820000,3
139.390701,0.073822825,-1.840000,3
139.404610,0.073151709,-1.860000,3
139.418526,0.073151709,-1.880000,3
139.432781,0.072288845,-1.900000,3
139.447462,0.071425980,-1.920000,3
139.460690,0.071234233,-1.940000,3
139.474179,0.070275495,-1.960000,3
139.488261,0.069987873,-1.980000,3
139.502249,0.069508504,-2.000000,3
139.515493,0.068837388,-2.020000,3
139.528912,0.068549766,-2.040000,3
139.543493,0.068262145,-2.060000,3
139.557011,0.067974524,-2.080000,3
139.571079,0.066824038,-2.100000,3
139.584862,0.066824038,-2.120000,3
139.599121,0.066536417,-2.140000,3
139.613001,0.065769426,-2.160000,3
139.627176,0.065290057,-2.180000,3
139.640867,0.065385931,-2.200000,3
139.654541,0.064618941,-2.220000,3
139.668433,0.064235445,-2.240000,3
139.682230,0.063851950,-2.260000,3
139.696217,0.063564329,-2.280000,3
139.709833,0.063180834,-2.300000,3
139.723293,0.062989086,-2.320000,3
139.736835,0.062030348,-2.340000,3
139.750541,0.062030348,-2.360000,3
139.764111,0.061263358,-2.380000,3
139.778258,0.061550979,-2.400000,3
139.792942,0.060783989,-2.420000,3
139.806771,0.060496367,-2.440000,3
139.820565,0.060016998,-2.460000,3
139.833873,0.059729377,-2.480000,3
139.847919,0.059633503,-2.500000,3
139.861484,0.059058260,-2.520000,3
139.875579,0.058674765,-2.540000,3
139.889547,0.058291270,-2.560000,3
139.903568,0.057811901,-2.580000,3
139.917092,0.057524280,-2.600000,3
139.930936,0.057140784,-2.620000,3
139.944468,0.056469668,-2.640000,3
139.958538,0.056373794,-2.660000,3
139.972580,0.056277920,-2.680000,3
139.986685,0.055798551,-2.700000,3
140.001303,0.055127435,-2.720000,3
140.014751,0.054648066,-2.740000,3
140.028437,0.054360444,-2.760000,3
140.042047,0.053689328,-2.780000,3
140.055925,0.053593454,-2.800000,3
140.069479,0.053018211,-2.820000,3
140.083194,0.052730590,-2.840000,3
140.097045,0.051292483,-2.860000,3
140.110425,0.051484230,-2.880000,3
140.123871,0.051196609,-2.900000,3
140.138400,0.050525492,-2.920000,3
140.151568,0.050237871,-2.940000,3
140.165942,0.049375007,-2.960000,3
140.180356,0.048991511,-2.980000,3
140.193858,0.048320395,-3.000000,3
140.207609,0.048032773,-3.020000,3
140.221401,0.047936900,-3.040000,3
140.235265,0.047265783,-3.060000,3
140.249213,0.046978162,-3.080000,3
140.263481,0.046498793,-3.100000,3
140.277659,0.046019424,-3.120000,3
140.291781,0.045156559,-3.140000,3
140.305606,0.045060686,-3.160000,3
140.318814,0.044389569,-3.180000,3
140.331779,0.043814326,-3.200000,3
140.344583,0.043143210,-3.220000,3
140.357330,0.042855588,-3.240000,3
140.370414,0.042088598,-3.260000,3
140.384057,0.041800976,-3.280000,3
140.398158,0.041417481,-3.300000,3
140.411608,0.040362869,-3.320000,3
140.424635,0.039883500,-3.340000,3
140.438524,0.039691753,-3.360000,3
140.452538,0.039308258,-3.380000,3
140.466789,0.039116510,-3.400000,3
140.480004,0.038445393,-3.420000,3
140.493465,0.037678403,-3.440000,3
140.507391,0.037390782,-3.460000,3
140.521181,0.037103160,-3.480000,3
140.534825,0.036527918,-3.500000,3
140.549190,0.035952675,-3.520000,3
140.563108,0.035856801,-3.540000,3
140.577048,0.034993937,-3.560000,3
140.590565,0.034706315,-3.580000,3
140.604354,0.034226946,-3.600000,3
140.618482,0.033843451,-3.620000,3
140.632790,0.033555830,-3.640000,3
140.646926,0.033555830,-3.660000,3
140.660734,0.033268208,-3.680000,3
140.674241,0.032980587,-3.700000,3
140.688954,0.032309470,-3.720000,3
140.702455,0.031830101,-3.740000,3
140.715641,0.031734228,-3.760000,3
140.728925,0.031254859,-3.780000,3
140.742379,0.030775490,-3.800000,3
140.755255,0.030487868,-3.820000,3
140.768902,0.029912625,-3.840000,3
140.782654,0.030008499,-3.860000,3
140.796263,0.029433256,-3.880000,3
140.809736,0.029049761,-3.900000,3
140.822335,0.028570392,-3.920000,3
140.836603,0.028666266,-3.940000,3
140.850251,0.028091023,-3.960000,3
140.863697,0.027611654,-3.980000,3
140.877375,0.027324033,-4.000000,3
140.891244,0.027036411,-4.020000,3
140.904796,0.026748790,-4.040000,3
140.918704,0.026269421,-4.060000,3
140.932449,0.025981800,-4.080000,3
140.946333,0.025598304,-4.100000,3
140.959874,0.024927188,-4.120000,3
140.973631,0.024927188,-4.140000,3
140.987202,0.024351945,-4.160000,3
141.000802,0.023776702,-4.180000,3
141.014335,0.024160197,-4.200000,3
141.027789,0.023872576,-4.220000,3
141.041640,0.023776702,-4.240000,3
141.054896,0.023680828,-4.260000,3
141.068676,0.022626217,-4.280000,3
141.082503,0.022434469,-4.300000,3
141.097674,0.022338595,-4.320000,3
141.110851,0.022146848,-4.340000,3
141.124131,0.021283983,-4.360000,3
141.137797,0.020900488,-4.380000,3
141.151326,0.020804614,-4.400000,3
141.165472,0.020612867,-4.420000,3
141.178984,0.020421119,-4.440000,3
141.192628,0.020133498,-4.460000,3
141.206264,0.019941750,-4.480000,3
141.220235,0.019462381,-4.500000,3
141.233363,0.019174760,-4.520000,3
141.246564,0.019270634,-4.540000,3
141.261052,0.018599517,-4.560000,3
141.274796,0.018311896,-4.580000,3
141.288934,0.018024274,-4.600000,3
141.303308,0.017736653,-4.620000,3
141.317583,0.017065536,-4.640000,3
141.331762,0.016777915,-4.660000,3
141.346032,0.016394420,-4.680000,3
141.359647,0.015819177,-4.700000,3
141.373804,0.016010924,-4.720000,3
141.388650,0.015531555,-4.740000,3
141.402037,0.015435682,-4.760000,3
141.415419,0.015148060,-4.780000,3
141.430608,0.014956313,-4.800000,3
141.444350,0.014572817,-4.820000,3
141.457977,0.013997575,-4.840000,3
141.470989,0.013997575,-4.860000,3
141.485520,0.013614079,-4.880000,3
141.499356,0.013614079,-4.900000,3
141.512764,0.013326458,-4.920000,3
141.526590,0.012559468,-4.940000,3
141.540551,0.011984225,-4.960000,3
141.554356,0.012175973,-4.980000,3
141.567765,0.011408982,-5.000000,3
141.581621,0.011217235,-5.020000,3
141.595187,0.010833739,-5.040000,3
141.608724,0.010833739,-5.060000,3
141.622020,0.010546118,-5.080000,3
141.635853,0.009970875,-5.100000,3
141.649587,0.009779128,-5.120000,3
141.663404,0.009395632,-5.140000,3
141.677191,0.009012137,-5.160000,3
141.690741,0.008532768,-5.180000,3
141.704062,0.008149273,-5.200000,3
141.717994,0.007574030,-5.220000,3
141.731776,0.007286409,-5.240000,3
141.745906,0.007094661,-5.260000,3
141.759382,0.006807040,-5.280000,3
141.773263,0.006711166,-5.300000,3
141.786863,0.006231797,-5.320000,3
141.800403,0.006040049,-5.340000,3
141.814831,0.005560680,-5.360000,3
141.828772,0.005177185,-5.380000,3
141.842149,0.005273059,-5.400000,3
141.855448,0.004410195,-5.420000,3
141.869228,0.004122573,-5.440000,3
141.882991,0.003739078,-5.460000,3
141.896980,0.003834952,-5.480000,3
141.910521,0.003067962,-5.500000,3
141.924303,0.002780340,-5.520000,3
141.937887,0.002300971,-5.540000,3
141.951687,0.001917476,-5.560000,3
141.965902,0.001629855,-5.580000,3
141.979353,0.001246359,-5.600000,3
141.993081,0.000862864,-5.620000,3
142.006825,0.000766990,-5.640000,3
142.021082,0.000479369,-5.660000,3
142.035085,-0.000287621,-5.680000,3
142.048711,-0.000575243,-5.700000,3
142.062120,-0.000671117,-5.720000,3
142.075645,-0.000862864,-5.740000,3
142.089338,-0.001629855,-5.760000,3
142.103914,-0.001246359,-5.780000,3
142.118019,-0.001917476,-5.800000,3
142.131887,-0.002205097,-5.820000,3
142.145629,-0.002876214,-5.840000,3
142.159933,-0.003451457,-5.860000,3
142.173623,-0.003451457,-5.880000,3
142.187386,-0.004122573,-5.900000,3
142.201143,-0.004218447,-5.920000,3
142.214935,-0.004889564,-5.940000,3
142.228381,-0.005177185,-5.960000,3
142.241832,-0.005560680,-5.980000,3
142.255536,-0.005273059,-6.000000,3
142.268615,-0.005944176,-6.020000,3
142.282079,-0.006423545,-6.040000,3
142.296410,-0.006519418,-6.060000,3
142.309867,-0.007190535,-6.080000,3
142.323239,-0.007190535,-6.100000,3
142.337250,-0.007669904,-6.120000,3
142.351228,-0.007957525,-6.140000,3
142.365157,-0.008724516,-6.160000,3
142.378981,-0.008628642,-6.180000,3
142.392895,-0.008820390,-6.200000,3
142.406146,-0.009203885,-6.220000,3
142.419829,-0.009395632,-6.240000,3
142.433564,-0.009970875,-6.260000,3
142.447201,-0.010450244,-6.280000,3
142.460726,-0.010546118,-6.300000,3
142.474363,-0.011025487,-6.320000,3
142.487793,-0.011217235,-6.340000,3
142.501412,-0.011504856,-6.360000,3
142.515267,-0.011888351,-6.380000,3
142.528987,-0.011888351,-6.400000,3
142.542606,-0.012271846,-6.420000,3
142.556333,-0.013038837,-6.440000,3
142.569878,-0.012942963,-6.460000,3
142.583655,-0.013230584,-6.480000,3
142.597512,-0.013997575,-6.500000,3
142.611404,-0.013901701,-6.520000,3
142.625570,-0.014189322,-6.540000,3
142.639738,-0.014572817,-6.560000,3
142.653331,-0.014860439,-6.580000,3
142.666947,-0.014956313,-6.600000,3
142.680995,-0.015531555,-6.620000,3
142.694964,-0.015819177,-6.640000,3
142.708301,-0.016106798,-6.660000,3
142.722521,-0.016873789,-6.680000,3
142.736377,-0.017065536,-6.700000,3
142.750064,-0.017353158,-6.720000,3
142.764421,-0.017161410,-6.740000,3
142.778210,-0.018407769,-6.760000,3
142.791695,-0.018311896,-6.780000,3
142.805901,-0.018503643,-6.800000,3
142.819475,-0.018791265,-6.820000,3
142.833450,-0.018983012,-6.840000,3
142.846818,-0.019558255,-6.860000,3
142.860377,-0.020133498,-6.880000,3
142.873989,-0.020421119,-6.900000,3
142.887193,-0.020325245,-6.920000,3
142.901307,-0.021475731,-6.940000,3
142.915050,-0.020804614,-6.960000,3
142.929065,-0.021859226,-6.980000,3
142.943385,-0.021763352,-7.000000,3
142.956945,-0.022146848,-7.020000,3
142.970753,-0.022434469,-7.040000,3
142.984225,-0.023105586,-7.060000,3
142.997923,-0.023201459,-7.080000,3
143.012212,-0.023776702,-7.100000,3
143.026294,-0.024256071,-7.120000,3
143.039781,-0.024543693,-7.140000,3
143.053562,-0.024735440,-7.160000,3
143.067358,-0.025214809,-7.180000,3
143.080880,-0.025406557,-7.200000,3
143.095051,-0.025885926,-7.220000,3
143.108757,-0.025981800,-7.240000,3
143.122792,-0.026844664,-7.260000,3
143.136743,-0.027324033,-7.280000,3
143.150707,-0.027324033,-7.300000,3
143.164310,-0.027803402,-7.320000,3
143.177777,-0.028091023,-7.340000,3
143.191466,-0.028858014,-7.360000,3
143.205500,-0.029145635,-7.380000,3
143.219233,-0.029625004,-7.400000,3
143.233537,-0.030008499,-7.420000,3
143.247353,-0.030679616,-7.440000,3
143.260673,-0.030775490,-7.460000,3
143.274407,-0.031254859,-7.480000,3
143.287791,-0.031925975,-7.500000,3
143.301271,-0.032980587,-7.520000,3
143.314948,-0.033076461,-7.540000,3
143.328876,-0.033076461,-7.560000,3
143.343003,-0.033939325,-7.580000,3
143.356429,-0.034514568,-7.600000,3
143.369933,-0.034610442,-7.620000,3
143.383590,-0.034898063,-7.640000,3
143.397752,-0.035952675,-7.660000,3
143.411233,-0.036048549,-7.680000,3
143.425010,-0.036623791,-7.700000,3
143.438730,-0.036815539,-7.720000,3
143.452695,-0.037966025,-7.740000,3
143.466405,-0.037486656,-7.760000,3
143.480861,-0.038253646,-7.780000,3
143.494746,-0.038637141,-7.800000,3
143.508675,-0.039116510,-7.820000,3
143.522534,-0.039595879,-7.840000,3
143.536853,-0.040075248,-7.860000,3
143.550498,-0.040362869,-7.880000,3
143.564200,-0.040938112,-7.900000,3
143.578059,-0.041417481,-7.920000,3
143.592056,-0.041705103,-7.940000,3
143.605835,-0.041896850,-7.960000,3
143.619977,-0.042472093,-7.980000,3
143.633996,-0.042663841,-8.000000,3
143.647251,-0.043814326,-8.020000,3
143.661307,-0.043334957,-8.040000,3
143.674902,-0.043910200,-8.060000,3
143.688751,-0.044485443,-8.080000,3
143.702271,-0.044964812,-8.100000,3
143.716236,-0.045540055,-8.120000,3
143.730348,-0.045060686,-8.140000,3
143.744237,-0.045923550,-8.160000,3
143.757634,-0.046690540,-8.180000,3
143.771868,-0.046786414,-8.200000,3
143.785823,-0.046786414,-8.220000,3
143.799603,-0.047361657,-8.240000,3
143.813782,-0.047265783,-8.260000,3
143.827505,-0.047936900,-8.280000,3
143.841204,-0.048128647,-8.300000,3
143.855292,-0.048512142,-8.320000,3
143.869078,-0.049279133,-8.340000,3
143.882941,-0.049279133,-8.360000,3
143.896819,-0.049566754,-8.380000,3
143.910688,-0.049950249,-8.400000,3
143.924947,-0.050237871,-8.420000,3
143.938280,-0.050429618,-8.440000,3
143.952191,-0.050908987,-8.460000,3
143.966363,-0.051100735,-8.480000,3
143.980333,-0.051388356,-8.500000,3
143.993844,-0.051675978,-8.520000,3
144.007514,-0.051963599,-8.540000,3
144.020820,-0.052251221,-8.560000,3
144.034343,-0.052155347,-8.580000,3
144.047716,-0.052730590,-8.600000,3
144.061125,-0.053305832,-8.620000,3
144.074731,-0.053209959,-8.640000,3
144.088712,-0.053305832,-8.660000,3
144.102869,-0.053976949,-8.680000,3
144.116537,-0.054072823,-8.700000,3
144.130408,-0.054264570,-8.720000,3
144.144783,-0.054360444,-8.740000,3
144.158737,-0.055127435,-8.760000,3
144.172302,-0.054839813,-8.780000,3
144.186199,-0.055415056,-8.800000,3
144.200407,-0.055415056,-8.820000,3
144.213838,-0.055702677,-8.840000,3
144.227510,-0.055894425,-8.860000,3
144.241027,-0.056182046,-8.880000,3
144.255542,-0.056661415,-8.900000,3
144.269551,-0.057140784,-8.920000,3
144.284263,-0.057524280,-8.940000,3
144.297332,-0.057332532,-8.960000,3
144.311453,-0.058003649,-8.980000,3
144.325449,-0.058195396,-9.000000,3
144.340302,-0.058099522,-9.020000,3
144.354175,-0.058387144,-9.040000,3
144.368318,-0.059058260,-9.060000,3
144.381949,-0.059154134,-9.080000,3
144.395499,-0.059345882,-9.100000,3
144.409457,-0.059729377,-9.120000,3
144.423186,-0.059921125,-9.140000,3
144.437428,-0.060304620,-9.160000,3
144.451737,-0.060304620,-9.180000,3
144.466014,-0.060688115,-9.200000,3
144.479521,-0.061359232,-9.220000,3
144.493383,-0.060975736,-9.240000,3
144.507222,-0.061550979,-9.260000,3
144.520778,-0.061455105,-9.280000,3
144.534563,-0.061646853,-9.300000,3
144.548085,-0.062222096,-9.320000,3
144.561821,-0.062222096,-9.340000,3
144.575818,-0.062701465,-9.360000,3
144.589002,-0.062797339,-9.380000,3
144.602635,-0.062989086,-9.400000,3
144.617051,-0.063851950,-9.420000,3
144.630800,-0.063756076,-9.440000,3
144.644911,-0.063947824,-9.460000,3
144.658303,-0.064043698,-9.480000,3
144.672117,-0.064523067,-9.500000,3
144.685552,-0.065002436,-9.520000,3
144.699001,-0.064906562,-9.540000,3
144.713172,-0.065194183,-9.560000,3
144.726950,-0.065481805,-9.580000,3
144.740276,-0.065769426,-9.600000,3
144.754288,-0.066057048,-9.620000,3
144.768388,-0.066440543,-9.640000,3
144.782180,-0.066824038,-9.660000,3
144.796070,-0.067015786,-9.680000,3
144.810124,-0.067303407,-9.700000,3
144.824224,-0.067303407,-9.720000,3
144.838674,-0.067399281,-9.740000,3
144.851407,-0.068070397,-9.760000,3
144.864808,-0.068070397,-9.780000,3
144.878624,-0.068453893,-9.800000,3
144.892403,-0.068741514,-9.820000,3
144.906230,-0.069029135,-9.840000,3
144.919854,-0.069316757,-9.860000,3
144.933539,-0.069604378,-9.880000,3
144.946882,-0.069508504,-9.900000,3
144.961149,-0.070083747,-9.920000,3
144.975043,-0.069796126,-9.940000,3
144.989201,-0.070563116,-9.960000,3
145.002732,-0.070946611,-9.980000,3
145.016953,-0.070850738,-10.000000,3
145.030355,-0.071042485,-10.020000,3
145.044030,-0.071425980,-10.040000,3
145.057673,-0.071809476,-10.060000,3
145.071640,-0.072288845,-10.080000,3
145.085268,-0.072288845,-10.100000,3
145.099669,-0.072672340,-10.120000,3
145.113856,-0.072480592,-10.140000,3
145.128170,-0.073247583,-10.160000,3
145.141769,-0.072959961,-10.180000,3
145.156135,-0.073726952,-10.200000,3
145.170365,-0.073343456,-10.220000,3
145.183810,-0.073918699,-10.240000,3
145.197912,-0.074589816,-10.260000,3
145.211913,-0.074589816,-10.280000,3
145.225899,-0.074589816,-10.300000,3
145.239658,-0.074685690,-10.320000,3
145.253238,-0.075260932,-10.340000,3
145.267087,-0.075740301,-10.360000,3
145.280969,-0.075644428,-10.380000,3
145.294779,-0.076411418,-10.400000,3
145.309012,-0.076219670,-10.420000,3
145.322255,-0.076699039,-10.440000,3
145.335558,-0.076411418,-10.460000,3
145.348881,-0.077274282,-10.480000,3
145.361812,-0.077370156,-10.500000,3
145.374944,-0.077753651,-10.520000,3
145.388424,-0.077657777,-10.540000,3
145.401647,-0.078137146,-10.560000,3
145.415557,-0.078328894,-10.580000,3
145.429008,-0.078424768,-10.600000,3
145.442757,-0.079000011,-10.620000,3
145.456061,-0.078904137,-10.640000,3
145.469385,-0.079575253,-10.660000,3
145.483128,-0.079383506,-10.680000,3
145.497128,-0.079383506,-10.700000,3
145.510665,-0.080054622,-10.720000,3
145.524239,-0.080342244,-10.740000,3
145.538129,-0.080054622,-10.760000,3
145.552089,-0.080917487,-10.780000,3
145.565937,-0.081109234,-10.800000,3
145.579416,-0.080629865,-10.820000,3
145.593449,-0.081205108,-10.840000,3
145.607070,-0.081876225,-10.860000,3
145.621878,-0.082067972,-10.880000,3
145.634693,-0.082547341,-10.900000,3
145.648469,-0.081876225,-10.920000,3
145.662002,-0.082451467,-10.940000,3
145.675909,-0.082930836,-10.960000,3
145.689558,-0.083122584,-10.980000,3
145.704271,-0.082834963,-11.000000,3
145.717977,-0.083793701,-11.020000,3
145.731611,-0.083697827,-11.040000,3
145.745862,-0.083601953,-11.060000,3
145.759616,-0.084177196,-11.080000,3
145.774974,-0.084273070,-11.100000,3
145.788872,-0.084368943,-11.120000,3
145.802232,-0.084848312,-11.140000,3
145.816039,-0.085135934,-11.160000,3
145.830318,-0.084944186,-11.180000,3
145.843772,-0.085135934,-11.200000,3
145.858235,-0.085615303,-11.220000,3
145.872132,-0.086190546,-11.240000,3
145.885654,-0.085998798,-11.260000,3
145.899744,-0.086574041,-11.280000,3
145.913543,-0.086957536,-11.300000,3
145.927634,-0.086478167,-11.320000,3
145.941457,-0.087245157,-11.340000,3
145.955423,-0.087245157,-11.360000,3
145.969171,-0.087532779,-11.380000,3
145.982737,-0.087724526,-11.400000,3
145.996490,-0.088012148,-11.420000,3
146.010160,-0.088108022,-11.440000,3
146.023878,-0.088203895,-11.460000,3
146.037328,-0.088587391,-11.480000,3
146.050645,-0.088587391,-11.500000,3
146.063805,-0.088875012,-11.520000,3
146.077931,-0.089258507,-11.540000,3
146.091532,-0.089066759,-11.560000,3
146.105243,-0.089354381,-11.580000,3
146.120578,-0.090121371,-11.600000,3
146.134183,-0.090025497,-11.620000,3
146.147737,-0.090313119,-11.640000,3
146.162438,-0.090600740,-11.660000,3
146.176245,-0.090600740,-11.680000,3
146.190049,-0.090888362,-11.700000,3
146.204691,-0.091080109,-11.720000,3
146.218240,-0.091559478,-11.740000,3
146.232268,-0.091655352,-11.760000,3
146.247028,-0.091559478,-11.780000,3
146.260756,-0.092230595,-11.800000,3
146.274254,-0.092518216,-11.820000,3
146.288286,-0.092422342,-11.840000,3
146.302740,-0.092997585,-11.860000,3
146.316091,-0.093476954,-11.880000,3
146.329610,-0.093189333,-11.900000,3
146.343167,-0.093572828,-11.920000,3
146.357208,-0.093572828,-11.940000,3
146.371758,-0.094243945,-11.960000,3
146.385774,-0.094339818,-11.980000,3
146.399884,-0.094627440,-12.000000,3
146.413846,-0.094723314,-12.020000,3
146.429238,-0.095106809,-12.040000,3
146.442951,-0.095490304,-12.060000,3
146.456194,-0.095777925,-12.080000,3
146.469568,-0.095969673,-12.100000,3
146.483532,-0.096065547,-12.120000,3
146.497402,-0.096640790,-12.140000,3
146.510942,-0.096832537,-12.160000,3
146.524817,-0.097311906,-12.180000,3
146.538739,-0.097407780,-12.200000,3
146.552336,-0.097791275,-12.220000,3
146.566381,-0.098078897,-12.240000,3
146.580781,-0.098462392,-12.260000,3
146.594132,-0.098270644,-12.280000,3
146.607731,-0.099421130,-12.300000,3
146.621786,-0.099421130,-12.320000,3
146.635582,-0.099708751,-12.340000,3
146.649395,-0.099708751,-12.360000,3
146.663567,-0.100379868,-12.380000,3
146.677458,-0.100092246,-12.400000,3
146.691801,-0.100571615,-12.420000,3
146.705174,-0.101434480,-12.440000,3
146.718898,-0.101434480,-12.460000,3
146.732839,-0.101626227,-12.480000,3
146.747027,-0.101817975,-12.500000,3
146.760577,-0.102584965,-12.520000,3
146.774184,-0.102776713,-12.540000,3
146.787488,-0.103351956,-12.560000,3
146.801111,-0.103351956,-12.580000,3
146.815408,-0.103831325,-12.600000,3
146.829020,-0.103831325,-12.620000,3
146.842752,-0.104694189,-12.640000,3
146.856847,-0.104981810,-12.660000,3
146.870553,-0.105748801,-12.680000,3
146.884186,-0.105557053,-12.700000,3
146.898944,-0.105940548,-12.720000,3
146.912733,-0.106324043,-12.740000,3
146.926613,-0.106611665,-12.760000,3
146.940320,-0.106899286,-12.780000,3
146.953387,-0.107186908,-12.800000,3
146.967418,-0.108049772,-12.820000,3
146.980958,-0.108049772,-12.840000,3
146.994435,-0.108529141,-12.860000,3
147.008002,-0.109008510,-12.880000,3
147.022748,-0.109487879,-12.900000,3
147.036108,-0.110350743,-12.920000,3
147.050047,-0.110254869,-12.940000,3
147.063629,-0.110350743,-12.960000,3
147.077633,-0.110734238,-12.980000,3
147.091555,-0.111405355,-13.000000,3
147.105095,-0.111884724,-13.020000,3
147.118758,-0.111788850,-13.040000,3
147.132624,-0.113035209,-13.060000,3
147.146414,-0.112843462,-13.080000,3
147.160368,-0.113514578,-13.100000,3
147.173780,-0.113993947,-13.120000,3
147.188059,-0.114281569,-13.140000,3
147.201892,-0.114760938,-13.160000,3
147.215575,-0.115336180,-13.180000,3
147.229700,-0.115719676,-13.200000,3
147.243940,-0.115815549,-13.220000,3
147.257782,-0.116294918,-13.240000,3
147.271426,-0.116582540,-13.260000,3
147.285114,-0.117061909,-13.280000,3
147.298822,-0.117157783,-13.300000,3
147.312375,-0.117637152,-13.320000,3
147.325827,-0.117828899,-13.340000,3
147.340475,-0.118787637,-13.360000,3
147.353964,-0.118883511,-13.380000,3
147.367514,-0.119267006,-13.400000,3
147.381150,-0.119746375,-13.420000,3
147.394901,-0.120033997,-13.440000,3
147.408244,-0.120225744,-13.460000,3
147.421613,-0.121184482,-13.480000,3
147.435635,-0.120896861,-13.500000,3
147.449677,-0.121280356,-13.520000,3
147.463448,-0.121567977,-13.540000,3
147.477321,-0.121663851,-13.560000,3
147.491307,-0.122334968,-13.580000,3
147.504818,-0.122814337,-13.600000,3
147.518679,-0.123197832,-13.620000,3
147.532871,-0.123197832,-13.640000,3
147.546429,-0.123964822,-13.660000,3
147.560383,-0.123868949,-13.680000,3
147.574539,-0.124060696,-13.700000,3
147.588289,-0.124444191,-13.720000,3
147.601995,-0.124827687,-13.740000,3
147.615833,-0.125402929,-13.760000,3
147.629357,-0.125211182,-13.780000,3
147.643508,-0.125498803,-13.800000,3
147.656972,-0.125690551,-13.820000,3
147.671086,-0.126361667,-13.840000,3
147.685149,-0.126457541,-13.860000,3
147.698658,-0.126745163,-13.880000,3
147.712477,-0.126745163,-13.900000,3
147.725994,-0.127416279,-13.920000,3
147.740309,-0.127703901,-13.940000,3
147.753848,-0.127799774,-13.960000,3
147.767319,-0.128183270,-13.980000,3
147.780609,-0.128279143,-14.000000,3
147.794735,-0.128470891,-14.020000,3
147.808076,-0.129046134,-14.040000,3
147.822077,-0.129333755,-14.060000,3
147.836419,-0.129813124,-14.080000,3
147.849897,-0.129908998,-14.100000,3
147.863662,-0.130004872,-14.120000,3
147.877581,-0.130196619,-14.140000,3
147.891068,-0.130771862,-14.160000,3
147.904808,-0.130771862,-14.180000,3
147.918850,-0.131442979,-14.200000,3
147.932835,-0.131347105,-14.220000,3
147.946261,-0.131347105,-14.240000,3
147.959729,-0.132018222,-14.260000,3
147.973176,-0.132305843,-14.280000,3
147.987579,-0.132689338,-14.300000,3
148.001314,-0.132209969,-14.320000,3
148.014797,-0.133072833,-14.340000,3
148.028321,-0.133264581,-14.360000,3
148.042714,-0.133839824,-14.380000,3
148.056748,-0.134031571,-14.400000,3
148.070192,-0.134127445,-14.420000,3
148.083831,-0.134415067,-14.440000,3
148.097837,-0.134510940,-14.460000,3
148.111532,-0.135086183,-14.480000,3
148.125305,-0.135086183,-14.500000,3
148.139122,-0.135565552,-14.520000,3
148.153412,-0.135757300,-14.540000,3
148.167388,-0.135949047,-14.560000,3
148.181449,-0.135853174,-14.580000,3
148.195897,-0.136428416,-14.600000,3
148.209532,-0.137003659,-14.620000,3
148.223110,-0.136716038,-14.640000,3
148.236958,-0.137099533,-14.660000,3
148.251096,-0.137578902,-14.680000,3
148.264784,-0.137866523,-14.700000,3
148.278068,-0.138250019,-14.720000,3
148.292830,-0.138537640,-14.740000,3
148.306143,-0.138729388,-14.760000,3
148.319423,-0.138921135,-14.780000,3
148.333354,-0.139017009,-14.800000,3
148.347448,-0.139304630,-14.820000,3
148.361311,-0.140455116,-14.840000,3
148.375402,-0.140071621,-14.860000,3
148.389236,-0.140455116,-14.880000,3
148.402621,-0.140455116,-14.900000,3
148.416565,-0.141126232,-14.920000,3
148.430568,-0.141222106,-14.940000,3
148.443718,-0.141701475,-14.960000,3
148.457574,-0.141701475,-14.980000,3
148.472196,-0.141989097,-15.000000,3
148.485811,-0.142468466,-15.020000,3
148.499479,-0.142756087,-15.040000,3
148.513686,-0.143139582,-15.060000,3
148.527234,-0.143331330,-15.080000,3
148.541695,-0.143810699,-15.100000,3
148.556248,-0.143906573,-15.120000,3
148.570304,-0.144098320,-15.140000,3
148.585005,-0.144673563,-15.160000,3
148.599143,-0.144961184,-15.180000,3
148.613038,-0.145248806,-15.200000,3
148.626761,-0.145344680,-15.220000,3
148.640456,-0.145344680,-15.240000,3
148.654288,-0.146207544,-15.260000,3
148.668499,-0.146399291,-15.280000,3
148.681975,-0.146686913,-15.300000,3
148.695613,-0.146974534,-15.320000,3
148.710051,-0.147166282,-15.340000,3
148.723486,-0.147358029,-15.360000,3
148.737739,-0.147933272,-15.380000,3
148.751461,-0.147837398,-15.400000,3
148.764996,-0.148316767,-15.420000,3
148.778334,-0.148796136,-15.440000,3
148.791521,-0.148892010,-15.460000,3
148.805386,-0.149179632,-15.480000,3
148.819341,-0.149754874,-15.500000,3
148.832793,-0.149754874,-15.520000,3
148.846218,-0.150138370,-15.540000,3
148.860437,-0.150905360,-15.560000,3
148.874255,-0.151001234,-15.580000,3
148.888146,-0.151288855,-15.600000,3
148.901939,-0.151480603,-15.620000,3
148.915649,-0.152055846,-15.640000,3
148.928723,-0.152439341,-15.660000,3
148.942563,-0.152918710,-15.680000,3
148.956015,-0.153398079,-15.700000,3
148.969434,-0.153398079,-15.720000,3
148.983266,-0.153493953,-15.740000,3
148.996605,-0.154356817,-15.760000,3
149.010065,-0.154548564,-15.780000,3
149.023890,-0.154644438,-15.800000,3
149.038108,-0.154836186,-15.820000,3
149.051329,-0.155123807,-15.840000,3
149.065337,-0.155315555,-15.860000,3
149.080054,-0.155794924,-15.880000,3
149.093631,-0.156082545,-15.900000,3
149.107334,-0.156274293,-15.920000,3
149.120909,-0.156657788,-15.940000,3
149.135635,-0.156657788,-15.960000,3
149.148451,-0.157520652,-15.980000,3
149.162774,-0.157808274,-16.000000,3
149.176756,-0.157808274,-16.020000,3
149.190109,-0.158287643,-16.040000,3
149.203676,-0.158383516,-16.060000,3
149.217359,-0.158862885,-16.080000,3
149.231238,-0.159629876,-16.100000,3
149.244761,-0.159246381,-16.120000,3
149.259394,-0.160013371,-16.140000,3
149.274058,-0.160300992,-16.160000,3
149.288533,-0.160492740,-16.180000,3
149.301909,-0.160492740,-16.200000,3
149.314523,-0.160972109,-16.220000,3
149.327571,-0.160972109,-16.240000,3
149.341691,-0.161259730,-16.260000,3
149.355394,-0.161451478,-16.280000,3
149.369739,-0.161930847,-16.300000,3
149.383941,-0.162601964,-16.320000,3
149.397841,-0.162218468,-16.340000,3
149.411603,-0.162506090,-16.360000,3
149.426099,-0.162601964,-16.380000,3
149.439834,-0.163656575,-16.400000,3
149.455422,-0.163752449,-16.420000,3
149.469047,-0.163944197,-16.440000,3
149.482594,-0.164423566,-16.460000,3
149.496312,-0.164231818,-16.480000,3
149.510456,-0.164615313,-16.500000,3
149.523864,-0.164807061,-16.520000,3
149.537667,-0.165094682,-16.540000,3
149.551805,-0.165382304,-16.560000,3
149.565554,-0.165669925,-16.580000,3
149.579621,-0.165765799,-16.600000,3
149.593746,-0.165574051,-16.620000,3
149.607527,-0.166053420,-16.640000,3
149.621310,-0.166436915,-16.660000,3
149.635620,-0.166724537,-16.680000,3
149.649085,-0.166916284,-16.700000,3
149.663021,-0.167012158,-16.720000,3
149.677150,-0.167587401,-16.740000,3
149.690317,-0.167491527,-16.760000,3
149.704160,-0.167875022,-16.780000,3
149.718076,-0.168066770,-16.800000,3
149.731531,-0.168258518,-16.820000,3
149.745318,-0.168450265,-16.840000,3
149.758549,-0.168642013,-16.860000,3
149.772416,-0.168833760,-16.880000,3
149.786075,-0.168642013,-16.900000,3
149.799424,-0.169600751,-16.920000,3
149.813268,-0.169121382,-16.940000,3
149.827136,-0.169696625,-16.960000,3
149.841213,-0.169984246,-16.980000,3
149.855147,-0.170175994,-17.000000,3
149.868687,-0.170463615,-17.020000,3
149.882814,-0.170751236,-17.040000,3
149.896624,-0.171038858,-17.060000,3
149.910205,-0.171134732,-17.080000,3
149.923404,-0.171422353,-17.100000,3
149.937603,-0.171326479,-17.120000,3
149.951755,-0.171518227,-17.140000,3
149.965515,-0.171997596,-17.160000,3
149.979399,-0.171709974,-17.180000,3
149.993270,-0.172381091,-17.200000,3
150.006756,-0.172285217,-17.220000,3
150.020167,-0.172572839,-17.240000,3
150.034058,-0.173052208,-17.260000,3
150.047654,-0.173052208,-17.280000,3
150.061446,-0.173435703,-17.300000,3
150.075348,-0.173627450,-17.320000,3
150.089420,-0.173819198,-17.340000,3
150.103003,-0.174010946,-17.360000,3
150.117068,-0.174202693,-17.380000,3
150.131102,-0.174394441,-17.400000,3
150.144884,-0.174394441,-17.420000,3
150.159182,-0.174969684,-17.440000,3
150.172752,-0.174969684,-17.460000,3
150.186550,-0.175736674,-17.480000,3
150.199684,-0.175832548,-17.500000,3
150.213632,-0.176120169,-17.520000,3
150.227571,-0.176311917,-17.540000,3
150.241252,-0.176503664,-17.560000,3
150.254651,-0.176791286,-17.580000,3
150.268121,-0.176791286,-17.600000,3
150.281464,-0.176983033,-17.620000,3
150.294772,-0.177270655,-17.640000,3
150.309060,-0.177654150,-17.660000,3
150.322703,-0.177462402,-17.680000,3
150.336358,-0.177750024,-17.700000,3
150.349730,-0.177750024,-17.720000,3
150.362943,-0.177941771,-17.740000,3
150.376296,-0.178708762,-17.760000,3
150.390452,-0.178996383,-17.780000,3
150.403691,-0.178996383,-17.800000,3
150.417285,-0.179284005,-17.820000,3
150.430417,-0.179379878,-17.840000,3
150.444166,-0.179284005,-17.860000,3
150.457882,-0.179763374,-17.880000,3
150.471322,-0.180434490,-17.900000,3
150.484784,-0.180434490,-17.920000,3
150.498783,-0.180913859,-17.940000,3
150.511988,-0.181009733,-17.960000,3
150.525518,-0.181201481,-17.980000,3
150.539440,-0.181584976,-18.000000,3
150.553391,-0.181297354,-18.020000,3
150.567502,-0.181968471,-18.040000,3
150.581768,-0.182256092,-18.060000,3
150.595670,-0.182447840,-18.080000,3
150.609074,-0.182927209,-18.100000,3
150.622631,-0.183118957,-18.120000,3
150.636118,-0.183214830,-18.140000,3
150.650152,-0.183502452,-18.160000,3
150.664407,-0.183885947,-18.180000,3
150.677787,-0.183981821,-18.200000,3
150.691822,-0.184365316,-18.220000,3
150.706297,-0.184269442,-18.240000,3
150.720010,-0.184557064,-18.260000,3
150.733818,-0.184844685,-18.280000,3
150.748334,-0.185228180,-18.300000,3
150.761879,-0.185707549,-18.320000,3
150.775403,-0.185707549,-18.340000,3
150.789102,-0.186282792,-18.360000,3
150.802739,-0.186762161,-18.380000,3
150.816607,-0.186666287,-18.400000,3
150.830243,-0.187049782,-18.420000,3
150.843661,-0.187433278,-18.440000,3
150.857575,-0.187720899,-18.460000,3
150.871515,-0.187912647,-18.480000,3
150.885049,-0.188008520,-18.500000,3
150.899100,-0.188487889,-18.520000,3
150.912812,-0.188679637,-18.540000,3
150.926316,-0.188871385,-18.560000,3
150.940374,-0.189159006,-18.580000,3
150.953940,-0.189446627,-18.600000,3
150.967608,-0.190021870,-18.620000,3
150.981653,-0.190309491,-18.640000,3
150.995379,-0.190309491,-18.660000,3
151.009259,-0.190309491,-18.680000,3
151.023203,-0.190788860,-18.700000,3
151.037066,-0.191172356,-18.720000,3
151.051651,-0.191076482,-18.740000,3
151.065452,-0.191076482,-18.760000,3
151.079353,-0.191843472,-18.780000,3
151.092654,-0.192131094,-18.800000,3
151.106565,-0.191555851,-18.820000,3
151.120265,-0.192610463,-18.840000,3
151.134076,-0.192802210,-18.860000,3
151.148312,-0.192802210,-18.880000,3
151.163146,-0.193185705,-18.900000,3
151.176512,-0.193569201,-18.920000,3
151.190222,-0.193952696,-18.940000,3
151.203833,-0.193952696,-18.960000,3
151.217811,-0.194144443,-18.980000,3
151.231623,-0.194432065,-19.000000,3
151.245932,-0.194144443,-19.020000,3
151.259457,-0.194623812,-19.040000,3
151.273132,-0.195007308,-19.060000,3
151.287066,-0.195199055,-19.080000,3
151.300723,-0.195007308,-19.100000,3
151.314792,-0.195678424,-19.120000,3
151.327785,-0.195678424,-19.140000,3
151.341747,-0.196349541,-19.160000,3
151.355236,-0.196541288,-19.180000,3
151.368993,-0.196061919,-19.200000,3
151.382730,-0.196541288,-19.220000,3
151.396670,-0.196828910,-19.240000,3
151.409910,-0.197116531,-19.260000,3
151.424069,-0.197020657,-19.280000,3
151.438524,-0.197595900,-19.300000,3
151.451998,-0.197500026,-19.320000,3
151.465735,-0.197979395,-19.340000,3
151.478995,-0.197691774,-19.360000,3
151.492851,-0.197883522,-19.380000,3
151.506727,-0.198171143,-19.400000,3
151.520133,-0.198458764,-19.420000,3
151.533667,-0.198554638,-19.440000,3
151.546994,-0.198650512,-19.460000,3
151.560883,-0.198842260,-19.480000,3
151.575017,-0.199034007,-19.500000,3
151.589030,-0.199034007,-19.520000,3
151.602808,-0.199129881,-19.540000,3
151.616667,-0.199609250,-19.560000,3
151.630486,-0.200280367,-19.580000,3
151.644101,-0.200088619,-19.600000,3
151.657400,-0.200280367,-19.620000,3
151.671823,-0.200184493,-19.640000,3
151.685553,-0.200376240,-19.660000,3
151.698826,-0.200951483,-19.680000,3
151.712660,-0.200855609,-19.700000,3
151.726745,-0.201047357,-19.720000,3
151.740413,-0.201334978,-19.740000,3
151.754060,-0.201334978,-19.760000,3
151.767505,-0.201239105,-19.780000,3
151.781631,-0.201526726,-19.800000,3
151.795873,-0.201526726,-19.820000,3
151.810047,-0.201526726,-19.840000,3
151.824031,-0.201718474,-19.860000,3
151.837786,-0.202293716,-19.880000,3
151.851146,-0.202677212,-19.900000,3
151.865578,-0.202485464,-19.920000,3
151.879315,-0.202964833,-19.940000,3
151.893592,-0.203156581,-19.960000,3
151.907313,-0.202964833,-19.980000,3
151.921123,-0.203060707,-20.000000,3
151.935362,-0.203156581,-20.000000,3
151.949502,-0.203348328,-19.980000,3
151.962983,-0.203731823,-19.960000,3
151.976967,-0.203540076,-19.940000,3
151.990867,-0.203444202,-19.920000,3
152.004957,-0.203635950,-19.900000,3
152.019314,-0.203635950,-19.880000,3
152.032952,-0.203827697,-19.860000,3
152.046574,-0.203444202,-19.840000,3
152.060890,-0.203540076,-19.820000,3
152.074797,-0.203540076,-19.800000,3
152.088650,-0.203348328,-19.780000,3
152.102488,-0.203635950,-19.760000,3
152.116504,-0.203444202,-19.740000,3
152.130016,-0.203060707,-19.720000,3
152.143327,-0.203827697,-19.700000,3
152.156612,-0.203731823,-19.680000,3
152.170984,-0.203348328,-19.660000,3
152.184555,-0.203252454,-19.640000,3
152.198478,-0.203348328,-19.620000,3
152.211876,-0.203060707,-19.600000,3
152.225385,-0.203348328,-19.580000,3
152.238815,-0.203252454,-19.560000,3
152.252556,-0.203444202,-19.540000,3
152.266128,-0.203348328,-19.520000,3
152.280069,-0.203156581,-19.500000,3
152.293913,-0.203348328,-19.480000,3
152.307125,-0.203156581,-19.460000,3
152.321183,-0.203060707,-19.440000,3
152.335751,-0.203348328,-19.420000,3
152.349276,-0.203348328,-19.400000,3
152.363306,-0.203156581,-19.380000,3
152.376953,-0.203156581,-19.360000,3
152.390985,-0.203060707,-19.340000,3
152.404538,-0.203060707,-19.320000,3
152.417992,-0.202773085,-19.300000,3
152.432333,-0.203060707,-19.280000,3
152.445936,-0.203156581,-19.260000,3
152.460026,-0.202293716,-19.240000,3
152.473593,-0.202485464,-19.220000,3
152.487366,-0.202773085,-19.200000,3
152.501147,-0.202773085,-19.180000,3
152.514898,-0.202581338,-19.160000,3
152.529053,-0.202389590,-19.140000,3
152.542659,-0.202197843,-19.120000,3
152.556697,-0.202581338,-19.100000,3
152.570328,-0.202868959,-19.080000,3
152.583689,-0.202581338,-19.060000,3
152.597329,-0.202581338,-19.040000,3
152.611603,-0.202485464,-19.020000,3
152.624969,-0.202485464,-19.000000,3
152.638514,-0.202197843,-18.980000,3
152.652500,-0.202197843,-18.960000,3
152.666084,-0.202485464,-18.940000,3
152.679407,-0.202389590,-18.920000,3
152.693568,-0.202293716,-18.900000,3
152.707738,-0.201814347,-18.880000,3
152.721484,-0.202101969,-18.860000,3
152.735030,-0.202389590,-18.840000,3
152.749543,-0.202197843,-18.820000,3
152.763122,-0.202006095,-18.800000,3
152.776602,-0.201910221,-18.780000,3
152.790030,-0.202006095,-18.760000,3
152.803895,-0.202006095,-18.740000,3
152.817426,-0.202006095,-18.720000,3
152.831503,-0.201526726,-18.700000,3
152.845528,-0.201526726,-18.680000,3
152.859634,-0.201814347,-18.660000,3
152.872930,-0.201910221,-18.640000,3
152.886467,-0.201718474,-18.620000,3
152.899626,-0.201334978,-18.600000,3
152.913769,-0.201334978,-18.580000,3
152.927426,-0.201239105,-18.560000,3
152.941538,-0.201622600,-18.540000,3
152.956006,-0.201718474,-18.520000,3
152.969848,-0.201526726,-18.500000,3
152.983664,-0.201143231,-18.480000,3
152.997850,-0.201143231,-18.460000,3
153.011866,-0.201622600,-18.440000,3
153.025561,-0.201430852,-18.420000,3
153.039697,-0.201047357,-18.400000,3
153.053827,-0.201143231,-18.380000,3
153.067153,-0.201047357,-18.360000,3
153.081858,-0.201239105,-18.340000,3
153.095652,-0.201239105,-18.320000,3
153.109542,-0.201047357,-18.300000,3
153.123353,-0.200951483,-18.280000,3
153.136898,-0.201239105,-18.260000,3
153.151122,-0.200951483,-18.240000,3
153.165126,-0.200567988,-18.220000,3
153.178848,-0.200759736,-18.200000,3
153.192559,-0.200567988,-18.180000,3
153.206196,-0.200663862,-18.160000,3
153.220208,-0.200088619,-18.140000,3
153.233644,-0.200663862,-18.120000,3
153.247406,-0.200376240,-18.100000,3
153.261226,-0.200376240,-18.080000,3
153.275079,-0.199705124,-18.060000,3
153.289100,-0.200376240,-18.040000,3
153.303144,-0.200376240,-18.020000,3
153.317309,-0.200376240,-18.000000,3
153.331084,-0.200280367,-17.980000,3
153.345364,-0.200088619,-17.960000,3
153.358911,-0.199609250,-17.940000,3
153.372645,-0.199800998,-17.920000,3
153.386502,-0.200280367,-17.900000,3
153.400078,-0.199321629,-17.880000,3
153.414046,-0.199800998,-17.860000,3
153.427292,-0.199513376,-17.840000,3
153.441033,-0.199321629,-17.820000,3
153.455569,-0.199705124,-17.800000,3
153.469496,-0.199513376,-17.780000,3
153.483241,-0.199513376,-17.760000,3
153.496598,-0.199225755,-17.740000,3
153.510850,-0.199513376,-17.720000,3
153.524829,-0.199321629,-17.700000,3
153.538568,-0.199417502,-17.680000,3
153.553092,-0.199321629,-17.660000,3
153.566598,-0.199034007,-17.640000,3
153.579899,-0.198842260,-17.620000,3
153.593705,-0.198842260,-17.600000,3
153.607021,-0.198554638,-17.580000,3
153.621143,-0.199129881,-17.560000,3
153.635335,-0.198842260,-17.540000,3
153.648854,-0.198650512,-17.520000,3
153.663605,-0.198554638,-17.500000,3
153.677630,-0.198554638,-17.480000,3
153.691208,-0.198362891,-17.460000,3
153.705287,-0.198650512,-17.440000,3
153.719341,-0.198267017,-17.420000,3
153.732728,-0.198458764,-17.400000,3
153.746683,-0.198650512,-17.380000,3
153.760450,-0.198267017,-17.360000,3
153.773997,-0.198267017,-17.340000,3
153.787605,-0.198075269,-17.320000,3
153.801122,-0.198075269,-17.300000,3
153.815464,-0.197979395,-17.280000,3
153.828817,-0.197979395,-17.260000,3
153.842162,-0.197979395,-17.240000,3
153.856207,-0.197404153,-17.220000,3
153.869767,-0.198075269,-17.200000,3
153.883765,-0.197500026,-17.180000,3
153.897366,-0.197787648,-17.160000,3
153.911489,-0.197308279,-17.140000,3
153.925191,-0.197404153,-17.120000,3
153.939004,-0.197500026,-17.100000,3
153.953100,-0.197212405,-17.080000,3
153.966860,-0.197500026,-17.060000,3
153.980389,-0.197116531,-17.040000,3
153.994021,-0.196828910,-17.020000,3
154.008203,-0.197116531,-17.000000,3
154.021811,-0.196733036,-16.980000,3
154.035764,-0.197020657,-16.960000,3
154.049164,-0.196733036,-16.940000,3
154.063301,-0.196253667,-16.920000,3
154.076735,-0.196637162,-16.900000,3
154.091193,-0.196349541,-16.880000,3
154.104783,-0.196733036,-16.860000,3
154.118741,-0.196541288,-16.840000,3
154.132641,-0.195966046,-16.820000,3
154.146673,-0.196061919,-16.800000,3
154.159985,-0.196445415,-16.780000,3
154.173464,-0.195966046,-16.760000,3
154.187913,-0.195966046,-16.740000,3
154.202317,-0.195966046,-16.720000,3
154.215760,-0.195774298,-16.700000,3
154.229254,-0.195774298,-16.680000,3
154.243342,-0.195390803,-16.660000,3
154.257487,-0.195774298,-16.640000,3
154.271602,-0.195678424,-16.620000,3
154.286017,-0.195774298,-16.600000,3
154.299992,-0.195390803,-16.580000,3
154.314022,-0.195486677,-16.560000,3
154.327786,-0.195103181,-16.540000,3
154.341876,-0.195103181,-16.520000,3
154.356023,-0.195390803,-16.500000,3
154.371227,-0.195103181,-16.480000,3
154.384891,-0.195007308,-16.460000,3
154.398359,-0.194623812,-16.440000,3
154.412147,-0.194623812,-16.420000,3
154.425596,-0.195007308,-16.400000,3
154.439147,-0.194048570,-16.380000,3
154.452460,-0.194527939,-16.360000,3
154.466123,-0.194719686,-16.340000,3
154.480782,-0.194240317,-16.320000,3
154.494668,-0.194623812,-16.300000,3
154.508555,-0.194240317,-16.280000,3
154.523745,-0.193952696,-16.260000,3
154.537501,-0.193952696,-16.240000,3
154.551536,-0.193760948,-16.220000,3
154.565410,-0.193952696,-16.200000,3
154.579103,-0.193760948,-16.180000,3
154.592803,-0.194048570,-16.160000,3
154.606194,-0.193665074,-16.140000,3
154.620266,-0.193569201,-16.120000,3
154.634330,-0.193377453,-16.100000,3
154.649122,-0.193665074,-16.080000,3
154.662828,-0.193089832,-16.060000,3
154.676782,-0.193377453,-16.040000,3
154.691426,-0.193185705,-16.020000,3
154.705400,-0.192993958,-16.000000,3
154.719587,-0.193281579,-15.980000,3
154.733279,-0.193089832,-15.960000,3
154.746989,-0.192898084,-15.940000,3
154.761951,-0.192898084,-15.920000,3
154.775105,-0.192610463,-15.900000,3
154.789344,-0.192610463,-15.880000,3
154.803433,-0.193089832,-15.860000,3
154.817246,-0.192514589,-15.840000,3
154.831278,-0.192131094,-15.820000,3
154.845118,-0.192226967,-15.800000,3
154.858419,-0.192226967,-15.780000,3
154.872601,-0.192035220,-15.760000,3
154.886159,-0.192035220,-15.740000,3
154.899554,-0.191747598,-15.720000,3
154.913829,-0.191268229,-15.700000,3
154.927169,-0.191747598,-15.680000,3
154.940696,-0.191939346,-15.660000,3
154.954287,-0.191555851,-15.640000,3
154.968549,-0.191747598,-15.620000,3
154.981933,-0.191364103,-15.600000,3
154.995317,-0.191172356,-15.580000,3
155.009021,-0.191364103,-15.560000,3
155.022389,-0.191172356,-15.540000,3
155.036098,-0.191364103,-15.520000,3
155.050150,-0.190980608,-15.500000,3
155.063682,-0.190884734,-15.480000,3
155.077412,-0.191076482,-15.460000,3
155.091124,-0.190692987,-15.440000,3
155.105044,-0.190501239,-15.420000,3
155.119026,-0.190788860,-15.400000,3
155.132475,-0.190692987,-15.380000,3
155.145754,-0.190309491,-15.360000,3
155.160084,-0.190501239,-15.340000,3
155.173446,-0.190405365,-15.320000,3
155.186930,-0.190405365,-15.300000,3
155.200727,-0.189830123,-15.280000,3
155.216014,-0.190117744,-15.260000,3
155.229300,-0.189830123,-15.240000,3
155.243497,-0.189830123,-15.220000,3
155.256871,-0.189638375,-15.200000,3
155.270383,-0.189925996,-15.180000,3
155.283642,-0.189638375,-15.160000,3
155.297632,-0.189159006,-15.140000,3
155.312270,-0.189350754,-15.120000,3
155.325428,-0.189254880,-15.100000,3
155.339193,-0.189063132,-15.080000,3
155.352768,-0.188967258,-15.060000,3
155.366248,-0.189159006,-15.040000,3
155.379690,-0.188967258,-15.020000,3
155.393660,-0.188392016,-15.000000,3
155.407678,-0.188871385,-14.980000,3
155.420711,-0.188583763,-14.960000,3
155.434034,-0.188775511,-14.940000,3
155.448054,-0.188392016,-14.920000,3
155.462375,-0.188296142,-14.900000,3
155.475803,-0.188008520,-14.880000,3
155.489618,-0.187529151,-14.860000,3
155.503177,-0.187912647,-14.840000,3
155.516532,-0.187816773,-14.820000,3
155.530575,-0.187720899,-14.800000,3
155.544621,-0.187625025,-14.780000,3
155.558218,-0.187625025,-14.760000,3
155.571647,-0.187720899,-14.740000,3
155.585634,-0.187625025,-14.720000,3
155.599704,-0.187145656,-14.700000,3
155.613492,-0.186762161,-14.680000,3
155.627059,-0.186953909,-14.660000,3
155.640611,-0.186953909,-14.640000,3
155.654036,-0.186762161,-14.620000,3
155.667504,-0.186666287,-14.600000,3
155.681149,-0.186570413,-14.580000,3
155.694890,-0.186570413,-14.560000,3
155.708554,-0.186282792,-14.540000,3
155.722644,-0.186186918,-14.520000,3
155.736193,-0.186091044,-14.500000,3
155.750103,-0.186186918,-14.480000,3
155.763853,-0.185995171,-14.460000,3
155.777226,-0.185611675,-14.440000,3
155.790457,-0.185611675,-14.420000,3
155.804776,-0.185611675,-14.400000,3
155.818656,-0.185324054,-14.380000,3
155.832382,-0.185228180,-14.360000,3
155.846042,-0.185132306,-14.340000,3
155.859776,-0.185036433,-14.320000,3
155.874076,-0.185036433,-14.300000,3
155.887630,-0.185324054,-14.280000,3
155.901150,-0.185324054,-14.260000,3
155.915334,-0.184748811,-14.240000,3
155.928780,-0.184652937,-14.220000,3
155.942508,-0.184365316,-14.200000,3
155.956527,-0.184940559,-14.180000,3
155.970821,-0.184557064,-14.160000,3
155.984626,-0.184557064,-14.140000,3
155.998666,-0.184365316,-14.120000,3
156.012992,-0.183790073,-14.100000,3
156.026691,-0.183981821,-14.080000,3
156.041094,-0.184557064,-14.060000,3
156.055449,-0.183694199,-14.040000,3
156.069509,-0.183885947,-14.020000,3
156.083196,-0.183598326,-14.000000,3
156.097165,-0.183406578,-13.980000,3
156.111807,-0.183214830,-13.960000,3
156.125014,-0.183023083,-13.940000,3
156.139583,-0.183502452,-13.920000,3
156.153629,-0.183214830,-13.900000,3
156.167035,-0.183214830,-13.880000,3
156.180760,-0.182927209,-13.860000,3
156.194392,-0.182160219,-13.840000,3
156.207868,-0.182447840,-13.820000,3
156.221370,-0.182447840,-13.800000,3
156.234976,-0.182064345,-13.780000,3
156.248696,-0.182351966,-13.760000,3
156.261920,-0.182256092,-13.740000,3
156.275465,-0.182256092,-13.720000,3
156.289867,-0.181968471,-13.700000,3
156.303283,-0.181489102,-13.680000,3
156.316993,-0.182160219,-13.660000,3
156.330745,-0.181584976,-13.640000,3
156.344247,-0.182064345,-13.620000,3
156.358130,-0.181584976,-13.600000,3
156.372696,-0.181680850,-13.580000,3
156.386281,-0.181297354,-13.560000,3
156.400603,-0.181393228,-13.540000,3
156.414252,-0.181393228,-13.520000,3
156.427674,-0.181297354,-13.500000,3
156.440658,-0.181201481,-13.480000,3
156.454315,-0.181105607,-13.460000,3
156.467511,-0.181105607,-13.440000,3
156.481274,-0.180434490,-13.420000,3
156.494837,-0.180530364,-13.400000,3
156.508646,-0.180242743,-13.380000,3
156.522510,-0.180242743,-13.360000,3
156.536234,-0.180338616,-13.340000,3
156.550264,-0.180146869,-13.320000,3
156.564411,-0.180242743,-13.300000,3
156.577448,-0.179667500,-13.280000,3
156.592380,-0.179763374,-13.260000,3
156.605633,-0.179859247,-13.240000,3
156.619190,-0.179859247,-13.220000,3
156.632499,-0.179379878,-13.200000,3
156.646297,-0.179475752,-13.180000,3
156.659797,-0.179379878,-13.160000,3
156.673231,-0.179092257,-13.140000,3
156.686520,-0.179092257,-13.120000,3
156.700813,-0.179092257,-13.100000,3
156.715035,-0.178996383,-13.080000,3
156.728888,-0.178900509,-13.060000,3
156.742970,-0.178517014,-13.040000,3
156.756469,-0.178325267,-13.020000,3
156.770574,-0.178037645,-13.000000,3
156.783914,-0.178421140,-12.980000,3
156.797755,-0.178325267,-12.960000,3
156.811332,-0.178133519,-12.940000,3
156.825036,-0.177750024,-12.920000,3
156.839345,-0.177941771,-12.900000,3
156.852902,-0.177654150,-12.880000,3
156.866355,-0.177462402,-12.860000,3
156.880736,-0.177558276,-12.840000,3
156.894746,-0.177270655,-12.820000,3
156.908708,-0.177078907,-12.800000,3
156.922483,-0.177174781,-12.780000,3
156.936605,-0.177174781,-12.760000,3
156.950706,-0.176407791,-12.740000,3
156.964493,-0.176503664,-12.720000,3
156.978181,-0.176983033,-12.700000,3
156.992633,-0.176407791,-12.680000,3
157.006786,-0.176695412,-12.660000,3
157.020398,-0.176887160,-12.640000,3
157.034463,-0.176216043,-12.620000,3
157.047777,-0.176311917,-12.600000,3
157.061638,-0.176024295,-12.580000,3
157.074671,-0.176216043,-12.560000,3
157.088303,-0.175736674,-12.540000,3
157.102225,-0.175928422,-12.520000,3
157.115882,-0.175161431,-12.500000,3
157.129384,-0.176024295,-12.480000,3
157.143001,-0.175544926,-12.460000,3
157.157188,-0.175449053,-12.440000,3
157.170763,-0.174777936,-12.420000,3
157.184636,-0.175736674,-12.400000,3
157.198362,-0.175065557,-12.380000,3
157.212082,-0.175353179,-12.360000,3
157.225628,-0.174969684,-12.340000,3
157.239595,-0.174682062,-12.320000,3
157.253267,-0.174969684,-12.300000,3
157.267303,-0.174969684,-12.280000,3
157.280853,-0.174682062,-12.260000,3
157.294022,-0.174490315,-12.240000,3
157.307914,-0.174490315,-12.220000,3
157.321495,-0.174106819,-12.200000,3
157.335168,-0.174490315,-12.180000,3
157.349115,-0.174298567,-12.160000,3
157.362888,-0.173819198,-12.140000,3
157.375933,-0.174010946,-12.120000,3
157.389428,-0.173627450,-12.100000,3
157.403436,-0.173819198,-12.080000,3
157.417180,-0.173915072,-12.060000,3
157.430519,-0.173339829,-12.040000,3
157.444104,-0.173339829,-12.020000,3
157.458101,-0.173148081,-12.000000,3
157.471922,-0.173243955,-11.980000,3
157.485681,-0.172572839,-11.960000,3
157.499669,-0.172956334,-11.940000,3
157.513511,-0.172956334,-11.920000,3
157.527526,-0.172476965,-11.900000,3
157.541025,-0.172093470,-11.880000,3
157.554772,-0.172285217,-11.860000,3
157.568253,-0.172189343,-11.840000,3
157.582320,-0.172381091,-11.820000,3
157.595642,-0.171805848,-11.800000,3
157.609700,-0.171805848,-11.780000,3
157.623125,-0.171709974,-11.760000,3
157.637099,-0.172381091,-11.740000,3
157.650860,-0.171709974,-11.720000,3
157.664363,-0.171230605,-11.700000,3
157.677721,-0.171422353,-11.680000,3
157.691505,-0.171614101,-11.660000,3
157.705865,-0.171422353,-11.640000,3
157.719814,-0.171038858,-11.620000,3
157.732978,-0.171326479,-11.600000,3
157.747516,-0.170751236,-11.580000,3
157.760968,-0.170463615,-11.560000,3
157.775164,-0.170751236,-11.540000,3
157.789567,-0.170559489,-11.520000,3
157.803354,-0.170655363,-11.500000,3
157.816898,-0.170463615,-11.480000,3
157.831051,-0.170175994,-11.460000,3
157.844415,-0.170175994,-11.440000,3
157.858348,-0.170175994,-11.420000,3
157.872720,-0.170271867,-11.400000,3
157.886012,-0.169888372,-11.380000,3
157.899344,-0.169888372,-11.360000,3
157.913198,-0.169600751,-11.340000,3
157.926847,-0.169792498,-11.320000,3
157.940495,-0.169600751,-11.300000,3
157.954339,-0.169504877,-11.280000,3
157.968588,-0.169409003,-11.260000,3
157.982314,-0.169313129,-11.240000,3
157.996487,-0.169696625,-11.220000,3
158.010070,-0.168929634,-11.200000,3
158.023669,-0.168929634,-11.180000,3
158.037253,-0.169025508,-11.160000,3
158.050799,-0.168737887,-11.140000,3
158.064334,-0.169025508,-11.120000,3
158.077943,-0.168546139,-11.100000,3
158.092184,-0.168737887,-11.080000,3
158.105978,-0.168354391,-11.060000,3
158.119695,-0.167970896,-11.040000,3
158.133371,-0.168258518,-11.020000,3
158.147074,-0.168066770,-11.000000,3
158.160866,-0.168066770,-10.980000,3
158.174908,-0.168066770,-10.960000,3
158.189834,-0.167587401,-10.940000,3
158.205107,-0.167683275,-10.920000,3
158.218549,-0.167683275,-10.900000,3
158.232897,-0.167491527,-10.880000,3
158.246751,-0.167299780,-10.860000,3
158.260701,-0.167299780,-10.840000,3
158.274430,-0.167299780,-10.820000,3
158.288380,-0.167299780,-10.800000,3
158.302271,-0.167012158,-10.780000,3
158.316596,-0.166820411,-10.760000,3
158.329937,-0.166820411,-10.740000,3
158.343051,-0.166916284,-10.720000,3
158.356407,-0.166628663,-10.700000,3
158.369976,-0.166628663,-10.680000,3
158.383882,-0.166341042,-10.660000,3
158.397902,-0.166341042,-10.640000,3
158.412630,-0.166149294,-10.620000,3
158.425997,-0.166245168,-10.600000,3
158.439626,-0.166149294,-10.580000,3
158.453030,-0.165957546,-10.560000,3
158.467021,-0.165861673,-10.540000,3
158.480880,-0.165669925,-10.520000,3
158.494923,-0.165574051,-10.500000,3
158.508541,-0.165478177,-10.480000,3
158.521942,-0.165478177,-10.460000,3
158.535661,-0.164902935,-10.440000,3
158.548923,-0.164998808,-10.420000,3
158.562250,-0.164998808,-10.400000,3
158.576299,-0.164902935,-10.380000,3
158.590034,-0.164711187,-10.360000,3
158.603495,-0.164807061,-10.340000,3
158.617185,-0.164711187,-10.320000,3
158.630886,-0.164423566,-10.300000,3
158.644944,-0.164807061,-10.280000,3
158.658865,-0.164327692,-10.260000,3
158.672576,-0.164040071,-10.240000,3
158.686338,-0.163944197,-10.220000,3
158.700526,-0.164135944,-10.200000,3
158.714628,-0.164135944,-10.180000,3
158.728431,-0.163656575,-10.160000,3
158.742748,-0.163560702,-10.140000,3
158.756140,-0.163944197,-10.120000,3
158.770064,-0.163752449,-10.100000,3
158.783856,-0.163368954,-10.080000,3
158.797388,-0.163368954,-10.060000,3
158.811108,-0.163273080,-10.040000,3
158.825305,-0.163368954,-10.020000,3
158.839009,-0.162889585,-10.000000,3
158.852655,-0.162985459,-9.980000,3
158.867035,-0.162793711,-9.960000,3
158.880474,-0.162697837,-9.940000,3
158.894183,-0.162889585,-9.920000,3
158.908331,-0.162122595,-9.900000,3
158.921909,-0.162314342,-9.880000,3
158.936038,-0.162218468,-9.860000,3
158.950460,-0.162122595,-9.840000,3
158.964527,-0.162026721,-9.820000,3
158.978130,-0.162218468,-9.800000,3
158.991374,-0.161739099,-9.780000,3
159.005563,-0.161930847,-9.760000,3
159.019128,-0.161259730,-9.740000,3
159.032737,-0.161739099,-9.720000,3
159.046922,-0.161355604,-9.700000,3
159.060239,-0.161739099,-9.680000,3
159.073639,-0.161163857,-9.660000,3
159.088349,-0.161547352,-9.640000,3
159.102124,-0.160876235,-9.620000,3
159.116592,-0.160876235,-9.600000,3
159.130756,-0.160972109,-9.580000,3
159.144830,-0.160972109,-9.560000,3
159.158478,-0.160684488,-9.540000,3
159.172343,-0.160492740,-9.520000,3
159.186067,-0.160300992,-9.500000,3
159.199379,-0.160588614,-9.480000,3
159.213329,-0.160492740,-9.460000,3
159.226995,-0.160013371,-9.440000,3
159.240482,-0.159917497,-9.420000,3
159.254169,-0.159438128,-9.400000,3
159.267882,-0.159438128,-9.380000,3
159.281428,-0.159725750,-9.360000,3
159.295334,-0.159342254,-9.340000,3
159.308986,-0.159342254,-9.320000,3
159.323260,-0.159246381,-9.300000,3
159.336896,-0.159342254,-9.280000,3
159.351038,-0.159246381,-9.260000,3
159.366544,-0.158862885,-9.240000,3
159.379740,-0.158383516,-9.220000,3
159.393516,-0.158862885,-9.200000,3
159.407452,-0.158479390,-9.180000,3
159.421087,-0.158383516,-9.160000,3
159.434991,-0.158479390,-9.140000,3
159.448952,-0.158287643,-9.120000,3
159.462662,-0.158095895,-9.100000,3
159.476561,-0.157808274,-9.080000,3
159.490263,-0.158095895,-9.060000,3
159.504440,-0.157808274,-9.040000,3
159.518526,-0.158000021,-9.020000,3
159.532873,-0.157616526,-9.000000,3
159.546463,-0.157520652,-8.980000,3
159.560433,-0.157328905,-8.960000,3
159.574217,-0.157137157,-8.940000,3
159.587798,-0.156849536,-8.920000,3
159.601707,-0.157041283,-8.900000,3
159.616108,-0.157041283,-8.880000,3
159.629709,-0.156561914,-8.860000,3
159.643538,-0.156370167,-8.840000,3
159.657537,-0.156370167,-8.820000,3
159.670743,-0.156082545,-8.800000,3
159.684499,-0.156082545,-8.780000,3
159.698466,-0.156274293,-8.760000,3
159.712165,-0.156466040,-8.740000,3
159.725643,-0.155699050,-8.720000,3
159.739447,-0.155890798,-8.700000,3
159.752995,-0.155603176,-8.680000,3
159.766846,-0.155507302,-8.660000,3
159.780718,-0.155411429,-8.640000,3
159.794272,-0.155219681,-8.620000,3
159.807847,-0.155123807,-8.600000,3
159.821544,-0.155027933,-8.580000,3
159.835811,-0.154740312,-8.560000,3
159.849231,-0.154740312,-8.540000,3
159.862801,-0.155123807,-8.520000,3
159.876540,-0.154644438,-8.500000,3
159.890423,-0.154548564,-8.480000,3
159.904025,-0.154548564,-8.460000,3
159.918128,-0.154452691,-8.440000,3
159.932060,-0.154069195,-8.420000,3
159.945994,-0.154165069,-8.400000,3
159.959261,-0.154356817,-8.380000,3
159.973036,-0.153685700,-8.360000,3
159.986625,-0.153781574,-8.340000,3
160.000385,-0.153398079,-8.320000,3
160.015057,-0.153302205,-8.300000,3
160.028446,-0.153302205,-8.280000,3
160.041639,-0.153398079,-8.260000,3
160.055356,-0.153206331,-8.240000,3
160.069242,-0.152535215,-8.220000,3
160.083093,-0.152726962,-8.200000,3
160.097143,-0.152918710,-8.180000,3
160.110597,-0.152247593,-8.160000,3
160.124307,-0.152631088,-8.140000,3
160.138252,-0.152247593,-8.120000,3
160.151913,-0.152247593,-8.100000,3
160.165300,-0.152055846,-8.080000,3
160.178989,-0.152055846,-8.060000,3
160.192927,-0.151576477,-8.040000,3
160.206540,-0.151672350,-8.020000,3
160.220524,-0.151672350,-8.000000,3
160.234438,-0.151959972,-7.980000,3
160.248455,-0.151288855,-7.960000,3
160.263129,-0.150905360,-7.940000,3
160.276681,-0.150905360,-7.920000,3
160.290938,-0.151001234,-7.900000,3
160.305077,-0.150809486,-7.880000,3
160.318693,-0.150234243,-7.860000,3
160.332091,-0.150234243,-7.840000,3
160.345693,-0.150617739,-7.820000,3
160.358845,-0.150042496,-7.800000,3
160.372051,-0.149754874,-7.780000,3
160.385674,-0.150138370,-7.760000,3
160.399178,-0.149946622,-7.740000,3
160.412250,-0.149946622,-7.720000,3
160.425281,-0.149659001,-7.700000,3
160.439213,-0.149371379,-7.680000,3
160.452649,-0.149371379,-7.660000,3
160.466235,-0.148987884,-7.640000,3
160.480462,-0.148892010,-7.620000,3
160.493614,-0.148796136,-7.600000,3
160.507246,-0.148796136,-7.580000,3
160.522087,-0.148508515,-7.560000,3
160.536011,-0.148029146,-7.540000,3
160.549900,-0.148508515,-7.520000,3
160.563852,-0.148316767,-7.500000,3
160.577562,-0.148220894,-7.480000,3
160.591017,-0.147741525,-7.460000,3
160.605485,-0.147549777,-7.440000,3
160.619296,-0.147070408,-7.420000,3
160.633065,-0.147262156,-7.400000,3
160.647173,-0.146878660,-7.380000,3
160.661360,-0.146686913,-7.360000,3
160.674777,-0.146782787,-7.340000,3
160.688639,-0.146591039,-7.320000,3
160.702583,-0.146686913,-7.300000,3
160.716198,-0.146303418,-7.280000,3
160.729869,-0.146399291,-7.260000,3
160.743600,-0.146207544,-7.240000,3
160.757147,-0.145919922,-7.220000,3
160.770584,-0.145536427,-7.200000,3
160.784357,-0.145632301,-7.180000,3
160.798682,-0.145248806,-7.160000,3
160.812650,-0.145824049,-7.140000,3
160.826478,-0.145248806,-7.120000,3
160.839915,-0.145057058,-7.100000,3
160.854046,-0.144769437,-7.080000,3
160.867997,-0.144673563,-7.060000,3
160.881518,-0.144194194,-7.040000,3
160.895338,-0.144481815,-7.020000,3
160.909056,-0.144385942,-7.000000,3
160.922996,-0.144194194,-6.980000,3
160.936730,-0.143618951,-6.960000,3
160.950760,-0.143714825,-6.940000,3
160.964608,-0.143810699,-6.920000,3
160.978414,-0.143523077,-6.900000,3
160.991828,-0.143235456,-6.880000,3
161.005555,-0.143139582,-6.860000,3
161.020192,-0.142756087,-6.840000,3
161.034208,-0.142756087,-6.820000,3
161.047828,-0.142468466,-6.800000,3
161.062426,-0.142372592,-6.780000,3
161.076097,-0.142180844,-6.760000,3
161.089776,-0.141893223,-6.740000,3
161.103805,-0.141701475,-6.720000,3
161.117202,-0.142084970,-6.700000,3
161.131007,-0.141317980,-6.680000,3
161.145352,-0.141317980,-6.660000,3
161.158928,-0.140934485,-6.640000,3
161.172701,-0.140838611,-6.620000,3
161.186313,-0.140934485,-6.600000,3
161.200163,-0.140550990,-6.580000,3
161.213375,-0.140646863,-6.560000,3
161.226905,-0.140263368,-6.540000,3
161.241508,-0.139879873,-6.520000,3
161.255007,-0.140263368,-6.500000,3
161.268903,-0.139592252,-6.480000,3
161.283102,-0.139112883,-6.460000,3
161.298249,-0.139496378,-6.440000,3
161.311942,-0.139304630,-6.420000,3
161.325680,-0.138921135,-6.400000,3
161.339751,-0.139112883,-6.380000,3
161.353643,-0.138921135,-6.360000,3
161.366940,-0.138729388,-6.340000,3
161.380688,-0.138537640,-6.320000,3
161.394756,-0.138058271,-6.300000,3
161.408197,-0.137962397,-6.280000,3
161.421850,-0.137674776,-6.260000,3
161.435741,-0.137483028,-6.240000,3
161.449573,-0.137674776,-6.220000,3
161.464334,-0.137674776,-6.200000,3
161.478068,-0.137195407,-6.180000,3
161.491527,-0.137578902,-6.160000,3
161.505107,-0.136907785,-6.140000,3
161.518901,-0.136907785,-6.120000,3
161.532632,-0.136332543,-6.100000,3
161.546497,-0.136811912,-6.080000,3
161.561026,-0.135661426,-6.060000,3
161.575452,-0.135949047,-6.040000,3
161.589014,-0.136140795,-6.020000,3
161.602987,-0.136140795,-6.000000,3
161.616712,-0.135277931,-5.980000,3
161.630940,-0.135661426,-5.960000,3
161.644209,-0.135373805,-5.940000,3
161.657942,-0.135277931,-5.920000,3
161.671434,-0.135469678,-5.900000,3
161.684976,-0.135086183,-5.880000,3
161.698625,-0.134702688,-5.860000,3
161.712516,-0.134606814,-5.840000,3
161.726284,-0.134606814,-5.820000,3
161.739526,-0.134606814,-5.800000,3
161.753098,-0.134127445,-5.780000,3
161.766847,-0.133743950,-5.760000,3
161.780263,-0.133935698,-5.740000,3
161.794093,-0.133648076,-5.720000,3
161.808080,-0.133360455,-5.700000,3
161.821868,-0.133072833,-5.680000,3
161.835411,-0.132976960,-5.660000,3
161.848867,-0.133360455,-5.640000,3
161.862690,-0.132689338,-5.620000,3
161.876157,-0.132593464,-5.600000,3
161.889446,-0.132401717,-5.580000,3
161.903014,-0.132497591,-5.560000,3
161.916399,-0.132401717,-5.540000,3
161.930114,-0.131634726,-5.520000,3
161.943608,-0.131442979,-5.500000,3
161.957089,-0.131538853,-5.480000,3
161.970999,-0.131442979,-5.460000,3
161.985358,-0.130963610,-5.440000,3
161.998975,-0.131059484,-5.420000,3
162.012564,-0.131059484,-5.400000,3
162.026515,-0.130580115,-5.380000,3
162.040156,-0.130292493,-5.360000,3
162.054568,-0.130675988,-5.340000,3
162.068448,-0.130292493,-5.320000,3
162.082012,-0.130196619,-5.300000,3
162.095502,-0.130196619,-5.280000,3
162.109360,-0.130004872,-5.260000,3
162.123394,-0.129717250,-5.240000,3
162.137092,-0.129621377,-5.220000,3
162.150764,-0.129429629,-5.200000,3
162.165187,-0.129046134,-5.180000,3
162.179066,-0.128950260,-5.160000,3
162.191856,-0.128758512,-5.140000,3
162.205402,-0.128470891,-5.120000,3
162.219253,-0.128279143,-5.100000,3
162.232994,-0.128279143,-5.080000,3
162.246628,-0.127991522,-5.060000,3
162.260674,-0.128470891,-5.040000,3
162.274079,-0.127991522,-5.020000,3
162.288331,-0.127703901,-5.000000,3
162.302124,-0.127416279,-4.980000,3
162.315616,-0.127224532,-4.960000,3
162.329753,-0.127320405,-4.940000,3
162.343612,-0.127032784,-4.920000,3
162.357701,-0.126649289,-4.900000,3
162.372007,-0.126841036,-4.880000,3
162.385371,-0.126649289,-4.860000,3
162.398908,-0.126457541,-4.840000,3
162.413242,-0.126074046,-4.820000,3
162.427040,-0.125978172,-4.800000,3
162.440671,-0.125786425,-4.780000,3
162.454058,-0.125882298,-4.760000,3
162.467559,-0.125498803,-4.740000,3
162.481472,-0.125307056,-4.720000,3
162.494946,-0.125115308,-4.700000,3
162.508784,-0.125019434,-4.680000,3
162.522222,-0.124827687,-4.660000,3
162.536459,-0.124444191,-4.640000,3
162.550180,-0.124635939,-4.620000,3
162.564222,-0.124444191,-4.600000,3
162.577746,-0.124252444,-4.580000,3
162.591330,-0.123773075,-4.560000,3
162.605174,-0.123964822,-4.540000,3
162.618777,-0.123581327,-4.520000,3
162.632183,-0.123389580,-4.500000,3
162.645474,-0.122910211,-4.480000,3
162.659159,-0.123006084,-4.460000,3
162.673661,-0.122814337,-4.440000,3
162.688168,-0.122814337,-4.420000,3
162.701946,-0.122430842,-4.400000,3
162.716180,-0.122526715,-4.380000,3
162.729906,-0.122047346,-4.360000,3
162.743685,-0.122143220,-4.340000,3
162.757652,-0.121951473,-4.320000,3
162.771568,-0.121759725,-4.300000,3
162.785378,-0.121663851,-4.280000,3
162.799708,-0.121184482,-4.260000,3
162.813250,-0.121280356,-4.240000,3
162.826630,-0.120609239,-4.220000,3
162.840778,-0.120609239,-4.200000,3
162.854446,-0.120513366,-4.180000,3
162.868613,-0.120321618,-4.160000,3
162.882414,-0.120321618,-4.140000,3
162.896574,-0.120225744,-4.120000,3
162.910304,-0.119554628,-4.100000,3
162.924327,-0.119746375,-4.080000,3
162.937853,-0.119458754,-4.060000,3
162.951826,-0.119267006,-4.040000,3
162.965539,-0.119075259,-4.020000,3
162.978830,-0.118979385,-4.000000,3
162.992553,-0.118787637,-3.980000,3
163.006116,-0.118691763,-3.960000,3
163.020104,-0.118212394,-3.940000,3
163.034259,-0.118116521,-3.920000,3
163.047607,-0.117733025,-3.900000,3
163.061338,-0.117828899,-3.880000,3
163.075595,-0.118116521,-3.860000,3
163.090200,-0.117637152,-3.840000,3
163.103832,-0.117253656,-3.820000,3
163.117703,-0.116966035,-3.800000,3
163.132121,-0.117061909,-3.780000,3
163.145689,-0.116678414,-3.760000,3
163.159367,-0.116774287,-3.740000,3
163.173847,-0.116199045,-3.720000,3
163.187567,-0.116199045,-3.700000,3
163.201684,-0.115815549,-3.680000,3
163.215701,-0.115527928,-3.660000,3
163.229637,-0.115527928,-3.640000,3
163.243160,-0.115336180,-3.620000,3
163.257125,-0.114952685,-3.600000,3
163.270954,-0.114569190,-3.580000,3
163.284664,-0.114377442,-3.560000,3
163.298647,-0.114665064,-3.540000,3
163.312261,-0.113898074,-3.520000,3
163.326077,-0.113706326,-3.500000,3
163.339616,-0.113514578,-3.480000,3
163.353457,-0.113226957,-3.460000,3
163.367828,-0.112747588,-3.440000,3
163.382198,-0.112843462,-3.420000,3
163.395940,-0.112459967,-3.400000,3
163.409962,-0.112076471,-3.380000,3
163.423608,-0.111692976,-3.360000,3
163.437552,-0.111501229,-3.340000,3
163.451106,-0.110925986,-3.320000,3
163.464931,-0.110925986,-3.300000,3
163.478443,-0.110638364,-3.280000,3
163.491675,-0.110254869,-3.260000,3
163.505123,-0.109871374,-3.240000,3
163.519073,-0.109487879,-3.220000,3
163.532213,-0.109200257,-3.200000,3
163.545759,-0.108912636,-3.180000,3
163.559561,-0.108337393,-3.160000,3
163.573447,-0.107953898,-3.140000,3
163.587689,-0.107858024,-3.120000,3
163.601251,-0.107666277,-3.100000,3
163.614776,-0.107378655,-3.080000,3
163.628071,-0.106419917,-3.060000,3
163.641722,-0.106324043,-3.040000,3
163.656892,-0.105748801,-3.020000,3
163.670413,-0.105748801,-3.000000,3
163.683781,-0.105173558,-2.980000,3
163.697481,-0.104885936,-2.960000,3
163.711103,-0.104310694,-2.940000,3
163.724509,-0.104023072,-2.920000,3
163.738604,-0.103447829,-2.900000,3
163.752491,-0.102872587,-2.880000,3
163.766636,-0.102105596,-2.860000,3
163.780773,-0.102201470,-2.840000,3
163.795347,-0.101817975,-2.820000,3
163.808670,-0.101242732,-2.800000,3
163.822323,-0.100763363,-2.780000,3
163.836188,-0.100188120,-2.760000,3
163.849559,-0.099612877,-2.740000,3
163.863429,-0.099517004,-2.720000,3
163.876989,-0.099037635,-2.700000,3
163.890383,-0.098558266,-2.680000,3
163.903835,-0.098078897,-2.660000,3
163.917780,-0.097311906,-2.640000,3
163.931409,-0.097216032,-2.620000,3
163.945138,-0.096928411,-2.600000,3
163.959099,-0.096640790,-2.580000,3
163.973107,-0.095873799,-2.560000,3
163.986712,-0.095394430,-2.540000,3
164.000558,-0.095010935,-2.520000,3
164.015039,-0.094435692,-2.500000,3
164.028715,-0.094148071,-2.480000,3
164.042968,-0.094148071,-2.460000,3
164.057256,-0.093764576,-2.440000,3
164.072145,-0.093189333,-2.420000,3
164.086004,-0.093189333,-2.400000,3
164.100216,-0.092518216,-2.380000,3
164.113981,-0.092230595,-2.360000,3
164.127344,-0.092038847,-2.340000,3
164.141195,-0.091463604,-2.320000,3
164.154769,-0.091175983,-2.300000,3
164.168398,-0.090504866,-2.280000,3
164.181800,-0.090600740,-2.260000,3
164.195386,-0.090121371,-2.240000,3
164.209144,-0.090121371,-2.220000,3
164.223335,-0.089546128,-2.200000,3
164.237128,-0.089450255,-2.180000,3
164.251538,-0.088875012,-2.160000,3
164.265348,-0.089066759,-2.140000,3
164.278864,-0.088299769,-2.120000,3
164.292158,-0.088299769,-2.100000,3
164.306269,-0.087724526,-2.080000,3
164.319663,-0.087724526,-2.060000,3
164.333687,-0.087436905,-2.040000,3
164.348052,-0.086957536,-2.020000,3
164.361707,-0.086861662,-2.000000,3
164.375726,-0.086286419,-1.980000,3
164.389518,-0.085998798,-1.960000,3
164.403107,-0.086286419,-1.940000,3
164.417071,-0.085998798,-1.920000,3
164.430815,-0.085615303,-1.900000,3
164.444957,-0.085135934,-1.880000,3
164.458676,-0.084656565,-1.860000,3
164.472218,-0.084368943,-1.840000,3
164.486099,-0.084464817,-1.820000,3
164.500650,-0.083793701,-1.800000,3
164.514562,-0.083601953,-1.780000,3
164.528902,-0.083218458,-1.760000,3
164.542555,-0.082930836,-1.740000,3
164.556257,-0.082547341,-1.720000,3
164.569408,-0.082451467,-1.700000,3
164.582831,-0.082355594,-1.680000,3
164.597001,-0.082067972,-1.660000,3
164.610748,-0.081300982,-1.640000,3
164.625134,-0.081109234,-1.620000,3
164.638963,-0.080821613,-1.600000,3
164.652619,-0.080533991,-1.580000,3
164.666747,-0.080054622,-1.560000,3
164.680338,-0.079862875,-1.540000,3
164.693913,-0.079575253,-1.520000,3
164.707542,-0.078424768,-1.500000,3
164.721229,-0.077945399,-1.480000,3
164.735332,-0.077178408,-1.460000,3
164.749699,-0.077466030,-1.440000,3
164.764179,-0.076123797,-1.420000,3
164.777948,-0.076123797,-1.400000,3
164.791875,-0.075260932,-1.380000,3
164.805346,-0.074877437,-1.360000,3
164.818971,-0.073918699,-1.340000,3
164.832651,-0.073726952,-1.320000,3
164.846398,-0.072672340,-1.300000,3
164.860019,-0.072097097,-1.280000,3
164.873770,-0.070850738,-1.260000,3
164.887509,-0.070083747,-1.240000,3
164.901036,-0.068837388,-1.220000,3
164.915390,-0.067782776,-1.200000,3
164.929008,-0.067303407,-1.180000,3
164.943034,-0.066728164,-1.160000,3
164.957200,-0.066344669,-1.140000,3
164.970635,-0.066440543,-1.120000,3
164.984414,-0.066440543,-1.100000,3
164.998560,-0.065290057,-1.080000,3
165.012322,-0.065002436,-1.060000,3
165.026395,-0.064043698,-1.040000,3
165.041130,-0.063084960,-1.020000,3
165.054613,-0.062989086,-1.000000,3
165.068288,-0.062509717,-0.980000,3
165.082362,-0.062413843,-0.960000,3
165.096522,-0.061838601,-0.940000,3
165.110178,-0.061742727,-0.920000,3
165.124352,-0.060400494,-0.900000,3
165.137807,-0.060208746,-0.880000,3
165.151747,-0.059825251,-0.860000,3
165.165621,-0.058483018,-0.840000,3
165.179471,-0.058195396,-0.820000,3
165.193603,-0.057620153,-0.800000,3
165.207177,-0.057236658,-0.780000,3
165.220711,-0.056086173,-0.760000,3
165.234979,-0.055702677,-0.740000,3
165.248916,-0.055031561,-0.720000,3
165.262749,-0.054552192,-0.700000,3
165.277127,-0.054456318,-0.680000,3
165.290468,-0.052634716,-0.660000,3
165.305712,-0.052634716,-0.640000,3
165.319571,-0.052155347,-0.620000,3
165.332673,-0.051771852,-0.600000,3
165.345603,-0.051388356,-0.580000,3
165.358547,-0.050525492,-0.560000,3
165.371469,-0.049950249,-0.540000,3
165.385311,-0.049279133,-0.520000,3
165.398713,-0.048703890,-0.500000,3
165.412149,-0.048128647,-0.480000,3
165.425431,-0.047457531,-0.460000,3
165.439362,-0.046786414,-0.440000,3
165.452894,-0.046402919,-0.420000,3
165.467064,-0.044868938,-0.400000,3
165.480758,-0.044389569,-0.380000,3
165.494549,-0.043239083,-0.360000,3
165.508551,-0.042663841,-0.340000,3
165.522652,-0.041705103,-0.320000,3
165.536802,-0.039883500,-0.300000,3
165.550569,-0.038445393,-0.280000,3
165.564658,-0.037678403,-0.260000,3
165.578317,-0.036432044,-0.240000,3
165.592406,-0.034035199,-0.220000,3
165.606273,-0.030775490,-0.200000,3
165.620010,-0.027515780,-0.180000,3
165.633986,-0.026365295,-0.160000,3
165.647738,-0.025598304,-0.140000,3
165.661428,-0.024447819,-0.120000,3
165.675607,-0.023201459,-0.100000,3
165.689736,-0.021763352,-0.080000,3
165.704198,-0.021571605,-0.060000,3
165.717895,-0.020325245,-0.040000,3
165.731504,-0.019462381,-0.020000,3
165.745983,-0.018599517,0.000000,3
