time_s,encoder_pos_rad,output_torque_Nm,cycle
0.009067,0.000000000,0.000000,1
0.023102,-0.000287621,0.020000,1
0.037424,0.001438107,0.040000,1
0.052195,0.001725728,0.060000,1
0.066177,0.001629855,0.080000,1
0.080447,0.001725728,0.100000,1
0.094067,0.003163835,0.120000,1
0.107676,0.004793690,0.140000,1
0.121784,0.006807040,0.160000,1
0.135699,0.010641992,0.180000,1
0.149991,0.023105586,0.200000,1
0.163881,0.039787627,0.220000,1
0.177769,0.039308258,0.240000,1
0.191500,0.039787627,0.260000,1
0.205108,0.039500005,0.280000,1
0.219056,0.040362869,0.300000,1
0.232589,0.040171122,0.320000,1
0.247093,0.040842238,0.340000,1
0.260365,0.040842238,0.360000,1
0.274103,0.041225734,0.380000,1
0.287473,0.041513355,0.400000,1
0.300835,0.041896850,0.420000,1
0.314665,0.042663841,0.440000,1
0.328245,0.043430831,0.460000,1
0.342787,0.044389569,0.480000,1
0.357136,0.045252433,0.500000,1
0.371089,0.045060686,0.520000,1
0.385121,0.045635928,0.540000,1
0.399020,0.046019424,0.560000,1
0.412327,0.046115297,0.580000,1
0.426435,0.045923550,0.600000,1
0.439871,0.046882288,0.620000,1
0.454078,0.046786414,0.640000,1
0.467744,0.047457531,0.660000,1
0.482050,0.047745152,0.680000,1
0.496117,0.047936900,0.700000,1
0.510080,0.048895638,0.720000,1
0.523758,0.048895638,0.740000,1
0.536787,0.049183259,0.760000,1
0.550294,0.050141997,0.780000,1
0.564207,0.050333745,0.800000,1
0.578133,0.050813114,0.820000,1
0.591930,0.051196609,0.840000,1
0.605677,0.051388356,0.860000,1
0.619595,0.052251221,0.880000,1
0.632822,0.053114085,0.900000,1
0.647066,0.053401706,0.920000,1
0.661404,0.054743939,0.940000,1
0.675530,0.054168697,0.960000,1
0.689002,0.055510930,0.980000,1
0.703018,0.055894425,1.000000,1
0.716660,0.056949037,1.020000,1
0.730373,0.057236658,1.040000,1
0.743480,0.058387144,1.060000,1
0.757517,0.058866513,1.080000,1
0.771363,0.059345882,1.100000,1
0.785628,0.060112872,1.120000,1
0.800072,0.061359232,1.140000,1
0.813820,0.062222096,1.160000,1
0.827906,0.062413843,1.180000,1
0.841468,0.063756076,1.200000,1
0.855546,0.064427193,1.220000,1
0.869085,0.065385931,1.240000,1
0.883514,0.066344669,1.260000,1
0.897030,0.067686902,1.280000,1
0.911034,0.068070397,1.300000,1
0.924992,0.068837388,1.320000,1
0.938747,0.069796126,1.340000,1
0.952448,0.070946611,1.360000,1
0.966026,0.072097097,1.380000,1
0.980149,0.072864087,1.400000,1
0.994223,0.074110447,1.420000,1
1.007457,0.075644428,1.440000,1
1.021560,0.076986661,1.460000,1
1.035887,0.078041273,1.480000,1
1.049398,0.079191758,1.500000,1
1.063594,0.080342244,1.520000,1
1.077324,0.081684477,1.540000,1
1.091106,0.083026710,1.560000,1
1.105533,0.083985448,1.580000,1
1.119787,0.085711177,1.600000,1
1.133999,0.086765788,1.620000,1
1.147471,0.087820400,1.640000,1
1.161033,0.088970886,1.660000,1
1.175483,0.090600740,1.680000,1
1.189152,0.090984235,1.700000,1
1.203766,0.092422342,1.720000,1
1.217954,0.093764576,1.740000,1
1.231507,0.094819187,1.760000,1
1.244935,0.095873799,1.780000,1
1.258870,0.095873799,1.800000,1
1.272655,0.097120159,1.820000,1
1.286511,0.097887149,1.840000,1
1.300237,0.098462392,1.860000,1
1.313874,0.098654139,1.880000,1
1.328259,0.099804625,1.900000,1
1.342691,0.099900499,1.920000,1
1.356614,0.100188120,1.940000,1
1.370652,0.100667489,1.960000,1
1.385725,0.100667489,1.980000,1
1.398947,0.101242732,2.000000,1
1.412356,0.101530353,2.020000,1
1.425501,0.102393218,2.040000,1
1.438693,0.102009722,2.060000,1
1.451931,0.102584965,2.080000,1
1.465412,0.102776713,2.100000,1
1.478408,0.102872587,2.120000,1
1.491409,0.103160208,2.140000,1
1.504397,0.103639577,2.160000,1
1.517483,0.103639577,2.180000,1
1.530940,0.104118946,2.200000,1
1.544550,0.103927198,2.220000,1
1.558527,0.104502441,2.240000,1
1.572075,0.105077684,2.260000,1
1.586316,0.105557053,2.280000,1
1.599941,0.106419917,2.300000,1
1.614358,0.106611665,2.320000,1
1.627801,0.106995160,2.340000,1
1.641214,0.107666277,2.360000,1
1.655316,0.107953898,2.380000,1
1.668704,0.109008510,2.400000,1
1.682596,0.109200257,2.420000,1
1.696298,0.109871374,2.440000,1
1.710132,0.109775500,2.460000,1
1.723981,0.110830112,2.480000,1
1.737633,0.111021860,2.500000,1
1.752026,0.111213607,2.520000,1
1.767117,0.112076471,2.540000,1
1.780619,0.112268219,2.560000,1
1.795036,0.113706326,2.580000,1
1.808854,0.114185695,2.600000,1
1.822820,0.115527928,2.620000,1
1.836407,0.116390792,2.640000,1
1.850575,0.117349530,2.660000,1
1.864179,0.117445404,2.680000,1
1.878115,0.118500016,2.700000,1
1.893072,0.119458754,2.720000,1
1.907058,0.119938123,2.740000,1
1.920659,0.120513366,2.760000,1
1.934512,0.120705113,2.780000,1
1.947877,0.121855599,2.800000,1
1.961675,0.122430842,2.820000,1
1.975460,0.123485453,2.840000,1
1.989172,0.123677201,2.860000,1
2.003350,0.124540065,2.880000,1
2.017189,0.124827687,2.900000,1
2.031920,0.125594677,2.920000,1
2.045405,0.126265794,2.940000,1
2.059396,0.127032784,2.960000,1
2.073680,0.127224532,2.980000,1
2.087161,0.127895648,3.000000,1
2.100485,0.128854386,3.020000,1
2.115024,0.129333755,3.040000,1
2.128407,0.129813124,3.060000,1
2.142242,0.130484241,3.080000,1
2.156047,0.131442979,3.100000,1
2.169442,0.131634726,3.120000,1
2.182880,0.131922348,3.140000,1
2.196632,0.132593464,3.160000,1
2.210333,0.133072833,3.180000,1
2.224149,0.133743950,3.200000,1
2.237567,0.134223319,3.220000,1
2.251366,0.134894436,3.240000,1
2.264966,0.134798562,3.260000,1
2.278502,0.136044921,3.280000,1
2.292130,0.136140795,3.300000,1
2.305918,0.136716038,3.320000,1
2.319244,0.137387154,3.340000,1
2.332771,0.138154145,3.360000,1
2.346732,0.138441766,3.380000,1
2.360518,0.138729388,3.400000,1
2.374849,0.139688125,3.420000,1
2.388347,0.139975747,3.440000,1
2.403606,0.140550990,3.460000,1
2.416845,0.141317980,3.480000,1
2.430621,0.141797349,3.500000,1
2.445236,0.142276718,3.520000,1
2.459127,0.143043708,3.540000,1
2.472895,0.143618951,3.560000,1
2.486515,0.143906573,3.580000,1
2.501647,0.144577689,3.600000,1
2.515003,0.145632301,3.620000,1
2.528949,0.145728175,3.640000,1
2.543554,0.146495165,3.660000,1
2.557580,0.147262156,3.680000,1
2.572200,0.147933272,3.700000,1
2.586859,0.148508515,3.720000,1
2.600800,0.149275505,3.740000,1
2.614446,0.150042496,3.760000,1
2.628668,0.150905360,3.780000,1
2.642767,0.151192981,3.800000,1
2.656375,0.152055846,3.820000,1
2.670213,0.152726962,3.840000,1
2.684277,0.153110457,3.860000,1
2.698400,0.154069195,3.880000,1
2.712174,0.154548564,3.900000,1
2.726288,0.155315555,3.920000,1
2.740254,0.155507302,3.940000,1
2.753925,0.156466040,3.960000,1
2.768531,0.157137157,3.980000,1
2.781850,0.157520652,4.000000,1
2.795790,0.158191769,4.020000,1
2.809700,0.158383516,4.040000,1
2.823377,0.159534002,4.060000,1
2.837105,0.159821623,4.080000,1
2.850883,0.160300992,4.100000,1
2.865031,0.160780361,4.120000,1
2.878582,0.161259730,4.140000,1
2.892553,0.162218468,4.160000,1
2.906400,0.162506090,4.180000,1
2.919998,0.163177206,4.200000,1
2.933991,0.163848323,4.220000,1
2.947591,0.163752449,4.240000,1
2.960748,0.164423566,4.260000,1
2.974633,0.164902935,4.280000,1
2.988397,0.165765799,4.300000,1
3.002726,0.166053420,4.320000,1
3.016390,0.166532789,4.340000,1
3.030466,0.166820411,4.360000,1
3.044977,0.167395653,4.380000,1
3.059158,0.167970896,4.400000,1
3.073532,0.168066770,4.420000,1
3.087690,0.168546139,4.440000,1
3.102429,0.168642013,4.460000,1
3.116048,0.169409003,4.480000,1
3.129644,0.169313129,4.500000,1
3.144730,0.169984246,4.520000,1
3.158668,0.170271867,4.540000,1
3.173010,0.170751236,4.560000,1
3.187263,0.170751236,4.580000,1
3.201082,0.171134732,4.600000,1
3.214046,0.171230605,4.620000,1
3.227409,0.171709974,4.640000,1
3.240593,0.171805848,4.660000,1
3.253691,0.172668712,4.680000,1
3.267900,0.172572839,4.700000,1
3.281446,0.172764586,4.720000,1
3.294262,0.173243955,4.740000,1
3.307125,0.173052208,4.760000,1
3.320298,0.173819198,4.780000,1
3.333339,0.174394441,4.800000,1
3.347107,0.174394441,4.820000,1
3.360300,0.174298567,4.840000,1
3.374115,0.174777936,4.860000,1
3.387809,0.175353179,4.880000,1
3.401855,0.175640800,4.900000,1
3.415776,0.175640800,4.920000,1
3.429913,0.175832548,4.940000,1
3.443009,0.176407791,4.960000,1
3.457681,0.176503664,4.980000,1
3.472167,0.176983033,5.000000,1
3.485788,0.176503664,5.020000,1
3.499763,0.177174781,5.040000,1
3.513915,0.178037645,5.060000,1
3.527587,0.177750024,5.080000,1
3.541491,0.177654150,5.100000,1
3.555870,0.178517014,5.120000,1
3.569597,0.178708762,5.140000,1
3.583083,0.179188131,5.160000,1
3.597479,0.179092257,5.180000,1
3.610797,0.179379878,5.200000,1
3.624731,0.180050995,5.220000,1
3.638288,0.180146869,5.240000,1
3.652516,0.180530364,5.260000,1
3.665885,0.180434490,5.280000,1
3.679743,0.180913859,5.300000,1
3.693471,0.181393228,5.320000,1
3.707236,0.181489102,5.340000,1
3.721144,0.181968471,5.360000,1
3.735836,0.182256092,5.380000,1
3.749485,0.182256092,5.400000,1
3.763822,0.182639588,5.420000,1
3.777723,0.183214830,5.440000,1
3.791131,0.183885947,5.460000,1
3.804692,0.183694199,5.480000,1
3.817908,0.183981821,5.500000,1
3.831989,0.184365316,5.520000,1
3.845536,0.184652937,5.540000,1
3.859336,0.184748811,5.560000,1
3.873668,0.185515802,5.580000,1
3.887460,0.185803423,5.600000,1
3.901468,0.186091044,5.620000,1
3.915958,0.186858035,5.640000,1
3.929698,0.186762161,5.660000,1
3.943220,0.187337404,5.680000,1
3.956704,0.187337404,5.700000,1
3.970425,0.187912647,5.720000,1
3.984179,0.187912647,5.740000,1
3.998304,0.188775511,5.760000,1
4.011850,0.189063132,5.780000,1
4.025625,0.189254880,5.800000,1
4.039133,0.190117744,5.820000,1
4.053363,0.189925996,5.840000,1
4.067067,0.191076482,5.860000,1
4.080909,0.190980608,5.880000,1
4.095471,0.191364103,5.900000,1
4.109068,0.191364103,5.920000,1
4.122814,0.191939346,5.940000,1
4.136928,0.192514589,5.960000,1
4.151241,0.192993958,5.980000,1
4.164576,0.193665074,6.000000,1
4.178362,0.193665074,6.020000,1
4.191944,0.194048570,6.040000,1
4.206151,0.194623812,6.060000,1
4.220552,0.195103181,6.080000,1
4.234644,0.195678424,6.100000,1
4.248524,0.196061919,6.120000,1
4.261785,0.196349541,6.140000,1
4.275340,0.196733036,6.160000,1
4.289593,0.196733036,6.180000,1
4.303523,0.197883522,6.200000,1
4.317065,0.198362891,6.220000,1
4.330512,0.198554638,6.240000,1
4.345433,0.198842260,6.260000,1
4.359074,0.199800998,6.280000,1
4.372365,0.199992745,6.300000,1
4.386937,0.200663862,6.320000,1
4.400622,0.200855609,6.340000,1
4.413927,0.201047357,6.360000,1
4.426838,0.201430852,6.380000,1
4.440191,0.201814347,6.400000,1
4.454212,0.202293716,6.420000,1
4.468327,0.202677212,6.440000,1
4.482272,0.203156581,6.460000,1
4.495822,0.203156581,6.480000,1
4.509835,0.203444202,6.500000,1
4.523913,0.204211192,6.520000,1
4.537499,0.204690561,6.540000,1
4.550875,0.204882309,6.560000,1
4.565083,0.204882309,6.580000,1
4.578369,0.205457552,6.600000,1
4.591895,0.205841047,6.620000,1
4.606200,0.206032795,6.640000,1
4.619794,0.206416290,6.660000,1
4.633344,0.206512164,6.680000,1
4.646780,0.206991533,6.700000,1
4.660897,0.207662649,6.720000,1
4.674650,0.207662649,6.740000,1
4.688658,0.207758523,6.760000,1
4.702613,0.208333766,6.780000,1
4.716148,0.208525513,6.800000,1
4.730074,0.208717261,6.820000,1
4.743831,0.208909009,6.840000,1
4.757742,0.209196630,6.860000,1
4.771248,0.210059494,6.880000,1
4.784990,0.209963620,6.900000,1
4.798703,0.210251242,6.920000,1
4.812470,0.210059494,6.940000,1
4.826275,0.210826485,6.960000,1
4.840531,0.211114106,6.980000,1
4.854116,0.211018232,7.000000,1
4.868165,0.211593475,7.020000,1
4.881904,0.211976970,7.040000,1
4.896336,0.212072844,7.060000,1
4.910857,0.212552213,7.080000,1
4.924096,0.212552213,7.100000,1
4.938265,0.212935708,7.120000,1
4.952380,0.213127456,7.140000,1
4.966660,0.213223330,7.160000,1
4.980051,0.213798572,7.180000,1
4.993931,0.214086194,7.200000,1
5.007092,0.213702699,7.220000,1
5.021414,0.214757310,7.240000,1
5.034749,0.214757310,7.260000,1
5.048873,0.215044932,7.280000,1
5.063527,0.215140806,7.300000,1
5.077372,0.215428427,7.320000,1
5.090877,0.215811922,7.340000,1
5.104263,0.215716048,7.360000,1
5.118149,0.216195417,7.380000,1
5.131885,0.216387165,7.400000,1
5.145487,0.216674786,7.420000,1
5.159059,0.216770660,7.440000,1
5.173100,0.217058281,7.460000,1
5.187116,0.217345903,7.480000,1
5.201522,0.217633524,7.500000,1
5.215627,0.217729398,7.520000,1
5.229592,0.218208767,7.540000,1
5.244117,0.218688136,7.560000,1
5.257860,0.219263379,7.580000,1
5.272420,0.218879884,7.600000,1
5.286324,0.219455126,7.620000,1
5.300045,0.219646874,7.640000,1
5.314439,0.219646874,7.660000,1
5.328335,0.220222117,7.680000,1
5.341850,0.220605612,7.700000,1
5.355678,0.220893233,7.720000,1
5.369078,0.221180855,7.740000,1
5.382741,0.221276729,7.760000,1
5.396623,0.221660224,7.780000,1
5.410586,0.221947845,7.800000,1
5.424636,0.222139593,7.820000,1
5.438765,0.222427214,7.840000,1
5.452556,0.222714836,7.860000,1
5.466209,0.223002457,7.880000,1
5.480478,0.223098331,7.900000,1
5.494057,0.223194205,7.920000,1
5.507572,0.223961195,7.940000,1
5.521623,0.224057069,7.960000,1
5.535723,0.224536438,7.980000,1
5.549704,0.224919933,8.000000,1
5.563068,0.225207554,8.020000,1
5.577077,0.225207554,8.040000,1
5.590750,0.225591050,8.060000,1
5.604836,0.225782797,8.080000,1
5.618922,0.226453914,8.100000,1
5.632715,0.226645661,8.120000,1
5.646066,0.226933283,8.140000,1
5.659750,0.227316778,8.160000,1
5.673760,0.227412652,8.180000,1
5.687341,0.227508526,8.200000,1
5.701039,0.228275516,8.220000,1
5.714856,0.228371390,8.240000,1
5.729367,0.228563137,8.260000,1
5.743348,0.228946633,8.280000,1
5.757077,0.229617749,8.300000,1
5.771430,0.229905371,8.320000,1
5.785231,0.230192992,8.340000,1
5.798868,0.230480613,8.360000,1
5.812903,0.230384740,8.380000,1
5.826988,0.230768235,8.400000,1
5.841324,0.231343478,8.420000,1
5.854871,0.231535225,8.440000,1
5.868552,0.232110468,8.460000,1
5.882148,0.232398089,8.480000,1
5.895577,0.232685711,8.500000,1
5.909071,0.233165080,8.520000,1
5.922394,0.233260954,8.540000,1
5.936093,0.233644449,8.560000,1
5.950136,0.234219692,8.580000,1
5.964381,0.234603187,8.600000,1
5.978117,0.235082556,8.620000,1
5.991624,0.235370177,8.640000,1
6.005819,0.235849546,8.660000,1
6.019404,0.235945420,8.680000,1
6.032862,0.236233041,8.700000,1
6.046262,0.236904158,8.720000,1
6.060026,0.237287653,8.740000,1
6.074272,0.237383527,8.760000,1
6.087851,0.238150517,8.780000,1
6.101971,0.238150517,8.800000,1
6.115578,0.238534013,8.820000,1
6.129338,0.238821634,8.840000,1
6.142842,0.239205129,8.860000,1
6.156792,0.239301003,8.880000,1
6.170463,0.239972120,8.900000,1
6.184724,0.240355615,8.920000,1
6.198884,0.240451489,8.940000,1
6.212462,0.240834984,8.960000,1
6.226303,0.240930857,8.980000,1
6.240481,0.241218479,9.000000,1
6.254199,0.241601974,9.020000,1
6.268143,0.241889595,9.040000,1
6.282144,0.242273091,9.060000,1
6.296144,0.242656586,9.080000,1
6.310344,0.243135955,9.100000,1
6.324729,0.243040081,9.120000,1
6.338604,0.243807071,9.140000,1
6.352487,0.243807071,9.160000,1
6.366141,0.243902945,9.180000,1
6.380600,0.244574062,9.200000,1
6.394059,0.244382314,9.220000,1
6.408235,0.244957557,9.240000,1
6.421832,0.245436926,9.260000,1
6.435090,0.245436926,9.280000,1
6.448955,0.245724547,9.300000,1
6.463265,0.246108043,9.320000,1
6.476723,0.246108043,9.340000,1
6.490533,0.246299790,9.360000,1
6.504080,0.246491538,9.380000,1
6.517827,0.247066781,9.400000,1
6.532001,0.247450276,9.420000,1
6.545934,0.247450276,9.440000,1
6.559535,0.247929645,9.460000,1
6.574034,0.248217266,9.480000,1
6.587929,0.248121392,9.500000,1
6.601939,0.248504888,9.520000,1
6.615556,0.248792509,9.540000,1
6.629376,0.248696635,9.560000,1
6.643371,0.249463626,9.580000,1
6.656923,0.249559499,9.600000,1
6.669538,0.250134742,9.620000,1
6.683269,0.249847121,9.640000,1
6.696861,0.250326490,9.660000,1
6.710763,0.250422364,9.680000,1
6.724957,0.250614111,9.700000,1
6.738229,0.251093480,9.720000,1
6.752341,0.251476975,9.740000,1
6.765728,0.251285228,9.760000,1
6.779454,0.251956344,9.780000,1
6.793141,0.252243966,9.800000,1
6.806779,0.251860471,9.820000,1
6.820500,0.252339840,9.840000,1
6.835140,0.252627461,9.860000,1
6.849348,0.252627461,9.880000,1
6.863659,0.253010956,9.900000,1
6.877649,0.253010956,9.920000,1
6.891866,0.253298578,9.940000,1
6.904935,0.253394451,9.960000,1
6.918962,0.253873820,9.980000,1
6.932389,0.254257316,10.000000,1
6.946186,0.254449063,10.020000,1
6.959496,0.254832558,10.040000,1
6.972979,0.254736685,10.060000,1
6.986114,0.255120180,10.080000,1
6.999417,0.255503675,10.100000,1
7.012663,0.255599549,10.120000,1
7.026871,0.255503675,10.140000,1
7.041225,0.256462413,10.160000,1
7.055612,0.256270665,10.180000,1
7.069211,0.256462413,10.200000,1
7.082715,0.256941782,10.220000,1
7.096107,0.257037656,10.240000,1
7.109965,0.257133530,10.260000,1
7.123355,0.257708772,10.280000,1
7.136505,0.257612899,10.300000,1
7.150618,0.257708772,10.320000,1
7.164783,0.257996394,10.340000,1
7.178528,0.258379889,10.360000,1
7.192179,0.258763384,10.380000,1
7.206815,0.259242753,10.400000,1
7.220249,0.259338627,10.420000,1
7.233544,0.259626248,10.440000,1
7.247518,0.259913870,10.460000,1
7.260998,0.259913870,10.480000,1
7.274659,0.260105617,10.500000,1
7.289145,0.260776734,10.520000,1
7.303026,0.260680860,10.540000,1
7.316990,0.261351977,10.560000,1
7.330411,0.261639598,10.580000,1
7.344977,0.261927220,10.600000,1
7.359076,0.262023093,10.620000,1
7.372750,0.262406589,10.640000,1
7.386568,0.262790084,10.660000,1
7.400687,0.262598336,10.680000,1
7.414216,0.263077705,10.700000,1
7.427686,0.263557074,10.720000,1
7.441790,0.263748822,10.740000,1
7.455620,0.264324065,10.760000,1
7.468832,0.264515812,10.780000,1
7.482670,0.265091055,10.800000,1
7.496592,0.265186929,10.820000,1
7.510426,0.265378676,10.840000,1
7.524195,0.265858045,10.860000,1
7.537871,0.265762172,10.880000,1
7.552020,0.266433288,10.900000,1
7.566598,0.266720909,10.920000,1
7.580309,0.267200278,10.940000,1
7.594181,0.267679647,10.960000,1
7.608192,0.267487900,10.980000,1
7.622552,0.268159016,11.000000,1
7.636232,0.268638385,11.020000,1
7.650182,0.268830133,11.040000,1
7.663707,0.269213628,11.060000,1
7.677513,0.269117754,11.080000,1
7.692226,0.270364114,11.100000,1
7.705978,0.269980619,11.120000,1
7.720237,0.270459988,11.140000,1
7.734241,0.270555861,11.160000,1
7.747978,0.271610473,11.180000,1
7.761603,0.271802221,11.200000,1
7.775829,0.271706347,11.220000,1
7.789771,0.271993968,11.240000,1
7.803890,0.272760959,11.260000,1
7.817944,0.272952706,11.280000,1
7.831675,0.273336202,11.300000,1
7.845682,0.273815571,11.320000,1
7.859221,0.274199066,11.340000,1
7.872998,0.274103192,11.360000,1
7.886331,0.274870182,11.380000,1
7.899702,0.274966056,11.400000,1
7.913089,0.275541299,11.420000,1
7.926375,0.275349551,11.440000,1
7.940173,0.275924794,11.460000,1
7.954698,0.276308289,11.480000,1
7.969479,0.277075280,11.500000,1
7.983271,0.277267027,11.520000,1
7.996525,0.277842270,11.540000,1
8.010335,0.277554649,11.560000,1
8.023969,0.278417513,11.580000,1
8.038065,0.278417513,11.600000,1
8.052213,0.279088630,11.620000,1
8.066233,0.279376251,11.640000,1
8.079734,0.279567999,11.660000,1
8.093373,0.280143241,11.680000,1
8.107597,0.280239115,11.700000,1
8.121284,0.280334989,11.720000,1
8.134977,0.281293727,11.740000,1
8.149331,0.281101979,11.760000,1
8.162791,0.281773096,11.780000,1
8.176305,0.281773096,11.800000,1
8.191082,0.282444213,11.820000,1
8.205111,0.282635960,11.840000,1
8.218840,0.283019455,11.860000,1
8.233253,0.283498824,11.880000,1
8.247442,0.283882320,11.900000,1
8.261376,0.283978193,11.920000,1
8.275464,0.284553436,11.940000,1
8.288791,0.284553436,11.960000,1
8.302112,0.284936931,11.980000,1
8.315574,0.285032805,12.000000,1
8.328478,0.285320427,12.020000,1
8.342342,0.286183291,12.040000,1
8.355835,0.286087417,12.060000,1
8.369442,0.286279165,12.080000,1
8.383093,0.286854407,12.100000,1
8.396306,0.287046155,12.120000,1
8.409914,0.287237903,12.140000,1
8.423790,0.287621398,12.160000,1
8.437887,0.287717272,12.180000,1
8.451625,0.288484262,12.200000,1
8.465409,0.288771883,12.220000,1
8.479398,0.289059505,12.240000,1
8.492969,0.289155379,12.260000,1
8.506863,0.289634748,12.280000,1
8.520311,0.289826495,12.300000,1
8.534022,0.290401738,12.320000,1
8.547587,0.290401738,12.340000,1
8.561126,0.290593486,12.360000,1
8.574690,0.290976981,12.380000,1
8.588791,0.291072855,12.400000,1
8.602847,0.291743971,12.420000,1
8.616805,0.291743971,12.440000,1
8.630752,0.291743971,12.460000,1
8.644364,0.292319214,12.480000,1
8.658099,0.292990330,12.500000,1
8.671900,0.292990330,12.520000,1
8.685689,0.293373826,12.540000,1
8.699811,0.293661447,12.560000,1
8.713611,0.294140816,12.580000,1
8.727784,0.294620185,12.600000,1
8.741713,0.294716059,12.620000,1
8.755966,0.295195428,12.640000,1
8.770047,0.295866544,12.660000,1
8.783638,0.295483049,12.680000,1
8.798065,0.296058292,12.700000,1
8.811103,0.296729409,12.720000,1
8.824503,0.297017030,12.740000,1
8.838446,0.297112904,12.760000,1
8.852893,0.297688147,12.780000,1
8.866333,0.298167516,12.800000,1
8.880764,0.298551011,12.820000,1
8.895542,0.298934506,12.840000,1
8.909356,0.299222127,12.860000,1
8.922676,0.299605623,12.880000,1
8.936444,0.299701496,12.900000,1
8.950368,0.300372613,12.920000,1
8.964364,0.301043730,12.940000,1
8.977904,0.301043730,12.960000,1
8.991919,0.301714846,12.980000,1
9.005692,0.302290089,13.000000,1
9.019730,0.302481837,13.020000,1
9.032961,0.302865332,13.040000,1
9.046671,0.303248827,13.060000,1
9.060405,0.303728196,13.080000,1
9.074514,0.304591060,13.100000,1
9.088881,0.305166303,13.120000,1
9.102961,0.305741546,13.140000,1
9.116269,0.306029167,13.160000,1
9.130395,0.306508536,13.180000,1
9.144427,0.307275527,13.200000,1
9.158293,0.307850769,13.220000,1
9.171804,0.308713634,13.240000,1
9.185859,0.308809507,13.260000,1
9.200377,0.309864119,13.280000,1
9.214317,0.310918731,13.300000,1
9.228451,0.311493974,13.320000,1
9.242807,0.311877469,13.340000,1
9.256213,0.312740333,13.360000,1
9.269531,0.313794945,13.380000,1
9.283989,0.314561935,13.400000,1
9.297598,0.315328926,13.420000,1
9.312096,0.316000042,13.440000,1
9.325902,0.317150528,13.460000,1
9.340072,0.317725771,13.480000,1
9.353914,0.318876256,13.500000,1
9.368876,0.320122616,13.520000,1
9.382648,0.320697858,13.540000,1
9.395802,0.322040092,13.560000,1
9.409372,0.323190577,13.580000,1
9.423216,0.323861694,13.600000,1
9.436411,0.324916306,13.620000,1
9.450251,0.326258539,13.640000,1
9.464199,0.327504898,13.660000,1
9.478331,0.328176015,13.680000,1
9.492318,0.329326500,13.700000,1
9.505697,0.330476986,13.720000,1
9.519536,0.332106841,13.740000,1
9.533894,0.333736695,13.760000,1
9.547803,0.335366550,13.780000,1
9.561503,0.336804657,13.800000,1
9.575237,0.338338638,13.820000,1
9.589333,0.340447861,13.840000,1
9.603528,0.342748832,13.860000,1
9.616781,0.344858056,13.880000,1
9.630529,0.347446648,13.900000,1
9.643932,0.349843493,13.920000,1
9.658148,0.352719707,13.940000,1
9.671779,0.355308300,13.960000,1
9.685282,0.357417524,13.980000,1
9.698489,0.358568009,14.000000,1
9.712156,0.360006116,14.020000,1
9.726450,0.361060728,14.040000,1
9.740726,0.362019466,14.060000,1
9.754291,0.363265825,14.080000,1
9.768099,0.363649321,14.100000,1
9.782094,0.364512185,14.120000,1
9.796068,0.365087428,14.140000,1
9.810183,0.365662670,14.160000,1
9.823936,0.366046166,14.180000,1
9.837744,0.367292525,14.200000,1
9.852255,0.367292525,14.220000,1
9.866029,0.367388399,14.240000,1
9.879576,0.367867768,14.260000,1
9.893859,0.368347137,14.280000,1
9.907946,0.368922379,14.300000,1
9.921683,0.369114127,14.320000,1
9.935662,0.369881117,14.340000,1
9.949426,0.369881117,14.360000,1
9.963591,0.369976991,14.380000,1
9.977131,0.370552234,14.400000,1
9.991086,0.370839855,14.420000,1
10.004905,0.370935729,14.440000,1
10.019498,0.371319224,14.460000,1
10.032837,0.371606846,14.480000,1
10.046351,0.371606846,14.500000,1
10.060368,0.372277962,14.520000,1
10.073783,0.372086215,14.540000,1
10.087317,0.372277962,14.560000,1
10.102372,0.372853205,14.580000,1
10.115793,0.373140827,14.600000,1
10.129414,0.373332574,14.620000,1
10.143442,0.373332574,14.640000,1
10.157113,0.373524322,14.660000,1
10.170756,0.373620196,14.680000,1
10.185965,0.374003691,14.700000,1
10.199241,0.374291312,14.720000,1
10.213593,0.374578934,14.740000,1
10.228061,0.375441798,14.760000,1
10.241377,0.374770681,14.780000,1
10.255286,0.374962429,14.800000,1
10.268221,0.375441798,14.820000,1
10.282437,0.375921167,14.840000,1
10.295745,0.375825293,14.860000,1
10.309612,0.376304662,14.880000,1
10.323180,0.376496410,14.900000,1
10.337257,0.376496410,14.920000,1
10.350993,0.376879905,14.940000,1
10.364659,0.377359274,14.960000,1
10.378481,0.376879905,14.980000,1
10.392303,0.377167526,15.000000,1
10.406069,0.377551021,15.020000,1
10.420321,0.378030390,15.040000,1
10.434131,0.378030390,15.060000,1
10.447505,0.378030390,15.080000,1
10.461094,0.378318012,15.100000,1
10.476212,0.378797381,15.120000,1
10.489462,0.378893255,15.140000,1
10.502663,0.378701507,15.160000,1
10.516400,0.378797381,15.180000,1
10.529691,0.379276750,15.200000,1
10.543729,0.379372624,15.220000,1
10.557240,0.379468497,15.240000,1
10.572053,0.379468497,15.260000,1
10.586412,0.379660245,15.280000,1
10.600091,0.380235488,15.300000,1
10.614041,0.380714857,15.320000,1
10.628157,0.380714857,15.340000,1
10.641718,0.380906604,15.360000,1
10.655688,0.380906604,15.380000,1
10.668898,0.381098352,15.400000,1
10.682571,0.381385973,15.420000,1
10.696295,0.381673595,15.440000,1
10.709782,0.381673595,15.460000,1
10.724198,0.381865342,15.480000,1
10.737996,0.382344711,15.500000,1
10.752315,0.382057090,15.520000,1
10.766324,0.382152964,15.540000,1
10.779854,0.382440585,15.560000,1
10.793696,0.382824080,15.580000,1
10.807402,0.383111702,15.600000,1
10.821456,0.383111702,15.620000,1
10.834960,0.383303449,15.640000,1
10.849557,0.383399323,15.660000,1
10.863491,0.383782818,15.680000,1
10.877382,0.384166314,15.700000,1
10.891452,0.384453935,15.720000,1
10.905524,0.384453935,15.740000,1
10.919323,0.384358061,15.760000,1
10.932969,0.384358061,15.780000,1
10.946756,0.384645683,15.800000,1
10.960697,0.384837430,15.820000,1
10.974610,0.385125052,15.840000,1
10.988818,0.385508547,15.860000,1
11.002968,0.385029178,15.880000,1
11.016733,0.385412673,15.900000,1
11.030060,0.385892042,15.920000,1
11.044011,0.386179663,15.940000,1
11.057611,0.386179663,15.960000,1
11.071711,0.386754906,15.980000,1
11.085835,0.386850780,16.000000,1
11.099906,0.386946654,16.020000,1
11.113820,0.386850780,16.040000,1
11.127427,0.387042528,16.060000,1
11.140934,0.387330149,16.080000,1
11.154432,0.387234275,16.100000,1
11.168695,0.387521897,16.120000,1
11.182367,0.387713644,16.140000,1
11.196228,0.388001266,16.160000,1
11.210455,0.388097139,16.180000,1
11.224421,0.388384761,16.200000,1
11.238512,0.388576508,16.220000,1
11.252120,0.388576508,16.240000,1
11.266564,0.388576508,16.260000,1
11.280412,0.388960004,16.280000,1
11.293967,0.389439373,16.300000,1
11.307673,0.389631120,16.320000,1
11.321512,0.389343499,16.340000,1
11.335423,0.389726994,16.360000,1
11.349041,0.390014615,16.380000,1
11.362502,0.389918742,16.400000,1
11.376321,0.390398111,16.420000,1
11.390002,0.390206363,16.440000,1
11.404014,0.390302237,16.460000,1
11.417946,0.390302237,16.480000,1
11.431468,0.390973353,16.500000,1
11.444902,0.390589858,16.520000,1
11.458965,0.391644470,16.540000,1
11.472499,0.391452722,16.560000,1
11.486726,0.391740344,16.580000,1
11.500743,0.391836218,16.600000,1
11.514253,0.391836218,16.620000,1
11.528751,0.392027965,16.640000,1
11.542100,0.392219713,16.660000,1
11.555240,0.392411460,16.680000,1
11.569010,0.392603208,16.700000,1
11.582472,0.392890829,16.720000,1
11.596033,0.392986703,16.740000,1
11.610380,0.392890829,16.760000,1
11.623797,0.393274324,16.780000,1
11.637784,0.393178451,16.800000,1
11.651826,0.393370198,16.820000,1
11.665251,0.393657820,16.840000,1
11.679351,0.393657820,16.860000,1
11.693305,0.394137189,16.880000,1
11.707182,0.394137189,16.900000,1
11.721315,0.394712431,16.920000,1
11.734496,0.394712431,16.940000,1
11.748572,0.394616558,16.960000,1
11.762149,0.395191800,16.980000,1
11.775675,0.394808305,17.000000,1
11.789978,0.395383548,17.020000,1
11.804714,0.395383548,17.040000,1
11.819415,0.395767043,17.060000,1
11.833150,0.395862917,17.080000,1
11.847371,0.395862917,17.100000,1
11.861120,0.396054665,17.120000,1
11.874654,0.396054665,17.140000,1
11.889055,0.396342286,17.160000,1
11.903033,0.395958791,17.180000,1
11.916714,0.396629907,17.200000,1
11.930911,0.397013403,17.220000,1
11.944260,0.396917529,17.240000,1
11.958788,0.397205150,17.260000,1
11.973259,0.397301024,17.280000,1
11.987540,0.397780393,17.300000,1
12.001429,0.397780393,17.320000,1
12.015717,0.397972141,17.340000,1
12.029144,0.398068014,17.360000,1
12.043091,0.397972141,17.380000,1
12.057260,0.398547383,17.400000,1
12.071285,0.398355636,17.420000,1
12.085560,0.398355636,17.440000,1
12.099531,0.398547383,17.460000,1
12.113426,0.398643257,17.480000,1
12.127102,0.399218500,17.500000,1
12.141392,0.399218500,17.520000,1
12.154987,0.399314374,17.540000,1
12.168693,0.399506121,17.560000,1
12.182446,0.399793743,17.580000,1
12.196551,0.399889617,17.600000,1
12.210389,0.399985490,17.620000,1
12.224567,0.400368986,17.640000,1
12.238171,0.399985490,17.660000,1
12.252576,0.400464859,17.680000,1
12.266392,0.400560733,17.700000,1
12.279795,0.400848355,17.720000,1
12.293927,0.400752481,17.740000,1
12.307455,0.400848355,17.760000,1
12.321279,0.400944228,17.780000,1
12.334955,0.401615345,17.800000,1
12.348801,0.401711219,17.820000,1
12.362931,0.401615345,17.840000,1
12.376715,0.401519471,17.860000,1
12.390159,0.402190588,17.880000,1
12.403732,0.401902966,17.900000,1
12.417346,0.402382335,17.920000,1
12.431734,0.402478209,17.940000,1
12.445496,0.402669957,17.960000,1
12.458949,0.402765831,17.980000,1
12.472633,0.403053452,18.000000,1
12.486371,0.402765831,18.020000,1
12.499881,0.403341073,18.040000,1
12.513757,0.403341073,18.060000,1
12.528195,0.403149326,18.080000,1
12.541837,0.403245200,18.100000,1
12.555393,0.403628695,18.120000,1
12.569659,0.404108064,18.140000,1
12.582826,0.404395685,18.160000,1
12.596692,0.403532821,18.180000,1
12.610268,0.404203938,18.200000,1
12.623700,0.404779180,18.220000,1
12.637643,0.404779180,18.240000,1
12.652307,0.404779180,18.260000,1
12.666472,0.404970928,18.280000,1
12.680040,0.405066802,18.300000,1
12.693769,0.405066802,18.320000,1
12.707335,0.405354423,18.340000,1
12.721577,0.405546171,18.360000,1
12.735357,0.405929666,18.380000,1
12.749482,0.405833792,18.400000,1
12.763170,0.405929666,18.420000,1
12.776932,0.406217287,18.440000,1
12.790985,0.406313161,18.460000,1
12.805062,0.406313161,18.480000,1
12.818931,0.406217287,18.500000,1
12.832494,0.406696656,18.520000,1
12.846418,0.406409035,18.540000,1
12.860131,0.406888404,18.560000,1
12.873451,0.407176025,18.580000,1
12.886907,0.406984278,18.600000,1
12.901312,0.407751268,18.620000,1
12.915056,0.407463647,18.640000,1
12.928332,0.408038890,18.660000,1
12.942183,0.408134763,18.680000,1
12.956525,0.408230637,18.700000,1
12.970583,0.408518259,18.720000,1
12.984624,0.408422385,18.740000,1
12.998203,0.408901754,18.760000,1
13.011718,0.408710006,18.780000,1
13.025017,0.408614132,18.800000,1
13.037973,0.408997628,18.820000,1
13.050866,0.408901754,18.840000,1
13.063820,0.409093501,18.860000,1
13.076822,0.409285249,18.880000,1
13.089786,0.409572870,18.900000,1
13.102752,0.410148113,18.920000,1
13.116090,0.410148113,18.940000,1
13.128842,0.410148113,18.960000,1
13.143129,0.410627482,18.980000,1
13.157176,0.410915104,19.000000,1
13.170945,0.410723356,19.020000,1
13.184997,0.411202725,19.040000,1
13.199898,0.411202725,19.060000,1
13.214117,0.411298599,19.080000,1
13.228056,0.411394473,19.100000,1
13.241842,0.411490346,19.120000,1
13.255596,0.411586220,19.140000,1
13.269306,0.411969715,19.160000,1
13.282885,0.412065589,19.180000,1
13.297377,0.412161463,19.200000,1
13.311541,0.412065589,19.220000,1
13.325379,0.412449084,19.240000,1
13.339365,0.412736706,19.260000,1
13.353411,0.412544958,19.280000,1
13.367552,0.412928453,19.300000,1
13.381596,0.413216075,19.320000,1
13.395704,0.413120201,19.340000,1
13.409819,0.413695444,19.360000,1
13.424155,0.413791318,19.380000,1
13.438177,0.413599570,19.400000,1
13.452413,0.413983065,19.420000,1
13.466818,0.414270687,19.440000,1
13.480764,0.414174813,19.460000,1
13.495109,0.414366560,19.480000,1
13.509271,0.414654182,19.500000,1
13.523840,0.415133551,19.520000,1
13.537877,0.415037677,19.540000,1
13.551912,0.415421172,19.560000,1
13.565981,0.415421172,19.580000,1
13.580147,0.415612920,19.600000,1
13.595716,0.415804667,19.620000,1
13.611362,0.415996415,19.640000,1
13.625154,0.415804667,19.660000,1
13.641267,0.416379910,19.680000,1
13.658593,0.416379910,19.700000,1
13.676629,0.416763405,19.720000,1
13.696564,0.416859279,19.740000,1
13.715461,0.417146901,19.760000,1
13.734645,0.417146901,19.780000,1
13.748021,0.417242774,19.800000,1
13.761823,0.417818017,19.820000,1
13.775501,0.418009765,19.840000,1
13.789409,0.418297386,19.860000,1
13.802679,0.418201512,19.880000,1
13.815987,0.418680881,19.900000,1
13.829163,0.418393260,19.920000,1
13.842322,0.418968503,19.940000,1
13.856417,0.419064376,19.960000,1
13.869598,0.419064376,19.980000,1
13.883783,0.419351998,20.000000,1
13.897906,0.419351998,20.000000,1
13.911456,0.419543745,19.980000,1
13.924601,0.419543745,19.960000,1
13.937725,0.419831367,19.940000,1
13.951826,0.419927241,19.920000,1
13.965163,0.419543745,19.900000,1
13.979487,0.419543745,19.880000,1
13.993356,0.419639619,19.860000,1
14.007020,0.419639619,19.840000,1
14.020561,0.420023114,19.820000,1
14.034107,0.419160250,19.800000,1
14.047908,0.419447872,19.780000,1
14.062175,0.419543745,19.760000,1
14.075537,0.419543745,19.740000,1
14.089176,0.419351998,19.720000,1
14.102394,0.419447872,19.700000,1
14.116443,0.419447872,19.680000,1
14.130548,0.419256124,19.660000,1
14.144138,0.419447872,19.640000,1
14.157379,0.419064376,19.620000,1
14.171808,0.419543745,19.600000,1
14.185550,0.419160250,19.580000,1
14.199317,0.419447872,19.560000,1
14.213380,0.419160250,19.540000,1
14.227262,0.418968503,19.520000,1
14.241272,0.418872629,19.500000,1
14.254931,0.419256124,19.480000,1
14.268259,0.418776755,19.460000,1
14.282228,0.419064376,19.440000,1
14.295899,0.419064376,19.420000,1
14.311688,0.419160250,19.400000,1
14.324969,0.418680881,19.380000,1
14.338837,0.418968503,19.360000,1
14.352675,0.418776755,19.340000,1
14.366104,0.418680881,19.320000,1
14.379556,0.418585007,19.300000,1
14.393317,0.418489134,19.280000,1
14.406733,0.418489134,19.260000,1
14.420063,0.418489134,19.240000,1
14.433624,0.418393260,19.220000,1
14.447018,0.418297386,19.200000,1
14.460551,0.418009765,19.180000,1
14.475332,0.418105638,19.160000,1
14.489111,0.418297386,19.140000,1
14.503240,0.418201512,19.120000,1
14.517269,0.418297386,19.100000,1
14.530663,0.417818017,19.080000,1
14.543556,0.417913891,19.060000,1
14.556890,0.417434522,19.040000,1
14.571492,0.417530396,19.020000,1
14.585176,0.417434522,19.000000,1
14.599689,0.417626270,18.980000,1
14.612955,0.417626270,18.960000,1
14.626652,0.417434522,18.940000,1
14.640987,0.417434522,18.920000,1
14.655006,0.417434522,18.900000,1
14.668509,0.417626270,18.880000,1
14.682202,0.417051027,18.860000,1
14.696342,0.417146901,18.840000,1
14.709843,0.417146901,18.820000,1
14.724222,0.417146901,18.800000,1
14.738438,0.417242774,18.780000,1
14.752395,0.417051027,18.760000,1
14.766327,0.416859279,18.740000,1
14.780275,0.416571658,18.720000,1
14.793586,0.416859279,18.700000,1
14.807030,0.416667532,18.680000,1
14.820261,0.416667532,18.660000,1
14.834010,0.416571658,18.640000,1
14.847780,0.416859279,18.620000,1
14.861236,0.416571658,18.600000,1
14.875658,0.416571658,18.580000,1
14.889019,0.416092289,18.560000,1
14.902724,0.416571658,18.540000,1
14.916834,0.416475784,18.520000,1
14.929831,0.416092289,18.500000,1
14.943558,0.415996415,18.480000,1
14.957322,0.416379910,18.460000,1
14.970941,0.416092289,18.440000,1
14.984288,0.415996415,18.420000,1
14.998839,0.415900541,18.400000,1
15.011971,0.415900541,18.380000,1
15.025622,0.415708794,18.360000,1
15.039071,0.415229425,18.340000,1
15.053094,0.414750056,18.320000,1
15.066551,0.415325298,18.300000,1
15.080252,0.415517046,18.280000,1
15.093862,0.415325298,18.260000,1
15.107377,0.415517046,18.240000,1
15.121034,0.415133551,18.220000,1
15.134846,0.414750056,18.200000,1
15.149146,0.415133551,18.180000,1
15.162589,0.414941803,18.160000,1
15.175229,0.414845929,18.140000,1
15.189175,0.414941803,18.120000,1
15.203325,0.414654182,18.100000,1
15.216748,0.414462434,18.080000,1
15.230606,0.414174813,18.060000,1
15.244141,0.414462434,18.040000,1
15.258170,0.414270687,18.020000,1
15.272024,0.414366560,18.000000,1
15.286000,0.414078939,17.980000,1
15.299580,0.414174813,17.960000,1
15.313733,0.414078939,17.940000,1
15.326527,0.414078939,17.920000,1
15.340227,0.414174813,17.900000,1
15.353769,0.414078939,17.880000,1
15.366945,0.413983065,17.860000,1
15.381385,0.413503696,17.840000,1
15.395375,0.413695444,17.820000,1
15.408821,0.413599570,17.800000,1
15.422863,0.413503696,17.780000,1
15.437267,0.413407822,17.760000,1
15.451292,0.413695444,17.740000,1
15.465669,0.413024327,17.720000,1
15.479238,0.413120201,17.700000,1
15.492563,0.413216075,17.680000,1
15.506544,0.413311949,17.660000,1
15.520991,0.413216075,17.640000,1
15.534526,0.413216075,17.620000,1
15.548296,0.412736706,17.600000,1
15.562420,0.412928453,17.580000,1
15.575779,0.413120201,17.560000,1
15.589933,0.412257337,17.540000,1
15.603280,0.412449084,17.520000,1
15.617748,0.412736706,17.500000,1
15.631289,0.412353211,17.480000,1
15.644699,0.412065589,17.460000,1
15.658992,0.412353211,17.440000,1
15.673082,0.412257337,17.420000,1
15.687140,0.412065589,17.400000,1
15.700634,0.411969715,17.380000,1
15.714986,0.412065589,17.360000,1
15.728817,0.411394473,17.340000,1
15.742831,0.411969715,17.320000,1
15.757107,0.411777968,17.300000,1
15.771627,0.411490346,17.280000,1
15.785669,0.411202725,17.260000,1
15.799150,0.411682094,17.240000,1
15.813106,0.411490346,17.220000,1
15.826663,0.411106851,17.200000,1
15.840124,0.410819230,17.180000,1
15.854079,0.411202725,17.160000,1
15.868644,0.410723356,17.140000,1
15.881867,0.410915104,17.120000,1
15.895939,0.410819230,17.100000,1
15.909043,0.411010977,17.080000,1
15.922933,0.410627482,17.060000,1
15.936774,0.410531608,17.040000,1
15.950945,0.410339861,17.020000,1
15.964669,0.410723356,17.000000,1
15.978885,0.410435735,16.980000,1
15.992504,0.410435735,16.960000,1
16.007068,0.410339861,16.940000,1
16.021006,0.409860492,16.920000,1
16.034496,0.409860492,16.900000,1
16.047879,0.409956366,16.880000,1
16.061718,0.409956366,16.860000,1
16.075473,0.409956366,16.840000,1
16.089273,0.409764618,16.820000,1
16.103326,0.409860492,16.800000,1
16.116866,0.409381123,16.780000,1
16.131520,0.409285249,16.760000,1
16.144869,0.409189375,16.740000,1
16.158821,0.409285249,16.720000,1
16.172617,0.409285249,16.700000,1
16.186489,0.409189375,16.680000,1
16.199985,0.409285249,16.660000,1
16.213519,0.408901754,16.640000,1
16.227272,0.408901754,16.620000,1
16.240801,0.408614132,16.600000,1
16.254266,0.408614132,16.580000,1
16.268272,0.408614132,16.560000,1
16.281626,0.408422385,16.540000,1
16.295256,0.408518259,16.520000,1
16.308514,0.408134763,16.500000,1
16.322445,0.408422385,16.480000,1
16.336165,0.408038890,16.460000,1
16.348789,0.408134763,16.440000,1
16.362769,0.408038890,16.420000,1
16.376245,0.407943016,16.400000,1
16.391320,0.408038890,16.380000,1
16.404801,0.407847142,16.360000,1
16.418882,0.407271899,16.340000,1
16.433094,0.407559521,16.320000,1
16.446738,0.407463647,16.300000,1
16.460246,0.407271899,16.280000,1
16.474275,0.407655394,16.260000,1
16.487587,0.407463647,16.240000,1
16.501598,0.407271899,16.220000,1
16.515010,0.407271899,16.200000,1
16.528577,0.406984278,16.180000,1
16.542232,0.406984278,16.160000,1
16.555992,0.406888404,16.140000,1
16.569366,0.406792530,16.120000,1
16.583143,0.406600783,16.100000,1
16.597661,0.406313161,16.080000,1
16.611569,0.406313161,16.060000,1
16.624876,0.406792530,16.040000,1
16.639050,0.406409035,16.020000,1
16.653475,0.406025540,16.000000,1
16.667483,0.406313161,15.980000,1
16.682437,0.405833792,15.960000,1
16.696189,0.405642045,15.940000,1
16.709734,0.405929666,15.920000,1
16.723439,0.405833792,15.900000,1
16.737696,0.406025540,15.880000,1
16.751359,0.405642045,15.860000,1
16.764574,0.405354423,15.840000,1
16.778438,0.405258549,15.820000,1
16.792148,0.405354423,15.800000,1
16.806074,0.405546171,15.780000,1
16.821089,0.405450297,15.760000,1
16.834304,0.404970928,15.740000,1
16.848287,0.405258549,15.720000,1
16.862362,0.405162676,15.700000,1
16.875770,0.404875054,15.680000,1
16.889094,0.404875054,15.660000,1
16.903262,0.404683307,15.640000,1
16.917092,0.404395685,15.620000,1
16.930613,0.404587433,15.600000,1
16.944425,0.404203938,15.580000,1
16.957877,0.404587433,15.560000,1
16.972301,0.404108064,15.540000,1
16.986358,0.403916316,15.520000,1
16.999657,0.404108064,15.500000,1
17.013432,0.404108064,15.480000,1
17.026880,0.403916316,15.460000,1
17.041128,0.403628695,15.440000,1
17.055176,0.403532821,15.420000,1
17.068695,0.403916316,15.400000,1
17.082717,0.403820442,15.380000,1
17.096960,0.403341073,15.360000,1
17.110002,0.403436947,15.340000,1
17.123758,0.403436947,15.320000,1
17.138486,0.403436947,15.300000,1
17.151615,0.403245200,15.280000,1
17.165913,0.403245200,15.260000,1
17.180505,0.403245200,15.240000,1
17.193732,0.403436947,15.220000,1
17.207814,0.403053452,15.200000,1
17.221927,0.402861704,15.180000,1
17.235479,0.403245200,15.160000,1
17.248671,0.402478209,15.140000,1
17.262715,0.402382335,15.120000,1
17.276033,0.402574083,15.100000,1
17.290035,0.402286462,15.080000,1
17.304985,0.402382335,15.060000,1
17.319041,0.402190588,15.040000,1
17.332649,0.401807093,15.020000,1
17.346150,0.402094714,15.000000,1
17.360024,0.401998840,14.980000,1
17.374166,0.401807093,14.960000,1
17.387513,0.401902966,14.940000,1
17.401808,0.401615345,14.920000,1
17.415030,0.401615345,14.900000,1
17.429634,0.401423597,14.880000,1
17.443502,0.401231850,14.860000,1
17.457031,0.401231850,14.840000,1
17.471267,0.401135976,14.820000,1
17.485280,0.401231850,14.800000,1
17.500075,0.401040102,14.780000,1
17.513489,0.400944228,14.760000,1
17.528053,0.401040102,14.740000,1
17.541869,0.400560733,14.720000,1
17.555367,0.400177238,14.700000,1
17.570380,0.400560733,14.680000,1
17.583553,0.400560733,14.660000,1
17.597156,0.400368986,14.640000,1
17.611620,0.400273112,14.620000,1
17.625212,0.400177238,14.600000,1
17.639095,0.400177238,14.580000,1
17.653538,0.399985490,14.560000,1
17.667329,0.399697869,14.540000,1
17.681066,0.400081364,14.520000,1
17.694911,0.399506121,14.500000,1
17.708706,0.399793743,14.480000,1
17.722196,0.399793743,14.460000,1
17.736437,0.399506121,14.440000,1
17.750169,0.399314374,14.420000,1
17.763763,0.399506121,14.400000,1
17.776853,0.399026752,14.380000,1
17.791516,0.399122626,14.360000,1
17.805203,0.398547383,14.340000,1
17.819025,0.398930879,14.320000,1
17.832836,0.398835005,14.300000,1
17.846085,0.398547383,14.280000,1
17.860641,0.398739131,14.260000,1
17.874719,0.398355636,14.240000,1
17.888046,0.398451510,14.220000,1
17.901345,0.398451510,14.200000,1
17.914749,0.397972141,14.180000,1
17.928449,0.398163888,14.160000,1
17.941626,0.398163888,14.140000,1
17.955669,0.397684519,14.120000,1
17.969167,0.398163888,14.100000,1
17.982697,0.397684519,14.080000,1
17.997038,0.397780393,14.060000,1
18.011348,0.397684519,14.040000,1
18.025620,0.397205150,14.020000,1
18.039481,0.397301024,14.000000,1
18.053486,0.397588645,13.980000,1
18.067548,0.397301024,13.960000,1
18.080809,0.397013403,13.940000,1
18.094439,0.397109276,13.920000,1
18.107891,0.396821655,13.900000,1
18.121705,0.396534034,13.880000,1
18.135160,0.396725781,13.860000,1
18.148467,0.396725781,13.840000,1
18.161778,0.396342286,13.820000,1
18.175322,0.396150538,13.800000,1
18.189116,0.396246412,13.780000,1
18.203119,0.396438160,13.760000,1
18.216631,0.395958791,13.740000,1
18.230104,0.395958791,13.720000,1
18.244461,0.395767043,13.700000,1
18.258519,0.395958791,13.680000,1
18.273071,0.395575296,13.660000,1
18.286170,0.395383548,13.640000,1
18.298986,0.395958791,13.620000,1
18.312666,0.395671169,13.600000,1
18.326066,0.395287674,13.580000,1
18.339696,0.395575296,13.560000,1
18.353555,0.395287674,13.540000,1
18.366621,0.395287674,13.520000,1
18.379743,0.395191800,13.500000,1
18.393676,0.394904179,13.480000,1
18.407963,0.394616558,13.460000,1
18.421694,0.394520684,13.440000,1
18.435572,0.394328936,13.420000,1
18.449003,0.394808305,13.400000,1
18.462629,0.394424810,13.380000,1
18.476427,0.394520684,13.360000,1
18.489954,0.394041315,13.340000,1
18.503893,0.394328936,13.320000,1
18.517286,0.393945441,13.300000,1
18.531630,0.393945441,13.280000,1
18.545483,0.393849567,13.260000,1
18.558678,0.393753693,13.240000,1
18.572324,0.393466072,13.220000,1
18.586218,0.393466072,13.200000,1
18.600297,0.393466072,13.180000,1
18.614438,0.393082577,13.160000,1
18.628097,0.393178451,13.140000,1
18.641797,0.393082577,13.120000,1
18.655828,0.392890829,13.100000,1
18.669454,0.393178451,13.080000,1
18.683111,0.392890829,13.060000,1
18.696889,0.392603208,13.040000,1
18.710061,0.392603208,13.020000,1
18.724267,0.392794955,13.000000,1
18.737887,0.392411460,12.980000,1
18.751719,0.392699082,12.960000,1
18.765033,0.392315587,12.940000,1
18.778982,0.391836218,12.920000,1
18.792629,0.391836218,12.900000,1
18.806448,0.391932091,12.880000,1
18.820382,0.391644470,12.860000,1
18.833565,0.391836218,12.840000,1
18.847567,0.391644470,12.820000,1
18.861470,0.391644470,12.800000,1
18.875165,0.391452722,12.780000,1
18.888886,0.391260975,12.760000,1
18.902354,0.391260975,12.740000,1
18.916229,0.391356849,12.720000,1
18.930352,0.391356849,12.700000,1
18.944203,0.390877480,12.680000,1
18.957674,0.390877480,12.660000,1
18.971284,0.390589858,12.640000,1
18.985011,0.390206363,12.620000,1
18.999501,0.390110489,12.600000,1
19.013347,0.390398111,12.580000,1
19.026731,0.390014615,12.560000,1
19.040890,0.390110489,12.540000,1
19.055318,0.390014615,12.520000,1
19.068997,0.389822868,12.500000,1
19.082557,0.389822868,12.480000,1
19.096479,0.389918742,12.460000,1
19.109968,0.390206363,12.440000,1
19.123654,0.389822868,12.420000,1
19.137934,0.389726994,12.400000,1
19.150919,0.388864130,12.380000,1
19.165014,0.389343499,12.360000,1
19.179521,0.389247625,12.340000,1
19.193660,0.389151751,12.320000,1
19.207316,0.389055877,12.300000,1
19.220884,0.389055877,12.280000,1
19.235241,0.388480635,12.260000,1
19.249056,0.388672382,12.240000,1
19.262663,0.388768256,12.220000,1
19.276328,0.388672382,12.200000,1
19.290847,0.388672382,12.180000,1
19.304435,0.388001266,12.160000,1
19.318290,0.387809518,12.140000,1
19.332290,0.387713644,12.120000,1
19.346059,0.387426023,12.100000,1
19.359673,0.387809518,12.080000,1
19.373301,0.387330149,12.060000,1
19.387079,0.387330149,12.040000,1
19.400457,0.387042528,12.020000,1
19.414099,0.386946654,12.000000,1
19.426692,0.386946654,11.980000,1
19.440006,0.386946654,11.960000,1
19.453798,0.386946654,11.940000,1
19.468004,0.386467285,11.920000,1
19.482183,0.386850780,11.900000,1
19.496364,0.386371411,11.880000,1
19.510248,0.386371411,11.860000,1
19.523945,0.386275537,11.840000,1
19.537463,0.386083790,11.820000,1
19.551235,0.385892042,11.800000,1
19.564469,0.385892042,11.780000,1
19.577922,0.385892042,11.760000,1
19.591935,0.385796168,11.740000,1
19.605352,0.385604421,11.720000,1
19.619088,0.385508547,11.700000,1
19.633581,0.385316799,11.680000,1
19.647318,0.385029178,11.660000,1
19.660886,0.384837430,11.640000,1
19.674371,0.384933304,11.620000,1
19.688273,0.384549809,11.600000,1
19.701711,0.384933304,11.580000,1
19.715698,0.384549809,11.560000,1
19.729621,0.384549809,11.540000,1
19.743214,0.384358061,11.520000,1
19.757275,0.384453935,11.500000,1
19.771172,0.384358061,11.480000,1
19.784883,0.384358061,11.460000,1
19.798282,0.384070440,11.440000,1
19.811640,0.383686945,11.420000,1
19.824889,0.383591071,11.400000,1
19.838630,0.383782818,11.380000,1
19.853510,0.383495197,11.360000,1
19.867279,0.382919954,11.340000,1
19.880598,0.383495197,11.320000,1
19.894267,0.383207576,11.300000,1
19.909245,0.383111702,11.280000,1
19.923234,0.382824080,11.260000,1
19.936620,0.382632333,11.240000,1
19.950093,0.383015828,11.220000,1
19.964056,0.382344711,11.200000,1
19.977764,0.382248838,11.180000,1
19.991416,0.382248838,11.160000,1
20.004995,0.382536459,11.140000,1
20.018411,0.382152964,11.120000,1
20.032066,0.382057090,11.100000,1
20.046001,0.382057090,11.080000,1
20.059778,0.381673595,11.060000,1
20.073907,0.381577721,11.040000,1
20.087432,0.381673595,11.020000,1
20.101389,0.381290100,11.000000,1
20.114993,0.381481847,10.980000,1
20.129337,0.381098352,10.960000,1
20.142637,0.381290100,10.940000,1
20.156233,0.380906604,10.920000,1
20.170643,0.381098352,10.900000,1
20.185055,0.381098352,10.880000,1
20.199100,0.380906604,10.860000,1
20.212617,0.380235488,10.840000,1
20.226198,0.380427235,10.820000,1
20.240285,0.380427235,10.800000,1
20.253759,0.380427235,10.780000,1
20.268297,0.379851993,10.760000,1
20.281836,0.380139614,10.740000,1
20.295691,0.379660245,10.720000,1
20.309158,0.379660245,10.700000,1
20.322962,0.379372624,10.680000,1
20.336677,0.379276750,10.660000,1
20.350266,0.379468497,10.640000,1
20.364010,0.379468497,10.620000,1
20.377819,0.379276750,10.600000,1
20.391257,0.379372624,10.580000,1
20.404987,0.378989128,10.560000,1
20.418522,0.378701507,10.540000,1
20.432348,0.378797381,10.520000,1
20.446233,0.378701507,10.500000,1
20.459985,0.378318012,10.480000,1
20.474195,0.378605633,10.460000,1
20.488051,0.378413886,10.440000,1
20.502017,0.378030390,10.420000,1
20.515473,0.377742769,10.400000,1
20.529562,0.377742769,10.380000,1
20.543380,0.377934517,10.360000,1
20.557388,0.377359274,10.340000,1
20.571118,0.377263400,10.320000,1
20.584939,0.377455148,10.300000,1
20.598852,0.377455148,10.280000,1
20.612789,0.376975779,10.260000,1
20.626727,0.376688157,10.240000,1
20.640491,0.376688157,10.220000,1
20.654669,0.376304662,10.200000,1
20.668616,0.376975779,10.180000,1
20.682634,0.376400536,10.160000,1
20.697118,0.376112914,10.140000,1
20.710686,0.376208788,10.120000,1
20.724889,0.376017041,10.100000,1
20.738747,0.375825293,10.080000,1
20.752536,0.375633545,10.060000,1
20.766250,0.375633545,10.040000,1
20.780159,0.375537672,10.020000,1
20.794035,0.375537672,10.000000,1
20.807388,0.374962429,9.980000,1
20.821540,0.375250050,9.960000,1
20.835469,0.374770681,9.940000,1
20.849141,0.375058303,9.920000,1
20.863102,0.375345924,9.900000,1
20.876812,0.374770681,9.880000,1
20.891325,0.374483060,9.860000,1
20.904714,0.374099565,9.840000,1
20.918339,0.374195438,9.820000,1
20.932048,0.374387186,9.800000,1
20.945846,0.374099565,9.780000,1
20.959401,0.373716069,9.760000,1
20.972794,0.373811943,9.740000,1
20.986472,0.373620196,9.720000,1
21.000460,0.373716069,9.700000,1
21.014405,0.373236700,9.680000,1
21.028215,0.373140827,9.660000,1
21.041645,0.373140827,9.640000,1
21.055345,0.372949079,9.620000,1
21.069681,0.372853205,9.600000,1
21.083523,0.372757331,9.580000,1
21.097353,0.372853205,9.560000,1
21.110805,0.372373836,9.540000,1
21.123995,0.372086215,9.520000,1
21.138552,0.372853205,9.500000,1
21.151731,0.372277962,9.480000,1
21.165680,0.372086215,9.460000,1
21.179654,0.371894467,9.440000,1
21.193316,0.371894467,9.420000,1
21.207601,0.371127477,9.400000,1
21.222513,0.371510972,9.380000,1
21.236253,0.371606846,9.360000,1
21.250136,0.371798593,9.340000,1
21.264284,0.371127477,9.320000,1
21.277841,0.370935729,9.300000,1
21.291998,0.370743982,9.280000,1
21.305835,0.371127477,9.260000,1
21.319505,0.370839855,9.240000,1
21.332801,0.370743982,9.220000,1
21.346582,0.370168739,9.200000,1
21.360885,0.370456360,9.180000,1
21.375113,0.370072865,9.160000,1
21.388918,0.369976991,9.140000,1
21.403010,0.369689370,9.120000,1
21.416935,0.369881117,9.100000,1
21.430664,0.369401748,9.080000,1
21.444730,0.369881117,9.060000,1
21.458689,0.369401748,9.040000,1
21.472697,0.369497622,9.020000,1
21.486232,0.369114127,9.000000,1
21.500560,0.369114127,8.980000,1
21.514507,0.368730632,8.960000,1
21.529399,0.368443010,8.940000,1
21.543881,0.369018253,8.920000,1
21.557296,0.368922379,8.900000,1
21.570542,0.368730632,8.880000,1
21.584941,0.368538884,8.860000,1
21.598425,0.368443010,8.840000,1
21.612174,0.368443010,8.820000,1
21.625881,0.368155389,8.800000,1
21.639235,0.367580146,8.780000,1
21.652669,0.368155389,8.760000,1
21.666063,0.367388399,8.740000,1
21.679351,0.367388399,8.720000,1
21.692894,0.367388399,8.700000,1
21.706899,0.367196651,8.680000,1
21.720487,0.366909030,8.660000,1
21.734016,0.367100777,8.640000,1
21.748154,0.366717282,8.620000,1
21.761726,0.367292525,8.600000,1
21.775223,0.366621408,8.580000,1
21.788979,0.366717282,8.560000,1
21.802312,0.366333787,8.540000,1
21.815753,0.366142039,8.520000,1
21.829543,0.365854418,8.500000,1
21.842830,0.365758544,8.480000,1
21.856552,0.365854418,8.460000,1
21.870299,0.365758544,8.440000,1
21.884346,0.365375049,8.420000,1
21.898464,0.365758544,8.400000,1
21.912052,0.365566797,8.380000,1
21.926664,0.365470923,8.360000,1
21.940578,0.364895680,8.340000,1
21.954353,0.365183301,8.320000,1
21.968354,0.364703932,8.300000,1
21.982709,0.364799806,8.280000,1
21.996388,0.364512185,8.260000,1
22.010206,0.364608059,8.240000,1
22.023328,0.364703932,8.220000,1
22.037082,0.364320437,8.200000,1
22.050100,0.364320437,8.180000,1
22.063115,0.364224563,8.160000,1
22.076074,0.363841068,8.140000,1
22.089227,0.363841068,8.120000,1
22.102178,0.363745194,8.100000,1
22.114735,0.363265825,8.080000,1
22.129060,0.363457573,8.060000,1
22.142675,0.363361699,8.040000,1
22.156358,0.363169952,8.020000,1
22.170378,0.363074078,8.000000,1
22.184063,0.362882330,7.980000,1
22.197987,0.363074078,7.960000,1
22.211573,0.362786456,7.940000,1
22.225238,0.362594709,7.920000,1
22.239228,0.362307087,7.900000,1
22.253225,0.362402961,7.880000,1
22.266629,0.362115340,7.860000,1
22.280391,0.362307087,7.840000,1
22.294449,0.361635971,7.820000,1
22.308335,0.361348349,7.800000,1
22.322209,0.361252476,7.780000,1
22.336181,0.361252476,7.760000,1
22.349695,0.361348349,7.740000,1
22.363778,0.361156602,7.720000,1
22.378378,0.361060728,7.700000,1
22.391811,0.360485485,7.680000,1
22.406067,0.360868980,7.660000,1
22.419928,0.360677233,7.640000,1
22.433597,0.360581359,7.620000,1
22.447274,0.360293738,7.600000,1
22.460576,0.360389611,7.580000,1
22.474670,0.360101990,7.560000,1
22.488942,0.360389611,7.540000,1
22.502872,0.359910242,7.520000,1
22.517014,0.359526747,7.500000,1
22.530783,0.359718495,7.480000,1
22.544346,0.359239126,7.460000,1
22.558050,0.359239126,7.440000,1
22.571900,0.358759757,7.420000,1
22.586361,0.359143252,7.400000,1
22.599614,0.358663883,7.380000,1
22.613076,0.358759757,7.360000,1
22.626708,0.358376262,7.340000,1
22.640347,0.358280388,7.320000,1
22.654201,0.358472135,7.300000,1
22.668140,0.358280388,7.280000,1
22.682025,0.358184514,7.260000,1
22.696270,0.357992766,7.240000,1
22.710242,0.357896893,7.220000,1
22.724022,0.357801019,7.200000,1
22.737601,0.357417524,7.180000,1
22.750960,0.357705145,7.160000,1
22.764626,0.357417524,7.140000,1
22.778241,0.357129902,7.120000,1
22.791784,0.357129902,7.100000,1
22.805293,0.356938155,7.080000,1
22.819453,0.357034028,7.060000,1
22.832998,0.356650533,7.040000,1
22.846811,0.356842281,7.020000,1
22.861094,0.356267038,7.000000,1
22.875453,0.356267038,6.980000,1
22.889055,0.355979417,6.960000,1
22.902761,0.355787669,6.940000,1
22.917042,0.355691795,6.920000,1
22.930668,0.355500048,6.900000,1
22.944414,0.355212426,6.880000,1
22.958454,0.355308300,6.860000,1
22.971944,0.354924805,6.840000,1
22.985486,0.354924805,6.820000,1
22.999093,0.354924805,6.800000,1
23.012713,0.354541310,6.780000,1
23.026465,0.354828931,6.760000,1
23.040210,0.354924805,6.740000,1
23.054069,0.354253688,6.720000,1
23.068238,0.354349562,6.700000,1
23.081645,0.354157814,6.680000,1
23.095429,0.354157814,6.660000,1
23.108831,0.354061941,6.640000,1
23.122765,0.353678445,6.620000,1
23.136831,0.353582572,6.600000,1
23.151128,0.353294950,6.580000,1
23.165260,0.352815581,6.560000,1
23.179297,0.352911455,6.540000,1
23.194104,0.352623834,6.520000,1
23.207700,0.352815581,6.500000,1
23.221923,0.352719707,6.480000,1
23.235625,0.352527960,6.460000,1
23.249352,0.351952717,6.440000,1
23.263373,0.351760969,6.420000,1
23.277004,0.351952717,6.400000,1
23.290762,0.351856843,6.380000,1
23.304020,0.351569222,6.360000,1
23.316848,0.351473348,6.340000,1
23.330322,0.351281600,6.320000,1
23.344096,0.351089853,6.300000,1
23.357407,0.350993979,6.280000,1
23.370889,0.350993979,6.260000,1
23.384360,0.350514610,6.240000,1
23.397873,0.350418736,6.220000,1
23.412068,0.350226989,6.200000,1
23.425839,0.349747620,6.180000,1
23.439461,0.349843493,6.160000,1
23.453414,0.349459998,6.140000,1
23.466514,0.349459998,6.120000,1
23.479514,0.349076503,6.100000,1
23.493701,0.349172377,6.080000,1
23.507054,0.349076503,6.060000,1
23.520389,0.348788882,6.040000,1
23.534075,0.349076503,6.020000,1
23.547766,0.348501260,6.000000,1
23.561501,0.348309513,5.980000,1
23.575236,0.348117765,5.960000,1
23.589405,0.348021891,5.940000,1
23.603366,0.347638396,5.920000,1
23.616808,0.347350775,5.900000,1
23.630484,0.347254901,5.880000,1
23.644135,0.347063153,5.860000,1
23.657780,0.346871406,5.840000,1
23.671644,0.346871406,5.820000,1
23.685830,0.346967279,5.800000,1
23.700089,0.346487910,5.780000,1
23.713826,0.346392037,5.760000,1
23.727069,0.346104415,5.740000,1
23.741014,0.346008541,5.720000,1
23.754417,0.345816794,5.700000,1
23.768049,0.345529172,5.680000,1
23.782061,0.345049803,5.660000,1
23.795974,0.345049803,5.640000,1
23.809359,0.345241551,5.620000,1
23.822990,0.344570434,5.600000,1
23.836987,0.344474561,5.580000,1
23.850575,0.344282813,5.560000,1
23.864544,0.344091065,5.540000,1
23.877655,0.344091065,5.520000,1
23.891487,0.343899318,5.500000,1
23.904918,0.343707570,5.480000,1
23.918620,0.343611696,5.460000,1
23.932194,0.343132327,5.440000,1
23.946362,0.343036454,5.420000,1
23.960073,0.343036454,5.400000,1
23.974177,0.342748832,5.380000,1
23.988183,0.342844706,5.360000,1
24.002204,0.342365337,5.340000,1
24.015776,0.342077716,5.320000,1
24.029993,0.341694221,5.300000,1
24.043241,0.341598347,5.280000,1
24.056828,0.341502473,5.260000,1
24.070443,0.341502473,5.240000,1
24.083816,0.341023104,5.220000,1
24.097048,0.340639609,5.200000,1
24.111159,0.340543735,5.180000,1
24.125186,0.340735483,5.160000,1
24.138860,0.340639609,5.140000,1
24.152388,0.339872618,5.120000,1
24.167010,0.339776745,5.100000,1
24.180860,0.339680871,5.080000,1
24.195176,0.339776745,5.060000,1
24.209121,0.339584997,5.040000,1
24.223247,0.339584997,5.020000,1
24.236718,0.338913880,5.000000,1
24.250699,0.338722133,4.980000,1
24.264956,0.338242764,4.960000,1
24.278772,0.338338638,4.940000,1
24.293019,0.338434511,4.920000,1
24.306766,0.338338638,4.900000,1
24.320284,0.338051016,4.880000,1
24.333992,0.337475773,4.860000,1
24.347478,0.337379900,4.840000,1
24.361787,0.336804657,4.820000,1
24.375311,0.337092278,4.800000,1
24.389398,0.336229414,4.780000,1
24.402916,0.336517035,4.760000,1
24.416535,0.336229414,4.740000,1
24.429615,0.336037666,4.720000,1
24.443352,0.335750045,4.700000,1
24.456874,0.335845919,4.680000,1
24.471165,0.335558297,4.660000,1
24.485205,0.335462424,4.640000,1
24.499481,0.335078928,4.620000,1
24.512691,0.334887181,4.600000,1
24.526640,0.334695433,4.580000,1
24.540843,0.334983055,4.560000,1
24.554428,0.334311938,4.540000,1
24.568405,0.334407812,4.520000,1
24.582261,0.333832569,4.500000,1
24.596054,0.333449074,4.480000,1
24.609793,0.333449074,4.460000,1
24.624090,0.333161452,4.440000,1
24.637874,0.332969705,4.420000,1
24.651525,0.333065579,4.400000,1
24.665270,0.332490336,4.380000,1
24.678998,0.332682083,4.360000,1
24.692721,0.332490336,4.340000,1
24.705889,0.331915093,4.320000,1
24.719763,0.331723345,4.300000,1
24.733320,0.331819219,4.280000,1
24.746677,0.331723345,4.260000,1
24.760429,0.331435724,4.240000,1
24.773788,0.331243976,4.220000,1
24.787242,0.331148103,4.200000,1
24.801188,0.330764607,4.180000,1
24.814884,0.330668734,4.160000,1
24.828525,0.330381112,4.140000,1
24.842373,0.330093491,4.120000,1
24.856176,0.330189365,4.100000,1
24.870380,0.330093491,4.080000,1
24.883813,0.329709996,4.060000,1
24.897997,0.329038879,4.040000,1
24.911410,0.329134753,4.020000,1
24.924967,0.328943005,4.000000,1
24.938672,0.328559510,3.980000,1
24.952374,0.328271889,3.960000,1
24.966016,0.328367762,3.940000,1
24.979936,0.328367762,3.920000,1
24.993772,0.327792520,3.900000,1
25.007809,0.327888393,3.880000,1
25.021649,0.327696646,3.860000,1
25.035728,0.327409024,3.840000,1
25.049135,0.327409024,3.820000,1
25.063174,0.327025529,3.800000,1
25.076904,0.326737908,3.780000,1
25.090550,0.326642034,3.760000,1
25.104552,0.326642034,3.740000,1
25.118259,0.326642034,3.720000,1
25.132174,0.326258539,3.700000,1
25.145852,0.325970917,3.680000,1
25.159838,0.325875044,3.660000,1
25.173509,0.325587422,3.640000,1
25.187483,0.325395675,3.620000,1
25.200687,0.324916306,3.600000,1
25.214315,0.324628684,3.580000,1
25.227870,0.324724558,3.560000,1
25.241599,0.324436937,3.540000,1
25.255637,0.324436937,3.520000,1
25.269451,0.323861694,3.500000,1
25.282992,0.323861694,3.480000,1
25.297170,0.323382325,3.460000,1
25.310957,0.323382325,3.440000,1
25.324960,0.323286451,3.420000,1
25.338658,0.323286451,3.400000,1
25.352588,0.322902956,3.380000,1
25.365776,0.322231839,3.360000,1
25.379393,0.322711208,3.340000,1
25.392823,0.322231839,3.320000,1
25.406836,0.322327713,3.300000,1
25.420863,0.321848344,3.280000,1
25.434643,0.322040092,3.260000,1
25.448442,0.321560723,3.240000,1
25.461963,0.321368975,3.220000,1
25.475881,0.320985480,3.200000,1
25.489868,0.321464849,3.180000,1
25.503957,0.321081354,3.160000,1
25.517804,0.321081354,3.140000,1
25.531266,0.320314363,3.120000,1
25.545780,0.320506111,3.100000,1
25.559951,0.319930868,3.080000,1
25.573545,0.319834994,3.060000,1
25.587267,0.319930868,3.040000,1
25.600791,0.319547373,3.020000,1
25.614219,0.319068004,3.000000,1
25.627841,0.319068004,2.980000,1
25.641298,0.318684509,2.960000,1
25.655118,0.318492761,2.940000,1
25.668626,0.317917518,2.920000,1
25.682491,0.318301013,2.900000,1
25.696213,0.318109266,2.880000,1
25.709747,0.317821644,2.860000,1
25.723058,0.317438149,2.840000,1
25.736725,0.317629897,2.820000,1
25.750601,0.317150528,2.800000,1
25.764126,0.317150528,2.780000,1
25.777540,0.316767033,2.760000,1
25.791005,0.316479411,2.740000,1
25.804824,0.316383538,2.720000,1
25.818456,0.315712421,2.700000,1
25.831600,0.315712421,2.680000,1
25.845600,0.315520673,2.660000,1
25.858914,0.315424800,2.640000,1
25.872770,0.315137178,2.620000,1
25.886598,0.315137178,2.600000,1
25.900311,0.315137178,2.580000,1
25.913931,0.314274314,2.560000,1
25.928238,0.314370188,2.540000,1
25.941740,0.314274314,2.520000,1
25.955336,0.313986693,2.500000,1
25.969369,0.313603197,2.480000,1
25.983121,0.313123828,2.460000,1
25.997346,0.312932081,2.440000,1
26.010893,0.312548586,2.420000,1
26.025101,0.312260964,2.400000,1
26.038794,0.312069217,2.380000,1
26.052273,0.311973343,2.360000,1
26.066202,0.311685721,2.340000,1
26.080258,0.311493974,2.320000,1
26.094264,0.310631110,2.300000,1
26.108297,0.310726983,2.280000,1
26.122058,0.310151741,2.260000,1
26.135837,0.310343488,2.240000,1
26.149828,0.310247614,2.220000,1
26.163543,0.309768245,2.200000,1
26.176971,0.309193003,2.180000,1
26.191047,0.309097129,2.160000,1
26.204556,0.308426012,2.140000,1
26.218640,0.308042517,2.120000,1
26.232514,0.308521886,2.100000,1
26.245955,0.307754896,2.080000,1
26.259522,0.307371400,2.060000,1
26.273301,0.307275527,2.040000,1
26.287150,0.306892031,2.020000,1
26.300543,0.306508536,2.000000,1
26.314630,0.306220915,1.980000,1
26.328427,0.305741546,1.960000,1
26.342238,0.305933293,1.940000,1
26.355868,0.305166303,1.920000,1
26.369441,0.305262177,1.900000,1
26.382986,0.304399313,1.880000,1
26.396394,0.304015817,1.860000,1
26.410177,0.303344701,1.840000,1
26.424343,0.303632322,1.820000,1
26.438211,0.302961206,1.800000,1
26.451913,0.302961206,1.780000,1
26.465241,0.302481837,1.760000,1
26.478786,0.302290089,1.740000,1
26.491792,0.301714846,1.720000,1
26.507666,0.301043730,1.700000,1
26.521188,0.301043730,1.680000,1
26.535475,0.300756108,1.660000,1
26.549335,0.300276739,1.640000,1
26.562924,0.299797370,1.620000,1
26.576727,0.299413875,1.600000,1
26.591768,0.299126254,1.580000,1
26.604779,0.298742758,1.560000,1
26.619056,0.298263389,1.540000,1
26.633197,0.297784020,1.520000,1
26.647144,0.297496399,1.500000,1
26.660942,0.296921156,1.480000,1
26.675139,0.296537661,1.460000,1
26.688636,0.296441787,1.440000,1
26.701854,0.295483049,1.420000,1
26.715267,0.294907806,1.400000,1
26.728124,0.294620185,1.380000,1
26.742557,0.294524311,1.360000,1
26.755885,0.293661447,1.340000,1
26.769423,0.293469699,1.320000,1
26.783622,0.292702709,1.300000,1
26.797092,0.292223340,1.280000,1
26.810715,0.292415088,1.260000,1
26.824810,0.291360476,1.240000,1
26.838746,0.290785233,1.220000,1
26.853153,0.290593486,1.200000,1
26.866893,0.290114117,1.180000,1
26.881018,0.289634748,1.160000,1
26.895328,0.289634748,1.140000,1
26.909193,0.289347126,1.120000,1
26.922786,0.288676010,1.100000,1
26.936485,0.288004893,1.080000,1
26.950258,0.288004893,1.060000,1
26.963960,0.287429650,1.040000,1
26.977689,0.286854407,1.020000,1
26.991656,0.286758534,1.000000,1
27.005627,0.285991543,0.980000,1
27.019329,0.285320427,0.960000,1
27.033171,0.285320427,0.940000,1
27.048075,0.284745184,0.920000,1
27.061640,0.284265815,0.900000,1
27.075962,0.283882320,0.880000,1
27.090832,0.283498824,0.860000,1
27.104722,0.282635960,0.840000,1
27.118244,0.281868970,0.820000,1
27.132184,0.281485475,0.800000,1
27.146088,0.281293727,0.780000,1
27.160413,0.281293727,0.760000,1
27.174113,0.280143241,0.740000,1
27.187577,0.279951494,0.720000,1
27.201395,0.279376251,0.700000,1
27.214744,0.278992756,0.680000,1
27.229414,0.277938144,0.660000,1
27.242550,0.277171154,0.640000,1
27.256182,0.276787658,0.620000,1
27.269850,0.276116542,0.600000,1
27.283650,0.274678435,0.580000,1
27.297118,0.274199066,0.560000,1
27.310515,0.273144454,0.540000,1
27.324404,0.271993968,0.520000,1
27.338185,0.271610473,0.500000,1
27.351744,0.270268240,0.480000,1
27.366212,0.268734259,0.460000,1
27.380074,0.267679647,0.440000,1
27.393587,0.266145667,0.420000,1
27.407462,0.265186929,0.400000,1
27.421121,0.264324065,0.380000,1
27.434905,0.263173579,0.360000,1
27.448897,0.261831346,0.340000,1
27.462364,0.261064355,0.320000,1
27.476021,0.259434501,0.300000,1
27.489692,0.258284015,0.280000,1
27.503151,0.257325277,0.260000,1
27.517241,0.256462413,0.240000,1
27.530803,0.255599549,0.220000,1
27.544511,0.254449063,0.200000,1
27.558219,0.254065568,0.180000,1
27.571854,0.253106830,0.160000,1
27.585840,0.252243966,0.140000,1
27.599422,0.252148092,0.120000,1
27.613015,0.251381102,0.100000,1
27.626956,0.250614111,0.080000,1
27.640648,0.250230616,0.060000,1
27.653934,0.249367752,0.040000,1
27.667909,0.248984257,0.020000,1
27.681744,0.248504888,0.000000,1
27.695123,0.248217266,0.000000,1
27.708575,0.247737897,-0.020000,1
27.722713,0.246491538,-0.040000,1
27.736387,0.246012169,-0.060000,1
27.750123,0.245149305,-0.080000,1
27.763476,0.245436926,-0.100000,1
27.777492,0.244574062,-0.120000,1
27.790912,0.243998819,-0.140000,1
27.804628,0.243519450,-0.160000,1
27.818319,0.242560712,-0.180000,1
27.832130,0.241889595,-0.200000,1
27.845681,0.240834984,-0.220000,1
27.858852,0.240067993,-0.240000,1
27.872573,0.238917508,-0.260000,1
27.886052,0.236808284,-0.280000,1
27.900524,0.235370177,-0.300000,1
27.914670,0.230864109,-0.320000,1
27.928304,0.217537650,-0.340000,1
27.942254,0.205265804,-0.360000,1
27.955933,0.207662649,-0.380000,1
27.969631,0.207087406,-0.400000,1
27.983353,0.206608037,-0.420000,1
27.996801,0.206416290,-0.440000,1
28.010835,0.206032795,-0.460000,1
28.024723,0.205457552,-0.480000,1
28.038455,0.204882309,-0.500000,1
28.052025,0.204115319,-0.520000,1
28.065908,0.203252454,-0.540000,1
28.079584,0.202964833,-0.560000,1
28.093351,0.201718474,-0.580000,1
28.106771,0.201718474,-0.600000,1
28.120763,0.200184493,-0.620000,1
28.135324,0.199225755,-0.640000,1
28.148856,0.198650512,-0.660000,1
28.162287,0.197595900,-0.680000,1
28.176157,0.197404153,-0.700000,1
28.189427,0.196253667,-0.720000,1
28.203057,0.195007308,-0.740000,1
28.216765,0.194240317,-0.760000,1
28.230160,0.193569201,-0.780000,1
28.244250,0.192322841,-0.800000,1
28.258692,0.191268229,-0.820000,1
28.272442,0.190597113,-0.840000,1
28.286136,0.189638375,-0.860000,1
28.299410,0.189350754,-0.880000,1
28.312153,0.188008520,-0.900000,1
28.324975,0.187145656,-0.920000,1
28.338372,0.186378666,-0.940000,1
28.351966,0.184940559,-0.960000,1
28.365354,0.183790073,-0.980000,1
28.378706,0.182351966,-1.000000,1
28.391495,0.181584976,-1.020000,1
28.404902,0.181105607,-1.040000,1
28.418572,0.179763374,-1.060000,1
28.432044,0.178229393,-1.080000,1
28.445494,0.177941771,-1.100000,1
28.459575,0.176695412,-1.120000,1
28.473036,0.176311917,-1.140000,1
28.486698,0.175353179,-1.160000,1
28.501261,0.174682062,-1.180000,1
28.515340,0.174202693,-1.200000,1
28.528799,0.173435703,-1.220000,1
28.542683,0.172956334,-1.240000,1
28.556372,0.172572839,-1.260000,1
28.570073,0.171997596,-1.280000,1
28.584263,0.171038858,-1.300000,1
28.597838,0.171038858,-1.320000,1
28.611524,0.170175994,-1.340000,1
28.625365,0.170463615,-1.360000,1
28.639408,0.169792498,-1.380000,1
28.653159,0.169025508,-1.400000,1
28.666934,0.169025508,-1.420000,1
28.681547,0.168162644,-1.440000,1
28.695397,0.167683275,-1.460000,1
28.709046,0.167491527,-1.480000,1
28.723259,0.166916284,-1.500000,1
28.737081,0.167012158,-1.520000,1
28.750798,0.166245168,-1.540000,1
28.764966,0.165190556,-1.560000,1
28.778714,0.164615313,-1.580000,1
28.792233,0.163944197,-1.600000,1
28.806190,0.163368954,-1.620000,1
28.820407,0.162410216,-1.640000,1
28.834478,0.161067983,-1.660000,1
28.848305,0.160684488,-1.680000,1
28.861849,0.159342254,-1.700000,1
28.875340,0.158479390,-1.720000,1
28.888945,0.157520652,-1.740000,1
28.903096,0.155411429,-1.760000,1
28.916604,0.154260943,-1.780000,1
28.931032,0.152726962,-1.800000,1
28.945214,0.151001234,-1.820000,1
28.959024,0.148796136,-1.840000,1
28.972643,0.148125020,-1.860000,1
28.986267,0.146878660,-1.880000,1
29.000151,0.145536427,-1.900000,1
29.013838,0.144577689,-1.920000,1
29.027478,0.144002446,-1.940000,1
29.041279,0.143043708,-1.960000,1
29.055264,0.141893223,-1.980000,1
29.068718,0.141126232,-2.000000,1
29.082513,0.140646863,-2.020000,1
29.096196,0.139879873,-2.040000,1
29.109699,0.139112883,-2.060000,1
29.124329,0.138537640,-2.080000,1
29.138224,0.138154145,-2.100000,1
29.150822,0.137578902,-2.120000,1
29.164522,0.137387154,-2.140000,1
29.178608,0.136428416,-2.160000,1
29.193748,0.135757300,-2.180000,1
29.207417,0.135182057,-2.200000,1
29.220243,0.135086183,-2.220000,1
29.233913,0.134319193,-2.240000,1
29.247339,0.134319193,-2.260000,1
29.260638,0.133935698,-2.280000,1
29.274339,0.132881086,-2.300000,1
29.289562,0.132785212,-2.320000,1
29.303091,0.132209969,-2.340000,1
29.316853,0.131922348,-2.360000,1
29.330013,0.131634726,-2.380000,1
29.343443,0.130675988,-2.400000,1
29.357393,0.130580115,-2.420000,1
29.371216,0.130004872,-2.440000,1
29.384388,0.129142008,-2.460000,1
29.399817,0.128950260,-2.480000,1
29.413549,0.128758512,-2.500000,1
29.427490,0.127991522,-2.520000,1
29.440461,0.127799774,-2.540000,1
29.453417,0.127320405,-2.560000,1
29.466659,0.126936910,-2.580000,1
29.480988,0.126553415,-2.600000,1
29.494437,0.125690551,-2.620000,1
29.507650,0.125498803,-2.640000,1
29.520775,0.125019434,-2.660000,1
29.534701,0.124540065,-2.680000,1
29.548154,0.124252444,-2.700000,1
29.561553,0.123964822,-2.720000,1
29.576306,0.123389580,-2.740000,1
29.590261,0.123006084,-2.760000,1
29.604380,0.122430842,-2.780000,1
29.618586,0.121472104,-2.800000,1
29.632509,0.121088608,-2.820000,1
29.646244,0.120609239,-2.840000,1
29.659979,0.119938123,-2.860000,1
29.674571,0.119458754,-2.880000,1
29.688306,0.118787637,-2.900000,1
29.702296,0.118691763,-2.920000,1
29.716366,0.118020647,-2.940000,1
29.730253,0.117637152,-2.960000,1
29.744339,0.116678414,-2.980000,1
29.758816,0.116103171,-3.000000,1
29.773374,0.116007297,-3.020000,1
29.787435,0.115719676,-3.040000,1
29.801148,0.115144433,-3.060000,1
29.814905,0.114856811,-3.080000,1
29.829126,0.114377442,-3.100000,1
29.843342,0.113706326,-3.120000,1
29.858127,0.113226957,-3.140000,1
29.871691,0.112843462,-3.160000,1
29.885271,0.112364093,-3.180000,1
29.899669,0.111884724,-3.200000,1
29.913370,0.111405355,-3.220000,1
29.927311,0.110925986,-3.240000,1
29.941007,0.110446617,-3.260000,1
29.954632,0.109871374,-3.280000,1
29.968517,0.109392005,-3.300000,1
29.982329,0.108912636,-3.320000,1
29.996384,0.108529141,-3.340000,1
30.009866,0.108145646,-3.360000,1
30.023545,0.107858024,-3.380000,1
30.036952,0.107186908,-3.400000,1
30.050351,0.106899286,-3.420000,1
30.064009,0.105748801,-3.440000,1
30.077761,0.105652927,-3.460000,1
30.091208,0.105269432,-3.480000,1
30.105151,0.105077684,-3.500000,1
30.118757,0.104694189,-3.520000,1
30.132363,0.103831325,-3.540000,1
30.147441,0.103735451,-3.560000,1
30.161795,0.103447829,-3.580000,1
30.174569,0.102968460,-3.600000,1
30.187402,0.102297344,-3.620000,1
30.200488,0.101817975,-3.640000,1
30.213603,0.101817975,-3.660000,1
30.227087,0.100955111,-3.680000,1
30.240460,0.100667489,-3.700000,1
30.253668,0.100283994,-3.720000,1
30.267534,0.100475742,-3.740000,1
30.280539,0.099900499,-3.760000,1
30.294240,0.099229382,-3.780000,1
30.308158,0.099133508,-3.800000,1
30.321649,0.098750013,-3.820000,1
30.335529,0.098558266,-3.840000,1
30.349237,0.097887149,-3.860000,1
30.362421,0.097599528,-3.880000,1
30.376388,0.097216032,-3.900000,1
30.389941,0.096736663,-3.920000,1
30.403452,0.096928411,-3.940000,1
30.417477,0.096353168,-3.960000,1
30.431520,0.096065547,-3.980000,1
30.445226,0.095586178,-4.000000,1
30.458545,0.095202683,-4.020000,1
30.472678,0.094819187,-4.040000,1
30.486549,0.094723314,-4.060000,1
30.500016,0.093956323,-4.080000,1
30.513247,0.093764576,-4.100000,1
30.526412,0.093285207,-4.120000,1
30.539158,0.092901711,-4.140000,1
30.552131,0.092709964,-4.160000,1
30.565961,0.091942973,-4.180000,1
30.579871,0.091942973,-4.200000,1
30.593596,0.091463604,-4.220000,1
30.607166,0.091271857,-4.240000,1
30.621016,0.090408993,-4.260000,1
30.635471,0.090025497,-4.280000,1
30.649189,0.090025497,-4.300000,1
30.663129,0.089642002,-4.320000,1
30.677137,0.089546128,-4.340000,1
30.690574,0.088779138,-4.360000,1
30.705192,0.088587391,-4.380000,1
30.719347,0.088203895,-4.400000,1
30.733177,0.088108022,-4.420000,1
30.746838,0.087532779,-4.440000,1
30.760553,0.087245157,-4.460000,1
30.773981,0.086286419,-4.480000,1
30.787454,0.086478167,-4.500000,1
30.801185,0.085998798,-4.520000,1
30.814876,0.085423555,-4.540000,1
30.828673,0.085423555,-4.560000,1
30.842552,0.085231808,-4.580000,1
30.856268,0.084464817,-4.600000,1
30.870364,0.083889574,-4.620000,1
30.883682,0.083601953,-4.640000,1
30.897997,0.083506079,-4.660000,1
30.911542,0.083122584,-4.680000,1
30.925527,0.082547341,-4.700000,1
30.939149,0.082643215,-4.720000,1
30.952546,0.082163846,-4.740000,1
30.966557,0.082067972,-4.760000,1
30.979986,0.081876225,-4.780000,1
30.993569,0.081013360,-4.800000,1
31.007668,0.080917487,-4.820000,1
31.021430,0.080533991,-4.840000,1
31.035515,0.080150496,-4.860000,1
31.049684,0.080342244,-4.880000,1
31.063690,0.079479380,-4.900000,1
31.077477,0.079000011,-4.920000,1
31.090990,0.079000011,-4.940000,1
31.105231,0.078520642,-4.960000,1
31.118706,0.077849525,-4.980000,1
31.132355,0.077753651,-5.000000,1
31.146180,0.077178408,-5.020000,1
31.160348,0.076794913,-5.040000,1
31.173687,0.076219670,-5.060000,1
31.187268,0.075932049,-5.080000,1
31.200779,0.075548554,-5.100000,1
31.214641,0.075356806,-5.120000,1
31.227993,0.075260932,-5.140000,1
31.241896,0.074781563,-5.160000,1
31.255874,0.074302194,-5.180000,1
31.269569,0.073822825,-5.200000,1
31.282797,0.073343456,-5.220000,1
31.296952,0.073247583,-5.240000,1
31.310685,0.072576466,-5.260000,1
31.324687,0.072384718,-5.280000,1
31.338410,0.072384718,-5.300000,1
31.352519,0.072288845,-5.320000,1
31.366104,0.071617728,-5.340000,1
31.379686,0.071234233,-5.360000,1
31.393456,0.070563116,-5.380000,1
31.407112,0.070083747,-5.400000,1
31.420378,0.070371369,-5.420000,1
31.434170,0.069796126,-5.440000,1
31.448395,0.069508504,-5.460000,1
31.462012,0.068933262,-5.480000,1
31.476050,0.068549766,-5.500000,1
31.490197,0.068453893,-5.520000,1
31.503959,0.068070397,-5.540000,1
31.517727,0.067686902,-5.560000,1
31.531881,0.067495155,-5.580000,1
31.545531,0.067111659,-5.600000,1
31.559644,0.067015786,-5.620000,1
31.573737,0.066057048,-5.640000,1
31.587563,0.066440543,-5.660000,1
31.601441,0.065769426,-5.680000,1
31.615564,0.065673552,-5.700000,1
31.629556,0.065098310,-5.720000,1
31.643804,0.064810688,-5.740000,1
31.657849,0.064906562,-5.760000,1
31.671497,0.064618941,-5.780000,1
31.685975,0.064139572,-5.800000,1
31.699089,0.063468455,-5.820000,1
31.713025,0.063851950,-5.840000,1
31.726439,0.062893212,-5.860000,1
31.740555,0.062797339,-5.880000,1
31.755738,0.062605591,-5.900000,1
31.769256,0.062030348,-5.920000,1
31.783429,0.061646853,-5.940000,1
31.797878,0.061167484,-5.960000,1
31.812269,0.061550979,-5.980000,1
31.825887,0.061455105,-6.000000,1
31.840517,0.061359232,-6.020000,1
31.853864,0.060304620,-6.040000,1
31.866803,0.060112872,-6.060000,1
31.880502,0.060112872,-6.080000,1
31.894253,0.059729377,-6.100000,1
31.908145,0.059441756,-6.120000,1
31.921856,0.059250008,-6.140000,1
31.936437,0.058674765,-6.160000,1
31.950118,0.058483018,-6.180000,1
31.963755,0.058770639,-6.200000,1
31.977250,0.058099522,-6.220000,1
31.991060,0.057811901,-6.240000,1
32.004780,0.057907775,-6.260000,1
32.018188,0.057620153,-6.280000,1
32.032261,0.057044911,-6.300000,1
32.045964,0.056853163,-6.320000,1
32.059966,0.056949037,-6.340000,1
32.073877,0.056661415,-6.360000,1
32.087599,0.056757289,-6.380000,1
32.101496,0.056086173,-6.400000,1
32.115524,0.056086173,-6.420000,1
32.129738,0.055510930,-6.440000,1
32.143541,0.055223308,-6.460000,1
32.157347,0.055127435,-6.480000,1
32.170800,0.054839813,-6.500000,1
32.184472,0.055031561,-6.520000,1
32.198592,0.054648066,-6.540000,1
32.212058,0.054456318,-6.560000,1
32.225554,0.054168697,-6.580000,1
32.239633,0.053593454,-6.600000,1
32.253406,0.053497580,-6.620000,1
32.266730,0.053114085,-6.640000,1
32.280346,0.052826463,-6.660000,1
32.293692,0.052538842,-6.680000,1
32.307318,0.051963599,-6.700000,1
32.321333,0.052347094,-6.720000,1
32.335170,0.051675978,-6.740000,1
32.349199,0.051484230,-6.760000,1
32.363088,0.051484230,-6.780000,1
32.376742,0.050908987,-6.800000,1
32.390627,0.051196609,-6.820000,1
32.404940,0.050621366,-6.840000,1
32.418834,0.050046123,-6.860000,1
32.433299,0.049758502,-6.880000,1
32.446450,0.049758502,-6.900000,1
32.459909,0.049279133,-6.920000,1
32.473377,0.048703890,-6.940000,1
32.486604,0.048991511,-6.960000,1
32.500880,0.048416269,-6.980000,1
32.514797,0.048799764,-7.000000,1
32.528951,0.048128647,-7.020000,1
32.543018,0.048128647,-7.040000,1
32.556230,0.047361657,-7.060000,1
32.569852,0.047265783,-7.080000,1
32.583961,0.047074035,-7.100000,1
32.597790,0.046594666,-7.120000,1
32.610951,0.046690540,-7.140000,1
32.625082,0.046307045,-7.160000,1
32.638605,0.045827676,-7.180000,1
32.652250,0.045540055,-7.200000,1
32.665906,0.045444181,-7.220000,1
32.680075,0.044773064,-7.240000,1
32.693946,0.044773064,-7.260000,1
32.708056,0.044101948,-7.280000,1
32.721883,0.043718452,-7.300000,1
32.735415,0.044101948,-7.320000,1
32.748717,0.043622579,-7.340000,1
32.762328,0.043430831,-7.360000,1
32.776190,0.042759714,-7.380000,1
32.790747,0.042951462,-7.400000,1
32.804579,0.042280345,-7.420000,1
32.818469,0.041992724,-7.440000,1
32.832662,0.041609229,-7.460000,1
32.846546,0.041609229,-7.480000,1
32.860327,0.041129860,-7.500000,1
32.874349,0.040938112,-7.520000,1
32.888246,0.041033986,-7.540000,1
32.902223,0.040650491,-7.560000,1
32.916698,0.040458743,-7.580000,1
32.930453,0.039595879,-7.600000,1
32.944332,0.039883500,-7.620000,1
32.957821,0.039212384,-7.640000,1
32.971486,0.038828889,-7.660000,1
32.986975,0.039020636,-7.680000,1
33.000659,0.038828889,-7.700000,1
33.014524,0.038061898,-7.720000,1
33.028521,0.037774277,-7.740000,1
33.041771,0.037774277,-7.760000,1
33.055318,0.037582529,-7.780000,1
33.069659,0.037294908,-7.800000,1
33.083305,0.037103160,-7.820000,1
33.097822,0.036911413,-7.840000,1
33.112054,0.036336170,-7.860000,1
33.126016,0.036240296,-7.880000,1
33.139849,0.036048549,-7.900000,1
33.153846,0.035665053,-7.920000,1
33.167347,0.035377432,-7.940000,1
33.180596,0.035473306,-7.960000,1
33.194457,0.034993937,-7.980000,1
33.208556,0.034706315,-8.000000,1
33.222105,0.034322820,-8.020000,1
33.235425,0.034035199,-8.040000,1
33.248989,0.034035199,-8.060000,1
33.262798,0.033843451,-8.080000,1
33.277688,0.033364082,-8.100000,1
33.290954,0.033172335,-8.120000,1
33.303878,0.032597092,-8.140000,1
33.316936,0.033076461,-8.160000,1
33.330048,0.032021849,-8.180000,1
33.343326,0.032021849,-8.200000,1
33.356631,0.032021849,-8.220000,1
33.370509,0.031734228,-8.240000,1
33.383664,0.031830101,-8.260000,1
33.397501,0.031158985,-8.280000,1
33.411267,0.031158985,-8.300000,1
33.424984,0.030391994,-8.320000,1
33.438491,0.030296121,-8.340000,1
33.451844,0.030200247,-8.360000,1
33.465706,0.030008499,-8.380000,1
33.479115,0.029912625,-8.400000,1
33.493139,0.029433256,-8.420000,1
33.506912,0.029241509,-8.440000,1
33.521155,0.029049761,-8.460000,1
33.534487,0.028666266,-8.480000,1
33.548619,0.028666266,-8.500000,1
33.563357,0.028378645,-8.520000,1
33.577037,0.028091023,-8.540000,1
33.590347,0.027899276,-8.560000,1
33.604653,0.027611654,-8.580000,1
33.618472,0.027419907,-8.600000,1
33.632943,0.027228159,-8.620000,1
33.648093,0.027132285,-8.640000,1
33.661280,0.027036411,-8.660000,1
33.675048,0.026557042,-8.680000,1
33.689065,0.026365295,-8.700000,1
33.702840,0.026365295,-8.720000,1
33.716461,0.026077673,-8.740000,1
33.730110,0.025598304,-8.760000,1
33.744329,0.025598304,-8.780000,1
33.757888,0.024735440,-8.800000,1
33.772766,0.024639566,-8.820000,1
33.786692,0.024735440,-8.840000,1
33.800238,0.024447819,-8.860000,1
33.813810,0.024064324,-8.880000,1
33.827417,0.024256071,-8.900000,1
33.841182,0.023680828,-8.920000,1
33.856243,0.023776702,-8.940000,1
33.870159,0.023297333,-8.960000,1
33.883865,0.022722090,-8.980000,1
33.897786,0.022626217,-9.000000,1
33.911500,0.022913838,-9.020000,1
33.925711,0.022434469,-9.040000,1
33.939262,0.022338595,-9.060000,1
33.953090,0.022242721,-9.080000,1
33.966400,0.021667479,-9.100000,1
33.980717,0.021283983,-9.120000,1
33.995068,0.020804614,-9.140000,1
34.008952,0.020900488,-9.160000,1
34.022598,0.020516993,-9.180000,1
34.036959,0.020133498,-9.200000,1
34.050942,0.020229372,-9.220000,1
34.064316,0.019845876,-9.240000,1
34.078189,0.019558255,-9.260000,1
34.092207,0.018983012,-9.280000,1
34.106005,0.018887138,-9.300000,1
34.119905,0.018695391,-9.320000,1
34.133886,0.018695391,-9.340000,1
34.147890,0.018599517,-9.360000,1
34.162066,0.018216022,-9.380000,1
34.175435,0.017928400,-9.400000,1
34.189247,0.017640779,-9.420000,1
34.203121,0.017449031,-9.440000,1
34.217493,0.017353158,-9.460000,1
34.231299,0.017353158,-9.480000,1
34.245470,0.016586167,-9.500000,1
34.259788,0.016394420,-9.520000,1
34.273271,0.015627429,-9.540000,1
34.286884,0.015243934,-9.560000,1
34.301039,0.015435682,-9.580000,1
34.314477,0.015052186,-9.600000,1
34.328498,0.014476944,-9.620000,1
34.343518,0.014093448,-9.640000,1
34.356730,0.014189322,-9.660000,1
34.370921,0.013614079,-9.680000,1
34.385732,0.013230584,-9.700000,1
34.398940,0.012942963,-9.720000,1
34.412493,0.012847089,-9.740000,1
34.425948,0.012175973,-9.760000,1
34.439689,0.011984225,-9.780000,1
34.452819,0.011504856,-9.800000,1
34.466531,0.011313108,-9.820000,1
34.479857,0.010833739,-9.840000,1
34.493959,0.010833739,-9.860000,1
34.507254,0.011025487,-9.880000,1
34.521164,0.010162623,-9.900000,1
34.535234,0.009779128,-9.920000,1
34.549158,0.009299759,-9.940000,1
34.562593,0.009491506,-9.960000,1
34.576444,0.008628642,-9.980000,1
34.589928,0.008245147,-10.000000,1
34.603574,0.007765778,-10.020000,1
34.617344,0.007861652,-10.040000,1
34.631326,0.007286409,-10.060000,1
34.645044,0.007190535,-10.080000,1
34.659052,0.006519418,-10.100000,1
34.672773,0.005944176,-10.120000,1
34.686415,0.006040049,-10.140000,1
34.700171,0.005560680,-10.160000,1
34.713495,0.005368933,-10.180000,1
34.727302,0.004889564,-10.200000,1
34.741364,0.004314321,-10.220000,1
34.754938,0.003834952,-10.240000,1
34.769091,0.003643204,-10.260000,1
34.782616,0.003355583,-10.280000,1
34.796422,0.002876214,-10.300000,1
34.809818,0.002396845,-10.320000,1
34.824132,0.002396845,-10.340000,1
34.837683,0.001438107,-10.360000,1
34.851064,0.001246359,-10.380000,1
34.864770,0.001246359,-10.400000,1
34.878217,0.000191748,-10.420000,1
34.891480,0.000383495,-10.440000,1
34.905909,-0.000383495,-10.460000,1
34.919237,-0.000575243,-10.480000,1
34.933005,-0.001342233,-10.500000,1
34.946338,-0.001150486,-10.520000,1
34.960089,-0.001725728,-10.540000,1
34.973728,-0.001821602,-10.560000,1
34.987429,-0.002876214,-10.580000,1
35.001102,-0.002876214,-10.600000,1
35.014860,-0.003547331,-10.620000,1
35.028986,-0.003834952,-10.640000,1
35.042468,-0.004218447,-10.660000,1
35.056396,-0.004506069,-10.680000,1
35.070280,-0.004601942,-10.700000,1
35.083817,-0.005368933,-10.720000,1
35.098379,-0.005656554,-10.740000,1
35.112869,-0.006135923,-10.760000,1
35.127150,-0.006135923,-10.780000,1
35.140726,-0.006807040,-10.800000,1
35.154519,-0.007286409,-10.820000,1
35.169127,-0.007574030,-10.840000,1
35.182585,-0.008053399,-10.860000,1
35.195958,-0.007957525,-10.880000,1
35.209466,-0.008724516,-10.900000,1
35.223283,-0.009299759,-10.920000,1
35.237362,-0.009108011,-10.940000,1
35.250683,-0.009395632,-10.960000,1
35.264373,-0.009875001,-10.980000,1
35.278374,-0.009875001,-11.000000,1
35.292125,-0.010546118,-11.020000,1
35.306110,-0.010737866,-11.040000,1
35.319932,-0.010929613,-11.060000,1
35.334183,-0.011313108,-11.080000,1
35.347255,-0.011888351,-11.100000,1
35.360566,-0.011696604,-11.120000,1
35.374395,-0.012175973,-11.140000,1
35.387683,-0.012271846,-11.160000,1
35.401498,-0.012847089,-11.180000,1
35.416011,-0.012847089,-11.200000,1
35.429880,-0.012655342,-11.220000,1
35.443445,-0.013326458,-11.240000,1
35.458812,-0.013518206,-11.260000,1
35.472204,-0.014093448,-11.280000,1
35.485939,-0.014093448,-11.300000,1
35.499979,-0.014189322,-11.320000,1
35.513595,-0.014476944,-11.340000,1
35.527130,-0.014956313,-11.360000,1
35.541662,-0.015148060,-11.380000,1
35.555527,-0.015148060,-11.400000,1
35.569470,-0.015339808,-11.420000,1
35.583148,-0.016202672,-11.440000,1
35.596388,-0.016106798,-11.460000,1
35.610667,-0.016394420,-11.480000,1
35.624313,-0.016586167,-11.500000,1
35.638289,-0.016682041,-11.520000,1
35.651675,-0.017353158,-11.540000,1
35.665812,-0.017640779,-11.560000,1
35.679626,-0.017449031,-11.580000,1
35.693409,-0.017832527,-11.600000,1
35.706761,-0.018503643,-11.620000,1
35.720694,-0.018216022,-11.640000,1
35.734383,-0.019174760,-11.660000,1
35.748057,-0.018983012,-11.680000,1
35.762496,-0.019174760,-11.700000,1
35.775863,-0.019750003,-11.720000,1
35.789622,-0.019654129,-11.740000,1
35.803962,-0.019845876,-11.760000,1
35.817410,-0.020325245,-11.780000,1
35.831786,-0.020325245,-11.800000,1
35.845986,-0.020996362,-11.820000,1
35.859320,-0.021092236,-11.840000,1
35.872734,-0.021188110,-11.860000,1
35.886416,-0.021667479,-11.880000,1
35.901107,-0.021667479,-11.900000,1
35.914275,-0.022050974,-11.920000,1
35.927882,-0.022146848,-11.940000,1
35.942378,-0.022530343,-11.960000,1
35.956336,-0.022817964,-11.980000,1
35.970130,-0.023201459,-12.000000,1
35.984044,-0.023297333,-12.020000,1
35.998331,-0.023776702,-12.040000,1
36.011699,-0.024160197,-12.060000,1
36.025871,-0.024160197,-12.080000,1
36.039284,-0.024543693,-12.100000,1
36.053927,-0.024447819,-12.120000,1
36.067365,-0.024927188,-12.140000,1
36.081604,-0.025214809,-12.160000,1
36.095042,-0.025598304,-12.180000,1
36.108642,-0.025885926,-12.200000,1
36.122683,-0.026461169,-12.220000,1
36.136385,-0.026652916,-12.240000,1
36.150495,-0.026940538,-12.260000,1
36.164308,-0.026940538,-12.280000,1
36.178370,-0.027228159,-12.300000,1
36.192093,-0.027707528,-12.320000,1
36.207264,-0.027707528,-12.340000,1
36.221119,-0.027899276,-12.360000,1
36.234433,-0.028570392,-12.380000,1
36.248152,-0.028858014,-12.400000,1
36.261496,-0.028953887,-12.420000,1
36.275508,-0.029145635,-12.440000,1
36.289191,-0.029625004,-12.460000,1
36.302979,-0.030296121,-12.480000,1
36.316563,-0.030583742,-12.500000,1
36.330307,-0.030583742,-12.520000,1
36.344087,-0.030967237,-12.540000,1
36.357519,-0.031350732,-12.560000,1
36.371455,-0.031925975,-12.580000,1
36.384596,-0.032309470,-12.600000,1
36.398348,-0.032309470,-12.620000,1
36.411581,-0.032692966,-12.640000,1
36.425839,-0.033364082,-12.660000,1
36.439241,-0.033459956,-12.680000,1
36.452884,-0.033843451,-12.700000,1
36.466358,-0.034514568,-12.720000,1
36.480477,-0.034322820,-12.740000,1
36.493898,-0.034993937,-12.760000,1
36.507834,-0.034898063,-12.780000,1
36.522617,-0.035569180,-12.800000,1
36.536327,-0.036240296,-12.820000,1
36.549679,-0.036527918,-12.840000,1
36.563913,-0.037007287,-12.860000,1
36.577606,-0.037390782,-12.880000,1
36.591297,-0.037966025,-12.900000,1
36.605304,-0.037966025,-12.920000,1
36.619435,-0.038733015,-12.940000,1
36.633711,-0.039308258,-12.960000,1
36.647911,-0.039691753,-12.980000,1
36.661293,-0.040362869,-13.000000,1
36.674774,-0.040458743,-13.020000,1
36.688591,-0.041033986,-13.040000,1
36.701892,-0.041513355,-13.060000,1
36.715529,-0.042280345,-13.080000,1
36.728925,-0.042280345,-13.100000,1
36.742569,-0.042759714,-13.120000,1
36.755872,-0.043143210,-13.140000,1
36.770027,-0.044006074,-13.160000,1
36.783012,-0.044293695,-13.180000,1
36.796777,-0.044964812,-13.200000,1
36.810425,-0.045156559,-13.220000,1
36.824274,-0.045540055,-13.240000,1
36.837963,-0.046307045,-13.260000,1
36.852250,-0.046498793,-13.280000,1
36.866443,-0.047649278,-13.300000,1
36.880610,-0.047649278,-13.320000,1
36.894692,-0.048224521,-13.340000,1
36.908423,-0.048416269,-13.360000,1
36.922100,-0.049087385,-13.380000,1
36.936347,-0.049470880,-13.400000,1
36.950206,-0.049662628,-13.420000,1
36.964583,-0.050333745,-13.440000,1
36.978818,-0.050908987,-13.460000,1
36.992451,-0.051580104,-13.480000,1
37.006264,-0.051867725,-13.500000,1
37.020021,-0.052059473,-13.520000,1
37.033581,-0.053114085,-13.540000,1
37.047024,-0.053209959,-13.560000,1
37.060583,-0.053785201,-13.580000,1
37.074199,-0.054456318,-13.600000,1
37.088062,-0.055319182,-13.620000,1
37.102477,-0.055319182,-13.640000,1
37.115825,-0.055702677,-13.660000,1
37.129707,-0.056086173,-13.680000,1
37.143667,-0.056661415,-13.700000,1
37.157687,-0.057044911,-13.720000,1
37.171788,-0.057716027,-13.740000,1
37.185370,-0.058003649,-13.760000,1
37.198892,-0.058483018,-13.780000,1
37.213355,-0.059058260,-13.800000,1
37.227167,-0.059825251,-13.820000,1
37.240742,-0.059825251,-13.840000,1
37.254914,-0.060496367,-13.860000,1
37.268563,-0.061550979,-13.880000,1
37.282375,-0.061934474,-13.900000,1
37.296213,-0.062317970,-13.920000,1
37.309752,-0.063180834,-13.940000,1
37.323016,-0.063276708,-13.960000,1
37.337090,-0.063947824,-13.980000,1
37.350707,-0.064906562,-14.000000,1
37.364251,-0.065577679,-14.020000,1
37.378463,-0.066536417,-14.040000,1
37.392087,-0.066824038,-14.060000,1
37.405864,-0.067591028,-14.080000,1
37.420062,-0.068166271,-14.100000,1
37.433777,-0.069029135,-14.120000,1
37.447699,-0.069892000,-14.140000,1
37.462046,-0.070563116,-14.160000,1
37.475409,-0.071809476,-14.180000,1
37.489436,-0.072097097,-14.200000,1
37.503052,-0.072959961,-14.220000,1
37.516562,-0.074302194,-14.240000,1
37.530020,-0.075260932,-14.260000,1
37.544050,-0.076027923,-14.280000,1
37.558469,-0.076890787,-14.300000,1
37.572312,-0.078424768,-14.320000,1
37.585469,-0.079383506,-14.340000,1
37.598912,-0.080150496,-14.360000,1
37.612637,-0.081300982,-14.380000,1
37.626668,-0.082739089,-14.400000,1
37.640221,-0.083410205,-14.420000,1
37.654021,-0.084273070,-14.440000,1
37.667784,-0.085423555,-14.460000,1
37.681620,-0.085998798,-14.480000,1
37.695220,-0.086861662,-14.500000,1
37.709339,-0.087245157,-14.520000,1
37.722565,-0.088108022,-14.540000,1
37.735956,-0.088395643,-14.560000,1
37.749771,-0.089354381,-14.580000,1
37.763179,-0.090313119,-14.600000,1
37.776410,-0.090600740,-14.620000,1
37.789851,-0.091271857,-14.640000,1
37.803866,-0.090888362,-14.660000,1
37.817668,-0.091942973,-14.680000,1
37.831441,-0.092038847,-14.700000,1
37.845624,-0.092805838,-14.720000,1
37.859165,-0.093381080,-14.740000,1
37.872769,-0.093572828,-14.760000,1
37.887094,-0.093668702,-14.780000,1
37.900588,-0.094339818,-14.800000,1
37.914195,-0.094435692,-14.820000,1
37.927610,-0.094723314,-14.840000,1
37.941578,-0.095010935,-14.860000,1
37.955173,-0.095586178,-14.880000,1
37.969154,-0.095777925,-14.900000,1
37.983032,-0.096065547,-14.920000,1
37.996210,-0.095969673,-14.940000,1
38.010301,-0.096257294,-14.960000,1
38.023986,-0.096928411,-14.980000,1
38.037877,-0.097120159,-15.000000,1
38.051499,-0.097120159,-15.020000,1
38.065626,-0.097407780,-15.040000,1
38.078918,-0.097791275,-15.060000,1
38.092832,-0.097887149,-15.080000,1
38.106683,-0.098174770,-15.100000,1
38.120054,-0.098654139,-15.120000,1
38.133840,-0.098174770,-15.140000,1
38.148324,-0.098750013,-15.160000,1
38.161689,-0.099133508,-15.180000,1
38.175099,-0.099421130,-15.200000,1
38.188641,-0.099421130,-15.220000,1
38.202101,-0.100188120,-15.240000,1
38.215649,-0.099996373,-15.260000,1
38.229120,-0.100283994,-15.280000,1
38.242752,-0.100283994,-15.300000,1
38.256765,-0.100379868,-15.320000,1
38.270127,-0.100763363,-15.340000,1
38.284189,-0.101338606,-15.360000,1
38.297415,-0.101242732,-15.380000,1
38.310595,-0.101434480,-15.400000,1
38.323636,-0.102009722,-15.420000,1
38.336813,-0.101913849,-15.440000,1
38.350182,-0.101626227,-15.460000,1
38.364104,-0.102297344,-15.480000,1
38.378234,-0.102680839,-15.500000,1
38.391175,-0.102584965,-15.520000,1
38.405409,-0.102489091,-15.540000,1
38.419037,-0.103447829,-15.560000,1
38.433899,-0.103160208,-15.580000,1
38.447078,-0.103735451,-15.600000,1
38.460842,-0.103735451,-15.620000,1
38.474753,-0.104118946,-15.640000,1
38.488403,-0.103831325,-15.660000,1
38.502210,-0.104310694,-15.680000,1
38.516135,-0.104406567,-15.700000,1
38.529321,-0.104502441,-15.720000,1
38.542772,-0.104981810,-15.740000,1
38.556049,-0.105269432,-15.760000,1
38.570210,-0.104981810,-15.780000,1
38.584469,-0.105844674,-15.800000,1
38.598208,-0.105557053,-15.820000,1
38.612439,-0.105461179,-15.840000,1
38.626335,-0.105940548,-15.860000,1
38.640270,-0.106707539,-15.880000,1
38.654621,-0.106515791,-15.900000,1
38.668765,-0.107091034,-15.920000,1
38.682875,-0.107186908,-15.940000,1
38.696983,-0.107091034,-15.960000,1
38.710435,-0.107282781,-15.980000,1
38.724316,-0.107570403,-16.000000,1
38.738821,-0.108049772,-16.020000,1
38.752523,-0.108049772,-16.040000,1
38.765981,-0.108049772,-16.060000,1
38.779583,-0.107953898,-16.080000,1
38.793182,-0.108337393,-16.100000,1
38.806622,-0.108433267,-16.120000,1
38.820907,-0.108720888,-16.140000,1
38.834241,-0.108720888,-16.160000,1
38.847555,-0.109104384,-16.180000,1
38.861541,-0.109583753,-16.200000,1
38.875371,-0.109008510,-16.220000,1
38.889394,-0.109871374,-16.240000,1
38.902928,-0.110254869,-16.260000,1
38.916358,-0.110446617,-16.280000,1
38.930896,-0.110638364,-16.300000,1
38.944396,-0.110638364,-16.320000,1
38.957990,-0.111021860,-16.340000,1
38.971400,-0.110925986,-16.360000,1
38.985089,-0.111021860,-16.380000,1
38.998809,-0.111213607,-16.400000,1
39.012803,-0.111980598,-16.420000,1
39.026843,-0.112364093,-16.440000,1
39.040782,-0.112172345,-16.460000,1
39.054879,-0.112364093,-16.480000,1
39.068387,-0.112172345,-16.500000,1
39.081776,-0.112939336,-16.520000,1
39.095437,-0.112939336,-16.540000,1
39.109087,-0.113418705,-16.560000,1
39.123774,-0.113610452,-16.580000,1
39.136912,-0.113706326,-16.600000,1
39.150717,-0.113706326,-16.620000,1
39.164706,-0.114377442,-16.640000,1
39.178511,-0.114760938,-16.660000,1
39.191691,-0.114665064,-16.680000,1
39.205828,-0.114856811,-16.700000,1
39.219485,-0.114856811,-16.720000,1
39.233132,-0.115240307,-16.740000,1
39.246763,-0.115240307,-16.760000,1
39.260250,-0.115432054,-16.780000,1
39.274578,-0.116199045,-16.800000,1
39.288206,-0.116103171,-16.820000,1
39.301804,-0.116199045,-16.840000,1
39.315368,-0.116582540,-16.860000,1
39.328889,-0.116294918,-16.880000,1
39.342167,-0.117061909,-16.900000,1
39.356023,-0.117157783,-16.920000,1
39.369780,-0.117828899,-16.940000,1
39.383106,-0.117828899,-16.960000,1
39.396536,-0.117924773,-16.980000,1
39.409868,-0.118020647,-17.000000,1
39.424147,-0.118308268,-17.020000,1
39.438527,-0.118883511,-17.040000,1
39.452479,-0.119075259,-17.060000,1
39.466493,-0.119075259,-17.080000,1
39.480056,-0.119362880,-17.100000,1
39.493794,-0.119362880,-17.120000,1
39.508213,-0.119650501,-17.140000,1
39.521934,-0.119938123,-17.160000,1
39.535812,-0.120321618,-17.180000,1
39.549028,-0.120705113,-17.200000,1
39.563497,-0.120800987,-17.220000,1
39.577478,-0.121088608,-17.240000,1
39.591014,-0.120992735,-17.260000,1
39.605103,-0.121567977,-17.280000,1
39.618912,-0.121472104,-17.300000,1
39.632147,-0.121855599,-17.320000,1
39.645947,-0.121951473,-17.340000,1
39.660266,-0.122334968,-17.360000,1
39.674001,-0.122526715,-17.380000,1
39.687909,-0.122622589,-17.400000,1
39.701893,-0.122814337,-17.420000,1
39.716057,-0.123197832,-17.440000,1
39.729670,-0.123485453,-17.460000,1
39.743166,-0.123293706,-17.480000,1
39.756866,-0.123677201,-17.500000,1
39.770707,-0.124635939,-17.520000,1
39.784375,-0.124540065,-17.540000,1
39.798264,-0.124635939,-17.560000,1
39.812092,-0.125307056,-17.580000,1
39.825801,-0.125211182,-17.600000,1
39.839683,-0.125211182,-17.620000,1
39.853670,-0.125498803,-17.640000,1
39.867307,-0.125978172,-17.660000,1
39.881096,-0.126265794,-17.680000,1
39.894889,-0.126649289,-17.700000,1
39.908469,-0.127224532,-17.720000,1
39.922128,-0.126745163,-17.740000,1
39.936300,-0.127224532,-17.760000,1
39.950632,-0.127128658,-17.780000,1
39.964172,-0.127320405,-17.800000,1
39.977750,-0.127224532,-17.820000,1
39.991536,-0.127895648,-17.840000,1
40.004939,-0.128279143,-17.860000,1
40.019108,-0.128279143,-17.880000,1
40.032468,-0.128566765,-17.900000,1
40.046506,-0.128950260,-17.920000,1
40.059802,-0.129046134,-17.940000,1
40.073545,-0.129237881,-17.960000,1
40.087175,-0.129046134,-17.980000,1
40.100769,-0.129525503,-18.000000,1
40.114975,-0.129813124,-18.020000,1
40.129043,-0.130388367,-18.040000,1
40.142732,-0.130196619,-18.060000,1
40.156717,-0.130675988,-18.080000,1
40.170464,-0.130675988,-18.100000,1
40.183615,-0.130771862,-18.120000,1
40.197775,-0.131251231,-18.140000,1
40.211524,-0.131442979,-18.160000,1
40.225006,-0.131347105,-18.180000,1
40.239179,-0.132114095,-18.200000,1
40.253575,-0.132114095,-18.220000,1
40.267370,-0.132593464,-18.240000,1
40.281416,-0.132593464,-18.260000,1
40.295339,-0.132785212,-18.280000,1
40.309411,-0.132881086,-18.300000,1
40.323419,-0.132881086,-18.320000,1
40.337345,-0.133648076,-18.340000,1
40.351591,-0.133839824,-18.360000,1
40.364887,-0.133839824,-18.380000,1
40.378655,-0.134127445,-18.400000,1
40.392265,-0.134702688,-18.420000,1
40.406105,-0.134606814,-18.440000,1
40.419987,-0.134606814,-18.460000,1
40.433384,-0.134990309,-18.480000,1
40.446919,-0.135469678,-18.500000,1
40.460394,-0.135277931,-18.520000,1
40.474452,-0.135565552,-18.540000,1
40.488723,-0.136140795,-18.560000,1
40.502222,-0.136332543,-18.580000,1
40.515054,-0.135949047,-18.600000,1
40.528083,-0.136620164,-18.620000,1
40.540867,-0.137195407,-18.640000,1
40.554148,-0.137099533,-18.660000,1
40.567820,-0.137578902,-18.680000,1
40.581577,-0.137483028,-18.700000,1
40.594552,-0.137483028,-18.720000,1
40.608145,-0.138441766,-18.740000,1
40.621537,-0.138345892,-18.760000,1
40.634973,-0.138633514,-18.780000,1
40.648417,-0.138729388,-18.800000,1
40.662153,-0.139208757,-18.820000,1
40.675635,-0.139400504,-18.840000,1
40.689436,-0.139400504,-18.860000,1
40.703432,-0.140071621,-18.880000,1
40.717480,-0.139879873,-18.900000,1
40.731062,-0.139783999,-18.920000,1
40.744990,-0.140550990,-18.940000,1
40.759138,-0.140359242,-18.960000,1
40.773162,-0.141126232,-18.980000,1
40.786508,-0.141317980,-19.000000,1
40.800288,-0.141509728,-19.020000,1
40.814487,-0.141509728,-19.040000,1
40.828258,-0.141605601,-19.060000,1
40.841608,-0.142180844,-19.080000,1
40.855491,-0.142564339,-19.100000,1
40.869494,-0.142947835,-19.120000,1
40.883307,-0.142756087,-19.140000,1
40.896755,-0.143523077,-19.160000,1
40.910566,-0.143714825,-19.180000,1
40.924183,-0.143618951,-19.200000,1
40.938066,-0.144098320,-19.220000,1
40.952098,-0.144194194,-19.240000,1
40.966020,-0.144290068,-19.260000,1
40.980433,-0.144481815,-19.280000,1
40.995529,-0.145152932,-19.300000,1
41.009052,-0.145440553,-19.320000,1
41.023469,-0.145728175,-19.340000,1
41.037416,-0.145728175,-19.360000,1
41.051171,-0.146207544,-19.380000,1
41.065212,-0.146111670,-19.400000,1
41.078756,-0.146303418,-19.420000,1
41.092630,-0.146591039,-19.440000,1
41.106659,-0.146974534,-19.460000,1
41.119930,-0.146878660,-19.480000,1
41.133635,-0.147453903,-19.500000,1
41.147107,-0.147837398,-19.520000,1
41.160638,-0.148029146,-19.540000,1
41.174892,-0.148220894,-19.560000,1
41.188960,-0.148412641,-19.580000,1
41.202770,-0.149083758,-19.600000,1
41.216543,-0.148987884,-19.620000,1
41.230333,-0.149083758,-19.640000,1
41.243995,-0.149275505,-19.660000,1
41.257963,-0.149659001,-19.680000,1
41.271952,-0.149946622,-19.700000,1
41.285865,-0.150138370,-19.720000,1
41.299688,-0.150234243,-19.740000,1
41.313459,-0.150713612,-19.760000,1
41.326918,-0.151288855,-19.780000,1
41.340230,-0.151192981,-19.800000,1
41.353970,-0.150905360,-19.820000,1
41.368586,-0.151480603,-19.840000,1
41.381953,-0.151384729,-19.860000,1
41.395864,-0.152247593,-19.880000,1
41.409523,-0.152439341,-19.900000,1
41.423424,-0.152726962,-19.920000,1
41.436925,-0.152726962,-19.940000,1
41.451023,-0.153398079,-19.960000,1
41.464387,-0.153302205,-19.980000,1
41.477724,-0.153781574,-20.000000,1
41.491731,-0.154069195,-20.000000,1
41.505294,-0.154260943,-19.980000,1
41.519298,-0.154165069,-19.960000,1
41.532474,-0.153973322,-19.940000,1
41.546030,-0.154260943,-19.920000,1
41.559706,-0.154069195,-19.900000,1
41.573237,-0.154452691,-19.880000,1
41.588017,-0.153973322,-19.860000,1
41.602207,-0.154069195,-19.840000,1
41.616148,-0.153589826,-19.820000,1
41.630096,-0.154260943,-19.800000,1
41.644206,-0.153973322,-19.780000,1
41.658499,-0.154165069,-19.760000,1
41.672013,-0.153973322,-19.740000,1
41.686211,-0.154165069,-19.720000,1
41.700200,-0.154165069,-19.700000,1
41.713870,-0.154165069,-19.680000,1
41.727466,-0.154452691,-19.660000,1
41.740482,-0.154069195,-19.640000,1
41.753763,-0.154165069,-19.620000,1
41.767071,-0.154356817,-19.600000,1
41.780411,-0.153877448,-19.580000,1
41.793517,-0.153877448,-19.560000,1
41.806647,-0.154260943,-19.540000,1
41.820036,-0.153685700,-19.520000,1
41.833390,-0.153781574,-19.500000,1
41.847055,-0.153685700,-19.480000,1
41.860700,-0.153685700,-19.460000,1
41.873894,-0.153589826,-19.440000,1
41.887918,-0.154165069,-19.420000,1
41.901814,-0.153493953,-19.400000,1
41.915309,-0.153302205,-19.380000,1
41.929714,-0.153493953,-19.360000,1
41.943558,-0.153781574,-19.340000,1
41.957607,-0.153781574,-19.320000,1
41.971767,-0.153302205,-19.300000,1
41.985225,-0.153781574,-19.280000,1
41.998748,-0.153781574,-19.260000,1
42.012107,-0.153302205,-19.240000,1
42.025386,-0.153110457,-19.220000,1
42.039450,-0.153206331,-19.200000,1
42.053266,-0.153110457,-19.180000,1
42.066019,-0.152822836,-19.160000,1
42.080193,-0.153110457,-19.140000,1
42.093945,-0.153206331,-19.120000,1
42.107770,-0.153014584,-19.100000,1
42.122261,-0.152726962,-19.080000,1
42.136024,-0.153014584,-19.060000,1
42.149804,-0.153014584,-19.040000,1
42.164554,-0.152822836,-19.020000,1
42.178310,-0.152822836,-19.000000,1
42.192400,-0.152535215,-18.980000,1
42.206088,-0.152631088,-18.960000,1
42.219873,-0.152535215,-18.940000,1
42.233688,-0.152343467,-18.920000,1
42.247913,-0.152535215,-18.900000,1
42.261281,-0.152247593,-18.880000,1
42.275030,-0.152151719,-18.860000,1
42.289240,-0.152151719,-18.840000,1
42.303388,-0.152151719,-18.820000,1
42.317149,-0.152247593,-18.800000,1
42.330299,-0.152439341,-18.780000,1
42.344431,-0.152247593,-18.760000,1
42.357829,-0.152055846,-18.740000,1
42.371786,-0.151576477,-18.720000,1
42.385873,-0.152151719,-18.700000,1
42.399416,-0.151576477,-18.680000,1
42.413013,-0.151959972,-18.660000,1
42.426786,-0.151864098,-18.640000,1
42.440608,-0.151672350,-18.620000,1
42.454309,-0.151384729,-18.600000,1
42.468079,-0.151192981,-18.580000,1
42.482517,-0.151576477,-18.560000,1
42.496403,-0.151288855,-18.540000,1
42.510541,-0.151288855,-18.520000,1
42.524477,-0.151097108,-18.500000,1
42.538356,-0.151288855,-18.480000,1
42.552124,-0.150809486,-18.460000,1
42.568630,-0.150905360,-18.440000,1
42.582892,-0.151192981,-18.420000,1
42.596467,-0.150905360,-18.400000,1
42.609831,-0.150809486,-18.380000,1
42.623137,-0.151097108,-18.360000,1
42.637159,-0.151001234,-18.340000,1
42.651237,-0.150425991,-18.320000,1
42.664584,-0.150617739,-18.300000,1
42.678873,-0.150905360,-18.280000,1
42.692451,-0.150425991,-18.260000,1
42.706171,-0.150234243,-18.240000,1
42.720297,-0.150138370,-18.220000,1
42.733919,-0.150042496,-18.200000,1
42.747992,-0.150521865,-18.180000,1
42.762411,-0.150042496,-18.160000,1
42.776369,-0.150138370,-18.140000,1
42.790095,-0.149754874,-18.120000,1
42.803738,-0.150042496,-18.100000,1
42.817181,-0.149467253,-18.080000,1
42.832204,-0.149850748,-18.060000,1
42.845671,-0.149754874,-18.040000,1
42.859823,-0.149659001,-18.020000,1
42.873342,-0.149275505,-18.000000,1
42.886613,-0.149467253,-17.980000,1
42.900457,-0.149563127,-17.960000,1
42.914482,-0.149850748,-17.940000,1
42.928115,-0.149275505,-17.920000,1
42.941830,-0.148892010,-17.900000,1
42.955929,-0.148604389,-17.880000,1
42.970303,-0.148987884,-17.860000,1
42.984424,-0.149083758,-17.840000,1
42.998058,-0.148412641,-17.820000,1
43.012037,-0.148700263,-17.800000,1
43.025600,-0.148892010,-17.780000,1
43.039130,-0.148316767,-17.760000,1
43.052975,-0.147933272,-17.740000,1
43.066445,-0.148125020,-17.720000,1
43.079933,-0.148029146,-17.700000,1
43.093422,-0.147933272,-17.680000,1
43.106767,-0.147837398,-17.660000,1
43.121036,-0.147933272,-17.640000,1
43.134597,-0.147741525,-17.620000,1
43.148513,-0.147645651,-17.600000,1
43.162037,-0.148029146,-17.580000,1
43.176137,-0.147933272,-17.560000,1
43.189891,-0.147645651,-17.540000,1
43.203808,-0.147453903,-17.520000,1
43.217540,-0.147645651,-17.500000,1
43.231485,-0.146974534,-17.480000,1
43.245013,-0.147070408,-17.460000,1
43.259746,-0.147166282,-17.440000,1
43.273413,-0.146686913,-17.420000,1
43.286701,-0.146974534,-17.400000,1
43.299597,-0.146782787,-17.380000,1
43.312751,-0.146878660,-17.360000,1
43.325941,-0.146686913,-17.340000,1
43.339134,-0.146974534,-17.320000,1
43.353530,-0.146782787,-17.300000,1
43.366554,-0.146303418,-17.280000,1
43.379906,-0.146207544,-17.260000,1
43.393336,-0.146303418,-17.240000,1
43.407050,-0.146111670,-17.220000,1
43.420748,-0.146399291,-17.200000,1
43.434599,-0.146207544,-17.180000,1
43.448027,-0.146399291,-17.160000,1
43.461939,-0.145536427,-17.140000,1
43.476055,-0.145632301,-17.120000,1
43.489416,-0.145632301,-17.100000,1
43.503477,-0.145344680,-17.080000,1
43.517406,-0.145344680,-17.060000,1
43.530697,-0.145440553,-17.040000,1
43.544302,-0.145248806,-17.020000,1
43.557773,-0.144865311,-17.000000,1
43.572170,-0.144865311,-16.980000,1
43.586156,-0.145152932,-16.960000,1
43.600145,-0.144961184,-16.940000,1
43.613852,-0.144577689,-16.920000,1
43.627847,-0.144961184,-16.900000,1
43.642133,-0.144577689,-16.880000,1
43.655622,-0.144481815,-16.860000,1
43.668821,-0.144194194,-16.840000,1
43.682781,-0.144194194,-16.820000,1
43.696376,-0.144577689,-16.800000,1
43.710166,-0.144098320,-16.780000,1
43.724591,-0.144098320,-16.760000,1
43.738732,-0.143618951,-16.740000,1
43.752237,-0.144002446,-16.720000,1
43.765882,-0.143810699,-16.700000,1
43.780085,-0.143714825,-16.680000,1
43.794754,-0.143331330,-16.660000,1
43.808286,-0.143331330,-16.640000,1
43.822315,-0.143235456,-16.620000,1
43.836515,-0.143139582,-16.600000,1
43.850241,-0.143331330,-16.580000,1
43.864481,-0.143331330,-16.560000,1
43.878303,-0.143139582,-16.540000,1
43.891926,-0.142851961,-16.520000,1
43.905730,-0.143043708,-16.500000,1
43.919426,-0.142851961,-16.480000,1
43.933016,-0.142756087,-16.460000,1
43.946806,-0.142564339,-16.440000,1
43.960708,-0.141989097,-16.420000,1
43.974545,-0.142660213,-16.400000,1
43.988205,-0.142660213,-16.380000,1
44.001551,-0.142180844,-16.360000,1
44.015801,-0.142180844,-16.340000,1
44.030728,-0.142180844,-16.320000,1
44.045524,-0.141797349,-16.300000,1
44.059850,-0.141509728,-16.280000,1
44.073119,-0.141797349,-16.260000,1
44.086165,-0.141797349,-16.240000,1
44.100779,-0.141317980,-16.220000,1
44.114644,-0.141126232,-16.200000,1
44.128070,-0.141222106,-16.180000,1
44.141661,-0.141126232,-16.160000,1
44.155416,-0.141030359,-16.140000,1
44.169425,-0.141222106,-16.120000,1
44.182883,-0.140742737,-16.100000,1
44.196916,-0.140742737,-16.080000,1
44.211469,-0.140646863,-16.060000,1
44.225260,-0.140455116,-16.040000,1
44.238874,-0.140550990,-16.020000,1
44.252766,-0.140167494,-16.000000,1
44.266544,-0.140263368,-15.980000,1
44.280102,-0.140071621,-15.960000,1
44.293580,-0.139688125,-15.940000,1
44.307344,-0.139975747,-15.920000,1
44.321145,-0.139496378,-15.900000,1
44.334915,-0.139688125,-15.880000,1
44.348968,-0.139783999,-15.860000,1
44.362968,-0.139783999,-15.840000,1
44.376354,-0.139208757,-15.820000,1
44.390870,-0.139208757,-15.800000,1
44.404815,-0.138921135,-15.780000,1
44.419348,-0.139496378,-15.760000,1
44.432346,-0.139304630,-15.740000,1
44.446974,-0.139112883,-15.720000,1
44.461002,-0.138825261,-15.700000,1
44.474820,-0.139208757,-15.680000,1
44.488909,-0.138633514,-15.660000,1
44.502472,-0.138537640,-15.640000,1
44.516119,-0.138537640,-15.620000,1
44.529896,-0.138154145,-15.600000,1
44.543619,-0.138154145,-15.580000,1
44.557133,-0.138537640,-15.560000,1
44.570878,-0.137962397,-15.540000,1
44.584384,-0.137866523,-15.520000,1
44.598985,-0.137578902,-15.500000,1
44.612352,-0.137483028,-15.480000,1
44.626509,-0.137578902,-15.460000,1
44.640139,-0.137483028,-15.440000,1
44.653769,-0.137578902,-15.420000,1
44.667679,-0.137387154,-15.400000,1
44.681450,-0.137387154,-15.380000,1
44.695575,-0.137291281,-15.360000,1
44.709100,-0.137483028,-15.340000,1
44.722964,-0.136811912,-15.320000,1
44.737150,-0.136716038,-15.300000,1
44.751114,-0.136716038,-15.280000,1
44.765013,-0.136907785,-15.260000,1
44.778942,-0.136716038,-15.240000,1
44.792589,-0.136524290,-15.220000,1
44.806539,-0.136140795,-15.200000,1
44.819937,-0.136236669,-15.180000,1
44.834227,-0.136332543,-15.160000,1
44.847721,-0.135661426,-15.140000,1
44.861627,-0.135661426,-15.120000,1
44.875745,-0.135373805,-15.100000,1
44.889391,-0.135565552,-15.080000,1
44.903338,-0.135661426,-15.060000,1
44.916888,-0.135373805,-15.040000,1
44.931586,-0.135373805,-15.020000,1
44.945142,-0.135565552,-15.000000,1
44.958716,-0.135277931,-14.980000,1
44.972402,-0.134990309,-14.960000,1
44.986072,-0.135086183,-14.940000,1
45.000120,-0.134702688,-14.920000,1
45.014459,-0.134702688,-14.900000,1
45.028144,-0.134702688,-14.880000,1
45.041709,-0.134606814,-14.860000,1
45.056188,-0.134415067,-14.840000,1
45.069537,-0.134031571,-14.820000,1
45.082809,-0.134415067,-14.800000,1
45.096795,-0.134031571,-14.780000,1
45.110474,-0.133743950,-14.760000,1
45.124016,-0.134127445,-14.740000,1
45.137333,-0.133743950,-14.720000,1
45.150786,-0.133456329,-14.700000,1
45.164580,-0.133648076,-14.680000,1
45.178048,-0.133552202,-14.660000,1
45.192021,-0.133264581,-14.640000,1
45.206237,-0.133552202,-14.620000,1
45.219968,-0.133264581,-14.600000,1
45.233670,-0.132976960,-14.580000,1
45.247562,-0.133168707,-14.560000,1
45.261277,-0.132976960,-14.540000,1
45.275032,-0.132593464,-14.520000,1
45.288512,-0.132689338,-14.500000,1
45.302528,-0.132593464,-14.480000,1
45.316196,-0.132209969,-14.460000,1
45.329526,-0.132689338,-14.440000,1
45.343848,-0.132689338,-14.420000,1
45.356903,-0.132305843,-14.400000,1
45.371317,-0.132497591,-14.380000,1
45.384628,-0.132018222,-14.360000,1
45.397990,-0.132209969,-14.340000,1
45.412271,-0.131826474,-14.320000,1
45.425438,-0.131442979,-14.300000,1
45.438842,-0.131634726,-14.280000,1
45.452950,-0.131347105,-14.260000,1
45.467172,-0.131826474,-14.240000,1
45.481152,-0.131347105,-14.220000,1
45.494481,-0.131155357,-14.200000,1
45.507471,-0.130963610,-14.180000,1
45.520566,-0.130771862,-14.160000,1
45.533444,-0.130963610,-14.140000,1
45.546154,-0.130292493,-14.120000,1
45.560080,-0.130867736,-14.100000,1
45.573998,-0.130004872,-14.080000,1
45.587647,-0.130388367,-14.060000,1
45.601748,-0.130388367,-14.040000,1
45.615005,-0.130100746,-14.020000,1
45.628743,-0.129908998,-14.000000,1
45.642380,-0.129813124,-13.980000,1
45.656669,-0.129908998,-13.960000,1
45.669913,-0.129717250,-13.940000,1
45.683460,-0.129525503,-13.920000,1
45.697616,-0.129525503,-13.900000,1
45.711802,-0.129525503,-13.880000,1
45.725585,-0.129621377,-13.860000,1
45.739277,-0.129046134,-13.840000,1
45.752975,-0.129142008,-13.820000,1
45.767249,-0.128662639,-13.800000,1
45.780921,-0.129046134,-13.780000,1
45.795241,-0.129046134,-13.760000,1
45.809108,-0.128375017,-13.740000,1
45.822776,-0.129142008,-13.720000,1
45.836730,-0.128375017,-13.700000,1
45.851264,-0.128470891,-13.680000,1
45.864711,-0.128470891,-13.660000,1
45.878153,-0.127991522,-13.640000,1
45.892264,-0.128183270,-13.620000,1
45.905855,-0.128375017,-13.600000,1
45.919215,-0.128279143,-13.580000,1
45.932653,-0.127512153,-13.560000,1
45.946962,-0.127895648,-13.540000,1
45.960281,-0.127608027,-13.520000,1
45.973935,-0.127416279,-13.500000,1
45.988718,-0.127512153,-13.480000,1
46.002311,-0.127320405,-13.460000,1
46.016027,-0.127128658,-13.440000,1
46.029854,-0.127224532,-13.420000,1
46.043479,-0.126936910,-13.400000,1
46.056798,-0.126649289,-13.380000,1
46.070524,-0.126745163,-13.360000,1
46.084453,-0.126457541,-13.340000,1
46.097999,-0.126265794,-13.320000,1
46.111508,-0.126457541,-13.300000,1
46.125721,-0.126553415,-13.280000,1
46.139019,-0.125882298,-13.260000,1
46.152915,-0.125882298,-13.240000,1
46.167120,-0.126074046,-13.220000,1
46.181265,-0.126169920,-13.200000,1
46.194976,-0.125786425,-13.180000,1
46.208637,-0.125307056,-13.160000,1
46.223121,-0.125690551,-13.140000,1
46.237306,-0.125690551,-13.120000,1
46.250561,-0.125115308,-13.100000,1
46.264618,-0.125211182,-13.080000,1
46.278496,-0.124923560,-13.060000,1
46.292643,-0.125211182,-13.040000,1
46.306620,-0.125019434,-13.020000,1
46.320687,-0.124348318,-13.000000,1
46.334716,-0.124348318,-12.980000,1
46.348241,-0.124252444,-12.960000,1
46.362457,-0.124635939,-12.940000,1
46.376666,-0.124348318,-12.920000,1
46.390304,-0.124156570,-12.900000,1
46.404521,-0.124252444,-12.880000,1
46.418447,-0.123868949,-12.860000,1
46.432255,-0.123485453,-12.840000,1
46.446930,-0.123773075,-12.820000,1
46.459935,-0.123964822,-12.800000,1
46.473930,-0.123868949,-12.780000,1
46.487674,-0.123293706,-12.760000,1
46.501403,-0.123101958,-12.740000,1
46.515240,-0.123677201,-12.720000,1
46.529106,-0.123197832,-12.700000,1
46.542856,-0.123293706,-12.680000,1
46.556623,-0.123293706,-12.660000,1
46.570111,-0.122718463,-12.640000,1
46.583407,-0.122430842,-12.620000,1
46.597616,-0.122334968,-12.600000,1
46.611738,-0.122526715,-12.580000,1
46.625234,-0.122526715,-12.560000,1
46.638662,-0.121855599,-12.540000,1
46.651981,-0.122143220,-12.520000,1
46.665916,-0.121855599,-12.500000,1
46.680257,-0.121759725,-12.480000,1
46.694066,-0.121472104,-12.460000,1
46.707378,-0.121280356,-12.440000,1
46.721455,-0.121472104,-12.420000,1
46.735340,-0.121184482,-12.400000,1
46.749421,-0.121280356,-12.380000,1
46.762458,-0.121088608,-12.360000,1
46.776037,-0.120992735,-12.340000,1
46.789647,-0.120800987,-12.320000,1
46.803317,-0.120705113,-12.300000,1
46.817169,-0.120705113,-12.280000,1
46.830256,-0.120513366,-12.260000,1
46.843752,-0.120225744,-12.240000,1
46.856947,-0.120225744,-12.220000,1
46.870329,-0.120225744,-12.200000,1
46.883926,-0.120129870,-12.180000,1
46.897249,-0.120033997,-12.160000,1
46.911162,-0.119746375,-12.140000,1
46.925225,-0.119842249,-12.120000,1
46.938790,-0.119746375,-12.100000,1
46.952483,-0.119554628,-12.080000,1
46.966588,-0.119458754,-12.060000,1
46.980436,-0.119075259,-12.040000,1
46.995308,-0.118979385,-12.020000,1
47.009443,-0.119171132,-12.000000,1
47.022964,-0.119267006,-11.980000,1
47.036873,-0.118979385,-11.960000,1
47.050391,-0.118979385,-11.940000,1
47.064430,-0.118787637,-11.920000,1
47.078343,-0.118404142,-11.900000,1
47.092557,-0.118116521,-11.880000,1
47.106381,-0.117733025,-11.860000,1
47.120196,-0.118116521,-11.840000,1
47.134043,-0.117733025,-11.820000,1
47.148064,-0.117445404,-11.800000,1
47.162125,-0.117253656,-11.780000,1
47.175278,-0.117445404,-11.760000,1
47.188560,-0.117349530,-11.740000,1
47.202733,-0.117445404,-11.720000,1
47.215875,-0.117157783,-11.700000,1
47.229532,-0.117637152,-11.680000,1
47.244179,-0.117157783,-11.660000,1
47.257447,-0.116774287,-11.640000,1
47.271041,-0.116486666,-11.620000,1
47.284855,-0.116390792,-11.600000,1
47.299377,-0.116486666,-11.580000,1
47.312931,-0.116582540,-11.560000,1
47.326321,-0.116294918,-11.540000,1
47.340707,-0.116103171,-11.520000,1
47.354263,-0.115911423,-11.500000,1
47.367546,-0.115719676,-11.480000,1
47.381243,-0.115815549,-11.460000,1
47.394775,-0.115623802,-11.440000,1
47.408469,-0.115527928,-11.420000,1
47.422422,-0.115432054,-11.400000,1
47.436570,-0.115432054,-11.380000,1
47.450281,-0.115336180,-11.360000,1
47.464203,-0.114856811,-11.340000,1
47.477888,-0.114760938,-11.320000,1
47.491997,-0.114856811,-11.300000,1
47.505831,-0.115336180,-11.280000,1
47.519553,-0.114377442,-11.260000,1
47.533375,-0.114089821,-11.240000,1
47.546984,-0.114281569,-11.220000,1
47.560810,-0.114281569,-11.200000,1
47.574996,-0.113610452,-11.180000,1
47.589272,-0.113610452,-11.160000,1
47.602829,-0.113706326,-11.140000,1
47.616452,-0.113514578,-11.120000,1
47.630311,-0.113898074,-11.100000,1
47.643725,-0.113802200,-11.080000,1
47.657558,-0.113610452,-11.060000,1
47.671471,-0.113514578,-11.040000,1
47.684923,-0.113035209,-11.020000,1
47.698395,-0.113226957,-11.000000,1
47.712062,-0.113035209,-10.980000,1
47.725474,-0.112843462,-10.960000,1
47.739065,-0.112939336,-10.940000,1
47.753294,-0.113131083,-10.920000,1
47.767848,-0.112459967,-10.900000,1
47.781769,-0.112172345,-10.880000,1
47.795613,-0.111788850,-10.860000,1
47.809847,-0.112459967,-10.840000,1
47.823280,-0.111501229,-10.820000,1
47.837860,-0.111884724,-10.800000,1
47.851415,-0.111117733,-10.780000,1
47.866013,-0.111788850,-10.760000,1
47.879714,-0.111309481,-10.740000,1
47.893185,-0.111117733,-10.720000,1
47.906467,-0.111213607,-10.700000,1
47.919963,-0.111501229,-10.680000,1
47.933527,-0.111117733,-10.660000,1
47.946928,-0.111117733,-10.640000,1
47.961257,-0.110830112,-10.620000,1
47.974746,-0.110638364,-10.600000,1
47.988578,-0.110542491,-10.580000,1
48.002567,-0.110158995,-10.560000,1
48.016491,-0.110254869,-10.540000,1
48.030199,-0.110350743,-10.520000,1
48.044146,-0.110063122,-10.500000,1
48.058341,-0.110063122,-10.480000,1
48.072204,-0.109871374,-10.460000,1
48.086072,-0.109679626,-10.440000,1
48.099687,-0.109487879,-10.420000,1
48.114187,-0.109200257,-10.400000,1
48.127518,-0.109104384,-10.380000,1
48.140779,-0.108912636,-10.360000,1
48.155370,-0.108912636,-10.340000,1
48.169181,-0.108433267,-10.320000,1
48.182776,-0.108816762,-10.300000,1
48.196363,-0.108529141,-10.280000,1
48.210460,-0.108337393,-10.260000,1
48.223820,-0.107858024,-10.240000,1
48.237286,-0.108145646,-10.220000,1
48.251997,-0.107858024,-10.200000,1
48.266376,-0.107762150,-10.180000,1
48.279781,-0.107762150,-10.160000,1
48.293416,-0.107570403,-10.140000,1
48.306878,-0.107762150,-10.120000,1
48.320409,-0.107570403,-10.100000,1
48.333374,-0.107378655,-10.080000,1
48.347267,-0.107282781,-10.060000,1
48.361177,-0.107570403,-10.040000,1
48.374868,-0.106611665,-10.020000,1
48.388125,-0.106707539,-10.000000,1
48.401513,-0.106515791,-9.980000,1
48.415309,-0.106611665,-9.960000,1
48.428896,-0.106899286,-9.940000,1
48.442609,-0.106228170,-9.920000,1
48.456841,-0.106515791,-9.900000,1
48.470936,-0.106132296,-9.880000,1
48.485035,-0.106036422,-9.860000,1
48.498377,-0.105844674,-9.840000,1
48.511794,-0.105652927,-9.820000,1
48.526332,-0.105652927,-9.800000,1
48.540547,-0.105365305,-9.780000,1
48.554235,-0.105269432,-9.760000,1
48.567522,-0.105269432,-9.740000,1
48.580806,-0.105269432,-9.720000,1
48.596267,-0.104694189,-9.700000,1
48.610038,-0.104598315,-9.680000,1
48.623860,-0.104598315,-9.660000,1
48.638088,-0.104694189,-9.640000,1
48.651547,-0.104502441,-9.620000,1
48.665528,-0.103831325,-9.600000,1
48.678830,-0.104214820,-9.580000,1
48.692538,-0.104023072,-9.560000,1
48.706345,-0.103735451,-9.540000,1
48.719852,-0.103927198,-9.520000,1
48.733402,-0.103735451,-9.500000,1
48.746812,-0.103543703,-9.480000,1
48.760348,-0.103543703,-9.460000,1
48.773968,-0.103256082,-9.440000,1
48.787571,-0.102968460,-9.420000,1
48.801112,-0.103160208,-9.400000,1
48.814980,-0.102776713,-9.380000,1
48.828948,-0.103064334,-9.360000,1
48.842779,-0.103064334,-9.340000,1
48.856557,-0.103064334,-9.320000,1
48.870451,-0.102297344,-9.300000,1
48.884084,-0.102297344,-9.280000,1
48.897726,-0.102584965,-9.260000,1
48.912819,-0.102489091,-9.240000,1
48.926148,-0.102009722,-9.220000,1
48.939786,-0.102105596,-9.200000,1
48.953733,-0.101722101,-9.180000,1
48.967850,-0.101626227,-9.160000,1
48.981622,-0.101338606,-9.140000,1
48.995182,-0.101242732,-9.120000,1
49.008410,-0.101338606,-9.100000,1
49.022124,-0.101242732,-9.080000,1
49.036015,-0.100955111,-9.060000,1
49.050266,-0.100667489,-9.040000,1
49.063931,-0.100859237,-9.020000,1
49.077391,-0.100955111,-9.000000,1
49.091466,-0.100667489,-8.980000,1
49.104791,-0.099996373,-8.960000,1
49.118892,-0.100188120,-8.940000,1
49.132890,-0.099900499,-8.920000,1
49.146578,-0.099900499,-8.900000,1
49.160471,-0.099900499,-8.880000,1
49.174653,-0.099900499,-8.860000,1
49.188251,-0.099708751,-8.840000,1
49.202183,-0.099612877,-8.820000,1
49.215616,-0.099133508,-8.800000,1
49.229736,-0.099325256,-8.780000,1
49.244408,-0.099133508,-8.760000,1
49.258492,-0.098845887,-8.740000,1
49.272626,-0.098750013,-8.720000,1
49.286457,-0.098750013,-8.700000,1
49.300223,-0.098366518,-8.680000,1
49.314491,-0.098654139,-8.660000,1
49.328541,-0.098558266,-8.640000,1
49.342233,-0.098366518,-8.620000,1
49.356254,-0.098174770,-8.600000,1
49.370077,-0.098078897,-8.580000,1
49.383926,-0.097599528,-8.560000,1
49.397226,-0.097695401,-8.540000,1
49.410448,-0.097216032,-8.520000,1
49.423720,-0.097503654,-8.500000,1
49.437620,-0.097407780,-8.480000,1
49.451603,-0.097120159,-8.460000,1
49.465904,-0.097216032,-8.440000,1
49.479067,-0.097024285,-8.420000,1
49.492814,-0.097024285,-8.400000,1
49.506205,-0.096257294,-8.380000,1
49.519699,-0.096640790,-8.360000,1
49.533123,-0.096736663,-8.340000,1
49.546695,-0.096065547,-8.320000,1
49.560512,-0.096257294,-8.300000,1
49.574485,-0.095873799,-8.280000,1
49.589200,-0.095969673,-8.260000,1
49.602476,-0.095777925,-8.240000,1
49.616294,-0.095586178,-8.220000,1
49.629837,-0.095394430,-8.200000,1
49.643820,-0.095394430,-8.180000,1
49.656830,-0.095490304,-8.160000,1
49.670860,-0.095394430,-8.140000,1
49.684986,-0.095010935,-8.120000,1
49.698710,-0.095202683,-8.100000,1
49.712280,-0.094915061,-8.080000,1
49.725547,-0.094627440,-8.060000,1
49.739544,-0.094915061,-8.040000,1
49.752829,-0.094819187,-8.020000,1
49.766847,-0.094627440,-8.000000,1
49.780649,-0.094627440,-7.980000,1
49.794672,-0.094339818,-7.960000,1
49.809270,-0.093860449,-7.940000,1
49.823023,-0.093956323,-7.920000,1
49.836546,-0.094243945,-7.900000,1
49.850740,-0.093668702,-7.880000,1
49.865134,-0.093572828,-7.860000,1
49.878779,-0.093572828,-7.840000,1
49.892833,-0.092997585,-7.820000,1
49.906482,-0.093285207,-7.800000,1
49.920277,-0.092901711,-7.780000,1
49.933551,-0.092230595,-7.760000,1
49.947150,-0.092805838,-7.740000,1
49.961170,-0.092422342,-7.720000,1
49.975298,-0.092709964,-7.700000,1
49.988741,-0.092326469,-7.680000,1
50.002208,-0.092422342,-7.660000,1
50.016028,-0.092326469,-7.640000,1
50.029897,-0.091655352,-7.620000,1
50.043328,-0.091751226,-7.600000,1
50.057347,-0.092134721,-7.580000,1
50.071996,-0.091463604,-7.560000,1
50.085670,-0.091847100,-7.540000,1
50.100037,-0.091655352,-7.520000,1
50.113947,-0.091080109,-7.500000,1
50.127949,-0.091367731,-7.480000,1
50.141794,-0.091463604,-7.460000,1
50.155121,-0.090792488,-7.440000,1
50.168770,-0.090504866,-7.420000,1
50.182411,-0.090888362,-7.400000,1
50.195891,-0.090888362,-7.380000,1
50.209311,-0.090504866,-7.360000,1
50.222901,-0.090600740,-7.340000,1
50.236818,-0.090313119,-7.320000,1
50.250779,-0.090408993,-7.300000,1
50.265708,-0.090313119,-7.280000,1
50.278960,-0.089546128,-7.260000,1
50.292619,-0.089642002,-7.240000,1
50.306924,-0.089354381,-7.220000,1
50.320225,-0.089162633,-7.200000,1
50.333605,-0.089450255,-7.180000,1
50.347523,-0.089546128,-7.160000,1
50.360884,-0.089450255,-7.140000,1
50.374691,-0.089066759,-7.120000,1
50.389218,-0.088683264,-7.100000,1
50.403310,-0.088587391,-7.080000,1
50.417061,-0.088299769,-7.060000,1
50.431172,-0.088779138,-7.040000,1
50.444769,-0.087820400,-7.020000,1
50.458093,-0.088012148,-7.000000,1
50.472940,-0.087820400,-6.980000,1
50.486659,-0.087628653,-6.960000,1
50.500339,-0.087820400,-6.940000,1
50.513676,-0.087724526,-6.920000,1
50.527591,-0.087436905,-6.900000,1
50.540502,-0.087245157,-6.880000,1
50.553421,-0.086765788,-6.860000,1
50.567116,-0.086957536,-6.840000,1
50.580283,-0.087053410,-6.820000,1
50.593107,-0.086861662,-6.800000,1
50.606728,-0.086765788,-6.780000,1
50.620253,-0.086382293,-6.760000,1
50.633987,-0.085998798,-6.740000,1
50.647736,-0.085902924,-6.720000,1
50.662238,-0.085711177,-6.700000,1
50.675958,-0.085711177,-6.680000,1
50.689834,-0.085807050,-6.660000,1
50.704231,-0.085711177,-6.640000,1
50.717707,-0.085231808,-6.620000,1
50.731810,-0.085327681,-6.600000,1
50.745359,-0.085231808,-6.580000,1
50.759158,-0.084944186,-6.560000,1
50.772291,-0.084848312,-6.540000,1
50.786215,-0.084848312,-6.520000,1
50.799895,-0.084464817,-6.500000,1
50.814020,-0.084368943,-6.480000,1
50.827549,-0.084177196,-6.460000,1
50.841391,-0.084368943,-6.440000,1
50.855679,-0.083793701,-6.420000,1
50.869880,-0.083601953,-6.400000,1
50.883616,-0.083506079,-6.380000,1
50.897457,-0.083410205,-6.360000,1
50.911442,-0.083218458,-6.340000,1
50.925297,-0.083218458,-6.320000,1
50.939435,-0.082643215,-6.300000,1
50.953053,-0.083026710,-6.280000,1
50.967631,-0.082547341,-6.260000,1
50.981949,-0.082643215,-6.240000,1
50.995870,-0.082355594,-6.220000,1
51.009400,-0.082547341,-6.200000,1
51.022970,-0.082163846,-6.180000,1
51.037324,-0.081492729,-6.160000,1
51.050964,-0.081588603,-6.140000,1
51.065077,-0.081588603,-6.120000,1
51.078650,-0.081396856,-6.100000,1
51.092111,-0.081780351,-6.080000,1
51.106004,-0.081205108,-6.060000,1
51.119170,-0.081109234,-6.040000,1
51.133590,-0.080725739,-6.020000,1
51.147055,-0.080725739,-6.000000,1
51.160599,-0.080438118,-5.980000,1
51.175447,-0.080150496,-5.960000,1
51.189226,-0.080246370,-5.940000,1
51.203249,-0.079671127,-5.920000,1
51.217352,-0.079575253,-5.900000,1
51.230861,-0.079575253,-5.880000,1
51.244842,-0.079575253,-5.860000,1
51.258445,-0.079287632,-5.840000,1
51.271785,-0.078904137,-5.820000,1
51.286608,-0.078616515,-5.800000,1
51.300290,-0.078520642,-5.780000,1
51.314415,-0.078808263,-5.760000,1
51.328717,-0.078233020,-5.740000,1
51.342396,-0.078233020,-5.720000,1
51.356591,-0.078041273,-5.700000,1
51.370781,-0.077849525,-5.680000,1
51.384284,-0.077466030,-5.660000,1
51.397983,-0.077561904,-5.640000,1
51.411946,-0.077657777,-5.620000,1
51.426084,-0.077274282,-5.600000,1
51.439930,-0.076411418,-5.580000,1
51.453887,-0.077178408,-5.560000,1
51.467828,-0.076411418,-5.540000,1
51.481735,-0.076794913,-5.520000,1
51.495654,-0.075740301,-5.500000,1
51.509835,-0.075932049,-5.480000,1
51.523179,-0.075740301,-5.460000,1
51.536712,-0.075260932,-5.440000,1
51.550752,-0.075836175,-5.420000,1
51.564408,-0.075548554,-5.400000,1
51.578479,-0.075356806,-5.380000,1
51.592360,-0.074589816,-5.360000,1
51.606152,-0.074589816,-5.340000,1
51.619840,-0.074685690,-5.320000,1
51.634080,-0.074302194,-5.300000,1
51.647612,-0.074302194,-5.280000,1
51.660977,-0.074398068,-5.260000,1
51.674433,-0.073822825,-5.240000,1
51.688813,-0.074110447,-5.220000,1
51.701960,-0.073343456,-5.200000,1
51.715309,-0.073535204,-5.180000,1
51.729579,-0.073151709,-5.160000,1
51.743262,-0.072864087,-5.140000,1
51.756892,-0.072959961,-5.120000,1
51.771232,-0.072480592,-5.100000,1
51.785097,-0.072097097,-5.080000,1
51.798027,-0.072192971,-5.060000,1
51.811583,-0.072288845,-5.040000,1
51.824983,-0.071617728,-5.020000,1
51.839607,-0.071425980,-5.000000,1
51.853277,-0.071521854,-4.980000,1
51.866693,-0.071425980,-4.960000,1
51.880849,-0.070946611,-4.940000,1
51.894761,-0.070754864,-4.920000,1
51.908174,-0.070850738,-4.900000,1
51.921816,-0.070371369,-4.880000,1
51.935895,-0.070371369,-4.860000,1
51.949809,-0.070083747,-4.840000,1
51.963965,-0.069987873,-4.820000,1
51.977479,-0.069316757,-4.800000,1
51.991232,-0.069125009,-4.780000,1
52.005206,-0.069412631,-4.760000,1
52.018965,-0.068933262,-4.740000,1
52.033367,-0.068453893,-4.720000,1
52.046816,-0.068453893,-4.700000,1
52.060950,-0.068262145,-4.680000,1
52.074116,-0.068166271,-4.660000,1
52.088036,-0.067782776,-4.640000,1
52.103061,-0.067878650,-4.620000,1
52.116744,-0.067303407,-4.600000,1
52.130736,-0.067015786,-4.580000,1
52.144890,-0.067303407,-4.560000,1
52.158792,-0.066632290,-4.540000,1
52.172754,-0.066440543,-4.520000,1
52.186265,-0.066632290,-4.500000,1
52.200570,-0.065961174,-4.480000,1
52.214040,-0.066440543,-4.460000,1
52.227567,-0.065769426,-4.440000,1
52.241805,-0.065577679,-4.420000,1
52.255257,-0.065290057,-4.400000,1
52.268902,-0.065577679,-4.380000,1
52.282763,-0.065385931,-4.360000,1
52.296525,-0.064810688,-4.340000,1
52.309763,-0.064810688,-4.320000,1
52.324086,-0.064810688,-4.300000,1
52.337778,-0.064331319,-4.280000,1
52.351365,-0.064235445,-4.260000,1
52.365048,-0.064331319,-4.240000,1
52.379068,-0.063851950,-4.220000,1
52.392731,-0.063564329,-4.200000,1
52.406490,-0.063756076,-4.180000,1
52.419802,-0.063372581,-4.160000,1
52.433734,-0.062893212,-4.140000,1
52.447236,-0.062797339,-4.120000,1
52.461115,-0.062989086,-4.100000,1
52.475359,-0.062317970,-4.080000,1
52.489133,-0.062605591,-4.060000,1
52.503110,-0.062509717,-4.040000,1
52.517608,-0.062413843,-4.020000,1
52.531274,-0.062030348,-4.000000,1
52.544706,-0.061742727,-3.980000,1
52.558589,-0.061455105,-3.960000,1
52.572322,-0.061455105,-3.940000,1
52.586191,-0.061263358,-3.920000,1
52.600408,-0.061263358,-3.900000,1
52.614141,-0.060688115,-3.880000,1
52.628044,-0.060208746,-3.860000,1
52.641970,-0.060304620,-3.840000,1
52.656343,-0.060592241,-3.820000,1
52.670140,-0.060304620,-3.800000,1
52.683700,-0.060016998,-3.780000,1
52.697121,-0.059825251,-3.760000,1
52.711746,-0.059633503,-3.740000,1
52.725314,-0.059345882,-3.720000,1
52.739475,-0.059250008,-3.700000,1
52.753338,-0.059058260,-3.680000,1
52.767332,-0.058962387,-3.660000,1
52.780834,-0.058962387,-3.640000,1
52.794626,-0.058291270,-3.620000,1
52.808478,-0.058195396,-3.600000,1
52.821859,-0.058387144,-3.580000,1
52.835492,-0.057811901,-3.560000,1
52.850387,-0.057524280,-3.540000,1
52.864137,-0.057140784,-3.520000,1
52.877825,-0.057332532,-3.500000,1
52.891593,-0.057332532,-3.480000,1
52.905134,-0.057044911,-3.460000,1
52.918767,-0.056853163,-3.440000,1
52.932347,-0.056661415,-3.420000,1
52.946345,-0.056182046,-3.400000,1
52.960073,-0.055702677,-3.380000,1
52.974251,-0.055798551,-3.360000,1
52.988230,-0.055894425,-3.340000,1
53.001874,-0.055510930,-3.320000,1
53.016206,-0.055606804,-3.300000,1
53.030329,-0.055510930,-3.280000,1
53.044016,-0.054648066,-3.260000,1
53.057968,-0.054552192,-3.240000,1
53.072419,-0.054839813,-3.220000,1
53.086111,-0.054648066,-3.200000,1
53.100415,-0.054072823,-3.180000,1
53.113726,-0.053881075,-3.160000,1
53.127503,-0.054168697,-3.140000,1
53.142211,-0.053976949,-3.120000,1
53.155595,-0.053593454,-3.100000,1
53.169461,-0.053497580,-3.080000,1
53.183713,-0.053497580,-3.060000,1
53.197379,-0.053114085,-3.040000,1
53.211358,-0.052922337,-3.020000,1
53.225318,-0.052538842,-3.000000,1
53.239061,-0.052634716,-2.980000,1
53.253198,-0.052155347,-2.960000,1
53.267858,-0.051963599,-2.940000,1
53.281331,-0.052059473,-2.920000,1
53.294534,-0.051484230,-2.900000,1
53.307372,-0.051580104,-2.880000,1
53.320326,-0.051484230,-2.860000,1
53.333167,-0.051580104,-2.840000,1
53.346271,-0.051100735,-2.820000,1
53.360164,-0.050908987,-2.800000,1
53.373819,-0.050525492,-2.780000,1
53.386532,-0.050621366,-2.760000,1
53.400195,-0.050813114,-2.740000,1
53.413898,-0.050046123,-2.720000,1
53.427737,-0.050237871,-2.700000,1
53.441736,-0.050141997,-2.680000,1
53.455599,-0.050046123,-2.660000,1
53.468891,-0.049662628,-2.640000,1
53.482069,-0.049279133,-2.620000,1
53.495985,-0.049758502,-2.600000,1
53.510065,-0.049183259,-2.580000,1
53.523920,-0.048991511,-2.560000,1
53.537421,-0.048320395,-2.540000,1
53.551267,-0.048703890,-2.520000,1
53.564972,-0.048320395,-2.500000,1
53.578525,-0.048128647,-2.480000,1
53.592151,-0.047936900,-2.460000,1
53.605900,-0.047936900,-2.440000,1
53.619937,-0.047265783,-2.420000,1
53.634286,-0.047265783,-2.400000,1
53.648231,-0.047074035,-2.380000,1
53.661458,-0.046594666,-2.360000,1
53.675030,-0.046594666,-2.340000,1
53.689184,-0.046211171,-2.320000,1
53.702763,-0.046019424,-2.300000,1
53.716968,-0.046402919,-2.280000,1
53.730573,-0.046019424,-2.260000,1
53.744511,-0.046019424,-2.240000,1
53.759213,-0.046019424,-2.220000,1
53.773204,-0.045444181,-2.200000,1
53.786733,-0.044964812,-2.180000,1
53.800938,-0.045060686,-2.160000,1
53.815087,-0.045540055,-2.140000,1
53.829471,-0.045060686,-2.120000,1
53.842855,-0.044677190,-2.100000,1
53.857398,-0.044485443,-2.080000,1
53.870940,-0.044389569,-2.060000,1
53.884706,-0.044006074,-2.040000,1
53.898703,-0.044101948,-2.020000,1
53.912514,-0.043814326,-2.000000,1
53.926088,-0.043622579,-1.980000,1
53.940156,-0.043430831,-1.960000,1
53.953895,-0.043622579,-1.940000,1
53.967895,-0.043622579,-1.920000,1
53.981437,-0.043622579,-1.900000,1
53.995543,-0.043430831,-1.880000,1
54.008892,-0.042855588,-1.860000,1
54.022662,-0.042855588,-1.840000,1
54.036133,-0.042567967,-1.820000,1
54.049752,-0.042376219,-1.800000,1
54.064071,-0.042280345,-1.780000,1
54.077501,-0.042088598,-1.760000,1
54.090836,-0.041992724,-1.740000,1
54.104883,-0.041417481,-1.720000,1
54.118731,-0.041609229,-1.700000,1
54.132560,-0.041417481,-1.680000,1
54.147027,-0.041033986,-1.660000,1
54.160168,-0.041033986,-1.640000,1
54.173437,-0.040362869,-1.620000,1
54.186704,-0.040362869,-1.600000,1
54.201013,-0.039883500,-1.580000,1
54.215139,-0.039691753,-1.560000,1
54.229343,-0.039595879,-1.540000,1
54.243066,-0.039212384,-1.520000,1
54.256503,-0.038828889,-1.500000,1
54.270246,-0.038445393,-1.480000,1
54.284467,-0.037774277,-1.460000,1
54.298275,-0.037678403,-1.440000,1
54.311786,-0.037582529,-1.420000,1
54.325423,-0.037678403,-1.400000,1
54.338860,-0.036911413,-1.380000,1
54.353030,-0.037007287,-1.360000,1
54.366743,-0.036623791,-1.340000,1
54.380392,-0.036048549,-1.320000,1
54.394328,-0.035952675,-1.300000,1
54.408375,-0.035185684,-1.280000,1
54.421681,-0.035281558,-1.260000,1
54.434708,-0.034802189,-1.240000,1
54.448848,-0.034035199,-1.220000,1
54.462944,-0.034035199,-1.200000,1
54.476850,-0.033364082,-1.180000,1
54.491617,-0.033651704,-1.160000,1
54.505472,-0.032692966,-1.140000,1
54.519176,-0.032021849,-1.120000,1
54.533200,-0.031830101,-1.100000,1
54.547073,-0.030679616,-1.080000,1
54.560852,-0.030679616,-1.060000,1
54.574564,-0.030391994,-1.040000,1
54.588904,-0.029816752,-1.020000,1
54.602819,-0.029241509,-1.000000,1
54.616730,-0.029241509,-0.980000,1
54.630768,-0.028953887,-0.960000,1
54.644439,-0.028570392,-0.940000,1
54.659638,-0.028282771,-0.920000,1
54.674273,-0.028378645,-0.900000,1
54.687911,-0.027995149,-0.880000,1
54.701758,-0.027899276,-0.860000,1
54.715738,-0.027707528,-0.840000,1
54.729311,-0.027419907,-0.820000,1
54.742829,-0.027132285,-0.800000,1
54.757631,-0.027036411,-0.780000,1
54.771883,-0.026844664,-0.760000,1
54.785432,-0.026557042,-0.740000,1
54.798680,-0.026461169,-0.720000,1
54.812087,-0.026652916,-0.700000,1
54.825516,-0.026557042,-0.680000,1
54.838606,-0.025885926,-0.660000,1
54.852352,-0.025502431,-0.640000,1
54.866196,-0.025310683,-0.620000,1
54.879939,-0.024831314,-0.600000,1
54.893944,-0.024256071,-0.580000,1
54.907331,-0.024256071,-0.560000,1
54.921244,-0.023489081,-0.540000,1
54.935374,-0.023489081,-0.520000,1
54.948987,-0.022338595,-0.500000,1
54.963049,-0.022530343,-0.480000,1
54.978124,-0.022050974,-0.460000,1
54.991377,-0.021571605,-0.440000,1
55.004769,-0.021092236,-0.420000,1
55.018629,-0.020900488,-0.400000,1
55.032290,-0.020037624,-0.380000,1
55.046051,-0.019941750,-0.360000,1
55.060420,-0.019462381,-0.340000,1
55.074118,-0.019558255,-0.320000,1
55.087763,-0.018791265,-0.300000,1
55.102215,-0.018311896,-0.280000,1
55.115869,-0.018311896,-0.260000,1
55.129582,-0.017928400,-0.240000,1
55.143885,-0.017257284,-0.220000,1
55.157515,-0.016873789,-0.200000,1
55.171955,-0.016394420,-0.180000,1
55.185671,-0.015915051,-0.160000,1
55.198956,-0.015915051,-0.140000,1
55.212653,-0.015531555,-0.120000,1
55.226511,-0.015052186,-0.100000,1
55.240750,-0.014956313,-0.080000,1
55.254649,-0.014476944,-0.060000,1
55.268600,-0.014093448,-0.040000,1
55.282820,-0.013518206,-0.020000,1
55.296642,-0.013614079,0.000000,1
55.310623,-0.013614079,0.000000,2
55.324559,-0.012655342,0.020000,2
55.338405,-0.012463594,0.040000,2
55.352476,-0.012080099,0.060000,2
55.365989,-0.011792477,0.080000,2
55.380061,-0.011121361,0.100000,2
55.394557,-0.011217235,0.120000,2
55.408231,-0.010833739,0.140000,2
55.422239,-0.009970875,0.160000,2
55.435560,-0.010066749,0.180000,2
55.449798,-0.009779128,0.200000,2
55.463680,-0.009012137,0.220000,2
55.477597,-0.008341021,0.240000,2
55.491090,-0.007765778,0.260000,2
55.504724,-0.007382283,0.280000,2
55.518094,-0.006327671,0.300000,2
55.532981,-0.005656554,0.320000,2
55.547500,-0.005368933,0.340000,2
55.561700,-0.004506069,0.360000,2
55.576145,-0.001725728,0.380000,2
55.590043,0.000766990,0.400000,2
55.604202,0.004985438,0.420000,2
55.618435,0.019078886,0.440000,2
55.632077,0.048895638,0.460000,2
55.645508,0.051963599,0.480000,2
55.660006,0.052538842,0.500000,2
55.674117,0.052442968,0.520000,2
55.688090,0.053305832,0.540000,2
55.701423,0.054456318,0.560000,2
55.715055,0.055031561,0.580000,2
55.728614,0.055127435,0.600000,2
55.742395,0.055894425,0.620000,2
55.755638,0.056565542,0.640000,2
55.769345,0.056661415,0.660000,2
55.783086,0.057044911,0.680000,2
55.796675,0.057332532,0.700000,2
55.810446,0.057716027,0.720000,2
55.824590,0.057907775,0.740000,2
55.838545,0.058578891,0.760000,2
55.853127,0.058866513,0.780000,2
55.866250,0.058866513,0.800000,2
55.879899,0.059441756,0.820000,2
55.893732,0.059537629,0.840000,2
55.908439,0.060016998,0.860000,2
55.922307,0.060688115,0.880000,2
55.935440,0.060304620,0.900000,2
55.949098,0.060688115,0.920000,2
55.962460,0.061455105,0.940000,2
55.976638,0.061455105,0.960000,2
55.990553,0.061742727,0.980000,2
56.004758,0.062030348,1.000000,2
56.018694,0.062030348,1.020000,2
56.032418,0.062893212,1.040000,2
56.046038,0.063851950,1.060000,2
56.060302,0.063660203,1.080000,2
56.074364,0.064618941,1.100000,2
56.088177,0.065002436,1.120000,2
56.102778,0.065577679,1.140000,2
56.116148,0.066632290,1.160000,2
56.130203,0.067111659,1.180000,2
56.143835,0.067878650,1.200000,2
56.157964,0.068645640,1.220000,2
56.171298,0.069604378,1.240000,2
56.184898,0.070467242,1.260000,2
56.198430,0.072192971,1.280000,2
56.212067,0.072480592,1.300000,2
56.226088,0.074014573,1.320000,2
56.239805,0.075548554,1.340000,2
56.254236,0.076794913,1.360000,2
56.268146,0.078233020,1.380000,2
56.281596,0.079671127,1.400000,2
56.295730,0.081300982,1.420000,2
56.310047,0.083122584,1.440000,2
56.324163,0.084656565,1.460000,2
56.338233,0.086382293,1.480000,2
56.352114,0.088203895,1.500000,2
56.365686,0.089737876,1.520000,2
56.379820,0.090504866,1.540000,2
56.393367,0.092518216,1.560000,2
56.406986,0.093476954,1.580000,2
56.421506,0.094915061,1.600000,2
56.435045,0.095394430,1.620000,2
56.448892,0.096065547,1.640000,2
56.462731,0.097216032,1.660000,2
56.476262,0.097311906,1.680000,2
56.489747,0.098462392,1.700000,2
56.503382,0.099037635,1.720000,2
56.517270,0.099900499,1.740000,2
56.531137,0.100475742,1.760000,2
56.544759,0.100667489,1.780000,2
56.558397,0.100859237,1.800000,2
56.572023,0.101530353,1.820000,2
56.585880,0.101626227,1.840000,2
56.599458,0.102393218,1.860000,2
56.613277,0.102680839,1.880000,2
56.626812,0.103256082,1.900000,2
56.640249,0.103256082,1.920000,2
56.653973,0.103831325,1.940000,2
56.667412,0.103831325,1.960000,2
56.681894,0.104023072,1.980000,2
56.695262,0.104502441,2.000000,2
56.708723,0.105173558,2.020000,2
56.722673,0.105173558,2.040000,2
56.736697,0.106036422,2.060000,2
56.750030,0.105940548,2.080000,2
56.764082,0.106515791,2.100000,2
56.778304,0.107186908,2.120000,2
56.791621,0.107762150,2.140000,2
56.805521,0.107858024,2.160000,2
56.819715,0.108816762,2.180000,2
56.833198,0.109679626,2.200000,2
56.846735,0.110158995,2.220000,2
56.860538,0.110638364,2.240000,2
56.874021,0.111788850,2.260000,2
56.887445,0.112076471,2.280000,2
56.900895,0.112843462,2.300000,2
56.914680,0.113993947,2.320000,2
56.928532,0.115240307,2.340000,2
56.942496,0.115815549,2.360000,2
56.956406,0.116582540,2.380000,2
56.970325,0.117541278,2.400000,2
56.983910,0.118787637,2.420000,2
56.998996,0.119938123,2.440000,2
57.013113,0.120705113,2.460000,2
57.026661,0.121951473,2.480000,2
57.040495,0.122718463,2.500000,2
57.054681,0.123101958,2.520000,2
57.068564,0.124156570,2.540000,2
57.081911,0.124731813,2.560000,2
57.095993,0.125307056,2.580000,2
57.109243,0.126361667,2.600000,2
57.123432,0.126841036,2.620000,2
57.137141,0.127032784,2.640000,2
57.151081,0.127512153,2.660000,2
57.164911,0.128087396,2.680000,2
57.178917,0.128662639,2.700000,2
57.192565,0.128950260,2.720000,2
57.205966,0.130004872,2.740000,2
57.219659,0.130484241,2.760000,2
57.233602,0.130867736,2.780000,2
57.247660,0.131251231,2.800000,2
57.261883,0.131730600,2.820000,2
57.275582,0.132114095,2.840000,2
57.289681,0.133264581,2.860000,2
57.303406,0.133456329,2.880000,2
57.317434,0.134319193,2.900000,2
57.331282,0.134606814,2.920000,2
57.345289,0.135086183,2.940000,2
57.359039,0.135469678,2.960000,2
57.372576,0.136044921,2.980000,2
57.386513,0.137003659,3.000000,2
57.400345,0.137099533,3.020000,2
57.414116,0.138058271,3.040000,2
57.427657,0.138633514,3.060000,2
57.441642,0.139112883,3.080000,2
57.455091,0.140263368,3.100000,2
57.468837,0.140646863,3.120000,2
57.482518,0.141605601,3.140000,2
57.496114,0.141701475,3.160000,2
57.510703,0.142468466,3.180000,2
57.524525,0.142851961,3.200000,2
57.538347,0.143235456,3.220000,2
57.552439,0.144002446,3.240000,2
57.566278,0.145057058,3.260000,2
57.579410,0.145440553,3.280000,2
57.593785,0.146111670,3.300000,2
57.607335,0.146303418,3.320000,2
57.620885,0.146878660,3.340000,2
57.635042,0.147549777,3.360000,2
57.648928,0.148412641,3.380000,2
57.662669,0.148796136,3.400000,2
57.676862,0.149467253,3.420000,2
57.690317,0.150138370,3.440000,2
57.704056,0.150905360,3.460000,2
57.717606,0.151672350,3.480000,2
57.731120,0.152631088,3.500000,2
57.744616,0.152822836,3.520000,2
57.758171,0.154069195,3.540000,2
57.772454,0.154452691,3.560000,2
57.785924,0.155123807,3.580000,2
57.800081,0.155890798,3.600000,2
57.814773,0.156945409,3.620000,2
57.828263,0.157808274,3.640000,2
57.841713,0.158767012,3.660000,2
57.855680,0.159150507,3.680000,2
57.869830,0.160109245,3.700000,2
57.883694,0.160492740,3.720000,2
57.897730,0.161547352,3.740000,2
57.911347,0.161930847,3.760000,2
57.925036,0.162506090,3.780000,2
57.938626,0.163081333,3.800000,2
57.952834,0.164135944,3.820000,2
57.966348,0.164327692,3.840000,2
57.980074,0.164519440,3.860000,2
57.993934,0.165094682,3.880000,2
58.008111,0.165382304,3.900000,2
58.021456,0.165765799,3.920000,2
58.034933,0.165957546,3.940000,2
58.049005,0.166724537,3.960000,2
58.063368,0.167203906,3.980000,2
58.076559,0.167683275,4.000000,2
58.090518,0.167875022,4.020000,2
58.104225,0.168258518,4.040000,2
58.118202,0.168929634,4.060000,2
58.131681,0.169025508,4.080000,2
58.145996,0.169313129,4.100000,2
58.159841,0.170175994,4.120000,2
58.174019,0.169984246,4.140000,2
58.187604,0.170367741,4.160000,2
58.200947,0.171038858,4.180000,2
58.214219,0.171134732,4.200000,2
58.228034,0.171326479,4.220000,2
58.242040,0.171326479,4.240000,2
58.256609,0.171901722,4.260000,2
58.271321,0.172476965,4.280000,2
58.284497,0.172572839,4.300000,2
58.298339,0.172956334,4.320000,2
58.311716,0.173243955,4.340000,2
58.324846,0.173339829,4.360000,2
58.337862,0.173435703,4.380000,2
58.351794,0.173915072,4.400000,2
58.365590,0.174106819,4.420000,2
58.379074,0.174394441,4.440000,2
58.391948,0.174586188,4.460000,2
58.405412,0.175065557,4.480000,2
58.419165,0.175257305,4.500000,2
58.433249,0.175449053,4.520000,2
58.447457,0.176120169,4.540000,2
58.462378,0.176120169,4.560000,2
58.481433,0.176599538,4.580000,2
58.495621,0.176791286,4.600000,2
58.508929,0.176887160,4.620000,2
58.522161,0.176983033,4.640000,2
58.538165,0.177270655,4.660000,2
58.551242,0.177845898,4.680000,2
58.564709,0.178133519,4.700000,2
58.578536,0.178517014,4.720000,2
58.592559,0.178612888,4.740000,2
58.606094,0.178804636,4.760000,2
58.620561,0.178900509,4.780000,2
58.633734,0.179571626,4.800000,2
58.647057,0.179667500,4.820000,2
58.660856,0.179667500,4.840000,2
58.674042,0.180146869,4.860000,2
58.687507,0.180626238,4.880000,2
58.700737,0.180626238,4.900000,2
58.714048,0.180817985,4.920000,2
58.727966,0.181201481,4.940000,2
58.741929,0.181680850,4.960000,2
58.755412,0.181872597,4.980000,2
58.769551,0.182256092,5.000000,2
58.783300,0.182639588,5.020000,2
58.796719,0.182831335,5.040000,2
58.810416,0.182831335,5.060000,2
58.823969,0.183981821,5.080000,2
58.838001,0.184077695,5.100000,2
58.851977,0.184557064,5.120000,2
58.865544,0.185132306,5.140000,2
58.879350,0.184844685,5.160000,2
58.893474,0.185803423,5.180000,2
58.906832,0.185515802,5.200000,2
58.920630,0.185803423,5.220000,2
58.934340,0.186570413,5.240000,2
58.947915,0.186858035,5.260000,2
58.961756,0.187529151,5.280000,2
58.975696,0.187433278,5.300000,2
58.989181,0.188104394,5.320000,2
59.003304,0.188392016,5.340000,2
59.017405,0.188871385,5.360000,2
59.031071,0.189063132,5.380000,2
59.044932,0.189446627,5.400000,2
59.059958,0.189925996,5.420000,2
59.074232,0.190405365,5.440000,2
59.088277,0.190980608,5.460000,2
59.102195,0.191555851,5.480000,2
59.116311,0.191939346,5.500000,2
59.130120,0.192226967,5.520000,2
59.143940,0.192418715,5.540000,2
59.157684,0.192993958,5.560000,2
59.171275,0.192993958,5.580000,2
59.185167,0.193377453,5.600000,2
59.199332,0.194336191,5.620000,2
59.213332,0.194527939,5.640000,2
59.226959,0.195103181,5.660000,2
59.241192,0.195103181,5.680000,2
59.254661,0.195582550,5.700000,2
59.268994,0.195870172,5.720000,2
59.282204,0.196733036,5.740000,2
59.295954,0.197308279,5.760000,2
59.309776,0.197404153,5.780000,2
59.322773,0.197883522,5.800000,2
59.336478,0.198746386,5.820000,2
59.350451,0.199321629,5.840000,2
59.364284,0.199225755,5.860000,2
59.378900,0.199896871,5.880000,2
59.392748,0.199896871,5.900000,2
59.405930,0.200663862,5.920000,2
59.419492,0.200759736,5.940000,2
59.432349,0.201430852,5.960000,2
59.445510,0.201526726,5.980000,2
59.459435,0.202101969,6.000000,2
59.473896,0.202485464,6.020000,2
59.487309,0.202868959,6.040000,2
59.501006,0.203252454,6.060000,2
59.515096,0.203731823,6.080000,2
59.528401,0.204115319,6.100000,2
59.541976,0.204498814,6.120000,2
59.555914,0.204978183,6.140000,2
59.569382,0.204978183,6.160000,2
59.582957,0.205361678,6.180000,2
59.597177,0.206128668,6.200000,2
59.610970,0.206416290,6.220000,2
59.624736,0.206703911,6.240000,2
59.639126,0.206895659,6.260000,2
59.653145,0.207470902,6.280000,2
59.666794,0.207950271,6.300000,2
59.680393,0.207470902,6.320000,2
59.693960,0.208429640,6.340000,2
59.707636,0.208429640,6.360000,2
59.721569,0.208621387,6.380000,2
59.734988,0.208813135,6.400000,2
59.748722,0.209196630,6.420000,2
59.762897,0.209484251,6.440000,2
59.777020,0.209484251,6.460000,2
59.790525,0.210059494,6.480000,2
59.804614,0.210251242,6.500000,2
59.818372,0.210442989,6.520000,2
59.832053,0.210922358,6.540000,2
59.846236,0.211305854,6.560000,2
59.859431,0.211305854,6.580000,2
59.872996,0.211305854,6.600000,2
59.886661,0.211976970,6.620000,2
59.900857,0.212168718,6.640000,2
59.914678,0.212360465,6.660000,2
59.928245,0.212935708,6.680000,2
59.942441,0.212743961,6.700000,2
59.955881,0.212839834,6.720000,2
59.969668,0.213223330,6.740000,2
59.983652,0.213606825,6.760000,2
59.997393,0.213894446,6.780000,2
60.011090,0.214086194,6.800000,2
60.025268,0.214086194,6.820000,2
60.039490,0.214565563,6.840000,2
60.053091,0.214565563,6.860000,2
60.066845,0.214949058,6.880000,2
60.080179,0.215428427,6.900000,2
60.094608,0.215428427,6.920000,2
60.108314,0.215428427,6.940000,2
60.122116,0.216291291,6.960000,2
60.136146,0.216003670,6.980000,2
60.149536,0.216770660,7.000000,2
60.162991,0.216387165,7.020000,2
60.177013,0.216962408,7.040000,2
60.191019,0.217154155,7.060000,2
60.204848,0.217345903,7.080000,2
60.218841,0.217921146,7.100000,2
60.233036,0.217921146,7.120000,2
60.247572,0.218496388,7.140000,2
60.261077,0.218496388,7.160000,2
60.274908,0.218688136,7.180000,2
60.289027,0.219263379,7.200000,2
60.302959,0.219263379,7.220000,2
60.316333,0.219742748,7.240000,2
60.330622,0.219551000,7.260000,2
60.344097,0.220317991,7.280000,2
60.357805,0.220605612,7.300000,2
60.371324,0.221084981,7.320000,2
60.384528,0.221276729,7.340000,2
60.398381,0.221180855,7.360000,2
60.412301,0.221660224,7.380000,2
60.425682,0.221756098,7.400000,2
60.441306,0.222235467,7.420000,2
60.454925,0.222618962,7.440000,2
60.468445,0.223098331,7.460000,2
60.482627,0.223290078,7.480000,2
60.496894,0.223290078,7.500000,2
60.510366,0.223769447,7.520000,2
60.524092,0.223865321,7.540000,2
60.537583,0.224248816,7.560000,2
60.551230,0.224919933,7.580000,2
60.565711,0.224919933,7.600000,2
60.579126,0.225207554,7.620000,2
60.592511,0.225495176,7.640000,2
60.607099,0.226070419,7.660000,2
60.620921,0.226358040,7.680000,2
60.634711,0.226453914,7.700000,2
60.648557,0.226741535,7.720000,2
60.662635,0.227029157,7.740000,2
60.676249,0.227508526,7.760000,2
60.689763,0.227508526,7.780000,2
60.704794,0.228179642,7.800000,2
60.718182,0.228467264,7.820000,2
60.731988,0.228563137,7.840000,2
60.746418,0.228754885,7.860000,2
60.759731,0.228850759,7.880000,2
60.773374,0.229713623,7.900000,2
60.787281,0.230288866,7.920000,2
60.800779,0.230384740,7.940000,2
60.814425,0.230576487,7.960000,2
60.828192,0.231055856,7.980000,2
60.842263,0.231247604,8.000000,2
60.856188,0.231726973,8.020000,2
60.869710,0.232014594,8.040000,2
60.883741,0.232493963,8.060000,2
60.897484,0.232685711,8.080000,2
60.910593,0.233548575,8.100000,2
60.925048,0.233260954,8.120000,2
60.939174,0.233740323,8.140000,2
60.953232,0.233932070,8.160000,2
60.966496,0.234603187,8.180000,2
60.979801,0.235082556,8.200000,2
60.993139,0.235370177,8.220000,2
61.006576,0.235849546,8.240000,2
61.020262,0.235849546,8.260000,2
61.034031,0.236137168,8.280000,2
61.049491,0.236520663,8.300000,2
61.063691,0.236904158,8.320000,2
61.077211,0.237479401,8.340000,2
61.091257,0.237862896,8.360000,2
61.104691,0.237958770,8.380000,2
61.118184,0.238150517,8.400000,2
61.132285,0.238534013,8.420000,2
61.146069,0.239013382,8.440000,2
61.159867,0.239109255,8.460000,2
61.174336,0.239588624,8.480000,2
61.190293,0.240259741,8.500000,2
61.203887,0.239876246,8.520000,2
61.217213,0.240451489,8.540000,2
61.231810,0.240834984,8.560000,2
61.245149,0.241314353,8.580000,2
61.258907,0.241506100,8.600000,2
61.273659,0.241410226,8.620000,2
61.287308,0.241889595,8.640000,2
61.300390,0.241985469,8.660000,2
61.314422,0.242368964,8.680000,2
61.327907,0.242752460,8.700000,2
61.341624,0.243423576,8.720000,2
61.355868,0.243327702,8.740000,2
61.370025,0.243423576,8.760000,2
61.383892,0.244286440,8.780000,2
61.397926,0.243998819,8.800000,2
61.411561,0.244382314,8.820000,2
61.425029,0.244478188,8.840000,2
61.438656,0.244574062,8.860000,2
61.452330,0.244957557,8.880000,2
61.466070,0.245341052,8.900000,2
61.479161,0.245628674,8.920000,2
61.492568,0.245628674,8.940000,2
61.506209,0.246395664,8.960000,2
61.520025,0.246203916,8.980000,2
61.534167,0.246395664,9.000000,2
61.547725,0.246587412,9.020000,2
61.561889,0.246875033,9.040000,2
61.576120,0.247162654,9.060000,2
61.589982,0.247737897,9.080000,2
61.603762,0.247929645,9.100000,2
61.617541,0.247833771,9.120000,2
61.631711,0.248792509,9.140000,2
61.645435,0.248600761,9.160000,2
61.659108,0.248600761,9.180000,2
61.672435,0.248984257,9.200000,2
61.686273,0.249463626,9.220000,2
61.700915,0.249559499,9.240000,2
61.714617,0.249942995,9.260000,2
61.728305,0.249942995,9.280000,2
61.741841,0.250134742,9.300000,2
61.756294,0.250518237,9.320000,2
61.770154,0.250230616,9.340000,2
61.784357,0.250709985,9.360000,2
61.797914,0.251189354,9.380000,2
61.811658,0.251381102,9.400000,2
61.825902,0.251572849,9.420000,2
61.839154,0.251860471,9.440000,2
61.852453,0.252339840,9.460000,2
61.866203,0.252339840,9.480000,2
61.879664,0.252531587,9.500000,2
61.893548,0.252819209,9.520000,2
61.907539,0.252819209,9.540000,2
61.921323,0.253298578,9.560000,2
61.934868,0.253394451,9.580000,2
61.948948,0.253586199,9.600000,2
61.962554,0.253777947,9.620000,2
61.976559,0.254161442,9.640000,2
61.990744,0.254544937,9.660000,2
62.004085,0.255024306,9.680000,2
62.017737,0.254640811,9.700000,2
62.031349,0.254832558,9.720000,2
62.044895,0.255120180,9.740000,2
62.058624,0.255503675,9.760000,2
62.072073,0.255407801,9.780000,2
62.085667,0.255887170,9.800000,2
62.099355,0.255983044,9.820000,2
62.113083,0.256654161,9.840000,2
62.126946,0.256366539,9.860000,2
62.140672,0.256654161,9.880000,2
62.155000,0.257229403,9.900000,2
62.169259,0.257133530,9.920000,2
62.182882,0.257133530,9.940000,2
62.196703,0.257804646,9.960000,2
62.210867,0.257708772,9.980000,2
62.224337,0.258379889,10.000000,2
62.238022,0.258571637,10.020000,2
62.252001,0.258859258,10.040000,2
62.265574,0.259338627,10.060000,2
62.278942,0.259146879,10.080000,2
62.292615,0.259530375,10.100000,2
62.306192,0.259626248,10.120000,2
62.319889,0.260105617,10.140000,2
62.333745,0.260393239,10.160000,2
62.347694,0.260393239,10.180000,2
62.361115,0.260872608,10.200000,2
62.374656,0.261256103,10.220000,2
62.387973,0.261447851,10.240000,2
62.401619,0.261831346,10.260000,2
62.415306,0.262023093,10.280000,2
62.428775,0.262118967,10.300000,2
62.442296,0.262406589,10.320000,2
62.455914,0.262406589,10.340000,2
62.469404,0.262885958,10.360000,2
62.483285,0.263269453,10.380000,2
62.496690,0.263173579,10.400000,2
62.510621,0.263652948,10.420000,2
62.524289,0.264228191,10.440000,2
62.537897,0.264515812,10.460000,2
62.551466,0.264995181,10.480000,2
62.565459,0.265091055,10.500000,2
62.579283,0.265378676,10.520000,2
62.592998,0.265378676,10.540000,2
62.606898,0.265762172,10.560000,2
62.620565,0.266145667,10.580000,2
62.634228,0.266529162,10.600000,2
62.648131,0.267296152,10.620000,2
62.661663,0.267200278,10.640000,2
62.675996,0.267487900,10.660000,2
62.690285,0.267487900,10.680000,2
62.704160,0.268063143,10.700000,2
62.718283,0.268159016,10.720000,2
62.732202,0.268734259,10.740000,2
62.746210,0.268734259,10.760000,2
62.760123,0.269213628,10.780000,2
62.774197,0.269692997,10.800000,2
62.788172,0.269980619,10.820000,2
62.802331,0.270172366,10.840000,2
62.816292,0.270651735,10.860000,2
62.830058,0.270651735,10.880000,2
62.843323,0.271610473,10.900000,2
62.857428,0.271226978,10.920000,2
62.871267,0.271802221,10.940000,2
62.885058,0.272089842,10.960000,2
62.898509,0.272473337,10.980000,2
62.912308,0.273144454,11.000000,2
62.926498,0.273240328,11.020000,2
62.940701,0.273623823,11.040000,2
62.954885,0.274007318,11.060000,2
62.968195,0.273911444,11.080000,2
62.981852,0.274774309,11.100000,2
62.995847,0.275157804,11.120000,2
63.009429,0.275541299,11.140000,2
63.023224,0.275541299,11.160000,2
63.037406,0.275924794,11.180000,2
63.051269,0.276308289,11.200000,2
63.065591,0.276595911,11.220000,2
63.080163,0.277075280,11.240000,2
63.093590,0.277171154,11.260000,2
63.107367,0.277842270,11.280000,2
63.121118,0.277938144,11.300000,2
63.134786,0.278129892,11.320000,2
63.148620,0.278801008,11.340000,2
63.162644,0.278992756,11.360000,2
63.176163,0.279280377,11.380000,2
63.190177,0.279472125,11.400000,2
63.205238,0.279759746,11.420000,2
63.218435,0.279951494,11.440000,2
63.232422,0.280526737,11.460000,2
63.245895,0.280718484,11.480000,2
63.260407,0.281197853,11.500000,2
63.273615,0.281389601,11.520000,2
63.286962,0.281581348,11.540000,2
63.300367,0.282156591,11.560000,2
63.313684,0.282731834,11.580000,2
63.326504,0.282731834,11.600000,2
63.339458,0.283019455,11.620000,2
63.352892,0.283307077,11.640000,2
63.366338,0.283594698,11.660000,2
63.379489,0.283786446,11.680000,2
63.392843,0.283978193,11.700000,2
63.407063,0.284457562,11.720000,2
63.420588,0.284553436,11.740000,2
63.433956,0.284936931,11.760000,2
63.448193,0.285320427,11.780000,2
63.462408,0.285703922,11.800000,2
63.476503,0.285703922,11.820000,2
63.489796,0.285703922,11.840000,2
63.504426,0.286662660,11.860000,2
63.518541,0.286758534,11.880000,2
63.532657,0.286950281,11.900000,2
63.546326,0.287237903,11.920000,2
63.560308,0.287429650,11.940000,2
63.574362,0.287621398,11.960000,2
63.587915,0.288100767,11.980000,2
63.601368,0.288100767,12.000000,2
63.615599,0.288676010,12.020000,2
63.629607,0.288580136,12.040000,2
63.643260,0.288771883,12.060000,2
63.656891,0.288867757,12.080000,2
63.670867,0.289826495,12.100000,2
63.684361,0.289826495,12.120000,2
63.697960,0.290114117,12.140000,2
63.712066,0.290209990,12.160000,2
63.725778,0.290401738,12.180000,2
63.739409,0.291456350,12.200000,2
63.752878,0.291264602,12.220000,2
63.766153,0.291360476,12.240000,2
63.779976,0.292127466,12.260000,2
63.793184,0.292031592,12.280000,2
63.807060,0.292415088,12.300000,2
63.820789,0.292798583,12.320000,2
63.834839,0.292702709,12.340000,2
63.848574,0.293277952,12.360000,2
63.862140,0.293469699,12.380000,2
63.875937,0.293661447,12.400000,2
63.889895,0.294236690,12.420000,2
63.903527,0.294332564,12.440000,2
63.917627,0.294716059,12.460000,2
63.931121,0.294907806,12.480000,2
63.944917,0.295483049,12.500000,2
63.958801,0.295387175,12.520000,2
63.972287,0.295866544,12.540000,2
63.985848,0.296633535,12.560000,2
64.000201,0.296345913,12.580000,2
64.015103,0.297208778,12.600000,2
64.028724,0.297304651,12.620000,2
64.041903,0.297592273,12.640000,2
64.055567,0.298263389,12.660000,2
64.068851,0.298359263,12.680000,2
64.082528,0.299030380,12.700000,2
64.096550,0.298934506,12.720000,2
64.109947,0.299413875,12.740000,2
64.123753,0.299797370,12.760000,2
64.137960,0.300180865,12.780000,2
64.151611,0.300468487,12.800000,2
64.164865,0.300756108,12.820000,2
64.178298,0.301714846,12.840000,2
64.192250,0.301906594,12.860000,2
64.206228,0.302098341,12.880000,2
64.220264,0.302673584,12.900000,2
64.234059,0.303057079,12.920000,2
64.247601,0.303440575,12.940000,2
64.261009,0.303919944,12.960000,2
64.274844,0.304782808,12.980000,2
64.288606,0.304686934,13.000000,2
64.302588,0.305358051,13.020000,2
64.317576,0.305741546,13.040000,2
64.330958,0.306508536,13.060000,2
64.344439,0.306892031,13.080000,2
64.357843,0.307659022,13.100000,2
64.371606,0.308138391,13.120000,2
64.386877,0.308905381,13.140000,2
64.400594,0.309576498,13.160000,2
64.414219,0.310151741,13.180000,2
64.428007,0.310726983,13.200000,2
64.441694,0.311877469,13.220000,2
64.455824,0.311877469,13.240000,2
64.469135,0.312740333,13.260000,2
64.483539,0.313315576,13.280000,2
64.496891,0.314082566,13.300000,2
64.511453,0.314849557,13.320000,2
64.524876,0.315808295,13.340000,2
64.539056,0.316767033,13.360000,2
64.552235,0.317821644,13.380000,2
64.566011,0.318780382,13.400000,2
64.579660,0.319547373,13.420000,2
64.593195,0.320506111,13.440000,2
64.606412,0.321177227,13.460000,2
64.620299,0.322231839,13.480000,2
64.634016,0.323094703,13.500000,2
64.647476,0.324245189,13.520000,2
64.661049,0.325203927,13.540000,2
64.675140,0.326258539,13.560000,2
64.688498,0.327504898,13.580000,2
64.702620,0.328559510,13.600000,2
64.716597,0.329422374,13.620000,2
64.729893,0.330668734,13.640000,2
64.743524,0.332010967,13.660000,2
64.757209,0.333449074,13.680000,2
64.771748,0.334887181,13.700000,2
64.786982,0.336708783,13.720000,2
64.800746,0.338051016,13.740000,2
64.815488,0.339584997,13.760000,2
64.828799,0.341885968,13.780000,2
64.842968,0.343995192,13.800000,2
64.857587,0.346392037,13.820000,2
64.870878,0.349268251,13.840000,2
64.884690,0.351856843,13.860000,2
64.898223,0.354349562,13.880000,2
64.912177,0.356458786,13.900000,2
64.925725,0.358376262,13.920000,2
64.939499,0.359526747,13.940000,2
64.953417,0.360964854,13.960000,2
64.967353,0.362115340,13.980000,2
64.980657,0.362690583,14.000000,2
64.994045,0.363457573,14.020000,2
65.008302,0.364416311,14.040000,2
65.021823,0.365183301,14.060000,2
65.035473,0.365758544,14.080000,2
65.049435,0.366333787,14.100000,2
65.063025,0.366717282,14.120000,2
65.077024,0.367004904,14.140000,2
65.090643,0.367484272,14.160000,2
65.104656,0.367963641,14.180000,2
65.117838,0.368347137,14.200000,2
65.131903,0.368730632,14.220000,2
65.145494,0.369210001,14.240000,2
65.159457,0.369689370,14.260000,2
65.173863,0.369689370,14.280000,2
65.188033,0.370360486,14.300000,2
65.202282,0.370648108,14.320000,2
65.215960,0.370839855,14.340000,2
65.229638,0.370935729,14.360000,2
65.243484,0.370935729,14.380000,2
65.257148,0.371415098,14.400000,2
65.270714,0.371510972,14.420000,2
65.284444,0.372086215,14.440000,2
65.298413,0.371606846,14.460000,2
65.312014,0.372373836,14.480000,2
65.325742,0.372469710,14.500000,2
65.340923,0.373140827,14.520000,2
65.354752,0.373332574,14.540000,2
65.368943,0.373236700,14.560000,2
65.383279,0.373524322,14.580000,2
65.397209,0.373620196,14.600000,2
65.410825,0.373907817,14.620000,2
65.424747,0.374099565,14.640000,2
65.438069,0.374770681,14.660000,2
65.452063,0.374674807,14.680000,2
65.466327,0.374770681,14.700000,2
65.480173,0.375154176,14.720000,2
65.493823,0.375441798,14.740000,2
65.507711,0.375058303,14.760000,2
65.521134,0.375729419,14.780000,2
65.534846,0.375921167,14.800000,2
65.548669,0.376112914,14.820000,2
65.562237,0.376400536,14.840000,2
65.576070,0.376496410,14.860000,2
65.589689,0.376496410,14.880000,2
65.603614,0.376879905,14.900000,2
65.617112,0.376879905,14.920000,2
65.631060,0.377551021,14.940000,2
65.644439,0.377455148,14.960000,2
65.657893,0.377838643,14.980000,2
65.672220,0.377934517,15.000000,2
65.686797,0.378413886,15.020000,2
65.700660,0.378318012,15.040000,2
65.715297,0.378509759,15.060000,2
65.729992,0.378989128,15.080000,2
65.743396,0.378701507,15.100000,2
65.757589,0.379085002,15.120000,2
65.771986,0.379372624,15.140000,2
65.786004,0.379468497,15.160000,2
65.800707,0.379564371,15.180000,2
65.813911,0.379947866,15.200000,2
65.827945,0.379756119,15.220000,2
65.841354,0.380331362,15.240000,2
65.854934,0.380523109,15.260000,2
65.868934,0.380906604,15.280000,2
65.882308,0.380618983,15.300000,2
65.895948,0.381098352,15.320000,2
65.909576,0.381385973,15.340000,2
65.923418,0.381194226,15.360000,2
65.936924,0.381577721,15.380000,2
65.950278,0.381577721,15.400000,2
65.964173,0.382248838,15.420000,2
65.977948,0.382248838,15.440000,2
65.992700,0.382440585,15.460000,2
66.006074,0.382344711,15.480000,2
66.020107,0.382344711,15.500000,2
66.033890,0.383015828,15.520000,2
66.047570,0.382632333,15.540000,2
66.061736,0.382919954,15.560000,2
66.075637,0.383303449,15.580000,2
66.089898,0.383878692,15.600000,2
66.104147,0.383686945,15.620000,2
66.117892,0.383878692,15.640000,2
66.131669,0.383782818,15.660000,2
66.145682,0.384262187,15.680000,2
66.159429,0.383974566,15.700000,2
66.173085,0.384453935,15.720000,2
66.186942,0.384453935,15.740000,2
66.200701,0.384933304,15.760000,2
66.214852,0.384741556,15.780000,2
66.228527,0.385220925,15.800000,2
66.242266,0.385125052,15.820000,2
66.256289,0.385412673,15.840000,2
66.269858,0.385796168,15.860000,2
66.283530,0.385700294,15.880000,2
66.298016,0.385987916,15.900000,2
66.311350,0.386275537,15.920000,2
66.325033,0.386467285,15.940000,2
66.338840,0.386659032,15.960000,2
66.352007,0.386754906,15.980000,2
66.365709,0.386946654,16.000000,2
66.379819,0.386946654,16.020000,2
66.393193,0.387426023,16.040000,2
66.406403,0.387330149,16.060000,2
66.420675,0.387617770,16.080000,2
66.434160,0.387905392,16.100000,2
66.448111,0.388097139,16.120000,2
66.462728,0.388384761,16.140000,2
66.476277,0.388480635,16.160000,2
66.489872,0.388480635,16.180000,2
66.503786,0.388576508,16.200000,2
66.517621,0.389343499,16.220000,2
66.530902,0.389151751,16.240000,2
66.544556,0.389439373,16.260000,2
66.558296,0.389535246,16.280000,2
66.572456,0.389726994,16.300000,2
66.586973,0.389535246,16.320000,2
66.600713,0.390110489,16.340000,2
66.614508,0.390493984,16.360000,2
66.628925,0.390685732,16.380000,2
66.642541,0.390589858,16.400000,2
66.656416,0.390973353,16.420000,2
66.670577,0.390877480,16.440000,2
66.684523,0.390973353,16.460000,2
66.697960,0.391356849,16.480000,2
66.711903,0.391740344,16.500000,2
66.725637,0.391740344,16.520000,2
66.739045,0.391644470,16.540000,2
66.752840,0.391836218,16.560000,2
66.766531,0.392027965,16.580000,2
66.780320,0.392123839,16.600000,2
66.793631,0.392411460,16.620000,2
66.807360,0.392507334,16.640000,2
66.820530,0.392890829,16.660000,2
66.834219,0.392699082,16.680000,2
66.848030,0.392986703,16.700000,2
66.861957,0.393466072,16.720000,2
66.876262,0.394041315,16.740000,2
66.889996,0.393561946,16.760000,2
66.903427,0.393657820,16.780000,2
66.917670,0.394233062,16.800000,2
66.931350,0.394328936,16.820000,2
66.945040,0.394328936,16.840000,2
66.959330,0.394520684,16.860000,2
66.972706,0.394904179,16.880000,2
66.986491,0.394904179,16.900000,2
67.000955,0.395383548,16.920000,2
67.014345,0.395191800,16.940000,2
67.028243,0.394904179,16.960000,2
67.041894,0.395575296,16.980000,2
67.055455,0.395767043,17.000000,2
67.068913,0.395767043,17.020000,2
67.082448,0.395862917,17.040000,2
67.096020,0.395958791,17.060000,2
67.109212,0.396246412,17.080000,2
67.122900,0.396438160,17.100000,2
67.136533,0.396821655,17.120000,2
67.150692,0.396629907,17.140000,2
67.164633,0.396438160,17.160000,2
67.178323,0.396917529,17.180000,2
67.192514,0.397205150,17.200000,2
67.206731,0.397492772,17.220000,2
67.220601,0.397301024,17.240000,2
67.234038,0.397492772,17.260000,2
67.247747,0.397972141,17.280000,2
67.261281,0.397684519,17.300000,2
67.274845,0.397780393,17.320000,2
67.288345,0.398259762,17.340000,2
67.302139,0.398547383,17.360000,2
67.315692,0.398451510,17.380000,2
67.329928,0.398739131,17.400000,2
67.343566,0.398739131,17.420000,2
67.356853,0.398930879,17.440000,2
67.370563,0.398739131,17.460000,2
67.384400,0.399314374,17.480000,2
67.398394,0.399410248,17.500000,2
67.412292,0.399410248,17.520000,2
67.426414,0.400081364,17.540000,2
67.440145,0.399506121,17.560000,2
67.453749,0.399985490,17.580000,2
67.467646,0.399985490,17.600000,2
67.481749,0.400560733,17.620000,2
67.495998,0.400560733,17.640000,2
67.510266,0.400464859,17.660000,2
67.524008,0.400560733,17.680000,2
67.538163,0.400944228,17.700000,2
67.551679,0.401135976,17.720000,2
67.564972,0.401327724,17.740000,2
67.578767,0.401327724,17.760000,2
67.592131,0.401231850,17.780000,2
67.605759,0.401711219,17.800000,2
67.619409,0.401711219,17.820000,2
67.632882,0.401902966,17.840000,2
67.646780,0.401807093,17.860000,2
67.660249,0.402190588,17.880000,2
67.674045,0.402669957,17.900000,2
67.688630,0.402286462,17.920000,2
67.701982,0.402765831,17.940000,2
67.715628,0.402765831,17.960000,2
67.729519,0.403149326,17.980000,2
67.743177,0.403245200,18.000000,2
67.756766,0.403436947,18.020000,2
67.770677,0.403436947,18.040000,2
67.784956,0.403724569,18.060000,2
67.798495,0.403532821,18.080000,2
67.812200,0.403820442,18.100000,2
67.826291,0.403916316,18.120000,2
67.839559,0.404203938,18.140000,2
67.853307,0.404395685,18.160000,2
67.867637,0.404203938,18.180000,2
67.881726,0.404012190,18.200000,2
67.895690,0.405066802,18.220000,2
67.910056,0.404875054,18.240000,2
67.923862,0.404587433,18.260000,2
67.937884,0.404683307,18.280000,2
67.951312,0.405354423,18.300000,2
67.964779,0.405546171,18.320000,2
67.978222,0.405737918,18.340000,2
67.992517,0.405546171,18.360000,2
68.006265,0.406025540,18.380000,2
68.020474,0.406025540,18.400000,2
68.034761,0.406313161,18.420000,2
68.048177,0.406504909,18.440000,2
68.061885,0.406888404,18.460000,2
68.075743,0.406504909,18.480000,2
68.089576,0.406888404,18.500000,2
68.104122,0.407080152,18.520000,2
68.117845,0.407080152,18.540000,2
68.131640,0.407080152,18.560000,2
68.145970,0.407176025,18.580000,2
68.159434,0.407943016,18.600000,2
68.173658,0.407655394,18.620000,2
68.187993,0.407751268,18.640000,2
68.201513,0.407943016,18.660000,2
68.215028,0.408326511,18.680000,2
68.228431,0.408422385,18.700000,2
68.241590,0.408518259,18.720000,2
68.255005,0.409093501,18.740000,2
68.269700,0.408422385,18.760000,2
68.283451,0.409189375,18.780000,2
68.297103,0.409093501,18.800000,2
68.310459,0.409285249,18.820000,2
68.323528,0.409285249,18.840000,2
68.336964,0.409476997,18.860000,2
68.350679,0.409956366,18.880000,2
68.364105,0.409764618,18.900000,2
68.377864,0.410148113,18.920000,2
68.391431,0.410339861,18.940000,2
68.405788,0.410339861,18.960000,2
68.419349,0.410723356,18.980000,2
68.433874,0.410915104,19.000000,2
68.447484,0.411010977,19.020000,2
68.460947,0.411298599,19.040000,2
68.474313,0.411298599,19.060000,2
68.488185,0.411202725,19.080000,2
68.501940,0.411682094,19.100000,2
68.515601,0.411394473,19.120000,2
68.529052,0.411873842,19.140000,2
68.542370,0.412065589,19.160000,2
68.556390,0.411777968,19.180000,2
68.570078,0.412161463,19.200000,2
68.584770,0.412544958,19.220000,2
68.598337,0.412736706,19.240000,2
68.611867,0.413024327,19.260000,2
68.625039,0.413120201,19.280000,2
68.638620,0.413024327,19.300000,2
68.652224,0.413024327,19.320000,2
68.667002,0.413599570,19.340000,2
68.680343,0.413983065,19.360000,2
68.694334,0.413695444,19.380000,2
68.708390,0.414270687,19.400000,2
68.722104,0.413887191,19.420000,2
68.736053,0.414366560,19.440000,2
68.749372,0.414462434,19.460000,2
68.762865,0.414462434,19.480000,2
68.776547,0.414941803,19.500000,2
68.790216,0.414941803,19.520000,2
68.804299,0.415133551,19.540000,2
68.818577,0.415325298,19.560000,2
68.832192,0.415804667,19.580000,2
68.846138,0.415996415,19.600000,2
68.860187,0.415900541,19.620000,2
68.874154,0.416188163,19.640000,2
68.887356,0.416188163,19.660000,2
68.900922,0.416667532,19.680000,2
68.914613,0.416379910,19.700000,2
68.928062,0.416955153,19.720000,2
68.942013,0.417242774,19.740000,2
68.955471,0.417146901,19.760000,2
68.968754,0.417242774,19.780000,2
68.982411,0.417338648,19.800000,2
68.996559,0.417722143,19.820000,2
69.010174,0.417818017,19.840000,2
69.024097,0.417626270,19.860000,2
69.038074,0.418297386,19.880000,2
69.051671,0.418009765,19.900000,2
69.065768,0.418489134,19.920000,2
69.079712,0.419064376,19.940000,2
69.092889,0.419160250,19.960000,2
69.106616,0.419160250,19.980000,2
69.120477,0.419160250,20.000000,2
69.134094,0.419160250,20.000000,2
69.147717,0.419160250,19.980000,2
69.161977,0.419256124,19.960000,2
69.175552,0.419351998,19.940000,2
69.189225,0.419639619,19.920000,2
69.202890,0.419543745,19.900000,2
69.216369,0.419639619,19.880000,2
69.230112,0.419543745,19.860000,2
69.244355,0.419351998,19.840000,2
69.258416,0.419927241,19.820000,2
69.272453,0.419351998,19.800000,2
69.285979,0.419447872,19.780000,2
69.300941,0.419351998,19.760000,2
69.314794,0.419543745,19.740000,2
69.328419,0.419447872,19.720000,2
69.342284,0.419639619,19.700000,2
69.355826,0.419639619,19.680000,2
69.369494,0.419256124,19.660000,2
69.383412,0.419256124,19.640000,2
69.397104,0.419256124,19.620000,2
69.410537,0.419351998,19.600000,2
69.423912,0.419447872,19.580000,2
69.437337,0.419543745,19.560000,2
69.451135,0.419351998,19.540000,2
69.464891,0.418968503,19.520000,2
69.478444,0.418872629,19.500000,2
69.492125,0.419064376,19.480000,2
69.506352,0.418776755,19.460000,2
69.520386,0.418680881,19.440000,2
69.533674,0.418680881,19.420000,2
69.546940,0.418968503,19.400000,2
69.560756,0.418680881,19.380000,2
69.574428,0.418968503,19.360000,2
69.588048,0.418585007,19.340000,2
69.601455,0.418489134,19.320000,2
69.615270,0.418393260,19.300000,2
69.629124,0.418585007,19.280000,2
69.642941,0.418297386,19.260000,2
69.656437,0.418393260,19.240000,2
69.670313,0.418585007,19.220000,2
69.684113,0.418297386,19.200000,2
69.698244,0.418297386,19.180000,2
69.712375,0.418201512,19.160000,2
69.725869,0.418105638,19.140000,2
69.739583,0.417913891,19.120000,2
69.753050,0.417818017,19.100000,2
69.766648,0.418105638,19.080000,2
69.780906,0.418105638,19.060000,2
69.794484,0.417722143,19.040000,2
69.807826,0.417626270,19.020000,2
69.821749,0.417722143,19.000000,2
69.835329,0.417242774,18.980000,2
69.848824,0.417530396,18.960000,2
69.862702,0.417434522,18.940000,2
69.876753,0.417146901,18.920000,2
69.890058,0.417338648,18.900000,2
69.903898,0.417338648,18.880000,2
69.917434,0.417434522,18.860000,2
69.931048,0.417146901,18.840000,2
69.945084,0.417146901,18.820000,2
69.958747,0.416955153,18.800000,2
69.972492,0.417146901,18.780000,2
69.986828,0.416955153,18.760000,2
70.000599,0.416955153,18.740000,2
70.014619,0.416955153,18.720000,2
70.028632,0.416763405,18.700000,2
70.042603,0.416955153,18.680000,2
70.056743,0.416955153,18.660000,2
70.070277,0.416667532,18.640000,2
70.083991,0.416188163,18.620000,2
70.097983,0.416379910,18.600000,2
70.111471,0.416475784,18.580000,2
70.125172,0.416475784,18.560000,2
70.139047,0.416188163,18.540000,2
70.153332,0.416188163,18.520000,2
70.166892,0.416379910,18.500000,2
70.180600,0.416188163,18.480000,2
70.194284,0.416188163,18.460000,2
70.207633,0.415900541,18.440000,2
70.221454,0.415900541,18.420000,2
70.234774,0.415804667,18.400000,2
70.248718,0.415900541,18.380000,2
70.262479,0.415804667,18.360000,2
70.276593,0.415612920,18.340000,2
70.290436,0.415804667,18.320000,2
70.304624,0.415708794,18.300000,2
70.318168,0.415421172,18.280000,2
70.331624,0.414941803,18.260000,2
70.346303,0.415133551,18.240000,2
70.360022,0.415325298,18.220000,2
70.373433,0.415325298,18.200000,2
70.387691,0.414941803,18.180000,2
70.401167,0.415133551,18.160000,2
70.414702,0.414558308,18.140000,2
70.428689,0.414654182,18.120000,2
70.442415,0.414941803,18.100000,2
70.456020,0.414462434,18.080000,2
70.470000,0.414366560,18.060000,2
70.483646,0.414462434,18.040000,2
70.497459,0.414270687,18.020000,2
70.511564,0.414654182,18.000000,2
70.524861,0.414462434,17.980000,2
70.538356,0.414174813,17.960000,2
70.551623,0.413887191,17.940000,2
70.565509,0.413791318,17.920000,2
70.579176,0.413407822,17.900000,2
70.593071,0.413695444,17.880000,2
70.606727,0.414078939,17.860000,2
70.620347,0.413791318,17.840000,2
70.633802,0.413503696,17.820000,2
70.647914,0.413887191,17.800000,2
70.661604,0.413599570,17.780000,2
70.675155,0.413120201,17.760000,2
70.689281,0.413216075,17.740000,2
70.703347,0.413311949,17.720000,2
70.717490,0.412928453,17.700000,2
70.731263,0.413024327,17.680000,2
70.745329,0.413216075,17.660000,2
70.759101,0.413120201,17.640000,2
70.773004,0.413120201,17.620000,2
70.787618,0.413216075,17.600000,2
70.801956,0.412544958,17.580000,2
70.815509,0.412449084,17.560000,2
70.829366,0.412353211,17.540000,2
70.843281,0.412544958,17.520000,2
70.857684,0.412736706,17.500000,2
70.871541,0.412353211,17.480000,2
70.885345,0.412449084,17.460000,2
70.899462,0.411969715,17.440000,2
70.912833,0.411969715,17.420000,2
70.926190,0.412161463,17.400000,2
70.940587,0.411873842,17.380000,2
70.954226,0.411682094,17.360000,2
70.968357,0.411777968,17.340000,2
70.981807,0.411873842,17.320000,2
70.995808,0.411777968,17.300000,2
71.010020,0.411490346,17.280000,2
71.024045,0.411394473,17.260000,2
71.037428,0.411490346,17.240000,2
71.051395,0.411298599,17.220000,2
71.065611,0.411298599,17.200000,2
71.079071,0.411010977,17.180000,2
71.093010,0.411010977,17.160000,2
71.107260,0.410915104,17.140000,2
71.121090,0.411202725,17.120000,2
71.134760,0.410915104,17.100000,2
71.148466,0.410819230,17.080000,2
71.162010,0.410915104,17.060000,2
71.176120,0.410339861,17.040000,2
71.189914,0.410243987,17.020000,2
71.203721,0.410339861,17.000000,2
71.217220,0.410148113,16.980000,2
71.230765,0.410243987,16.960000,2
71.244215,0.410148113,16.940000,2
71.258416,0.410339861,16.920000,2
71.272639,0.409860492,16.900000,2
71.286318,0.410052239,16.880000,2
71.300098,0.410148113,16.860000,2
71.314017,0.410052239,16.840000,2
71.327525,0.409956366,16.820000,2
71.340794,0.409764618,16.800000,2
71.354228,0.409381123,16.780000,2
71.368453,0.409572870,16.760000,2
71.382829,0.409381123,16.740000,2
71.396141,0.409381123,16.720000,2
71.409786,0.408901754,16.700000,2
71.423777,0.409189375,16.680000,2
71.437561,0.409285249,16.660000,2
71.451728,0.408710006,16.640000,2
71.465928,0.408901754,16.620000,2
71.479454,0.408901754,16.600000,2
71.493546,0.408997628,16.580000,2
71.507437,0.408614132,16.560000,2
71.520778,0.408614132,16.540000,2
71.534263,0.408614132,16.520000,2
71.548229,0.408518259,16.500000,2
71.561922,0.408326511,16.480000,2
71.575620,0.408230637,16.460000,2
71.589449,0.408038890,16.440000,2
71.603638,0.408326511,16.420000,2
71.617139,0.407751268,16.400000,2
71.630925,0.408038890,16.380000,2
71.644897,0.407943016,16.360000,2
71.658953,0.408134763,16.340000,2
71.673278,0.407847142,16.320000,2
71.686971,0.407655394,16.300000,2
71.701085,0.407751268,16.280000,2
71.714777,0.407080152,16.260000,2
71.728070,0.407367773,16.240000,2
71.741265,0.407559521,16.220000,2
71.754691,0.406888404,16.200000,2
71.769126,0.407080152,16.180000,2
71.782623,0.406792530,16.160000,2
71.796742,0.406792530,16.140000,2
71.810444,0.406984278,16.120000,2
71.823912,0.406696656,16.100000,2
71.837725,0.406984278,16.080000,2
71.851613,0.406217287,16.060000,2
71.865692,0.406121414,16.040000,2
71.879907,0.406217287,16.020000,2
71.893839,0.406217287,16.000000,2
71.907425,0.406025540,15.980000,2
71.920749,0.406025540,15.960000,2
71.934705,0.406217287,15.940000,2
71.948431,0.406025540,15.920000,2
71.963102,0.405642045,15.900000,2
71.977185,0.405546171,15.880000,2
71.990757,0.405546171,15.860000,2
72.004683,0.405546171,15.840000,2
72.018173,0.405162676,15.820000,2
72.032107,0.405258549,15.800000,2
72.045893,0.404970928,15.780000,2
72.059102,0.405066802,15.760000,2
72.072915,0.405258549,15.740000,2
72.086928,0.404683307,15.720000,2
72.100933,0.405258549,15.700000,2
72.115333,0.404587433,15.680000,2
72.128910,0.404970928,15.660000,2
72.142544,0.404779180,15.640000,2
72.155976,0.404491559,15.620000,2
72.170112,0.404587433,15.600000,2
72.183974,0.404299811,15.580000,2
72.197710,0.404395685,15.560000,2
72.210944,0.404299811,15.540000,2
72.224661,0.403916316,15.520000,2
72.238823,0.403916316,15.500000,2
72.252670,0.403820442,15.480000,2
72.266830,0.403724569,15.460000,2
72.280900,0.403628695,15.440000,2
72.294466,0.403532821,15.420000,2
72.308152,0.403628695,15.400000,2
72.321878,0.403436947,15.380000,2
72.335897,0.403436947,15.360000,2
72.350348,0.403724569,15.340000,2
72.363971,0.403341073,15.320000,2
72.377972,0.403149326,15.300000,2
72.391220,0.403436947,15.280000,2
72.405709,0.403245200,15.260000,2
72.419911,0.403245200,15.240000,2
72.433868,0.402765831,15.220000,2
72.447790,0.403245200,15.200000,2
72.462060,0.403053452,15.180000,2
72.475855,0.402669957,15.160000,2
72.489598,0.402669957,15.140000,2
72.503549,0.402382335,15.120000,2
72.518110,0.402286462,15.100000,2
72.531405,0.402286462,15.080000,2
72.545943,0.402094714,15.060000,2
72.559516,0.402094714,15.040000,2
72.573530,0.402382335,15.020000,2
72.587869,0.402190588,15.000000,2
72.601325,0.401902966,14.980000,2
72.614839,0.401902966,14.960000,2
72.628662,0.401615345,14.940000,2
72.642482,0.401423597,14.920000,2
72.656271,0.401615345,14.900000,2
72.670589,0.401423597,14.880000,2
72.684237,0.401231850,14.860000,2
72.698816,0.401519471,14.840000,2
72.712414,0.401135976,14.820000,2
72.726279,0.401327724,14.800000,2
72.740541,0.400944228,14.780000,2
72.754070,0.400656607,14.760000,2
72.768170,0.400656607,14.740000,2
72.783035,0.400560733,14.720000,2
72.796412,0.400464859,14.700000,2
72.809841,0.400656607,14.680000,2
72.823938,0.400273112,14.660000,2
72.837608,0.400273112,14.640000,2
72.851393,0.400560733,14.620000,2
72.865027,0.400081364,14.600000,2
72.878510,0.399985490,14.580000,2
72.892101,0.399793743,14.560000,2
72.905905,0.399889617,14.540000,2
72.920087,0.399889617,14.520000,2
72.934133,0.399793743,14.500000,2
72.947845,0.399314374,14.480000,2
72.961644,0.399601995,14.460000,2
72.975964,0.399410248,14.440000,2
72.989707,0.399314374,14.420000,2
73.003138,0.399506121,14.400000,2
73.017313,0.398930879,14.380000,2
73.030825,0.398835005,14.360000,2
73.045069,0.398930879,14.340000,2
73.058668,0.398739131,14.320000,2
73.072566,0.398835005,14.300000,2
73.086203,0.398451510,14.280000,2
73.099517,0.398739131,14.260000,2
73.113271,0.398355636,14.240000,2
73.126844,0.398547383,14.220000,2
73.140458,0.398451510,14.200000,2
73.154278,0.397972141,14.180000,2
73.167863,0.398068014,14.160000,2
73.181763,0.398068014,14.140000,2
73.196165,0.398259762,14.120000,2
73.209684,0.397876267,14.100000,2
73.223725,0.397876267,14.080000,2
73.237406,0.397876267,14.060000,2
73.251638,0.397780393,14.040000,2
73.265967,0.397780393,14.020000,2
73.279709,0.397492772,14.000000,2
73.293094,0.397396898,13.980000,2
73.306079,0.397588645,13.960000,2
73.319087,0.397492772,13.940000,2
73.332015,0.397301024,13.920000,2
73.345621,0.397109276,13.900000,2
73.359109,0.396917529,13.880000,2
73.372448,0.396821655,13.860000,2
73.385888,0.396534034,13.840000,2
73.400298,0.396438160,13.820000,2
73.413756,0.396629907,13.800000,2
73.427567,0.396534034,13.780000,2
73.440948,0.396438160,13.760000,2
73.454946,0.396150538,13.740000,2
73.468451,0.396246412,13.720000,2
73.482285,0.395862917,13.700000,2
73.496432,0.395958791,13.680000,2
73.510592,0.395671169,13.660000,2
73.524625,0.395671169,13.640000,2
73.539086,0.395575296,13.620000,2
73.552779,0.395479422,13.600000,2
73.566361,0.395095927,13.580000,2
73.579925,0.395287674,13.560000,2
73.593356,0.395767043,13.540000,2
73.607065,0.395575296,13.520000,2
73.621107,0.395383548,13.500000,2
73.634764,0.395095927,13.480000,2
73.648653,0.394520684,13.460000,2
73.662753,0.394904179,13.440000,2
73.676122,0.394712431,13.420000,2
73.689889,0.394808305,13.400000,2
73.704130,0.394616558,13.380000,2
73.717586,0.394520684,13.360000,2
73.731816,0.394520684,13.340000,2
73.745761,0.394137189,13.320000,2
73.759422,0.393945441,13.300000,2
73.773396,0.393753693,13.280000,2
73.787522,0.393753693,13.260000,2
73.800914,0.393849567,13.240000,2
73.814992,0.393274324,13.220000,2
73.828896,0.393370198,13.200000,2
73.842504,0.393753693,13.180000,2
73.857217,0.393178451,13.160000,2
73.870567,0.393274324,13.140000,2
73.884630,0.393370198,13.120000,2
73.898620,0.393274324,13.100000,2
73.912307,0.392603208,13.080000,2
73.926234,0.392794955,13.060000,2
73.940713,0.392794955,13.040000,2
73.955898,0.392794955,13.020000,2
73.969895,0.392507334,13.000000,2
73.983374,0.392794955,12.980000,2
73.997614,0.392123839,12.960000,2
74.011522,0.392315587,12.940000,2
74.024916,0.392123839,12.920000,2
74.038441,0.392123839,12.900000,2
74.051937,0.391644470,12.880000,2
74.065492,0.392027965,12.860000,2
74.079350,0.392027965,12.840000,2
74.092435,0.391740344,12.820000,2
74.105976,0.391740344,12.800000,2
74.119695,0.391260975,12.780000,2
74.133629,0.391260975,12.760000,2
74.147895,0.391452722,12.740000,2
74.162240,0.391165101,12.720000,2
74.175645,0.391165101,12.700000,2
74.189283,0.390781606,12.680000,2
74.203287,0.390398111,12.660000,2
74.217522,0.390398111,12.640000,2
74.231073,0.390302237,12.620000,2
74.245170,0.390493984,12.600000,2
74.258667,0.390685732,12.580000,2
74.272652,0.390302237,12.560000,2
74.286688,0.390014615,12.540000,2
74.300479,0.390014615,12.520000,2
74.313588,0.389918742,12.500000,2
74.327249,0.389822868,12.480000,2
74.341352,0.389822868,12.460000,2
74.355293,0.389726994,12.440000,2
74.369266,0.389631120,12.420000,2
74.382841,0.389343499,12.400000,2
74.396452,0.389726994,12.380000,2
74.409652,0.389343499,12.360000,2
74.422632,0.388864130,12.340000,2
74.436205,0.389055877,12.320000,2
74.450229,0.388960004,12.300000,2
74.464120,0.388864130,12.280000,2
74.478156,0.388672382,12.260000,2
74.491848,0.388768256,12.240000,2
74.505959,0.388193013,12.220000,2
74.519738,0.388384761,12.200000,2
74.534212,0.388480635,12.180000,2
74.548238,0.387905392,12.160000,2
74.561574,0.388001266,12.140000,2
74.575089,0.387713644,12.120000,2
74.589165,0.387521897,12.100000,2
74.602974,0.387521897,12.080000,2
74.616714,0.387521897,12.060000,2
74.630311,0.387521897,12.040000,2
74.644217,0.387330149,12.020000,2
74.657559,0.387138401,12.000000,2
74.671425,0.387234275,11.980000,2
74.685776,0.386946654,11.960000,2
74.699719,0.386659032,11.940000,2
74.713809,0.386659032,11.920000,2
74.728327,0.386467285,11.900000,2
74.742221,0.386563159,11.880000,2
74.756541,0.386467285,11.860000,2
74.770547,0.386467285,11.840000,2
74.784402,0.386083790,11.820000,2
74.798430,0.386083790,11.800000,2
74.812522,0.385892042,11.780000,2
74.826560,0.386563159,11.760000,2
74.839513,0.385700294,11.740000,2
74.853407,0.385604421,11.720000,2
74.866957,0.385700294,11.700000,2
74.880739,0.385316799,11.680000,2
74.894869,0.385508547,11.660000,2
74.909054,0.385316799,11.640000,2
74.923864,0.385029178,11.620000,2
74.937247,0.385316799,11.600000,2
74.950871,0.384933304,11.580000,2
74.964556,0.384645683,11.560000,2
74.979248,0.384549809,11.540000,2
74.993146,0.384262187,11.520000,2
75.007836,0.384358061,11.500000,2
75.021178,0.383974566,11.480000,2
75.035876,0.384166314,11.460000,2
75.049121,0.383974566,11.440000,2
75.062754,0.383878692,11.420000,2
75.076988,0.383878692,11.400000,2
75.090807,0.383686945,11.380000,2
75.104508,0.383591071,11.360000,2
75.118286,0.383591071,11.340000,2
75.131966,0.383495197,11.320000,2
75.145768,0.383399323,11.300000,2
75.159685,0.383399323,11.280000,2
75.173168,0.382728207,11.260000,2
75.186820,0.383303449,11.240000,2
75.200374,0.382728207,11.220000,2
75.214661,0.382632333,11.200000,2
75.228376,0.382536459,11.180000,2
75.242396,0.382152964,11.160000,2
75.256142,0.382057090,11.140000,2
75.269893,0.382344711,11.120000,2
75.283653,0.381865342,11.100000,2
75.297074,0.381961216,11.080000,2
75.311016,0.382057090,11.060000,2
75.325061,0.381769469,11.040000,2
75.339495,0.381673595,11.020000,2
75.353536,0.381865342,11.000000,2
75.367562,0.381577721,10.980000,2
75.381438,0.381385973,10.960000,2
75.395870,0.381194226,10.940000,2
75.409824,0.381098352,10.920000,2
75.423681,0.380906604,10.900000,2
75.437214,0.380714857,10.880000,2
75.451392,0.380810731,10.860000,2
75.465265,0.380714857,10.840000,2
75.479470,0.380427235,10.820000,2
75.493979,0.380427235,10.800000,2
75.508412,0.380139614,10.780000,2
75.522385,0.380427235,10.760000,2
75.536548,0.379851993,10.740000,2
75.550286,0.379756119,10.720000,2
75.564520,0.379660245,10.700000,2
75.578137,0.379660245,10.680000,2
75.591831,0.379756119,10.660000,2
75.606538,0.379564371,10.640000,2
75.620351,0.379468497,10.620000,2
75.634171,0.379276750,10.600000,2
75.648287,0.379276750,10.580000,2
75.662190,0.379180876,10.560000,2
75.675954,0.378797381,10.540000,2
75.690041,0.378893255,10.520000,2
75.703474,0.378605633,10.500000,2
75.716773,0.378701507,10.480000,2
75.730899,0.378605633,10.460000,2
75.744469,0.378413886,10.440000,2
75.758193,0.378030390,10.420000,2
75.771808,0.377838643,10.400000,2
75.785919,0.377838643,10.380000,2
75.799545,0.377646895,10.360000,2
75.812905,0.378030390,10.340000,2
75.826503,0.377359274,10.320000,2
75.840199,0.377551021,10.300000,2
75.854328,0.377455148,10.280000,2
75.867944,0.376975779,10.260000,2
75.881660,0.377167526,10.240000,2
75.895480,0.376975779,10.220000,2
75.908939,0.377071652,10.200000,2
75.922787,0.376688157,10.180000,2
75.936357,0.376496410,10.160000,2
75.950126,0.376592283,10.140000,2
75.963542,0.376304662,10.120000,2
75.977285,0.376208788,10.100000,2
75.990862,0.376400536,10.080000,2
76.005261,0.376208788,10.060000,2
76.018986,0.375825293,10.040000,2
76.033399,0.375921167,10.020000,2
76.047699,0.375729419,10.000000,2
76.061322,0.375345924,9.980000,2
76.075056,0.375345924,9.960000,2
76.088977,0.375154176,9.940000,2
76.102673,0.374962429,9.920000,2
76.116297,0.374962429,9.900000,2
76.130482,0.375154176,9.880000,2
76.143884,0.374866555,9.860000,2
76.157865,0.374195438,9.840000,2
76.171392,0.374291312,9.820000,2
76.185167,0.374387186,9.800000,2
76.198937,0.374003691,9.780000,2
76.212822,0.374099565,9.760000,2
76.226640,0.374195438,9.740000,2
76.240548,0.373811943,9.720000,2
76.254090,0.374099565,9.700000,2
76.267849,0.373907817,9.680000,2
76.281403,0.373428448,9.660000,2
76.295085,0.373236700,9.640000,2
76.308658,0.373044953,9.620000,2
76.322586,0.372757331,9.600000,2
76.336888,0.372757331,9.580000,2
76.350475,0.372949079,9.560000,2
76.364717,0.372949079,9.540000,2
76.378804,0.372565584,9.520000,2
76.392321,0.372661458,9.500000,2
76.405849,0.372373836,9.480000,2
76.419968,0.372182089,9.460000,2
76.433951,0.371894467,9.440000,2
76.447416,0.372086215,9.420000,2
76.460779,0.371990341,9.400000,2
76.474866,0.371606846,9.380000,2
76.488726,0.371415098,9.360000,2
76.502417,0.371702720,9.340000,2
76.516333,0.371606846,9.320000,2
76.529807,0.371127477,9.300000,2
76.543734,0.371415098,9.280000,2
76.557221,0.370935729,9.260000,2
76.571717,0.371031603,9.240000,2
76.585629,0.371127477,9.220000,2
76.599684,0.370935729,9.200000,2
76.613037,0.370648108,9.180000,2
76.626798,0.370264613,9.160000,2
76.640977,0.370072865,9.140000,2
76.654542,0.370360486,9.120000,2
76.668046,0.369976991,9.100000,2
76.681771,0.369785244,9.080000,2
76.694911,0.369785244,9.060000,2
76.709825,0.369593496,9.040000,2
76.723477,0.369305875,9.020000,2
76.737411,0.369401748,9.000000,2
76.751734,0.369401748,8.980000,2
76.765427,0.369210001,8.960000,2
76.779425,0.369018253,8.940000,2
76.793142,0.368826506,8.920000,2
76.806800,0.368634758,8.900000,2
76.820542,0.368634758,8.880000,2
76.833988,0.368443010,8.860000,2
76.847336,0.368634758,8.840000,2
76.861276,0.368059515,8.820000,2
76.875034,0.367963641,8.800000,2
76.889827,0.368155389,8.780000,2
76.904329,0.367963641,8.760000,2
76.917673,0.367484272,8.740000,2
76.932020,0.367388399,8.720000,2
76.946221,0.367292525,8.700000,2
76.959738,0.367388399,8.680000,2
76.973302,0.367388399,8.660000,2
76.987014,0.367484272,8.640000,2
77.000988,0.367100777,8.620000,2
77.014437,0.366909030,8.600000,2
77.027972,0.367388399,8.580000,2
77.041611,0.366717282,8.560000,2
77.054976,0.367004904,8.540000,2
77.069273,0.366333787,8.520000,2
77.083471,0.366429661,8.500000,2
77.096861,0.366046166,8.480000,2
77.110466,0.365950292,8.460000,2
77.124530,0.365950292,8.440000,2
77.137954,0.365662670,8.420000,2
77.151459,0.365950292,8.400000,2
77.165021,0.365470923,8.380000,2
77.178165,0.365566797,8.360000,2
77.191850,0.365470923,8.340000,2
77.205880,0.365183301,8.320000,2
77.219510,0.365183301,8.300000,2
77.233174,0.365279175,8.280000,2
77.246880,0.364799806,8.260000,2
77.261112,0.364703932,8.240000,2
77.275095,0.364703932,8.220000,2
77.289254,0.364416311,8.200000,2
77.302742,0.364416311,8.180000,2
77.316382,0.364320437,8.160000,2
77.330373,0.364032816,8.140000,2
77.343921,0.363936942,8.120000,2
77.357954,0.364032816,8.100000,2
77.371757,0.363841068,8.080000,2
77.385508,0.363841068,8.060000,2
77.399164,0.363457573,8.040000,2
77.412955,0.363361699,8.020000,2
77.426215,0.363361699,8.000000,2
77.440156,0.362882330,7.980000,2
77.453490,0.362978204,7.960000,2
77.467629,0.362978204,7.940000,2
77.481412,0.362690583,7.920000,2
77.494917,0.362498835,7.900000,2
77.509438,0.362402961,7.880000,2
77.522618,0.362690583,7.860000,2
77.536378,0.361731845,7.840000,2
77.550555,0.362019466,7.820000,2
77.564124,0.362402961,7.800000,2
77.577806,0.362307087,7.780000,2
77.591448,0.361540097,7.760000,2
77.605128,0.361444223,7.740000,2
77.619025,0.361635971,7.720000,2
77.633089,0.360964854,7.700000,2
77.646861,0.360964854,7.680000,2
77.660601,0.360581359,7.660000,2
77.674378,0.361060728,7.640000,2
77.688012,0.360868980,7.620000,2
77.702238,0.360677233,7.600000,2
77.716316,0.360773107,7.580000,2
77.730335,0.360293738,7.560000,2
77.744090,0.359814369,7.540000,2
77.758010,0.360389611,7.520000,2
77.771614,0.360006116,7.500000,2
77.785714,0.359718495,7.480000,2
77.800017,0.359814369,7.460000,2
77.813813,0.359526747,7.440000,2
77.827250,0.359335000,7.420000,2
77.840878,0.359430873,7.400000,2
77.854363,0.359047378,7.380000,2
77.867970,0.358663883,7.360000,2
77.882265,0.358855631,7.340000,2
77.896127,0.358855631,7.320000,2
77.909701,0.358951504,7.300000,2
77.923728,0.358568009,7.280000,2
77.938122,0.358663883,7.260000,2
77.951807,0.358376262,7.240000,2
77.966427,0.358088640,7.220000,2
77.980974,0.358088640,7.200000,2
77.994631,0.357705145,7.180000,2
78.009021,0.357609271,7.160000,2
78.022378,0.357801019,7.140000,2
78.036955,0.357513397,7.120000,2
78.050539,0.357513397,7.100000,2
78.064059,0.357417524,7.080000,2
78.077754,0.357034028,7.060000,2
78.091221,0.357129902,7.040000,2
78.105270,0.356938155,7.020000,2
78.118756,0.356842281,7.000000,2
78.132426,0.356842281,6.980000,2
78.146300,0.356842281,6.960000,2
78.160602,0.356362912,6.940000,2
78.174685,0.356458786,6.920000,2
78.188630,0.356075290,6.900000,2
78.202094,0.356171164,6.880000,2
78.216740,0.355979417,6.860000,2
78.230721,0.355883543,6.840000,2
78.244002,0.355212426,6.820000,2
78.257776,0.355404174,6.800000,2
78.271778,0.355020679,6.780000,2
78.285755,0.355404174,6.760000,2
78.299624,0.355116552,6.740000,2
78.313503,0.354828931,6.720000,2
78.326750,0.354828931,6.700000,2
78.340274,0.354828931,6.680000,2
78.354298,0.354157814,6.660000,2
78.367982,0.354253688,6.640000,2
78.381012,0.353966067,6.620000,2
78.394366,0.353582572,6.600000,2
78.407863,0.353390824,6.580000,2
78.422322,0.353966067,6.560000,2
78.436762,0.353390824,6.540000,2
78.450496,0.353390824,6.520000,2
78.464230,0.353103203,6.500000,2
78.478064,0.352815581,6.480000,2
78.491755,0.352911455,6.460000,2
78.505378,0.352719707,6.440000,2
78.519167,0.352815581,6.420000,2
78.533490,0.352336212,6.400000,2
78.547896,0.352527960,6.380000,2
78.561806,0.351665096,6.360000,2
78.575686,0.352048591,6.340000,2
78.589653,0.351952717,6.320000,2
78.603107,0.351665096,6.300000,2
78.617054,0.351665096,6.280000,2
78.630671,0.351665096,6.260000,2
78.644567,0.351377474,6.240000,2
78.658753,0.350898105,6.220000,2
78.672244,0.350993979,6.200000,2
78.686548,0.350514610,6.180000,2
78.699889,0.350706358,6.160000,2
78.713620,0.349939367,6.140000,2
78.727286,0.350418736,6.120000,2
78.740839,0.350131115,6.100000,2
78.755349,0.349555872,6.080000,2
78.769058,0.349939367,6.060000,2
78.782904,0.349651746,6.040000,2
78.796593,0.349268251,6.020000,2
78.811418,0.349172377,6.000000,2
78.825775,0.349172377,5.980000,2
78.839107,0.348884755,5.960000,2
78.852885,0.348405386,5.940000,2
78.866296,0.348693008,5.920000,2
78.880168,0.348309513,5.900000,2
78.894153,0.348213639,5.880000,2
78.907929,0.347926017,5.860000,2
78.921423,0.347926017,5.840000,2
78.935290,0.347542522,5.820000,2
78.949239,0.347254901,5.800000,2
78.963520,0.346967279,5.780000,2
78.978168,0.347063153,5.760000,2
78.991520,0.346679658,5.740000,2
79.005182,0.346487910,5.720000,2
79.018569,0.346200289,5.700000,2
79.032493,0.346008541,5.680000,2
79.046020,0.346008541,5.660000,2
79.059374,0.345529172,5.640000,2
79.073283,0.345625046,5.620000,2
79.087074,0.345529172,5.600000,2
79.100993,0.345145677,5.580000,2
79.115421,0.345145677,5.560000,2
79.129937,0.344762182,5.540000,2
79.143971,0.344858056,5.520000,2
79.157823,0.344570434,5.500000,2
79.171076,0.344091065,5.480000,2
79.184518,0.344091065,5.460000,2
79.198217,0.343611696,5.440000,2
79.211952,0.343803444,5.420000,2
79.225290,0.343707570,5.400000,2
79.239051,0.343324075,5.380000,2
79.252490,0.342844706,5.360000,2
79.266197,0.343611696,5.340000,2
79.279518,0.342748832,5.320000,2
79.292685,0.342557085,5.300000,2
79.307330,0.342077716,5.280000,2
79.320687,0.341981842,5.260000,2
79.335253,0.341694221,5.240000,2
79.349737,0.341790094,5.220000,2
79.363637,0.341598347,5.200000,2
79.377534,0.341118978,5.180000,2
79.391054,0.341118978,5.160000,2
79.404339,0.340927230,5.140000,2
79.418206,0.340543735,5.120000,2
79.431482,0.340735483,5.100000,2
79.445280,0.340735483,5.080000,2
79.458895,0.340256114,5.060000,2
79.472229,0.339776745,5.040000,2
79.486921,0.339680871,5.020000,2
79.501009,0.339393249,5.000000,2
79.514644,0.339489123,4.980000,2
79.528092,0.339201502,4.960000,2
79.542161,0.338913880,4.940000,2
79.555869,0.338626259,4.920000,2
79.569168,0.338530385,4.900000,2
79.582167,0.338051016,4.880000,2
79.596534,0.337571647,4.860000,2
79.610617,0.337859269,4.840000,2
79.624571,0.337859269,4.820000,2
79.638040,0.337475773,4.800000,2
79.651861,0.336804657,4.780000,2
79.666096,0.336708783,4.760000,2
79.679724,0.336325288,4.740000,2
79.693380,0.336229414,4.720000,2
79.707507,0.336229414,4.700000,2
79.721296,0.336229414,4.680000,2
79.734775,0.335750045,4.660000,2
79.748568,0.335654171,4.640000,2
79.762035,0.335558297,4.620000,2
79.776199,0.335366550,4.600000,2
79.790619,0.334791307,4.580000,2
79.804821,0.334695433,4.560000,2
79.818834,0.334407812,4.540000,2
79.832954,0.334503686,4.520000,2
79.847384,0.334311938,4.500000,2
79.861299,0.333928443,4.480000,2
79.875866,0.333640821,4.460000,2
79.889800,0.333736695,4.440000,2
79.904003,0.333257326,4.420000,2
79.917510,0.333257326,4.400000,2
79.931101,0.333065579,4.380000,2
79.945348,0.332777957,4.360000,2
79.958790,0.332777957,4.340000,2
79.972757,0.332777957,4.320000,2
79.987031,0.332490336,4.300000,2
80.000538,0.332298588,4.280000,2
80.014439,0.332010967,4.260000,2
80.028339,0.331819219,4.240000,2
80.042210,0.331723345,4.220000,2
80.056013,0.331243976,4.200000,2
80.069488,0.331052229,4.180000,2
80.083632,0.330668734,4.160000,2
80.097774,0.330476986,4.140000,2
80.111509,0.330764607,4.120000,2
80.125822,0.329997617,4.100000,2
80.140017,0.329901743,4.080000,2
80.153893,0.330381112,4.060000,2
80.168086,0.329805869,4.040000,2
80.182065,0.329518248,4.020000,2
80.196379,0.329134753,4.000000,2
80.210270,0.328751258,3.980000,2
80.223777,0.328367762,3.960000,2
80.238209,0.328655384,3.940000,2
80.251664,0.328463636,3.920000,2
80.265162,0.328176015,3.900000,2
80.279269,0.327984267,3.880000,2
80.293117,0.327888393,3.860000,2
80.307226,0.327792520,3.840000,2
80.321282,0.327504898,3.820000,2
80.335778,0.327409024,3.800000,2
80.349588,0.327121403,3.780000,2
80.363847,0.327121403,3.760000,2
80.378012,0.326642034,3.740000,2
80.392195,0.326737908,3.720000,2
80.405987,0.326450286,3.700000,2
80.420083,0.325875044,3.680000,2
80.434300,0.326066791,3.660000,2
80.447847,0.325779170,3.640000,2
80.461143,0.325779170,3.620000,2
80.475124,0.325587422,3.600000,2
80.489137,0.325395675,3.580000,2
80.503018,0.325108053,3.560000,2
80.517019,0.325299801,3.540000,2
80.530377,0.324724558,3.520000,2
80.544331,0.324628684,3.500000,2
80.557800,0.324724558,3.480000,2
80.571567,0.324341063,3.460000,2
80.585421,0.323574072,3.440000,2
80.599474,0.323574072,3.420000,2
80.612733,0.323669946,3.400000,2
80.626529,0.323382325,3.380000,2
80.640235,0.322902956,3.360000,2
80.654231,0.322615334,3.340000,2
80.667966,0.322902956,3.320000,2
80.681468,0.322807082,3.300000,2
80.694789,0.322423587,3.280000,2
80.709456,0.322423587,3.260000,2
80.724260,0.322135965,3.240000,2
80.738268,0.321848344,3.220000,2
80.752486,0.322040092,3.200000,2
80.766398,0.321656596,3.180000,2
80.779318,0.321177227,3.160000,2
80.793056,0.320985480,3.140000,2
80.807027,0.321081354,3.120000,2
80.820827,0.320985480,3.100000,2
80.834946,0.320314363,3.080000,2
80.848747,0.320314363,3.060000,2
80.862220,0.320218489,3.040000,2
80.875930,0.320122616,3.020000,2
80.889684,0.319643247,3.000000,2
80.903464,0.319547373,2.980000,2
80.917717,0.319355625,2.960000,2
80.931597,0.318972130,2.940000,2
80.945864,0.319068004,2.920000,2
80.959734,0.318876256,2.900000,2
80.973850,0.318780382,2.880000,2
80.988189,0.318013392,2.860000,2
81.001852,0.318205140,2.840000,2
81.015707,0.317534023,2.820000,2
81.029442,0.317246402,2.800000,2
81.042734,0.317246402,2.780000,2
81.056829,0.317342275,2.760000,2
81.070024,0.317054654,2.740000,2
81.083627,0.316862906,2.720000,2
81.097789,0.316671159,2.700000,2
81.111559,0.316383538,2.680000,2
81.125489,0.316287664,2.660000,2
81.139538,0.316191790,2.640000,2
81.152973,0.315520673,2.620000,2
81.166809,0.315424800,2.600000,2
81.180040,0.315328926,2.580000,2
81.194087,0.314849557,2.560000,2
81.207511,0.314945431,2.540000,2
81.220980,0.314753683,2.520000,2
81.234897,0.314657809,2.500000,2
81.248471,0.313986693,2.480000,2
81.261995,0.313890819,2.460000,2
81.275693,0.313507324,2.440000,2
81.289691,0.313603197,2.420000,2
81.303829,0.313027955,2.400000,2
81.317954,0.312740333,2.380000,2
81.331797,0.312740333,2.360000,2
81.345731,0.312165090,2.340000,2
81.360332,0.311973343,2.320000,2
81.374322,0.311781595,2.300000,2
81.387660,0.311302226,2.280000,2
81.400989,0.311206352,2.260000,2
81.414754,0.311014605,2.240000,2
81.428446,0.310726983,2.220000,2
81.441880,0.310151741,2.200000,2
81.455741,0.309768245,2.180000,2
81.469573,0.309576498,2.160000,2
81.483354,0.309480624,2.140000,2
81.497778,0.309097129,2.120000,2
81.512088,0.309288876,2.100000,2
81.525338,0.308617760,2.080000,2
81.538462,0.308138391,2.060000,2
81.552648,0.307946643,2.040000,2
81.566548,0.307275527,2.020000,2
81.580784,0.306892031,2.000000,2
81.594302,0.306892031,1.980000,2
81.607821,0.306220915,1.960000,2
81.621651,0.305837420,1.940000,2
81.635370,0.305837420,1.920000,2
81.648910,0.305358051,1.900000,2
81.663433,0.305070429,1.880000,2
81.676754,0.305070429,1.860000,2
81.690449,0.304686934,1.840000,2
81.704845,0.304495186,1.820000,2
81.718239,0.303919944,1.800000,2
81.732016,0.303536448,1.780000,2
81.746445,0.303057079,1.760000,2
81.759968,0.302769458,1.740000,2
81.773384,0.302769458,1.720000,2
81.787051,0.302098341,1.700000,2
81.800550,0.301331351,1.680000,2
81.814765,0.300851982,1.660000,2
81.829098,0.300660234,1.640000,2
81.843366,0.300564361,1.620000,2
81.857263,0.299701496,1.600000,2
81.871016,0.299413875,1.580000,2
81.884824,0.298838632,1.560000,2
81.898533,0.298551011,1.540000,2
81.911940,0.297975768,1.520000,2
81.925611,0.297784020,1.500000,2
81.939044,0.297304651,1.480000,2
81.952955,0.296441787,1.460000,2
81.967741,0.296154166,1.440000,2
81.981429,0.295483049,1.420000,2
81.995482,0.295387175,1.400000,2
82.009236,0.294907806,1.380000,2
82.023448,0.294428437,1.360000,2
82.037282,0.294044942,1.340000,2
82.050864,0.294236690,1.320000,2
82.064848,0.293469699,1.300000,2
82.078545,0.292798583,1.280000,2
82.092293,0.292415088,1.260000,2
82.105547,0.292223340,1.240000,2
82.119875,0.292127466,1.220000,2
82.133089,0.291552223,1.200000,2
82.147027,0.290689359,1.180000,2
82.160728,0.290018243,1.160000,2
82.174953,0.290209990,1.140000,2
82.188443,0.289538874,1.120000,2
82.202186,0.289059505,1.100000,2
82.215904,0.288580136,1.080000,2
82.229745,0.288100767,1.060000,2
82.243260,0.288196641,1.040000,2
82.256788,0.287621398,1.020000,2
82.270419,0.287142029,1.000000,2
82.284657,0.286183291,0.980000,2
82.298198,0.286087417,0.960000,2
82.311731,0.285703922,0.940000,2
82.325742,0.285128679,0.920000,2
82.340102,0.284745184,0.900000,2
82.353464,0.284553436,0.880000,2
82.367177,0.284169941,0.860000,2
82.381024,0.283594698,0.840000,2
82.394536,0.283402951,0.820000,2
82.408999,0.282635960,0.800000,2
82.423459,0.281868970,0.780000,2
82.437504,0.281773096,0.760000,2
82.450959,0.281389601,0.740000,2
82.464415,0.280814358,0.720000,2
82.478445,0.279855620,0.700000,2
82.493177,0.279088630,0.680000,2
82.506330,0.278992756,0.660000,2
82.520838,0.278321639,0.640000,2
82.534892,0.277458775,0.620000,2
82.548447,0.277075280,0.600000,2
82.562201,0.276116542,0.580000,2
82.575901,0.275733047,0.560000,2
82.589566,0.275061930,0.540000,2
82.603330,0.274486687,0.520000,2
82.616752,0.273336202,0.500000,2
82.630442,0.272185716,0.480000,2
82.644625,0.271035230,0.460000,2
82.657958,0.270268240,0.440000,2
82.671632,0.269021881,0.420000,2
82.685426,0.267583774,0.400000,2
82.699337,0.266625036,0.380000,2
82.713693,0.265186929,0.360000,2
82.727414,0.264515812,0.340000,2
82.741160,0.262981831,0.320000,2
82.755079,0.261735472,0.300000,2
82.768906,0.260393239,0.280000,2
82.782444,0.259817996,0.260000,2
82.796633,0.258475763,0.240000,2
82.810531,0.257708772,0.220000,2
82.824043,0.256941782,0.200000,2
82.837947,0.255503675,0.180000,2
82.851937,0.255407801,0.160000,2
82.865523,0.254544937,0.140000,2
82.879658,0.253873820,0.120000,2
82.892781,0.253202704,0.100000,2
82.906804,0.252531587,0.080000,2
82.920645,0.251572849,0.060000,2
82.933774,0.251572849,0.040000,2
82.947260,0.250901733,0.020000,2
82.960680,0.249559499,0.000000,2
82.974651,0.249367752,0.000000,2
82.988401,0.249271878,-0.020000,2
83.001934,0.248696635,-0.040000,2
83.015755,0.248409014,-0.060000,2
83.029033,0.248121392,-0.080000,2
83.042581,0.247450276,-0.100000,2
83.056357,0.246875033,-0.120000,2
83.070248,0.246012169,-0.140000,2
83.083764,0.245532800,-0.160000,2
83.098083,0.244861683,-0.180000,2
83.111799,0.243807071,-0.200000,2
83.126235,0.243231829,-0.220000,2
83.140562,0.242177217,-0.240000,2
83.154019,0.241506100,-0.260000,2
83.167584,0.240547362,-0.280000,2
83.181183,0.239588624,-0.300000,2
83.194951,0.237383527,-0.320000,2
83.209014,0.235466051,-0.340000,2
83.222416,0.230959982,-0.360000,2
83.236708,0.219359253,-0.380000,2
83.250409,0.205265804,-0.400000,2
83.265077,0.207950271,-0.420000,2
83.279714,0.207566775,-0.440000,2
83.292798,0.206799785,-0.460000,2
83.306043,0.206991533,-0.480000,2
83.319129,0.206416290,-0.500000,2
83.332121,0.206032795,-0.520000,2
83.345808,0.205553426,-0.540000,2
83.358949,0.204498814,-0.560000,2
83.372125,0.204498814,-0.580000,2
83.385458,0.203444202,-0.600000,2
83.398756,0.203252454,-0.620000,2
83.412321,0.202868959,-0.640000,2
83.426061,0.202101969,-0.660000,2
83.439522,0.200472114,-0.680000,2
83.453043,0.199992745,-0.700000,2
83.467111,0.199129881,-0.720000,2
83.480582,0.198267017,-0.740000,2
83.494368,0.197116531,-0.760000,2
83.508454,0.196253667,-0.780000,2
83.521919,0.195870172,-0.800000,2
83.536032,0.194815560,-0.820000,2
83.549642,0.193665074,-0.840000,2
83.563875,0.192610463,-0.860000,2
83.577779,0.191939346,-0.880000,2
83.591676,0.190501239,-0.900000,2
83.605802,0.189542501,-0.920000,2
83.619302,0.187720899,-0.940000,2
83.633056,0.186762161,-0.960000,2
83.646866,0.185419928,-0.980000,2
83.660368,0.183790073,-1.000000,2
83.673815,0.182639588,-1.020000,2
83.687672,0.180530364,-1.040000,2
83.701396,0.179859247,-1.060000,2
83.715237,0.178517014,-1.080000,2
83.728781,0.177750024,-1.100000,2
83.742840,0.176887160,-1.120000,2
83.756909,0.175928422,-1.140000,2
83.771240,0.175832548,-1.160000,2
83.785256,0.175353179,-1.180000,2
83.799806,0.174777936,-1.200000,2
83.813353,0.173915072,-1.220000,2
83.827728,0.174010946,-1.240000,2
83.841759,0.173339829,-1.260000,2
83.855809,0.173243955,-1.280000,2
83.869666,0.172764586,-1.300000,2
83.883576,0.172381091,-1.320000,2
83.897176,0.172189343,-1.340000,2
83.910759,0.171422353,-1.360000,2
83.924745,0.170751236,-1.380000,2
83.938297,0.170655363,-1.400000,2
83.952240,0.169888372,-1.420000,2
83.966751,0.169696625,-1.440000,2
83.980293,0.169025508,-1.460000,2
83.993906,0.169025508,-1.480000,2
84.008437,0.168066770,-1.500000,2
84.021723,0.167587401,-1.520000,2
84.035331,0.167683275,-1.540000,2
84.048931,0.166628663,-1.560000,2
84.062543,0.166245168,-1.580000,2
84.077004,0.164998808,-1.600000,2
84.090687,0.164423566,-1.620000,2
84.104260,0.164327692,-1.640000,2
84.117624,0.162889585,-1.660000,2
84.131389,0.162601964,-1.680000,2
84.145332,0.162026721,-1.700000,2
84.158881,0.160876235,-1.720000,2
84.172566,0.160300992,-1.740000,2
84.185941,0.159054633,-1.760000,2
84.199704,0.157904147,-1.780000,2
84.213421,0.156561914,-1.800000,2
84.226986,0.154932060,-1.820000,2
84.240817,0.153685700,-1.840000,2
84.254600,0.152439341,-1.860000,2
84.268497,0.150617739,-1.880000,2
84.282179,0.149467253,-1.900000,2
84.295624,0.148316767,-1.920000,2
84.309225,0.147070408,-1.940000,2
84.322671,0.145728175,-1.960000,2
84.336131,0.144865311,-1.980000,2
84.349868,0.143714825,-2.000000,2
84.363154,0.142851961,-2.020000,2
84.377050,0.141222106,-2.040000,2
84.391611,0.140934485,-2.060000,2
84.404800,0.140455116,-2.080000,2
84.418448,0.139017009,-2.100000,2
84.431426,0.138345892,-2.120000,2
84.445154,0.137674776,-2.140000,2
84.458534,0.137483028,-2.160000,2
84.471840,0.135949047,-2.180000,2
84.485315,0.135949047,-2.200000,2
84.498945,0.135373805,-2.220000,2
84.513069,0.134990309,-2.240000,2
84.527135,0.134606814,-2.260000,2
84.540962,0.133839824,-2.280000,2
84.554883,0.133456329,-2.300000,2
84.568498,0.133072833,-2.320000,2
84.582223,0.132881086,-2.340000,2
84.596112,0.132209969,-2.360000,2
84.610088,0.131826474,-2.380000,2
84.624419,0.131634726,-2.400000,2
84.638165,0.130580115,-2.420000,2
84.651870,0.130388367,-2.440000,2
84.665573,0.129813124,-2.460000,2
84.679540,0.129142008,-2.480000,2
84.693387,0.129046134,-2.500000,2
84.706861,0.128662639,-2.520000,2
84.720554,0.128375017,-2.540000,2
84.733990,0.127608027,-2.560000,2
84.747724,0.127128658,-2.580000,2
84.761611,0.127128658,-2.600000,2
84.776267,0.126841036,-2.620000,2
84.789816,0.126169920,-2.640000,2
84.803345,0.125307056,-2.660000,2
84.817467,0.125211182,-2.680000,2
84.831398,0.124827687,-2.700000,2
84.845356,0.123964822,-2.720000,2
84.859037,0.123773075,-2.740000,2
84.872531,0.123293706,-2.760000,2
84.886758,0.123006084,-2.780000,2
84.900445,0.122143220,-2.800000,2
84.913879,0.121663851,-2.820000,2
84.927370,0.121472104,-2.840000,2
84.940835,0.120321618,-2.860000,2
84.954433,0.120033997,-2.880000,2
84.968049,0.119458754,-2.900000,2
84.982128,0.119075259,-2.920000,2
84.996215,0.118691763,-2.940000,2
85.010288,0.118020647,-2.960000,2
85.024374,0.117828899,-2.980000,2
85.037852,0.117061909,-3.000000,2
85.051682,0.116678414,-3.020000,2
85.065507,0.116199045,-3.040000,2
85.079108,0.115815549,-3.060000,2
85.093096,0.115623802,-3.080000,2
85.107136,0.114569190,-3.100000,2
85.121089,0.113802200,-3.120000,2
85.135163,0.113418705,-3.140000,2
85.148953,0.112651714,-3.160000,2
85.162370,0.112747588,-3.180000,2
85.176274,0.111884724,-3.200000,2
85.190041,0.111597102,-3.220000,2
85.203265,0.110925986,-3.240000,2
85.216972,0.110734238,-3.260000,2
85.230640,0.110063122,-3.280000,2
85.244413,0.109392005,-3.300000,2
85.258692,0.108912636,-3.320000,2
85.272301,0.108433267,-3.340000,2
85.286674,0.108145646,-3.360000,2
85.300460,0.107474529,-3.380000,2
85.314424,0.106899286,-3.400000,2
85.328530,0.106515791,-3.420000,2
85.342580,0.106228170,-3.440000,2
85.356564,0.105557053,-3.460000,2
85.370034,0.105269432,-3.480000,2
85.383788,0.105461179,-3.500000,2
85.397037,0.104406567,-3.520000,2
85.411429,0.104310694,-3.540000,2
85.425282,0.103543703,-3.560000,2
85.438901,0.103256082,-3.580000,2
85.452060,0.102872587,-3.600000,2
85.466362,0.102680839,-3.620000,2
85.480568,0.102489091,-3.640000,2
85.493904,0.101913849,-3.660000,2
85.507864,0.101242732,-3.680000,2
85.522066,0.101146858,-3.700000,2
85.536241,0.100379868,-3.720000,2
85.550861,0.100763363,-3.740000,2
85.564504,0.100188120,-3.760000,2
85.578382,0.099517004,-3.780000,2
85.592102,0.099517004,-3.800000,2
85.605564,0.098941761,-3.820000,2
85.619916,0.098462392,-3.840000,2
85.633895,0.097983023,-3.860000,2
85.647398,0.097983023,-3.880000,2
85.660989,0.097024285,-3.900000,2
85.674614,0.097120159,-3.920000,2
85.688603,0.097024285,-3.940000,2
85.702422,0.096449042,-3.960000,2
85.716209,0.096161421,-3.980000,2
85.729997,0.095586178,-4.000000,2
85.743426,0.095490304,-4.020000,2
85.757576,0.094723314,-4.040000,2
85.770879,0.094531566,-4.060000,2
85.784686,0.094627440,-4.080000,2
85.798898,0.094148071,-4.100000,2
85.812463,0.093189333,-4.120000,2
85.826074,0.092997585,-4.140000,2
85.840171,0.092614090,-4.160000,2
85.853775,0.092518216,-4.180000,2
85.867463,0.091942973,-4.200000,2
85.881825,0.091367731,-4.220000,2
85.895817,0.091463604,-4.240000,2
85.909234,0.090792488,-4.260000,2
85.922823,0.090408993,-4.280000,2
85.936460,0.089450255,-4.300000,2
85.949764,0.089833750,-4.320000,2
85.963653,0.089354381,-4.340000,2
85.977275,0.089066759,-4.360000,2
85.992402,0.088683264,-4.380000,2
86.005914,0.087820400,-4.400000,2
86.019858,0.087532779,-4.420000,2
86.033903,0.087053410,-4.440000,2
86.048257,0.086861662,-4.460000,2
86.061750,0.086574041,-4.480000,2
86.075468,0.085998798,-4.500000,2
86.088975,0.085807050,-4.520000,2
86.103235,0.085519429,-4.540000,2
86.116562,0.085231808,-4.560000,2
86.130435,0.085135934,-4.580000,2
86.144569,0.084464817,-4.600000,2
86.157829,0.084177196,-4.620000,2
86.171937,0.083410205,-4.640000,2
86.186133,0.083410205,-4.660000,2
86.199599,0.083218458,-4.680000,2
86.213645,0.082547341,-4.700000,2
86.227410,0.082163846,-4.720000,2
86.240710,0.081684477,-4.740000,2
86.254397,0.081780351,-4.760000,2
86.268331,0.081300982,-4.780000,2
86.282289,0.081013360,-4.800000,2
86.295711,0.080533991,-4.820000,2
86.310166,0.080342244,-4.840000,2
86.323747,0.079862875,-4.860000,2
86.337357,0.079575253,-4.880000,2
86.351518,0.079671127,-4.900000,2
86.365279,0.079000011,-4.920000,2
86.379523,0.078712389,-4.940000,2
86.393457,0.078328894,-4.960000,2
86.407172,0.077849525,-4.980000,2
86.420619,0.077849525,-5.000000,2
86.434430,0.076986661,-5.020000,2
86.448220,0.076603166,-5.040000,2
86.462298,0.076315544,-5.060000,2
86.476304,0.075836175,-5.080000,2
86.490418,0.075644428,-5.100000,2
86.505126,0.074973311,-5.120000,2
86.518853,0.074589816,-5.140000,2
86.532259,0.074589816,-5.160000,2
86.546674,0.074206321,-5.180000,2
86.560148,0.073918699,-5.200000,2
86.573980,0.073343456,-5.220000,2
86.587892,0.072864087,-5.240000,2
86.601076,0.072576466,-5.260000,2
86.614536,0.072001223,-5.280000,2
86.628081,0.071809476,-5.300000,2
86.642541,0.071330107,-5.320000,2
86.656384,0.070946611,-5.340000,2
86.670761,0.070467242,-5.360000,2
86.684733,0.070179621,-5.380000,2
86.698766,0.070467242,-5.400000,2
86.712302,0.069700252,-5.420000,2
86.725793,0.069508504,-5.440000,2
86.739443,0.069029135,-5.460000,2
86.753170,0.068933262,-5.480000,2
86.766791,0.068262145,-5.500000,2
86.780424,0.068070397,-5.520000,2
86.794142,0.067686902,-5.540000,2
86.808243,0.067303407,-5.560000,2
86.822307,0.066919912,-5.580000,2
86.836267,0.066536417,-5.600000,2
86.850033,0.066248795,-5.620000,2
86.863708,0.066057048,-5.640000,2
86.877236,0.065481805,-5.660000,2
86.890660,0.065290057,-5.680000,2
86.904751,0.065002436,-5.700000,2
86.918506,0.064714814,-5.720000,2
86.932223,0.064523067,-5.740000,2
86.946894,0.064043698,-5.760000,2
86.960721,0.064043698,-5.780000,2
86.974906,0.063564329,-5.800000,2
86.988905,0.063468455,-5.820000,2
87.002506,0.063372581,-5.840000,2
87.016683,0.062605591,-5.860000,2
87.030443,0.062413843,-5.880000,2
87.044593,0.062317970,-5.900000,2
87.058926,0.062126222,-5.920000,2
87.071958,0.061838601,-5.940000,2
87.085774,0.061455105,-5.960000,2
87.100103,0.060783989,-5.980000,2
87.113454,0.060496367,-6.000000,2
87.126847,0.060879863,-6.020000,2
87.140263,0.060879863,-6.040000,2
87.154280,0.060208746,-6.060000,2
87.169055,0.059729377,-6.080000,2
87.182385,0.059441756,-6.100000,2
87.196157,0.059441756,-6.120000,2
87.210524,0.058962387,-6.140000,2
87.224376,0.058674765,-6.160000,2
87.238411,0.058291270,-6.180000,2
87.251947,0.058195396,-6.200000,2
87.265843,0.057907775,-6.220000,2
87.279977,0.057332532,-6.240000,2
87.293934,0.057524280,-6.260000,2
87.307311,0.057524280,-6.280000,2
87.321020,0.057524280,-6.300000,2
87.334679,0.056661415,-6.320000,2
87.348335,0.056182046,-6.340000,2
87.361898,0.056277920,-6.360000,2
87.375319,0.056086173,-6.380000,2
87.389359,0.055798551,-6.400000,2
87.403179,0.055415056,-6.420000,2
87.416861,0.055031561,-6.440000,2
87.430651,0.054935687,-6.460000,2
87.444181,0.054743939,-6.480000,2
87.457498,0.054264570,-6.500000,2
87.470969,0.054168697,-6.520000,2
87.484776,0.053881075,-6.540000,2
87.499001,0.053593454,-6.560000,2
87.512889,0.053689328,-6.580000,2
87.527868,0.053018211,-6.600000,2
87.542543,0.053114085,-6.620000,2
87.556057,0.052634716,-6.640000,2
87.569374,0.051867725,-6.660000,2
87.583597,0.051963599,-6.680000,2
87.597424,0.051867725,-6.700000,2
87.610844,0.051963599,-6.720000,2
87.624416,0.051292483,-6.740000,2
87.638178,0.051004861,-6.760000,2
87.652686,0.050525492,-6.780000,2
87.666652,0.050525492,-6.800000,2
87.680976,0.050237871,-6.820000,2
87.694942,0.050141997,-6.840000,2
87.708924,0.049662628,-6.860000,2
87.722483,0.049470880,-6.880000,2
87.736593,0.048895638,-6.900000,2
87.751236,0.048799764,-6.920000,2
87.764854,0.048512142,-6.940000,2
87.778737,0.048128647,-6.960000,2
87.792966,0.048608016,-6.980000,2
87.806967,0.047936900,-7.000000,2
87.821140,0.047841026,-7.020000,2
87.835992,0.047074035,-7.040000,2
87.849712,0.047169909,-7.060000,2
87.863435,0.046498793,-7.080000,2
87.877728,0.046115297,-7.100000,2
87.893429,0.045827676,-7.120000,2
87.907031,0.046019424,-7.140000,2
87.920482,0.045635928,-7.160000,2
87.934130,0.045348307,-7.180000,2
87.947550,0.044773064,-7.200000,2
87.961208,0.044964812,-7.220000,2
87.974486,0.044773064,-7.240000,2
87.989146,0.044006074,-7.260000,2
88.002443,0.044006074,-7.280000,2
88.015867,0.043526705,-7.300000,2
88.029615,0.043047336,-7.320000,2
88.043143,0.042951462,-7.340000,2
88.056931,0.042855588,-7.360000,2
88.071144,0.042663841,-7.380000,2
88.085434,0.042184472,-7.400000,2
88.099581,0.042088598,-7.420000,2
88.112820,0.041705103,-7.440000,2
88.126436,0.041417481,-7.460000,2
88.140121,0.041225734,-7.480000,2
88.153905,0.041129860,-7.500000,2
88.168144,0.040458743,-7.520000,2
88.181557,0.040362869,-7.540000,2
88.195658,0.039691753,-7.560000,2
88.209164,0.039691753,-7.580000,2
88.222638,0.039691753,-7.600000,2
88.236140,0.039116510,-7.620000,2
88.249714,0.038828889,-7.640000,2
88.263918,0.038924762,-7.660000,2
88.277949,0.038541267,-7.680000,2
88.291136,0.038349520,-7.700000,2
88.304133,0.037774277,-7.720000,2
88.317335,0.037774277,-7.740000,2
88.330568,0.037678403,-7.760000,2
88.344081,0.037486656,-7.780000,2
88.357550,0.036911413,-7.800000,2
88.371062,0.036144422,-7.820000,2
88.384959,0.036527918,-7.840000,2
88.398427,0.036144422,-7.860000,2
88.412226,0.036048549,-7.880000,2
88.425908,0.035473306,-7.900000,2
88.439874,0.034993937,-7.920000,2
88.453973,0.034898063,-7.940000,2
88.467728,0.034706315,-7.960000,2
88.481575,0.034610442,-7.980000,2
88.495242,0.034131073,-8.000000,2
88.508640,0.034131073,-8.020000,2
88.522408,0.033364082,-8.040000,2
88.536074,0.033364082,-8.060000,2
88.549749,0.032884713,-8.080000,2
88.563908,0.032884713,-8.100000,2
88.577387,0.032501218,-8.120000,2
88.590901,0.032501218,-8.140000,2
88.604502,0.032213597,-8.160000,2
88.617950,0.032117723,-8.180000,2
88.631662,0.031542480,-8.200000,2
88.645111,0.031734228,-8.220000,2
88.658683,0.031542480,-8.240000,2
88.672647,0.030871363,-8.260000,2
88.686094,0.030679616,-8.280000,2
88.699859,0.030679616,-8.300000,2
88.713429,0.030008499,-8.320000,2
88.727847,0.029816752,-8.340000,2
88.741926,0.029529130,-8.360000,2
88.755791,0.029720878,-8.380000,2
88.769424,0.029529130,-8.400000,2
88.782677,0.029241509,-8.420000,2
88.796567,0.028666266,-8.440000,2
88.810280,0.028474518,-8.460000,2
88.824218,0.028378645,-8.480000,2
88.837647,0.027707528,-8.500000,2
88.851348,0.027515780,-8.520000,2
88.865227,0.027324033,-8.540000,2
88.878751,0.026940538,-8.560000,2
88.891937,0.027515780,-8.580000,2
88.905914,0.026652916,-8.600000,2
88.919613,0.026844664,-8.620000,2
88.933371,0.026173547,-8.640000,2
88.946925,0.025790052,-8.660000,2
88.961560,0.026173547,-8.680000,2
88.974804,0.025406557,-8.700000,2
88.989107,0.025406557,-8.720000,2
89.003239,0.025118935,-8.740000,2
89.016720,0.024831314,-8.760000,2
89.030020,0.025118935,-8.780000,2
89.043613,0.024639566,-8.800000,2
89.057279,0.024256071,-8.820000,2
89.071339,0.024256071,-8.840000,2
89.085039,0.024064324,-8.860000,2
89.098346,0.023680828,-8.880000,2
89.112408,0.023297333,-8.900000,2
89.126082,0.023105586,-8.920000,2
89.139891,0.023009712,-8.940000,2
89.153737,0.022434469,-8.960000,2
89.167122,0.022338595,-8.980000,2
89.180260,0.021667479,-9.000000,2
89.193921,0.021859226,-9.020000,2
89.208547,0.021763352,-9.040000,2
89.221801,0.021475731,-9.060000,2
89.235477,0.021188110,-9.080000,2
89.248893,0.020900488,-9.100000,2
89.262616,0.020804614,-9.120000,2
89.276287,0.020708741,-9.140000,2
89.290178,0.020421119,-9.160000,2
89.303666,0.019750003,-9.180000,2
89.317655,0.019845876,-9.200000,2
89.330907,0.019941750,-9.220000,2
89.346481,0.019366507,-9.240000,2
89.359845,0.018983012,-9.260000,2
89.373995,0.018983012,-9.280000,2
89.389477,0.018311896,-9.300000,2
89.402647,0.018503643,-9.320000,2
89.416111,0.017928400,-9.340000,2
89.429259,0.017640779,-9.360000,2
89.443145,0.017928400,-9.380000,2
89.456999,0.017065536,-9.400000,2
89.470479,0.016873789,-9.420000,2
89.484156,0.016682041,-9.440000,2
89.497667,0.016394420,-9.460000,2
89.512244,0.016586167,-9.480000,2
89.525488,0.015723303,-9.500000,2
89.538879,0.015148060,-9.520000,2
89.553540,0.015339808,-9.540000,2
89.567501,0.014572817,-9.560000,2
89.581417,0.014956313,-9.580000,2
89.595595,0.014285196,-9.600000,2
89.609328,0.013901701,-9.620000,2
89.622278,0.013422332,-9.640000,2
89.635157,0.013134710,-9.660000,2
89.648924,0.012751215,-9.680000,2
89.662552,0.012367720,-9.700000,2
89.675923,0.012367720,-9.720000,2
89.688893,0.011696604,-9.740000,2
89.702126,0.011696604,-9.760000,2
89.715374,0.011504856,-9.780000,2
89.729796,0.010450244,-9.800000,2
89.743148,0.010546118,-9.820000,2
89.757185,0.010258497,-9.840000,2
89.770756,0.009875001,-9.860000,2
89.784986,0.009683254,-9.880000,2
89.798789,0.009395632,-9.900000,2
89.812618,0.008916263,-9.920000,2
89.826301,0.008724516,-9.940000,2
89.840117,0.008245147,-9.960000,2
89.854158,0.007574030,-9.980000,2
89.868386,0.007478156,-10.000000,2
89.881961,0.006902914,-10.020000,2
89.895782,0.006519418,-10.040000,2
89.909815,0.006040049,-10.060000,2
89.923612,0.005656554,-10.080000,2
89.937635,0.004889564,-10.100000,2
89.951051,0.004889564,-10.120000,2
89.964781,0.004506069,-10.140000,2
89.978496,0.003930826,-10.160000,2
89.992209,0.003547331,-10.180000,2
90.006342,0.003355583,-10.200000,2
90.019839,0.002588593,-10.220000,2
90.033353,0.002492719,-10.240000,2
90.047469,0.002013350,-10.260000,2
90.060760,0.001438107,-10.280000,2
90.074253,0.001054612,-10.300000,2
90.088328,0.000575243,-10.320000,2
90.101999,0.000095874,-10.340000,2
90.115422,0.000000000,-10.360000,2
90.128953,-0.000862864,-10.380000,2
90.143482,-0.000671117,-10.400000,2
90.157165,-0.001342233,-10.420000,2
90.171110,-0.001629855,-10.440000,2
90.185088,-0.001917476,-10.460000,2
90.199730,-0.002109224,-10.480000,2
90.213743,-0.002780340,-10.500000,2
90.227407,-0.003163835,-10.520000,2
90.241191,-0.003834952,-10.540000,2
90.254790,-0.004026700,-10.560000,2
90.269291,-0.004697816,-10.580000,2
90.283049,-0.004601942,-10.600000,2
90.296354,-0.005081311,-10.620000,2
90.309901,-0.005464807,-10.640000,2
90.324452,-0.006040049,-10.660000,2
90.337880,-0.006135923,-10.680000,2
90.351419,-0.006519418,-10.700000,2
90.365001,-0.006998787,-10.720000,2
90.379521,-0.007094661,-10.740000,2
90.393434,-0.007669904,-10.760000,2
90.407373,-0.008053399,-10.780000,2
90.421002,-0.008149273,-10.800000,2
90.435039,-0.008724516,-10.820000,2
90.448550,-0.009203885,-10.840000,2
90.462744,-0.009299759,-10.860000,2
90.476293,-0.009970875,-10.880000,2
90.491017,-0.009779128,-10.900000,2
90.504611,-0.010354370,-10.920000,2
90.517962,-0.010450244,-10.940000,2
90.532821,-0.010929613,-10.960000,2
90.546314,-0.011217235,-10.980000,2
90.559772,-0.011408982,-11.000000,2
90.573812,-0.011888351,-11.020000,2
90.587263,-0.012080099,-11.040000,2
90.601056,-0.012271846,-11.060000,2
90.615029,-0.012847089,-11.080000,2
90.628644,-0.012942963,-11.100000,2
90.642232,-0.013230584,-11.120000,2
90.656167,-0.013901701,-11.140000,2
90.670287,-0.013805827,-11.160000,2
90.683832,-0.013997575,-11.180000,2
90.696992,-0.014285196,-11.200000,2
90.710668,-0.014668691,-11.220000,2
90.724319,-0.014860439,-11.240000,2
90.738978,-0.014764565,-11.260000,2
90.752608,-0.015243934,-11.280000,2
90.766083,-0.015435682,-11.300000,2
90.779878,-0.016010924,-11.320000,2
90.793631,-0.016106798,-11.340000,2
90.807890,-0.016777915,-11.360000,2
90.822093,-0.016394420,-11.380000,2
90.835925,-0.016586167,-11.400000,2
90.849654,-0.017065536,-11.420000,2
90.863322,-0.017736653,-11.440000,2
90.877539,-0.017353158,-11.460000,2
90.891098,-0.017640779,-11.480000,2
90.904769,-0.017736653,-11.500000,2
90.918477,-0.017928400,-11.520000,2
90.932000,-0.018791265,-11.540000,2
90.945980,-0.018983012,-11.560000,2
90.959565,-0.019078886,-11.580000,2
90.972903,-0.019174760,-11.600000,2
90.987178,-0.019462381,-11.620000,2
91.000859,-0.020133498,-11.640000,2
91.014865,-0.020325245,-11.660000,2
91.028597,-0.020708741,-11.680000,2
91.042446,-0.020612867,-11.700000,2
91.055950,-0.020996362,-11.720000,2
91.069608,-0.021379857,-11.740000,2
91.083912,-0.021763352,-11.760000,2
91.097474,-0.021763352,-11.780000,2
91.111073,-0.022050974,-11.800000,2
91.124770,-0.021859226,-11.820000,2
91.138421,-0.022530343,-11.840000,2
91.152290,-0.022722090,-11.860000,2
91.166189,-0.022626217,-11.880000,2
91.180270,-0.023489081,-11.900000,2
91.194006,-0.023584955,-11.920000,2
91.207883,-0.023968450,-11.940000,2
91.221715,-0.023872576,-11.960000,2
91.235395,-0.024351945,-11.980000,2
91.248688,-0.024447819,-12.000000,2
91.262234,-0.024927188,-12.020000,2
91.275989,-0.024927188,-12.040000,2
91.289329,-0.025310683,-12.060000,2
91.302873,-0.025694178,-12.080000,2
91.316563,-0.025694178,-12.100000,2
91.330352,-0.026557042,-12.120000,2
91.344049,-0.026940538,-12.140000,2
91.357982,-0.027132285,-12.160000,2
91.371707,-0.027324033,-12.180000,2
91.385017,-0.027899276,-12.200000,2
91.398711,-0.027803402,-12.220000,2
91.412348,-0.028666266,-12.240000,2
91.426298,-0.028378645,-12.260000,2
91.440250,-0.028858014,-12.280000,2
91.453752,-0.029241509,-12.300000,2
91.467474,-0.029433256,-12.320000,2
91.481058,-0.029720878,-12.340000,2
91.495811,-0.030008499,-12.360000,2
91.509267,-0.030391994,-12.380000,2
91.522950,-0.030871363,-12.400000,2
91.536657,-0.031446606,-12.420000,2
91.550335,-0.031254859,-12.440000,2
91.564424,-0.032021849,-12.460000,2
91.578178,-0.032405344,-12.480000,2
91.591921,-0.032692966,-12.500000,2
91.605610,-0.032692966,-12.520000,2
91.620007,-0.033364082,-12.540000,2
91.633278,-0.033747577,-12.560000,2
91.647584,-0.033843451,-12.580000,2
91.661700,-0.034322820,-12.600000,2
91.675342,-0.034610442,-12.620000,2
91.689432,-0.035473306,-12.640000,2
91.704007,-0.035473306,-12.660000,2
91.717594,-0.036048549,-12.680000,2
91.731341,-0.035856801,-12.700000,2
91.744945,-0.036432044,-12.720000,2
91.759297,-0.037103160,-12.740000,2
91.773710,-0.037294908,-12.760000,2
91.787004,-0.037582529,-12.780000,2
91.800665,-0.038541267,-12.800000,2
91.814395,-0.038637141,-12.820000,2
91.827878,-0.039116510,-12.840000,2
91.842491,-0.039595879,-12.860000,2
91.855710,-0.040075248,-12.880000,2
91.868505,-0.040362869,-12.900000,2
91.882208,-0.040746365,-12.920000,2
91.896190,-0.041513355,-12.940000,2
91.909894,-0.041800976,-12.960000,2
91.923683,-0.042567967,-12.980000,2
91.937287,-0.042951462,-13.000000,2
91.950794,-0.043239083,-13.020000,2
91.964780,-0.043430831,-13.040000,2
91.978989,-0.044101948,-13.060000,2
91.992996,-0.044868938,-13.080000,2
92.006989,-0.044773064,-13.100000,2
92.020938,-0.045635928,-13.120000,2
92.034635,-0.045923550,-13.140000,2
92.048598,-0.046594666,-13.160000,2
92.062140,-0.046882288,-13.180000,2
92.076114,-0.047457531,-13.200000,2
92.089542,-0.048128647,-13.220000,2
92.103385,-0.048703890,-13.240000,2
92.117462,-0.049279133,-13.260000,2
92.130981,-0.049375007,-13.280000,2
92.144684,-0.050046123,-13.300000,2
92.158368,-0.050525492,-13.320000,2
92.172839,-0.050813114,-13.340000,2
92.186581,-0.051388356,-13.360000,2
92.200350,-0.051580104,-13.380000,2
92.213825,-0.052442968,-13.400000,2
92.227506,-0.052442968,-13.420000,2
92.241303,-0.053497580,-13.440000,2
92.255235,-0.053689328,-13.460000,2
92.268940,-0.054360444,-13.480000,2
92.282695,-0.055031561,-13.500000,2
92.296427,-0.055223308,-13.520000,2
92.310684,-0.055702677,-13.540000,2
92.324592,-0.055894425,-13.560000,2
92.338343,-0.056182046,-13.580000,2
92.352204,-0.056757289,-13.600000,2
92.365664,-0.057428406,-13.620000,2
92.379048,-0.057907775,-13.640000,2
92.392564,-0.058291270,-13.660000,2
92.406315,-0.058866513,-13.680000,2
92.419740,-0.059633503,-13.700000,2
92.433297,-0.059921125,-13.720000,2
92.448000,-0.060496367,-13.740000,2
92.461433,-0.061167484,-13.760000,2
92.474701,-0.062222096,-13.780000,2
92.488070,-0.062413843,-13.800000,2
92.501799,-0.062989086,-13.820000,2
92.515617,-0.063468455,-13.840000,2
92.528587,-0.063756076,-13.860000,2
92.541851,-0.064523067,-13.880000,2
92.555495,-0.065194183,-13.900000,2
92.569119,-0.065865300,-13.920000,2
92.583569,-0.066440543,-13.940000,2
92.597340,-0.067303407,-13.960000,2
92.610848,-0.067782776,-13.980000,2
92.624975,-0.068645640,-14.000000,2
92.638442,-0.069796126,-14.020000,2
92.652090,-0.070371369,-14.040000,2
92.666153,-0.071138359,-14.060000,2
92.679164,-0.071905349,-14.080000,2
92.692734,-0.072864087,-14.100000,2
92.706419,-0.073726952,-14.120000,2
92.720322,-0.074781563,-14.140000,2
92.734688,-0.075740301,-14.160000,2
92.748128,-0.076890787,-14.180000,2
92.762691,-0.077753651,-14.200000,2
92.775971,-0.078904137,-14.220000,2
92.790069,-0.080246370,-14.240000,2
92.803693,-0.080917487,-14.260000,2
92.817257,-0.081876225,-14.280000,2
92.831115,-0.082834963,-14.300000,2
92.844981,-0.084081322,-14.320000,2
92.859572,-0.084560691,-14.340000,2
92.873294,-0.085998798,-14.360000,2
92.886946,-0.086574041,-14.380000,2
92.900604,-0.086957536,-14.400000,2
92.914443,-0.087724526,-14.420000,2
92.928667,-0.088875012,-14.440000,2
92.942846,-0.089642002,-14.460000,2
92.956689,-0.089929624,-14.480000,2
92.970047,-0.090025497,-14.500000,2
92.983572,-0.090313119,-14.520000,2
92.996977,-0.090888362,-14.540000,2
93.011093,-0.091463604,-14.560000,2
93.025003,-0.092038847,-14.580000,2
93.038738,-0.092518216,-14.600000,2
93.052435,-0.092901711,-14.620000,2
93.066259,-0.093189333,-14.640000,2
93.079687,-0.093860449,-14.660000,2
93.093499,-0.093572828,-14.680000,2
93.107251,-0.094052197,-14.700000,2
93.120730,-0.094531566,-14.720000,2
93.134467,-0.094915061,-14.740000,2
93.148398,-0.094915061,-14.760000,2
93.162120,-0.095202683,-14.780000,2
93.175617,-0.095298556,-14.800000,2
93.189859,-0.095969673,-14.820000,2
93.203948,-0.095873799,-14.840000,2
93.218306,-0.096161421,-14.860000,2
93.231765,-0.096257294,-14.880000,2
93.246253,-0.097216032,-14.900000,2
93.261133,-0.096640790,-14.920000,2
93.274814,-0.097599528,-14.940000,2
93.288017,-0.097599528,-14.960000,2
93.301549,-0.097983023,-14.980000,2
93.314325,-0.098078897,-15.000000,2
93.327175,-0.098462392,-15.020000,2
93.340820,-0.098558266,-15.040000,2
93.354907,-0.098941761,-15.060000,2
93.368277,-0.099037635,-15.080000,2
93.381933,-0.098941761,-15.100000,2
93.395098,-0.099133508,-15.120000,2
93.409233,-0.099421130,-15.140000,2
93.422518,-0.100188120,-15.160000,2
93.436805,-0.100188120,-15.180000,2
93.450414,-0.100188120,-15.200000,2
93.464474,-0.100188120,-15.220000,2
93.478468,-0.100955111,-15.240000,2
93.492119,-0.100667489,-15.260000,2
93.505975,-0.100859237,-15.280000,2
93.519875,-0.101338606,-15.300000,2
93.533561,-0.101242732,-15.320000,2
93.547341,-0.101434480,-15.340000,2
93.562224,-0.101913849,-15.360000,2
93.575675,-0.101722101,-15.380000,2
93.589700,-0.102201470,-15.400000,2
93.603079,-0.102009722,-15.420000,2
93.616897,-0.102489091,-15.440000,2
93.630332,-0.102584965,-15.460000,2
93.644116,-0.102680839,-15.480000,2
93.658021,-0.102584965,-15.500000,2
93.671951,-0.103160208,-15.520000,2
93.685872,-0.103351956,-15.540000,2
93.700161,-0.103543703,-15.560000,2
93.714164,-0.103447829,-15.580000,2
93.728315,-0.104214820,-15.600000,2
93.741864,-0.104310694,-15.620000,2
93.755378,-0.104214820,-15.640000,2
93.769208,-0.104598315,-15.660000,2
93.782454,-0.104885936,-15.680000,2
93.797095,-0.104790063,-15.700000,2
93.811619,-0.105077684,-15.720000,2
93.825605,-0.105365305,-15.740000,2
93.838693,-0.105844674,-15.760000,2
93.854594,-0.105365305,-15.780000,2
93.868277,-0.105748801,-15.800000,2
93.881853,-0.106324043,-15.820000,2
93.896200,-0.106324043,-15.840000,2
93.909786,-0.106515791,-15.860000,2
93.923643,-0.106899286,-15.880000,2
93.937145,-0.106899286,-15.900000,2
93.950849,-0.107570403,-15.920000,2
93.964375,-0.107282781,-15.940000,2
93.978111,-0.107474529,-15.960000,2
93.992460,-0.108049772,-15.980000,2
94.006081,-0.108049772,-16.000000,2
94.019803,-0.108241519,-16.020000,2
94.033313,-0.108241519,-16.040000,2
94.047562,-0.108720888,-16.060000,2
94.060802,-0.108720888,-16.080000,2
94.074671,-0.108625015,-16.100000,2
94.088974,-0.108816762,-16.120000,2
94.103396,-0.109583753,-16.140000,2
94.117492,-0.109775500,-16.160000,2
94.130790,-0.109775500,-16.180000,2
94.144265,-0.110158995,-16.200000,2
94.158181,-0.109967248,-16.220000,2
94.172706,-0.110734238,-16.240000,2
94.186334,-0.110446617,-16.260000,2
94.199919,-0.110830112,-16.280000,2
94.213669,-0.111021860,-16.300000,2
94.227082,-0.111117733,-16.320000,2
94.240839,-0.111117733,-16.340000,2
94.255030,-0.111501229,-16.360000,2
94.268643,-0.112076471,-16.380000,2
94.282210,-0.111980598,-16.400000,2
94.296101,-0.112076471,-16.420000,2
94.309782,-0.112268219,-16.440000,2
94.323139,-0.112555840,-16.460000,2
94.336976,-0.112268219,-16.480000,2
94.350331,-0.113131083,-16.500000,2
94.364179,-0.113035209,-16.520000,2
94.377477,-0.113226957,-16.540000,2
94.391561,-0.113802200,-16.560000,2
94.405192,-0.114089821,-16.580000,2
94.418634,-0.114377442,-16.600000,2
94.432084,-0.114089821,-16.620000,2
94.445654,-0.114473316,-16.640000,2
94.459557,-0.114760938,-16.660000,2
94.473433,-0.114856811,-16.680000,2
94.486964,-0.115336180,-16.700000,2
94.500602,-0.115240307,-16.720000,2
94.514606,-0.115623802,-16.740000,2
94.528046,-0.115623802,-16.760000,2
94.541783,-0.116199045,-16.780000,2
94.555918,-0.115911423,-16.800000,2
94.569512,-0.116582540,-16.820000,2
94.583316,-0.116390792,-16.840000,2
94.597292,-0.116486666,-16.860000,2
94.610850,-0.116870161,-16.880000,2
94.624735,-0.117349530,-16.900000,2
94.638568,-0.117349530,-16.920000,2
94.652346,-0.117924773,-16.940000,2
94.665967,-0.117924773,-16.960000,2
94.679630,-0.118500016,-16.980000,2
94.694124,-0.118404142,-17.000000,2
94.707849,-0.118691763,-17.020000,2
94.722116,-0.118883511,-17.040000,2
94.735533,-0.119171132,-17.060000,2
94.749074,-0.119458754,-17.080000,2
94.762872,-0.119267006,-17.100000,2
94.776531,-0.119362880,-17.120000,2
94.789815,-0.119650501,-17.140000,2
94.803459,-0.120321618,-17.160000,2
94.816865,-0.120129870,-17.180000,2
94.830648,-0.120800987,-17.200000,2
94.844365,-0.120705113,-17.220000,2
94.858152,-0.120609239,-17.240000,2
94.871334,-0.120992735,-17.260000,2
94.885358,-0.121567977,-17.280000,2
94.899342,-0.121663851,-17.300000,2
94.913339,-0.122430842,-17.320000,2
94.927482,-0.122239094,-17.340000,2
94.940735,-0.122430842,-17.360000,2
94.954215,-0.122430842,-17.380000,2
94.968101,-0.123006084,-17.400000,2
94.981455,-0.123006084,-17.420000,2
94.995588,-0.123101958,-17.440000,2
95.009537,-0.123581327,-17.460000,2
95.024018,-0.123581327,-17.480000,2
95.038132,-0.124348318,-17.500000,2
95.051861,-0.124635939,-17.520000,2
95.065387,-0.124156570,-17.540000,2
95.078826,-0.124635939,-17.560000,2
95.093355,-0.125211182,-17.580000,2
95.106715,-0.125498803,-17.600000,2
95.121053,-0.125786425,-17.620000,2
95.135383,-0.126074046,-17.640000,2
95.149545,-0.125978172,-17.660000,2
95.163846,-0.126745163,-17.680000,2
95.177735,-0.126745163,-17.700000,2
95.191571,-0.126841036,-17.720000,2
95.205538,-0.126936910,-17.740000,2
95.219167,-0.127320405,-17.760000,2
95.232939,-0.127320405,-17.780000,2
95.246851,-0.127512153,-17.800000,2
95.261082,-0.127703901,-17.820000,2
95.274581,-0.127991522,-17.840000,2
95.288772,-0.128375017,-17.860000,2
95.302213,-0.128375017,-17.880000,2
95.315727,-0.128950260,-17.900000,2
95.329568,-0.128758512,-17.920000,2
95.343286,-0.129429629,-17.940000,2
95.357095,-0.129237881,-17.960000,2
95.370741,-0.129525503,-17.980000,2
95.384908,-0.130100746,-18.000000,2
95.398847,-0.130004872,-18.020000,2
95.412701,-0.130004872,-18.040000,2
95.426642,-0.130388367,-18.060000,2
95.440158,-0.130484241,-18.080000,2
95.453714,-0.131347105,-18.100000,2
95.467175,-0.131155357,-18.120000,2
95.481094,-0.131538853,-18.140000,2
95.495281,-0.131730600,-18.160000,2
95.508990,-0.132018222,-18.180000,2
95.523150,-0.132305843,-18.200000,2
95.536961,-0.132114095,-18.220000,2
95.551377,-0.132497591,-18.240000,2
95.565584,-0.133072833,-18.260000,2
95.579372,-0.132785212,-18.280000,2
95.593733,-0.133072833,-18.300000,2
95.607768,-0.133264581,-18.320000,2
95.621117,-0.133839824,-18.340000,2
95.634927,-0.134223319,-18.360000,2
95.648589,-0.133935698,-18.380000,2
95.662129,-0.134894436,-18.400000,2
95.675913,-0.134606814,-18.420000,2
95.689730,-0.134702688,-18.440000,2
95.702900,-0.135277931,-18.460000,2
95.716678,-0.135277931,-18.480000,2
95.730240,-0.135469678,-18.500000,2
95.743803,-0.135853174,-18.520000,2
95.756979,-0.136044921,-18.540000,2
95.770902,-0.136044921,-18.560000,2
95.784518,-0.136620164,-18.580000,2
95.798602,-0.136811912,-18.600000,2
95.813205,-0.137099533,-18.620000,2
95.826745,-0.137099533,-18.640000,2
95.840690,-0.137387154,-18.660000,2
95.854701,-0.137483028,-18.680000,2
95.868847,-0.137578902,-18.700000,2
95.882188,-0.138154145,-18.720000,2
95.895766,-0.138441766,-18.740000,2
95.909282,-0.138633514,-18.760000,2
95.922766,-0.138537640,-18.780000,2
95.936681,-0.139017009,-18.800000,2
95.950695,-0.138921135,-18.820000,2
95.964478,-0.139783999,-18.840000,2
95.978213,-0.139879873,-18.860000,2
95.991499,-0.139975747,-18.880000,2
96.005128,-0.139975747,-18.900000,2
96.018723,-0.140455116,-18.920000,2
96.032519,-0.140934485,-18.940000,2
96.046489,-0.140934485,-18.960000,2
96.059874,-0.141413854,-18.980000,2
96.073418,-0.141509728,-19.000000,2
96.087595,-0.141797349,-19.020000,2
96.101344,-0.142276718,-19.040000,2
96.115097,-0.142084970,-19.060000,2
96.128779,-0.142564339,-19.080000,2
96.143452,-0.142660213,-19.100000,2
96.157379,-0.142851961,-19.120000,2
96.170846,-0.143235456,-19.140000,2
96.184891,-0.143618951,-19.160000,2
96.198537,-0.143618951,-19.180000,2
96.212979,-0.143427204,-19.200000,2
96.226456,-0.144002446,-19.220000,2
96.240054,-0.144098320,-19.240000,2
96.253729,-0.144385942,-19.260000,2
96.268347,-0.145152932,-19.280000,2
96.282016,-0.144865311,-19.300000,2
96.295837,-0.145152932,-19.320000,2
96.310381,-0.145632301,-19.340000,2
96.324549,-0.145824049,-19.360000,2
96.338269,-0.145728175,-19.380000,2
96.352265,-0.146111670,-19.400000,2
96.366183,-0.146495165,-19.420000,2
96.380391,-0.146399291,-19.440000,2
96.394628,-0.146686913,-19.460000,2
96.409187,-0.146974534,-19.480000,2
96.423725,-0.147933272,-19.500000,2
96.437949,-0.147453903,-19.520000,2
96.451159,-0.147933272,-19.540000,2
96.464831,-0.147837398,-19.560000,2
96.478512,-0.148316767,-19.580000,2
96.492013,-0.148508515,-19.600000,2
96.505281,-0.148987884,-19.620000,2
96.519468,-0.149275505,-19.640000,2
96.533666,-0.149467253,-19.660000,2
96.547503,-0.149850748,-19.680000,2
96.560980,-0.149754874,-19.700000,2
96.574747,-0.150138370,-19.720000,2
96.588906,-0.149946622,-19.740000,2
96.602704,-0.150617739,-19.760000,2
96.616471,-0.151288855,-19.780000,2
96.630599,-0.151192981,-19.800000,2
96.644207,-0.151288855,-19.820000,2
96.658082,-0.151576477,-19.840000,2
96.671882,-0.151576477,-19.860000,2
96.686188,-0.152055846,-19.880000,2
96.699927,-0.152726962,-19.900000,2
96.713714,-0.153110457,-19.920000,2
96.728091,-0.152822836,-19.940000,2
96.741430,-0.153014584,-19.960000,2
96.755023,-0.153206331,-19.980000,2
96.768964,-0.153589826,-20.000000,2
96.783108,-0.153781574,-20.000000,2
96.796900,-0.154165069,-19.980000,2
96.810825,-0.154356817,-19.960000,2
96.823896,-0.154740312,-19.940000,2
96.837716,-0.154452691,-19.920000,2
96.851459,-0.154165069,-19.900000,2
96.865337,-0.154165069,-19.880000,2
96.879125,-0.154165069,-19.860000,2
96.892590,-0.154548564,-19.840000,2
96.906230,-0.154932060,-19.820000,2
96.919832,-0.153877448,-19.800000,2
96.933440,-0.154452691,-19.780000,2
96.947111,-0.154356817,-19.760000,2
96.961168,-0.154644438,-19.740000,2
96.974995,-0.154356817,-19.720000,2
96.988889,-0.154165069,-19.700000,2
97.003497,-0.153973322,-19.680000,2
97.016916,-0.154069195,-19.660000,2
97.030397,-0.154356817,-19.640000,2
97.043831,-0.153973322,-19.620000,2
97.057484,-0.154165069,-19.600000,2
97.070811,-0.154644438,-19.580000,2
97.084542,-0.154356817,-19.560000,2
97.098977,-0.153973322,-19.540000,2
97.112334,-0.154165069,-19.520000,2
97.126397,-0.153877448,-19.500000,2
97.140150,-0.153589826,-19.480000,2
97.154227,-0.154165069,-19.460000,2
97.167971,-0.153877448,-19.440000,2
97.182022,-0.153781574,-19.420000,2
97.195643,-0.153781574,-19.400000,2
97.210083,-0.154069195,-19.380000,2
97.223492,-0.153877448,-19.360000,2
97.237935,-0.153973322,-19.340000,2
97.251462,-0.154260943,-19.320000,2
97.265074,-0.153589826,-19.300000,2
97.279817,-0.153973322,-19.280000,2
97.293590,-0.153973322,-19.260000,2
97.307013,-0.153398079,-19.240000,2
97.320921,-0.153685700,-19.220000,2
97.334443,-0.153973322,-19.200000,2
97.347913,-0.153110457,-19.180000,2
97.361728,-0.153206331,-19.160000,2
97.375924,-0.153493953,-19.140000,2
97.389524,-0.153302205,-19.120000,2
97.403566,-0.153206331,-19.100000,2
97.417087,-0.153014584,-19.080000,2
97.430646,-0.153398079,-19.060000,2
97.444348,-0.153110457,-19.040000,2
97.457929,-0.152918710,-19.020000,2
97.471516,-0.153014584,-19.000000,2
97.485672,-0.152726962,-18.980000,2
97.499218,-0.152822836,-18.960000,2
97.512675,-0.153206331,-18.940000,2
97.526212,-0.152631088,-18.920000,2
97.540313,-0.152631088,-18.900000,2
97.554124,-0.152822836,-18.880000,2
97.568564,-0.152726962,-18.860000,2
97.582626,-0.152918710,-18.840000,2
97.596883,-0.152535215,-18.820000,2
97.610334,-0.152343467,-18.800000,2
97.623866,-0.152055846,-18.780000,2
97.638160,-0.151864098,-18.760000,2
97.651545,-0.152343467,-18.740000,2
97.665189,-0.152151719,-18.720000,2
97.679891,-0.151959972,-18.700000,2
97.693131,-0.151959972,-18.680000,2
97.706907,-0.151672350,-18.660000,2
97.720924,-0.151672350,-18.640000,2
97.734468,-0.151959972,-18.620000,2
97.748180,-0.151576477,-18.600000,2
97.761735,-0.151864098,-18.580000,2
97.775483,-0.151768224,-18.560000,2
97.789283,-0.151384729,-18.540000,2
97.802896,-0.151288855,-18.520000,2
97.816591,-0.151672350,-18.500000,2
97.830312,-0.151097108,-18.480000,2
97.843833,-0.151288855,-18.460000,2
97.857656,-0.151480603,-18.440000,2
97.872282,-0.151288855,-18.420000,2
97.885237,-0.151001234,-18.400000,2
97.899462,-0.150713612,-18.380000,2
97.913870,-0.150809486,-18.360000,2
97.927378,-0.150809486,-18.340000,2
97.941040,-0.150234243,-18.320000,2
97.955014,-0.150905360,-18.300000,2
97.968815,-0.150330117,-18.280000,2
97.982453,-0.150234243,-18.260000,2
97.996707,-0.150234243,-18.240000,2
98.010211,-0.150617739,-18.220000,2
98.024168,-0.150425991,-18.200000,2
98.037631,-0.150425991,-18.180000,2
98.052214,-0.150042496,-18.160000,2
98.065259,-0.150138370,-18.140000,2
98.078707,-0.149659001,-18.120000,2
98.092310,-0.149659001,-18.100000,2
98.105918,-0.149659001,-18.080000,2
98.119847,-0.149946622,-18.060000,2
98.133229,-0.149659001,-18.040000,2
98.146832,-0.149467253,-18.020000,2
98.160426,-0.149371379,-18.000000,2
98.174847,-0.149371379,-17.980000,2
98.188724,-0.149179632,-17.960000,2
98.202605,-0.149563127,-17.940000,2
98.217480,-0.148796136,-17.920000,2
98.230435,-0.149371379,-17.900000,2
98.244402,-0.149275505,-17.880000,2
98.257782,-0.148892010,-17.860000,2
98.271573,-0.148700263,-17.840000,2
98.285249,-0.148987884,-17.820000,2
98.298853,-0.148508515,-17.800000,2
98.312475,-0.148604389,-17.780000,2
98.325443,-0.148220894,-17.760000,2
98.338593,-0.148125020,-17.740000,2
98.353489,-0.148316767,-17.720000,2
98.366868,-0.148508515,-17.700000,2
98.380347,-0.148508515,-17.680000,2
98.393364,-0.148220894,-17.660000,2
98.407047,-0.148125020,-17.640000,2
98.420643,-0.147933272,-17.620000,2
98.434273,-0.148316767,-17.600000,2
98.447891,-0.147837398,-17.580000,2
98.461551,-0.147933272,-17.560000,2
98.474841,-0.147549777,-17.540000,2
98.488607,-0.147645651,-17.520000,2
98.502077,-0.147645651,-17.500000,2
98.515254,-0.147837398,-17.480000,2
98.529380,-0.147358029,-17.460000,2
98.543130,-0.147358029,-17.440000,2
98.556934,-0.147262156,-17.420000,2
98.570599,-0.147166282,-17.400000,2
98.584388,-0.146686913,-17.380000,2
98.598431,-0.146878660,-17.360000,2
98.612131,-0.147070408,-17.340000,2
98.625825,-0.146495165,-17.320000,2
98.639415,-0.146686913,-17.300000,2
98.653395,-0.146686913,-17.280000,2
98.667133,-0.146591039,-17.260000,2
98.680668,-0.146399291,-17.240000,2
98.694402,-0.146303418,-17.220000,2
98.707861,-0.146207544,-17.200000,2
98.721785,-0.145824049,-17.180000,2
98.735671,-0.146015796,-17.160000,2
98.749720,-0.145632301,-17.140000,2
98.763639,-0.145632301,-17.120000,2
98.777714,-0.145728175,-17.100000,2
98.792165,-0.145632301,-17.080000,2
98.806117,-0.145632301,-17.060000,2
98.819842,-0.145536427,-17.040000,2
98.833941,-0.145824049,-17.020000,2
98.847588,-0.145536427,-17.000000,2
98.860818,-0.145536427,-16.980000,2
98.875329,-0.145152932,-16.960000,2
98.888573,-0.144769437,-16.940000,2
98.902651,-0.144961184,-16.920000,2
98.916449,-0.144769437,-16.900000,2
98.930201,-0.144865311,-16.880000,2
98.943879,-0.144769437,-16.860000,2
98.957323,-0.144673563,-16.840000,2
98.971552,-0.144385942,-16.820000,2
98.985708,-0.144673563,-16.800000,2
98.999758,-0.144577689,-16.780000,2
99.013201,-0.144385942,-16.760000,2
99.026783,-0.144098320,-16.740000,2
99.040067,-0.144098320,-16.720000,2
99.053923,-0.143906573,-16.700000,2
99.067549,-0.143523077,-16.680000,2
99.081668,-0.144194194,-16.660000,2
99.095143,-0.144002446,-16.640000,2
99.108586,-0.143235456,-16.620000,2
99.123052,-0.143331330,-16.600000,2
99.136815,-0.143523077,-16.580000,2
99.150642,-0.143427204,-16.560000,2
99.164675,-0.142851961,-16.540000,2
99.178106,-0.143331330,-16.520000,2
99.191624,-0.143139582,-16.500000,2
99.205117,-0.142851961,-16.480000,2
99.218596,-0.142947835,-16.460000,2
99.232220,-0.142756087,-16.440000,2
99.245961,-0.142468466,-16.420000,2
99.259375,-0.142276718,-16.400000,2
99.272862,-0.142372592,-16.380000,2
99.286695,-0.142372592,-16.360000,2
99.301368,-0.141893223,-16.340000,2
99.314935,-0.141893223,-16.320000,2
99.329032,-0.142276718,-16.300000,2
99.342890,-0.142276718,-16.280000,2
99.356548,-0.141989097,-16.260000,2
99.370667,-0.141989097,-16.240000,2
99.384075,-0.141413854,-16.220000,2
99.397972,-0.141605601,-16.200000,2
99.411110,-0.141509728,-16.180000,2
99.424675,-0.141605601,-16.160000,2
99.438340,-0.141030359,-16.140000,2
99.451703,-0.141126232,-16.120000,2
99.465066,-0.141317980,-16.100000,2
99.478855,-0.141413854,-16.080000,2
99.492032,-0.140838611,-16.060000,2
99.505657,-0.141126232,-16.040000,2
99.519317,-0.140646863,-16.020000,2
99.533113,-0.140455116,-16.000000,2
99.546975,-0.140838611,-15.980000,2
99.560767,-0.140455116,-15.960000,2
99.574787,-0.140359242,-15.940000,2
99.588784,-0.140263368,-15.920000,2
99.602391,-0.140263368,-15.900000,2
99.616230,-0.140071621,-15.880000,2
99.629769,-0.140167494,-15.860000,2
99.643548,-0.139783999,-15.840000,2
99.656819,-0.139975747,-15.820000,2
99.670708,-0.139688125,-15.800000,2
99.684358,-0.139592252,-15.780000,2
99.698348,-0.139304630,-15.760000,2
99.712674,-0.139017009,-15.740000,2
99.726803,-0.139017009,-15.720000,2
99.740981,-0.139496378,-15.700000,2
99.754774,-0.138633514,-15.680000,2
99.768470,-0.138825261,-15.660000,2
99.781719,-0.138633514,-15.640000,2
99.794938,-0.138825261,-15.620000,2
99.808726,-0.138537640,-15.600000,2
99.822375,-0.138345892,-15.580000,2
99.836496,-0.138154145,-15.560000,2
99.851009,-0.137962397,-15.540000,2
99.865016,-0.138154145,-15.520000,2
99.878751,-0.138441766,-15.500000,2
99.893345,-0.138154145,-15.480000,2
99.906779,-0.137962397,-15.460000,2
99.920895,-0.138154145,-15.440000,2
99.934343,-0.137387154,-15.420000,2
99.947638,-0.137483028,-15.400000,2
99.961520,-0.137483028,-15.380000,2
99.975159,-0.137387154,-15.360000,2
99.988811,-0.137674776,-15.340000,2
100.002900,-0.137674776,-15.320000,2
100.016217,-0.137099533,-15.300000,2
100.030030,-0.137099533,-15.280000,2
100.044527,-0.136811912,-15.260000,2
100.058079,-0.136524290,-15.240000,2
100.071887,-0.136907785,-15.220000,2
100.085974,-0.136332543,-15.200000,2
100.099751,-0.136044921,-15.180000,2
100.113166,-0.136236669,-15.160000,2
100.126719,-0.136332543,-15.140000,2
100.140337,-0.136044921,-15.120000,2
100.154154,-0.135661426,-15.100000,2
100.167574,-0.135757300,-15.080000,2
100.180898,-0.135757300,-15.060000,2
100.194586,-0.135469678,-15.040000,2
100.208102,-0.135565552,-15.020000,2
100.221979,-0.135469678,-15.000000,2
100.235788,-0.134990309,-14.980000,2
100.249628,-0.135277931,-14.960000,2
100.263335,-0.135277931,-14.940000,2
100.276915,-0.135277931,-14.920000,2
100.290778,-0.134894436,-14.900000,2
100.304600,-0.135182057,-14.880000,2
100.318269,-0.134702688,-14.860000,2
100.331598,-0.134702688,-14.840000,2
100.345781,-0.134702688,-14.820000,2
100.360072,-0.134127445,-14.800000,2
100.374208,-0.134127445,-14.780000,2
100.388400,-0.134127445,-14.760000,2
100.402696,-0.134606814,-14.740000,2
100.416549,-0.134223319,-14.720000,2
100.430854,-0.134127445,-14.700000,2
100.445007,-0.134031571,-14.680000,2
100.458960,-0.133648076,-14.660000,2
100.472683,-0.133648076,-14.640000,2
100.486527,-0.133648076,-14.620000,2
100.500433,-0.133456329,-14.600000,2
100.514125,-0.133456329,-14.580000,2
100.527862,-0.133168707,-14.560000,2
100.541980,-0.133360455,-14.540000,2
100.555022,-0.133072833,-14.520000,2
100.569095,-0.133072833,-14.500000,2
100.582806,-0.133072833,-14.480000,2
100.597017,-0.132976960,-14.460000,2
100.610181,-0.132497591,-14.440000,2
100.624388,-0.132689338,-14.420000,2
100.638582,-0.132305843,-14.400000,2
100.652568,-0.132593464,-14.380000,2
100.666076,-0.132497591,-14.360000,2
100.679893,-0.132018222,-14.340000,2
100.693222,-0.132401717,-14.320000,2
100.706817,-0.132018222,-14.300000,2
100.720315,-0.131922348,-14.280000,2
100.733748,-0.131922348,-14.260000,2
100.748078,-0.131730600,-14.240000,2
100.762019,-0.131634726,-14.220000,2
100.775618,-0.131634726,-14.200000,2
100.789087,-0.131251231,-14.180000,2
100.802856,-0.131251231,-14.160000,2
100.816627,-0.131155357,-14.140000,2
100.830353,-0.130867736,-14.120000,2
100.844361,-0.130867736,-14.100000,2
100.858066,-0.130771862,-14.080000,2
100.872121,-0.130963610,-14.060000,2
100.885882,-0.131059484,-14.040000,2
100.900484,-0.130292493,-14.020000,2
100.914131,-0.130196619,-14.000000,2
100.928001,-0.129813124,-13.980000,2
100.942471,-0.129813124,-13.960000,2
100.956310,-0.130100746,-13.940000,2
100.969961,-0.129813124,-13.920000,2
100.983584,-0.129908998,-13.900000,2
100.997613,-0.129717250,-13.880000,2
101.011172,-0.129813124,-13.860000,2
101.024612,-0.129525503,-13.840000,2
101.038147,-0.129429629,-13.820000,2
101.052165,-0.129621377,-13.800000,2
101.066114,-0.129429629,-13.780000,2
101.079740,-0.128950260,-13.760000,2
101.093471,-0.129333755,-13.740000,2
101.106519,-0.128662639,-13.720000,2
101.120309,-0.128950260,-13.700000,2
101.134491,-0.128470891,-13.680000,2
101.148456,-0.128375017,-13.660000,2
101.162316,-0.128375017,-13.640000,2
101.176199,-0.128566765,-13.620000,2
101.190037,-0.128375017,-13.600000,2
101.204521,-0.128087396,-13.580000,2
101.218116,-0.127991522,-13.560000,2
101.232134,-0.128087396,-13.540000,2
101.246423,-0.127991522,-13.520000,2
101.259602,-0.127512153,-13.500000,2
101.272893,-0.127512153,-13.480000,2
101.287076,-0.127608027,-13.460000,2
101.300703,-0.127032784,-13.440000,2
101.314120,-0.127224532,-13.420000,2
101.327257,-0.127032784,-13.400000,2
101.340918,-0.127128658,-13.380000,2
101.354668,-0.127128658,-13.360000,2
101.367863,-0.127032784,-13.340000,2
101.381829,-0.126745163,-13.320000,2
101.395791,-0.126649289,-13.300000,2
101.409391,-0.126649289,-13.280000,2
101.423453,-0.126553415,-13.260000,2
101.437194,-0.126169920,-13.240000,2
101.450854,-0.125882298,-13.220000,2
101.465160,-0.126457541,-13.200000,2
101.479238,-0.125594677,-13.180000,2
101.493119,-0.125882298,-13.160000,2
101.506698,-0.126074046,-13.140000,2
101.520133,-0.125307056,-13.120000,2
101.533894,-0.125498803,-13.100000,2
101.547091,-0.125019434,-13.080000,2
101.560661,-0.125211182,-13.060000,2
101.574054,-0.125594677,-13.040000,2
101.587569,-0.124923560,-13.020000,2
101.601204,-0.124923560,-13.000000,2
101.614799,-0.124731813,-12.980000,2
101.628349,-0.124923560,-12.960000,2
101.642581,-0.124635939,-12.940000,2
101.656368,-0.124635939,-12.920000,2
101.669699,-0.124444191,-12.900000,2
101.683777,-0.124156570,-12.880000,2
101.697659,-0.123868949,-12.860000,2
101.711372,-0.123773075,-12.840000,2
101.725363,-0.123581327,-12.820000,2
101.738800,-0.123868949,-12.800000,2
101.752234,-0.124060696,-12.780000,2
101.766091,-0.123293706,-12.760000,2
101.779802,-0.123485453,-12.740000,2
101.793718,-0.123389580,-12.720000,2
101.807271,-0.123197832,-12.700000,2
101.821332,-0.122814337,-12.680000,2
101.835492,-0.123197832,-12.660000,2
101.849287,-0.123101958,-12.640000,2
101.863176,-0.122430842,-12.620000,2
101.877514,-0.122622589,-12.600000,2
101.890742,-0.122814337,-12.580000,2
101.904553,-0.122143220,-12.560000,2
101.918304,-0.122239094,-12.540000,2
101.932584,-0.122334968,-12.520000,2
101.946694,-0.122526715,-12.500000,2
101.960175,-0.122239094,-12.480000,2
101.974192,-0.121663851,-12.460000,2
101.988077,-0.121663851,-12.440000,2
102.001948,-0.121567977,-12.420000,2
102.015924,-0.121567977,-12.400000,2
102.030040,-0.121567977,-12.380000,2
102.043467,-0.121184482,-12.360000,2
102.056786,-0.121184482,-12.340000,2
102.071237,-0.121184482,-12.320000,2
102.085245,-0.120896861,-12.300000,2
102.098817,-0.120705113,-12.280000,2
102.112506,-0.120705113,-12.260000,2
102.125895,-0.120992735,-12.240000,2
102.139954,-0.121088608,-12.220000,2
102.154494,-0.120033997,-12.200000,2
102.168053,-0.120225744,-12.180000,2
102.182146,-0.120129870,-12.160000,2
102.196002,-0.119650501,-12.140000,2
102.209392,-0.119746375,-12.120000,2
102.223037,-0.119554628,-12.100000,2
102.236832,-0.119458754,-12.080000,2
102.250793,-0.119842249,-12.060000,2
102.264130,-0.119458754,-12.040000,2
102.277602,-0.119267006,-12.020000,2
102.291579,-0.119267006,-12.000000,2
102.305259,-0.119267006,-11.980000,2
102.318436,-0.119267006,-11.960000,2
102.332694,-0.118883511,-11.940000,2
102.345894,-0.118883511,-11.920000,2
102.359931,-0.118883511,-11.900000,2
102.373280,-0.118308268,-11.880000,2
102.386655,-0.118500016,-11.860000,2
102.400831,-0.118116521,-11.840000,2
102.414370,-0.118595890,-11.820000,2
102.428505,-0.118212394,-11.800000,2
102.441813,-0.117924773,-11.780000,2
102.455157,-0.117637152,-11.760000,2
102.468890,-0.118020647,-11.740000,2
102.482760,-0.117445404,-11.720000,2
102.497170,-0.117637152,-11.700000,2
102.510896,-0.117157783,-11.680000,2
102.525264,-0.117541278,-11.660000,2
102.538713,-0.117253656,-11.640000,2
102.554669,-0.117157783,-11.620000,2
102.573201,-0.116966035,-11.600000,2
102.586793,-0.116774287,-11.580000,2
102.599864,-0.116678414,-11.560000,2
102.613548,-0.116582540,-11.540000,2
102.626907,-0.116774287,-11.520000,2
102.640232,-0.116582540,-11.500000,2
102.653809,-0.116390792,-11.480000,2
102.666871,-0.116199045,-11.460000,2
102.680520,-0.116199045,-11.440000,2
102.694696,-0.115815549,-11.420000,2
102.708478,-0.116199045,-11.400000,2
102.722249,-0.115719676,-11.380000,2
102.735747,-0.115336180,-11.360000,2
102.749437,-0.115432054,-11.340000,2
102.762667,-0.115240307,-11.320000,2
102.776708,-0.115048559,-11.300000,2
102.790026,-0.115144433,-11.280000,2
102.803504,-0.115048559,-11.260000,2
102.818044,-0.114760938,-11.240000,2
102.831732,-0.114569190,-11.220000,2
102.845445,-0.114665064,-11.200000,2
102.858879,-0.114185695,-11.180000,2
102.872011,-0.113898074,-11.160000,2
102.885607,-0.114185695,-11.140000,2
102.900034,-0.113898074,-11.120000,2
102.913500,-0.114185695,-11.100000,2
102.926993,-0.113993947,-11.080000,2
102.940490,-0.113418705,-11.060000,2
102.953800,-0.113898074,-11.040000,2
102.967820,-0.113610452,-11.020000,2
102.982319,-0.113514578,-11.000000,2
102.996123,-0.113131083,-10.980000,2
103.009733,-0.112939336,-10.960000,2
103.023753,-0.113131083,-10.940000,2
103.037423,-0.112747588,-10.920000,2
103.051543,-0.112747588,-10.900000,2
103.065014,-0.113226957,-10.880000,2
103.078909,-0.112651714,-10.860000,2
103.092460,-0.112651714,-10.840000,2
103.106338,-0.112172345,-10.820000,2
103.120007,-0.111884724,-10.800000,2
103.134277,-0.111980598,-10.780000,2
103.148002,-0.111884724,-10.760000,2
103.161576,-0.111692976,-10.740000,2
103.175847,-0.111405355,-10.720000,2
103.189026,-0.111501229,-10.700000,2
103.202934,-0.111597102,-10.680000,2
103.216598,-0.110925986,-10.660000,2
103.230157,-0.110925986,-10.640000,2
103.243856,-0.111309481,-10.620000,2
103.258106,-0.110638364,-10.600000,2
103.271717,-0.110734238,-10.580000,2
103.285396,-0.110542491,-10.560000,2
103.298358,-0.110638364,-10.540000,2
103.311325,-0.110542491,-10.520000,2
103.324124,-0.110638364,-10.500000,2
103.337108,-0.110254869,-10.480000,2
103.350914,-0.110158995,-10.460000,2
103.364247,-0.109871374,-10.440000,2
103.377511,-0.109487879,-10.420000,2
103.390275,-0.109871374,-10.400000,2
103.404029,-0.109487879,-10.380000,2
103.417888,-0.109487879,-10.360000,2
103.431795,-0.109296131,-10.340000,2
103.445281,-0.109296131,-10.320000,2
103.459352,-0.109296131,-10.300000,2
103.473106,-0.109008510,-10.280000,2
103.487006,-0.108720888,-10.260000,2
103.501834,-0.108625015,-10.240000,2
103.515576,-0.108625015,-10.220000,2
103.528851,-0.108529141,-10.200000,2
103.542560,-0.108720888,-10.180000,2
103.555984,-0.108241519,-10.160000,2
103.570332,-0.108241519,-10.140000,2
103.584038,-0.108049772,-10.120000,2
103.597786,-0.107666277,-10.100000,2
103.611259,-0.107762150,-10.080000,2
103.625863,-0.107762150,-10.060000,2
103.639659,-0.107378655,-10.040000,2
103.653376,-0.107570403,-10.020000,2
103.666812,-0.107282781,-10.000000,2
103.680475,-0.107282781,-9.980000,2
103.694172,-0.106899286,-9.960000,2
103.708309,-0.106707539,-9.940000,2
103.721935,-0.106707539,-9.920000,2
103.735270,-0.106803412,-9.900000,2
103.748472,-0.106419917,-9.880000,2
103.762401,-0.106228170,-9.860000,2
103.776103,-0.106132296,-9.840000,2
103.789938,-0.106132296,-9.820000,2
103.803715,-0.106419917,-9.800000,2
103.817483,-0.105844674,-9.780000,2
103.831452,-0.106036422,-9.760000,2
103.845645,-0.105748801,-9.740000,2
103.859394,-0.105652927,-9.720000,2
103.873459,-0.105269432,-9.700000,2
103.887571,-0.105365305,-9.680000,2
103.901493,-0.105269432,-9.660000,2
103.915174,-0.104885936,-9.640000,2
103.928647,-0.104981810,-9.620000,2
103.942305,-0.104598315,-9.600000,2
103.955584,-0.104694189,-9.580000,2
103.968867,-0.104598315,-9.560000,2
103.982518,-0.104885936,-9.540000,2
103.996580,-0.104598315,-9.520000,2
104.010156,-0.104214820,-9.500000,2
104.023692,-0.104118946,-9.480000,2
104.037610,-0.103927198,-9.460000,2
104.051809,-0.104023072,-9.440000,2
104.065134,-0.103543703,-9.420000,2
104.078746,-0.103543703,-9.400000,2
104.092627,-0.103447829,-9.380000,2
104.106209,-0.103543703,-9.360000,2
104.119697,-0.103256082,-9.340000,2
104.133166,-0.103256082,-9.320000,2
104.146585,-0.102968460,-9.300000,2
104.161048,-0.102680839,-9.280000,2
104.175099,-0.102680839,-9.260000,2
104.188369,-0.102584965,-9.240000,2
104.202082,-0.102393218,-9.220000,2
104.216675,-0.102393218,-9.200000,2
104.231643,-0.102584965,-9.180000,2
104.245334,-0.102105596,-9.160000,2
104.258311,-0.102009722,-9.140000,2
104.272169,-0.101817975,-9.120000,2
104.285811,-0.102105596,-9.100000,2
104.299677,-0.101626227,-9.080000,2
104.312986,-0.101338606,-9.060000,2
104.327349,-0.101722101,-9.040000,2
104.340486,-0.101530353,-9.020000,2
104.353860,-0.100667489,-9.000000,2
104.367762,-0.100667489,-8.980000,2
104.381616,-0.100955111,-8.960000,2
104.395507,-0.100955111,-8.940000,2
104.409047,-0.100667489,-8.920000,2
104.422443,-0.100763363,-8.900000,2
104.435268,-0.100571615,-8.880000,2
104.449899,-0.100092246,-8.860000,2
104.463845,-0.100188120,-8.840000,2
104.477722,-0.100092246,-8.820000,2
104.491558,-0.099996373,-8.800000,2
104.505567,-0.099708751,-8.780000,2
104.518672,-0.099804625,-8.760000,2
104.532453,-0.099517004,-8.740000,2
104.546087,-0.099325256,-8.720000,2
104.560017,-0.099517004,-8.700000,2
104.573758,-0.099037635,-8.680000,2
104.587692,-0.098558266,-8.660000,2
104.601496,-0.099037635,-8.640000,2
104.614787,-0.099037635,-8.620000,2
104.628573,-0.099037635,-8.600000,2
104.642644,-0.098750013,-8.580000,2
104.656740,-0.098366518,-8.560000,2
104.670036,-0.098366518,-8.540000,2
104.683587,-0.097887149,-8.520000,2
104.697218,-0.097791275,-8.500000,2
104.710749,-0.097695401,-8.480000,2
104.724577,-0.097599528,-8.460000,2
104.737894,-0.097983023,-8.440000,2
104.752416,-0.097503654,-8.420000,2
104.766857,-0.097311906,-8.400000,2
104.780873,-0.097120159,-8.380000,2
104.794358,-0.097407780,-8.360000,2
104.809118,-0.097120159,-8.340000,2
104.823290,-0.097024285,-8.320000,2
104.836904,-0.096928411,-8.300000,2
104.851853,-0.096832537,-8.280000,2
104.865379,-0.096736663,-8.260000,2
104.879899,-0.096832537,-8.240000,2
104.893899,-0.096353168,-8.220000,2
104.907849,-0.096353168,-8.200000,2
104.921732,-0.096353168,-8.180000,2
104.936742,-0.095682052,-8.160000,2
104.950567,-0.095682052,-8.140000,2
104.964283,-0.095394430,-8.120000,2
104.978097,-0.095586178,-8.100000,2
104.991588,-0.095490304,-8.080000,2
105.005008,-0.095106809,-8.060000,2
105.018787,-0.095106809,-8.040000,2
105.031979,-0.094819187,-8.020000,2
105.045678,-0.095010935,-8.000000,2
105.060135,-0.094819187,-7.980000,2
105.073890,-0.094339818,-7.960000,2
105.087822,-0.094435692,-7.940000,2
105.101489,-0.094627440,-7.920000,2
105.115133,-0.094339818,-7.900000,2
105.128799,-0.094435692,-7.880000,2
105.142448,-0.094339818,-7.860000,2
105.156836,-0.094435692,-7.840000,2
105.170413,-0.093956323,-7.820000,2
105.183869,-0.093572828,-7.800000,2
105.197592,-0.093668702,-7.780000,2
105.211992,-0.093764576,-7.760000,2
105.225576,-0.093189333,-7.740000,2
105.239560,-0.092901711,-7.720000,2
105.253342,-0.093189333,-7.700000,2
105.266704,-0.092709964,-7.680000,2
105.281009,-0.092805838,-7.660000,2
105.294411,-0.092709964,-7.640000,2
105.307824,-0.092709964,-7.620000,2
105.321584,-0.092326469,-7.600000,2
105.334982,-0.092422342,-7.580000,2
105.348796,-0.092230595,-7.560000,2
105.362292,-0.091942973,-7.540000,2
105.375839,-0.091751226,-7.520000,2
105.389270,-0.091463604,-7.500000,2
105.403094,-0.091367731,-7.480000,2
105.417274,-0.091655352,-7.460000,2
105.431104,-0.091463604,-7.440000,2
105.444917,-0.091463604,-7.420000,2
105.458808,-0.091271857,-7.400000,2
105.472355,-0.091080109,-7.380000,2
105.485695,-0.091175983,-7.360000,2
105.499137,-0.091080109,-7.340000,2
105.512991,-0.090984235,-7.320000,2
105.526362,-0.090696614,-7.300000,2
105.540577,-0.090025497,-7.280000,2
105.554690,-0.090217245,-7.260000,2
105.568777,-0.090217245,-7.240000,2
105.582345,-0.090121371,-7.220000,2
105.596080,-0.089833750,-7.200000,2
105.609646,-0.090025497,-7.180000,2
105.622932,-0.089642002,-7.160000,2
105.637902,-0.089450255,-7.140000,2
105.651801,-0.089258507,-7.120000,2
105.666140,-0.089354381,-7.100000,2
105.680085,-0.089162633,-7.080000,2
105.693417,-0.089162633,-7.060000,2
105.707132,-0.089162633,-7.040000,2
105.721075,-0.088875012,-7.020000,2
105.735107,-0.088683264,-7.000000,2
105.748507,-0.088875012,-6.980000,2
105.762054,-0.088299769,-6.960000,2
105.775996,-0.088395643,-6.940000,2
105.790293,-0.088491517,-6.920000,2
105.803593,-0.088012148,-6.900000,2
105.817328,-0.087820400,-6.880000,2
105.830678,-0.087724526,-6.860000,2
105.844675,-0.087724526,-6.840000,2
105.858421,-0.087436905,-6.820000,2
105.872652,-0.087436905,-6.800000,2
105.886519,-0.087436905,-6.780000,2
105.900166,-0.087149284,-6.760000,2
105.913309,-0.086765788,-6.740000,2
105.927109,-0.086669915,-6.720000,2
105.941081,-0.086861662,-6.700000,2
105.954325,-0.086574041,-6.680000,2
105.968052,-0.086190546,-6.660000,2
105.981339,-0.086286419,-6.640000,2
105.995440,-0.085807050,-6.620000,2
106.008286,-0.085902924,-6.600000,2
106.022340,-0.086094672,-6.580000,2
106.035807,-0.085615303,-6.560000,2
106.049327,-0.085807050,-6.540000,2
106.064173,-0.085423555,-6.520000,2
106.078235,-0.085040060,-6.500000,2
106.092179,-0.085135934,-6.480000,2
106.105715,-0.085040060,-6.460000,2
106.119220,-0.085231808,-6.440000,2
106.132715,-0.084752439,-6.420000,2
106.147139,-0.084273070,-6.400000,2
106.160559,-0.084177196,-6.380000,2
106.174920,-0.084368943,-6.360000,2
106.189108,-0.084081322,-6.340000,2
106.203037,-0.084081322,-6.320000,2
106.216357,-0.084177196,-6.300000,2
106.229747,-0.083506079,-6.280000,2
106.243406,-0.083314332,-6.260000,2
106.256702,-0.083506079,-6.240000,2
106.270717,-0.083122584,-6.220000,2
106.285054,-0.083026710,-6.200000,2
106.297986,-0.082739089,-6.180000,2
106.312084,-0.082547341,-6.160000,2
106.326132,-0.082739089,-6.140000,2
106.339461,-0.082739089,-6.120000,2
106.353224,-0.082259720,-6.100000,2
106.366993,-0.082067972,-6.080000,2
106.380615,-0.081684477,-6.060000,2
106.394689,-0.081588603,-6.040000,2
106.409115,-0.081588603,-6.020000,2
106.422900,-0.081205108,-6.000000,2
106.436634,-0.081109234,-5.980000,2
106.450527,-0.081205108,-5.960000,2
106.464526,-0.080821613,-5.940000,2
106.478011,-0.080629865,-5.920000,2
106.491658,-0.080533991,-5.900000,2
106.505993,-0.080438118,-5.880000,2
106.519697,-0.080246370,-5.860000,2
106.533757,-0.080342244,-5.840000,2
106.547942,-0.079862875,-5.820000,2
106.561810,-0.079958749,-5.800000,2
106.576392,-0.079575253,-5.780000,2
106.590612,-0.079287632,-5.760000,2
106.604337,-0.079191758,-5.740000,2
106.618134,-0.078808263,-5.720000,2
106.632239,-0.078904137,-5.700000,2
106.645801,-0.079000011,-5.680000,2
106.659497,-0.079000011,-5.660000,2
106.673281,-0.078520642,-5.640000,2
106.686944,-0.078233020,-5.620000,2
106.700599,-0.078233020,-5.600000,2
106.715136,-0.077657777,-5.580000,2
106.729229,-0.077849525,-5.560000,2
106.742793,-0.077274282,-5.540000,2
106.756558,-0.077466030,-5.520000,2
106.770410,-0.076986661,-5.500000,2
106.784629,-0.077561904,-5.480000,2
106.798318,-0.076890787,-5.460000,2
106.812593,-0.076507292,-5.440000,2
106.825959,-0.076123797,-5.420000,2
106.840369,-0.075836175,-5.400000,2
106.854367,-0.075740301,-5.380000,2
106.868109,-0.075165059,-5.360000,2
106.882427,-0.075548554,-5.340000,2
106.896223,-0.075452680,-5.320000,2
106.910002,-0.074973311,-5.300000,2
106.924030,-0.074877437,-5.280000,2
106.938344,-0.075069185,-5.260000,2
106.951994,-0.074493942,-5.240000,2
106.965517,-0.074206321,-5.220000,2
106.979973,-0.074110447,-5.200000,2
106.993444,-0.074110447,-5.180000,2
107.008727,-0.073918699,-5.160000,2
107.022769,-0.073535204,-5.140000,2
107.036373,-0.073343456,-5.120000,2
107.049704,-0.073535204,-5.100000,2
107.063104,-0.073343456,-5.080000,2
107.078193,-0.073151709,-5.060000,2
107.092263,-0.073055835,-5.040000,2
107.106107,-0.072672340,-5.020000,2
107.119548,-0.072097097,-5.000000,2
107.133569,-0.072480592,-4.980000,2
107.159885,-0.072288845,-4.960000,2
107.174175,-0.071809476,-4.940000,2
107.187050,-0.071617728,-4.920000,2
107.200014,-0.071330107,-4.900000,2
107.213038,-0.071234233,-4.880000,2
107.230629,-0.070658990,-4.860000,2
107.243854,-0.070563116,-4.840000,2
107.257545,-0.070563116,-4.820000,2
107.271581,-0.070467242,-4.800000,2
107.285230,-0.070467242,-4.780000,2
107.298721,-0.070083747,-4.760000,2
107.312234,-0.069987873,-4.740000,2
107.326229,-0.069892000,-4.720000,2
107.339550,-0.069987873,-4.700000,2
107.353303,-0.069125009,-4.680000,2
107.367590,-0.069125009,-4.660000,2
107.381392,-0.068741514,-4.640000,2
107.395134,-0.068453893,-4.620000,2
107.408274,-0.068453893,-4.600000,2
107.421909,-0.068262145,-4.580000,2
107.435773,-0.068070397,-4.560000,2
107.449791,-0.067878650,-4.540000,2
107.463516,-0.067878650,-4.520000,2
107.478102,-0.067878650,-4.500000,2
107.491383,-0.067303407,-4.480000,2
107.505104,-0.067015786,-4.460000,2
107.519468,-0.066824038,-4.440000,2
107.533453,-0.066632290,-4.420000,2
107.548177,-0.066344669,-4.400000,2
107.561856,-0.066536417,-4.380000,2
107.576220,-0.066248795,-4.360000,2
107.589771,-0.066248795,-4.340000,2
107.603458,-0.065961174,-4.320000,2
107.616895,-0.065385931,-4.300000,2
107.630469,-0.065385931,-4.280000,2
107.643861,-0.065673552,-4.260000,2
107.657508,-0.064618941,-4.240000,2
107.671282,-0.064714814,-4.220000,2
107.685790,-0.064618941,-4.200000,2
107.700254,-0.064714814,-4.180000,2
107.714010,-0.064427193,-4.160000,2
107.728074,-0.064235445,-4.140000,2
107.741776,-0.063660203,-4.120000,2
107.755956,-0.063276708,-4.100000,2
107.770241,-0.063564329,-4.080000,2
107.784190,-0.063564329,-4.060000,2
107.797551,-0.063084960,-4.040000,2
107.811667,-0.062989086,-4.020000,2
107.825607,-0.062797339,-4.000000,2
107.838843,-0.062605591,-3.980000,2
107.852667,-0.062893212,-3.960000,2
107.866185,-0.062030348,-3.940000,2
107.881289,-0.062222096,-3.920000,2
107.894451,-0.061742727,-3.900000,2
107.907952,-0.061838601,-3.880000,2
107.922157,-0.061455105,-3.860000,2
107.935677,-0.061167484,-3.840000,2
107.948857,-0.061455105,-3.820000,2
107.962724,-0.060400494,-3.800000,2
107.976585,-0.060592241,-3.780000,2
107.990385,-0.060208746,-3.760000,2
108.004125,-0.059921125,-3.740000,2
108.017837,-0.060304620,-3.720000,2
108.031702,-0.060016998,-3.700000,2
108.045731,-0.059825251,-3.680000,2
108.059655,-0.059729377,-3.660000,2
108.073442,-0.059345882,-3.640000,2
108.087832,-0.059441756,-3.620000,2
108.101854,-0.058770639,-3.600000,2
108.115259,-0.058674765,-3.580000,2
108.129142,-0.058962387,-3.560000,2
108.142625,-0.058291270,-3.540000,2
108.156538,-0.058483018,-3.520000,2
108.169997,-0.058003649,-3.500000,2
108.183937,-0.058003649,-3.480000,2
108.197489,-0.057620153,-3.460000,2
108.211416,-0.057236658,-3.440000,2
108.225569,-0.057332532,-3.420000,2
108.239130,-0.057236658,-3.400000,2
108.252944,-0.057140784,-3.380000,2
108.267526,-0.057140784,-3.360000,2
108.281464,-0.056373794,-3.340000,2
108.294792,-0.056277920,-3.320000,2
108.307819,-0.056182046,-3.300000,2
108.321161,-0.055990299,-3.280000,2
108.334174,-0.055894425,-3.260000,2
108.347860,-0.055798551,-3.240000,2
108.361495,-0.055415056,-3.220000,2
108.375440,-0.055606804,-3.200000,2
108.388638,-0.055031561,-3.180000,2
108.402199,-0.054839813,-3.160000,2
108.416183,-0.054839813,-3.140000,2
108.429997,-0.054072823,-3.120000,2
108.444162,-0.054264570,-3.100000,2
108.457715,-0.054648066,-3.080000,2
108.471619,-0.053976949,-3.060000,2
108.485368,-0.054072823,-3.040000,2
108.498790,-0.053881075,-3.020000,2
108.512542,-0.053593454,-3.000000,2
108.526249,-0.053401706,-2.980000,2
108.540080,-0.053209959,-2.960000,2
108.553861,-0.053497580,-2.940000,2
108.567233,-0.052730590,-2.920000,2
108.580885,-0.052538842,-2.900000,2
108.594680,-0.052634716,-2.880000,2
108.608652,-0.051963599,-2.860000,2
108.622517,-0.052251221,-2.840000,2
108.637112,-0.051963599,-2.820000,2
108.650538,-0.051580104,-2.800000,2
108.664464,-0.051388356,-2.780000,2
108.678452,-0.051580104,-2.760000,2
108.691700,-0.051196609,-2.740000,2
108.705605,-0.051292483,-2.720000,2
108.718997,-0.050908987,-2.700000,2
108.733579,-0.050717240,-2.680000,2
108.747400,-0.050717240,-2.660000,2
108.761393,-0.049662628,-2.640000,2
108.775454,-0.050141997,-2.620000,2
108.788927,-0.050046123,-2.600000,2
108.802874,-0.049854376,-2.580000,2
108.817212,-0.049662628,-2.560000,2
108.831266,-0.049375007,-2.540000,2
108.844931,-0.049087385,-2.520000,2
108.858544,-0.049087385,-2.500000,2
108.872162,-0.049087385,-2.480000,2
108.885547,-0.048991511,-2.460000,2
108.899572,-0.048799764,-2.440000,2
108.913210,-0.048224521,-2.420000,2
108.926622,-0.048128647,-2.400000,2
108.940925,-0.048128647,-2.380000,2
108.954575,-0.047841026,-2.360000,2
108.968043,-0.047361657,-2.340000,2
108.981185,-0.047649278,-2.320000,2
108.995125,-0.047457531,-2.300000,2
109.008963,-0.046882288,-2.280000,2
109.022770,-0.046402919,-2.260000,2
109.036718,-0.046307045,-2.240000,2
109.050538,-0.046211171,-2.220000,2
109.064274,-0.046402919,-2.200000,2
109.078342,-0.045827676,-2.180000,2
109.092469,-0.045635928,-2.160000,2
109.106358,-0.045444181,-2.140000,2
109.120471,-0.045444181,-2.120000,2
109.134429,-0.045348307,-2.100000,2
109.148666,-0.045156559,-2.080000,2
109.162416,-0.044773064,-2.060000,2
109.176408,-0.044581317,-2.040000,2
109.190476,-0.044293695,-2.020000,2
109.204443,-0.044293695,-2.000000,2
109.218268,-0.043814326,-1.980000,2
109.231806,-0.044101948,-1.960000,2
109.245416,-0.044293695,-1.940000,2
109.259979,-0.043814326,-1.920000,2
109.273660,-0.043910200,-1.900000,2
109.287539,-0.043910200,-1.880000,2
109.301081,-0.044197821,-1.860000,2
109.314641,-0.043334957,-1.840000,2
109.327998,-0.043334957,-1.820000,2
109.341715,-0.043430831,-1.800000,2
109.355595,-0.043143210,-1.780000,2
109.369507,-0.043047336,-1.760000,2
109.383008,-0.042663841,-1.740000,2
109.396973,-0.042855588,-1.720000,2
109.410383,-0.042280345,-1.700000,2
109.423995,-0.042376219,-1.680000,2
109.437102,-0.042472093,-1.660000,2
109.450307,-0.041896850,-1.640000,2
109.464332,-0.041800976,-1.620000,2
109.477713,-0.041417481,-1.600000,2
109.491152,-0.041129860,-1.580000,2
109.504626,-0.040938112,-1.560000,2
109.518919,-0.040458743,-1.540000,2
109.532242,-0.040458743,-1.520000,2
109.545958,-0.040075248,-1.500000,2
109.559857,-0.039595879,-1.480000,2
109.573245,-0.039595879,-1.460000,2
109.586654,-0.039595879,-1.440000,2
109.600569,-0.039020636,-1.420000,2
109.613899,-0.038637141,-1.400000,2
109.628016,-0.038349520,-1.380000,2
109.641989,-0.037966025,-1.360000,2
109.655473,-0.037582529,-1.340000,2
109.668768,-0.037294908,-1.320000,2
109.682537,-0.037294908,-1.300000,2
109.696537,-0.037007287,-1.280000,2
109.710705,-0.036240296,-1.260000,2
109.724921,-0.036144422,-1.240000,2
109.738303,-0.036240296,-1.220000,2
109.752028,-0.035473306,-1.200000,2
109.765383,-0.034898063,-1.180000,2
109.779269,-0.034898063,-1.160000,2
109.792952,-0.034131073,-1.140000,2
109.806811,-0.034226946,-1.120000,2
109.820348,-0.033555830,-1.100000,2
109.833552,-0.032980587,-1.080000,2
109.847388,-0.032788839,-1.060000,2
109.860704,-0.032597092,-1.040000,2
109.874384,-0.032597092,-1.020000,2
109.887862,-0.032213597,-1.000000,2
109.901913,-0.032117723,-0.980000,2
109.916076,-0.031734228,-0.960000,2
109.929858,-0.031638354,-0.940000,2
109.943734,-0.030583742,-0.920000,2
109.958020,-0.030679616,-0.900000,2
109.971684,-0.030583742,-0.880000,2
109.985306,-0.030679616,-0.860000,2
109.998819,-0.030104373,-0.840000,2
110.012934,-0.030008499,-0.820000,2
110.026390,-0.029625004,-0.800000,2
110.039780,-0.029625004,-0.780000,2
110.054338,-0.029241509,-0.760000,2
110.068169,-0.028953887,-0.740000,2
110.082207,-0.028762140,-0.720000,2
110.095545,-0.028858014,-0.700000,2
110.109430,-0.028186897,-0.680000,2
110.123042,-0.027995149,-0.660000,2
110.136817,-0.027515780,-0.640000,2
110.150518,-0.027036411,-0.620000,2
110.164371,-0.026077673,-0.600000,2
110.178779,-0.026077673,-0.580000,2
110.192834,-0.025981800,-0.560000,2
110.206890,-0.025214809,-0.540000,2
110.220787,-0.024831314,-0.520000,2
110.234141,-0.024639566,-0.500000,2
110.248060,-0.023584955,-0.480000,2
110.261545,-0.023680828,-0.460000,2
110.275128,-0.022626217,-0.440000,2
110.289470,-0.022242721,-0.420000,2
110.303153,-0.021859226,-0.400000,2
110.317018,-0.021092236,-0.380000,2
110.331255,-0.021188110,-0.360000,2
110.345114,-0.020037624,-0.340000,2
110.358838,-0.020229372,-0.320000,2
110.373286,-0.019941750,-0.300000,2
110.387028,-0.019366507,-0.280000,2
110.400529,-0.019078886,-0.260000,2
110.414592,-0.018407769,-0.240000,2
110.428420,-0.017736653,-0.220000,2
110.442089,-0.017353158,-0.200000,2
110.456007,-0.017353158,-0.180000,2
110.470020,-0.016969662,-0.160000,2
110.483471,-0.016873789,-0.140000,2
110.497111,-0.016298546,-0.120000,2
110.510904,-0.016106798,-0.100000,2
110.524397,-0.015723303,-0.080000,2
110.538309,-0.015243934,-0.060000,2
110.552555,-0.015148060,-0.040000,2
110.566747,-0.014189322,-0.020000,2
110.581086,-0.014189322,0.000000,2
110.595068,-0.013422332,0.000000,3
110.608523,-0.013614079,0.020000,3
110.622049,-0.013134710,0.040000,3
110.635723,-0.012942963,0.060000,3
110.649565,-0.012559468,0.080000,3
110.663043,-0.011984225,0.100000,3
110.677325,-0.012080099,0.120000,3
110.690628,-0.011408982,0.140000,3
110.704564,-0.010929613,0.160000,3
110.718078,-0.010641992,0.180000,3
110.731669,-0.010066749,0.200000,3
110.745509,-0.009875001,0.220000,3
110.758985,-0.009875001,0.240000,3
110.773251,-0.009108011,0.260000,3
110.786842,-0.008724516,0.280000,3
110.800319,-0.008341021,0.300000,3
110.814743,-0.008053399,0.320000,3
110.829147,-0.006423545,0.340000,3
110.842573,-0.006519418,0.360000,3
110.856484,-0.005848302,0.380000,3
110.869509,-0.003547331,0.400000,3
110.883231,-0.000958738,0.420000,3
110.897229,0.001917476,0.440000,3
110.911368,0.011121361,0.460000,3
110.926011,0.040458743,0.480000,3
110.940235,0.060016998,0.500000,3
110.953670,0.057907775,0.520000,3
110.966909,0.058291270,0.540000,3
110.980916,0.059154134,0.560000,3
110.994581,0.059729377,0.580000,3
111.008696,0.059825251,0.600000,3
111.022270,0.060208746,0.620000,3
111.036113,0.061071610,0.640000,3
111.049826,0.060975736,0.660000,3
111.063650,0.061359232,0.680000,3
111.077992,0.061550979,0.700000,3
111.092072,0.062030348,0.720000,3
111.106149,0.062222096,0.740000,3
111.119574,0.062797339,0.760000,3
111.133496,0.063276708,0.780000,3
111.146891,0.062989086,0.800000,3
111.160831,0.063756076,0.820000,3
111.175087,0.063851950,0.840000,3
111.188480,0.064331319,0.860000,3
111.202202,0.064139572,0.880000,3
111.216609,0.064427193,0.900000,3
111.230555,0.064427193,0.920000,3
111.244176,0.064618941,0.940000,3
111.257959,0.064810688,0.960000,3
111.271843,0.065098310,0.980000,3
111.285628,0.065290057,1.000000,3
111.299415,0.066057048,1.020000,3
111.312857,0.066632290,1.040000,3
111.326480,0.067207533,1.060000,3
111.340561,0.067878650,1.080000,3
111.353907,0.068070397,1.100000,3
111.367400,0.068741514,1.120000,3
111.381336,0.070275495,1.140000,3
111.394629,0.070563116,1.160000,3
111.408181,0.071521854,1.180000,3
111.421829,0.072576466,1.200000,3
111.435065,0.073726952,1.220000,3
111.448788,0.074973311,1.240000,3
111.462267,0.076027923,1.260000,3
111.475722,0.076890787,1.280000,3
111.489529,0.078233020,1.300000,3
111.502838,0.079862875,1.320000,3
111.517326,0.081876225,1.340000,3
111.530921,0.084081322,1.360000,3
111.544439,0.085519429,1.380000,3
111.558482,0.087724526,1.400000,3
111.572036,0.089642002,1.420000,3
111.585599,0.091271857,1.440000,3
111.599619,0.092230595,1.460000,3
111.613591,0.093956323,1.480000,3
111.627083,0.094723314,1.500000,3
111.640885,0.095969673,1.520000,3
111.654617,0.096736663,1.540000,3
111.667985,0.097407780,1.560000,3
111.681487,0.098174770,1.580000,3
111.695941,0.099133508,1.600000,3
111.709370,0.099996373,1.620000,3
111.722850,0.100283994,1.640000,3
111.737763,0.101242732,1.660000,3
111.751631,0.102009722,1.680000,3
111.765754,0.102393218,1.700000,3
111.778966,0.103256082,1.720000,3
111.793233,0.103160208,1.740000,3
111.806331,0.102968460,1.760000,3
111.819540,0.103831325,1.780000,3
111.833647,0.104598315,1.800000,3
111.847803,0.104598315,1.820000,3
111.861198,0.105077684,1.840000,3
111.875339,0.105365305,1.860000,3
111.889153,0.105652927,1.880000,3
111.902754,0.105940548,1.900000,3
111.916276,0.106132296,1.920000,3
111.930254,0.106803412,1.940000,3
111.943775,0.106707539,1.960000,3
111.958192,0.107186908,1.980000,3
111.972108,0.107474529,2.000000,3
111.985981,0.108241519,2.020000,3
111.999304,0.108816762,2.040000,3
112.012993,0.108720888,2.060000,3
112.026809,0.109487879,2.080000,3
112.040595,0.110350743,2.100000,3
112.054363,0.111021860,2.120000,3
112.068183,0.111884724,2.140000,3
112.082152,0.112747588,2.160000,3
112.095993,0.114281569,2.180000,3
112.109652,0.114856811,2.200000,3
112.123604,0.115815549,2.220000,3
112.137674,0.116390792,2.240000,3
112.151314,0.117253656,2.260000,3
112.165210,0.118691763,2.280000,3
112.179587,0.119650501,2.300000,3
112.193143,0.120800987,2.320000,3
112.207722,0.121951473,2.340000,3
112.222422,0.122910211,2.360000,3
112.235746,0.124156570,2.380000,3
112.248691,0.124635939,2.400000,3
112.262353,0.125211182,2.420000,3
112.275799,0.125978172,2.440000,3
112.289106,0.126841036,2.460000,3
112.302239,0.127703901,2.480000,3
112.315789,0.127799774,2.500000,3
112.328748,0.128950260,2.520000,3
112.342715,0.129046134,2.540000,3
112.356095,0.129525503,2.560000,3
112.369591,0.129908998,2.580000,3
112.383420,0.130292493,2.600000,3
112.397090,0.131347105,2.620000,3
112.410899,0.131634726,2.640000,3
112.425136,0.132305843,2.660000,3
112.439180,0.133072833,2.680000,3
112.453950,0.133743950,2.700000,3
112.468042,0.134127445,2.720000,3
112.481443,0.134702688,2.740000,3
112.495463,0.135277931,2.760000,3
112.508905,0.135661426,2.780000,3
112.522634,0.136236669,2.800000,3
112.537028,0.136907785,2.820000,3
112.551000,0.137195407,2.840000,3
112.564966,0.138154145,2.860000,3
112.578989,0.138345892,2.880000,3
112.592695,0.138825261,2.900000,3
112.606251,0.139879873,2.920000,3
112.620406,0.140263368,2.940000,3
112.633730,0.140838611,2.960000,3
112.647371,0.141413854,2.980000,3
112.661438,0.141989097,3.000000,3
112.675156,0.142564339,3.020000,3
112.689002,0.143331330,3.040000,3
112.703352,0.143523077,3.060000,3
112.717464,0.144290068,3.080000,3
112.731272,0.145248806,3.100000,3
112.745279,0.145632301,3.120000,3
112.759474,0.146015796,3.140000,3
112.773415,0.147549777,3.160000,3
112.787101,0.147645651,3.180000,3
112.800757,0.148316767,3.200000,3
112.814526,0.149275505,3.220000,3
112.828233,0.149754874,3.240000,3
112.842044,0.151001234,3.260000,3
112.856114,0.151001234,3.280000,3
112.869504,0.152055846,3.300000,3
112.883503,0.152918710,3.320000,3
112.897063,0.153685700,3.340000,3
112.911502,0.154452691,3.360000,3
112.925539,0.155123807,3.380000,3
112.939045,0.156082545,3.400000,3
112.952631,0.156945409,3.420000,3
112.966014,0.157233031,3.440000,3
112.980627,0.157904147,3.460000,3
112.994238,0.159534002,3.480000,3
113.008131,0.159917497,3.500000,3
113.021761,0.160396866,3.520000,3
113.035335,0.161163857,3.540000,3
113.048948,0.161547352,3.560000,3
113.062897,0.162314342,3.580000,3
113.076869,0.162410216,3.600000,3
113.090835,0.163464828,3.620000,3
113.104980,0.164040071,3.640000,3
113.118559,0.164615313,3.660000,3
113.132058,0.164711187,3.680000,3
113.145694,0.165478177,3.700000,3
113.159134,0.165574051,3.720000,3
113.172853,0.165957546,3.740000,3
113.186173,0.166436915,3.760000,3
113.200214,0.166916284,3.780000,3
113.214321,0.167299780,3.800000,3
113.228370,0.167779149,3.820000,3
113.242123,0.168162644,3.840000,3
113.256317,0.168354391,3.860000,3
113.270598,0.168546139,3.880000,3
113.284422,0.169217256,3.900000,3
113.298132,0.169696625,3.920000,3
113.311081,0.169984246,3.940000,3
113.324481,0.170175994,3.960000,3
113.337514,0.170367741,3.980000,3
113.350971,0.170559489,4.000000,3
113.363990,0.171038858,4.020000,3
113.377367,0.171614101,4.040000,3
113.390420,0.171422353,4.060000,3
113.403986,0.171997596,4.080000,3
113.417615,0.171901722,4.100000,3
113.431237,0.172476965,4.120000,3
113.444583,0.172860460,4.140000,3
113.458484,0.173052208,4.160000,3
113.472079,0.173435703,4.180000,3
113.485816,0.173339829,4.200000,3
113.499390,0.173627450,4.220000,3
113.512752,0.174106819,4.240000,3
113.526581,0.174490315,4.260000,3
113.540041,0.174490315,4.280000,3
113.553754,0.175065557,4.300000,3
113.568031,0.174969684,4.320000,3
113.581543,0.175257305,4.340000,3
113.595361,0.176024295,4.360000,3
113.608970,0.176216043,4.380000,3
113.622631,0.176503664,4.400000,3
113.636828,0.176887160,4.420000,3
113.650334,0.176791286,4.440000,3
113.663909,0.176887160,4.460000,3
113.677776,0.177270655,4.480000,3
113.690998,0.177845898,4.500000,3
113.705100,0.178229393,4.520000,3
113.718534,0.178229393,4.540000,3
113.731862,0.178421140,4.560000,3
113.745328,0.178708762,4.580000,3
113.759376,0.179188131,4.600000,3
113.772783,0.179571626,4.620000,3
113.786790,0.179475752,4.640000,3
113.801058,0.180050995,4.660000,3
113.814770,0.179667500,4.680000,3
113.829093,0.180338616,4.700000,3
113.843828,0.180913859,4.720000,3
113.858605,0.181105607,4.740000,3
113.871780,0.181297354,4.760000,3
113.885743,0.181776723,4.780000,3
113.899911,0.182351966,4.800000,3
113.914045,0.181968471,4.820000,3
113.927394,0.182447840,4.840000,3
113.941531,0.182543714,4.860000,3
113.954798,0.183310704,4.880000,3
113.969361,0.183694199,4.900000,3
113.984394,0.184077695,4.920000,3
113.998303,0.184077695,4.940000,3
114.012363,0.184077695,4.960000,3
114.026386,0.184748811,4.980000,3
114.040339,0.185324054,5.000000,3
114.054297,0.185515802,5.020000,3
114.068368,0.185611675,5.040000,3
114.082392,0.185995171,5.060000,3
114.096181,0.186091044,5.080000,3
114.110030,0.186666287,5.100000,3
114.124009,0.187241530,5.120000,3
114.138371,0.187625025,5.140000,3
114.152715,0.187816773,5.160000,3
114.166977,0.188583763,5.180000,3
114.180552,0.188679637,5.200000,3
114.194050,0.189350754,5.220000,3
114.207935,0.189446627,5.240000,3
114.221379,0.189638375,5.260000,3
114.235736,0.190213618,5.280000,3
114.249096,0.190597113,5.300000,3
114.262330,0.191076482,5.320000,3
114.276991,0.192131094,5.340000,3
114.290434,0.192035220,5.360000,3
114.304113,0.192418715,5.380000,3
114.318494,0.193089832,5.400000,3
114.332067,0.193665074,5.420000,3
114.346429,0.193665074,5.440000,3
114.360578,0.194048570,5.460000,3
114.374535,0.195103181,5.480000,3
114.388212,0.195007308,5.500000,3
114.402090,0.195390803,5.520000,3
114.415289,0.195870172,5.540000,3
114.428622,0.196253667,5.560000,3
114.441977,0.196924784,5.580000,3
114.456306,0.196924784,5.600000,3
114.469798,0.197691774,5.620000,3
114.484071,0.198075269,5.640000,3
114.497884,0.198554638,5.660000,3
114.512064,0.198842260,5.680000,3
114.525593,0.199609250,5.700000,3
114.538562,0.199800998,5.720000,3
114.552475,0.200280367,5.740000,3
114.566207,0.200663862,5.760000,3
114.579815,0.200472114,5.780000,3
114.593060,0.201430852,5.800000,3
114.606594,0.201622600,5.820000,3
114.620244,0.202485464,5.840000,3
114.634017,0.202773085,5.860000,3
114.647608,0.203444202,5.880000,3
114.661505,0.203252454,5.900000,3
114.676088,0.203540076,5.920000,3
114.690293,0.204307066,5.940000,3
114.703544,0.204594688,5.960000,3
114.717523,0.205074057,5.980000,3
114.731061,0.205169930,6.000000,3
114.744482,0.205936921,6.020000,3
114.758137,0.206128668,6.040000,3
114.771991,0.206608037,6.060000,3
114.785295,0.206320416,6.080000,3
114.799081,0.206895659,6.100000,3
114.813274,0.207470902,6.120000,3
114.827244,0.207566775,6.140000,3
114.840347,0.207854397,6.160000,3
114.854168,0.208237892,6.180000,3
114.867741,0.208429640,6.200000,3
114.883615,0.208717261,6.220000,3
114.897164,0.209292504,6.240000,3
114.910600,0.209388378,6.260000,3
114.924680,0.209580125,6.280000,3
114.938548,0.209675999,6.300000,3
114.952502,0.209963620,6.320000,3
114.966420,0.210634737,6.340000,3
114.980292,0.210538863,6.360000,3
114.993771,0.211209980,6.380000,3
115.007442,0.210922358,6.400000,3
115.021359,0.211305854,6.420000,3
115.036099,0.211976970,6.440000,3
115.049501,0.211593475,6.460000,3
115.063690,0.212743961,6.480000,3
115.077745,0.212264592,6.500000,3
115.091941,0.212839834,6.520000,3
115.105576,0.213319203,6.540000,3
115.119452,0.213510951,6.560000,3
115.133066,0.213319203,6.580000,3
115.146742,0.213894446,6.600000,3
115.160411,0.213894446,6.620000,3
115.174086,0.214373815,6.640000,3
115.188050,0.214277941,6.660000,3
115.202454,0.214469689,6.680000,3
115.216541,0.215044932,6.700000,3
115.230157,0.215044932,6.720000,3
115.243956,0.215524301,6.740000,3
115.258188,0.215716048,6.760000,3
115.271496,0.215716048,6.780000,3
115.285656,0.216195417,6.800000,3
115.299247,0.216387165,6.820000,3
115.312991,0.216866534,6.840000,3
115.326626,0.216962408,6.860000,3
115.340279,0.217058281,6.880000,3
115.353613,0.217441777,6.900000,3
115.367017,0.217154155,6.920000,3
115.381501,0.217921146,6.940000,3
115.395263,0.217921146,6.960000,3
115.408575,0.218304641,6.980000,3
115.422598,0.218592262,7.000000,3
115.436040,0.218688136,7.020000,3
115.449595,0.218879884,7.040000,3
115.463519,0.219263379,7.060000,3
115.476833,0.219838622,7.080000,3
115.490575,0.219838622,7.100000,3
115.504888,0.220126243,7.120000,3
115.519123,0.220797360,7.140000,3
115.532731,0.220413864,7.160000,3
115.546671,0.220701486,7.180000,3
115.560180,0.221468476,7.200000,3
115.574279,0.221564350,7.220000,3
115.587891,0.221947845,7.240000,3
115.601473,0.222235467,7.260000,3
115.615399,0.222618962,7.280000,3
115.628675,0.223002457,7.300000,3
115.642351,0.223194205,7.320000,3
115.656416,0.223865321,7.340000,3
115.670123,0.223961195,7.360000,3
115.683858,0.223961195,7.380000,3
115.698232,0.224344690,7.400000,3
115.712084,0.224536438,7.420000,3
115.725940,0.225111681,7.440000,3
115.739574,0.225015807,7.460000,3
115.753336,0.225399302,7.480000,3
115.767446,0.225782797,7.500000,3
115.781068,0.226262166,7.520000,3
115.795148,0.226549788,7.540000,3
115.809203,0.226549788,7.560000,3
115.823181,0.226837409,7.580000,3
115.836886,0.227220904,7.600000,3
115.850798,0.227604399,7.620000,3
115.865042,0.227892021,7.640000,3
115.878567,0.228179642,7.660000,3
115.892323,0.228659011,7.680000,3
115.905798,0.229042506,7.700000,3
115.919840,0.229042506,7.720000,3
115.933583,0.229330128,7.740000,3
115.947539,0.230097118,7.760000,3
115.961140,0.230001244,7.780000,3
115.975137,0.230480613,7.800000,3
115.988661,0.230768235,7.820000,3
116.002612,0.231247604,7.840000,3
116.017055,0.231631099,7.860000,3
116.030509,0.231631099,7.880000,3
116.045530,0.232206342,7.900000,3
116.059296,0.232589837,7.920000,3
116.072856,0.233069206,7.940000,3
116.086766,0.233452701,7.960000,3
116.100214,0.233548575,7.980000,3
116.114001,0.233932070,8.000000,3
116.128340,0.234794934,8.020000,3
116.141633,0.234699061,8.040000,3
116.154942,0.235082556,8.060000,3
116.169356,0.235561925,8.080000,3
116.182841,0.235657799,8.100000,3
116.196829,0.236137168,8.120000,3
116.210977,0.236424789,8.140000,3
116.224555,0.236616537,8.160000,3
116.238039,0.237095906,8.180000,3
116.251612,0.237287653,8.200000,3
116.265728,0.237479401,8.220000,3
116.279107,0.238054644,8.240000,3
116.292915,0.238246391,8.260000,3
116.306899,0.238629886,8.280000,3
116.320662,0.238725760,8.300000,3
116.334658,0.239109255,8.320000,3
116.348265,0.239396877,8.340000,3
116.362609,0.239876246,8.360000,3
116.376321,0.239972120,8.380000,3
116.390778,0.240451489,8.400000,3
116.405251,0.240834984,8.420000,3
116.418896,0.240739110,8.440000,3
116.433060,0.241026731,8.460000,3
116.447454,0.241506100,8.480000,3
116.461540,0.241889595,8.500000,3
116.474873,0.242273091,8.520000,3
116.489177,0.242273091,8.540000,3
116.502505,0.242848333,8.560000,3
116.515947,0.242848333,8.580000,3
116.530048,0.243327702,8.600000,3
116.543965,0.243231829,8.620000,3
116.558038,0.243519450,8.640000,3
116.571813,0.243711198,8.660000,3
116.585902,0.244190567,8.680000,3
116.599488,0.244669936,8.700000,3
116.613344,0.244286440,8.720000,3
116.626878,0.245053431,8.740000,3
116.640593,0.244957557,8.760000,3
116.653742,0.245724547,8.780000,3
116.667722,0.245532800,8.800000,3
116.680817,0.246299790,8.820000,3
116.694854,0.246203916,8.840000,3
116.708095,0.246203916,8.860000,3
116.721565,0.246395664,8.880000,3
116.735578,0.246779159,8.900000,3
116.750085,0.246970907,8.920000,3
116.763417,0.247066781,8.940000,3
116.777491,0.247642023,8.960000,3
116.791146,0.247642023,8.980000,3
116.805065,0.248121392,9.000000,3
116.819066,0.248409014,9.020000,3
116.832944,0.248696635,9.040000,3
116.846977,0.249080130,9.060000,3
116.861846,0.249080130,9.080000,3
116.875111,0.249367752,9.100000,3
116.888850,0.249367752,9.120000,3
116.903825,0.249847121,9.140000,3
116.917219,0.249751247,9.160000,3
116.930954,0.250230616,9.180000,3
116.944393,0.250326490,9.200000,3
116.958171,0.250805859,9.220000,3
116.971936,0.250901733,9.240000,3
116.986025,0.250805859,9.260000,3
116.999878,0.251189354,9.280000,3
117.013350,0.251572849,9.300000,3
117.027394,0.251860471,9.320000,3
117.041575,0.251956344,9.340000,3
117.054817,0.251956344,9.360000,3
117.068512,0.252339840,9.380000,3
117.082406,0.252819209,9.400000,3
117.096238,0.252819209,9.420000,3
117.110012,0.253202704,9.440000,3
117.123693,0.252915082,9.460000,3
117.137546,0.253106830,9.480000,3
117.151294,0.253873820,9.500000,3
117.164930,0.254065568,9.520000,3
117.178809,0.254161442,9.540000,3
117.193917,0.255024306,9.560000,3
117.208157,0.254736685,9.580000,3
117.222025,0.254832558,9.600000,3
117.236209,0.255024306,9.620000,3
117.250059,0.255311927,9.640000,3
117.263965,0.255599549,9.660000,3
117.277487,0.256270665,9.680000,3
117.291110,0.255887170,9.700000,3
117.304535,0.256558287,9.720000,3
117.318167,0.256750034,9.740000,3
117.331927,0.256750034,9.760000,3
117.345739,0.256845908,9.780000,3
117.359579,0.257133530,9.800000,3
117.373624,0.257612899,9.820000,3
117.386999,0.257612899,9.840000,3
117.400727,0.258092268,9.860000,3
117.414323,0.258571637,9.880000,3
117.428314,0.258571637,9.900000,3
117.442796,0.258667510,9.920000,3
117.456406,0.258859258,9.940000,3
117.470277,0.259242753,9.960000,3
117.484254,0.259530375,9.980000,3
117.497904,0.259530375,10.000000,3
117.511748,0.259913870,10.020000,3
117.525760,0.260297365,10.040000,3
117.539566,0.260489113,10.060000,3
117.553420,0.260872608,10.080000,3
117.568065,0.261351977,10.100000,3
117.581643,0.261064355,10.120000,3
117.595497,0.261735472,10.140000,3
117.608958,0.262023093,10.160000,3
117.623036,0.262214841,10.180000,3
117.636869,0.262310715,10.200000,3
117.650212,0.262694210,10.220000,3
117.664465,0.263077705,10.240000,3
117.677898,0.263461200,10.260000,3
117.691468,0.263461200,10.280000,3
117.705524,0.263748822,10.300000,3
117.718793,0.264228191,10.320000,3
117.732053,0.263844696,10.340000,3
117.745802,0.264515812,10.360000,3
117.759713,0.264995181,10.380000,3
117.773033,0.265091055,10.400000,3
117.786673,0.265378676,10.420000,3
117.800730,0.265474550,10.440000,3
117.814793,0.265953919,10.460000,3
117.828166,0.266625036,10.480000,3
117.842278,0.266816783,10.500000,3
117.855812,0.267008531,10.520000,3
117.869855,0.267008531,10.540000,3
117.883783,0.267296152,10.560000,3
117.897568,0.267967269,10.580000,3
117.911457,0.268159016,10.600000,3
117.925015,0.268350764,10.620000,3
117.938954,0.269021881,10.640000,3
117.952705,0.269405376,10.660000,3
117.966976,0.269692997,10.680000,3
117.980476,0.270076492,10.700000,3
117.993986,0.270172366,10.720000,3
118.007754,0.270651735,10.740000,3
118.021147,0.270939357,10.760000,3
118.035230,0.271035230,10.780000,3
118.049096,0.271322852,10.800000,3
118.062638,0.272281590,10.820000,3
118.076477,0.272185716,10.840000,3
118.089962,0.272665085,10.860000,3
118.103271,0.273048580,10.880000,3
118.117237,0.273240328,10.900000,3
118.131015,0.273432075,10.920000,3
118.144905,0.273623823,10.940000,3
118.160241,0.273911444,10.960000,3
118.173902,0.274486687,10.980000,3
118.187400,0.274774309,11.000000,3
118.201187,0.275733047,11.020000,3
118.214670,0.275253678,11.040000,3
118.228157,0.275637173,11.060000,3
118.242095,0.275828920,11.080000,3
118.255792,0.276212416,11.100000,3
118.269861,0.277171154,11.120000,3
118.283111,0.276883532,11.140000,3
118.296198,0.277554649,11.160000,3
118.309083,0.277842270,11.180000,3
118.322229,0.278034018,11.200000,3
118.335021,0.278129892,11.220000,3
118.348821,0.278321639,11.240000,3
118.362627,0.279184503,11.260000,3
118.376065,0.279184503,11.280000,3
118.389729,0.279855620,11.300000,3
118.403568,0.279855620,11.320000,3
118.417079,0.280047368,11.340000,3
118.430703,0.280239115,11.360000,3
118.444533,0.280814358,11.380000,3
118.457912,0.281101979,11.400000,3
118.472018,0.281389601,11.420000,3
118.485875,0.282060717,11.440000,3
118.499883,0.281581348,11.460000,3
118.513653,0.282252465,11.480000,3
118.527116,0.282731834,11.500000,3
118.540761,0.282444213,11.520000,3
118.554407,0.283115329,11.540000,3
118.569546,0.283690572,11.560000,3
118.582984,0.283882320,11.580000,3
118.596432,0.283786446,11.600000,3
118.610127,0.284361689,11.620000,3
118.624118,0.284553436,11.640000,3
118.637992,0.285032805,11.660000,3
118.651515,0.284841058,11.680000,3
118.665456,0.285320427,11.700000,3
118.679426,0.285703922,11.720000,3
118.693451,0.285320427,11.740000,3
118.707178,0.286183291,11.760000,3
118.721176,0.286662660,11.780000,3
118.734787,0.287046155,11.800000,3
118.749035,0.287046155,11.820000,3
118.762670,0.287333776,11.840000,3
118.776529,0.287429650,11.860000,3
118.790154,0.288196641,11.880000,3
118.804167,0.288100767,11.900000,3
118.818007,0.288388388,11.920000,3
118.831940,0.288484262,11.940000,3
118.845644,0.288963631,11.960000,3
118.859091,0.289347126,11.980000,3
118.872683,0.289634748,12.000000,3
118.886379,0.289538874,12.020000,3
118.900372,0.289443000,12.040000,3
118.914005,0.290401738,12.060000,3
118.927936,0.290209990,12.080000,3
118.941271,0.290785233,12.100000,3
118.954764,0.290497612,12.120000,3
118.968749,0.291456350,12.140000,3
118.981940,0.291456350,12.160000,3
118.995789,0.291743971,12.180000,3
119.009762,0.292031592,12.200000,3
119.023614,0.292510961,12.220000,3
119.036923,0.292606835,12.240000,3
119.050967,0.292990330,12.260000,3
119.064512,0.293086204,12.280000,3
119.078496,0.293373826,12.300000,3
119.092042,0.293565573,12.320000,3
119.105998,0.294332564,12.340000,3
119.119660,0.294236690,12.360000,3
119.133590,0.294524311,12.380000,3
119.147699,0.295195428,12.400000,3
119.161218,0.295099554,12.420000,3
119.175332,0.295483049,12.440000,3
119.189574,0.295483049,12.460000,3
119.202902,0.296154166,12.480000,3
119.217006,0.296058292,12.500000,3
119.231262,0.296729409,12.520000,3
119.245051,0.297017030,12.540000,3
119.258882,0.297208778,12.560000,3
119.273340,0.297784020,12.580000,3
119.286914,0.297879894,12.600000,3
119.300487,0.298359263,12.620000,3
119.315175,0.298742758,12.640000,3
119.328683,0.299318001,12.660000,3
119.342384,0.299893244,12.680000,3
119.356152,0.299797370,12.700000,3
119.369380,0.299989118,12.720000,3
119.382684,0.300564361,12.740000,3
119.396666,0.301043730,12.760000,3
119.410142,0.301523099,12.780000,3
119.423456,0.301810720,12.800000,3
119.437340,0.302002468,12.820000,3
119.450666,0.302577710,12.840000,3
119.464453,0.302673584,12.860000,3
119.477889,0.303248827,12.880000,3
119.491942,0.303440575,12.900000,3
119.505744,0.304303439,12.920000,3
119.519136,0.304399313,12.940000,3
119.532990,0.305166303,12.960000,3
119.546310,0.305453924,12.980000,3
119.559680,0.306125041,13.000000,3
119.573588,0.306987905,13.020000,3
119.587347,0.307179653,13.040000,3
119.601629,0.307946643,13.060000,3
119.616282,0.308809507,13.080000,3
119.629983,0.309001255,13.100000,3
119.644060,0.309672372,13.120000,3
119.657958,0.310055867,13.140000,3
119.671773,0.311206352,13.160000,3
119.685741,0.311877469,13.180000,3
119.699365,0.312548586,13.200000,3
119.713024,0.313123828,13.220000,3
119.727897,0.314274314,13.240000,3
119.741700,0.315808295,13.260000,3
119.755306,0.316287664,13.280000,3
119.769213,0.316671159,13.300000,3
119.782835,0.317534023,13.320000,3
119.797361,0.318972130,13.340000,3
119.811407,0.319930868,13.360000,3
119.824519,0.320985480,13.380000,3
119.838213,0.321848344,13.400000,3
119.851850,0.322902956,13.420000,3
119.865285,0.323861694,13.440000,3
119.879044,0.324724558,13.460000,3
119.892389,0.325875044,13.480000,3
119.906948,0.327217277,13.500000,3
119.920968,0.327984267,13.520000,3
119.934351,0.329518248,13.540000,3
119.947710,0.330476986,13.560000,3
119.961652,0.331819219,13.580000,3
119.975465,0.333065579,13.600000,3
119.989022,0.334407812,13.620000,3
120.003171,0.335845919,13.640000,3
120.016756,0.337763395,13.660000,3
120.030330,0.339009754,13.680000,3
120.044422,0.341118978,13.700000,3
120.058449,0.343324075,13.720000,3
120.072722,0.345145677,13.740000,3
120.085851,0.347830144,13.760000,3
120.099725,0.350226989,13.780000,3
120.113300,0.352527960,13.800000,3
120.128006,0.354828931,13.820000,3
120.141434,0.356938155,13.840000,3
120.154672,0.358376262,13.860000,3
120.168327,0.359622621,13.880000,3
120.181947,0.360868980,13.900000,3
120.195657,0.362019466,13.920000,3
120.209630,0.363074078,13.940000,3
120.223409,0.363841068,13.960000,3
120.237331,0.364320437,13.980000,3
120.251660,0.365279175,14.000000,3
120.265533,0.365566797,14.020000,3
120.279504,0.366237913,14.040000,3
120.293414,0.366621408,14.060000,3
120.308192,0.367388399,14.080000,3
120.322090,0.367676020,14.100000,3
120.335319,0.367771894,14.120000,3
120.348486,0.368155389,14.140000,3
120.362783,0.368538884,14.160000,3
120.376601,0.368634758,14.180000,3
120.390235,0.369210001,14.200000,3
120.403970,0.369497622,14.220000,3
120.417671,0.370168739,14.240000,3
120.431975,0.370648108,14.260000,3
120.445335,0.370648108,14.280000,3
120.459744,0.370839855,14.300000,3
120.474166,0.371606846,14.320000,3
120.487615,0.371894467,14.340000,3
120.501733,0.371798593,14.360000,3
120.515254,0.372086215,14.380000,3
120.529331,0.372373836,14.400000,3
120.543118,0.372565584,14.420000,3
120.556895,0.372661458,14.440000,3
120.571092,0.373236700,14.460000,3
120.585431,0.373332574,14.480000,3
120.598935,0.373332574,14.500000,3
120.612269,0.373811943,14.520000,3
120.626189,0.374195438,14.540000,3
120.640038,0.374195438,14.560000,3
120.654051,0.374195438,14.580000,3
120.667822,0.374483060,14.600000,3
120.681923,0.374962429,14.620000,3
120.695388,0.374866555,14.640000,3
120.709155,0.375058303,14.660000,3
120.722441,0.375537672,14.680000,3
120.736288,0.375441798,14.700000,3
120.750009,0.376017041,14.720000,3
120.763590,0.376112914,14.740000,3
120.777629,0.376304662,14.760000,3
120.791257,0.376688157,14.780000,3
120.805381,0.377071652,14.800000,3
120.818305,0.377071652,14.820000,3
120.831943,0.376879905,14.840000,3
120.845459,0.377551021,14.860000,3
120.858904,0.377646895,14.880000,3
120.872539,0.377838643,14.900000,3
120.886605,0.378222138,14.920000,3
120.900743,0.378413886,14.940000,3
120.914898,0.378893255,14.960000,3
120.928648,0.378509759,14.980000,3
120.942644,0.378893255,15.000000,3
120.956815,0.379276750,15.020000,3
120.970412,0.379085002,15.040000,3
120.984408,0.379276750,15.060000,3
120.998228,0.379468497,15.080000,3
121.011729,0.379756119,15.100000,3
121.026155,0.379756119,15.120000,3
121.040355,0.379851993,15.140000,3
121.054204,0.380235488,15.160000,3
121.066901,0.380043740,15.180000,3
121.081071,0.380235488,15.200000,3
121.094426,0.380810731,15.220000,3
121.107821,0.380810731,15.240000,3
121.121549,0.381002478,15.260000,3
121.135066,0.381098352,15.280000,3
121.148513,0.381577721,15.300000,3
121.162668,0.381194226,15.320000,3
121.176469,0.381673595,15.340000,3
121.190468,0.382152964,15.360000,3
121.203953,0.382248838,15.380000,3
121.218649,0.381961216,15.400000,3
121.232706,0.382344711,15.420000,3
121.246038,0.382344711,15.440000,3
121.259397,0.382632333,15.460000,3
121.274355,0.383303449,15.480000,3
121.288233,0.383015828,15.500000,3
121.302532,0.383399323,15.520000,3
121.316921,0.383686945,15.540000,3
121.330446,0.383591071,15.560000,3
121.344712,0.383591071,15.580000,3
121.358580,0.384166314,15.600000,3
121.371738,0.384453935,15.620000,3
121.385359,0.384358061,15.640000,3
121.399561,0.384645683,15.660000,3
121.412998,0.385125052,15.680000,3
121.426454,0.385029178,15.700000,3
121.440024,0.385412673,15.720000,3
121.453515,0.385125052,15.740000,3
121.467109,0.385508547,15.760000,3
121.480914,0.385316799,15.780000,3
121.494523,0.385892042,15.800000,3
121.508728,0.385892042,15.820000,3
121.522675,0.386467285,15.840000,3
121.536473,0.386275537,15.860000,3
121.550224,0.386659032,15.880000,3
121.564348,0.386467285,15.900000,3
121.578279,0.386850780,15.920000,3
121.592013,0.387138401,15.940000,3
121.605341,0.387234275,15.960000,3
121.619451,0.387617770,15.980000,3
121.632908,0.387617770,16.000000,3
121.647366,0.387809518,16.020000,3
121.660797,0.388001266,16.040000,3
121.674146,0.388097139,16.060000,3
121.687826,0.388288887,16.080000,3
121.701360,0.388384761,16.100000,3
121.714719,0.388097139,16.120000,3
121.728611,0.388960004,16.140000,3
121.742899,0.389247625,16.160000,3
121.756987,0.389439373,16.180000,3
121.771132,0.389247625,16.200000,3
121.784695,0.389439373,16.220000,3
121.798640,0.390014615,16.240000,3
121.812360,0.390014615,16.260000,3
121.826010,0.389631120,16.280000,3
121.839895,0.390014615,16.300000,3
121.853691,0.390398111,16.320000,3
121.867432,0.390398111,16.340000,3
121.881026,0.390685732,16.360000,3
121.894352,0.390781606,16.380000,3
121.907835,0.390973353,16.400000,3
121.921378,0.391452722,16.420000,3
121.934954,0.391356849,16.440000,3
121.949306,0.391644470,16.460000,3
121.963047,0.392027965,16.480000,3
121.976923,0.392219713,16.500000,3
121.990261,0.391836218,16.520000,3
122.004567,0.392411460,16.540000,3
122.018222,0.392794955,16.560000,3
122.031971,0.392794955,16.580000,3
122.045768,0.392794955,16.600000,3
122.059026,0.392890829,16.620000,3
122.073061,0.393082577,16.640000,3
122.086180,0.393370198,16.660000,3
122.100065,0.393657820,16.680000,3
122.113958,0.393370198,16.700000,3
122.128627,0.393466072,16.720000,3
122.142638,0.393753693,16.740000,3
122.155979,0.394137189,16.760000,3
122.170274,0.394424810,16.780000,3
122.184004,0.394616558,16.800000,3
122.197675,0.394520684,16.820000,3
122.211669,0.394233062,16.840000,3
122.224967,0.394808305,16.860000,3
122.238660,0.395287674,16.880000,3
122.252880,0.395191800,16.900000,3
122.266170,0.395575296,16.920000,3
122.280342,0.395479422,16.940000,3
122.294757,0.395767043,16.960000,3
122.308259,0.395862917,16.980000,3
122.322268,0.395671169,17.000000,3
122.336289,0.395767043,17.020000,3
122.349894,0.395862917,17.040000,3
122.364214,0.396342286,17.060000,3
122.378242,0.396725781,17.080000,3
122.392188,0.396534034,17.100000,3
122.406583,0.396917529,17.120000,3
122.420387,0.397301024,17.140000,3
122.434243,0.397109276,17.160000,3
122.448406,0.397396898,17.180000,3
122.461654,0.397396898,17.200000,3
122.475443,0.397492772,17.220000,3
122.489082,0.397684519,17.240000,3
122.502824,0.397972141,17.260000,3
122.516975,0.398259762,17.280000,3
122.530299,0.397876267,17.300000,3
122.543952,0.398355636,17.320000,3
122.558049,0.398451510,17.340000,3
122.571611,0.398643257,17.360000,3
122.585490,0.398643257,17.380000,3
122.599488,0.398835005,17.400000,3
122.613415,0.398835005,17.420000,3
122.627378,0.399122626,17.440000,3
122.641664,0.399506121,17.460000,3
122.655444,0.399218500,17.480000,3
122.669601,0.399697869,17.500000,3
122.683642,0.399889617,17.520000,3
122.697752,0.399793743,17.540000,3
122.711734,0.400368986,17.560000,3
122.725919,0.400177238,17.580000,3
122.739430,0.400081364,17.600000,3
122.753791,0.401040102,17.620000,3
122.768500,0.400752481,17.640000,3
122.782104,0.400656607,17.660000,3
122.796000,0.400944228,17.680000,3
122.810263,0.401231850,17.700000,3
122.824043,0.401519471,17.720000,3
122.837602,0.401519471,17.740000,3
122.851129,0.401807093,17.760000,3
122.865463,0.402094714,17.780000,3
122.879226,0.402094714,17.800000,3
122.893363,0.401902966,17.820000,3
122.907806,0.402190588,17.840000,3
122.921515,0.402382335,17.860000,3
122.935318,0.402382335,17.880000,3
122.948781,0.402478209,17.900000,3
122.962835,0.402861704,17.920000,3
122.976659,0.403053452,17.940000,3
122.990515,0.403245200,17.960000,3
123.004595,0.403436947,17.980000,3
123.018975,0.403436947,18.000000,3
123.032628,0.403628695,18.020000,3
123.046357,0.403724569,18.040000,3
123.060046,0.403628695,18.060000,3
123.074244,0.403628695,18.080000,3
123.088107,0.403820442,18.100000,3
123.101881,0.404108064,18.120000,3
123.116295,0.404491559,18.140000,3
123.130049,0.404299811,18.160000,3
123.143985,0.404779180,18.180000,3
123.157479,0.404875054,18.200000,3
123.171247,0.404875054,18.220000,3
123.184563,0.405258549,18.240000,3
123.198387,0.405450297,18.260000,3
123.212582,0.405354423,18.280000,3
123.226346,0.405450297,18.300000,3
123.240195,0.406025540,18.320000,3
123.254084,0.405354423,18.340000,3
123.268343,0.406121414,18.360000,3
123.281959,0.406121414,18.380000,3
123.294970,0.406121414,18.400000,3
123.307940,0.406409035,18.420000,3
123.320749,0.406409035,18.440000,3
123.333919,0.406984278,18.460000,3
123.347586,0.406792530,18.480000,3
123.360928,0.406792530,18.500000,3
123.375486,0.407176025,18.520000,3
123.389351,0.407751268,18.540000,3
123.402935,0.407655394,18.560000,3
123.416507,0.408038890,18.580000,3
123.430890,0.407751268,18.600000,3
123.444335,0.407943016,18.620000,3
123.458246,0.408134763,18.640000,3
123.472444,0.408518259,18.660000,3
123.485985,0.408518259,18.680000,3
123.499287,0.408710006,18.700000,3
123.513103,0.408614132,18.720000,3
123.527674,0.409189375,18.740000,3
123.541288,0.408997628,18.760000,3
123.555163,0.409285249,18.780000,3
123.568818,0.409476997,18.800000,3
123.583476,0.409956366,18.820000,3
123.597570,0.409956366,18.840000,3
123.611226,0.410148113,18.860000,3
123.624778,0.410435735,18.880000,3
123.638582,0.410339861,18.900000,3
123.652632,0.410339861,18.920000,3
123.666340,0.410819230,18.940000,3
123.680628,0.411010977,18.960000,3
123.694514,0.410915104,18.980000,3
123.707716,0.410819230,19.000000,3
123.720836,0.411010977,19.020000,3
123.734517,0.411586220,19.040000,3
123.748710,0.411490346,19.060000,3
123.762313,0.411873842,19.080000,3
123.776594,0.411873842,19.100000,3
123.790615,0.411777968,19.120000,3
123.804658,0.412161463,19.140000,3
123.818087,0.412353211,19.160000,3
123.831548,0.412257337,19.180000,3
123.845090,0.412544958,19.200000,3
123.858872,0.413216075,19.220000,3
123.872213,0.412928453,19.240000,3
123.885912,0.413120201,19.260000,3
123.899661,0.413599570,19.280000,3
123.913321,0.413503696,19.300000,3
123.927387,0.413503696,19.320000,3
123.941292,0.413983065,19.340000,3
123.954745,0.413791318,19.360000,3
123.968481,0.414078939,19.380000,3
123.982825,0.414270687,19.400000,3
123.996484,0.414462434,19.420000,3
124.010392,0.414174813,19.440000,3
124.024037,0.414654182,19.460000,3
124.037891,0.414845929,19.480000,3
124.052864,0.415517046,19.500000,3
124.066400,0.415612920,19.520000,3
124.080417,0.415229425,19.540000,3
124.094116,0.415517046,19.560000,3
124.107649,0.415708794,19.580000,3
124.121458,0.416188163,19.600000,3
124.135668,0.415996415,19.620000,3
124.149375,0.416284036,19.640000,3
124.163105,0.416284036,19.660000,3
124.176875,0.416763405,19.680000,3
124.190797,0.416763405,19.700000,3
124.204602,0.417051027,19.720000,3
124.218543,0.417722143,19.740000,3
124.233093,0.417626270,19.760000,3
124.246643,0.417626270,19.780000,3
124.260754,0.417434522,19.800000,3
124.274090,0.418201512,19.820000,3
124.288278,0.418105638,19.840000,3
124.301788,0.418297386,19.860000,3
124.315783,0.418680881,19.880000,3
124.329295,0.418968503,19.900000,3
124.343079,0.418968503,19.920000,3
124.356469,0.418968503,19.940000,3
124.369915,0.419160250,19.960000,3
124.383182,0.419256124,19.980000,3
124.396985,0.419447872,20.000000,3
124.411145,0.420023114,20.000000,3
124.424727,0.419831367,19.980000,3
124.438205,0.420023114,19.960000,3
124.452169,0.419831367,19.940000,3
124.465767,0.419735493,19.920000,3
124.479923,0.420023114,19.900000,3
124.493797,0.419735493,19.880000,3
124.508209,0.419735493,19.860000,3
124.521824,0.419927241,19.840000,3
124.535711,0.419735493,19.820000,3
124.549293,0.419639619,19.800000,3
124.563098,0.420118988,19.780000,3
124.577213,0.419735493,19.760000,3
124.590662,0.419735493,19.740000,3
124.604196,0.419735493,19.720000,3
124.618467,0.419735493,19.700000,3
124.631772,0.420118988,19.680000,3
124.645315,0.419256124,19.660000,3
124.659829,0.419351998,19.640000,3
124.673532,0.419639619,19.620000,3
124.687427,0.419543745,19.600000,3
124.701011,0.419735493,19.580000,3
124.714812,0.419447872,19.560000,3
124.728239,0.419351998,19.540000,3
124.741827,0.419351998,19.520000,3
124.755546,0.419447872,19.500000,3
124.768879,0.419256124,19.480000,3
124.782747,0.419351998,19.460000,3
124.796202,0.418776755,19.440000,3
124.809756,0.418968503,19.420000,3
124.823863,0.418968503,19.400000,3
124.837668,0.419160250,19.380000,3
124.851306,0.419064376,19.360000,3
124.864857,0.418872629,19.340000,3
124.878716,0.418680881,19.320000,3
124.891856,0.418489134,19.300000,3
124.905940,0.418776755,19.280000,3
124.919654,0.418776755,19.260000,3
124.932783,0.418393260,19.240000,3
124.946275,0.418872629,19.220000,3
124.960023,0.418201512,19.200000,3
124.974235,0.418297386,19.180000,3
124.988265,0.418201512,19.160000,3
125.001957,0.418201512,19.140000,3
125.016262,0.418297386,19.120000,3
125.030016,0.417913891,19.100000,3
125.043881,0.418105638,19.080000,3
125.057194,0.418009765,19.060000,3
125.070753,0.417913891,19.040000,3
125.084520,0.417722143,19.020000,3
125.097847,0.417722143,19.000000,3
125.111547,0.418201512,18.980000,3
125.124857,0.417913891,18.960000,3
125.138985,0.418105638,18.940000,3
125.152869,0.417722143,18.920000,3
125.166133,0.417626270,18.900000,3
125.181046,0.417722143,18.880000,3
125.194560,0.417434522,18.860000,3
125.208723,0.418009765,18.840000,3
125.223168,0.417530396,18.820000,3
125.237227,0.417530396,18.800000,3
125.250912,0.416955153,18.780000,3
125.264992,0.417338648,18.760000,3
125.278608,0.417051027,18.740000,3
125.292501,0.416955153,18.720000,3
125.306003,0.417146901,18.700000,3
125.319942,0.417242774,18.680000,3
125.333560,0.416667532,18.660000,3
125.347287,0.416763405,18.640000,3
125.361377,0.416571658,18.620000,3
125.375253,0.416859279,18.600000,3
125.389238,0.416667532,18.580000,3
125.402848,0.416859279,18.560000,3
125.416520,0.416667532,18.540000,3
125.430628,0.416571658,18.520000,3
125.444618,0.416475784,18.500000,3
125.458506,0.416475784,18.480000,3
125.472008,0.416284036,18.460000,3
125.485352,0.416092289,18.440000,3
125.499379,0.416284036,18.420000,3
125.512638,0.415996415,18.400000,3
125.526192,0.415900541,18.380000,3
125.540445,0.416092289,18.360000,3
125.554138,0.415708794,18.340000,3
125.567806,0.415612920,18.320000,3
125.581619,0.415325298,18.300000,3
125.595636,0.415804667,18.280000,3
125.608935,0.415421172,18.260000,3
125.622996,0.415421172,18.240000,3
125.638069,0.415517046,18.220000,3
125.651526,0.415421172,18.200000,3
125.665872,0.415612920,18.180000,3
125.679456,0.415229425,18.160000,3
125.693059,0.415421172,18.140000,3
125.706484,0.415133551,18.120000,3
125.720606,0.415037677,18.100000,3
125.734906,0.414750056,18.080000,3
125.748322,0.414462434,18.060000,3
125.762156,0.414654182,18.040000,3
125.775639,0.414750056,18.020000,3
125.789498,0.414270687,18.000000,3
125.803123,0.414941803,17.980000,3
125.816559,0.414174813,17.960000,3
125.830218,0.414366560,17.940000,3
125.843896,0.414366560,17.920000,3
125.858036,0.414270687,17.900000,3
125.871854,0.413887191,17.880000,3
125.885193,0.414174813,17.860000,3
125.898999,0.413695444,17.840000,3
125.912776,0.413887191,17.820000,3
125.926402,0.413887191,17.800000,3
125.940650,0.413599570,17.780000,3
125.954368,0.413695444,17.760000,3
125.967840,0.413695444,17.740000,3
125.981660,0.413695444,17.720000,3
125.995497,0.413503696,17.700000,3
126.009035,0.413503696,17.680000,3
126.022586,0.413311949,17.660000,3
126.036916,0.413024327,17.640000,3
126.051134,0.412832580,17.620000,3
126.064863,0.412928453,17.600000,3
126.078757,0.412640832,17.580000,3
126.092349,0.412832580,17.560000,3
126.106161,0.412640832,17.540000,3
126.120212,0.412544958,17.520000,3
126.133975,0.412353211,17.500000,3
126.148370,0.412065589,17.480000,3
126.161727,0.412257337,17.460000,3
126.175859,0.412257337,17.440000,3
126.190039,0.412353211,17.420000,3
126.203811,0.412161463,17.400000,3
126.217731,0.412449084,17.380000,3
126.231677,0.412257337,17.360000,3
126.245354,0.412161463,17.340000,3
126.258911,0.411969715,17.320000,3
126.273229,0.411777968,17.300000,3
126.287768,0.411777968,17.280000,3
126.301800,0.411682094,17.260000,3
126.315581,0.411777968,17.240000,3
126.329437,0.411777968,17.220000,3
126.343629,0.411490346,17.200000,3
126.357081,0.411586220,17.180000,3
126.370741,0.411298599,17.160000,3
126.385337,0.411298599,17.140000,3
126.399997,0.411586220,17.120000,3
126.413360,0.410819230,17.100000,3
126.426806,0.410915104,17.080000,3
126.440440,0.411010977,17.060000,3
126.454056,0.410915104,17.040000,3
126.467740,0.410627482,17.020000,3
126.481848,0.410723356,17.000000,3
126.495693,0.410435735,16.980000,3
126.509260,0.410435735,16.960000,3
126.523244,0.410148113,16.940000,3
126.536740,0.410148113,16.920000,3
126.550733,0.410339861,16.900000,3
126.564320,0.409764618,16.880000,3
126.578798,0.409860492,16.860000,3
126.592498,0.409956366,16.840000,3
126.606408,0.409476997,16.820000,3
126.620636,0.409860492,16.800000,3
126.634261,0.409860492,16.780000,3
126.647970,0.409476997,16.760000,3
126.661666,0.409572870,16.740000,3
126.675580,0.409572870,16.720000,3
126.690045,0.409476997,16.700000,3
126.703129,0.409189375,16.680000,3
126.716524,0.408997628,16.660000,3
126.730053,0.409285249,16.640000,3
126.744300,0.408901754,16.620000,3
126.758143,0.408901754,16.600000,3
126.772234,0.408710006,16.580000,3
126.785653,0.408805880,16.560000,3
126.798952,0.408614132,16.540000,3
126.812652,0.408614132,16.520000,3
126.826707,0.408614132,16.500000,3
126.839939,0.408614132,16.480000,3
126.853495,0.408422385,16.460000,3
126.867652,0.408614132,16.440000,3
126.881488,0.407943016,16.420000,3
126.895091,0.408230637,16.400000,3
126.909338,0.408038890,16.380000,3
126.922776,0.407847142,16.360000,3
126.936651,0.407655394,16.340000,3
126.951130,0.407943016,16.320000,3
126.964893,0.407847142,16.300000,3
126.978256,0.407655394,16.280000,3
126.992226,0.407559521,16.260000,3
127.005824,0.407271899,16.240000,3
127.020231,0.407367773,16.220000,3
127.034430,0.407080152,16.200000,3
127.048267,0.406984278,16.180000,3
127.062243,0.407271899,16.160000,3
127.076560,0.407176025,16.140000,3
127.090284,0.407367773,16.120000,3
127.104586,0.406313161,16.100000,3
127.118743,0.406792530,16.080000,3
127.132232,0.406409035,16.060000,3
127.146076,0.406409035,16.040000,3
127.159906,0.406600783,16.020000,3
127.173547,0.406313161,16.000000,3
127.187137,0.406217287,15.980000,3
127.201119,0.406217287,15.960000,3
127.214565,0.406121414,15.940000,3
127.228632,0.406025540,15.920000,3
127.242230,0.405833792,15.900000,3
127.256760,0.405833792,15.880000,3
127.271304,0.405642045,15.860000,3
127.285028,0.405162676,15.840000,3
127.299047,0.405354423,15.820000,3
127.312943,0.405258549,15.800000,3
127.327012,0.405737918,15.780000,3
127.341224,0.405354423,15.760000,3
127.354688,0.405258549,15.740000,3
127.368652,0.405162676,15.720000,3
127.382655,0.405066802,15.700000,3
127.396861,0.405066802,15.680000,3
127.410387,0.404587433,15.660000,3
127.423992,0.405066802,15.640000,3
127.437188,0.404970928,15.620000,3
127.450268,0.404875054,15.600000,3
127.464365,0.404587433,15.580000,3
127.478400,0.404587433,15.560000,3
127.492147,0.404012190,15.540000,3
127.506729,0.404299811,15.520000,3
127.520038,0.404203938,15.500000,3
127.533390,0.404299811,15.480000,3
127.547040,0.403724569,15.460000,3
127.560376,0.404108064,15.440000,3
127.574428,0.403820442,15.420000,3
127.587993,0.403724569,15.400000,3
127.602284,0.403724569,15.380000,3
127.616552,0.403820442,15.360000,3
127.630047,0.403628695,15.340000,3
127.644048,0.403053452,15.320000,3
127.657451,0.403149326,15.300000,3
127.671795,0.403149326,15.280000,3
127.685309,0.403245200,15.260000,3
127.698671,0.402765831,15.240000,3
127.713150,0.403053452,15.220000,3
127.727411,0.403053452,15.200000,3
127.741243,0.402765831,15.180000,3
127.755079,0.402478209,15.160000,3
127.769297,0.401998840,15.140000,3
127.783309,0.402765831,15.120000,3
127.797152,0.402861704,15.100000,3
127.810793,0.402382335,15.080000,3
127.824478,0.402478209,15.060000,3
127.837931,0.401998840,15.040000,3
127.851630,0.401998840,15.020000,3
127.865397,0.402094714,15.000000,3
127.879585,0.401711219,14.980000,3
127.893740,0.401711219,14.960000,3
127.906982,0.401711219,14.940000,3
127.921331,0.401711219,14.920000,3
127.935597,0.401519471,14.900000,3
127.949515,0.401423597,14.880000,3
127.963456,0.401231850,14.860000,3
127.977483,0.401231850,14.840000,3
127.991026,0.401231850,14.820000,3
128.004536,0.401135976,14.800000,3
128.018631,0.401040102,14.780000,3
128.032483,0.400560733,14.760000,3
128.046355,0.401040102,14.740000,3
128.060173,0.401135976,14.720000,3
128.073563,0.400848355,14.700000,3
128.087111,0.400656607,14.680000,3
128.100739,0.400656607,14.660000,3
128.114065,0.400560733,14.640000,3
128.127594,0.400560733,14.620000,3
128.140607,0.400273112,14.600000,3
128.154330,0.400560733,14.580000,3
128.167750,0.399889617,14.560000,3
128.182002,0.399985490,14.540000,3
128.195657,0.399889617,14.520000,3
128.209736,0.399985490,14.500000,3
128.223994,0.399697869,14.480000,3
128.237446,0.399601995,14.460000,3
128.251086,0.399122626,14.440000,3
128.265073,0.399410248,14.420000,3
128.279033,0.399122626,14.400000,3
128.292426,0.399314374,14.380000,3
128.305892,0.399026752,14.360000,3
128.319426,0.398835005,14.340000,3
128.332506,0.398739131,14.320000,3
128.345487,0.398739131,14.300000,3
128.359165,0.398643257,14.280000,3
128.372494,0.398930879,14.260000,3
128.386227,0.398451510,14.240000,3
128.399474,0.398643257,14.220000,3
128.413388,0.398547383,14.200000,3
128.427316,0.398068014,14.180000,3
128.440943,0.398163888,14.160000,3
128.454811,0.398163888,14.140000,3
128.468961,0.397780393,14.120000,3
128.482307,0.397588645,14.100000,3
128.495432,0.397876267,14.080000,3
128.509038,0.397588645,14.060000,3
128.523123,0.397588645,14.040000,3
128.536897,0.397492772,14.020000,3
128.551162,0.397684519,14.000000,3
128.565338,0.397205150,13.980000,3
128.579178,0.397301024,13.960000,3
128.593186,0.397396898,13.940000,3
128.607038,0.397013403,13.920000,3
128.620452,0.396534034,13.900000,3
128.634192,0.396534034,13.880000,3
128.647921,0.397013403,13.860000,3
128.661737,0.396725781,13.840000,3
128.675724,0.396917529,13.820000,3
128.689237,0.396821655,13.800000,3
128.702956,0.396629907,13.780000,3
128.716560,0.396342286,13.760000,3
128.730413,0.396438160,13.740000,3
128.743759,0.395767043,13.720000,3
128.757068,0.396054665,13.700000,3
128.771610,0.396246412,13.680000,3
128.785331,0.395862917,13.660000,3
128.799714,0.395767043,13.640000,3
128.813824,0.395191800,13.620000,3
128.827955,0.395671169,13.600000,3
128.842088,0.395287674,13.580000,3
128.855223,0.395383548,13.560000,3
128.868760,0.395191800,13.540000,3
128.882352,0.395095927,13.520000,3
128.895977,0.394904179,13.500000,3
128.909597,0.395000053,13.480000,3
128.922920,0.395000053,13.460000,3
128.936711,0.394808305,13.440000,3
128.950156,0.394616558,13.420000,3
128.964035,0.394520684,13.400000,3
128.978193,0.394616558,13.380000,3
128.991542,0.394808305,13.360000,3
129.005212,0.394520684,13.340000,3
129.018834,0.394137189,13.320000,3
129.032656,0.393849567,13.300000,3
129.046669,0.394233062,13.280000,3
129.060567,0.393849567,13.260000,3
129.073747,0.393657820,13.240000,3
129.088342,0.393945441,13.220000,3
129.102494,0.394041315,13.200000,3
129.116571,0.393657820,13.180000,3
129.130612,0.393466072,13.160000,3
129.144348,0.393561946,13.140000,3
129.158691,0.392699082,13.120000,3
129.172764,0.393466072,13.100000,3
129.186805,0.392890829,13.080000,3
129.200286,0.393082577,13.060000,3
129.214547,0.393178451,13.040000,3
129.228385,0.392794955,13.020000,3
129.242192,0.392699082,13.000000,3
129.256089,0.392603208,12.980000,3
129.269825,0.392507334,12.960000,3
129.283792,0.392411460,12.940000,3
129.297234,0.392315587,12.920000,3
129.311027,0.392219713,12.900000,3
129.324763,0.392219713,12.880000,3
129.338692,0.391932091,12.860000,3
129.352756,0.392027965,12.840000,3
129.366481,0.391548596,12.820000,3
129.380280,0.391836218,12.800000,3
129.393599,0.391932091,12.780000,3
129.407412,0.391644470,12.760000,3
129.421104,0.391165101,12.740000,3
129.435594,0.391260975,12.720000,3
129.448725,0.390877480,12.700000,3
129.462631,0.391069227,12.680000,3
129.476465,0.391069227,12.660000,3
129.490543,0.390685732,12.640000,3
129.504535,0.390781606,12.620000,3
129.518249,0.390589858,12.600000,3
129.532470,0.390302237,12.580000,3
129.546460,0.390398111,12.560000,3
129.559828,0.390014615,12.540000,3
129.573169,0.390014615,12.520000,3
129.586320,0.389439373,12.500000,3
129.599346,0.389918742,12.480000,3
129.612624,0.389631120,12.460000,3
129.625874,0.389726994,12.440000,3
129.639018,0.389535246,12.420000,3
129.652240,0.389535246,12.400000,3
129.665251,0.389822868,12.380000,3
129.677784,0.389439373,12.360000,3
129.691955,0.389535246,12.340000,3
129.706448,0.389343499,12.320000,3
129.719923,0.388960004,12.300000,3
129.733751,0.388864130,12.280000,3
129.747755,0.389055877,12.260000,3
129.760942,0.388576508,12.240000,3
129.775314,0.388576508,12.220000,3
129.789576,0.388576508,12.200000,3
129.803465,0.388384761,12.180000,3
129.817467,0.388097139,12.160000,3
129.831509,0.388097139,12.140000,3
129.845701,0.388001266,12.120000,3
129.859555,0.387713644,12.100000,3
129.874012,0.388001266,12.080000,3
129.887539,0.387809518,12.060000,3
129.901077,0.387713644,12.040000,3
129.914629,0.387426023,12.020000,3
129.928168,0.387330149,12.000000,3
129.941638,0.387138401,11.980000,3
129.955740,0.387426023,11.960000,3
129.970015,0.387234275,11.940000,3
129.984127,0.387138401,11.920000,3
129.998113,0.386659032,11.900000,3
130.011830,0.386850780,11.880000,3
130.026273,0.386659032,11.860000,3
130.040433,0.386659032,11.840000,3
130.054235,0.386563159,11.820000,3
130.068420,0.385892042,11.800000,3
130.082470,0.385796168,11.780000,3
130.096106,0.386179663,11.760000,3
130.110133,0.386275537,11.740000,3
130.123793,0.385508547,11.720000,3
130.137221,0.385700294,11.700000,3
130.150974,0.385508547,11.680000,3
130.165272,0.385892042,11.660000,3
130.179142,0.385796168,11.640000,3
130.193148,0.385316799,11.620000,3
130.207305,0.385508547,11.600000,3
130.220713,0.384741556,11.580000,3
130.234243,0.385029178,11.560000,3
130.247854,0.384549809,11.540000,3
130.261291,0.384645683,11.520000,3
130.275627,0.384645683,11.500000,3
130.288992,0.384453935,11.480000,3
130.302478,0.384453935,11.460000,3
130.316498,0.384070440,11.440000,3
130.330218,0.384453935,11.420000,3
130.344384,0.383974566,11.400000,3
130.358060,0.383686945,11.380000,3
130.372414,0.384070440,11.360000,3
130.386282,0.383878692,11.340000,3
130.400680,0.383782818,11.320000,3
130.414515,0.383399323,11.300000,3
130.428082,0.383686945,11.280000,3
130.441908,0.383207576,11.260000,3
130.456344,0.383207576,11.240000,3
130.470061,0.383399323,11.220000,3
130.484191,0.383015828,11.200000,3
130.498091,0.382632333,11.180000,3
130.512158,0.382632333,11.160000,3
130.526254,0.382536459,11.140000,3
130.539850,0.382728207,11.120000,3
130.553287,0.382248838,11.100000,3
130.566908,0.382248838,11.080000,3
130.580793,0.382152964,11.060000,3
130.594687,0.382057090,11.040000,3
130.608009,0.382057090,11.020000,3
130.621871,0.381769469,11.000000,3
130.635937,0.381769469,10.980000,3
130.649807,0.381769469,10.960000,3
130.663602,0.381577721,10.940000,3
130.677342,0.381290100,10.920000,3
130.691166,0.381290100,10.900000,3
130.705603,0.381098352,10.880000,3
130.719479,0.381194226,10.860000,3
130.733142,0.381002478,10.840000,3
130.746752,0.380618983,10.820000,3
130.760667,0.380618983,10.800000,3
130.774099,0.380618983,10.780000,3
130.787498,0.380523109,10.760000,3
130.801459,0.379851993,10.740000,3
130.816306,0.380043740,10.720000,3
130.829735,0.380235488,10.700000,3
130.843616,0.379851993,10.680000,3
130.858164,0.379564371,10.660000,3
130.871573,0.379468497,10.640000,3
130.885840,0.379372624,10.620000,3
130.898775,0.379276750,10.600000,3
130.912510,0.379468497,10.580000,3
130.926056,0.379085002,10.560000,3
130.939295,0.378893255,10.540000,3
130.953082,0.378701507,10.520000,3
130.966482,0.378413886,10.500000,3
130.980083,0.378605633,10.480000,3
130.994092,0.378509759,10.460000,3
131.008296,0.378605633,10.440000,3
131.021629,0.378126264,10.420000,3
131.035527,0.377838643,10.400000,3
131.049103,0.378030390,10.380000,3
131.062679,0.378126264,10.360000,3
131.076679,0.377838643,10.340000,3
131.090367,0.377646895,10.320000,3
131.104473,0.377646895,10.300000,3
131.118645,0.377646895,10.280000,3
131.132200,0.377167526,10.260000,3
131.145643,0.377167526,10.240000,3
131.159383,0.377359274,10.220000,3
131.173205,0.377167526,10.200000,3
131.186538,0.376975779,10.180000,3
131.200357,0.376688157,10.160000,3
131.214186,0.376592283,10.140000,3
131.228359,0.376304662,10.120000,3
131.242196,0.376496410,10.100000,3
131.255724,0.376304662,10.080000,3
131.269500,0.376112914,10.060000,3
131.283503,0.376017041,10.040000,3
131.297078,0.376017041,10.020000,3
131.310590,0.375825293,10.000000,3
131.324323,0.375921167,9.980000,3
131.337479,0.375345924,9.960000,3
131.351439,0.375537672,9.940000,3
131.364879,0.375250050,9.920000,3
131.378630,0.375154176,9.900000,3
131.392645,0.374674807,9.880000,3
131.406833,0.374674807,9.860000,3
131.420189,0.374770681,9.840000,3
131.433918,0.374674807,9.820000,3
131.447911,0.374770681,9.800000,3
131.461531,0.374387186,9.780000,3
131.474982,0.374195438,9.760000,3
131.488409,0.374099565,9.740000,3
131.501918,0.373907817,9.720000,3
131.515635,0.373907817,9.700000,3
131.528916,0.373620196,9.680000,3
131.542253,0.373811943,9.660000,3
131.556082,0.373428448,9.640000,3
131.569590,0.373620196,9.620000,3
131.583049,0.373428448,9.600000,3
131.596958,0.373140827,9.580000,3
131.610531,0.373620196,9.560000,3
131.624444,0.373620196,9.540000,3
131.638150,0.372661458,9.520000,3
131.652451,0.372757331,9.500000,3
131.666385,0.372661458,9.480000,3
131.680265,0.372661458,9.460000,3
131.693983,0.372469710,9.440000,3
131.708583,0.372277962,9.420000,3
131.722044,0.372182089,9.400000,3
131.735952,0.371894467,9.380000,3
131.749875,0.371894467,9.360000,3
131.763717,0.371606846,9.340000,3
131.777922,0.371606846,9.320000,3
131.791478,0.371510972,9.300000,3
131.805158,0.371031603,9.280000,3
131.818990,0.371319224,9.260000,3
131.833238,0.371606846,9.240000,3
131.846879,0.371223351,9.220000,3
131.860318,0.370743982,9.200000,3
131.874259,0.370648108,9.180000,3
131.888189,0.370552234,9.160000,3
131.902201,0.370839855,9.140000,3
131.915249,0.370456360,9.120000,3
131.928772,0.370264613,9.100000,3
131.942220,0.369976991,9.080000,3
131.956131,0.369881117,9.060000,3
131.970133,0.369881117,9.040000,3
131.984015,0.370072865,9.020000,3
131.997720,0.369497622,9.000000,3
132.011543,0.369497622,8.980000,3
132.025532,0.369210001,8.960000,3
132.039256,0.369210001,8.940000,3
132.052956,0.369018253,8.920000,3
132.066865,0.368922379,8.900000,3
132.080812,0.368730632,8.880000,3
132.094251,0.368730632,8.860000,3
132.107928,0.368538884,8.840000,3
132.122179,0.368634758,8.820000,3
132.136515,0.368634758,8.800000,3
132.149868,0.368251263,8.780000,3
132.163415,0.368443010,8.760000,3
132.177336,0.368347137,8.740000,3
132.191453,0.367388399,8.720000,3
132.204714,0.367771894,8.700000,3
132.218023,0.367484272,8.680000,3
132.232097,0.367292525,8.660000,3
132.245770,0.367388399,8.640000,3
132.259457,0.367388399,8.620000,3
132.273351,0.367292525,8.600000,3
132.287502,0.366621408,8.580000,3
132.301295,0.366909030,8.560000,3
132.315429,0.366621408,8.540000,3
132.329120,0.366525535,8.520000,3
132.343415,0.366621408,8.500000,3
132.357224,0.366237913,8.480000,3
132.371062,0.366333787,8.460000,3
132.385098,0.366333787,8.440000,3
132.399311,0.366142039,8.420000,3
132.412814,0.365566797,8.400000,3
132.426358,0.365950292,8.380000,3
132.439953,0.365854418,8.360000,3
132.454523,0.365470923,8.340000,3
132.467699,0.365375049,8.320000,3
132.481101,0.365375049,8.300000,3
132.494521,0.364799806,8.280000,3
132.508316,0.365087428,8.260000,3
132.521561,0.365183301,8.240000,3
132.535304,0.364895680,8.220000,3
132.549027,0.364512185,8.200000,3
132.563125,0.364512185,8.180000,3
132.577139,0.364416311,8.160000,3
132.590560,0.364032816,8.140000,3
132.604415,0.364128690,8.120000,3
132.618820,0.363936942,8.100000,3
132.632169,0.364224563,8.080000,3
132.645831,0.363841068,8.060000,3
132.659918,0.363361699,8.040000,3
132.673512,0.363745194,8.020000,3
132.687802,0.363553447,8.000000,3
132.701561,0.363361699,7.980000,3
132.714773,0.363074078,7.960000,3
132.728611,0.362786456,7.940000,3
132.742299,0.362594709,7.920000,3
132.755692,0.362402961,7.900000,3
132.769331,0.362498835,7.880000,3
132.782934,0.362786456,7.860000,3
132.796093,0.361923592,7.840000,3
132.809946,0.362307087,7.820000,3
132.823646,0.362115340,7.800000,3
132.837480,0.361923592,7.780000,3
132.852276,0.362019466,7.760000,3
132.865478,0.361731845,7.740000,3
132.879709,0.361156602,7.720000,3
132.893294,0.361444223,7.700000,3
132.906525,0.361252476,7.680000,3
132.920946,0.361156602,7.660000,3
132.934684,0.361060728,7.640000,3
132.948382,0.360964854,7.620000,3
132.962553,0.360773107,7.600000,3
132.976049,0.360773107,7.580000,3
132.989522,0.360677233,7.560000,3
133.003548,0.360101990,7.540000,3
133.017654,0.360389611,7.520000,3
133.031121,0.360485485,7.500000,3
133.045167,0.359910242,7.480000,3
133.059686,0.359814369,7.460000,3
133.072953,0.359526747,7.440000,3
133.086605,0.359239126,7.420000,3
133.100461,0.359430873,7.400000,3
133.113987,0.359526747,7.380000,3
133.127410,0.359526747,7.360000,3
133.141273,0.359143252,7.340000,3
133.154813,0.358759757,7.320000,3
133.168325,0.359143252,7.300000,3
133.182412,0.358951504,7.280000,3
133.195694,0.358759757,7.260000,3
133.209782,0.358568009,7.240000,3
133.223577,0.358472135,7.220000,3
133.237524,0.358088640,7.200000,3
133.251323,0.358088640,7.180000,3
133.267090,0.357801019,7.160000,3
133.280799,0.357896893,7.140000,3
133.293646,0.357801019,7.120000,3
133.306484,0.357896893,7.100000,3
133.319303,0.357321650,7.080000,3
133.332685,0.357705145,7.060000,3
133.345973,0.357321650,7.040000,3
133.359171,0.357129902,7.020000,3
133.373072,0.357034028,7.000000,3
133.386505,0.357129902,6.980000,3
133.400399,0.356650533,6.960000,3
133.414253,0.356842281,6.940000,3
133.428058,0.356938155,6.920000,3
133.442394,0.356362912,6.900000,3
133.455812,0.356075290,6.880000,3
133.469053,0.356171164,6.860000,3
133.482896,0.355883543,6.840000,3
133.496321,0.355787669,6.820000,3
133.510225,0.355595921,6.800000,3
133.523493,0.355883543,6.780000,3
133.537791,0.355404174,6.760000,3
133.551633,0.355308300,6.740000,3
133.565482,0.355020679,6.720000,3
133.579411,0.354733057,6.700000,3
133.592890,0.354637183,6.680000,3
133.606570,0.354924805,6.660000,3
133.620651,0.354733057,6.640000,3
133.635171,0.354828931,6.620000,3
133.648780,0.354061941,6.600000,3
133.662522,0.354157814,6.580000,3
133.676356,0.353966067,6.560000,3
133.689671,0.353774319,6.540000,3
133.702927,0.353486698,6.520000,3
133.716960,0.353199076,6.500000,3
133.730811,0.353486698,6.480000,3
133.744811,0.352911455,6.460000,3
133.759025,0.352623834,6.440000,3
133.772750,0.352719707,6.420000,3
133.786219,0.352623834,6.400000,3
133.800569,0.352527960,6.380000,3
133.814615,0.351952717,6.360000,3
133.828159,0.352048591,6.340000,3
133.841569,0.351760969,6.320000,3
133.857572,0.351760969,6.300000,3
133.870664,0.351377474,6.280000,3
133.885019,0.351089853,6.260000,3
133.899334,0.351377474,6.240000,3
133.913379,0.351089853,6.220000,3
133.927893,0.350898105,6.200000,3
133.941414,0.350610484,6.180000,3
133.954681,0.350610484,6.160000,3
133.968138,0.350131115,6.140000,3
133.981627,0.350035241,6.120000,3
133.995564,0.350131115,6.100000,3
134.008845,0.350226989,6.080000,3
134.022422,0.349651746,6.060000,3
134.036126,0.349555872,6.040000,3
134.049771,0.349555872,6.020000,3
134.063823,0.349172377,6.000000,3
134.077713,0.349364124,5.980000,3
134.091325,0.349268251,5.960000,3
134.105298,0.348884755,5.940000,3
134.119250,0.348980629,5.920000,3
134.133222,0.348405386,5.900000,3
134.147799,0.347638396,5.880000,3
134.161599,0.347830144,5.860000,3
134.175896,0.348117765,5.840000,3
134.190624,0.347638396,5.820000,3
134.204011,0.347638396,5.800000,3
134.217478,0.347159027,5.780000,3
134.231363,0.347063153,5.760000,3
134.245144,0.347063153,5.740000,3
134.259240,0.346583784,5.720000,3
134.273077,0.346583784,5.700000,3
134.287346,0.346392037,5.680000,3
134.300654,0.346583784,5.660000,3
134.314343,0.346392037,5.640000,3
134.327873,0.345912668,5.620000,3
134.341512,0.345816794,5.600000,3
134.354878,0.345720920,5.580000,3
134.368701,0.344953930,5.560000,3
134.382300,0.345337425,5.540000,3
134.396360,0.344953930,5.520000,3
134.410046,0.345049803,5.500000,3
134.423553,0.344570434,5.480000,3
134.436661,0.344474561,5.460000,3
134.450585,0.343515823,5.440000,3
134.465240,0.344091065,5.420000,3
134.478847,0.343803444,5.400000,3
134.492816,0.343228201,5.380000,3
134.506463,0.343324075,5.360000,3
134.520289,0.343515823,5.340000,3
134.534351,0.343419949,5.320000,3
134.547995,0.342652958,5.300000,3
134.561752,0.342365337,5.280000,3
134.575607,0.342557085,5.260000,3
134.589137,0.342365337,5.240000,3
134.602726,0.341885968,5.220000,3
134.616171,0.341694221,5.200000,3
134.630517,0.341694221,5.180000,3
134.644331,0.341502473,5.160000,3
134.658549,0.341118978,5.140000,3
134.672835,0.341023104,5.120000,3
134.687011,0.341023104,5.100000,3
134.700480,0.340927230,5.080000,3
134.714143,0.340256114,5.060000,3
134.728135,0.340351987,5.040000,3
134.741313,0.340064366,5.020000,3
134.755524,0.339489123,5.000000,3
134.769438,0.339584997,4.980000,3
134.782731,0.339680871,4.960000,3
134.796690,0.339393249,4.940000,3
134.810023,0.339393249,4.920000,3
134.823850,0.339009754,4.900000,3
134.837172,0.338434511,4.880000,3
134.851366,0.338626259,4.860000,3
134.865159,0.338242764,4.840000,3
134.879087,0.338242764,4.820000,3
134.892643,0.337955142,4.800000,3
134.906004,0.337475773,4.780000,3
134.919968,0.337475773,4.760000,3
134.933088,0.336996404,4.740000,3
134.946512,0.336996404,4.720000,3
134.960429,0.336900531,4.700000,3
134.974108,0.336325288,4.680000,3
134.988015,0.336421162,4.660000,3
135.001698,0.336325288,4.640000,3
135.015268,0.336037666,4.620000,3
135.029579,0.335845919,4.600000,3
135.043412,0.335558297,4.580000,3
135.057110,0.335462424,4.560000,3
135.070751,0.335270676,4.540000,3
135.084886,0.335270676,4.520000,3
135.098498,0.334983055,4.500000,3
135.111863,0.334887181,4.480000,3
135.125364,0.334024317,4.460000,3
135.138713,0.334216064,4.440000,3
135.152469,0.334599559,4.420000,3
135.166275,0.333832569,4.400000,3
135.179828,0.333449074,4.380000,3
135.193301,0.333544948,4.360000,3
135.207578,0.333353200,4.340000,3
135.221642,0.332969705,4.320000,3
135.235243,0.332969705,4.300000,3
135.249079,0.332586210,4.280000,3
135.263514,0.332586210,4.260000,3
135.276778,0.332202714,4.240000,3
135.291085,0.332106841,4.220000,3
135.305048,0.331627472,4.200000,3
135.318955,0.331627472,4.180000,3
135.332839,0.330956355,4.160000,3
135.346421,0.330956355,4.140000,3
135.361150,0.330764607,4.120000,3
135.374471,0.330572860,4.100000,3
135.388048,0.330572860,4.080000,3
135.402669,0.330381112,4.060000,3
135.416406,0.330285238,4.040000,3
135.430247,0.329805869,4.020000,3
135.443593,0.329901743,4.000000,3
135.457677,0.330093491,3.980000,3
135.472081,0.329326500,3.960000,3
135.486081,0.329422374,3.940000,3
135.499452,0.329038879,3.920000,3
135.513052,0.328655384,3.900000,3
135.527815,0.328943005,3.880000,3
135.541696,0.328463636,3.860000,3
135.555544,0.328176015,3.840000,3
135.569194,0.328176015,3.820000,3
135.582352,0.328080141,3.800000,3
135.596295,0.328080141,3.780000,3
135.610025,0.327984267,3.760000,3
135.624091,0.327121403,3.740000,3
135.637768,0.327121403,3.720000,3
135.651560,0.326929655,3.700000,3
135.665567,0.326737908,3.680000,3
135.680400,0.326354413,3.660000,3
135.694460,0.326066791,3.640000,3
135.708263,0.325779170,3.620000,3
135.722288,0.325779170,3.600000,3
135.736182,0.325779170,3.580000,3
135.749646,0.325395675,3.560000,3
135.763479,0.325299801,3.540000,3
135.776798,0.325012179,3.520000,3
135.790438,0.324820432,3.500000,3
135.803726,0.325108053,3.480000,3
135.817497,0.324820432,3.460000,3
135.831904,0.324532810,3.440000,3
135.845678,0.324724558,3.420000,3
135.859483,0.324053441,3.400000,3
135.873356,0.324053441,3.380000,3
135.887356,0.323669946,3.360000,3
135.900608,0.323574072,3.340000,3
135.914117,0.323094703,3.320000,3
135.927723,0.322998830,3.300000,3
135.940809,0.322615334,3.280000,3
135.954009,0.322423587,3.260000,3
135.967699,0.322519461,3.240000,3
135.981652,0.322519461,3.220000,3
135.995438,0.322135965,3.200000,3
136.008864,0.321656596,3.180000,3
136.022572,0.321464849,3.160000,3
136.036574,0.321752470,3.140000,3
136.050011,0.321560723,3.120000,3
136.063897,0.320985480,3.100000,3
136.078189,0.320889606,3.080000,3
136.091728,0.320697858,3.060000,3
136.105436,0.320506111,3.040000,3
136.119323,0.320506111,3.020000,3
136.133090,0.319739120,3.000000,3
136.146726,0.319834994,2.980000,3
136.160978,0.320218489,2.960000,3
136.174311,0.319930868,2.940000,3
136.188902,0.319163878,2.920000,3
136.203558,0.319068004,2.900000,3
136.217758,0.318972130,2.880000,3
136.231863,0.318972130,2.860000,3
136.245533,0.318780382,2.840000,3
136.259356,0.318684509,2.820000,3
136.272717,0.318301013,2.800000,3
136.287244,0.318013392,2.780000,3
136.300923,0.317725771,2.760000,3
136.314619,0.317821644,2.740000,3
136.328391,0.317438149,2.720000,3
136.342671,0.317438149,2.700000,3
136.356310,0.317054654,2.680000,3
136.370392,0.316767033,2.660000,3
136.384391,0.316767033,2.640000,3
136.398119,0.316671159,2.620000,3
136.412023,0.316095916,2.600000,3
136.425683,0.315904169,2.580000,3
136.438984,0.315520673,2.560000,3
136.452979,0.315328926,2.540000,3
136.466726,0.314753683,2.520000,3
136.480693,0.314849557,2.500000,3
136.495526,0.314561935,2.480000,3
136.509339,0.314178440,2.460000,3
136.523505,0.313794945,2.440000,3
136.536783,0.313794945,2.420000,3
136.550198,0.313890819,2.400000,3
136.564211,0.313699071,2.380000,3
136.578510,0.313507324,2.360000,3
136.592123,0.313123828,2.340000,3
136.605928,0.312932081,2.320000,3
136.620098,0.312452712,2.300000,3
136.633940,0.311877469,2.280000,3
136.647891,0.311781595,2.260000,3
136.661758,0.311589848,2.240000,3
136.675825,0.311685721,2.220000,3
136.689909,0.311206352,2.200000,3
136.703160,0.310822857,2.180000,3
136.716768,0.310055867,2.160000,3
136.730417,0.310055867,2.140000,3
136.744251,0.309576498,2.120000,3
136.758022,0.309288876,2.100000,3
136.771935,0.309097129,2.080000,3
136.786521,0.308809507,2.060000,3
136.799978,0.308138391,2.040000,3
136.813489,0.307946643,2.020000,3
136.827854,0.307467274,2.000000,3
136.841625,0.307467274,1.980000,3
136.855789,0.306892031,1.960000,3
136.869535,0.307179653,1.940000,3
136.883037,0.306220915,1.920000,3
136.897294,0.305645672,1.900000,3
136.911470,0.306125041,1.880000,3
136.925267,0.305549798,1.860000,3
136.938658,0.305070429,1.840000,3
136.952704,0.304686934,1.820000,3
136.966407,0.304399313,1.800000,3
136.980079,0.304399313,1.780000,3
136.993453,0.304015817,1.760000,3
137.007848,0.303632322,1.740000,3
137.021707,0.303248827,1.720000,3
137.034989,0.302769458,1.700000,3
137.048739,0.302385963,1.680000,3
137.062324,0.302194215,1.660000,3
137.076962,0.301906594,1.640000,3
137.091482,0.301906594,1.620000,3
137.104766,0.300947856,1.600000,3
137.118306,0.300660234,1.580000,3
137.132202,0.300372613,1.560000,3
137.146036,0.299797370,1.540000,3
137.159928,0.299030380,1.520000,3
137.173599,0.299318001,1.500000,3
137.187051,0.298646885,1.480000,3
137.200876,0.298071642,1.460000,3
137.214773,0.297688147,1.440000,3
137.228994,0.297112904,1.420000,3
137.243472,0.296633535,1.400000,3
137.257047,0.295866544,1.380000,3
137.271423,0.296154166,1.360000,3
137.284874,0.295291302,1.340000,3
137.298556,0.295003680,1.320000,3
137.312022,0.294428437,1.300000,3
137.325823,0.294044942,1.280000,3
137.340233,0.293373826,1.260000,3
137.354026,0.293182078,1.240000,3
137.367622,0.292798583,1.220000,3
137.381511,0.292127466,1.200000,3
137.395920,0.292223340,1.180000,3
137.409312,0.291552223,1.160000,3
137.422915,0.291168728,1.140000,3
137.436784,0.290785233,1.120000,3
137.450000,0.290401738,1.100000,3
137.463454,0.290018243,1.080000,3
137.477613,0.289155379,1.060000,3
137.490939,0.288484262,1.040000,3
137.504997,0.288580136,1.020000,3
137.519710,0.288196641,1.000000,3
137.533458,0.287525524,0.980000,3
137.546930,0.286758534,0.960000,3
137.560332,0.286758534,0.940000,3
137.574093,0.286279165,0.920000,3
137.587687,0.285703922,0.900000,3
137.602523,0.285608048,0.880000,3
137.616331,0.284936931,0.860000,3
137.630287,0.284649310,0.840000,3
137.644292,0.284074067,0.820000,3
137.658831,0.283882320,0.800000,3
137.672267,0.283307077,0.780000,3
137.686006,0.282444213,0.760000,3
137.700156,0.282252465,0.740000,3
137.714016,0.281773096,0.720000,3
137.727654,0.281101979,0.700000,3
137.741490,0.280526737,0.680000,3
137.755074,0.279855620,0.660000,3
137.768578,0.279184503,0.640000,3
137.782228,0.278609261,0.620000,3
137.796386,0.277746396,0.600000,3
137.810148,0.277171154,0.580000,3
137.823671,0.275733047,0.560000,3
137.837462,0.275828920,0.540000,3
137.851478,0.274966056,0.520000,3
137.865293,0.273815571,0.500000,3
137.879162,0.273144454,0.480000,3
137.893044,0.272281590,0.460000,3
137.907526,0.271226978,0.440000,3
137.921755,0.269884745,0.420000,3
137.935291,0.268830133,0.400000,3
137.949490,0.266529162,0.380000,3
137.963226,0.266529162,0.360000,3
137.977380,0.265474550,0.340000,3
137.991400,0.264515812,0.320000,3
138.004698,0.262598336,0.300000,3
138.018123,0.261543724,0.280000,3
138.031948,0.260489113,0.260000,3
138.045424,0.259817996,0.240000,3
138.059494,0.258475763,0.220000,3
138.073034,0.257325277,0.200000,3
138.087129,0.257037656,0.180000,3
138.100664,0.255983044,0.160000,3
138.114525,0.255120180,0.140000,3
138.128622,0.254544937,0.120000,3
138.142069,0.253969694,0.100000,3
138.155517,0.253298578,0.080000,3
138.168751,0.252819209,0.060000,3
138.182120,0.252243966,0.040000,3
138.196226,0.251860471,0.020000,3
138.209905,0.251285228,0.000000,3
138.223793,0.250901733,0.000000,3
138.237953,0.250518237,-0.020000,3
138.251832,0.249559499,-0.040000,3
138.266056,0.249176004,-0.060000,3
138.279956,0.248217266,-0.080000,3
138.293248,0.248313140,-0.100000,3
138.306584,0.247546150,-0.120000,3
138.319572,0.246683285,-0.140000,3
138.332507,0.246012169,-0.160000,3
138.346162,0.245532800,-0.180000,3
138.359448,0.244669936,-0.200000,3
138.372843,0.244574062,-0.220000,3
138.385794,0.243807071,-0.240000,3
138.399077,0.243519450,-0.260000,3
138.413029,0.243040081,-0.280000,3
138.426888,0.241793722,-0.300000,3
138.441083,0.240259741,-0.320000,3
138.454296,0.238534013,-0.340000,3
138.468395,0.236137168,-0.360000,3
138.482396,0.231247604,-0.380000,3
138.495951,0.218784010,-0.400000,3
138.509165,0.205553426,-0.420000,3
138.522816,0.208429640,-0.440000,3
138.536348,0.207854397,-0.460000,3
138.549780,0.207087406,-0.480000,3
138.563686,0.206799785,-0.500000,3
138.576788,0.206320416,-0.520000,3
138.590814,0.206224542,-0.540000,3
138.604756,0.205457552,-0.560000,3
138.618264,0.205361678,-0.580000,3
138.631990,0.204786435,-0.600000,3
138.645983,0.204019445,-0.620000,3
138.659494,0.203635950,-0.640000,3
138.673483,0.202868959,-0.660000,3
138.686998,0.202006095,-0.680000,3
138.700541,0.201143231,-0.700000,3
138.715325,0.200951483,-0.720000,3
138.728956,0.199705124,-0.740000,3
138.742257,0.199225755,-0.760000,3
138.756064,0.198267017,-0.780000,3
138.769334,0.197308279,-0.800000,3
138.783306,0.197212405,-0.820000,3
138.797626,0.195774298,-0.840000,3
138.811402,0.194815560,-0.860000,3
138.824837,0.193473327,-0.880000,3
138.838402,0.192993958,-0.900000,3
138.851753,0.191651725,-0.920000,3
138.865309,0.190788860,-0.940000,3
138.879026,0.189159006,-0.960000,3
138.892703,0.188296142,-0.980000,3
138.906922,0.186282792,-1.000000,3
138.920815,0.184173568,-1.020000,3
138.934461,0.182447840,-1.040000,3
138.947728,0.181105607,-1.060000,3
138.961436,0.179763374,-1.080000,3
138.975175,0.178900509,-1.100000,3
138.988940,0.177845898,-1.120000,3
139.002774,0.177270655,-1.140000,3
139.016492,0.176599538,-1.160000,3
139.030217,0.176024295,-1.180000,3
139.043525,0.175449053,-1.200000,3
139.057477,0.175161431,-1.220000,3
139.071707,0.174873810,-1.240000,3
139.085370,0.174298567,-1.260000,3
139.098958,0.173531577,-1.280000,3
139.112903,0.173243955,-1.300000,3
139.126832,0.172860460,-1.320000,3
139.140661,0.172956334,-1.340000,3
139.154655,0.172093470,-1.360000,3
139.168695,0.172093470,-1.380000,3
139.182528,0.171614101,-1.400000,3
139.196303,0.170463615,-1.420000,3
139.210100,0.170751236,-1.440000,3
139.223802,0.170271867,-1.460000,3
139.237599,0.169888372,-1.480000,3
139.252155,0.169313129,-1.500000,3
139.265483,0.168546139,-1.520000,3
139.279927,0.168546139,-1.540000,3
139.293303,0.168066770,-1.560000,3
139.307055,0.167491527,-1.580000,3
139.320776,0.167108032,-1.600000,3
139.335005,0.166436915,-1.620000,3
139.348971,0.165574051,-1.640000,3
139.362676,0.164807061,-1.660000,3
139.377205,0.164135944,-1.680000,3
139.391334,0.163560702,-1.700000,3
139.404821,0.162697837,-1.720000,3
139.418279,0.161355604,-1.740000,3
139.431479,0.160300992,-1.760000,3
139.445379,0.159438128,-1.780000,3
139.459395,0.158191769,-1.800000,3
139.473537,0.156945409,-1.820000,3
139.487270,0.155699050,-1.840000,3
139.500798,0.154260943,-1.860000,3
139.514308,0.153302205,-1.880000,3
139.528167,0.151768224,-1.900000,3
139.541624,0.150138370,-1.920000,3
139.556360,0.148604389,-1.940000,3
139.570641,0.146495165,-1.960000,3
139.584332,0.145344680,-1.980000,3
139.599326,0.144673563,-2.000000,3
139.613394,0.143331330,-2.020000,3
139.626966,0.141989097,-2.040000,3
139.640449,0.141317980,-2.060000,3
139.654944,0.140934485,-2.080000,3
139.668413,0.140071621,-2.100000,3
139.682290,0.139017009,-2.120000,3
139.696608,0.138441766,-2.140000,3
139.710341,0.137674776,-2.160000,3
139.723993,0.137195407,-2.180000,3
139.738316,0.136044921,-2.200000,3
139.751887,0.135949047,-2.220000,3
139.766518,0.135469678,-2.240000,3
139.780529,0.134415067,-2.260000,3
139.793915,0.134606814,-2.280000,3
139.807822,0.133648076,-2.300000,3
139.821422,0.133360455,-2.320000,3
139.835404,0.132976960,-2.340000,3
139.848712,0.132497591,-2.360000,3
139.862628,0.132305843,-2.380000,3
139.875927,0.131538853,-2.400000,3
139.889779,0.131155357,-2.420000,3
139.904294,0.130867736,-2.440000,3
139.918412,0.130388367,-2.460000,3
139.932695,0.129908998,-2.480000,3
139.945958,0.129525503,-2.500000,3
139.960255,0.128566765,-2.520000,3
139.974766,0.128758512,-2.540000,3
139.988251,0.127608027,-2.560000,3
140.001974,0.127416279,-2.580000,3
140.016072,0.127416279,-2.600000,3
140.029937,0.126265794,-2.620000,3
140.043469,0.125978172,-2.640000,3
140.056900,0.125690551,-2.660000,3
140.070531,0.125019434,-2.680000,3
140.083863,0.124635939,-2.700000,3
140.098375,0.123964822,-2.720000,3
140.112103,0.123485453,-2.740000,3
140.126211,0.123006084,-2.760000,3
140.140540,0.122047346,-2.780000,3
140.153843,0.121951473,-2.800000,3
140.168193,0.121472104,-2.820000,3
140.182659,0.120896861,-2.840000,3
140.196753,0.120513366,-2.860000,3
140.210727,0.119842249,-2.880000,3
140.224863,0.119554628,-2.900000,3
140.238895,0.118595890,-2.920000,3
140.253433,0.118212394,-2.940000,3
140.267268,0.117445404,-2.960000,3
140.280545,0.117157783,-2.980000,3
140.294613,0.116486666,-3.000000,3
140.308337,0.116390792,-3.020000,3
140.321912,0.116007297,-3.040000,3
140.335518,0.115336180,-3.060000,3
140.349822,0.114377442,-3.080000,3
140.363298,0.114281569,-3.100000,3
140.377153,0.113802200,-3.120000,3
140.390960,0.113322831,-3.140000,3
140.404431,0.112555840,-3.160000,3
140.418079,0.111884724,-3.180000,3
140.432153,0.111501229,-3.200000,3
140.446115,0.110734238,-3.220000,3
140.459793,0.110446617,-3.240000,3
140.473544,0.110158995,-3.260000,3
140.487137,0.109392005,-3.280000,3
140.501386,0.108816762,-3.300000,3
140.515318,0.108720888,-3.320000,3
140.530014,0.108241519,-3.340000,3
140.543504,0.108049772,-3.360000,3
140.557369,0.107186908,-3.380000,3
140.570968,0.107091034,-3.400000,3
140.584844,0.106515791,-3.420000,3
140.598592,0.105844674,-3.440000,3
140.611821,0.105461179,-3.460000,3
140.625532,0.105365305,-3.480000,3
140.639462,0.104694189,-3.500000,3
140.652906,0.104502441,-3.520000,3
140.666364,0.104310694,-3.540000,3
140.680058,0.103831325,-3.560000,3
140.693891,0.103543703,-3.580000,3
140.707937,0.102584965,-3.600000,3
140.721818,0.102584965,-3.620000,3
140.736045,0.102393218,-3.640000,3
140.749441,0.101626227,-3.660000,3
140.763086,0.101050984,-3.680000,3
140.777534,0.100667489,-3.700000,3
140.790937,0.100188120,-3.720000,3
140.805239,0.099804625,-3.740000,3
140.819280,0.099804625,-3.760000,3
140.833276,0.099133508,-3.780000,3
140.846913,0.098845887,-3.800000,3
140.860771,0.098366518,-3.820000,3
140.874634,0.098270644,-3.840000,3
140.888972,0.097887149,-3.860000,3
140.903116,0.097599528,-3.880000,3
140.916635,0.097120159,-3.900000,3
140.930827,0.096832537,-3.920000,3
140.944477,0.096257294,-3.940000,3
140.958177,0.096161421,-3.960000,3
140.971688,0.095586178,-3.980000,3
140.985520,0.094915061,-4.000000,3
140.999240,0.094819187,-4.020000,3
141.013043,0.094531566,-4.040000,3
141.026244,0.094243945,-4.060000,3
141.039958,0.093668702,-4.080000,3
141.053838,0.093381080,-4.100000,3
141.067950,0.093189333,-4.120000,3
141.082213,0.092805838,-4.140000,3
141.096699,0.091942973,-4.160000,3
141.110176,0.092038847,-4.180000,3
141.123784,0.091847100,-4.200000,3
141.137795,0.091367731,-4.220000,3
141.151578,0.090696614,-4.240000,3
141.165082,0.090600740,-4.260000,3
141.178731,0.090408993,-4.280000,3
141.192661,0.089833750,-4.300000,3
141.206678,0.089642002,-4.320000,3
141.220551,0.089066759,-4.340000,3
141.234293,0.088779138,-4.360000,3
141.247810,0.088299769,-4.380000,3
141.261788,0.088108022,-4.400000,3
141.275877,0.087532779,-4.420000,3
141.289591,0.086957536,-4.440000,3
141.303248,0.086765788,-4.460000,3
141.317060,0.086190546,-4.480000,3
141.330467,0.085902924,-4.500000,3
141.344310,0.085615303,-4.520000,3
141.358046,0.085231808,-4.540000,3
141.372074,0.085040060,-4.560000,3
141.385628,0.084368943,-4.580000,3
141.399342,0.084081322,-4.600000,3
141.413823,0.083793701,-4.620000,3
141.427446,0.083410205,-4.640000,3
141.441373,0.082930836,-4.660000,3
141.454487,0.082643215,-4.680000,3
141.468468,0.082643215,-4.700000,3
141.482021,0.082259720,-4.720000,3
141.495792,0.081588603,-4.740000,3
141.509506,0.081205108,-4.760000,3
141.523084,0.081013360,-4.780000,3
141.537349,0.080725739,-4.800000,3
141.550991,0.080438118,-4.820000,3
141.565173,0.079862875,-4.840000,3
141.578644,0.079958749,-4.860000,3
141.592534,0.079479380,-4.880000,3
141.606339,0.078808263,-4.900000,3
141.620368,0.078520642,-4.920000,3
141.634175,0.078424768,-4.940000,3
141.647810,0.077945399,-4.960000,3
141.661406,0.077561904,-4.980000,3
141.675072,0.076699039,-5.000000,3
141.689055,0.076890787,-5.020000,3
141.702513,0.076123797,-5.040000,3
141.716510,0.075836175,-5.060000,3
141.730407,0.075740301,-5.080000,3
141.744445,0.075644428,-5.100000,3
141.758338,0.075356806,-5.120000,3
141.772116,0.074877437,-5.140000,3
141.785804,0.074206321,-5.160000,3
141.799520,0.074110447,-5.180000,3
141.813327,0.074014573,-5.200000,3
141.827295,0.073247583,-5.220000,3
141.841400,0.073151709,-5.240000,3
141.855259,0.072480592,-5.260000,3
141.869213,0.072192971,-5.280000,3
141.883178,0.071713602,-5.300000,3
141.896839,0.071042485,-5.320000,3
141.911052,0.071042485,-5.340000,3
141.924491,0.070371369,-5.360000,3
141.938015,0.070467242,-5.380000,3
141.952134,0.069892000,-5.400000,3
141.965914,0.069316757,-5.420000,3
141.979641,0.069220883,-5.440000,3
141.993056,0.069029135,-5.460000,3
142.006507,0.068549766,-5.480000,3
142.020372,0.068070397,-5.500000,3
142.033730,0.067878650,-5.520000,3
142.047143,0.067495155,-5.540000,3
142.060673,0.067303407,-5.560000,3
142.074555,0.066728164,-5.580000,3
142.088129,0.066536417,-5.600000,3
142.101730,0.066152921,-5.620000,3
142.115866,0.065961174,-5.640000,3
142.129630,0.065577679,-5.660000,3
142.143968,0.065194183,-5.680000,3
142.157362,0.065194183,-5.700000,3
142.171030,0.064523067,-5.720000,3
142.184785,0.064523067,-5.740000,3
142.198290,0.064427193,-5.760000,3
142.212014,0.063756076,-5.780000,3
142.225513,0.063468455,-5.800000,3
142.239838,0.063180834,-5.820000,3
142.253789,0.062509717,-5.840000,3
142.267612,0.062413843,-5.860000,3
142.281970,0.062509717,-5.880000,3
142.298008,0.062030348,-5.900000,3
142.311332,0.061742727,-5.920000,3
142.325434,0.061646853,-5.940000,3
142.339532,0.061071610,-5.960000,3
142.352896,0.061071610,-5.980000,3
142.366254,0.060975736,-6.000000,3
142.379905,0.060496367,-6.020000,3
142.393210,0.060208746,-6.040000,3
142.406932,0.060016998,-6.060000,3
142.420353,0.059825251,-6.080000,3
142.434059,0.059345882,-6.100000,3
142.447494,0.059058260,-6.120000,3
142.460947,0.058866513,-6.140000,3
142.475101,0.058674765,-6.160000,3
142.489054,0.058578891,-6.180000,3
142.502604,0.058003649,-6.200000,3
142.516835,0.057524280,-6.220000,3
142.530677,0.057524280,-6.240000,3
142.544575,0.057140784,-6.260000,3
142.557902,0.056565542,-6.280000,3
142.571706,0.056086173,-6.300000,3
142.585339,0.056277920,-6.320000,3
142.598813,0.055894425,-6.340000,3
142.612290,0.055990299,-6.360000,3
142.626064,0.055606804,-6.380000,3
142.640488,0.055510930,-6.400000,3
142.653882,0.055223308,-6.420000,3
142.667687,0.054743939,-6.440000,3
142.681841,0.054648066,-6.460000,3
142.695804,0.054456318,-6.480000,3
142.709565,0.054264570,-6.500000,3
142.723110,0.054168697,-6.520000,3
142.737018,0.053689328,-6.540000,3
142.751612,0.053305832,-6.560000,3
142.765288,0.052730590,-6.580000,3
142.779323,0.053114085,-6.600000,3
142.793551,0.052347094,-6.620000,3
142.806901,0.052155347,-6.640000,3
142.820484,0.052155347,-6.660000,3
142.834749,0.051580104,-6.680000,3
142.849426,0.051388356,-6.700000,3
142.862757,0.051196609,-6.720000,3
142.875989,0.051100735,-6.740000,3
142.889784,0.050621366,-6.760000,3
142.902862,0.050333745,-6.780000,3
142.916516,0.050141997,-6.800000,3
142.930358,0.049854376,-6.820000,3
142.944001,0.049279133,-6.840000,3
142.957871,0.049087385,-6.860000,3
142.971900,0.048799764,-6.880000,3
142.985496,0.048608016,-6.900000,3
142.999310,0.048416269,-6.920000,3
143.013109,0.048128647,-6.940000,3
143.027327,0.047841026,-6.960000,3
143.041324,0.047745152,-6.980000,3
143.054977,0.047361657,-7.000000,3
143.068927,0.046978162,-7.020000,3
143.082950,0.046786414,-7.040000,3
143.096490,0.046690540,-7.060000,3
143.110142,0.046307045,-7.080000,3
143.124216,0.046019424,-7.100000,3
143.137638,0.045635928,-7.120000,3
143.151598,0.045635928,-7.140000,3
143.166286,0.045156559,-7.160000,3
143.179955,0.044868938,-7.180000,3
143.193635,0.044773064,-7.200000,3
143.207256,0.044101948,-7.220000,3
143.220965,0.044485443,-7.240000,3
143.234763,0.043814326,-7.260000,3
143.248326,0.043622579,-7.280000,3
143.263028,0.043430831,-7.300000,3
143.276786,0.043430831,-7.320000,3
143.289748,0.042472093,-7.340000,3
143.302536,0.042472093,-7.360000,3
143.315948,0.041992724,-7.380000,3
143.329188,0.041513355,-7.400000,3
143.342925,0.041513355,-7.420000,3
143.356823,0.041417481,-7.440000,3
143.370428,0.040842238,-7.460000,3
143.384098,0.041033986,-7.480000,3
143.397465,0.040362869,-7.500000,3
143.411324,0.040171122,-7.520000,3
143.424612,0.039979374,-7.540000,3
143.438728,0.039787627,-7.560000,3
143.452840,0.039308258,-7.580000,3
143.466553,0.039308258,-7.600000,3
143.480207,0.038828889,-7.620000,3
143.494437,0.038637141,-7.640000,3
143.507767,0.038349520,-7.660000,3
143.521906,0.037966025,-7.680000,3
143.535464,0.037870151,-7.700000,3
143.548766,0.037486656,-7.720000,3
143.562537,0.037199034,-7.740000,3
143.576442,0.036911413,-7.760000,3
143.589943,0.036623791,-7.780000,3
143.603485,0.036144422,-7.800000,3
143.617230,0.036240296,-7.820000,3
143.630759,0.036048549,-7.840000,3
143.644480,0.035569180,-7.860000,3
143.658382,0.035089811,-7.880000,3
143.672136,0.035089811,-7.900000,3
143.686146,0.034706315,-7.920000,3
143.699811,0.034706315,-7.940000,3
143.713525,0.034322820,-7.960000,3
143.727792,0.034035199,-7.980000,3
143.741085,0.033364082,-8.000000,3
143.755182,0.033555830,-8.020000,3
143.769005,0.033172335,-8.040000,3
143.782638,0.032788839,-8.060000,3
143.796462,0.032405344,-8.080000,3
143.810505,0.032309470,-8.100000,3
143.823790,0.032117723,-8.120000,3
143.837687,0.031734228,-8.140000,3
143.851967,0.031350732,-8.160000,3
143.865626,0.031446606,-8.180000,3
143.879945,0.031350732,-8.200000,3
143.893741,0.030967237,-8.220000,3
143.907330,0.030679616,-8.240000,3
143.921622,0.030583742,-8.260000,3
143.936121,0.030296121,-8.280000,3
143.950186,0.030008499,-8.300000,3
143.964640,0.029816752,-8.320000,3
143.978556,0.029529130,-8.340000,3
143.992665,0.029337383,-8.360000,3
144.006878,0.029145635,-8.380000,3
144.020828,0.028762140,-8.400000,3
144.034684,0.028474518,-8.420000,3
144.048488,0.028091023,-8.440000,3
144.062287,0.027995149,-8.460000,3
144.076997,0.027899276,-8.480000,3
144.090446,0.027611654,-8.500000,3
144.104506,0.027324033,-8.520000,3
144.118103,0.027324033,-8.540000,3
144.131640,0.027132285,-8.560000,3
144.144931,0.027036411,-8.580000,3
144.158418,0.026461169,-8.600000,3
144.172597,0.026557042,-8.620000,3
144.186621,0.026077673,-8.640000,3
144.199929,0.025790052,-8.660000,3
144.213876,0.025598304,-8.680000,3
144.227171,0.025502431,-8.700000,3
144.240865,0.025214809,-8.720000,3
144.254853,0.024831314,-8.740000,3
144.269396,0.024543693,-8.760000,3
144.283246,0.024351945,-8.780000,3
144.296888,0.024256071,-8.800000,3
144.310325,0.023968450,-8.820000,3
144.324348,0.023776702,-8.840000,3
144.338341,0.023393207,-8.860000,3
144.352175,0.023776702,-8.880000,3
144.366148,0.023105586,-8.900000,3
144.379700,0.022626217,-8.920000,3
144.393990,0.022338595,-8.940000,3
144.407463,0.022242721,-8.960000,3
144.420748,0.021475731,-8.980000,3
144.433944,0.021571605,-9.000000,3
144.448446,0.021667479,-9.020000,3
144.462431,0.021475731,-9.040000,3
144.476578,0.021283983,-9.060000,3
144.490087,0.020900488,-9.080000,3
144.503993,0.020516993,-9.100000,3
144.517370,0.020421119,-9.120000,3
144.530911,0.020229372,-9.140000,3
144.545297,0.020037624,-9.160000,3
144.558597,0.019462381,-9.180000,3
144.572375,0.019654129,-9.200000,3
144.586503,0.019366507,-9.220000,3
144.600572,0.018695391,-9.240000,3
144.613968,0.018120148,-9.260000,3
144.627393,0.018311896,-9.280000,3
144.640932,0.017832527,-9.300000,3
144.654593,0.017736653,-9.320000,3
144.668700,0.017161410,-9.340000,3
144.682321,0.017544905,-9.360000,3
144.696204,0.016873789,-9.380000,3
144.710114,0.016586167,-9.400000,3
144.723813,0.016202672,-9.420000,3
144.737810,0.015819177,-9.440000,3
144.751663,0.015435682,-9.460000,3
144.765262,0.015148060,-9.480000,3
144.778704,0.015052186,-9.500000,3
144.792589,0.014956313,-9.520000,3
144.806978,0.014381070,-9.540000,3
144.820466,0.013901701,-9.560000,3
144.834154,0.013614079,-9.580000,3
144.847772,0.013614079,-9.600000,3
144.861604,0.013134710,-9.620000,3
144.875512,0.012655342,-9.640000,3
144.889636,0.011984225,-9.660000,3
144.903273,0.011888351,-9.680000,3
144.917315,0.011792477,-9.700000,3
144.931528,0.011121361,-9.720000,3
144.945300,0.010641992,-9.740000,3
144.959438,0.010641992,-9.760000,3
144.972866,0.010354370,-9.780000,3
144.986496,0.009970875,-9.800000,3
145.000297,0.009491506,-9.820000,3
145.014228,0.009203885,-9.840000,3
145.027623,0.009203885,-9.860000,3
145.041285,0.008436894,-9.880000,3
145.054515,0.007957525,-9.900000,3
145.068216,0.007669904,-9.920000,3
145.081715,0.007574030,-9.940000,3
145.095668,0.006807040,-9.960000,3
145.109796,0.006807040,-9.980000,3
145.123565,0.006135923,-10.000000,3
145.137123,0.005656554,-10.020000,3
145.151004,0.005177185,-10.040000,3
145.165057,0.005081311,-10.060000,3
145.179413,0.004506069,-10.080000,3
145.193244,0.003834952,-10.100000,3
145.207461,0.003163835,-10.120000,3
145.220865,0.003067962,-10.140000,3
145.234640,0.002780340,-10.160000,3
145.248488,0.002109224,-10.180000,3
145.262149,0.001821602,-10.200000,3
145.275792,0.001629855,-10.220000,3
145.289466,0.000862864,-10.240000,3
145.303267,0.000862864,-10.260000,3
145.316964,0.000095874,-10.280000,3
145.330885,-0.000575243,-10.300000,3
145.344680,-0.000766990,-10.320000,3
145.358541,-0.001054612,-10.340000,3
145.372355,-0.001150486,-10.360000,3
145.386621,-0.001725728,-10.380000,3
145.400420,-0.002300971,-10.400000,3
145.415057,-0.002492719,-10.420000,3
145.428495,-0.003643204,-10.440000,3
145.441880,-0.003163835,-10.460000,3
145.455784,-0.003930826,-10.480000,3
145.469393,-0.004026700,-10.500000,3
145.483080,-0.004218447,-10.520000,3
145.497159,-0.004697816,-10.540000,3
145.511151,-0.004985438,-10.560000,3
145.525028,-0.005177185,-10.580000,3
145.538831,-0.006040049,-10.600000,3
145.552774,-0.006615292,-10.620000,3
145.566349,-0.006807040,-10.640000,3
145.580136,-0.006807040,-10.660000,3
145.594228,-0.007765778,-10.680000,3
145.607970,-0.007765778,-10.700000,3
145.622149,-0.007957525,-10.720000,3
145.636354,-0.008341021,-10.740000,3
145.649890,-0.009108011,-10.760000,3
145.663453,-0.009299759,-10.780000,3
145.677450,-0.009491506,-10.800000,3
145.690859,-0.009683254,-10.820000,3
145.704790,-0.010162623,-10.840000,3
145.718467,-0.010258497,-10.860000,3
145.732821,-0.010546118,-10.880000,3
145.746147,-0.010737866,-10.900000,3
145.759739,-0.011121361,-10.920000,3
145.774553,-0.011025487,-10.940000,3
145.787905,-0.011504856,-10.960000,3
145.802017,-0.011984225,-10.980000,3
145.816070,-0.012175973,-11.000000,3
145.829516,-0.012942963,-11.020000,3
145.842854,-0.013326458,-11.040000,3
145.856831,-0.013134710,-11.060000,3
145.870408,-0.013422332,-11.080000,3
145.883985,-0.013709953,-11.100000,3
145.898013,-0.013997575,-11.120000,3
145.911560,-0.014093448,-11.140000,3
145.925675,-0.014285196,-11.160000,3
145.939820,-0.015052186,-11.180000,3
145.953881,-0.014860439,-11.200000,3
145.967927,-0.015339808,-11.220000,3
145.981917,-0.015339808,-11.240000,3
145.996209,-0.016010924,-11.260000,3
146.009586,-0.016394420,-11.280000,3
146.023272,-0.016490293,-11.300000,3
146.037748,-0.016682041,-11.320000,3
146.051237,-0.016586167,-11.340000,3
146.064966,-0.017257284,-11.360000,3
146.079113,-0.017449031,-11.380000,3
146.092830,-0.017736653,-11.400000,3
146.106629,-0.018024274,-11.420000,3
146.120773,-0.018311896,-11.440000,3
146.134597,-0.018503643,-11.460000,3
146.148431,-0.018695391,-11.480000,3
146.162703,-0.018791265,-11.500000,3
146.177094,-0.018695391,-11.520000,3
146.190684,-0.019270634,-11.540000,3
146.204855,-0.019750003,-11.560000,3
146.218452,-0.019845876,-11.580000,3
146.232510,-0.020229372,-11.600000,3
146.246675,-0.020516993,-11.620000,3
146.259988,-0.020804614,-11.640000,3
146.273715,-0.021092236,-11.660000,3
146.287909,-0.021475731,-11.680000,3
146.301625,-0.020996362,-11.700000,3
146.315409,-0.021475731,-11.720000,3
146.329749,-0.021571605,-11.740000,3
146.343925,-0.022434469,-11.760000,3
146.357271,-0.022530343,-11.780000,3
146.370996,-0.023009712,-11.800000,3
146.384477,-0.023105586,-11.820000,3
146.398000,-0.023489081,-11.840000,3
146.411624,-0.023776702,-11.860000,3
146.425117,-0.023968450,-11.880000,3
146.438778,-0.023776702,-11.900000,3
146.452519,-0.024351945,-11.920000,3
146.465773,-0.024735440,-11.940000,3
146.479506,-0.025023062,-11.960000,3
146.492917,-0.025502431,-11.980000,3
146.506240,-0.025310683,-12.000000,3
146.519756,-0.025885926,-12.020000,3
146.533697,-0.026077673,-12.040000,3
146.546900,-0.026365295,-12.060000,3
146.561907,-0.026652916,-12.080000,3
146.575508,-0.027132285,-12.100000,3
146.588973,-0.027228159,-12.120000,3
146.602669,-0.027515780,-12.140000,3
146.616526,-0.027707528,-12.160000,3
146.630027,-0.027995149,-12.180000,3
146.644218,-0.028858014,-12.200000,3
146.657806,-0.028666266,-12.220000,3
146.671808,-0.029433256,-12.240000,3
146.685989,-0.029241509,-12.260000,3
146.699961,-0.029912625,-12.280000,3
146.714227,-0.030200247,-12.300000,3
146.728853,-0.030487868,-12.320000,3
146.742303,-0.030967237,-12.340000,3
146.756877,-0.031063111,-12.360000,3
146.769979,-0.031542480,-12.380000,3
146.783999,-0.031638354,-12.400000,3
146.797675,-0.032405344,-12.420000,3
146.811576,-0.032501218,-12.440000,3
146.825252,-0.032884713,-12.460000,3
146.838739,-0.033172335,-12.480000,3
146.852858,-0.033939325,-12.500000,3
146.867097,-0.034226946,-12.520000,3
146.881087,-0.034418694,-12.540000,3
146.894462,-0.035089811,-12.560000,3
146.908465,-0.035473306,-12.580000,3
146.922364,-0.035665053,-12.600000,3
146.936036,-0.035952675,-12.620000,3
146.949726,-0.036240296,-12.640000,3
146.963242,-0.036911413,-12.660000,3
146.977096,-0.037199034,-12.680000,3
146.991165,-0.037678403,-12.700000,3
147.004747,-0.038157772,-12.720000,3
147.018554,-0.038637141,-12.740000,3
147.032257,-0.039020636,-12.760000,3
147.045923,-0.039787627,-12.780000,3
147.059436,-0.040266996,-12.800000,3
147.072836,-0.040458743,-12.820000,3
147.086033,-0.041225734,-12.840000,3
147.100174,-0.041225734,-12.860000,3
147.114218,-0.041705103,-12.880000,3
147.127801,-0.042184472,-12.900000,3
147.141480,-0.042376219,-12.920000,3
147.155514,-0.043334957,-12.940000,3
147.169406,-0.043622579,-12.960000,3
147.183468,-0.044197821,-12.980000,3
147.197255,-0.044677190,-13.000000,3
147.211383,-0.045060686,-13.020000,3
147.225101,-0.045444181,-13.040000,3
147.239335,-0.046019424,-13.060000,3
147.252833,-0.046690540,-13.080000,3
147.266560,-0.047169909,-13.100000,3
147.280657,-0.047553404,-13.120000,3
147.294879,-0.048320395,-13.140000,3
147.308613,-0.049087385,-13.160000,3
147.321936,-0.048991511,-13.180000,3
147.336206,-0.049758502,-13.200000,3
147.349541,-0.049758502,-13.220000,3
147.362989,-0.050621366,-13.240000,3
147.377388,-0.051004861,-13.260000,3
147.390879,-0.051771852,-13.280000,3
147.404662,-0.052059473,-13.300000,3
147.418360,-0.052730590,-13.320000,3
147.432300,-0.053018211,-13.340000,3
147.446254,-0.053401706,-13.360000,3
147.459875,-0.053976949,-13.380000,3
147.473919,-0.054456318,-13.400000,3
147.488350,-0.055223308,-13.420000,3
147.502284,-0.055319182,-13.440000,3
147.516302,-0.056182046,-13.460000,3
147.530571,-0.056277920,-13.480000,3
147.544665,-0.056469668,-13.500000,3
147.558995,-0.057236658,-13.520000,3
147.572620,-0.057716027,-13.540000,3
147.586898,-0.058483018,-13.560000,3
147.600601,-0.059154134,-13.580000,3
147.614741,-0.059729377,-13.600000,3
147.628082,-0.059825251,-13.620000,3
147.641804,-0.060688115,-13.640000,3
147.655506,-0.061455105,-13.660000,3
147.669122,-0.061838601,-13.680000,3
147.682905,-0.062509717,-13.700000,3
147.696961,-0.063180834,-13.720000,3
147.710875,-0.063564329,-13.740000,3
147.724515,-0.064427193,-13.760000,3
147.739141,-0.065098310,-13.780000,3
147.752748,-0.065577679,-13.800000,3
147.766297,-0.066440543,-13.820000,3
147.779890,-0.066728164,-13.840000,3
147.792597,-0.067782776,-13.860000,3
147.807117,-0.068358019,-13.880000,3
147.820704,-0.069220883,-13.900000,3
147.834615,-0.070083747,-13.920000,3
147.848859,-0.070946611,-13.940000,3
147.862459,-0.071809476,-13.960000,3
147.876374,-0.072959961,-13.980000,3
147.890215,-0.073822825,-14.000000,3
147.904178,-0.074589816,-14.020000,3
147.917872,-0.075644428,-14.040000,3
147.931388,-0.076794913,-14.060000,3
147.944885,-0.077370156,-14.080000,3
147.959172,-0.078904137,-14.100000,3
147.973036,-0.079862875,-14.120000,3
147.986376,-0.080821613,-14.140000,3
148.000066,-0.081684477,-14.160000,3
148.013869,-0.082739089,-14.180000,3
148.027110,-0.083601953,-14.200000,3
148.040727,-0.084368943,-14.220000,3
148.054080,-0.085327681,-14.240000,3
148.068175,-0.085807050,-14.260000,3
148.081600,-0.086669915,-14.280000,3
148.094784,-0.087820400,-14.300000,3
148.108741,-0.088012148,-14.320000,3
148.122155,-0.088779138,-14.340000,3
148.136230,-0.089162633,-14.360000,3
148.150407,-0.089546128,-14.380000,3
148.164525,-0.089929624,-14.400000,3
148.178523,-0.090696614,-14.420000,3
148.192677,-0.091367731,-14.440000,3
148.206465,-0.091463604,-14.460000,3
148.220474,-0.092326469,-14.480000,3
148.233920,-0.092518216,-14.500000,3
148.248048,-0.092709964,-14.520000,3
148.262189,-0.093764576,-14.540000,3
148.277282,-0.093668702,-14.560000,3
148.290499,-0.093860449,-14.580000,3
148.303524,-0.094148071,-14.600000,3
148.316901,-0.094819187,-14.620000,3
148.330320,-0.094531566,-14.640000,3
148.343379,-0.094723314,-14.660000,3
148.356910,-0.095490304,-14.680000,3
148.369959,-0.095298556,-14.700000,3
148.383122,-0.095969673,-14.720000,3
148.396299,-0.096161421,-14.740000,3
148.409825,-0.096257294,-14.760000,3
148.423538,-0.096832537,-14.780000,3
148.437659,-0.096640790,-14.800000,3
148.451256,-0.096640790,-14.820000,3
148.464775,-0.097216032,-14.840000,3
148.479087,-0.097311906,-14.860000,3
148.492716,-0.097407780,-14.880000,3
148.506739,-0.098078897,-14.900000,3
148.520711,-0.098366518,-14.920000,3
148.534649,-0.098462392,-14.940000,3
148.548424,-0.098270644,-14.960000,3
148.562316,-0.098558266,-14.980000,3
148.575952,-0.099037635,-15.000000,3
148.588939,-0.098941761,-15.020000,3
148.603264,-0.099421130,-15.040000,3
148.617125,-0.099708751,-15.060000,3
148.630794,-0.099900499,-15.080000,3
148.644829,-0.100188120,-15.100000,3
148.658804,-0.100283994,-15.120000,3
148.673139,-0.100475742,-15.140000,3
148.686536,-0.100955111,-15.160000,3
148.699893,-0.100955111,-15.180000,3
148.713488,-0.101050984,-15.200000,3
148.727150,-0.100859237,-15.220000,3
148.741034,-0.101050984,-15.240000,3
148.755128,-0.101338606,-15.260000,3
148.769062,-0.101817975,-15.280000,3
148.782936,-0.101338606,-15.300000,3
148.797300,-0.101817975,-15.320000,3
148.811640,-0.102201470,-15.340000,3
148.824830,-0.102489091,-15.360000,3
148.838693,-0.102680839,-15.380000,3
148.852200,-0.102872587,-15.400000,3
148.866853,-0.103064334,-15.420000,3
148.880865,-0.102872587,-15.440000,3
148.894531,-0.103160208,-15.460000,3
148.908407,-0.103256082,-15.480000,3
148.922238,-0.103735451,-15.500000,3
148.936404,-0.103735451,-15.520000,3
148.950296,-0.104023072,-15.540000,3
148.964058,-0.104310694,-15.560000,3
148.977790,-0.104310694,-15.580000,3
148.991010,-0.104694189,-15.600000,3
149.004785,-0.104790063,-15.620000,3
149.018159,-0.104790063,-15.640000,3
149.031752,-0.105077684,-15.660000,3
149.046377,-0.105269432,-15.680000,3
149.059647,-0.105365305,-15.700000,3
149.074190,-0.105652927,-15.720000,3
149.087987,-0.105557053,-15.740000,3
149.102571,-0.105748801,-15.760000,3
149.116847,-0.106515791,-15.780000,3
149.130876,-0.106324043,-15.800000,3
149.144106,-0.106419917,-15.820000,3
149.157539,-0.107091034,-15.840000,3
149.171165,-0.107091034,-15.860000,3
149.185137,-0.106899286,-15.880000,3
149.198936,-0.107091034,-15.900000,3
149.212559,-0.107570403,-15.920000,3
149.226742,-0.107666277,-15.940000,3
149.240476,-0.108145646,-15.960000,3
149.254332,-0.107953898,-15.980000,3
149.267793,-0.108049772,-16.000000,3
149.281098,-0.108529141,-16.020000,3
149.294776,-0.108720888,-16.040000,3
149.308298,-0.108912636,-16.060000,3
149.321624,-0.109392005,-16.080000,3
149.335519,-0.109487879,-16.100000,3
149.349276,-0.109871374,-16.120000,3
149.363031,-0.109871374,-16.140000,3
149.376820,-0.110063122,-16.160000,3
149.390953,-0.110063122,-16.180000,3
149.404611,-0.110350743,-16.200000,3
149.418258,-0.110542491,-16.220000,3
149.431490,-0.110542491,-16.240000,3
149.445224,-0.110734238,-16.260000,3
149.459430,-0.111309481,-16.280000,3
149.473134,-0.111597102,-16.300000,3
149.486849,-0.111980598,-16.320000,3
149.500629,-0.111597102,-16.340000,3
149.514548,-0.111692976,-16.360000,3
149.528740,-0.111884724,-16.380000,3
149.541975,-0.112172345,-16.400000,3
149.555408,-0.112364093,-16.420000,3
149.570127,-0.112555840,-16.440000,3
149.583632,-0.112747588,-16.460000,3
149.597449,-0.113035209,-16.480000,3
149.610779,-0.113322831,-16.500000,3
149.624099,-0.113418705,-16.520000,3
149.638040,-0.113514578,-16.540000,3
149.651816,-0.113993947,-16.560000,3
149.666146,-0.113993947,-16.580000,3
149.679933,-0.114377442,-16.600000,3
149.693795,-0.114281569,-16.620000,3
149.707825,-0.114473316,-16.640000,3
149.721489,-0.115144433,-16.660000,3
149.736555,-0.115336180,-16.680000,3
149.750267,-0.115336180,-16.700000,3
149.764281,-0.115911423,-16.720000,3
149.778350,-0.115719676,-16.740000,3
149.791903,-0.116199045,-16.760000,3
149.805678,-0.116486666,-16.780000,3
149.818751,-0.116486666,-16.800000,3
149.832703,-0.116390792,-16.820000,3
149.846164,-0.116870161,-16.840000,3
149.860066,-0.116582540,-16.860000,3
149.873800,-0.117061909,-16.880000,3
149.888220,-0.117828899,-16.900000,3
149.902072,-0.117541278,-16.920000,3
149.916400,-0.118212394,-16.940000,3
149.930293,-0.118212394,-16.960000,3
149.944446,-0.118691763,-16.980000,3
149.958266,-0.118595890,-17.000000,3
149.972601,-0.118979385,-17.020000,3
149.986110,-0.119171132,-17.040000,3
149.999582,-0.119650501,-17.060000,3
150.013887,-0.119075259,-17.080000,3
150.027375,-0.119650501,-17.100000,3
150.041138,-0.119938123,-17.120000,3
150.055375,-0.120417492,-17.140000,3
150.068917,-0.120609239,-17.160000,3
150.082721,-0.120513366,-17.180000,3
150.096920,-0.120896861,-17.200000,3
150.110741,-0.120705113,-17.220000,3
150.124928,-0.121472104,-17.240000,3
150.138297,-0.121663851,-17.260000,3
150.151923,-0.121759725,-17.280000,3
150.165383,-0.121951473,-17.300000,3
150.178878,-0.122622589,-17.320000,3
150.192220,-0.122430842,-17.340000,3
150.205990,-0.122622589,-17.360000,3
150.219342,-0.122718463,-17.380000,3
150.233042,-0.122718463,-17.400000,3
150.247397,-0.123677201,-17.420000,3
150.261054,-0.123677201,-17.440000,3
150.274715,-0.124252444,-17.460000,3
150.288874,-0.124252444,-17.480000,3
150.301941,-0.124540065,-17.500000,3
150.314907,-0.124540065,-17.520000,3
150.327906,-0.125115308,-17.540000,3
150.340851,-0.125307056,-17.560000,3
150.353875,-0.125402929,-17.580000,3
150.366791,-0.125402929,-17.600000,3
150.380054,-0.125594677,-17.620000,3
150.393460,-0.125594677,-17.640000,3
150.406769,-0.125978172,-17.660000,3
150.420099,-0.126361667,-17.680000,3
150.433354,-0.126841036,-17.700000,3
150.446486,-0.126649289,-17.720000,3
150.459712,-0.127128658,-17.740000,3
150.472803,-0.127512153,-17.760000,3
150.485966,-0.127320405,-17.780000,3
150.499490,-0.127703901,-17.800000,3
150.512730,-0.127895648,-17.820000,3
150.527081,-0.128279143,-17.840000,3
150.540944,-0.128375017,-17.860000,3
150.554682,-0.128470891,-17.880000,3
150.568438,-0.129333755,-17.900000,3
150.582901,-0.129142008,-17.920000,3
150.596252,-0.129525503,-17.940000,3
150.610498,-0.129525503,-17.960000,3
150.624214,-0.129142008,-17.980000,3
150.638146,-0.130292493,-18.000000,3
150.652197,-0.130004872,-18.020000,3
150.665931,-0.130675988,-18.040000,3
150.679838,-0.130484241,-18.060000,3
150.693548,-0.130867736,-18.080000,3
150.708470,-0.131059484,-18.100000,3
150.722225,-0.131155357,-18.120000,3
150.736288,-0.131442979,-18.140000,3
150.749958,-0.131922348,-18.160000,3
150.764069,-0.131922348,-18.180000,3
150.778085,-0.132497591,-18.200000,3
150.792123,-0.132305843,-18.220000,3
150.805910,-0.132881086,-18.240000,3
150.819768,-0.132881086,-18.260000,3
150.833428,-0.132976960,-18.280000,3
150.847543,-0.133456329,-18.300000,3
150.861760,-0.133456329,-18.320000,3
150.875308,-0.133360455,-18.340000,3
150.889385,-0.134031571,-18.360000,3
150.903834,-0.134127445,-18.380000,3
150.917839,-0.134319193,-18.400000,3
150.931611,-0.135182057,-18.420000,3
150.945775,-0.134990309,-18.440000,3
150.959411,-0.135277931,-18.460000,3
150.973177,-0.135086183,-18.480000,3
150.987525,-0.135565552,-18.500000,3
151.001300,-0.135661426,-18.520000,3
151.015228,-0.135661426,-18.540000,3
151.030061,-0.136236669,-18.560000,3
151.043671,-0.136428416,-18.580000,3
151.057122,-0.136428416,-18.600000,3
151.071038,-0.137099533,-18.620000,3
151.084372,-0.137195407,-18.640000,3
151.098187,-0.137674776,-18.660000,3
151.111734,-0.137866523,-18.680000,3
151.125218,-0.137578902,-18.700000,3
151.139477,-0.137962397,-18.720000,3
151.153584,-0.138250019,-18.740000,3
151.167629,-0.138154145,-18.760000,3
151.180959,-0.139400504,-18.780000,3
151.194631,-0.139496378,-18.800000,3
151.208413,-0.139208757,-18.820000,3
151.222368,-0.139688125,-18.840000,3
151.236814,-0.139975747,-18.860000,3
151.250007,-0.139975747,-18.880000,3
151.263668,-0.140263368,-18.900000,3
151.276999,-0.140742737,-18.920000,3
151.290845,-0.140934485,-18.940000,3
151.304772,-0.140550990,-18.960000,3
151.318306,-0.141413854,-18.980000,3
151.332474,-0.141413854,-19.000000,3
151.346658,-0.141701475,-19.020000,3
151.360379,-0.142180844,-19.040000,3
151.374146,-0.142372592,-19.060000,3
151.388134,-0.142756087,-19.080000,3
151.401855,-0.142947835,-19.100000,3
151.415365,-0.142947835,-19.120000,3
151.429350,-0.142851961,-19.140000,3
151.442611,-0.143523077,-19.160000,3
151.456287,-0.143331330,-19.180000,3
151.470445,-0.143810699,-19.200000,3
151.485013,-0.144098320,-19.220000,3
151.498947,-0.144290068,-19.240000,3
151.512935,-0.144769437,-19.260000,3
151.527738,-0.144769437,-19.280000,3
151.541764,-0.145440553,-19.300000,3
151.555046,-0.145440553,-19.320000,3
151.568906,-0.145440553,-19.340000,3
151.582247,-0.145728175,-19.360000,3
151.595688,-0.145728175,-19.380000,3
151.609503,-0.146015796,-19.400000,3
151.622519,-0.146399291,-19.420000,3
151.636131,-0.147262156,-19.440000,3
151.649749,-0.147262156,-19.460000,3
151.663410,-0.146782787,-19.480000,3
151.677146,-0.147741525,-19.500000,3
151.690913,-0.148220894,-19.520000,3
151.705377,-0.148220894,-19.540000,3
151.718753,-0.148220894,-19.560000,3
151.732629,-0.148316767,-19.580000,3
151.746784,-0.148508515,-19.600000,3
151.760533,-0.148700263,-19.620000,3
151.774597,-0.149083758,-19.640000,3
151.788557,-0.149179632,-19.660000,3
151.802038,-0.150042496,-19.680000,3
151.815871,-0.149850748,-19.700000,3
151.829528,-0.150234243,-19.720000,3
151.843612,-0.150330117,-19.740000,3
151.857174,-0.150330117,-19.760000,3
151.870373,-0.151192981,-19.780000,3
151.883768,-0.151288855,-19.800000,3
151.898230,-0.151480603,-19.820000,3
151.912065,-0.151576477,-19.840000,3
151.925936,-0.151864098,-19.860000,3
151.939755,-0.152247593,-19.880000,3
151.953489,-0.152343467,-19.900000,3
151.967241,-0.152439341,-19.920000,3
151.980682,-0.152822836,-19.940000,3
151.994463,-0.153206331,-19.960000,3
152.008815,-0.153493953,-19.980000,3
152.022396,-0.153589826,-20.000000,3
152.036374,-0.153973322,-20.000000,3
152.049902,-0.153589826,-19.980000,3
152.064406,-0.153781574,-19.960000,3
152.078136,-0.154452691,-19.940000,3
152.091975,-0.154260943,-19.920000,3
152.105912,-0.154260943,-19.900000,3
152.119411,-0.154069195,-19.880000,3
152.133043,-0.153877448,-19.860000,3
152.146532,-0.154069195,-19.840000,3
152.160871,-0.154165069,-19.820000,3
152.175025,-0.154260943,-19.800000,3
152.188772,-0.154165069,-19.780000,3
152.202089,-0.153973322,-19.760000,3
152.215336,-0.153781574,-19.740000,3
152.229092,-0.153877448,-19.720000,3
152.243107,-0.153973322,-19.700000,3
152.256472,-0.153589826,-19.680000,3
152.270250,-0.153973322,-19.660000,3
152.284213,-0.154069195,-19.640000,3
152.298485,-0.153781574,-19.620000,3
152.312420,-0.153973322,-19.600000,3
152.326245,-0.154260943,-19.580000,3
152.339982,-0.154069195,-19.560000,3
152.353626,-0.153973322,-19.540000,3
152.367149,-0.153781574,-19.520000,3
152.381542,-0.153877448,-19.500000,3
152.395244,-0.153589826,-19.480000,3
152.408976,-0.153589826,-19.460000,3
152.423090,-0.153398079,-19.440000,3
152.436684,-0.153685700,-19.420000,3
152.450906,-0.153685700,-19.400000,3
152.464446,-0.153589826,-19.380000,3
152.478283,-0.153589826,-19.360000,3
152.492067,-0.153781574,-19.340000,3
152.505899,-0.153398079,-19.320000,3
152.519748,-0.153110457,-19.300000,3
152.534129,-0.153877448,-19.280000,3
152.547531,-0.153493953,-19.260000,3
152.561184,-0.153014584,-19.240000,3
152.574864,-0.153014584,-19.220000,3
152.588343,-0.152918710,-19.200000,3
152.602541,-0.153302205,-19.180000,3
152.616325,-0.153398079,-19.160000,3
152.630337,-0.153014584,-19.140000,3
152.643854,-0.153302205,-19.120000,3
152.657694,-0.152918710,-19.100000,3
152.671102,-0.152918710,-19.080000,3
152.685439,-0.152439341,-19.060000,3
152.699235,-0.152439341,-19.040000,3
152.713146,-0.152726962,-19.020000,3
152.727521,-0.152726962,-19.000000,3
152.741450,-0.152822836,-18.980000,3
152.755859,-0.152535215,-18.960000,3
152.770127,-0.152343467,-18.940000,3
152.783716,-0.152439341,-18.920000,3
152.797028,-0.152151719,-18.900000,3
152.810971,-0.152343467,-18.880000,3
152.824971,-0.151959972,-18.860000,3
152.839353,-0.152055846,-18.840000,3
152.853108,-0.152343467,-18.820000,3
152.866203,-0.151672350,-18.800000,3
152.879835,-0.151959972,-18.780000,3
152.893859,-0.152151719,-18.760000,3
152.907880,-0.151672350,-18.740000,3
152.921495,-0.151864098,-18.720000,3
152.935584,-0.151768224,-18.700000,3
152.949449,-0.151576477,-18.680000,3
152.963113,-0.151576477,-18.660000,3
152.976651,-0.151864098,-18.640000,3
152.990575,-0.151672350,-18.620000,3
153.004578,-0.151192981,-18.600000,3
153.018576,-0.151576477,-18.580000,3
153.032670,-0.151192981,-18.560000,3
153.046312,-0.151480603,-18.540000,3
153.059848,-0.151001234,-18.520000,3
153.073495,-0.151384729,-18.500000,3
153.087166,-0.150809486,-18.480000,3
153.100764,-0.151001234,-18.460000,3
153.114205,-0.151097108,-18.440000,3
153.127848,-0.150905360,-18.420000,3
153.141394,-0.150521865,-18.400000,3
153.154866,-0.150617739,-18.380000,3
153.169039,-0.150521865,-18.360000,3
153.182157,-0.150425991,-18.340000,3
153.195638,-0.150713612,-18.320000,3
153.209282,-0.150234243,-18.300000,3
153.223134,-0.149946622,-18.280000,3
153.236512,-0.149946622,-18.260000,3
153.250354,-0.150138370,-18.240000,3
153.264171,-0.149563127,-18.220000,3
153.278517,-0.150425991,-18.200000,3
153.291762,-0.149754874,-18.180000,3
153.304877,-0.149467253,-18.160000,3
153.318135,-0.149659001,-18.140000,3
153.331318,-0.149754874,-18.120000,3
153.344876,-0.149563127,-18.100000,3
153.358516,-0.149659001,-18.080000,3
153.372128,-0.149083758,-18.060000,3
153.385453,-0.149371379,-18.040000,3
153.399057,-0.149371379,-18.020000,3
153.412899,-0.149179632,-18.000000,3
153.426667,-0.148987884,-17.980000,3
153.440379,-0.149083758,-17.960000,3
153.454340,-0.148987884,-17.940000,3
153.467830,-0.148412641,-17.920000,3
153.481741,-0.148987884,-17.900000,3
153.495553,-0.149179632,-17.880000,3
153.509886,-0.148796136,-17.860000,3
153.523562,-0.148412641,-17.840000,3
153.536816,-0.149083758,-17.820000,3
153.550677,-0.148604389,-17.800000,3
153.564999,-0.148220894,-17.780000,3
153.578991,-0.147933272,-17.760000,3
153.593054,-0.147933272,-17.740000,3
153.607327,-0.147837398,-17.720000,3
153.620973,-0.147837398,-17.700000,3
153.634581,-0.148125020,-17.680000,3
153.648595,-0.147549777,-17.660000,3
153.662360,-0.147837398,-17.640000,3
153.675913,-0.148125020,-17.620000,3
153.689958,-0.147645651,-17.600000,3
153.703861,-0.147933272,-17.580000,3
153.717377,-0.147741525,-17.560000,3
153.731136,-0.147166282,-17.540000,3
153.744862,-0.146878660,-17.520000,3
153.758555,-0.147070408,-17.500000,3
153.772354,-0.147358029,-17.480000,3
153.786305,-0.147070408,-17.460000,3
153.799685,-0.146974534,-17.440000,3
153.813549,-0.146878660,-17.420000,3
153.827096,-0.146782787,-17.400000,3
153.840897,-0.146686913,-17.380000,3
153.856558,-0.146495165,-17.360000,3
153.870649,-0.146686913,-17.340000,3
153.884286,-0.146015796,-17.320000,3
153.899019,-0.146015796,-17.300000,3
153.912735,-0.146495165,-17.280000,3
153.926548,-0.146495165,-17.260000,3
153.940112,-0.146303418,-17.240000,3
153.953831,-0.146015796,-17.220000,3
153.967466,-0.146111670,-17.200000,3
153.980944,-0.145536427,-17.180000,3
153.994954,-0.145824049,-17.160000,3
154.009075,-0.145440553,-17.140000,3
154.022486,-0.145440553,-17.120000,3
154.035810,-0.145344680,-17.100000,3
154.049334,-0.145152932,-17.080000,3
154.063658,-0.145632301,-17.060000,3
154.077950,-0.145344680,-17.040000,3
154.091522,-0.144961184,-17.020000,3
154.105276,-0.145057058,-17.000000,3
154.119122,-0.144865311,-16.980000,3
154.133036,-0.144865311,-16.960000,3
154.146840,-0.145057058,-16.940000,3
154.160923,-0.144577689,-16.920000,3
154.174770,-0.144290068,-16.900000,3
154.189686,-0.144769437,-16.880000,3
154.203448,-0.144385942,-16.860000,3
154.217319,-0.143810699,-16.840000,3
154.230984,-0.144194194,-16.820000,3
154.244780,-0.144194194,-16.800000,3
154.258373,-0.144290068,-16.780000,3
154.272106,-0.144002446,-16.760000,3
154.285991,-0.143810699,-16.740000,3
154.299654,-0.143714825,-16.720000,3
154.313811,-0.143139582,-16.700000,3
154.327498,-0.143331330,-16.680000,3
154.341244,-0.143427204,-16.660000,3
154.355119,-0.143331330,-16.640000,3
154.368210,-0.143235456,-16.620000,3
154.382555,-0.143618951,-16.600000,3
154.396398,-0.143235456,-16.580000,3
154.410294,-0.142756087,-16.560000,3
154.423820,-0.142947835,-16.540000,3
154.436749,-0.142947835,-16.520000,3
154.450626,-0.142947835,-16.500000,3
154.464586,-0.142564339,-16.480000,3
154.478258,-0.142660213,-16.460000,3
154.491698,-0.142276718,-16.440000,3
154.505482,-0.141989097,-16.420000,3
154.519411,-0.141893223,-16.400000,3
154.533455,-0.142084970,-16.380000,3
154.547601,-0.142372592,-16.360000,3
154.561956,-0.142276718,-16.340000,3
154.575714,-0.141893223,-16.320000,3
154.589920,-0.141605601,-16.300000,3
154.603900,-0.141509728,-16.280000,3
154.617527,-0.141893223,-16.260000,3
154.631097,-0.141509728,-16.240000,3
154.645045,-0.141126232,-16.220000,3
154.658897,-0.141413854,-16.200000,3
154.672275,-0.141317980,-16.180000,3
154.685964,-0.140838611,-16.160000,3
154.699682,-0.140838611,-16.140000,3
154.713946,-0.140934485,-16.120000,3
154.727735,-0.140263368,-16.100000,3
154.741791,-0.140550990,-16.080000,3
154.755478,-0.140646863,-16.060000,3
154.769334,-0.140742737,-16.040000,3
154.783618,-0.140455116,-16.020000,3
154.797061,-0.140455116,-16.000000,3
154.810885,-0.140263368,-15.980000,3
154.824648,-0.140263368,-15.960000,3
154.838089,-0.140263368,-15.940000,3
154.852035,-0.140167494,-15.920000,3
154.866172,-0.139688125,-15.900000,3
154.879396,-0.139975747,-15.880000,3
154.892893,-0.139496378,-15.860000,3
154.906422,-0.139592252,-15.840000,3
154.920165,-0.139592252,-15.820000,3
154.933640,-0.139112883,-15.800000,3
154.947559,-0.139688125,-15.780000,3
154.960695,-0.138921135,-15.760000,3
154.974533,-0.139400504,-15.740000,3
154.987982,-0.139400504,-15.720000,3
155.001151,-0.139017009,-15.700000,3
155.014811,-0.138921135,-15.680000,3
155.028030,-0.138345892,-15.660000,3
155.041689,-0.138537640,-15.640000,3
155.055394,-0.138345892,-15.620000,3
155.069605,-0.138441766,-15.600000,3
155.083326,-0.138441766,-15.580000,3
155.096991,-0.138154145,-15.560000,3
155.110959,-0.138154145,-15.540000,3
155.124505,-0.138250019,-15.520000,3
155.138252,-0.137962397,-15.500000,3
155.152074,-0.137770650,-15.480000,3
155.166165,-0.137674776,-15.460000,3
155.179927,-0.137578902,-15.440000,3
155.193731,-0.137770650,-15.420000,3
155.207855,-0.137483028,-15.400000,3
155.221747,-0.137195407,-15.380000,3
155.235253,-0.136907785,-15.360000,3
155.249154,-0.137099533,-15.340000,3
155.262611,-0.136716038,-15.320000,3
155.276638,-0.136811912,-15.300000,3
155.290850,-0.136907785,-15.280000,3
155.304521,-0.136620164,-15.260000,3
155.318161,-0.136907785,-15.240000,3
155.331964,-0.136428416,-15.220000,3
155.345284,-0.136236669,-15.200000,3
155.359133,-0.136332543,-15.180000,3
155.374070,-0.135853174,-15.160000,3
155.387622,-0.136044921,-15.140000,3
155.400867,-0.136236669,-15.120000,3
155.414841,-0.135469678,-15.100000,3
155.428270,-0.135565552,-15.080000,3
155.441685,-0.135853174,-15.060000,3
155.455766,-0.136044921,-15.040000,3
155.469270,-0.135469678,-15.020000,3
155.483168,-0.135277931,-15.000000,3
155.496828,-0.135277931,-14.980000,3
155.510665,-0.135277931,-14.960000,3
155.524541,-0.135373805,-14.940000,3
155.538791,-0.134798562,-14.920000,3
155.552707,-0.135277931,-14.900000,3
155.566552,-0.134798562,-14.880000,3
155.580736,-0.134606814,-14.860000,3
155.594751,-0.134223319,-14.840000,3
155.608573,-0.134510940,-14.820000,3
155.623016,-0.134127445,-14.800000,3
155.636677,-0.134415067,-14.780000,3
155.650543,-0.134415067,-14.760000,3
155.664541,-0.133935698,-14.740000,3
155.678468,-0.133839824,-14.720000,3
155.692040,-0.133839824,-14.700000,3
155.705493,-0.133839824,-14.680000,3
155.719708,-0.133648076,-14.660000,3
155.733600,-0.133648076,-14.640000,3
155.746843,-0.133168707,-14.620000,3
155.760287,-0.133552202,-14.600000,3
155.774169,-0.132881086,-14.580000,3
155.788260,-0.132881086,-14.560000,3
155.801900,-0.132785212,-14.540000,3
155.815756,-0.132785212,-14.520000,3
155.830284,-0.132305843,-14.500000,3
155.843503,-0.132497591,-14.480000,3
155.857137,-0.132497591,-14.460000,3
155.871466,-0.132497591,-14.440000,3
155.884833,-0.132785212,-14.420000,3
155.899071,-0.132305843,-14.400000,3
155.912955,-0.132305843,-14.380000,3
155.926491,-0.132401717,-14.360000,3
155.939982,-0.132401717,-14.340000,3
155.954503,-0.131634726,-14.320000,3
155.968333,-0.131347105,-14.300000,3
155.982212,-0.132018222,-14.280000,3
155.996132,-0.131442979,-14.260000,3
156.009767,-0.131347105,-14.240000,3
156.023232,-0.131826474,-14.220000,3
156.036964,-0.131251231,-14.200000,3
156.050558,-0.130867736,-14.180000,3
156.064446,-0.130867736,-14.160000,3
156.078269,-0.130867736,-14.140000,3
156.092814,-0.130580115,-14.120000,3
156.106575,-0.130963610,-14.100000,3
156.120649,-0.130580115,-14.080000,3
156.134626,-0.130484241,-14.060000,3
156.149291,-0.130484241,-14.040000,3
156.162664,-0.130292493,-14.020000,3
156.176660,-0.130196619,-14.000000,3
156.190299,-0.129908998,-13.980000,3
156.204231,-0.129813124,-13.960000,3
156.218132,-0.130100746,-13.940000,3
156.231897,-0.129813124,-13.920000,3
156.246396,-0.129525503,-13.900000,3
156.260286,-0.129813124,-13.880000,3
156.273972,-0.129525503,-13.860000,3
156.288494,-0.129429629,-13.840000,3
156.302235,-0.129142008,-13.820000,3
156.315980,-0.129142008,-13.800000,3
156.329732,-0.129142008,-13.780000,3
156.343527,-0.129142008,-13.760000,3
156.357510,-0.128854386,-13.740000,3
156.371448,-0.128854386,-13.720000,3
156.384890,-0.128566765,-13.700000,3
156.398772,-0.128662639,-13.680000,3
156.412766,-0.128375017,-13.660000,3
156.426157,-0.128470891,-13.640000,3
156.440210,-0.128375017,-13.620000,3
156.453873,-0.128087396,-13.600000,3
156.467519,-0.128087396,-13.580000,3
156.480789,-0.127703901,-13.560000,3
156.494305,-0.127991522,-13.540000,3
156.508131,-0.127799774,-13.520000,3
156.521575,-0.127799774,-13.500000,3
156.535165,-0.127512153,-13.480000,3
156.548764,-0.127608027,-13.460000,3
156.562202,-0.127128658,-13.440000,3
156.576288,-0.127128658,-13.420000,3
156.589597,-0.127224532,-13.400000,3
156.602581,-0.127224532,-13.380000,3
156.617063,-0.126553415,-13.360000,3
156.630443,-0.126936910,-13.340000,3
156.643437,-0.126745163,-13.320000,3
156.657448,-0.126169920,-13.300000,3
156.670870,-0.126553415,-13.280000,3
156.684626,-0.126457541,-13.260000,3
156.697908,-0.126169920,-13.240000,3
156.711560,-0.126745163,-13.220000,3
156.725838,-0.126074046,-13.200000,3
156.738996,-0.126169920,-13.180000,3
156.753805,-0.125882298,-13.160000,3
156.768329,-0.125690551,-13.140000,3
156.782241,-0.125882298,-13.120000,3
156.795740,-0.125594677,-13.100000,3
156.810002,-0.125498803,-13.080000,3
156.823433,-0.125402929,-13.060000,3
156.837536,-0.124827687,-13.040000,3
156.851814,-0.124827687,-13.020000,3
156.865220,-0.124923560,-13.000000,3
156.879456,-0.124827687,-12.980000,3
156.892952,-0.124540065,-12.960000,3
156.906661,-0.124252444,-12.940000,3
156.920401,-0.124540065,-12.920000,3
156.934170,-0.124444191,-12.900000,3
156.947809,-0.124635939,-12.880000,3
156.961555,-0.124156570,-12.860000,3
156.975516,-0.124444191,-12.840000,3
156.989197,-0.124060696,-12.820000,3
157.002902,-0.124060696,-12.800000,3
157.016391,-0.123868949,-12.780000,3
157.030088,-0.123677201,-12.760000,3
157.043826,-0.123773075,-12.740000,3
157.057896,-0.123389580,-12.720000,3
157.072273,-0.123677201,-12.700000,3
157.085819,-0.123293706,-12.680000,3
157.099048,-0.123101958,-12.660000,3
157.112200,-0.122526715,-12.640000,3
157.126038,-0.123006084,-12.620000,3
157.140059,-0.122718463,-12.600000,3
157.153691,-0.122622589,-12.580000,3
157.167886,-0.122239094,-12.560000,3
157.182025,-0.122239094,-12.540000,3
157.195415,-0.122430842,-12.520000,3
157.208682,-0.122334968,-12.500000,3
157.222296,-0.122047346,-12.480000,3
157.235458,-0.122047346,-12.460000,3
157.250056,-0.121376230,-12.440000,3
157.263774,-0.121472104,-12.420000,3
157.277484,-0.121663851,-12.400000,3
157.290690,-0.121184482,-12.380000,3
157.304100,-0.120896861,-12.360000,3
157.317851,-0.121184482,-12.340000,3
157.331241,-0.120896861,-12.320000,3
157.344759,-0.120896861,-12.300000,3
157.358143,-0.120705113,-12.280000,3
157.372229,-0.120896861,-12.260000,3
157.386154,-0.120513366,-12.240000,3
157.400550,-0.120609239,-12.220000,3
157.414705,-0.120033997,-12.200000,3
157.428180,-0.120609239,-12.180000,3
157.442086,-0.120033997,-12.160000,3
157.455541,-0.120033997,-12.140000,3
157.469179,-0.120225744,-12.120000,3
157.483004,-0.119554628,-12.100000,3
157.496665,-0.119458754,-12.080000,3
157.510650,-0.119938123,-12.060000,3
157.525721,-0.119075259,-12.040000,3
157.539725,-0.119075259,-12.020000,3
157.553075,-0.118787637,-12.000000,3
157.566449,-0.118979385,-11.980000,3
157.580711,-0.119075259,-11.960000,3
157.594677,-0.118787637,-11.940000,3
157.608516,-0.118595890,-11.920000,3
157.622703,-0.118595890,-11.900000,3
157.637014,-0.118116521,-11.880000,3
157.651262,-0.118500016,-11.860000,3
157.664365,-0.118500016,-11.840000,3
157.678349,-0.118212394,-11.820000,3
157.691412,-0.118787637,-11.800000,3
157.705278,-0.118212394,-11.780000,3
157.718727,-0.118020647,-11.760000,3
157.732546,-0.117541278,-11.740000,3
157.746273,-0.117637152,-11.720000,3
157.760023,-0.117733025,-11.700000,3
157.775086,-0.117157783,-11.680000,3
157.789436,-0.117061909,-11.660000,3
157.803152,-0.116966035,-11.640000,3
157.816658,-0.117157783,-11.620000,3
157.830188,-0.117157783,-11.600000,3
157.844064,-0.116582540,-11.580000,3
157.858018,-0.116582540,-11.560000,3
157.871804,-0.116582540,-11.540000,3
157.885093,-0.116294918,-11.520000,3
157.898762,-0.116774287,-11.500000,3
157.912412,-0.116199045,-11.480000,3
157.925862,-0.116007297,-11.460000,3
157.939329,-0.116103171,-11.440000,3
157.952843,-0.115623802,-11.420000,3
157.966911,-0.115432054,-11.400000,3
157.981005,-0.115432054,-11.380000,3
157.994684,-0.114952685,-11.360000,3
158.007958,-0.115432054,-11.340000,3
158.021899,-0.114952685,-11.320000,3
158.035602,-0.115240307,-11.300000,3
158.049900,-0.115144433,-11.280000,3
158.064098,-0.114569190,-11.260000,3
158.078058,-0.114569190,-11.240000,3
158.091530,-0.114569190,-11.220000,3
158.105514,-0.114760938,-11.200000,3
158.118991,-0.114185695,-11.180000,3
158.132469,-0.114377442,-11.160000,3
158.146412,-0.114185695,-11.140000,3
158.160603,-0.114281569,-11.120000,3
158.174048,-0.113802200,-11.100000,3
158.188209,-0.114089821,-11.080000,3
158.201866,-0.113802200,-11.060000,3
158.216044,-0.113514578,-11.040000,3
158.229597,-0.113706326,-11.020000,3
158.243472,-0.113226957,-11.000000,3
158.257591,-0.113035209,-10.980000,3
158.271477,-0.112939336,-10.960000,3
158.285590,-0.112939336,-10.940000,3
158.298939,-0.112651714,-10.920000,3
158.311949,-0.112651714,-10.900000,3
158.324882,-0.112555840,-10.880000,3
158.337790,-0.112268219,-10.860000,3
158.351589,-0.112268219,-10.840000,3
158.365601,-0.112172345,-10.820000,3
158.379094,-0.112172345,-10.800000,3
158.391885,-0.111788850,-10.780000,3
158.406141,-0.112076471,-10.760000,3
158.420295,-0.111884724,-10.740000,3
158.434032,-0.111501229,-10.720000,3
158.446942,-0.111309481,-10.700000,3
158.460813,-0.111213607,-10.680000,3
158.474081,-0.111117733,-10.660000,3
158.487792,-0.111021860,-10.640000,3
158.502087,-0.111117733,-10.620000,3
158.515634,-0.111117733,-10.600000,3
158.528919,-0.110830112,-10.580000,3
158.542654,-0.110350743,-10.560000,3
158.556782,-0.111021860,-10.540000,3
158.570265,-0.110734238,-10.520000,3
158.583689,-0.110063122,-10.500000,3
158.597268,-0.110063122,-10.480000,3
158.610677,-0.109967248,-10.460000,3
158.623981,-0.110254869,-10.440000,3
158.637691,-0.109583753,-10.420000,3
158.651134,-0.109871374,-10.400000,3
158.664744,-0.109583753,-10.380000,3
158.679216,-0.109392005,-10.360000,3
158.693239,-0.109200257,-10.340000,3
158.706921,-0.109008510,-10.320000,3
158.721186,-0.109008510,-10.300000,3
158.734765,-0.108912636,-10.280000,3
158.748502,-0.108720888,-10.260000,3
158.762243,-0.108625015,-10.240000,3
158.776618,-0.108720888,-10.220000,3
158.790527,-0.108145646,-10.200000,3
158.804320,-0.108241519,-10.180000,3
158.818389,-0.108433267,-10.160000,3
158.831878,-0.108145646,-10.140000,3
158.845405,-0.107762150,-10.120000,3
158.858815,-0.108049772,-10.100000,3
158.872311,-0.107666277,-10.080000,3
158.886137,-0.107666277,-10.060000,3
158.899769,-0.107474529,-10.040000,3
158.913588,-0.107570403,-10.020000,3
158.927651,-0.107666277,-10.000000,3
158.941499,-0.107378655,-9.980000,3
158.955322,-0.106803412,-9.960000,3
158.969115,-0.106899286,-9.940000,3
158.983147,-0.106995160,-9.920000,3
158.996704,-0.106803412,-9.900000,3
159.010183,-0.106419917,-9.880000,3
159.024351,-0.106707539,-9.860000,3
159.038060,-0.106419917,-9.840000,3
159.052152,-0.105748801,-9.820000,3
159.065813,-0.106036422,-9.800000,3
159.079748,-0.106132296,-9.780000,3
159.093070,-0.106132296,-9.760000,3
159.106936,-0.106036422,-9.740000,3
159.120591,-0.105748801,-9.720000,3
159.134385,-0.105748801,-9.700000,3
159.148330,-0.105844674,-9.680000,3
159.161802,-0.105461179,-9.660000,3
159.175474,-0.104885936,-9.640000,3
159.189673,-0.105365305,-9.620000,3
159.203113,-0.104790063,-9.600000,3
159.216901,-0.104694189,-9.580000,3
159.230785,-0.104214820,-9.560000,3
159.244816,-0.104214820,-9.540000,3
159.258787,-0.104502441,-9.520000,3
159.272890,-0.103927198,-9.500000,3
159.286894,-0.103927198,-9.480000,3
159.300324,-0.104214820,-9.460000,3
159.314168,-0.103927198,-9.440000,3
159.327781,-0.104023072,-9.420000,3
159.340902,-0.103447829,-9.400000,3
159.354637,-0.103351956,-9.380000,3
159.368165,-0.103351956,-9.360000,3
159.381821,-0.103256082,-9.340000,3
159.395718,-0.102968460,-9.320000,3
159.408936,-0.102872587,-9.300000,3
159.422397,-0.103064334,-9.280000,3
159.435855,-0.102776713,-9.260000,3
159.449529,-0.102680839,-9.240000,3
159.463147,-0.102489091,-9.220000,3
159.477509,-0.102776713,-9.200000,3
159.491668,-0.102872587,-9.180000,3
159.505421,-0.102297344,-9.160000,3
159.519422,-0.101913849,-9.140000,3
159.533069,-0.101817975,-9.120000,3
159.546876,-0.101913849,-9.100000,3
159.560482,-0.101434480,-9.080000,3
159.574821,-0.101338606,-9.060000,3
159.589002,-0.101338606,-9.040000,3
159.602813,-0.101146858,-9.020000,3
159.617106,-0.101242732,-9.000000,3
159.631577,-0.100955111,-8.980000,3
159.645238,-0.101050984,-8.960000,3
159.658922,-0.100763363,-8.940000,3
159.672926,-0.100475742,-8.920000,3
159.686794,-0.100667489,-8.900000,3
159.700337,-0.100955111,-8.880000,3
159.714552,-0.100379868,-8.860000,3
159.728811,-0.100571615,-8.840000,3
159.742700,-0.100188120,-8.820000,3
159.755940,-0.100188120,-8.800000,3
159.769471,-0.099900499,-8.780000,3
159.782982,-0.099421130,-8.760000,3
159.796836,-0.099708751,-8.740000,3
159.810515,-0.099325256,-8.720000,3
159.824561,-0.099325256,-8.700000,3
159.838286,-0.099325256,-8.680000,3
159.852511,-0.098845887,-8.660000,3
159.866006,-0.098941761,-8.640000,3
159.880015,-0.098941761,-8.620000,3
159.893808,-0.098558266,-8.600000,3
159.907876,-0.098366518,-8.580000,3
159.921602,-0.098174770,-8.560000,3
159.935345,-0.098366518,-8.540000,3
159.948815,-0.097887149,-8.520000,3
159.962671,-0.098366518,-8.500000,3
159.976391,-0.097983023,-8.480000,3
159.990119,-0.097599528,-8.460000,3
160.003941,-0.097791275,-8.440000,3
160.017601,-0.097599528,-8.420000,3
160.031550,-0.097599528,-8.400000,3
160.045317,-0.097024285,-8.380000,3
160.058677,-0.097407780,-8.360000,3
160.072869,-0.097120159,-8.340000,3
160.087266,-0.096928411,-8.320000,3
160.101603,-0.096832537,-8.300000,3
160.115416,-0.096928411,-8.280000,3
160.128923,-0.096257294,-8.260000,3
160.142935,-0.096257294,-8.240000,3
160.156490,-0.096544916,-8.220000,3
160.170795,-0.096353168,-8.200000,3
160.184290,-0.096161421,-8.180000,3
160.197949,-0.095682052,-8.160000,3
160.212035,-0.095586178,-8.140000,3
160.225193,-0.095873799,-8.120000,3
160.238876,-0.095682052,-8.100000,3
160.253007,-0.095586178,-8.080000,3
160.266628,-0.095394430,-8.060000,3
160.280830,-0.095106809,-8.040000,3
160.294416,-0.095010935,-8.020000,3
160.309269,-0.094915061,-8.000000,3
160.323925,-0.095010935,-7.980000,3
160.337683,-0.095106809,-7.960000,3
160.351339,-0.094243945,-7.940000,3
160.364675,-0.094339818,-7.920000,3
160.378342,-0.093956323,-7.900000,3
160.393574,-0.094243945,-7.880000,3
160.406960,-0.094148071,-7.860000,3
160.420888,-0.093860449,-7.840000,3
160.434850,-0.093956323,-7.820000,3
160.448393,-0.093572828,-7.800000,3
160.462299,-0.093956323,-7.780000,3
160.476021,-0.093572828,-7.760000,3
160.489889,-0.093572828,-7.740000,3
160.504072,-0.093476954,-7.720000,3
160.517637,-0.093476954,-7.700000,3
160.531664,-0.092805838,-7.680000,3
160.545304,-0.092901711,-7.660000,3
160.558630,-0.092805838,-7.640000,3
160.572984,-0.092805838,-7.620000,3
160.586605,-0.092518216,-7.600000,3
160.600039,-0.092614090,-7.580000,3
160.614476,-0.091942973,-7.560000,3
160.627987,-0.091751226,-7.540000,3
160.641947,-0.092038847,-7.520000,3
160.656178,-0.091751226,-7.500000,3
160.669824,-0.091847100,-7.480000,3
160.683405,-0.091271857,-7.460000,3
160.696675,-0.091367731,-7.440000,3
160.710183,-0.091271857,-7.420000,3
160.723338,-0.091271857,-7.400000,3
160.736637,-0.090984235,-7.380000,3
160.750311,-0.090984235,-7.360000,3
160.763695,-0.090792488,-7.340000,3
160.776795,-0.090600740,-7.320000,3
160.790524,-0.090696614,-7.300000,3
160.804286,-0.090408993,-7.280000,3
160.817951,-0.090408993,-7.260000,3
160.831669,-0.089737876,-7.240000,3
160.845839,-0.089737876,-7.220000,3
160.859974,-0.090121371,-7.200000,3
160.873855,-0.090025497,-7.180000,3
160.887313,-0.089737876,-7.160000,3
160.900610,-0.089642002,-7.140000,3
160.913750,-0.089066759,-7.120000,3
160.927059,-0.089162633,-7.100000,3
160.940525,-0.088970886,-7.080000,3
160.954194,-0.089258507,-7.060000,3
160.967866,-0.088779138,-7.040000,3
160.981850,-0.088875012,-7.020000,3
160.995970,-0.088395643,-7.000000,3
161.009466,-0.088299769,-6.980000,3
161.023442,-0.088299769,-6.960000,3
161.037369,-0.088012148,-6.940000,3
161.051372,-0.087916274,-6.920000,3
161.065426,-0.087916274,-6.900000,3
161.078894,-0.087628653,-6.880000,3
161.092876,-0.087436905,-6.860000,3
161.106807,-0.087820400,-6.840000,3
161.120821,-0.087341031,-6.820000,3
161.134491,-0.087436905,-6.800000,3
161.148449,-0.087724526,-6.780000,3
161.162320,-0.087149284,-6.760000,3
161.176312,-0.086765788,-6.740000,3
161.189792,-0.086861662,-6.720000,3
161.203547,-0.086765788,-6.700000,3
161.217080,-0.086574041,-6.680000,3
161.230359,-0.086478167,-6.660000,3
161.243968,-0.086382293,-6.640000,3
161.258059,-0.086190546,-6.620000,3
161.271686,-0.085807050,-6.600000,3
161.285074,-0.085519429,-6.580000,3
161.299104,-0.085902924,-6.560000,3
161.313022,-0.085615303,-6.540000,3
161.326556,-0.085231808,-6.520000,3
161.340618,-0.085519429,-6.500000,3
161.354185,-0.085327681,-6.480000,3
161.367968,-0.084944186,-6.460000,3
161.383468,-0.085135934,-6.440000,3
161.396834,-0.084752439,-6.420000,3
161.410741,-0.084464817,-6.400000,3
161.424473,-0.084560691,-6.380000,3
161.438452,-0.083985448,-6.360000,3
161.452396,-0.084177196,-6.340000,3
161.466585,-0.083889574,-6.320000,3
161.480453,-0.083697827,-6.300000,3
161.494253,-0.083506079,-6.280000,3
161.508116,-0.083697827,-6.260000,3
161.522038,-0.083410205,-6.240000,3
161.536258,-0.083314332,-6.220000,3
161.549981,-0.082930836,-6.200000,3
161.563871,-0.082547341,-6.180000,3
161.578108,-0.082643215,-6.160000,3
161.591857,-0.082643215,-6.140000,3
161.605510,-0.082451467,-6.120000,3
161.620164,-0.082355594,-6.100000,3
161.634006,-0.082643215,-6.080000,3
161.647544,-0.081972098,-6.060000,3
161.661873,-0.081684477,-6.040000,3
161.675799,-0.081972098,-6.020000,3
161.689409,-0.081588603,-6.000000,3
161.702945,-0.081492729,-5.980000,3
161.717075,-0.081492729,-5.960000,3
161.730433,-0.081109234,-5.940000,3
161.744190,-0.080725739,-5.920000,3
161.757996,-0.080629865,-5.900000,3
161.771931,-0.080725739,-5.880000,3
161.785487,-0.080342244,-5.860000,3
161.799281,-0.080054622,-5.840000,3
161.812647,-0.080246370,-5.820000,3
161.826111,-0.079958749,-5.800000,3
161.840814,-0.079479380,-5.780000,3
161.854949,-0.079671127,-5.760000,3
161.868591,-0.079191758,-5.740000,3
161.882802,-0.079191758,-5.720000,3
161.896936,-0.079575253,-5.700000,3
161.909937,-0.078616515,-5.680000,3
161.923944,-0.078712389,-5.660000,3
161.937801,-0.078424768,-5.640000,3
161.951462,-0.078233020,-5.620000,3
161.964985,-0.078137146,-5.600000,3
161.978937,-0.078041273,-5.580000,3
161.992633,-0.078137146,-5.560000,3
162.006616,-0.077657777,-5.540000,3
162.020525,-0.077753651,-5.520000,3
162.034565,-0.077274282,-5.500000,3
162.048808,-0.076603166,-5.480000,3
162.062651,-0.077178408,-5.460000,3
162.076242,-0.076699039,-5.440000,3
162.090275,-0.076315544,-5.420000,3
162.104020,-0.076219670,-5.400000,3
162.117764,-0.076123797,-5.380000,3
162.131366,-0.076123797,-5.360000,3
162.145190,-0.075644428,-5.340000,3
162.158829,-0.075548554,-5.320000,3
162.172450,-0.075644428,-5.300000,3
162.186386,-0.075260932,-5.280000,3
162.200480,-0.075356806,-5.260000,3
162.214032,-0.074973311,-5.240000,3
162.227823,-0.074877437,-5.220000,3
162.241662,-0.074589816,-5.200000,3
162.255098,-0.073822825,-5.180000,3
162.269205,-0.073918699,-5.160000,3
162.283027,-0.073535204,-5.140000,3
162.296176,-0.073343456,-5.120000,3
162.310390,-0.073343456,-5.100000,3
162.324521,-0.073151709,-5.080000,3
162.338409,-0.072768214,-5.060000,3
162.352622,-0.072672340,-5.040000,3
162.366858,-0.072097097,-5.020000,3
162.380515,-0.072672340,-5.000000,3
162.393982,-0.072384718,-4.980000,3
162.408015,-0.072192971,-4.960000,3
162.421761,-0.072001223,-4.940000,3
162.435246,-0.071617728,-4.920000,3
162.449416,-0.071425980,-4.900000,3
162.463108,-0.071713602,-4.880000,3
162.476411,-0.071138359,-4.860000,3
162.490062,-0.070946611,-4.840000,3
162.503871,-0.070467242,-4.820000,3
162.517324,-0.070467242,-4.800000,3
162.530934,-0.069892000,-4.780000,3
162.544235,-0.069892000,-4.760000,3
162.557628,-0.070083747,-4.740000,3
162.574899,-0.069796126,-4.720000,3
162.587672,-0.069700252,-4.700000,3
162.602040,-0.069316757,-4.680000,3
162.615746,-0.068741514,-4.660000,3
162.628946,-0.068933262,-4.640000,3
162.642503,-0.068741514,-4.620000,3
162.656178,-0.068645640,-4.600000,3
162.670158,-0.068358019,-4.580000,3
162.683516,-0.068166271,-4.560000,3
162.696975,-0.067591028,-4.540000,3
162.711100,-0.067399281,-4.520000,3
162.724972,-0.067399281,-4.500000,3
162.738817,-0.067399281,-4.480000,3
162.752898,-0.067207533,-4.460000,3
162.766921,-0.067015786,-4.440000,3
162.780820,-0.066824038,-4.420000,3
162.794167,-0.066344669,-4.400000,3
162.807891,-0.066344669,-4.380000,3
162.821423,-0.066152921,-4.360000,3
162.835257,-0.065865300,-4.340000,3
162.848746,-0.065769426,-4.320000,3
162.862573,-0.065865300,-4.300000,3
162.876785,-0.065673552,-4.280000,3
162.890334,-0.065194183,-4.260000,3
162.905019,-0.065194183,-4.240000,3
162.918329,-0.065194183,-4.220000,3
162.932060,-0.064906562,-4.200000,3
162.946312,-0.064331319,-4.180000,3
162.959766,-0.064427193,-4.160000,3
162.973186,-0.064427193,-4.140000,3
162.987332,-0.063947824,-4.120000,3
163.000972,-0.063947824,-4.100000,3
163.014573,-0.063276708,-4.080000,3
163.028792,-0.062989086,-4.060000,3
163.042666,-0.062893212,-4.040000,3
163.056720,-0.062797339,-4.020000,3
163.070805,-0.062701465,-4.000000,3
163.084732,-0.062605591,-3.980000,3
163.098747,-0.062893212,-3.960000,3
163.112725,-0.062317970,-3.940000,3
163.126225,-0.061646853,-3.920000,3
163.139926,-0.062030348,-3.900000,3
163.153489,-0.061550979,-3.880000,3
163.167366,-0.061838601,-3.860000,3
163.181318,-0.061550979,-3.840000,3
163.194893,-0.061359232,-3.820000,3
163.208727,-0.061071610,-3.800000,3
163.222376,-0.060688115,-3.780000,3
163.236197,-0.061263358,-3.760000,3
163.249909,-0.060975736,-3.740000,3
163.263962,-0.060016998,-3.720000,3
163.278490,-0.060016998,-3.700000,3
163.291814,-0.060112872,-3.680000,3
163.304540,-0.059633503,-3.660000,3
163.317377,-0.059537629,-3.640000,3
163.330246,-0.059537629,-3.620000,3
163.343686,-0.059441756,-3.600000,3
163.357547,-0.058866513,-3.580000,3
163.370970,-0.058962387,-3.560000,3
163.384280,-0.058770639,-3.540000,3
163.397863,-0.058483018,-3.520000,3
163.411157,-0.058387144,-3.500000,3
163.424403,-0.058099522,-3.480000,3
163.437875,-0.057716027,-3.460000,3
163.451554,-0.058099522,-3.440000,3
163.465404,-0.057620153,-3.420000,3
163.478905,-0.057332532,-3.400000,3
163.492842,-0.057620153,-3.380000,3
163.506719,-0.056853163,-3.360000,3
163.520902,-0.057140784,-3.340000,3
163.534724,-0.056757289,-3.320000,3
163.548342,-0.056949037,-3.300000,3
163.562066,-0.056373794,-3.280000,3
163.575414,-0.056086173,-3.260000,3
163.589036,-0.056182046,-3.240000,3
163.602652,-0.055606804,-3.220000,3
163.616568,-0.055223308,-3.200000,3
163.630529,-0.055510930,-3.180000,3
163.644472,-0.055606804,-3.160000,3
163.657867,-0.055031561,-3.140000,3
163.671148,-0.054839813,-3.120000,3
163.685059,-0.054456318,-3.100000,3
163.698973,-0.054072823,-3.080000,3
163.712945,-0.054168697,-3.060000,3
163.727763,-0.054072823,-3.040000,3
163.741152,-0.054264570,-3.020000,3
163.754825,-0.053785201,-3.000000,3
163.768092,-0.053976949,-2.980000,3
163.782024,-0.053497580,-2.960000,3
163.795805,-0.053305832,-2.940000,3
163.809662,-0.053497580,-2.920000,3
163.823665,-0.052922337,-2.900000,3
163.837841,-0.052826463,-2.880000,3
163.851434,-0.052538842,-2.860000,3
163.864903,-0.052251221,-2.840000,3
163.878833,-0.052059473,-2.820000,3
163.892692,-0.052251221,-2.800000,3
163.906325,-0.052442968,-2.780000,3
163.920318,-0.051771852,-2.760000,3
163.934046,-0.051675978,-2.740000,3
163.947377,-0.051388356,-2.720000,3
163.961087,-0.051196609,-2.700000,3
163.974692,-0.050717240,-2.680000,3
163.988721,-0.051100735,-2.660000,3
164.002987,-0.050813114,-2.640000,3
164.016326,-0.050525492,-2.620000,3
164.029871,-0.050237871,-2.600000,3
164.044098,-0.050046123,-2.580000,3
164.057580,-0.049854376,-2.560000,3
164.071500,-0.049950249,-2.540000,3
164.085287,-0.049470880,-2.520000,3
164.098950,-0.049279133,-2.500000,3
164.112373,-0.049470880,-2.480000,3
164.125577,-0.048895638,-2.460000,3
164.139545,-0.048895638,-2.440000,3
164.152769,-0.048799764,-2.420000,3
164.166373,-0.048799764,-2.400000,3
164.180085,-0.047936900,-2.380000,3
164.193824,-0.048224521,-2.360000,3
164.207493,-0.047745152,-2.340000,3
164.221033,-0.047841026,-2.320000,3
164.235067,-0.047553404,-2.300000,3
164.248559,-0.047553404,-2.280000,3
164.262301,-0.047361657,-2.260000,3
164.275783,-0.047169909,-2.240000,3
164.289393,-0.047074035,-2.220000,3
164.302840,-0.046690540,-2.200000,3
164.316518,-0.046402919,-2.180000,3
164.330568,-0.046594666,-2.160000,3
164.344153,-0.046115297,-2.140000,3
164.357843,-0.045923550,-2.120000,3
164.372073,-0.046019424,-2.100000,3
164.386065,-0.045923550,-2.080000,3
164.400086,-0.045348307,-2.060000,3
164.413734,-0.045252433,-2.040000,3
164.428181,-0.045444181,-2.020000,3
164.441931,-0.045348307,-2.000000,3
164.456120,-0.045156559,-1.980000,3
164.469672,-0.044964812,-1.960000,3
164.483602,-0.044677190,-1.940000,3
164.496818,-0.044581317,-1.920000,3
164.510691,-0.044581317,-1.900000,3
164.524211,-0.044581317,-1.880000,3
164.538341,-0.044485443,-1.860000,3
164.551685,-0.044293695,-1.840000,3
164.565344,-0.044101948,-1.820000,3
164.578790,-0.043814326,-1.800000,3
164.592525,-0.043910200,-1.780000,3
164.606134,-0.043622579,-1.760000,3
164.619634,-0.043047336,-1.740000,3
164.633526,-0.043143210,-1.720000,3
164.647825,-0.043047336,-1.700000,3
164.661716,-0.042759714,-1.680000,3
164.675386,-0.042759714,-1.660000,3
164.689555,-0.042663841,-1.640000,3
164.703350,-0.042376219,-1.620000,3
164.717160,-0.041992724,-1.600000,3
164.730801,-0.041513355,-1.580000,3
164.744619,-0.041225734,-1.560000,3
164.758198,-0.041609229,-1.540000,3
164.772793,-0.040842238,-1.520000,3
164.786506,-0.040746365,-1.500000,3
164.800419,-0.040362869,-1.480000,3
164.814715,-0.040075248,-1.460000,3
164.828101,-0.039308258,-1.440000,3
164.841795,-0.039212384,-1.420000,3
164.855726,-0.038924762,-1.400000,3
164.869420,-0.038637141,-1.380000,3
164.882990,-0.038541267,-1.360000,3
164.896724,-0.038157772,-1.340000,3
164.910091,-0.037966025,-1.320000,3
164.923743,-0.037774277,-1.300000,3
164.937555,-0.037390782,-1.280000,3
164.951298,-0.036623791,-1.260000,3
164.965674,-0.036144422,-1.240000,3
164.979148,-0.035952675,-1.220000,3
164.992986,-0.035760927,-1.200000,3
165.006424,-0.035185684,-1.180000,3
165.020505,-0.034993937,-1.160000,3
165.034007,-0.034514568,-1.140000,3
165.047884,-0.033843451,-1.120000,3
165.061171,-0.033651704,-1.100000,3
165.074796,-0.033459956,-1.080000,3
165.088059,-0.032884713,-1.060000,3
165.103101,-0.032980587,-1.040000,3
165.116703,-0.032309470,-1.020000,3
165.130196,-0.032597092,-1.000000,3
165.144666,-0.032117723,-0.980000,3
165.158498,-0.031830101,-0.960000,3
165.172318,-0.031350732,-0.940000,3
165.186355,-0.031350732,-0.920000,3
165.200235,-0.030871363,-0.900000,3
165.214212,-0.031063111,-0.880000,3
165.228876,-0.030871363,-0.860000,3
165.242197,-0.030871363,-0.840000,3
165.256040,-0.030008499,-0.820000,3
165.270084,-0.029625004,-0.800000,3
165.283859,-0.029625004,-0.780000,3
165.297835,-0.029720878,-0.760000,3
165.311569,-0.029625004,-0.740000,3
165.324996,-0.029529130,-0.720000,3
165.339136,-0.029241509,-0.700000,3
165.353276,-0.028762140,-0.680000,3
165.367611,-0.029049761,-0.660000,3
165.380737,-0.027611654,-0.640000,3
165.394217,-0.028091023,-0.620000,3
165.407879,-0.027324033,-0.600000,3
165.421611,-0.027132285,-0.580000,3
165.435758,-0.026652916,-0.560000,3
165.449162,-0.026461169,-0.540000,3
165.463629,-0.026173547,-0.520000,3
165.477053,-0.025694178,-0.500000,3
165.490849,-0.025214809,-0.480000,3
165.504493,-0.024543693,-0.460000,3
165.518327,-0.024064324,-0.440000,3
165.531856,-0.023584955,-0.420000,3
165.545398,-0.023009712,-0.400000,3
165.558995,-0.022338595,-0.380000,3
165.572518,-0.022050974,-0.360000,3
165.585908,-0.021475731,-0.340000,3
165.599593,-0.021379857,-0.320000,3
165.612859,-0.020612867,-0.300000,3
165.626935,-0.020421119,-0.280000,3
165.640609,-0.020037624,-0.260000,3
165.654089,-0.019654129,-0.240000,3
165.667956,-0.018983012,-0.220000,3
165.682658,-0.018311896,-0.200000,3
165.696206,-0.018216022,-0.180000,3
165.710631,-0.017544905,-0.160000,3
165.724453,-0.017161410,-0.140000,3
165.738124,-0.017544905,-0.120000,3
165.751828,-0.016586167,-0.100000,3
165.765618,-0.015915051,-0.080000,3
165.779116,-0.015915051,-0.060000,3
165.793001,-0.015723303,-0.040000,3
165.806695,-0.015148060,-0.020000,3
165.820660,-0.014476944,0.000000,3
