time_s,cmd_motor_torque_nm,cmd_output_torque_nm,test_vel_motor_rpm,test_vel_output_rpm,test_torque_motor_nm,test_torque_output_nm,loadcell_torque_nm,test_voltage_v,test_q_A,phase
0.004,nan,nan,nan,nan,nan,nan,0.5624,nan,nan,ramp_up
0.013,0.0083,0.1156,0.01,0.00,0.0035,0.0490,0.5624,47.85,0.0568,ramp_up
0.026,0.0165,0.2313,1.17,0.08,0.0113,0.1586,0.5867,47.81,0.1839,ramp_up
0.038,0.0248,0.3469,2.13,0.15,0.0156,0.2178,0.5867,47.83,0.2526,ramp_up
0.050,0.0330,0.4625,3.18,0.23,0.0207,0.2892,0.5867,47.85,0.3353,ramp_up
0.063,0.0330,0.4625,3.18,0.23,0.0207,0.2892,0.5867,47.85,0.3353,ramp_up
0.075,0.0413,0.5781,8.78,0.63,0.0347,0.4861,0.5867,47.81,0.5795,ramp_up
0.088,0.0496,0.6937,24.73,1.77,0.0397,0.5562,0.5867,47.83,0.6450,ramp_up
0.100,0.0578,0.8094,40.84,2.92,0.0397,0.5556,0.5867,47.81,0.6443,ramp_up
0.117,0.0661,0.9250,40.84,2.92,0.0397,0.5556,0.5871,47.81,0.6443,ramp_up
0.125,0.0661,0.9250,68.02,4.86,0.0555,0.7769,0.5871,47.85,0.9009,ramp_up
0.138,0.0743,1.0406,35.96,2.57,0.0481,0.6728,0.5871,47.81,0.7802,ramp_up
0.150,0.0826,1.1562,38.95,2.78,0.0703,0.9839,0.5871,47.83,1.2293,ramp_up
0.164,0.0908,1.2719,38.95,2.78,0.0703,0.9839,0.5871,47.83,1.2293,ramp_up
0.175,0.0908,1.2719,29.07,2.08,0.0971,1.3593,0.5871,47.83,1.5763,ramp_up
0.188,0.0991,1.3875,-9.71,-0.69,0.0906,1.2688,0.5871,47.81,1.4713,ramp_up
0.200,0.1074,1.5031,5.45,0.39,0.0999,1.3991,0.5871,47.81,1.6223,ramp_up
0.216,0.1156,1.6187,5.45,0.39,0.0999,1.3991,0.6351,47.81,1.6223,ramp_up
0.225,0.1156,1.6187,1.03,0.07,0.1093,1.5296,0.6351,47.81,1.7737,ramp_up
0.238,0.1239,1.7344,0.01,0.00,0.1160,1.6235,0.6351,47.81,1.8826,ramp_up
0.250,0.1321,1.8500,1.84,0.13,0.1233,1.7258,0.6351,47.81,2.0012,ramp_up
0.263,0.1404,1.9656,1.84,0.13,0.1233,1.7258,0.6351,47.81,2.0012,ramp_up
0.275,0.1404,1.9656,0.75,0.05,0.1405,1.9665,0.6351,47.83,2.2803,ramp_up
0.288,0.1487,2.0812,1.35,0.10,0.1439,2.0142,0.6351,47.79,2.3356,ramp_up
0.301,0.1569,2.1969,1.02,0.07,0.1590,2.2265,1.2247,47.83,2.5818,ramp_up
0.313,0.1652,2.3125,1.02,0.07,0.1590,2.2265,1.2247,47.83,2.5818,ramp_up
0.325,0.1652,2.3125,1.98,0.14,0.1594,2.2316,1.2247,47.81,2.5877,ramp_up
0.338,0.1734,2.4281,1.22,0.09,0.1708,2.3918,1.2247,47.83,2.7735,ramp_up
0.350,0.1817,2.5438,2.03,0.14,0.1745,2.4425,1.2247,47.83,2.8322,ramp_up
0.364,0.1900,2.6594,1.74,0.12,0.1821,2.5487,1.2247,47.83,2.9554,ramp_up
0.375,0.1900,2.6594,1.74,0.12,0.1821,2.5487,1.2247,47.83,2.9554,ramp_up
0.389,0.1982,2.7750,5.54,0.40,0.1805,2.5266,2.2271,47.83,2.9298,ramp_up
0.400,0.2065,2.8906,7.28,0.52,0.1963,2.7489,2.2271,47.83,3.1875,ramp_up
0.413,0.2147,3.0063,-0.22,-0.02,0.2003,2.8044,2.2271,47.83,3.2519,ramp_up
0.425,0.2147,3.0063,-0.22,-0.02,0.2003,2.8044,2.2271,47.83,3.2519,ramp_up
0.438,0.2230,3.1219,-1.43,-0.10,0.1905,2.6674,2.2271,47.81,3.2471,ramp_up
0.450,0.2312,3.2375,0.12,0.01,0.2346,3.2842,2.2271,47.77,3.8083,ramp_up
0.463,0.2395,3.3531,2.43,0.17,0.2361,3.3052,2.2271,47.81,3.8327,ramp_up
0.476,0.2478,3.4688,2.43,0.17,0.2361,3.3052,2.2271,47.81,3.8327,ramp_up
0.489,0.2478,3.4688,4.87,0.35,0.2374,3.3241,2.6082,47.81,3.8545,ramp_up
0.500,0.2560,3.5844,12.14,0.87,0.2514,3.5190,2.6082,47.79,4.0806,ramp_up
0.513,0.2643,3.7000,45.55,3.25,0.2485,3.4789,2.6082,47.79,4.0501,ramp_up
0.526,0.2725,3.8156,45.55,3.25,0.2485,3.4789,2.6082,47.79,4.0501,ramp_up
0.538,0.2725,3.8156,50.67,3.62,0.2721,3.8087,2.6082,47.85,4.4165,ramp_up
0.550,0.2808,3.9312,-13.93,-1.00,0.2683,3.7558,2.6082,47.81,4.3552,ramp_up
0.563,0.2891,4.0469,-0.05,-0.00,0.2841,3.9770,2.6082,47.81,4.6116,ramp_up
0.578,0.2973,4.1625,-0.05,-0.00,0.2841,3.9770,2.8785,47.81,4.6116,ramp_up
0.588,0.2973,4.1625,3.84,0.27,0.2894,4.0514,2.8785,47.85,4.6980,ramp_up
0.600,0.3056,4.2781,2.32,0.17,0.3022,4.2305,2.8785,47.85,4.9056,ramp_up
0.613,0.3138,4.3937,0.35,0.02,0.3087,4.3219,2.8785,47.81,5.0116,ramp_up
0.625,0.3221,4.5094,0.35,0.02,0.3087,4.3219,2.8785,47.81,5.0116,ramp_up
0.638,0.3221,4.5094,-0.62,-0.04,0.3156,4.4182,2.8785,47.81,5.1233,ramp_up
0.650,0.3304,4.6250,-0.36,-0.03,0.3162,4.4266,2.8785,47.81,5.1329,ramp_up
0.664,0.3386,4.7406,0.35,0.02,0.3302,4.6229,3.5536,47.83,5.3606,ramp_up
0.676,0.3469,4.8563,1.23,0.09,0.3430,4.8019,3.5536,47.81,5.5681,ramp_up
0.688,0.3469,4.8563,1.23,0.09,0.3430,4.8019,3.5536,47.81,5.5681,ramp_up
0.700,0.3551,4.9719,0.18,0.01,0.3508,4.9116,3.5536,47.81,5.6954,ramp_up
0.713,0.3634,5.0875,0.95,0.07,0.3509,4.9120,3.5536,47.81,5.6958,ramp_up
0.725,0.3717,5.2031,1.05,0.07,0.3610,5.0545,3.5536,47.83,5.8611,ramp_up
0.738,0.3799,5.3187,1.05,0.07,0.3610,5.0545,3.5536,47.83,5.8611,ramp_up
0.750,0.3799,5.3187,0.96,0.07,0.3801,5.3218,3.5536,47.81,6.1710,ramp_up
0.764,0.3882,5.4344,1.59,0.11,0.3848,5.3868,4.5328,47.83,6.2464,ramp_up
0.775,0.3964,5.5500,1.42,0.10,0.3899,5.4583,4.5328,47.83,6.3293,ramp_up
0.788,0.4047,5.6656,1.42,0.10,0.3899,5.4583,4.5328,47.83,6.3293,ramp_up
0.800,0.4047,5.6656,2.45,0.18,0.4047,5.6655,4.5328,47.83,6.5696,ramp_up
0.813,0.4129,5.7812,0.87,0.06,0.4110,5.7535,4.5328,47.83,6.6716,ramp_up
0.825,0.4212,5.8969,2.13,0.15,0.4091,5.7277,4.5328,47.83,6.6417,ramp_up
0.838,0.4295,6.0125,2.13,0.15,0.4091,5.7277,4.5328,47.83,6.6417,ramp_up
0.851,0.4295,6.0125,2.79,0.20,0.4221,5.9099,4.8915,47.85,6.8529,ramp_up
0.863,0.4377,6.1281,3.79,0.27,0.4326,6.0563,4.8915,47.85,7.0227,ramp_up
0.875,0.4460,6.2438,13.27,0.95,0.4317,6.0434,4.8915,47.83,7.0078,ramp_up
0.889,0.4542,6.3594,96.60,6.90,0.4613,6.4583,4.8915,47.81,7.4889,ramp_up
0.900,0.4542,6.3594,96.60,6.90,0.4613,6.4583,4.8915,47.81,7.4889,ramp_up
0.913,0.4625,6.4750,-21.12,-1.51,0.4441,6.2175,4.8915,47.79,7.2096,ramp_up
0.925,0.4708,6.5906,-0.27,-0.02,0.4671,6.5388,4.8915,47.79,7.5822,ramp_up
0.938,0.4790,6.7062,-1.39,-0.10,0.4788,6.7038,4.8915,47.81,7.7736,ramp_up
0.953,0.4790,6.7062,-1.39,-0.10,0.4788,6.7038,5.2609,47.81,7.7736,ramp_up
0.963,0.4873,6.8219,-1.61,-0.11,0.4762,6.6667,5.2609,47.79,7.7306,ramp_up
0.975,0.4955,6.9375,0.43,0.03,0.4838,6.7738,5.2609,47.77,7.8548,ramp_up
0.988,0.5038,7.0531,-0.89,-0.06,0.4953,6.9345,5.2609,47.79,8.0410,ramp_up
1.000,0.5038,7.0531,-0.89,-0.06,0.4953,6.9345,5.2609,47.79,8.0410,ramp_up
1.013,0.5121,7.1688,-0.85,-0.06,0.4968,6.9554,5.2609,47.79,8.0653,ramp_up
1.025,0.5203,7.2844,-0.54,-0.04,0.5090,7.1263,5.2609,47.79,8.2635,ramp_up
1.039,0.5286,7.4000,0.19,0.01,0.5229,7.3200,6.2703,47.81,8.4881,ramp_up
1.050,0.5286,7.4000,0.19,0.01,0.5229,7.3200,6.2703,47.81,8.4881,ramp_up
1.063,0.5368,7.5156,-0.45,-0.03,0.5277,7.3878,6.2703,47.81,8.5668,ramp_up
1.075,0.5451,7.6312,-0.22,-0.02,0.5335,7.4684,6.2703,47.79,8.6601,ramp_up
1.088,0.5533,7.7469,-0.11,-0.01,0.5467,7.6543,6.2703,47.79,8.8758,ramp_up
1.101,0.5616,7.8625,-0.11,-0.01,0.5467,7.6543,6.2703,47.79,8.8758,ramp_up
1.113,0.5616,7.8625,-0.03,-0.00,0.5476,7.6657,6.2703,47.77,8.8890,ramp_up
1.126,0.5699,7.9781,-0.18,-0.01,0.5542,7.7594,7.5382,47.79,8.9976,ramp_up
1.138,0.5781,8.0938,0.62,0.04,0.5713,7.9989,7.5382,47.79,9.2753,ramp_up
1.151,0.5864,8.2094,0.62,0.04,0.5713,7.9989,7.5382,47.79,9.2753,ramp_up
1.163,0.5864,8.2094,0.06,0.00,0.5826,8.1559,7.5382,47.79,9.4574,ramp_up
1.175,0.5946,8.3250,-0.60,-0.04,0.5859,8.2024,7.5382,47.77,9.5114,ramp_up
1.188,0.6029,8.4406,0.29,0.02,0.6023,8.4320,7.5382,47.81,9.7776,ramp_up
1.200,0.6112,8.5563,0.29,0.02,0.6023,8.4320,7.5382,47.81,9.7776,ramp_up
1.213,0.6112,8.5563,0.46,0.03,0.6050,8.4695,7.5382,47.77,9.8211,ramp_up
1.226,0.6194,8.6719,-0.20,-0.01,0.6061,8.4849,7.9109,47.79,9.8389,ramp_up
1.238,0.6277,8.7875,-0.17,-0.01,0.6142,8.5987,7.9109,47.77,9.9709,ramp_up
1.251,0.6359,8.9031,-0.11,-0.01,0.6303,8.8240,7.9109,47.77,10.2321,ramp_up
1.263,0.6359,8.9031,-0.11,-0.01,0.6303,8.8240,7.9109,47.77,10.2321,ramp_up
1.275,0.6442,9.0188,-0.01,-0.00,0.6346,8.8849,7.9109,47.81,10.3028,ramp_up
1.288,0.6525,9.1344,1.30,0.09,0.6386,8.9408,7.9109,47.79,10.3676,ramp_up
1.301,0.6607,9.2500,1.08,0.08,0.6486,9.0800,7.9109,47.77,10.5290,ramp_up
1.313,0.6607,9.2500,1.08,0.08,0.6486,9.0800,8.1923,47.77,10.5290,ramp_up
1.325,0.6690,9.3656,9.25,0.66,0.6628,9.2790,8.1923,47.76,10.7597,ramp_up
1.338,0.6772,9.4812,0.79,0.06,0.6780,9.4914,8.1923,47.77,11.0060,ramp_up
1.350,0.6855,9.5969,0.10,0.01,0.6728,9.4192,8.1923,47.76,10.9223,ramp_up
1.363,0.6855,9.5969,0.10,0.01,0.6728,9.4192,8.1923,47.76,10.9223,ramp_up
1.375,0.6937,9.7125,-0.07,-0.00,0.6846,9.5838,8.1923,47.77,11.1131,ramp_up
1.388,0.7020,9.8281,1.75,0.13,0.6938,9.7139,8.1923,47.77,11.2640,ramp_up
1.400,0.7103,9.9437,0.60,0.04,0.7065,9.8915,8.1923,47.79,11.4700,ramp_up
1.418,0.7103,9.9437,0.60,0.04,0.7065,9.8915,8.4860,47.79,11.4700,ramp_up
1.425,0.7185,10.0594,1.12,0.08,0.7035,9.8495,8.4860,47.76,11.4212,ramp_up
1.438,0.7268,10.1750,3.20,0.23,0.7171,10.0391,8.4860,47.77,11.6411,ramp_up
1.450,0.7350,10.2906,4.42,0.32,0.7217,10.1045,8.4860,47.77,11.7169,ramp_up
1.463,0.7350,10.2906,4.42,0.32,0.7217,10.1045,8.4860,47.77,11.7169,ramp_up
1.476,0.7433,10.4062,51.54,3.68,0.7205,10.0868,8.4860,47.72,11.6964,ramp_up
1.488,0.7516,10.5219,49.58,3.54,0.7774,10.8832,8.4860,47.79,12.6199,ramp_up
1.501,0.7598,10.6375,-2.37,-0.17,0.7587,10.6224,8.9271,47.74,12.3175,ramp_up
1.513,0.7598,10.6375,-2.37,-0.17,0.7587,10.6224,8.9271,47.74,12.3175,ramp_up
1.525,0.7681,10.7531,-29.20,-2.09,0.7523,10.5321,8.9271,47.77,12.2127,ramp_up
1.538,0.7763,10.8687,-6.28,-0.45,0.7577,10.6083,8.9271,47.79,12.4356,ramp_up
1.550,0.7846,10.9844,1.60,0.11,0.7693,10.7699,8.9271,47.79,12.4886,ramp_up
1.563,0.7929,11.1000,1.60,0.11,0.7693,10.7699,8.9271,47.79,12.4886,ramp_up
1.575,0.7929,11.1000,0.66,0.05,0.7792,10.9081,8.9271,47.79,12.6488,ramp_up
1.589,0.8011,11.2156,-1.79,-0.13,0.7874,11.0241,9.7276,47.79,12.7833,ramp_up
1.600,0.8094,11.3313,-0.71,-0.05,0.7973,11.1625,9.7276,47.77,12.9438,ramp_up
1.614,0.8176,11.4469,-0.71,-0.05,0.7973,11.1625,9.7276,47.77,12.9438,ramp_up
1.625,0.8176,11.4469,-0.39,-0.03,0.8073,11.3027,9.7276,47.79,13.1064,ramp_up
1.638,0.8259,11.5625,0.06,0.00,0.8115,11.3617,9.7276,47.79,13.1747,ramp_up
1.650,0.8342,11.6781,-0.26,-0.02,0.8305,11.6276,9.7276,47.79,13.4831,ramp_up
1.663,0.8424,11.7937,-0.26,-0.02,0.8305,11.6276,9.7276,47.79,13.4831,ramp_up
1.675,0.8424,11.7937,-0.38,-0.03,0.8277,11.5872,9.7276,47.79,13.4363,ramp_up
1.689,0.8507,11.9094,-0.28,-0.02,0.8437,11.8111,11.1032,47.81,13.6959,ramp_up
1.700,0.8589,12.0250,-0.29,-0.02,0.8368,11.7152,11.1032,47.81,13.5847,ramp_up
1.714,0.8672,12.1406,-0.37,-0.03,0.8678,12.1495,11.1032,47.79,14.0882,ramp_up
1.725,0.8672,12.1406,-0.37,-0.03,0.8678,12.1495,11.1032,47.79,14.0882,ramp_up
1.738,0.8754,12.2562,-0.41,-0.03,0.8753,12.2546,11.1032,47.83,14.2102,ramp_up
1.750,0.8837,12.3719,0.37,0.03,0.8653,12.1141,11.1032,47.79,14.0473,ramp_up
1.763,0.8920,12.4875,0.37,0.03,0.8653,12.1141,11.1032,47.79,14.0473,ramp_up
1.776,0.8920,12.4875,0.27,0.02,0.8865,12.4112,11.3963,47.79,14.3917,ramp_up
1.788,0.9002,12.6031,-0.04,-0.00,0.9007,12.6096,11.3963,47.81,14.6218,ramp_up
1.800,0.9085,12.7188,0.11,0.01,0.8956,12.5387,11.3963,47.81,14.5396,ramp_up
1.813,0.9167,12.8344,1.22,0.09,0.9085,12.7191,11.3963,47.79,14.7488,ramp_up
1.825,0.9167,12.8344,1.22,0.09,0.9085,12.7191,11.3963,47.79,14.7488,ramp_up
1.838,0.9250,12.9500,0.24,0.02,0.9150,12.8102,11.3963,47.85,14.8544,ramp_up
1.850,0.9333,13.0656,1.48,0.11,0.9260,12.9642,11.3963,47.81,15.0330,ramp_up
1.864,0.9415,13.1813,1.13,0.08,0.9334,13.0682,11.5798,47.81,15.1536,ramp_up
1.875,0.9498,13.2969,1.13,0.08,0.9334,13.0682,11.5798,47.81,15.1536,ramp_up
1.888,0.9498,13.2969,2.56,0.18,0.9368,13.1146,11.5798,47.81,15.2073,ramp_up
1.900,0.9580,13.4125,10.17,0.73,0.9448,13.2274,11.5798,47.79,15.3381,ramp_up
1.913,0.9663,13.5281,88.82,6.34,0.9306,13.0285,11.5798,47.72,15.1075,ramp_up
1.925,0.9746,13.6438,88.82,6.34,0.9306,13.0285,11.5798,47.72,15.1075,ramp_up
1.938,0.9746,13.6438,-62.54,-4.47,0.9074,12.7035,11.5798,47.76,14.7307,ramp_up
1.950,0.9828,13.7594,27.97,2.00,0.9926,13.8959,11.5798,47.77,16.1134,ramp_up
1.964,0.9911,13.8750,20.10,1.44,0.9914,13.8792,11.9638,47.76,16.0940,ramp_up
1.976,0.9993,13.9906,4.46,0.32,0.9856,13.7980,11.9638,47.74,15.9999,ramp_up
1.988,0.9993,13.9906,4.46,0.32,0.9856,13.7980,11.9638,47.74,15.9999,ramp_up
2.000,1.0076,14.1062,0.30,0.02,0.9974,13.9641,11.9638,47.74,16.1925,ramp_up
2.013,1.0158,14.2219,0.55,0.04,1.0167,14.2334,11.9638,47.74,16.5048,ramp_up
2.025,1.0241,14.3375,-0.51,-0.04,1.0198,14.2774,11.9638,47.72,16.5557,ramp_up
2.038,1.0241,14.3375,-0.51,-0.04,1.0198,14.2774,11.9638,47.72,16.5557,ramp_up
2.051,1.0324,14.4531,-0.33,-0.02,1.0246,14.3446,13.3010,47.74,16.6337,ramp_up
2.063,1.0406,14.5687,0.13,0.01,1.0267,14.3742,13.3010,47.74,16.6680,ramp_up
2.075,1.0489,14.6844,0.34,0.02,1.0490,14.6858,13.3010,47.70,17.0293,ramp_up
2.089,1.0571,14.8000,0.34,0.02,1.0490,14.6858,13.3010,47.70,17.0293,ramp_up
2.100,1.0571,14.8000,0.35,0.02,1.0502,14.7030,13.3010,47.74,17.0492,ramp_up
2.113,1.0654,14.9156,-0.43,-0.03,1.0603,14.8442,13.3010,47.74,17.2130,ramp_up
2.125,1.0737,15.0312,0.23,0.02,1.0599,14.8393,13.3010,47.72,17.2073,ramp_up
2.138,1.0819,15.1469,0.23,0.02,1.0599,14.8393,13.3010,47.72,17.2073,ramp_up
2.151,1.0819,15.1469,0.39,0.03,1.0788,15.1035,15.4757,47.74,17.5137,ramp_up
2.163,1.0902,15.2625,-0.38,-0.03,1.0830,15.1619,15.4757,47.74,17.5814,ramp_up
2.175,1.0984,15.3781,-0.63,-0.05,1.0917,15.2834,15.4757,47.70,17.7222,ramp_up
2.189,1.1067,15.4937,-0.49,-0.04,1.0987,15.3821,15.4757,47.72,17.8367,ramp_up
2.200,1.1067,15.4937,-0.49,-0.04,1.0987,15.3821,15.4757,47.72,17.8367,ramp_up
2.213,1.1150,15.6094,-0.56,-0.04,1.1032,15.4441,15.4757,47.70,17.9086,ramp_up
2.225,1.1232,15.7250,-0.32,-0.02,1.1149,15.6080,15.4757,47.70,18.0987,ramp_up
2.238,1.1315,15.8406,-0.20,-0.01,1.1261,15.7650,16.0060,47.72,18.2808,ramp_up
2.250,1.1397,15.9563,-0.20,-0.01,1.1261,15.7650,16.0060,47.72,18.2808,ramp_up
2.263,1.1397,15.9563,0.03,0.00,1.1258,15.7613,16.0060,47.70,18.2764,ramp_up
2.275,1.1480,16.0719,-0.29,-0.02,1.1373,15.9217,16.0060,47.72,18.4625,ramp_up
2.288,1.1562,16.1875,0.18,0.01,1.1490,16.0855,16.0060,47.72,18.6523,ramp_up
2.301,1.1645,16.3031,0.18,0.01,1.1490,16.0855,16.0060,47.72,18.6523,ramp_up
2.313,1.1645,16.3031,-0.15,-0.01,1.1515,16.1209,16.0060,47.69,18.6935,ramp_up
2.326,1.1728,16.4187,-0.24,-0.02,1.1613,16.2583,16.1446,47.70,18.8528,ramp_up
2.338,1.1810,16.5344,-0.37,-0.03,1.1798,16.5167,16.1446,47.70,19.1524,ramp_up
2.351,1.1893,16.6500,-0.37,-0.03,1.1798,16.5167,16.1446,47.70,19.1524,ramp_up
2.363,1.1893,16.6500,-0.27,-0.02,1.1823,16.5516,16.1446,47.70,19.1929,ramp_up
2.375,1.1975,16.7656,-0.62,-0.04,1.1917,16.6843,16.1446,47.70,19.3468,ramp_up
2.388,1.2058,16.8812,-0.23,-0.02,1.1964,16.7493,16.1446,47.70,19.4221,ramp_up
2.400,1.2141,16.9969,-0.23,-0.02,1.1964,16.7493,16.1446,47.70,19.4221,ramp_up
2.413,1.2141,16.9969,0.02,0.00,1.1936,16.7101,16.1446,47.70,19.3767,ramp_up
2.427,1.2223,17.1125,0.59,0.04,1.2163,17.0282,16.3448,47.74,19.7455,ramp_up
2.438,1.2306,17.2281,0.00,0.00,1.2186,17.0610,16.3448,47.70,19.7836,ramp_up
2.450,1.2388,17.3438,0.00,0.00,1.2186,17.0610,16.3448,47.70,19.7836,ramp_up
2.463,1.2388,17.3438,1.30,0.09,1.2382,17.3353,16.3448,47.70,20.0115,ramp_up
2.475,1.2471,17.4594,-0.20,-0.01,1.2424,17.3933,16.3448,47.72,20.1688,ramp_up
2.488,1.2554,17.5750,0.43,0.03,1.2443,17.4208,16.3448,47.70,20.2007,ramp_up
2.501,1.2636,17.6906,0.61,0.04,1.2562,17.5874,16.3448,47.70,20.3940,ramp_up
2.516,1.2636,17.6906,0.61,0.04,1.2562,17.5874,16.6136,47.70,20.3940,ramp_up
2.525,1.2719,17.8063,1.39,0.10,1.2662,17.7264,16.6136,47.69,20.5551,ramp_up
2.538,1.2801,17.9219,1.86,0.13,1.2750,17.8499,16.6136,47.69,20.6983,ramp_up
2.550,1.2884,18.0375,3.60,0.26,1.2811,17.9349,16.6136,47.70,20.7969,ramp_up
2.563,1.2884,18.0375,3.60,0.26,1.2811,17.9349,16.6136,47.70,20.7969,ramp_up
2.575,1.2967,18.1531,50.16,3.58,1.2680,17.7524,16.6136,47.61,20.5852,ramp_up
2.588,1.3049,18.2688,-22.12,-1.58,1.2617,17.6642,16.6136,47.77,20.4830,ramp_up
2.601,1.3132,18.3844,43.54,3.11,1.3451,18.8313,17.0167,47.77,21.8364,ramp_up
2.613,1.3214,18.5000,43.54,3.11,1.3451,18.8313,17.0167,47.77,21.8364,ramp_up
2.625,1.3214,18.5000,23.43,1.67,1.3300,18.6204,17.0167,47.76,21.5918,ramp_up
2.638,1.3297,18.6156,2.71,0.19,1.3153,18.4146,17.0167,47.70,21.3532,ramp_up
2.650,1.3379,18.7312,-3.27,-0.23,1.3202,18.4833,17.0167,47.72,21.4328,ramp_up
2.664,1.3462,18.8469,-3.27,-0.23,1.3202,18.4833,17.0167,47.72,21.4328,ramp_up
2.675,1.3462,18.8469,1.33,0.09,1.3477,18.8671,17.0167,47.72,21.8779,ramp_up
2.688,1.3545,18.9625,0.51,0.04,1.3436,18.8111,17.0167,47.72,21.8129,ramp_up
2.701,1.3627,19.0781,-0.01,-0.00,1.3575,19.0050,18.0474,47.72,22.0378,ramp_up
2.713,1.3710,19.1938,-0.01,-0.00,1.3575,19.0050,18.0474,47.72,22.0378,ramp_up
2.725,1.3710,19.1938,1.32,0.09,1.3621,19.0691,18.0474,47.72,22.1121,ramp_up
2.738,1.3792,19.3094,0.92,0.07,1.3759,19.2620,18.0474,47.70,22.3358,ramp_up
2.750,1.3875,19.4250,1.06,0.08,1.3887,19.4417,18.0474,47.74,22.5442,ramp_up
2.764,1.3958,19.5406,-0.17,-0.01,1.3802,19.3228,18.0474,47.70,22.4063,ramp_up
2.775,1.3958,19.5406,-0.17,-0.01,1.3802,19.3228,18.0474,47.70,22.4063,ramp_up
2.789,1.4040,19.6562,-0.45,-0.03,1.3962,19.5466,19.9829,47.72,22.6658,ramp_up
2.800,1.4123,19.7719,0.27,0.02,1.4066,19.6924,19.9829,47.72,22.8349,ramp_up
2.813,1.4205,19.8875,0.42,0.03,1.4120,19.7686,19.9829,47.72,22.9232,ramp_up
2.825,1.4288,20.0031,0.42,0.03,1.4120,19.7686,19.9829,47.72,22.9232,ramp_up
2.838,1.4288,20.0031,0.87,0.06,1.4225,19.9152,19.9829,47.69,23.0932,ramp_up
2.850,1.4371,20.1187,0.19,0.01,1.4294,20.0119,19.9829,47.70,23.2054,ramp_up
2.863,1.4453,20.2344,0.39,0.03,1.4375,20.1246,19.9829,47.70,23.2320,ramp_up
2.876,1.4536,20.3500,0.39,0.03,1.4375,20.1246,19.9829,47.70,23.2320,ramp_up
2.889,1.4536,20.3500,-0.77,-0.06,1.4487,20.2818,20.5267,47.72,23.5183,ramp_up
2.900,1.4618,20.4656,0.43,0.03,1.4592,20.4294,20.5267,47.70,23.6894,ramp_up
2.913,1.4701,20.5813,-0.11,-0.01,1.4607,20.4502,20.5267,47.70,23.7136,ramp_up
2.926,1.4783,20.6969,-0.11,-0.01,1.4607,20.4502,20.5267,47.70,23.7136,ramp_up
2.938,1.4783,20.6969,0.29,0.02,1.4739,20.6352,20.5267,47.70,23.9281,ramp_up
2.950,1.4866,20.8125,-0.01,-0.00,1.4690,20.5653,20.5267,47.70,23.8471,ramp_up
2.963,1.4949,20.9281,0.08,0.01,1.4824,20.7535,20.5267,47.70,24.0653,ramp_up
2.977,1.5031,21.0437,0.08,0.01,1.4824,20.7535,20.5727,47.70,24.0653,ramp_up
2.988,1.5031,21.0437,0.34,0.02,1.4944,20.9219,20.5727,47.72,24.2605,ramp_up
3.000,1.5114,21.1594,-0.24,-0.02,1.5014,21.0197,20.5727,47.70,24.3739,ramp_up
3.013,1.5196,21.2750,0.11,0.01,1.5019,21.0260,20.5727,47.70,24.3813,ramp_up
3.025,1.5279,21.3906,0.11,0.01,1.5019,21.0260,20.5727,47.70,24.3813,ramp_up
3.038,1.5279,21.3906,0.25,0.02,1.5247,21.3455,20.5727,47.72,24.7518,ramp_up
3.050,1.5362,21.5063,-0.24,-0.02,1.5244,21.3409,20.5727,47.72,24.7464,ramp_up
3.064,1.5444,21.6219,0.38,0.03,1.5337,21.4722,20.6700,47.70,24.8987,ramp_up
3.076,1.5527,21.7375,0.51,0.04,1.5509,21.7123,20.6700,47.72,25.1771,ramp_up
3.088,1.5527,21.7375,0.51,0.04,1.5509,21.7123,20.6700,47.72,25.1771,ramp_up
3.100,1.5609,21.8531,0.04,0.00,1.5579,21.8106,20.6700,47.70,25.2910,ramp_up
3.113,1.5692,21.9688,0.23,0.02,1.5579,21.8107,20.6700,47.74,25.2912,ramp_up
3.125,1.5775,22.0844,0.63,0.05,1.5709,21.9930,20.6700,47.72,25.5026,ramp_up
3.138,1.5857,22.2000,0.63,0.05,1.5709,21.9930,20.6700,47.72,25.5026,ramp_up
3.150,1.5857,22.2000,0.80,0.06,1.5828,22.1597,20.6700,47.70,25.6959,ramp_up
3.164,1.5940,22.3156,-0.52,-0.04,1.5884,22.2374,20.8027,47.70,25.7859,ramp_up
3.175,1.6022,22.4312,0.52,0.04,1.5877,22.2276,20.8027,47.72,25.7747,ramp_up
3.188,1.6105,22.5469,0.52,0.04,1.5877,22.2276,20.8027,47.72,25.7747,ramp_up
3.200,1.6105,22.5469,0.08,0.01,1.6017,22.4241,20.8027,47.70,26.0025,ramp_up
3.213,1.6188,22.6625,-0.61,-0.04,1.6154,22.6154,20.8027,47.70,26.2243,ramp_up
3.225,1.6270,22.7781,0.48,0.03,1.6191,22.6680,20.8027,47.72,26.2852,ramp_up
3.238,1.6353,22.8938,0.48,0.03,1.6191,22.6680,20.8027,47.72,26.2852,ramp_up
3.252,1.6353,22.8938,-0.07,-0.01,1.6229,22.7201,20.9751,47.70,26.3457,ramp_up
3.263,1.6435,23.0094,0.25,0.02,1.6349,22.8882,20.9751,47.76,26.5406,ramp_up
3.275,1.6518,23.1250,-0.21,-0.01,1.6358,22.9017,20.9751,47.74,26.5562,ramp_up
3.289,1.6600,23.2406,0.62,0.04,1.6434,23.0074,20.9751,47.72,26.6788,ramp_up
3.300,1.6600,23.2406,0.62,0.04,1.6434,23.0074,20.9751,47.72,26.6788,ramp_up
3.313,1.6683,23.3562,0.67,0.05,1.6613,23.2585,20.9751,47.74,27.1399,ramp_up
3.325,1.6766,23.4719,0.88,0.06,1.6640,23.2959,20.9751,47.74,27.0134,ramp_up
3.339,1.6848,23.5875,2.95,0.21,1.6852,23.5928,21.2261,47.74,27.3576,ramp_up
3.350,1.6848,23.5875,2.95,0.21,1.6852,23.5928,21.2261,47.74,27.3576,ramp_up
3.363,1.6931,23.7031,4.99,0.36,1.6733,23.4268,21.2261,47.72,27.1652,ramp_up
3.375,1.7013,23.8188,69.32,4.95,1.6401,22.9608,21.2261,47.56,26.6248,ramp_up
3.388,1.7096,23.9344,74.05,5.29,1.6878,23.6295,21.2261,47.49,27.4003,ramp_up
3.400,1.7096,23.9344,74.05,5.29,1.6878,23.6295,21.2261,47.49,27.4003,ramp_up
3.413,1.7179,24.0500,-10.70,-0.76,1.6938,23.7132,21.2261,47.51,27.4973,ramp_up
3.425,1.7261,24.1656,-0.92,-0.07,1.7203,24.0844,21.2261,47.49,27.9277,ramp_up
3.439,1.7344,24.2812,0.64,0.05,1.7274,24.1830,21.7060,47.52,28.0420,ramp_up
3.450,1.7426,24.3969,0.64,0.05,1.7274,24.1830,21.7060,47.52,28.0420,ramp_up
3.463,1.7426,24.3969,0.88,0.06,1.7313,24.2381,21.7060,47.52,28.1060,ramp_up
3.475,1.7509,24.5125,-0.03,-0.00,1.7462,24.4473,21.7060,47.51,28.3485,ramp_up
3.488,1.7592,24.6281,0.02,0.00,1.7446,24.4249,21.7060,47.51,28.3226,ramp_up
3.501,1.7674,24.7437,0.02,0.00,1.7446,24.4249,21.7060,47.51,28.3226,ramp_up
3.513,1.7674,24.7437,0.23,0.02,1.7621,24.6690,21.7060,47.56,28.6056,ramp_up
3.526,1.7757,24.8594,1.00,0.07,1.7637,24.6923,24.7139,47.52,28.6327,ramp_up
3.538,1.7839,24.9750,-0.04,-0.00,1.7777,24.8871,24.7139,47.51,28.8543,ramp_up
3.550,1.7922,25.0906,-0.04,-0.00,1.7777,24.8871,24.7139,47.51,28.8543,ramp_up
3.563,1.7922,25.0906,-0.34,-0.02,1.7859,25.0029,24.7139,47.51,28.9927,ramp_up
3.575,1.8004,25.2063,-0.32,-0.02,1.7921,25.0899,24.7139,47.51,29.0937,ramp_up
3.588,1.8087,25.3219,0.21,0.02,1.8014,25.2194,24.7139,47.51,29.2438,ramp_up
3.601,1.8170,25.4375,-0.23,-0.02,1.8101,25.3418,24.7139,47.51,29.3858,ramp_up
3.613,1.8170,25.4375,-0.23,-0.02,1.8101,25.3418,24.7139,47.51,29.3858,ramp_up
3.626,1.8252,25.5531,0.56,0.04,1.8104,25.3449,30.1886,47.51,29.3894,ramp_up
3.638,1.8335,25.6687,0.79,0.06,1.8198,25.4772,30.1886,47.51,29.5427,ramp_up
3.650,1.8417,25.7844,0.45,0.03,1.8302,25.6227,30.1886,47.51,29.7115,ramp_up
3.663,1.8417,25.7844,0.45,0.03,1.8302,25.6227,30.1886,47.51,29.7115,ramp_up
3.675,1.8500,25.9000,-0.31,-0.02,1.8468,25.8552,30.1886,47.49,29.9811,ramp_up
3.688,1.8583,26.0156,-0.10,-0.01,1.8400,25.7596,30.1886,47.49,29.8703,ramp_up
3.700,1.8665,26.1313,0.44,0.03,1.8584,26.0182,30.1886,47.49,30.1701,ramp_up
3.716,1.8748,26.2469,0.44,0.03,1.8584,26.0182,31.2675,47.49,30.1701,ramp_up
3.725,1.8748,26.2469,0.26,0.02,1.8647,26.1064,31.2675,47.49,30.2724,ramp_up
3.738,1.8830,26.3625,0.31,0.02,1.8746,26.2449,31.2675,47.49,30.4330,ramp_up
3.750,1.8913,26.4781,0.67,0.05,1.8801,26.3220,31.2675,47.49,30.5224,ramp_up
3.763,1.8996,26.5938,0.67,0.05,1.8801,26.3220,31.2675,47.49,30.5224,ramp_up
3.775,1.8996,26.5938,0.94,0.07,1.8945,26.5236,31.2675,47.49,30.7562,ramp_up
3.788,1.9078,26.7094,0.35,0.03,1.9021,26.6294,31.2675,47.49,30.8788,ramp_up
3.801,1.9161,26.8250,0.41,0.03,1.9173,26.8417,31.2589,47.49,31.1250,ramp_up
3.813,1.9243,26.9406,0.90,0.06,1.9210,26.8945,31.2589,47.47,31.1862,ramp_up
3.825,1.9243,26.9406,0.90,0.06,1.9210,26.8945,31.2589,47.47,31.1862,ramp_up
3.838,1.9326,27.0562,-0.23,-0.02,1.9221,26.9099,31.2589,47.49,31.2041,ramp_up
3.850,1.9408,27.1719,0.34,0.02,1.9386,27.1402,31.2589,47.49,31.4712,ramp_up
3.863,1.9491,27.2875,0.89,0.06,1.9419,27.1859,31.2589,47.49,31.5242,ramp_up
3.875,1.9491,27.2875,0.89,0.06,1.9419,27.1859,31.2589,47.49,31.5242,ramp_up
3.888,1.9574,27.4031,0.84,0.06,1.9615,27.4611,31.2589,47.45,31.8432,ramp_up
3.901,1.9656,27.5188,-0.12,-0.01,1.9611,27.4547,31.2987,47.47,31.8358,ramp_up
3.913,1.9739,27.6344,0.02,0.00,1.9623,27.4727,31.2987,47.47,31.8568,ramp_up
3.925,1.9821,27.7500,0.02,0.00,1.9623,27.4727,31.2987,47.47,31.8568,ramp_up
3.938,1.9821,27.7500,0.43,0.03,1.9694,27.5713,31.2987,47.45,31.9710,ramp_up
3.950,1.9904,27.8656,0.19,0.01,1.9773,27.6818,31.2987,47.47,32.0992,ramp_up
3.963,1.9987,27.9812,-0.21,-0.02,1.9971,27.9588,31.2987,47.45,32.4204,ramp_up
3.975,2.0069,28.0969,-0.21,-0.02,1.9971,27.9588,31.2987,47.45,32.4204,ramp_up
3.989,2.0069,28.0969,1.25,0.09,1.9971,27.9593,31.3656,47.47,32.4209,ramp_up
4.000,2.0152,28.2125,0.10,0.01,2.0068,28.0948,31.3656,47.43,32.5781,ramp_up
4.013,2.0234,28.3281,0.15,0.01,2.0199,28.2791,31.3656,47.45,32.7918,ramp_up
4.025,2.0317,28.4438,0.62,0.04,2.0269,28.3768,31.3656,47.45,32.9051,ramp_up
4.039,2.0400,28.5594,0.62,0.04,2.0269,28.3768,31.3656,47.45,32.9051,ramp_up
4.050,2.0400,28.5594,0.39,0.03,2.0348,28.4874,31.3656,47.47,33.0334,ramp_up
4.063,2.0482,28.6750,0.06,0.00,2.0380,28.5324,31.3656,47.47,33.0855,ramp_up
4.075,2.0565,28.7906,0.39,0.03,2.0478,28.6688,31.3656,47.45,33.2437,ramp_up
4.088,2.0647,28.9062,0.77,0.06,2.0516,28.7230,31.4497,47.47,33.3128,ramp_up
4.100,2.0730,29.0219,0.77,0.06,2.0516,28.7230,31.4497,47.47,33.3128,ramp_up
4.113,2.0730,29.0219,0.72,0.05,2.0664,28.9299,31.4497,47.45,33.5464,ramp_up
4.125,2.0812,29.1375,0.47,0.03,2.0682,28.9541,31.4497,47.43,33.5746,ramp_up
4.138,2.0895,29.2531,-0.20,-0.01,2.0734,29.0281,31.4497,47.45,33.6603,ramp_up
4.150,2.0978,29.3687,-0.20,-0.01,2.0734,29.0281,31.4497,47.45,33.6603,ramp_up
4.163,2.0978,29.3687,0.32,0.02,2.0955,29.3363,31.4497,47.45,34.0177,ramp_up
4.177,2.1060,29.4844,0.30,0.02,2.1013,29.4186,31.5356,47.43,34.1132,ramp_up
4.188,2.1143,29.6000,0.16,0.01,2.1069,29.4961,31.5356,47.45,34.2045,ramp_up
4.200,2.1225,29.7156,0.16,0.01,2.1069,29.4961,31.5356,47.45,34.2045,ramp_up
4.213,2.1225,29.7156,-0.07,-0.00,2.1037,29.4517,31.5356,47.43,34.1515,ramp_up
4.225,2.1308,29.8312,0.46,0.03,2.1237,29.7316,31.5356,47.43,34.4760,ramp_up
4.238,2.1391,29.9469,-0.50,-0.04,2.1262,29.7666,31.5356,47.43,34.5167,ramp_up
4.251,2.1473,30.0625,0.15,0.01,2.1348,29.8871,31.5356,47.45,34.6563,ramp_up
4.265,2.1473,30.0625,0.15,0.01,2.1348,29.8871,31.6216,47.45,34.6563,ramp_up
4.275,2.1556,30.1781,0.18,0.01,2.1461,30.0453,31.6216,47.45,34.8398,ramp_up
4.288,2.1638,30.2937,-0.53,-0.04,2.1547,30.1656,31.6216,47.43,34.9793,ramp_up
4.300,2.1721,30.4094,0.19,0.01,2.1576,30.2064,31.6216,47.42,35.0266,ramp_up
4.314,2.1804,30.5250,0.19,0.01,2.1576,30.2064,31.6216,47.42,35.0266,ramp_up
4.325,2.1804,30.5250,0.19,0.01,2.1634,30.2873,31.6216,47.42,35.1205,ramp_up
4.338,2.1886,30.6406,-0.18,-0.01,2.1779,30.4900,31.6216,47.42,35.3555,ramp_up
4.350,2.1969,30.7562,-0.33,-0.02,2.1866,30.6123,31.6216,47.43,35.4973,ramp_up
4.364,2.2051,30.8719,-0.33,-0.02,2.1866,30.6123,31.7025,47.43,35.4973,ramp_up
4.375,2.2051,30.8719,0.46,0.03,2.2016,30.8225,31.7025,47.43,35.7411,ramp_up
4.388,2.2134,30.9875,0.08,0.01,2.2102,30.9423,31.7025,47.42,35.8800,ramp_up
4.400,2.2217,31.1031,-0.22,-0.02,2.2052,30.8729,31.7025,47.42,35.7995,ramp_up
4.413,2.2299,31.2188,-0.22,-0.02,2.2052,30.8729,31.7025,47.42,35.7995,ramp_up
4.425,2.2299,31.2188,0.08,0.01,2.2166,31.0322,31.7025,47.42,35.9842,ramp_up
4.438,2.2382,31.3344,-0.35,-0.02,2.2312,31.2374,31.7025,47.43,36.2221,ramp_up
4.452,2.2464,31.4500,-0.03,-0.00,2.2263,31.1680,31.7797,47.42,36.1417,ramp_up
4.464,2.2547,31.5656,0.28,0.02,2.2383,31.3356,31.7797,47.38,36.3361,ramp_up
4.475,2.2547,31.5656,0.28,0.02,2.2383,31.3356,31.7797,47.38,36.3361,ramp_up
4.488,2.2629,31.6812,1.24,0.09,2.2520,31.5276,31.7797,47.40,36.5587,ramp_up
4.500,2.2712,31.7969,0.59,0.04,2.2684,31.7577,31.7797,47.40,36.8255,ramp_up
4.513,2.2795,31.9125,0.38,0.03,2.2704,31.7860,31.7797,47.42,36.8584,ramp_up
4.525,2.2795,31.9125,0.38,0.03,2.2704,31.7860,31.7797,47.42,36.8584,ramp_up
4.539,2.2877,32.0281,0.34,0.02,2.2797,31.9165,31.8503,47.42,37.0096,ramp_up
4.550,2.2960,32.1438,0.16,0.01,2.2839,31.9746,31.8503,47.42,37.0770,ramp_up
4.563,2.3042,32.2594,0.03,0.00,2.2983,32.1767,31.8503,47.40,37.3114,ramp_up
4.575,2.3042,32.2594,0.03,0.00,2.2983,32.1767,31.8503,47.40,37.3114,ramp_up
4.588,2.3125,32.3750,0.60,0.04,2.2997,32.1956,31.8503,47.42,37.3333,ramp_up
4.600,2.3208,32.4906,-0.26,-0.02,2.3080,32.3119,31.8503,47.42,37.4681,ramp_up
4.613,2.3290,32.6062,0.06,0.00,2.3231,32.5230,31.8503,47.40,37.7130,ramp_up
4.625,2.3290,32.6062,0.06,0.00,2.3231,32.5230,31.8503,47.40,37.7130,ramp_up
4.639,2.3373,32.7219,0.41,0.03,2.3477,32.8678,31.9224,47.40,38.1127,ramp_up
4.650,2.3455,32.8375,0.67,0.05,2.3287,32.6011,31.9224,47.43,37.8035,ramp_up
4.663,2.3538,32.9531,-0.28,-0.02,2.3515,32.9206,31.9224,47.42,38.1740,ramp_up
4.675,2.3538,32.9531,-0.28,-0.02,2.3515,32.9206,31.9224,47.42,38.1740,ramp_up
4.688,2.3621,33.0688,-0.02,-0.00,2.3536,32.9497,31.9224,47.42,38.2077,ramp_up
4.700,2.3703,33.1844,0.25,0.02,2.3661,33.1257,31.9224,47.42,38.4118,ramp_up
4.713,2.3786,33.3000,-0.17,-0.01,2.3792,33.3083,31.9224,47.40,38.6235,ramp_up
4.730,2.3868,33.4156,-0.17,-0.01,2.3792,33.3083,32.0085,47.40,38.6235,ramp_up
4.738,2.3868,33.4156,0.43,0.03,2.3803,33.3237,32.0085,47.42,38.6414,ramp_up
4.750,2.3951,33.5312,0.21,0.01,2.3810,33.3345,32.0085,47.42,38.6540,ramp_up
4.763,2.4033,33.6469,0.28,0.02,2.3928,33.4991,32.0085,47.42,38.8448,ramp_up
4.777,2.4116,33.7625,0.28,0.02,2.3928,33.4991,32.0085,47.42,38.8448,ramp_up
4.788,2.4116,33.7625,-0.20,-0.01,2.4071,33.6993,32.0085,47.42,39.0770,ramp_up
4.800,2.4199,33.8781,-0.66,-0.05,2.4175,33.8456,32.0085,47.42,39.2465,ramp_up
4.813,2.4281,33.9937,0.85,0.06,2.4182,33.8541,32.0085,47.43,39.2564,ramp_up
4.828,2.4364,34.1094,0.85,0.06,2.4182,33.8541,32.0891,47.43,39.2564,ramp_up
4.838,2.4364,34.1094,0.13,0.01,2.4358,34.1015,32.0891,47.40,39.5433,ramp_up
4.850,2.4446,34.2250,-0.25,-0.02,2.4285,33.9989,32.0891,47.42,39.4244,ramp_up
4.863,2.4529,34.3406,-0.52,-0.04,2.4442,34.2189,32.0891,47.42,39.6794,ramp_up
4.876,2.4612,34.4562,-0.52,-0.04,2.4442,34.2189,32.0891,47.42,39.6794,ramp_up
4.888,2.4612,34.4562,-0.18,-0.01,2.4542,34.3590,32.0891,47.42,39.8419,ramp_up
4.900,2.4694,34.5719,-0.13,-0.01,2.4590,34.4254,32.0891,47.42,39.9189,ramp_up
4.914,2.4777,34.6875,0.48,0.03,2.4639,34.4940,32.1859,47.42,39.9984,ramp_up
4.927,2.4859,34.8031,0.53,0.04,2.4746,34.6444,32.1859,47.42,40.1728,ramp_up
4.938,2.4859,34.8031,0.53,0.04,2.4746,34.6444,32.1859,47.42,40.1728,ramp_up
4.950,2.4942,34.9188,-0.30,-0.02,2.4843,34.7807,32.1859,47.43,40.3309,ramp_up
4.963,2.5025,35.0344,-0.00,-0.00,2.5020,35.0284,32.1859,47.40,40.6182,ramp_up
4.975,2.5107,35.1500,-0.00,-0.00,2.5020,35.0284,32.1859,47.40,40.6182,ramp_up
4.988,2.5107,35.1500,-0.20,-0.01,2.5032,35.0446,32.1859,47.43,40.6369,ramp_up
5.001,2.5190,35.2656,0.14,0.01,2.5156,35.2184,32.2671,47.42,40.8385,ramp_up
5.013,2.5272,35.3812,0.00,0.00,2.5228,35.3186,32.2671,47.43,40.9546,ramp_up
5.026,2.5355,35.4969,-0.10,-0.01,2.5206,35.2882,32.2671,47.42,40.9193,ramp_up
5.038,2.5355,35.4969,-0.10,-0.01,2.5206,35.2882,32.2671,47.42,40.9193,ramp_up
5.050,2.5438,35.6125,0.20,0.01,2.5316,35.4423,32.2671,47.42,41.0981,ramp_up
5.063,2.5520,35.7281,-0.08,-0.01,2.5472,35.6605,32.2671,47.42,41.3511,ramp_up
5.076,2.5603,35.8438,0.25,0.02,2.5416,35.5820,32.2671,47.43,41.2600,ramp_up
5.088,2.5603,35.8438,0.25,0.02,2.5416,35.5820,32.2671,47.43,41.2600,ramp_up
5.101,2.5685,35.9594,-0.25,-0.02,2.5515,35.7207,32.3356,47.43,41.4209,ramp_up
5.113,2.5768,36.0750,0.73,0.05,2.5672,35.9411,32.3356,47.43,41.6764,ramp_up
5.125,2.5850,36.1906,0.55,0.04,2.5729,36.0206,32.3356,47.43,41.7686,ramp_up
5.138,2.5933,36.3062,0.55,0.04,2.5729,36.0206,32.3356,47.43,41.7686,ramp_up
5.150,2.5933,36.3062,1.55,0.11,2.5843,36.1803,32.3356,47.45,41.9538,ramp_up
5.163,2.6016,36.4219,-0.17,-0.01,2.5924,36.2936,32.3356,47.43,42.0852,ramp_up
5.175,2.6098,36.5375,-0.37,-0.03,2.5984,36.3780,32.3356,47.43,42.1831,ramp_up
5.190,2.6181,36.6531,-0.37,-0.03,2.5984,36.3780,32.4168,47.43,42.1831,ramp_up
5.200,2.6181,36.6531,0.17,0.01,2.6071,36.4996,32.4168,47.43,42.3241,ramp_up
5.213,2.6263,36.7687,0.40,0.03,2.6173,36.6418,32.4168,47.45,42.4890,ramp_up
5.225,2.6346,36.8844,1.06,0.08,2.6274,36.7839,32.4168,47.45,42.6537,ramp_up
5.239,2.6429,37.0000,0.83,0.06,2.6278,36.7896,32.4168,47.43,42.6603,ramp_up
5.250,2.6429,37.0000,0.83,0.06,2.6278,36.7896,32.4168,47.43,42.6603,ramp_up
5.263,2.6429,37.0000,1.59,0.11,2.6485,37.0789,32.4168,47.47,42.9958,hold
5.276,2.6429,37.0000,1.01,0.07,2.6436,37.0100,32.5317,47.47,42.8831,hold
5.288,2.6429,37.0000,0.67,0.05,2.6446,37.0249,32.5317,47.47,42.9332,hold
5.301,2.6429,37.0000,0.67,0.05,2.6446,37.0249,32.5317,47.47,42.9332,hold
5.313,2.6429,37.0000,1.23,0.09,2.6435,37.0095,32.5317,47.49,42.9154,hold
5.325,2.6429,37.0000,1.47,0.11,2.6400,36.9604,32.5317,47.51,42.8584,hold
5.338,2.6429,37.0000,1.22,0.09,2.6567,37.1941,32.5317,47.51,43.1294,hold
5.351,2.6429,37.0000,3.39,0.24,2.6398,36.9575,32.5317,47.52,42.8550,hold
5.363,2.6429,37.0000,3.39,0.24,2.6398,36.9575,32.5317,47.52,42.8550,hold
5.376,2.6429,37.0000,15.95,1.14,2.6308,36.8318,32.7402,47.52,42.7093,hold
5.388,2.6429,37.0000,226.31,16.16,2.5439,35.6147,32.7402,47.09,41.2980,hold
5.400,2.6429,37.0000,-44.46,-3.18,2.6140,36.5958,32.7402,47.13,42.4356,hold
5.413,2.6429,37.0000,-44.46,-3.18,2.6140,36.5958,32.7402,47.13,42.4356,hold
5.425,2.6429,37.0000,-4.22,-0.30,2.6415,36.9816,32.7402,47.16,42.8831,hold
5.438,2.6429,37.0000,0.57,0.04,2.6423,36.9923,32.7402,47.20,42.8955,hold
5.450,2.6429,37.0000,0.25,0.02,2.6426,36.9968,32.7402,47.16,42.9006,hold
5.466,2.6429,37.0000,-0.93,-0.07,2.6462,37.0467,33.3985,47.20,42.9585,hold
5.475,2.6429,37.0000,-0.93,-0.07,2.6462,37.0467,33.3985,47.20,42.9585,hold
5.488,2.6429,37.0000,-0.49,-0.03,2.6397,36.9554,33.3985,47.18,42.8526,hold
5.500,2.6429,37.0000,0.75,0.05,2.6517,37.1235,33.3985,47.16,43.0476,hold
5.513,2.6429,37.0000,-0.28,-0.02,2.6369,36.9161,33.3985,47.20,42.8070,hold
5.527,2.6429,37.0000,-0.28,-0.02,2.6369,36.9161,33.3985,47.20,42.8070,hold
5.538,2.6429,37.0000,0.05,0.00,2.6391,36.9480,33.3985,47.20,42.8441,hold
5.550,2.6429,37.0000,-0.49,-0.04,2.6414,36.9802,33.3985,47.22,42.8814,hold
5.564,2.6429,37.0000,0.32,0.02,2.6423,36.9918,37.4823,47.20,42.8949,hold
5.576,2.6429,37.0000,0.32,0.02,2.6423,36.9918,37.4823,47.20,42.8949,hold
5.588,2.6429,37.0000,0.52,0.04,2.6423,36.9920,37.4823,47.18,42.8950,hold
5.600,2.6429,37.0000,0.41,0.03,2.6487,37.0816,37.4823,47.18,42.9989,hold
5.613,2.6429,37.0000,-0.08,-0.01,2.6440,37.0167,37.4823,47.18,42.9237,hold
5.626,2.6429,37.0000,0.09,0.01,2.6463,37.0478,37.4823,47.18,42.9598,hold
5.638,2.6429,37.0000,0.09,0.01,2.6463,37.0478,37.4823,47.18,42.9598,hold
5.651,2.6429,37.0000,0.71,0.05,2.6372,36.9214,41.3381,47.20,42.8132,hold
5.663,2.6429,37.0000,-0.46,-0.03,2.6289,36.8045,41.3381,47.20,42.6777,hold
5.675,2.6429,37.0000,0.55,0.04,2.6463,37.0479,41.3381,47.20,42.9599,hold
5.688,2.6429,37.0000,0.55,0.04,2.6463,37.0479,41.3381,47.20,42.9599,hold
5.700,2.6429,37.0000,-0.48,-0.03,2.6473,37.0618,41.3381,47.18,42.9761,hold
5.713,2.6429,37.0000,0.32,0.02,2.6372,36.9212,41.3381,47.18,42.8130,hold
5.725,2.6429,37.0000,0.32,0.02,2.6300,36.8195,41.3381,47.18,42.6950,hold
5.742,2.6429,37.0000,0.32,0.02,2.6300,36.8195,41.2212,47.18,42.6950,hold
5.750,2.6429,37.0000,0.16,0.01,2.6444,37.0214,41.2212,47.18,42.9292,hold
5.763,2.6429,37.0000,-0.08,-0.01,2.6432,37.0051,41.2212,47.20,42.9102,hold
5.775,2.6429,37.0000,-0.32,-0.02,2.6483,37.0765,41.2212,47.18,42.9931,hold
5.789,2.6429,37.0000,-0.44,-0.03,2.6411,36.9751,41.2212,47.20,42.8755,hold
5.800,2.6429,37.0000,-0.44,-0.03,2.6411,36.9751,41.2212,47.20,42.8755,hold
5.813,2.6429,37.0000,1.00,0.07,2.6456,37.0388,41.2212,47.18,42.9494,hold
5.825,2.6429,37.0000,0.56,0.04,2.6454,37.0349,41.2212,47.18,42.9449,hold
5.839,2.6429,37.0000,-0.15,-0.01,2.6423,36.9928,40.9077,47.20,42.8960,hold
5.852,2.6429,37.0000,-0.15,-0.01,2.6423,36.9928,40.9077,47.20,42.8960,hold
5.863,2.6429,37.0000,-0.12,-0.01,2.6399,36.9589,40.9077,47.20,42.8567,hold
5.875,2.6429,37.0000,-0.25,-0.02,2.6465,37.0508,40.9077,47.20,42.9633,hold
5.888,2.6429,37.0000,-0.02,-0.00,2.6459,37.0428,40.9077,47.20,42.9540,hold
5.900,2.6429,37.0000,-0.02,-0.00,2.6459,37.0428,40.9077,47.20,42.9540,hold
5.913,2.6429,37.0000,-0.10,-0.01,2.6391,36.9471,40.9077,47.18,42.8430,hold
5.926,2.6429,37.0000,0.68,0.05,2.6394,36.9510,40.6950,47.18,42.8475,hold
5.938,2.6429,37.0000,0.44,0.03,2.6350,36.8898,40.6950,47.18,42.7766,hold
5.950,2.6429,37.0000,0.41,0.03,2.6467,37.0543,40.6950,47.18,42.9673,hold
5.963,2.6429,37.0000,0.41,0.03,2.6467,37.0543,40.6950,47.18,42.9673,hold
5.975,2.6429,37.0000,0.04,0.00,2.6408,36.9706,40.6950,47.18,42.8703,hold
5.988,2.6429,37.0000,-0.15,-0.01,2.6309,36.8330,40.6950,47.18,42.7107,hold
6.000,2.6429,37.0000,-0.60,-0.04,2.6396,36.9548,40.6950,47.18,42.8519,hold
6.016,2.6429,37.0000,-0.60,-0.04,2.6396,36.9548,40.5313,47.18,42.8519,hold
6.025,2.6429,37.0000,-0.11,-0.01,2.6418,36.9853,40.5313,47.20,42.8873,hold
6.038,2.6429,37.0000,-0.10,-0.01,2.6383,36.9362,40.5313,47.18,42.8304,hold
6.050,2.6429,37.0000,-0.40,-0.03,2.6334,36.8672,40.5313,47.16,42.7504,hold
6.063,2.6429,37.0000,0.41,0.03,2.6425,36.9957,40.5313,47.20,42.8993,hold
6.076,2.6429,37.0000,0.41,0.03,2.6425,36.9957,40.5313,47.20,42.8993,hold
6.088,2.6429,37.0000,-0.32,-0.02,2.6408,36.9709,40.5313,47.18,42.8706,hold
6.100,2.6429,37.0000,-0.20,-0.01,2.6562,37.1868,40.5313,47.20,43.1210,hold
6.114,2.6429,37.0000,0.75,0.05,2.6398,36.9572,40.3915,47.20,42.8548,hold
6.125,2.6429,37.0000,0.33,0.02,2.6423,36.9922,40.3915,47.20,42.8953,hold
6.138,2.6429,37.0000,0.33,0.02,2.6423,36.9922,40.3915,47.20,42.8953,hold
6.150,2.6429,37.0000,-0.12,-0.01,2.6450,37.0304,40.3915,47.20,42.9396,hold
6.163,2.6429,37.0000,-0.17,-0.01,2.6485,37.0790,40.3915,47.20,42.9959,hold
6.175,2.6429,37.0000,-0.81,-0.06,2.6403,36.9640,40.3915,47.20,42.8626,hold
6.188,2.6429,37.0000,-0.81,-0.06,2.6403,36.9640,40.3915,47.20,42.8626,hold
6.201,2.6429,37.0000,-0.17,-0.01,2.6368,36.9157,40.2745,47.20,42.8066,hold
6.213,2.6429,37.0000,1.05,0.07,2.6438,37.0129,40.2745,47.20,42.9194,hold
6.225,2.6429,37.0000,-0.06,-0.00,2.6419,36.9862,40.2745,47.22,42.8884,hold
6.239,2.6429,37.0000,0.36,0.03,2.6417,36.9832,40.2745,47.18,42.8849,hold
6.250,2.6429,37.0000,0.36,0.03,2.6417,36.9832,40.2745,47.18,42.8849,hold
6.263,2.6429,37.0000,-0.09,-0.01,2.6332,36.8646,40.2745,47.18,42.7474,hold
6.275,2.6429,37.0000,0.55,0.04,2.6383,36.9358,40.2745,47.20,42.8299,hold
6.288,2.6429,37.0000,0.93,0.07,2.6408,36.9715,40.2745,47.20,42.8713,hold
6.305,2.6429,37.0000,0.93,0.07,2.6408,36.9715,40.1770,47.20,42.8713,hold
6.313,2.6429,37.0000,0.16,0.01,2.6387,36.9416,40.1770,47.20,42.8814,hold
6.325,2.6429,37.0000,-0.38,-0.03,2.6437,37.0124,40.1770,47.20,42.9187,hold
6.338,2.6429,37.0000,-0.26,-0.02,2.6408,36.9715,40.1770,47.22,42.8713,hold
6.350,2.6429,37.0000,-0.26,-0.02,2.6408,36.9715,40.1770,47.22,42.8713,hold
6.363,2.6429,37.0000,-0.15,-0.01,2.6438,37.0130,40.1770,47.18,42.9194,hold
6.375,2.6429,37.0000,0.23,0.02,2.6412,36.9769,40.1770,47.18,42.8713,hold
6.389,2.6429,37.0000,0.18,0.01,2.6434,37.0073,40.0923,47.18,42.9128,hold
6.400,2.6429,37.0000,-0.23,-0.02,2.6440,37.0157,40.0923,47.20,42.9226,hold
6.413,2.6429,37.0000,-0.23,-0.02,2.6440,37.0157,40.0923,47.20,42.9226,hold
6.425,2.6429,37.0000,-0.61,-0.04,2.6446,37.0247,40.0923,47.20,42.9330,hold
6.438,2.6429,37.0000,0.97,0.07,2.6458,37.0410,40.0923,47.18,42.9519,hold
6.450,2.6429,37.0000,-0.24,-0.02,2.6385,36.9386,40.0923,47.18,42.8331,hold
6.463,2.6429,37.0000,-0.24,-0.02,2.6385,36.9386,40.0923,47.18,42.8331,hold
6.476,2.6429,37.0000,0.46,0.03,2.6486,37.0798,40.0169,47.18,42.9969,hold
6.488,2.6429,37.0000,0.46,0.03,2.6484,37.0773,40.0169,47.20,42.9940,hold
6.500,2.6429,37.0000,0.00,0.00,2.6484,37.0771,40.0169,47.20,42.9937,hold
6.513,2.6429,37.0000,0.16,0.01,2.6369,36.9171,40.0169,47.18,42.8082,hold
6.527,2.6429,37.0000,0.16,0.01,2.6369,36.9171,40.0169,47.18,42.8082,hold
6.538,2.6429,37.0000,0.20,0.01,2.6375,36.9247,40.0169,47.20,42.8171,hold
6.550,2.6429,37.0000,-0.33,-0.02,2.6321,36.8500,40.0169,47.18,42.7304,hold
6.563,2.6429,37.0000,0.19,0.01,2.6402,36.9635,40.0169,47.20,42.8620,hold
6.578,2.6429,37.0000,0.19,0.01,2.6402,36.9635,39.9483,47.20,42.8620,hold
6.588,2.6429,37.0000,0.50,0.04,2.6397,36.9558,39.9483,47.18,42.8531,hold
6.600,2.6429,37.0000,0.33,0.02,2.6460,37.0434,39.9483,47.20,42.9547,hold
6.613,2.6429,37.0000,0.42,0.03,2.6423,36.9924,39.9483,47.20,42.8955,hold
6.625,2.6429,37.0000,0.43,0.03,2.6401,36.9608,39.9483,47.18,42.8589,hold
6.638,2.6429,37.0000,0.43,0.03,2.6401,36.9608,39.9483,47.18,42.8589,hold
6.650,2.6429,37.0000,-0.40,-0.03,2.6404,36.9659,39.9483,47.20,42.8649,hold
6.664,2.6429,37.0000,-0.05,-0.00,2.6458,37.0410,39.8846,47.20,42.9519,hold
6.675,2.6429,37.0000,-0.55,-0.04,2.6428,36.9997,39.8846,47.20,42.9490,hold
6.688,2.6429,37.0000,-0.55,-0.04,2.6428,36.9997,39.8846,47.20,42.9490,hold
6.700,2.6429,37.0000,-0.06,-0.00,2.6392,36.9489,39.8846,47.18,42.8450,hold
6.713,2.6429,37.0000,-0.13,-0.01,2.6395,36.9535,39.8846,47.18,42.8504,hold
6.725,2.6429,37.0000,-0.35,-0.02,2.6366,36.9122,39.8846,47.20,42.8026,hold
6.738,2.6429,37.0000,0.24,0.02,2.6449,37.0290,39.8846,47.20,42.9379,hold
6.755,2.6429,37.0000,0.24,0.02,2.6449,37.0290,39.8228,47.20,42.9379,hold
6.763,2.6429,37.0000,-0.27,-0.02,2.6430,37.0019,39.8228,47.20,42.9066,hold
6.775,2.6429,37.0000,-0.25,-0.02,2.6430,37.0019,39.8228,47.16,42.9066,hold
6.788,2.6429,37.0000,-0.53,-0.04,2.6366,36.9122,39.8228,47.18,42.8026,hold
6.800,2.6429,37.0000,-0.53,-0.04,2.6366,36.9122,39.8228,47.18,42.8026,hold
6.813,2.6429,37.0000,0.63,0.05,2.6389,36.9445,39.8228,47.20,42.8399,hold
6.825,2.6429,37.0000,-0.50,-0.04,2.6392,36.9488,39.8228,47.16,42.8450,hold
6.838,2.6429,37.0000,-0.18,-0.01,2.6420,36.9878,39.8228,47.20,42.8902,hold
6.851,2.6429,37.0000,-0.52,-0.04,2.6423,36.9924,39.7676,47.18,42.8955,hold
6.864,2.6429,37.0000,-0.52,-0.04,2.6423,36.9924,39.7676,47.18,42.8955,hold
6.875,2.6429,37.0000,0.83,0.06,2.6442,37.0183,39.7676,47.20,42.9256,hold
6.888,2.6429,37.0000,-0.08,-0.01,2.6477,37.0679,39.7676,47.16,42.9830,hold
6.900,2.6429,37.0000,0.79,0.06,2.6354,36.8953,39.7676,47.20,42.7829,hold
6.914,2.6429,37.0000,-0.68,-0.05,2.6394,36.9512,39.7676,47.18,42.8477,hold
6.925,2.6429,37.0000,-0.68,-0.05,2.6394,36.9512,39.7676,47.18,42.8477,hold
6.939,2.6429,37.0000,0.07,0.01,2.6332,36.8642,39.7176,47.18,42.7469,hold
6.952,2.6429,37.0000,-0.18,-0.01,2.6508,37.1110,39.7176,47.20,43.0331,hold
6.963,2.6429,37.0000,-0.18,-0.01,2.6508,37.1110,39.7176,47.20,43.0331,hold
6.975,2.6429,37.0000,-0.35,-0.03,2.6386,36.9402,39.7176,47.16,42.8350,hold
6.988,2.6429,37.0000,-0.48,-0.03,2.6470,37.0574,39.7176,47.20,42.9710,hold
7.000,2.6429,37.0000,-0.02,-0.00,2.6415,36.9814,39.7176,47.18,42.8827,hold
7.013,2.6429,37.0000,-0.02,-0.00,2.6415,36.9814,39.7176,47.18,42.8827,hold
7.025,2.6429,37.0000,-0.40,-0.03,2.6420,36.9876,39.7176,47.18,42.8900,hold
7.039,2.6429,37.0000,0.25,0.02,2.6411,36.9754,39.6707,47.18,42.8758,hold
7.050,2.6429,37.0000,-0.16,-0.01,2.6468,37.0555,39.6707,47.18,42.9687,hold
7.063,2.6429,37.0000,-0.16,-0.01,2.6468,37.0555,39.6707,47.18,42.9687,hold
7.075,2.6429,37.0000,-0.45,-0.03,2.6414,36.9792,39.6707,47.20,42.8802,hold
7.088,2.6429,37.0000,0.88,0.06,2.6377,36.9275,39.6707,47.20,42.8202,hold
7.100,2.6429,37.0000,-0.30,-0.02,2.6443,37.0203,39.6707,47.20,42.9279,hold
7.113,2.6429,37.0000,0.17,0.01,2.6464,37.0501,39.6707,47.20,42.9624,hold
7.130,2.6429,37.0000,0.17,0.01,2.6464,37.0501,39.6260,47.20,42.9624,hold
7.138,2.6429,37.0000,0.08,0.01,2.6439,37.0146,39.6260,47.18,42.9212,hold
7.150,2.6429,37.0000,0.25,0.02,2.6411,36.9754,39.6260,47.20,42.8758,hold
7.163,2.6429,37.0000,-0.80,-0.06,2.6412,36.9773,39.6260,47.20,42.8781,hold
7.176,2.6429,37.0000,-0.80,-0.06,2.6412,36.9773,39.6260,47.20,42.8781,hold
7.188,2.6429,37.0000,-0.09,-0.01,2.6410,36.9734,39.6260,47.18,42.8736,hold
7.200,2.6429,37.0000,0.67,0.05,2.6404,36.9651,39.6260,47.18,42.8639,hold
7.214,2.6429,37.0000,0.09,0.01,2.6408,36.9718,39.5829,47.16,42.8716,hold
7.226,2.6429,37.0000,0.04,0.00,2.6407,36.9700,39.5829,47.20,42.8696,hold
7.238,2.6429,37.0000,0.04,0.00,2.6407,36.9700,39.5829,47.20,42.8696,hold
7.250,2.6429,37.0000,0.38,0.03,2.6491,37.0878,39.5829,47.20,43.0062,hold
7.263,2.6429,37.0000,0.04,0.00,2.6491,37.0878,39.5829,47.20,43.0061,hold
7.275,2.6429,37.0000,0.10,0.01,2.6465,37.0517,39.5829,47.20,42.9643,hold
7.289,2.6429,37.0000,0.10,0.01,2.6465,37.0517,39.5829,47.20,42.9643,hold
7.300,2.6429,37.0000,-0.31,-0.02,2.6438,37.0125,39.5829,47.20,42.9189,hold
7.314,2.6429,37.0000,-0.03,-0.00,2.6349,36.8881,39.5447,47.16,42.7746,hold
7.325,2.6429,37.0000,-0.64,-0.05,2.6472,37.0610,39.5447,47.16,42.9750,hold
7.338,2.6429,37.0000,0.40,0.03,2.6430,37.0016,39.5447,47.16,42.9062,hold
7.350,2.6429,37.0000,0.40,0.03,2.6430,37.0016,39.5447,47.16,42.9062,hold
7.363,2.6429,37.0000,-0.06,-0.00,2.6406,36.9683,39.5447,47.18,42.8676,hold
7.375,2.6429,37.0000,-0.11,-0.01,2.6406,36.9684,39.5447,47.18,42.8677,hold
7.388,2.6429,37.0000,0.64,0.05,2.6459,37.0424,39.5447,47.18,42.9535,hold
7.404,2.6429,37.0000,0.64,0.05,2.6459,37.0424,39.5074,47.18,42.9535,hold
7.413,2.6429,37.0000,-0.62,-0.04,2.6433,37.0059,39.5074,47.18,42.9111,hold
7.425,2.6429,37.0000,0.59,0.04,2.6517,37.1240,39.5074,47.16,43.0481,hold
7.438,2.6429,37.0000,0.06,0.00,2.6486,37.0803,39.5074,47.18,42.9975,hold
7.451,2.6429,37.0000,0.11,0.01,2.6435,37.0088,39.5074,47.15,42.9146,hold
7.463,2.6429,37.0000,0.11,0.01,2.6435,37.0088,39.5074,47.15,42.9146,hold
7.475,2.6429,37.0000,-0.19,-0.01,2.6460,37.0438,39.5074,47.18,42.9552,hold
7.488,2.6429,37.0000,1.02,0.07,2.6370,36.9174,39.5074,47.16,42.8086,hold
7.501,2.6429,37.0000,0.01,0.00,2.6430,37.0016,39.4731,47.18,42.9062,hold
7.514,2.6429,37.0000,0.01,0.00,2.6430,37.0016,39.4731,47.18,42.9062,hold
7.525,2.6429,37.0000,0.57,0.04,2.6485,37.0791,39.4731,47.16,42.9961,hold
7.538,2.6429,37.0000,0.25,0.02,2.6457,37.0397,39.4731,47.18,42.9503,hold
7.550,2.6429,37.0000,0.03,0.00,2.6401,36.9608,39.4731,47.18,42.8589,hold
7.564,2.6429,37.0000,0.40,0.03,2.6423,36.9927,39.4731,47.20,42.8959,hold
7.575,2.6429,37.0000,0.40,0.03,2.6423,36.9927,39.4731,47.20,42.8959,hold
7.589,2.6429,37.0000,-0.54,-0.04,2.6371,36.9200,39.4378,47.16,42.8116,hold
7.600,2.6429,37.0000,0.39,0.03,2.6454,37.0360,39.4378,47.18,42.9461,hold
7.613,2.6429,37.0000,0.01,0.00,2.6372,36.9214,39.4378,47.18,42.8132,hold
7.627,2.6429,37.0000,0.01,0.00,2.6372,36.9214,39.4378,47.18,42.8132,hold
7.638,2.6429,37.0000,-0.08,-0.01,2.6457,37.0397,39.4378,47.18,42.9504,hold
7.650,2.6429,37.0000,-0.36,-0.03,2.6455,37.0368,39.4378,47.16,42.9470,hold
7.663,2.6429,37.0000,-0.07,-0.00,2.6456,37.0384,39.4378,47.20,42.9489,hold
7.679,2.6429,37.0000,-0.07,-0.00,2.6456,37.0384,39.4056,47.20,42.9489,hold
7.688,2.6429,37.0000,0.05,0.00,2.6484,37.0779,39.4056,47.16,42.9947,hold
7.700,2.6429,37.0000,-0.53,-0.04,2.6371,36.9200,39.4056,47.18,42.8116,hold
7.713,2.6429,37.0000,-0.35,-0.02,2.6372,36.9210,39.4056,47.16,42.9044,hold
7.725,2.6429,37.0000,-0.35,-0.02,2.6372,36.9210,39.4056,47.16,42.9044,hold
7.738,2.6429,37.0000,0.56,0.04,2.6507,37.1098,39.4056,47.18,43.0317,hold
7.750,2.6429,37.0000,0.25,0.02,2.6479,37.0702,39.4056,47.18,42.9858,hold
7.763,2.6429,37.0000,0.42,0.03,2.6425,36.9954,39.4056,47.20,42.8990,hold
7.777,2.6429,37.0000,-0.10,-0.01,2.6424,36.9931,39.3755,47.16,42.8964,hold
7.789,2.6429,37.0000,-0.10,-0.01,2.6424,36.9931,39.3755,47.16,42.8964,hold
7.800,2.6429,37.0000,0.06,0.00,2.6482,37.0745,39.3755,47.16,42.9907,hold
7.813,2.6429,37.0000,-0.27,-0.02,2.6454,37.0349,39.3755,47.18,42.9449,hold
7.825,2.6429,37.0000,-0.54,-0.04,2.6487,37.0813,39.3755,47.16,42.9987,hold
7.840,2.6429,37.0000,-0.60,-0.04,2.6395,36.9534,39.3755,47.16,42.8503,hold
7.850,2.6429,37.0000,-0.60,-0.04,2.6395,36.9534,39.3755,47.16,42.8503,hold
7.864,2.6429,37.0000,-0.17,-0.01,2.6398,36.9568,39.3464,47.15,42.8543,hold
7.875,2.6429,37.0000,-0.06,-0.00,2.6368,36.9151,39.3464,47.16,42.8060,hold
7.888,2.6429,37.0000,-0.32,-0.02,2.6428,36.9988,39.3464,47.18,42.9030,hold
7.902,2.6429,37.0000,-0.32,-0.02,2.6428,36.9988,39.3464,47.18,42.9030,hold
7.913,2.6429,37.0000,0.14,0.01,2.6452,37.0329,39.3464,47.15,42.9425,hold
7.925,2.6429,37.0000,-0.28,-0.02,2.6455,37.0371,39.3464,47.16,42.9474,hold
7.938,2.6429,37.0000,-0.67,-0.05,2.6370,36.9174,39.3464,47.16,42.8086,hold
7.955,2.6429,37.0000,-0.67,-0.05,2.6370,36.9174,39.3174,47.16,42.8086,hold
7.963,2.6429,37.0000,0.31,0.02,2.6423,36.9923,39.3174,47.16,42.8954,hold
7.975,2.6429,37.0000,-0.00,-0.00,2.6390,36.9465,39.3174,47.18,42.8423,hold
7.988,2.6429,37.0000,0.18,0.01,2.6451,37.0310,39.3174,47.16,42.9403,hold
8.000,2.6429,37.0000,0.18,0.01,2.6451,37.0310,39.3174,47.16,42.9403,hold
8.013,2.6429,37.0000,-0.65,-0.05,2.6422,36.9914,39.3174,47.20,42.8943,hold
8.025,2.6429,37.0000,-0.17,-0.01,2.6337,36.8725,39.3174,47.18,42.7565,hold
8.038,2.6429,37.0000,0.07,0.01,2.6451,37.0319,39.3174,47.15,42.9414,hold
8.052,2.6429,37.0000,-0.08,-0.01,2.6454,37.0358,39.2876,47.15,42.9458,hold
8.063,2.6429,37.0000,-0.08,-0.01,2.6454,37.0358,39.2876,47.15,42.9458,hold
8.075,2.6429,37.0000,0.04,0.00,2.6479,37.0699,39.2876,47.15,42.9855,hold
8.088,2.6429,37.0000,0.68,0.05,2.6420,36.9883,39.2876,47.16,42.8908,hold
8.100,2.6429,37.0000,-0.03,-0.00,2.6476,37.0670,39.2876,47.18,42.9821,hold
8.113,2.6429,37.0000,-0.03,-0.00,2.6476,37.0670,39.2876,47.18,42.9821,hold
8.125,2.6429,37.0000,-0.36,-0.03,2.6368,36.9158,39.2876,47.16,42.8067,hold
8.139,2.6429,37.0000,0.28,0.02,2.6451,37.0317,39.2621,47.16,42.7542,hold
8.150,2.6429,37.0000,-0.44,-0.03,2.6398,36.9566,39.2621,47.16,42.8540,hold
8.163,2.6429,37.0000,0.26,0.02,2.6448,37.0269,39.2621,47.16,42.9355,hold
8.175,2.6429,37.0000,0.26,0.02,2.6448,37.0269,39.2621,47.16,42.9355,hold
8.188,2.6429,37.0000,0.31,0.02,2.6506,37.1083,39.2621,47.15,43.0299,hold
8.200,2.6429,37.0000,-0.24,-0.02,2.6424,36.9932,39.2621,47.15,42.8964,hold
8.213,2.6429,37.0000,0.42,0.03,2.6448,37.0276,39.2621,47.16,42.9364,hold
8.226,2.6429,37.0000,0.42,0.03,2.6448,37.0276,39.2621,47.16,42.9364,hold
8.239,2.6429,37.0000,-0.37,-0.03,2.6393,36.9501,39.2381,47.18,42.8465,hold
8.250,2.6429,37.0000,-0.44,-0.03,2.6421,36.9897,39.2381,47.16,42.8925,hold
8.263,2.6429,37.0000,-0.52,-0.04,2.6453,37.0348,39.2381,47.18,42.9447,hold
8.275,2.6429,37.0000,-0.14,-0.01,2.6392,36.9493,39.2381,47.16,42.8456,hold
8.288,2.6429,37.0000,-0.14,-0.01,2.6392,36.9493,39.2381,47.16,42.8456,hold
8.300,2.6429,37.0000,0.03,0.00,2.6420,36.9883,39.2381,47.16,42.8908,hold
8.313,2.6429,37.0000,-0.30,-0.02,2.6395,36.9526,39.2381,47.15,42.8493,hold
8.326,2.6429,37.0000,0.16,0.01,2.6421,36.9898,39.2094,47.16,42.8925,hold
8.338,2.6429,37.0000,0.16,0.01,2.6421,36.9898,39.2094,47.16,42.8925,hold
8.350,2.6429,37.0000,0.53,0.04,2.6363,36.9076,39.2094,47.18,42.7972,hold
8.363,2.6429,37.0000,0.06,0.00,2.6451,37.0317,39.2094,47.16,42.9411,hold
8.375,2.6429,37.0000,0.25,0.02,2.6364,36.9093,39.2094,47.16,42.7992,hold
8.388,2.6429,37.0000,0.19,0.01,2.6421,36.9891,39.2094,47.18,42.8917,hold
8.400,2.6429,37.0000,0.19,0.01,2.6421,36.9891,39.2094,47.18,42.8917,hold
8.414,2.6429,37.0000,0.72,0.05,2.6419,36.9872,39.1825,47.16,42.8896,hold
8.425,2.6429,37.0000,-0.07,-0.01,2.6534,37.1469,39.1825,47.18,43.0747,hold
8.438,2.6429,37.0000,0.37,0.03,2.6422,36.9903,39.1825,47.16,42.8931,hold
8.450,2.6429,37.0000,0.37,0.03,2.6422,36.9903,39.1825,47.16,42.8931,hold
8.463,2.6429,37.0000,0.13,0.01,2.6421,36.9890,39.1825,47.16,42.8916,hold
8.475,2.6429,37.0000,0.21,0.02,2.6392,36.9486,39.1825,47.16,42.8447,hold
8.488,2.6429,37.0000,0.04,0.00,2.6504,37.1060,39.1825,47.16,43.0273,hold
8.500,2.6429,37.0000,0.04,0.00,2.6504,37.1060,39.1825,47.16,43.0273,hold
8.514,2.6429,37.0000,-0.43,-0.03,2.6449,37.0281,39.1572,47.15,42.9370,hold
8.525,2.6429,37.0000,0.33,0.02,2.6475,37.0650,39.1572,47.16,42.9335,hold
8.538,2.6429,37.0000,-0.39,-0.03,2.6364,36.9094,39.1572,47.15,42.7993,hold
8.551,2.6429,37.0000,0.35,0.03,2.6448,37.0265,39.1572,47.16,42.9351,hold
8.563,2.6429,37.0000,0.35,0.03,2.6448,37.0265,39.1572,47.16,42.9351,hold
8.575,2.6429,37.0000,-0.36,-0.03,2.6421,36.9890,39.1572,47.16,42.8916,hold
8.588,2.6429,37.0000,-0.28,-0.02,2.6392,36.9485,39.1572,47.15,42.8446,hold
8.601,2.6429,37.0000,-0.83,-0.06,2.6392,36.9493,39.1318,47.16,42.8456,hold
8.614,2.6429,37.0000,-0.83,-0.06,2.6392,36.9493,39.1318,47.16,42.8456,hold
8.625,2.6429,37.0000,-0.26,-0.02,2.6363,36.9082,39.1318,47.16,42.7979,hold
8.638,2.6429,37.0000,-1.27,-0.09,2.6392,36.9493,39.1318,47.18,42.8456,hold
8.650,2.6429,37.0000,0.32,0.02,2.6419,36.9872,39.1318,47.16,42.8895,hold
8.664,2.6429,37.0000,-0.22,-0.02,2.6476,37.0665,39.1318,47.15,42.9815,hold
8.675,2.6429,37.0000,-0.22,-0.02,2.6476,37.0665,39.1318,47.15,42.9815,hold
8.689,2.6429,37.0000,0.13,0.01,2.6447,37.0261,39.1112,47.15,42.9346,hold
8.700,2.6429,37.0000,-0.19,-0.01,2.6506,37.1088,39.1112,47.16,43.0305,hold
8.713,2.6429,37.0000,0.38,0.03,2.6504,37.1058,39.1112,47.16,43.0270,hold
8.727,2.6429,37.0000,0.38,0.03,2.6504,37.1058,39.1112,47.16,43.0270,hold
8.738,2.6429,37.0000,1.33,0.09,2.6475,37.0651,39.1112,47.15,42.9798,hold
8.750,2.6429,37.0000,-0.40,-0.03,2.6419,36.9868,39.1112,47.16,42.8890,hold
8.763,2.6429,37.0000,0.15,0.01,2.6505,37.1064,39.1112,47.18,43.0278,hold
8.777,2.6429,37.0000,-0.05,-0.00,2.6333,36.8666,39.1112,47.16,42.7497,hold
8.791,2.6429,37.0000,-0.05,-0.00,2.6333,36.8666,39.0923,47.16,42.7497,hold
8.800,2.6429,37.0000,0.11,0.01,2.6361,36.9060,39.0923,47.18,42.7953,hold
8.813,2.6429,37.0000,-0.45,-0.03,2.6392,36.9485,39.0923,47.16,42.8446,hold
8.825,2.6429,37.0000,-0.14,-0.01,2.6391,36.9469,39.0923,47.15,42.8428,hold
8.840,2.6429,37.0000,-0.14,-0.01,2.6391,36.9469,39.0923,47.15,42.8428,hold
8.850,2.6429,37.0000,0.12,0.01,2.6533,37.1467,39.0923,47.16,43.0744,hold
8.863,2.6429,37.0000,-0.00,-0.00,2.6418,36.9859,39.0923,47.16,42.8417,hold
8.877,2.6429,37.0000,-1.03,-0.07,2.6304,36.8263,39.0720,47.16,42.7029,hold
8.888,2.6429,37.0000,-1.03,-0.07,2.6304,36.8263,39.0720,47.16,42.7029,hold
8.900,2.6429,37.0000,0.67,0.05,2.6476,37.0661,39.0720,47.15,42.9810,hold
8.913,2.6429,37.0000,0.35,0.02,2.6390,36.9454,39.0720,47.16,42.8410,hold
8.925,2.6429,37.0000,-0.15,-0.01,2.6362,36.9069,39.0720,47.16,42.7964,hold
8.938,2.6429,37.0000,0.43,0.03,2.6447,37.0252,39.0720,47.15,42.9336,hold
8.950,2.6429,37.0000,0.43,0.03,2.6447,37.0252,39.0720,47.15,42.9336,hold
8.963,2.6429,37.0000,-0.09,-0.01,2.6419,36.9859,39.0720,47.16,42.8880,hold
8.976,2.6429,37.0000,0.61,0.04,2.6361,36.9051,39.0494,47.15,42.7943,hold
8.988,2.6429,37.0000,-0.37,-0.03,2.6419,36.9863,39.0494,47.16,42.8884,hold
9.002,2.6429,37.0000,-0.37,-0.03,2.6419,36.9863,39.0494,47.16,42.8884,hold
9.013,2.6429,37.0000,0.68,0.05,2.6446,37.0247,39.0494,47.15,42.9329,hold
9.025,2.6429,37.0000,0.22,0.02,2.6418,36.9856,39.0494,47.16,42.8877,hold
9.038,2.6429,37.0000,0.08,0.01,2.6475,37.0656,39.0494,47.13,42.9804,hold
9.050,2.6429,37.0000,0.24,0.02,2.6447,37.0251,39.0494,47.15,42.9335,hold
9.065,2.6429,37.0000,0.24,0.02,2.6447,37.0251,39.0294,47.15,42.9335,hold
9.075,2.6429,37.0000,-0.70,-0.05,2.6362,36.9064,39.0294,47.18,42.7959,hold
9.088,2.6429,37.0000,-0.18,-0.01,2.6361,36.9059,39.0294,47.16,42.7953,hold
9.100,2.6429,37.0000,-0.06,-0.00,2.6447,37.0256,39.0294,47.18,42.9340,hold
9.113,2.6429,37.0000,0.58,0.04,2.6504,37.1052,39.0294,47.16,43.0264,hold
9.127,2.6429,37.0000,0.58,0.04,2.6504,37.1052,39.0294,47.16,43.0264,hold
9.138,2.6429,37.0000,0.54,0.04,2.6418,36.9849,39.0294,47.15,42.8868,hold
9.151,2.6429,37.0000,-0.58,-0.04,2.6361,36.9060,39.0096,47.15,42.7953,hold
9.163,2.6429,37.0000,0.36,0.03,2.6447,37.0252,39.0096,47.15,42.9336,hold
9.175,2.6429,37.0000,0.36,0.03,2.6447,37.0252,39.0096,47.15,42.9336,hold
9.188,2.6429,37.0000,-0.17,-0.01,2.6389,36.9451,39.0096,47.16,42.8407,hold
9.200,2.6429,37.0000,-0.46,-0.03,2.6447,37.0256,39.0096,47.16,42.9340,hold
9.213,2.6429,37.0000,-0.43,-0.03,2.6475,37.0654,39.0096,47.15,42.9802,hold
9.225,2.6429,37.0000,1.04,0.07,2.6504,37.1054,39.0096,47.16,43.0266,hold
9.238,2.6429,37.0000,1.04,0.07,2.6504,37.1054,39.0096,47.16,43.0266,hold
9.251,2.6429,37.0000,-0.32,-0.02,2.6447,37.0252,38.9900,47.18,42.9336,hold
9.263,2.6429,37.0000,-0.23,-0.02,2.6504,37.1054,38.9900,47.13,43.0266,hold
9.275,2.6429,37.0000,-0.35,-0.03,2.6332,36.8649,38.9900,47.16,42.7477,hold
9.289,2.6429,37.0000,-0.35,-0.03,2.6332,36.8649,38.9900,47.16,42.7477,hold
9.300,2.6429,37.0000,-0.01,-0.00,2.6447,37.0252,38.9900,47.16,42.9336,hold
9.313,2.6429,37.0000,0.01,0.00,2.6418,36.9850,38.9900,47.16,42.8870,hold
9.325,2.6429,37.0000,-0.19,-0.01,2.6446,37.0250,38.9900,47.15,42.9333,hold
9.341,2.6429,37.0000,1.10,0.08,2.6475,37.0654,38.9697,47.13,42.9802,hold
9.350,2.6429,37.0000,1.10,0.08,2.6475,37.0654,38.9697,47.13,42.9802,hold
9.363,2.6429,37.0000,0.43,0.03,2.6389,36.9447,38.9697,47.13,42.8403,hold
9.375,2.6429,37.0000,0.16,0.01,2.6475,37.0652,38.9697,47.16,42.9799,hold
9.388,2.6429,37.0000,-0.75,-0.05,2.6389,36.9448,38.9697,47.16,42.8403,hold
9.400,2.6429,37.0000,-0.75,-0.05,2.6389,36.9448,38.9697,47.16,42.8403,hold
9.413,2.6429,37.0000,0.18,0.01,2.6475,37.0652,38.9697,47.16,42.9799,hold
9.426,2.6429,37.0000,-0.64,-0.05,2.6418,36.9859,38.9520,47.16,42.8879,hold
9.438,2.6429,37.0000,0.53,0.04,2.6475,37.0652,38.9520,47.16,42.9799,hold
9.450,2.6429,37.0000,0.53,0.04,2.6475,37.0652,38.9520,47.16,42.9799,hold
9.463,2.6429,37.0000,0.19,0.01,2.6475,37.0651,38.9520,47.16,42.9799,hold
9.475,2.6429,37.0000,0.21,0.02,2.6332,36.8648,38.9520,47.20,42.7476,hold
9.488,2.6429,37.0000,0.67,0.05,2.6504,37.1052,38.9520,47.13,43.0263,hold
9.500,2.6429,37.0000,-0.15,-0.01,2.6418,36.9850,38.9520,47.16,42.8869,hold
9.515,2.6429,37.0000,-0.15,-0.01,2.6418,36.9850,38.9520,47.16,42.8869,hold
9.526,2.6429,37.0000,0.04,0.00,2.6446,37.0250,38.9339,47.15,42.9334,hold
9.538,2.6429,37.0000,0.26,0.02,2.6418,36.9851,38.9339,47.16,42.8871,hold
9.550,2.6429,37.0000,-0.09,-0.01,2.6389,36.9448,38.9339,47.16,42.8404,hold
9.563,2.6429,37.0000,-0.09,-0.01,2.6389,36.9448,38.9339,47.16,42.8404,hold
9.575,2.6429,37.0000,-0.01,-0.00,2.6389,36.9448,38.9339,47.15,42.8404,hold
9.588,2.6429,37.0000,0.47,0.03,2.6389,36.9447,38.9339,47.16,42.8403,hold
9.600,2.6429,37.0000,-0.13,-0.01,2.6447,37.0255,38.9339,47.15,42.9339,hold
9.614,2.6429,37.0000,-0.01,-0.00,2.6475,37.0652,38.9159,47.15,42.9799,hold
9.625,2.6429,37.0000,-0.01,-0.00,2.6475,37.0652,38.9159,47.15,42.9799,hold
9.638,2.6429,37.0000,0.17,0.01,2.6447,37.0251,38.9159,47.15,42.9335,hold
9.650,2.6429,37.0000,-0.02,-0.00,2.6360,36.9047,38.9159,47.13,42.7938,hold
9.663,2.6429,37.0000,0.65,0.05,2.6475,37.0656,38.9159,47.13,42.9804,hold
9.677,2.6429,37.0000,0.65,0.05,2.6475,37.0656,38.9159,47.13,42.9804,hold
9.688,2.6429,37.0000,0.04,0.00,2.6418,36.9848,38.9159,47.16,42.8867,hold
9.700,2.6429,37.0000,-0.63,-0.05,2.6389,36.9449,38.9159,47.15,42.8404,hold
9.714,2.6429,37.0000,-0.30,-0.02,2.6475,37.0651,38.8953,47.16,42.9799,hold
9.726,2.6429,37.0000,-0.40,-0.03,2.6532,37.1453,38.8953,47.15,43.0729,hold
9.738,2.6429,37.0000,-0.40,-0.03,2.6532,37.1453,38.8953,47.15,43.0729,hold
9.750,2.6429,37.0000,-0.04,-0.00,2.6475,37.0652,38.8953,47.15,42.9800,hold
9.763,2.6429,37.0000,-0.15,-0.01,2.6446,37.0251,38.8953,47.13,42.8868,hold
9.775,2.6429,37.0000,-0.30,-0.02,2.6475,37.0650,38.8953,47.15,42.9798,hold
9.788,2.6429,37.0000,-0.30,-0.02,2.6475,37.0650,38.8953,47.15,42.9798,hold
9.801,2.6429,37.0000,-0.18,-0.01,2.6446,37.0250,38.8794,47.15,42.9334,hold
9.813,2.6429,37.0000,-0.16,-0.01,2.6447,37.0252,38.8794,47.15,42.9336,hold
9.825,2.6429,37.0000,0.29,0.02,2.6390,36.9466,38.8794,47.15,42.8425,hold
9.838,2.6429,37.0000,0.29,0.02,2.6390,36.9466,38.8794,47.15,42.8425,hold
9.850,2.6429,37.0000,0.18,0.01,2.6476,37.0661,38.8794,47.15,42.9811,hold
9.863,2.6429,37.0000,0.42,0.03,2.6475,37.0653,38.8794,47.15,42.9801,hold
9.875,2.6429,37.0000,0.09,0.01,2.6446,37.0247,38.8794,47.16,42.9330,hold
9.889,2.6429,37.0000,0.33,0.02,2.6533,37.1464,38.8660,47.13,43.0741,hold
9.900,2.6429,37.0000,0.33,0.02,2.6533,37.1464,38.8660,47.13,43.0741,hold
9.913,2.6429,37.0000,-0.28,-0.02,2.6418,36.9847,38.8660,47.13,42.8866,hold
9.925,2.6429,37.0000,0.04,0.00,2.6418,36.9856,38.8660,47.15,42.8877,hold
9.938,2.6429,37.0000,0.29,0.02,2.6390,36.9464,38.8660,47.15,42.8422,hold
9.951,2.6429,37.0000,0.29,0.02,2.6390,36.9464,38.8660,47.15,42.8422,hold
9.963,2.6429,37.0000,-0.16,-0.01,2.6418,36.9853,38.8660,47.13,42.8873,hold
9.975,2.6429,37.0000,-0.32,-0.02,2.6475,37.0653,38.8660,47.16,42.9801,hold
9.989,2.6429,37.0000,-0.14,-0.01,2.6361,36.9054,38.8500,47.15,42.7947,hold
10.000,2.6429,37.0000,0.42,0.03,2.6418,36.9856,38.8500,47.15,42.8876,hold
10.013,2.6429,37.0000,0.42,0.03,2.6418,36.9856,38.8500,47.15,42.8876,hold
10.025,2.6429,37.0000,-0.18,-0.01,2.6475,37.0656,38.8500,47.15,42.9804,hold
10.038,2.6429,37.0000,-0.15,-0.01,2.6476,37.0658,38.8500,47.13,42.9807,hold
10.050,2.6429,37.0000,0.11,0.01,2.6418,36.9856,38.8500,47.13,42.8877,hold
10.063,2.6429,37.0000,0.11,0.01,2.6418,36.9856,38.8500,47.13,42.8877,hold
10.076,2.6429,37.0000,-0.37,-0.03,2.6390,36.9454,38.8347,47.16,42.8410,hold
10.088,2.6429,37.0000,-0.41,-0.03,2.6418,36.9856,38.8347,47.15,42.8876,hold
10.100,2.6429,37.0000,-0.50,-0.04,2.6418,36.9851,38.8347,47.13,42.8871,hold
10.113,2.6429,37.0000,0.60,0.04,2.6449,37.0282,38.8347,47.13,42.9371,hold
10.126,2.6429,37.0000,0.60,0.04,2.6449,37.0282,38.8347,47.13,42.9371,hold
10.138,2.6429,37.0000,0.57,0.04,2.6476,37.0665,38.8347,47.16,42.9814,hold
10.150,2.6429,37.0000,-0.43,-0.03,2.6389,36.9451,38.8347,47.15,42.8407,hold
10.163,2.6429,37.0000,-0.45,-0.03,2.6475,37.0652,38.8347,47.15,42.9800,hold
10.177,2.6429,37.0000,0.28,0.02,2.6505,37.1068,38.8212,47.13,43.0282,hold
10.188,2.6429,37.0000,0.28,0.02,2.6505,37.1068,38.8212,47.13,43.0282,hold
10.200,2.6429,37.0000,0.67,0.05,2.6420,36.9877,38.8212,47.15,42.8901,hold
10.213,2.6429,37.0000,0.62,0.04,2.6419,36.9868,38.8212,47.15,42.8890,hold
10.225,2.6429,37.0000,-0.34,-0.02,2.6418,36.9856,38.8212,47.15,42.8876,hold
10.238,2.6429,37.0000,-0.34,-0.02,2.6418,36.9856,38.8212,47.15,42.8876,hold
10.250,2.6429,37.0000,0.60,0.04,2.6391,36.9469,38.8212,47.15,42.8428,hold
10.264,2.6429,37.0000,-0.02,-0.00,2.6390,36.9464,38.8044,47.13,42.8421,hold
10.275,2.6429,37.0000,0.06,0.00,2.6390,36.9453,38.8044,47.13,42.8410,hold
10.288,2.6429,37.0000,0.32,0.02,2.6449,37.0284,38.8044,47.15,42.9373,hold
10.300,2.6429,37.0000,0.32,0.02,2.6449,37.0284,38.8044,47.15,42.9373,hold
10.313,2.6429,37.0000,0.52,0.04,2.6363,36.9076,38.8044,47.13,42.7972,hold
10.325,2.6429,37.0000,0.01,0.00,2.6361,36.9053,38.8044,47.15,42.7945,hold
10.338,2.6429,37.0000,0.95,0.07,2.6478,37.0686,38.8044,47.15,43.0301,hold
10.353,2.6429,37.0000,0.95,0.07,2.6478,37.0686,38.7885,47.15,43.0301,hold
10.363,2.6429,37.0000,0.08,0.01,2.6419,36.9872,38.7885,47.15,42.8895,hold
10.375,2.6429,37.0000,0.48,0.03,2.6420,36.9882,38.7885,47.15,42.8907,hold
10.388,2.6429,37.0000,-0.21,-0.01,2.6419,36.9872,38.7885,47.15,42.8895,hold
10.400,2.6429,37.0000,0.08,0.01,2.6389,36.9452,38.7885,47.13,42.8408,hold
10.415,2.6429,37.0000,0.08,0.01,2.6389,36.9452,38.7885,47.13,42.8408,hold
10.425,2.6429,37.0000,0.20,0.01,2.6363,36.9081,38.7885,47.15,42.7978,hold
10.438,2.6429,37.0000,0.46,0.03,2.6419,36.9860,38.7885,47.15,42.8881,hold
10.451,2.6429,37.0000,-0.11,-0.01,2.6362,36.9065,38.7738,47.13,42.7959,hold
10.464,2.6429,37.0000,-0.11,-0.01,2.6362,36.9065,38.7738,47.13,42.7959,hold
10.475,2.6429,37.0000,0.16,0.01,2.6362,36.9070,38.7738,47.15,42.7965,hold
10.488,2.6429,37.0000,-0.85,-0.06,2.6418,36.9847,38.7738,47.13,42.8866,hold
10.500,2.6429,37.0000,0.03,0.00,2.6448,37.0276,38.7738,47.15,42.9364,hold
10.514,2.6429,37.0000,-0.38,-0.03,2.6419,36.9859,38.7738,47.13,42.8880,hold
10.525,2.6429,37.0000,-0.38,-0.03,2.6419,36.9859,38.7738,47.13,42.8880,hold
10.539,2.6429,37.0000,0.09,0.01,2.6448,37.0276,38.7599,47.15,42.9363,hold
10.550,2.6429,37.0000,0.32,0.02,2.6449,37.0281,38.7599,47.13,42.9369,hold
10.563,2.6429,37.0000,0.42,0.03,2.6477,37.0679,38.7599,47.13,42.9831,hold
10.576,2.6429,37.0000,0.42,0.03,2.6477,37.0679,38.7599,47.13,42.9831,hold
10.588,2.6429,37.0000,0.38,0.03,2.6449,37.0282,38.7599,47.13,42.9371,hold
10.600,2.6429,37.0000,0.89,0.06,2.6479,37.0708,38.7599,47.13,42.9864,hold
10.613,2.6429,37.0000,-0.60,-0.04,2.6362,36.9070,38.7599,47.15,42.6567,hold
10.626,2.6429,37.0000,-0.65,-0.05,2.6420,36.9880,38.7443,47.15,42.8905,hold
10.638,2.6429,37.0000,-0.65,-0.05,2.6420,36.9880,38.7443,47.15,42.8905,hold
10.650,2.6429,37.0000,0.14,0.01,2.6536,37.1502,38.7443,47.13,43.0785,hold
10.663,2.6429,37.0000,0.09,0.01,2.6419,36.9862,38.7443,47.13,42.8883,hold
10.675,2.6429,37.0000,0.36,0.03,2.6424,36.9939,38.7443,47.15,42.8972,hold
10.688,2.6429,37.0000,0.36,0.03,2.6424,36.9939,38.7443,47.15,42.8972,hold
10.700,2.6429,37.0000,0.18,0.01,2.6448,37.0276,38.7443,47.13,42.9364,hold
10.713,2.6429,37.0000,-0.06,-0.00,2.6421,36.9895,38.7443,47.15,42.8922,hold
10.726,2.6429,37.0000,0.91,0.06,2.6451,37.0311,38.7316,47.15,42.9404,hold
10.738,2.6429,37.0000,-0.07,-0.01,2.6450,37.0295,38.7316,47.15,42.9385,hold
10.750,2.6429,37.0000,-0.07,-0.01,2.6450,37.0295,38.7316,47.15,42.9385,hold
10.763,2.6429,37.0000,-0.39,-0.03,2.6449,37.0282,38.7316,47.15,42.9371,hold
10.775,2.6429,37.0000,-0.13,-0.01,2.6448,37.0276,38.7316,47.15,42.9363,hold
10.788,2.6429,37.0000,0.17,0.01,2.6421,36.9898,38.7316,47.15,42.8925,hold
10.800,2.6429,37.0000,0.17,0.01,2.6421,36.9898,38.7316,47.15,42.8925,hold
10.814,2.6429,37.0000,-0.58,-0.04,2.6419,36.9873,38.7206,47.13,42.8896,hold
10.825,2.6429,37.0000,0.72,0.05,2.6507,37.1105,38.7206,47.13,43.0325,hold
10.838,2.6429,37.0000,0.12,0.01,2.6391,36.9480,38.7206,47.15,42.8440,hold
10.851,2.6429,37.0000,-0.33,-0.02,2.6335,36.8691,38.7206,47.15,42.7525,hold
10.863,2.6429,37.0000,-0.33,-0.02,2.6335,36.8691,38.7206,47.15,42.7525,hold
10.875,2.6429,37.0000,-0.41,-0.03,2.6391,36.9479,38.7206,47.16,42.8439,hold
10.888,2.6429,37.0000,-0.24,-0.02,2.6392,36.9492,38.7206,47.13,42.8455,hold
10.900,2.6429,37.0000,0.26,0.02,2.6450,37.0295,38.7206,47.13,42.9386,hold
10.916,2.6429,37.0000,0.26,0.02,2.6450,37.0295,38.7088,47.13,42.9386,hold
10.925,2.6429,37.0000,-0.67,-0.05,2.6333,36.8667,38.7088,47.15,42.7497,hold
10.938,2.6429,37.0000,0.63,0.05,2.6454,37.0354,38.7088,47.13,42.9454,hold
10.950,2.6429,37.0000,0.02,0.00,2.6392,36.9493,38.7088,47.13,42.8456,hold
10.963,2.6429,37.0000,-0.07,-0.01,2.6392,36.9493,38.7088,47.13,42.8456,hold
10.975,2.6429,37.0000,-0.07,-0.01,2.6392,36.9493,38.7088,47.13,42.8456,hold
10.988,2.6429,37.0000,-0.05,-0.00,2.6365,36.9114,38.7088,47.13,42.8016,hold
11.001,2.6429,37.0000,0.49,0.04,2.6423,36.9923,38.6962,47.13,42.8954,hold
11.013,2.6429,37.0000,0.34,0.02,2.6365,36.9112,38.6962,47.13,42.8014,hold
11.025,2.6429,37.0000,0.34,0.02,2.6365,36.9112,38.6962,47.13,42.8014,hold
11.038,2.6429,37.0000,0.47,0.03,2.6365,36.9104,38.6962,47.15,42.8004,hold
11.050,2.6429,37.0000,-0.16,-0.01,2.6448,37.0276,38.6962,47.13,42.9363,hold
11.063,2.6429,37.0000,-0.03,-0.00,2.6421,36.9891,38.6962,47.15,42.8917,hold
11.075,2.6429,37.0000,0.20,0.01,2.6450,37.0303,38.6962,47.13,42.9395,hold
11.093,2.6429,37.0000,0.20,0.01,2.6450,37.0303,38.6831,47.13,42.9395,hold
11.100,2.6429,37.0000,0.02,0.00,2.6394,36.9517,38.6831,47.13,42.8484,hold
11.113,2.6429,37.0000,-0.59,-0.04,2.6337,36.8711,38.6831,47.13,42.7549,hold
11.125,2.6429,37.0000,0.52,0.04,2.6366,36.9131,38.6831,47.15,42.8035,hold
11.138,2.6429,37.0000,0.52,0.04,2.6366,36.9131,38.6831,47.15,42.8035,hold
11.150,2.6429,37.0000,-0.69,-0.05,2.6393,36.9507,38.6831,47.16,42.8472,hold
11.163,2.6429,37.0000,1.07,0.08,2.6454,37.0349,38.6831,47.13,42.9448,hold
11.175,2.6429,37.0000,0.52,0.04,2.6478,37.0691,38.6831,47.13,42.9845,hold
11.189,2.6429,37.0000,0.47,0.03,2.6424,36.9932,38.6709,47.11,42.8965,hold
11.200,2.6429,37.0000,0.47,0.03,2.6424,36.9932,38.6709,47.11,42.8965,hold
11.213,2.6429,37.0000,0.51,0.04,2.6393,36.9499,38.6709,47.13,42.8463,hold
11.225,2.6429,37.0000,0.01,0.00,2.6392,36.9493,38.6709,47.13,42.8456,hold
11.238,2.6429,37.0000,-0.03,-0.00,2.6451,37.0311,38.6709,47.13,42.9404,hold
11.250,2.6429,37.0000,-0.03,-0.00,2.6451,37.0311,38.6709,47.13,42.9404,hold
11.263,2.6429,37.0000,0.37,0.03,2.6424,36.9941,38.6709,47.11,42.8975,hold
11.276,2.6429,37.0000,-0.19,-0.01,2.6395,36.9524,38.6550,47.15,42.8492,hold
11.288,2.6429,37.0000,0.19,0.01,2.6451,37.0311,38.6550,47.13,42.9404,hold
11.300,2.6429,37.0000,0.76,0.05,2.6397,36.9556,38.6550,47.15,42.8529,hold
11.313,2.6429,37.0000,0.76,0.05,2.6397,36.9556,38.6550,47.15,42.8529,hold
11.325,2.6429,37.0000,-0.20,-0.01,2.6422,36.9914,38.6550,47.13,42.8943,hold
11.338,2.6429,37.0000,-0.37,-0.03,2.6507,37.1098,38.6550,47.11,43.0316,hold
11.350,2.6429,37.0000,-0.37,-0.03,2.6421,36.9898,38.6550,47.11,42.8925,hold
11.366,2.6429,37.0000,0.31,0.02,2.6423,36.9923,38.6425,47.13,42.8955,hold
11.375,2.6429,37.0000,0.31,0.02,2.6423,36.9923,38.6425,47.13,42.8955,hold
11.388,2.6429,37.0000,0.86,0.06,2.6424,36.9943,38.6425,47.13,42.8977,hold
11.400,2.6429,37.0000,-0.47,-0.03,2.6421,36.9891,38.6425,47.13,42.8917,hold
11.413,2.6429,37.0000,0.57,0.04,2.6367,36.9141,38.6425,47.13,42.8047,hold
11.425,2.6429,37.0000,0.57,0.04,2.6367,36.9141,38.6425,47.13,42.8047,hold
11.438,2.6429,37.0000,-0.06,-0.00,2.6421,36.9898,38.6425,47.13,42.8925,hold
11.450,2.6429,37.0000,0.32,0.02,2.6509,37.1131,38.6425,47.13,43.0355,hold
11.464,2.6429,37.0000,0.33,0.02,2.6422,36.9913,38.6305,47.13,42.8942,hold
11.476,2.6429,37.0000,0.01,0.00,2.6392,36.9492,38.6305,47.13,42.8454,hold
11.488,2.6429,37.0000,0.01,0.00,2.6392,36.9492,38.6305,47.13,42.8454,hold
11.500,2.6429,37.0000,0.15,0.01,2.6421,36.9889,38.6305,47.13,42.8915,hold
11.513,2.6429,37.0000,0.42,0.03,2.6452,37.0329,38.6305,47.13,42.9425,hold
11.525,2.6429,37.0000,-0.69,-0.05,2.6365,36.9112,38.6305,47.15,42.8013,hold
11.538,2.6429,37.0000,-0.69,-0.05,2.6365,36.9112,38.6305,47.15,42.8013,hold
11.551,2.6429,37.0000,-0.69,-0.05,2.6452,37.0327,38.6188,47.15,42.9422,hold
11.563,2.6429,37.0000,-0.21,-0.02,2.6453,37.0336,38.6188,47.13,42.9434,hold
11.575,2.6429,37.0000,0.13,0.01,2.6424,36.9942,38.6188,47.13,42.8976,hold
11.589,2.6429,37.0000,-0.05,-0.00,2.6395,36.9536,38.6188,47.13,42.8506,hold
11.600,2.6429,37.0000,-0.05,-0.00,2.6395,36.9536,38.6188,47.13,42.8506,hold
11.613,2.6429,37.0000,0.18,0.01,2.6426,36.9965,38.6188,47.13,42.9003,hold
11.625,2.6429,37.0000,-0.68,-0.05,2.6335,36.8684,38.6188,47.11,42.7517,hold
11.638,2.6429,37.0000,0.73,0.05,2.6397,36.9558,38.6188,47.13,42.8531,hold
11.654,2.6429,37.0000,0.73,0.05,2.6397,36.9558,38.6087,47.13,42.8531,hold
11.663,2.6429,37.0000,0.09,0.01,2.6454,37.0349,38.6087,47.13,42.9449,hold
11.675,2.6429,37.0000,-0.19,-0.01,2.6423,36.9923,38.6087,47.13,42.8955,hold
11.688,2.6429,37.0000,-0.19,-0.01,2.6396,36.9547,38.6087,47.15,42.8518,hold
11.701,2.6346,36.8844,-0.19,-0.01,2.6396,36.9547,38.6087,47.15,42.8518,ramp_down
11.713,2.6346,36.8844,-0.37,-0.03,2.6393,36.9508,38.6087,47.13,42.8473,ramp_down
11.725,2.6263,36.7687,-0.48,-0.03,2.6336,36.8698,38.6087,47.13,42.7534,ramp_down
11.739,2.6181,36.6531,-0.33,-0.02,2.6191,36.6675,38.5981,47.15,42.5188,ramp_down
11.751,2.6098,36.5375,-0.33,-0.02,2.6191,36.6675,38.5981,47.15,42.5188,ramp_down
11.763,2.6098,36.5375,0.00,0.00,2.6192,36.6682,38.5981,47.13,42.5196,ramp_down
11.775,2.6016,36.4219,0.12,0.01,2.6105,36.5463,38.5981,47.15,42.3783,ramp_down
11.788,2.5933,36.3062,0.70,0.05,2.6019,36.4269,38.5981,47.13,42.2397,ramp_down
11.802,2.5850,36.1906,0.70,0.05,2.6019,36.4269,38.5981,47.13,42.2397,ramp_down
11.813,2.5850,36.1906,-0.22,-0.02,2.5931,36.3038,38.5981,47.15,42.0970,ramp_down
11.826,2.5768,36.0750,-0.94,-0.07,2.5902,36.2629,38.5851,47.15,42.0496,ramp_down
11.838,2.5685,35.9594,-0.07,-0.00,2.5816,36.1427,38.5851,47.15,41.9102,ramp_down
11.851,2.5603,35.8438,-0.07,-0.00,2.5816,36.1427,38.5851,47.15,41.9102,ramp_down
11.863,2.5603,35.8438,-0.20,-0.01,2.5701,35.9819,38.5851,47.15,41.7238,ramp_down
11.875,2.5520,35.7281,0.07,0.01,2.5558,35.7818,38.5851,47.15,41.4918,ramp_down
11.888,2.5438,35.6125,0.12,0.01,2.5558,35.7819,38.5851,47.15,41.4919,ramp_down
11.900,2.5355,35.4969,0.12,0.01,2.5558,35.7819,38.5851,47.15,41.4919,ramp_down
11.913,2.5355,35.4969,-0.78,-0.06,2.5415,35.5814,38.5851,47.15,41.2594,ramp_down
11.926,2.5272,35.3812,-1.10,-0.08,2.5330,35.4624,38.5459,47.16,41.1214,ramp_down
11.938,2.5190,35.2656,0.51,0.04,2.5272,35.3809,38.5459,47.16,41.0269,ramp_down
11.951,2.5107,35.1500,0.12,0.01,2.5189,35.2640,38.5459,47.16,40.8922,ramp_down
11.963,2.5107,35.1500,0.12,0.01,2.5189,35.2640,38.5459,47.16,40.8922,ramp_down
11.975,2.5025,35.0344,-0.29,-0.02,2.5106,35.1485,38.5459,47.15,40.7574,ramp_down
11.988,2.4942,34.9188,-0.01,-0.00,2.4935,34.9097,38.5459,47.15,40.4804,ramp_down
12.000,2.4859,34.8031,0.57,0.04,2.4877,34.8275,38.5459,47.16,40.3852,ramp_down
12.018,2.4859,34.8031,0.57,0.04,2.4877,34.8275,38.4717,47.16,40.3852,ramp_down
12.025,2.4777,34.6875,-1.07,-0.08,2.4827,34.7577,38.4717,47.16,40.3042,ramp_down
12.038,2.4694,34.5719,-0.13,-0.01,2.4743,34.6395,38.4717,47.16,40.1672,ramp_down
12.050,2.4612,34.4562,0.26,0.02,2.4682,34.5551,38.4717,47.18,40.0693,ramp_down
12.063,2.4612,34.4562,0.26,0.02,2.4682,34.5551,38.4717,47.18,40.0693,ramp_down
12.075,2.4529,34.3406,-0.28,-0.02,2.4599,34.4387,38.4717,47.16,39.9343,ramp_down
12.088,2.4446,34.2250,-0.03,-0.00,2.4460,34.2443,38.4717,47.20,39.7089,ramp_down
12.101,2.4364,34.1094,-0.31,-0.02,2.4434,34.2070,38.3814,47.20,39.6657,ramp_down
12.114,2.4281,33.9937,-0.31,-0.02,2.4434,34.2070,38.3814,47.20,39.6657,ramp_down
12.125,2.4281,33.9937,0.17,0.01,2.4384,34.1373,38.3814,47.18,39.5848,ramp_down
12.138,2.4199,33.8781,0.12,0.01,2.4302,34.0230,38.3814,47.20,39.4470,ramp_down
12.150,2.4116,33.7625,-0.01,-0.00,2.4193,33.8705,38.3814,47.20,39.2754,ramp_down
12.163,2.4033,33.6469,-0.01,-0.00,2.4193,33.8705,38.3814,47.20,39.2754,ramp_down
12.175,2.4033,33.6469,0.07,0.01,2.4097,33.7365,38.3814,47.20,39.1200,ramp_down
12.188,2.3951,33.5312,-0.35,-0.03,2.3974,33.5640,38.3814,47.22,38.9201,ramp_down
12.201,2.3868,33.4156,-0.64,-0.05,2.3958,33.5413,38.2803,47.20,38.8937,ramp_down
12.214,2.3786,33.3000,-0.64,-0.05,2.3958,33.5413,38.2803,47.20,38.8937,ramp_down
12.225,2.3786,33.3000,-0.04,-0.00,2.3784,33.2981,38.2803,47.22,38.6117,ramp_down
12.238,2.3703,33.1844,-0.17,-0.01,2.3821,33.3498,38.2803,47.20,38.6716,ramp_down
12.250,2.3621,33.0688,-0.57,-0.04,2.3606,33.0484,38.2803,47.22,38.3222,ramp_down
12.263,2.3538,32.9531,-0.01,-0.00,2.3573,33.0028,38.2803,47.22,38.2693,ramp_down
12.275,2.3538,32.9531,-0.01,-0.00,2.3573,33.0028,38.2803,47.22,38.2693,ramp_down
12.289,2.3455,32.8375,-0.03,-0.00,2.3525,32.9344,38.1641,47.22,38.1900,ramp_down
12.300,2.3373,32.7219,-0.12,-0.01,2.3455,32.8373,38.1641,47.22,38.0774,ramp_down
12.313,2.3290,32.6062,-0.15,-0.01,2.3405,32.7663,38.1641,47.24,37.9951,ramp_down
12.325,2.3208,32.4906,-0.15,-0.01,2.3405,32.7663,38.1641,47.24,37.9951,ramp_down
12.338,2.3208,32.4906,-0.97,-0.07,2.3300,32.6206,38.1641,47.22,37.8261,ramp_down
12.350,2.3125,32.3750,0.26,0.02,2.3180,32.4516,38.1641,47.27,37.6302,ramp_down
12.363,2.3042,32.2594,0.17,0.01,2.3143,32.4006,38.1641,47.24,37.5710,ramp_down
12.380,2.2960,32.1438,0.17,0.01,2.3143,32.4006,38.0331,47.24,37.5710,ramp_down
12.388,2.2960,32.1438,0.12,0.01,2.3033,32.2461,38.0331,47.22,37.3918,ramp_down
12.400,2.2877,32.0281,-0.30,-0.02,2.2964,32.1502,38.0331,47.24,37.2807,ramp_down
12.413,2.2795,31.9125,0.40,0.03,2.2866,32.0118,38.0331,47.24,37.1202,ramp_down
12.426,2.2712,31.7969,0.40,0.03,2.2866,32.0118,38.0331,47.24,37.1202,ramp_down
12.438,2.2712,31.7969,-0.61,-0.04,2.2761,31.8653,38.0331,47.24,36.9503,ramp_down
12.450,2.2629,31.6812,0.00,0.00,2.2721,31.8099,38.0331,47.24,36.8861,ramp_down
12.463,2.2547,31.5656,-0.09,-0.01,2.2621,31.6697,38.0331,47.24,36.8082,ramp_down
12.478,2.2464,31.4500,-0.09,-0.01,2.2621,31.6697,37.8929,47.24,36.8082,ramp_down
12.488,2.2464,31.4500,-0.00,-0.00,2.2538,31.5536,37.8929,47.24,36.5889,ramp_down
12.500,2.2382,31.3344,-0.08,-0.01,2.2408,31.3714,37.8929,47.24,36.3775,ramp_down
12.513,2.2299,31.2188,-0.48,-0.03,2.2355,31.2971,37.8929,47.24,36.2914,ramp_down
12.525,2.2217,31.1031,-0.48,-0.03,2.2355,31.2971,37.8929,47.24,36.2914,ramp_down
12.538,2.2217,31.1031,-0.69,-0.05,2.2299,31.2182,37.8929,47.25,36.1999,ramp_down
12.550,2.2134,30.9875,-0.85,-0.06,2.2171,31.0395,37.8929,47.25,35.9927,ramp_down
12.564,2.2051,30.8719,-0.81,-0.06,2.2168,31.0353,37.7374,47.27,35.9879,ramp_down
12.576,2.1969,30.7562,0.64,0.05,2.2055,30.8773,37.7374,47.24,35.8046,ramp_down
12.588,2.1969,30.7562,0.64,0.05,2.2055,30.8773,37.7374,47.24,35.8046,ramp_down
12.600,2.1886,30.6406,-0.13,-0.01,2.1940,30.7159,37.7374,47.24,35.6175,ramp_down
12.613,2.1804,30.5250,-0.59,-0.04,2.1871,30.6199,37.7374,47.27,35.5062,ramp_down
12.625,2.1721,30.4094,-0.30,-0.02,2.1809,30.5325,37.7374,47.25,35.4048,ramp_down
12.638,2.1721,30.4094,-0.30,-0.02,2.1809,30.5325,37.7374,47.25,35.4048,ramp_down
12.650,2.1638,30.2937,-0.80,-0.06,2.1792,30.5085,37.7374,47.29,35.3769,ramp_down
12.664,2.1556,30.1781,-0.28,-0.02,2.1601,30.2417,37.5580,47.25,35.0675,ramp_down
12.675,2.1473,30.0625,-0.46,-0.03,2.1608,30.2519,37.5580,47.27,35.0794,ramp_down
12.688,2.1391,29.9469,-0.46,-0.03,2.1608,30.2519,37.5580,47.27,35.0794,ramp_down
12.700,2.1391,29.9469,-0.34,-0.02,2.1518,30.1250,37.5580,47.27,34.9322,ramp_down
12.713,2.1308,29.8312,0.73,0.05,2.1350,29.8901,37.5580,47.27,34.6599,ramp_down
12.725,2.1225,29.7156,-0.44,-0.03,2.1355,29.8974,37.5580,47.27,34.6684,ramp_down
12.739,2.1143,29.6000,-0.44,-0.03,2.1355,29.8974,37.5580,47.27,34.6684,ramp_down
12.751,2.1143,29.6000,-0.43,-0.03,2.1210,29.6940,37.3606,47.27,34.4325,ramp_down
12.763,2.1060,29.4844,-0.13,-0.01,2.1210,29.6941,37.3606,47.29,34.4326,ramp_down
12.775,2.0978,29.3687,0.17,0.01,2.1020,29.4274,37.3606,47.29,34.1233,ramp_down
12.788,2.0895,29.2531,0.17,0.01,2.1020,29.4274,37.3606,47.29,34.1233,ramp_down
12.800,2.0895,29.2531,-0.20,-0.01,2.0965,29.3514,37.3606,47.31,34.0352,ramp_down
12.813,2.0812,29.1375,0.64,0.05,2.0925,29.2953,37.3606,47.29,33.9701,ramp_down
12.825,2.0730,29.0219,-0.94,-0.07,2.0836,29.1704,37.3606,47.29,33.8254,ramp_down
12.839,2.0647,28.9062,-0.94,-0.07,2.0836,29.1704,37.1576,47.29,33.8254,ramp_down
12.850,2.0647,28.9062,-0.68,-0.05,2.0726,29.0157,37.1576,47.29,33.6460,ramp_down
12.863,2.0565,28.7906,-0.19,-0.01,2.0683,28.9565,37.1576,47.29,33.5773,ramp_down
12.875,2.0482,28.6750,0.36,0.03,2.0555,28.7764,37.1576,47.29,33.3685,ramp_down
12.888,2.0400,28.5594,0.27,0.02,2.0404,28.5651,37.1576,47.31,33.2649,ramp_down
12.900,2.0400,28.5594,0.27,0.02,2.0404,28.5651,37.1576,47.31,33.2649,ramp_down
12.913,2.0317,28.4438,0.23,0.02,2.0438,28.6134,37.1576,47.34,33.1794,ramp_down
12.925,2.0234,28.3281,-0.39,-0.03,2.0321,28.4492,37.1576,47.29,32.9891,ramp_down
12.939,2.0152,28.2125,-0.15,-0.01,2.0311,28.4355,36.9491,47.31,32.9732,ramp_down
12.950,2.0069,28.0969,-0.15,-0.01,2.0311,28.4355,36.9491,47.31,32.9732,ramp_down
12.963,2.0069,28.0969,-0.33,-0.02,2.0112,28.1571,36.9491,47.33,32.6503,ramp_down
12.975,1.9987,27.9812,0.21,0.01,2.0068,28.0946,36.9491,47.31,32.5779,ramp_down
12.988,1.9904,27.8656,-0.07,-0.01,2.0002,28.0035,36.9491,47.33,32.4722,ramp_down
13.001,1.9821,27.7500,-0.07,-0.01,2.0002,28.0035,36.9491,47.33,32.4722,ramp_down
13.013,1.9821,27.7500,-0.30,-0.02,1.9959,27.9432,36.9491,47.31,32.4023,ramp_down
13.026,1.9739,27.6344,-0.44,-0.03,1.9777,27.6877,36.7390,47.33,32.1060,ramp_down
13.038,1.9656,27.5188,-0.83,-0.06,1.9703,27.5847,36.7390,47.33,31.9866,ramp_down
13.050,1.9574,27.4031,-0.83,-0.06,1.9703,27.5847,36.7390,47.33,31.9866,ramp_down
13.063,1.9574,27.4031,-0.52,-0.04,1.9654,27.5159,36.7390,47.33,31.9068,ramp_down
13.075,1.9491,27.2875,-0.95,-0.07,1.9604,27.4450,36.7390,47.31,31.8246,ramp_down
13.088,1.9408,27.1719,-0.50,-0.04,1.9529,27.3403,36.7390,47.34,31.7032,ramp_down
13.101,1.9326,27.0562,0.17,0.01,1.9423,27.1918,36.7390,47.34,31.5310,ramp_down
13.113,1.9326,27.0562,0.17,0.01,1.9423,27.1918,36.7390,47.34,31.5310,ramp_down
13.126,1.9243,26.9406,-0.46,-0.03,1.9387,27.1420,36.5160,47.34,31.4733,ramp_down
13.138,1.9161,26.8250,-0.40,-0.03,1.9220,26.9087,36.5160,47.34,31.2027,ramp_down
13.150,1.9078,26.7094,0.09,0.01,1.9109,26.7524,36.5160,47.34,31.0215,ramp_down
13.163,1.9078,26.7094,0.09,0.01,1.9109,26.7524,36.5160,47.34,31.0215,ramp_down
13.175,1.8996,26.5938,-0.08,-0.01,1.9104,26.7456,36.5160,47.34,31.0136,ramp_down
13.188,1.8913,26.4781,-0.14,-0.01,1.9013,26.6187,36.5160,47.34,30.8664,ramp_down
13.200,1.8830,26.3625,-0.53,-0.04,1.8875,26.4246,36.5160,47.36,30.6414,ramp_down
13.218,1.8748,26.2469,-0.53,-0.04,1.8875,26.4246,36.2787,47.36,30.6414,ramp_down
13.225,1.8748,26.2469,0.02,0.00,1.8847,26.3852,36.2787,47.36,30.5956,ramp_down
13.238,1.8665,26.1313,-1.37,-0.10,1.8736,26.2298,36.2787,47.36,30.4155,ramp_down
13.250,1.8583,26.0156,-1.20,-0.09,1.8685,26.1596,36.2787,47.36,30.3341,ramp_down
13.263,1.8500,25.9000,-1.20,-0.09,1.8685,26.1596,36.2787,47.36,30.3341,ramp_down
13.275,1.8500,25.9000,-0.82,-0.06,1.8617,26.0631,36.2787,47.36,30.2222,ramp_down
13.288,1.8417,25.7844,-0.12,-0.01,1.8446,25.8243,36.2787,47.38,29.9453,ramp_down
13.301,1.8335,25.6687,0.10,0.01,1.8420,25.7878,36.0142,47.38,29.8492,ramp_down
13.313,1.8252,25.5531,0.10,0.01,1.8420,25.7878,36.0142,47.38,29.8492,ramp_down
13.325,1.8252,25.5531,-0.62,-0.04,1.8399,25.7579,36.0142,47.36,29.8683,ramp_down
13.338,1.8170,25.4375,-0.16,-0.01,1.8283,25.5966,36.0142,47.38,29.6812,ramp_down
13.350,1.8087,25.3219,0.26,0.02,1.8082,25.3143,36.0142,47.40,29.3539,ramp_down
13.363,1.8004,25.2063,0.26,0.02,1.8082,25.3143,36.0142,47.40,29.3539,ramp_down
13.375,1.8004,25.2063,-0.66,-0.05,1.8164,25.4298,36.0142,47.42,29.4879,ramp_down
13.388,1.7922,25.0906,-0.85,-0.06,1.7985,25.1794,36.0142,47.38,29.1975,ramp_down
13.401,1.7839,24.9750,-0.57,-0.04,1.8037,25.2522,35.7319,47.40,29.2562,ramp_down
13.413,1.7757,24.8594,-0.57,-0.04,1.8037,25.2522,35.7319,47.40,29.2562,ramp_down
13.425,1.7757,24.8594,-0.70,-0.05,1.7835,24.9696,35.7319,47.38,28.9542,ramp_down
13.438,1.7674,24.7437,-0.35,-0.02,1.7757,24.8602,35.7319,47.38,28.8273,ramp_down
13.450,1.7592,24.6281,-0.07,-0.01,1.7683,24.7559,35.7319,47.40,28.7064,ramp_down
13.463,1.7509,24.5125,0.31,0.02,1.7603,24.6447,35.7319,47.40,28.5774,ramp_down
13.475,1.7509,24.5125,0.31,0.02,1.7603,24.6447,35.7319,47.40,28.5774,ramp_down
13.489,1.7426,24.3969,0.33,0.02,1.7452,24.4335,35.4308,47.42,28.3325,ramp_down
13.500,1.7344,24.2812,-1.32,-0.09,1.7459,24.4426,35.4308,47.42,28.3430,ramp_down
13.513,1.7261,24.1656,-0.08,-0.01,1.7354,24.2962,35.4308,47.42,28.1733,ramp_down
13.525,1.7261,24.1656,-0.08,-0.01,1.7354,24.2962,35.4308,47.42,28.1733,ramp_down
13.538,1.7179,24.0500,-0.82,-0.06,1.7228,24.1198,35.4308,47.42,27.9688,ramp_down
13.550,1.7096,23.9344,-0.83,-0.06,1.7215,24.1012,35.4308,47.42,27.9472,ramp_down
13.563,1.7013,23.8188,-0.12,-0.01,1.7091,23.9270,35.4308,47.42,27.7452,ramp_down
13.579,1.6931,23.7031,-0.12,-0.01,1.7091,23.9270,35.1058,47.42,27.7452,ramp_down
13.588,1.6931,23.7031,0.08,0.01,1.7003,23.8042,35.1058,47.43,27.6028,ramp_down
13.600,1.6848,23.5875,-0.41,-0.03,1.6944,23.7220,35.1058,47.43,27.5075,ramp_down
13.613,1.6766,23.4719,-1.14,-0.08,1.6811,23.5351,35.1058,47.43,27.2908,ramp_down
13.625,1.6683,23.3562,-1.14,-0.08,1.6811,23.5351,35.1058,47.43,27.2908,ramp_down
13.638,1.6683,23.3562,-0.15,-0.01,1.6714,23.3992,35.1058,47.45,27.1332,ramp_down
13.650,1.6600,23.2406,-1.51,-0.11,1.6673,23.3417,35.1058,47.45,27.0665,ramp_down
13.663,1.6518,23.1250,-1.47,-0.11,1.6669,23.3365,35.1058,47.47,27.0604,ramp_down
13.678,1.6435,23.0094,-1.47,-0.11,1.6669,23.3365,34.7135,47.47,27.0604,ramp_down
13.688,1.6435,23.0094,-6.36,-0.45,1.6598,23.2369,34.7135,47.51,26.9449,ramp_down
13.700,1.6353,22.8938,-35.78,-2.56,1.6695,23.3723,34.7135,47.56,27.1020,ramp_down
13.713,1.6270,22.7781,22.74,1.62,1.6286,22.7998,34.7135,47.36,26.4381,ramp_down
13.725,1.6188,22.6625,22.74,1.62,1.6286,22.7998,34.7135,47.36,26.4381,ramp_down
13.738,1.6188,22.6625,-20.78,-1.48,1.6104,22.5462,34.7135,47.43,26.1440,ramp_down
13.750,1.6105,22.5469,-11.17,-0.80,1.6192,22.6690,34.7135,47.45,26.2865,ramp_down
13.764,1.6022,22.4312,2.46,0.18,1.6252,22.7522,34.0877,47.45,26.3829,ramp_down
13.776,1.5940,22.3156,6.12,0.44,1.6214,22.6998,34.0877,47.49,26.3222,ramp_down
13.788,1.5940,22.3156,6.12,0.44,1.6214,22.6998,34.0877,47.49,26.3222,ramp_down
13.800,1.5857,22.2000,2.37,0.17,1.5964,22.3499,34.0877,47.51,25.9165,ramp_down
13.813,1.5775,22.0844,-1.90,-0.14,1.5805,22.1272,34.0877,47.51,25.6582,ramp_down
13.825,1.5692,21.9688,-0.32,-0.02,1.5682,21.9553,34.0877,47.49,25.4588,ramp_down
13.838,1.5692,21.9688,-0.32,-0.02,1.5682,21.9553,34.0877,47.49,25.4588,ramp_down
13.850,1.5609,21.8531,0.27,0.02,1.5694,21.9714,34.0877,47.49,25.4775,ramp_down
13.864,1.5527,21.7375,-1.20,-0.09,1.5565,21.7907,31.0803,47.51,25.2680,ramp_down
13.875,1.5444,21.6219,0.06,0.00,1.5536,21.7499,31.0803,47.51,25.2207,ramp_down
13.889,1.5362,21.5063,0.06,0.00,1.5536,21.7499,31.0803,47.51,25.2207,ramp_down
13.900,1.5362,21.5063,-0.81,-0.06,1.5446,21.6247,31.0803,47.49,25.0756,ramp_down
13.913,1.5279,21.3906,-0.70,-0.05,1.5215,21.3005,31.0803,47.51,24.6996,ramp_down
13.925,1.5196,21.2750,-0.35,-0.03,1.5244,21.3416,31.0803,47.52,24.7472,ramp_down
13.938,1.5114,21.1594,-0.35,-0.03,1.5244,21.3416,31.0803,47.52,24.7472,ramp_down
13.951,1.5114,21.1594,-0.41,-0.03,1.5160,21.2233,26.8988,47.52,24.6101,ramp_down
13.963,1.5031,21.0437,-0.37,-0.03,1.5133,21.1862,26.8988,47.51,24.5670,ramp_down
13.975,1.4949,20.9281,-0.22,-0.02,1.5022,21.0311,26.8988,47.52,24.3871,ramp_down
13.989,1.4866,20.8125,-0.23,-0.02,1.4966,20.9518,26.8988,47.51,24.2952,ramp_down
14.000,1.4866,20.8125,-0.23,-0.02,1.4966,20.9518,26.8988,47.51,24.2952,ramp_down
14.013,1.4783,20.6969,0.23,0.02,1.4784,20.6974,26.8988,47.52,24.0363,ramp_down
14.025,1.4701,20.5813,0.72,0.05,1.4784,20.6977,26.8988,47.52,24.0006,ramp_down
14.038,1.4618,20.4656,0.87,0.06,1.4688,20.5639,26.1456,47.56,23.8454,ramp_down
14.051,1.4536,20.3500,0.13,0.01,1.4538,20.3529,26.1456,47.54,23.6007,ramp_down
14.063,1.4536,20.3500,0.13,0.01,1.4538,20.3529,26.1456,47.54,23.6007,ramp_down
14.075,1.4453,20.2344,-0.19,-0.01,1.4516,20.3229,26.1456,47.52,23.5659,ramp_down
14.088,1.4371,20.1187,0.23,0.02,1.4529,20.3403,26.1456,47.52,23.5861,ramp_down
14.100,1.4288,20.0031,-0.37,-0.03,1.4364,20.1090,26.1456,47.56,23.3179,ramp_down
14.113,1.4288,20.0031,-0.37,-0.03,1.4364,20.1090,26.1456,47.56,23.3179,ramp_down
14.125,1.4205,19.8875,0.76,0.05,1.4348,20.0868,26.1456,47.54,23.2339,ramp_down
14.139,1.4123,19.7719,0.40,0.03,1.4257,19.9600,25.9626,47.58,23.1451,ramp_down
14.150,1.4040,19.6562,1.01,0.07,1.4162,19.8265,25.9626,47.56,22.9904,ramp_down
14.165,1.3958,19.5406,1.01,0.07,1.4162,19.8265,25.9626,47.56,22.9904,ramp_down
14.175,1.3958,19.5406,1.13,0.08,1.4062,19.6864,25.9626,47.56,22.8279,ramp_down
14.188,1.3875,19.4250,1.69,0.12,1.3996,19.5939,25.9626,47.54,22.7207,ramp_down
14.200,1.3792,19.3094,-0.40,-0.03,1.3866,19.4120,25.9626,47.56,22.5097,ramp_down
14.214,1.3710,19.1938,-0.40,-0.03,1.3866,19.4120,25.9626,47.56,22.5097,ramp_down
14.226,1.3710,19.1938,0.68,0.05,1.3764,19.2699,25.6824,47.56,22.3449,ramp_down
14.238,1.3627,19.0781,0.46,0.03,1.3682,19.1545,25.6824,47.56,22.2112,ramp_down
14.250,1.3545,18.9625,0.11,0.01,1.3637,19.0912,25.6824,47.56,22.1377,ramp_down
14.263,1.3462,18.8469,0.11,0.01,1.3637,19.0912,25.6824,47.56,22.1377,ramp_down
14.275,1.3462,18.8469,0.42,0.03,1.3561,18.9853,25.6824,47.56,22.0149,ramp_down
14.288,1.3379,18.7312,0.12,0.01,1.3482,18.8747,25.6824,47.56,21.8866,ramp_down
14.300,1.3297,18.6156,0.09,0.01,1.3418,18.7847,25.6824,47.60,21.7823,ramp_down
14.313,1.3214,18.5000,0.09,0.01,1.3418,18.7847,25.6824,47.60,21.7823,ramp_down
14.326,1.3214,18.5000,0.72,0.05,1.3237,18.5312,25.2980,47.56,21.4883,ramp_down
14.338,1.3132,18.3844,0.13,0.01,1.3185,18.4595,25.2980,47.58,21.4052,ramp_down
14.350,1.3049,18.2688,0.32,0.02,1.3112,18.3562,25.2980,47.60,21.2854,ramp_down
14.364,1.2967,18.1531,-0.54,-0.04,1.3024,18.2333,25.2980,47.60,21.1429,ramp_down
14.375,1.2967,18.1531,-0.54,-0.04,1.3024,18.2333,25.2980,47.60,21.1429,ramp_down
14.388,1.2884,18.0375,-0.33,-0.02,1.3018,18.2249,25.2980,47.58,21.1332,ramp_down
14.400,1.2801,17.9219,-0.43,-0.03,1.2911,18.0758,25.2980,47.58,20.9603,ramp_down
14.415,1.2719,17.8062,0.21,0.02,1.2810,17.9344,24.8217,47.60,20.7963,ramp_down
14.425,1.2719,17.8062,0.21,0.02,1.2810,17.9344,24.8217,47.60,20.7963,ramp_down
14.438,1.2636,17.6906,0.41,0.03,1.2709,17.7932,24.8217,47.60,20.6325,ramp_down
14.450,1.2554,17.5750,-0.10,-0.01,1.2657,17.7194,24.8217,47.61,20.5470,ramp_down
14.463,1.2471,17.4594,-0.17,-0.01,1.2557,17.5793,24.8217,47.61,20.3845,ramp_down
14.475,1.2471,17.4594,-0.17,-0.01,1.2557,17.5793,24.8217,47.61,20.3845,ramp_down
14.488,1.2388,17.3438,-0.18,-0.01,1.2440,17.4161,24.8217,47.61,20.1953,ramp_down
14.501,1.2306,17.2281,-0.57,-0.04,1.2459,17.4424,24.3622,47.63,20.2258,ramp_down
14.513,1.2223,17.1125,0.10,0.01,1.2376,17.3264,24.3622,47.65,20.0913,ramp_down
14.525,1.2141,16.9969,0.10,0.01,1.2376,17.3264,24.3622,47.65,20.0913,ramp_down
14.538,1.2141,16.9969,0.75,0.05,1.2228,17.1186,24.3622,47.61,19.8503,ramp_down
14.550,1.2058,16.8813,-0.00,-0.00,1.2166,17.0328,24.3622,47.65,19.7508,ramp_down
14.563,1.1975,16.7656,0.27,0.02,1.2108,16.9506,24.3622,47.63,19.6555,ramp_down
14.576,1.1893,16.6500,0.27,0.02,1.2108,16.9506,24.3622,47.63,19.6555,ramp_down
14.588,1.1893,16.6500,0.20,0.01,1.2015,16.8207,24.3622,47.65,19.5049,ramp_down
14.601,1.1810,16.5344,0.12,0.01,1.1861,16.6057,24.0424,47.65,19.2556,ramp_down
14.613,1.1728,16.4187,-0.47,-0.03,1.1829,16.5599,24.0424,47.67,19.2025,ramp_down
14.625,1.1645,16.3031,-0.47,-0.03,1.1829,16.5599,24.0424,47.67,19.2025,ramp_down
14.638,1.1645,16.3031,0.42,0.03,1.1752,16.4530,24.0424,47.67,19.0785,ramp_down
14.650,1.1562,16.1875,0.25,0.02,1.1648,16.3071,24.0424,47.65,18.9093,ramp_down
14.663,1.1480,16.0719,-0.10,-0.01,1.1557,16.1795,24.0424,47.65,18.7614,ramp_down
14.676,1.1397,15.9563,0.39,0.03,1.1465,16.0517,24.0424,47.67,18.6132,ramp_down
14.689,1.1397,15.9563,0.39,0.03,1.1465,16.0517,23.7359,47.67,18.6132,ramp_down
14.701,1.1315,15.8406,-0.55,-0.04,1.1359,15.9021,23.7359,47.69,18.4397,ramp_down
14.713,1.1232,15.7250,0.65,0.05,1.1307,15.8302,23.7359,47.65,18.3563,ramp_down
14.726,1.1150,15.6094,-0.31,-0.02,1.1198,15.6778,23.7359,47.69,18.1796,ramp_down
14.738,1.1150,15.6094,-0.31,-0.02,1.1198,15.6778,23.7359,47.69,18.1796,ramp_down
14.750,1.1067,15.4937,0.03,0.00,1.1187,15.6622,23.7359,47.70,18.1615,ramp_down
14.763,1.0984,15.3781,0.24,0.02,1.1058,15.4806,23.7359,47.67,17.9509,ramp_down
14.776,1.0902,15.2625,-0.17,-0.01,1.0999,15.3987,23.3671,47.69,17.8560,ramp_down
14.788,1.0819,15.1469,-0.17,-0.01,1.0999,15.3987,23.3671,47.69,17.8560,ramp_down
14.800,1.0819,15.1469,0.22,0.02,1.0880,15.2317,23.3671,47.69,17.6623,ramp_down
14.813,1.0737,15.0312,-0.38,-0.03,1.0866,15.2118,23.3671,47.69,17.6393,ramp_down
14.825,1.0654,14.9156,0.13,0.01,1.0793,15.1107,23.3671,47.72,17.5221,ramp_down
14.838,1.0571,14.8000,0.13,0.01,1.0793,15.1107,23.3671,47.72,17.5221,ramp_down
14.850,1.0571,14.8000,0.27,0.02,1.0649,14.9088,23.3671,47.69,17.2879,ramp_down
14.863,1.0489,14.6844,0.67,0.05,1.0569,14.7968,23.3671,47.72,17.1580,ramp_down
14.876,1.0406,14.5688,0.50,0.04,1.0499,14.6983,22.9375,47.70,17.0438,ramp_down
14.888,1.0324,14.4531,0.50,0.04,1.0499,14.6983,22.9375,47.70,17.0438,ramp_down
14.900,1.0324,14.4531,-0.00,-0.00,1.0368,14.5159,22.9375,47.74,16.8322,ramp_down
14.913,1.0241,14.3375,0.83,0.06,1.0360,14.5046,22.9375,47.70,16.8192,ramp_down
14.925,1.0158,14.2219,0.08,0.01,1.0319,14.4465,22.9375,47.72,16.7518,ramp_down
14.938,1.0076,14.1062,0.08,0.01,1.0319,14.4465,22.9375,47.72,16.7518,ramp_down
14.950,1.0076,14.1062,-0.43,-0.03,1.0134,14.1869,22.9375,47.72,16.4508,ramp_down
14.964,0.9993,13.9906,-2.69,-0.19,1.0087,14.1223,22.5141,47.72,16.3759,ramp_down
14.975,0.9911,13.8750,-6.44,-0.46,1.0059,14.0831,22.5141,47.74,16.3305,ramp_down
14.988,0.9828,13.7594,-6.44,-0.46,1.0059,14.0831,22.5141,47.74,16.3305,ramp_down
15.000,0.9828,13.7594,-32.02,-2.29,0.9858,13.8015,22.5141,47.77,16.0039,ramp_down
15.013,0.9746,13.6438,-52.70,-3.76,0.9530,13.3420,22.5141,47.67,15.4711,ramp_down
15.025,0.9663,13.5281,-45.73,-3.27,0.9448,13.2272,22.5141,47.70,15.3379,ramp_down
15.038,0.9580,13.4125,1.39,0.10,0.9663,13.5283,22.5141,47.72,15.6871,ramp_down
15.051,0.9498,13.2969,1.39,0.10,0.9663,13.5283,22.5141,47.72,15.6871,ramp_down
15.064,0.9498,13.2969,9.90,0.71,0.9620,13.4684,22.0036,47.72,15.6177,ramp_down
15.075,0.9415,13.1812,5.08,0.36,0.9560,13.3845,22.0036,47.70,15.5204,ramp_down
15.088,0.9333,13.0656,3.35,0.24,0.9439,13.2142,22.0036,47.70,15.3229,ramp_down
15.100,0.9250,12.9500,3.35,0.24,0.9439,13.2142,22.0036,47.70,15.3229,ramp_down
15.113,0.9250,12.9500,3.16,0.23,0.9307,13.0298,22.0036,47.70,15.1090,ramp_down
15.125,0.9167,12.8344,1.14,0.08,0.9207,12.8900,22.0036,47.70,14.9469,ramp_down
15.138,0.9085,12.7188,1.16,0.08,0.9176,12.8468,22.0036,47.72,14.8969,ramp_down
15.152,0.9002,12.6031,-0.04,-0.00,0.9119,12.7669,19.8293,47.70,14.8042,ramp_down
15.163,0.9002,12.6031,-0.04,-0.00,0.9119,12.7669,19.8293,47.70,14.8042,ramp_down
15.175,0.8920,12.4875,-0.17,-0.01,0.8961,12.5452,19.8293,47.72,14.5471,ramp_down
15.188,0.8837,12.3719,-0.48,-0.03,0.8899,12.4583,19.8293,47.74,14.4463,ramp_down
15.200,0.8754,12.2563,0.01,0.00,0.8904,12.4661,19.8293,47.72,14.4554,ramp_down
15.213,0.8672,12.1406,0.01,0.00,0.8904,12.4661,19.8293,47.72,14.4554,ramp_down
15.225,0.8672,12.1406,0.71,0.05,0.8804,12.3251,19.8293,47.70,14.2919,ramp_down
15.239,0.8589,12.0250,1.01,0.07,0.8735,12.2289,16.4956,47.70,14.1804,ramp_down
15.250,0.8507,11.9094,-0.30,-0.02,0.8593,12.0308,16.4956,47.72,13.9507,ramp_down
15.264,0.8424,11.7937,0.74,0.05,0.8538,11.9528,16.4956,47.72,13.8602,ramp_down
15.275,0.8424,11.7937,0.74,0.05,0.8538,11.9528,16.4956,47.72,13.8602,ramp_down
15.288,0.8342,11.6781,0.25,0.02,0.8426,11.7960,16.4956,47.74,13.6784,ramp_down
15.300,0.8259,11.5625,-0.17,-0.01,0.8424,11.7935,16.4956,47.76,13.5586,ramp_down
15.314,0.8176,11.4469,0.26,0.02,0.8265,11.5706,16.4956,47.70,13.4170,ramp_down
15.325,0.8176,11.4469,0.26,0.02,0.8265,11.5706,16.4956,47.70,13.4170,ramp_down
15.339,0.8094,11.3313,0.52,0.04,0.8210,11.4939,15.7286,47.74,13.3281,ramp_down
15.350,0.8011,11.2156,0.57,0.04,0.8146,11.4048,15.7286,47.70,13.2247,ramp_down
15.363,0.7929,11.1000,-0.34,-0.02,0.8047,11.2665,15.7286,47.72,13.0643,ramp_down
15.375,0.7929,11.1000,-0.34,-0.02,0.8047,11.2665,15.7286,47.72,13.0643,ramp_down
15.388,0.7846,10.9844,-0.23,-0.02,0.7855,10.9965,15.7286,47.72,12.7513,ramp_down
15.400,0.7763,10.8687,0.13,0.01,0.7846,10.9850,15.7286,47.72,12.7380,ramp_down
15.413,0.7681,10.7531,0.53,0.04,0.7769,10.8767,15.7286,47.72,12.6124,ramp_down
15.429,0.7598,10.6375,0.53,0.04,0.7769,10.8767,15.4954,47.72,12.6124,ramp_down
15.438,0.7598,10.6375,1.00,0.07,0.7671,10.7394,15.4954,47.74,12.4532,ramp_down
15.450,0.7516,10.5219,-0.18,-0.01,0.7581,10.6135,15.4954,47.76,12.3071,ramp_down
15.463,0.7433,10.4062,0.10,0.01,0.7560,10.5839,15.4954,47.72,12.2729,ramp_down
15.475,0.7350,10.2906,0.10,0.01,0.7560,10.5839,15.4954,47.72,12.2729,ramp_down
15.488,0.7350,10.2906,0.81,0.06,0.7452,10.4325,15.4954,47.74,12.0973,ramp_down
15.500,0.7268,10.1750,-0.12,-0.01,0.7347,10.2861,15.4954,47.72,11.9276,ramp_down
15.514,0.7185,10.0594,-0.03,-0.00,0.7283,10.1969,15.2098,47.72,11.8241,ramp_down
15.527,0.7103,9.9438,0.46,0.03,0.7251,10.1513,15.2098,47.76,11.7712,ramp_down
15.538,0.7103,9.9438,0.46,0.03,0.7251,10.1513,15.2098,47.76,11.7712,ramp_down
15.550,0.7020,9.8281,-0.01,-0.00,0.7075,9.9054,15.2098,47.74,11.4861,ramp_down
15.563,0.6937,9.7125,-0.70,-0.05,0.7011,9.8150,15.2098,47.76,11.3813,ramp_down
15.575,0.6855,9.5969,-0.42,-0.03,0.7005,9.8065,15.2098,47.74,11.3713,ramp_down
15.588,0.6855,9.5969,-0.42,-0.03,0.7005,9.8065,15.2098,47.74,11.3713,ramp_down
15.600,0.6772,9.4812,-0.35,-0.02,0.6851,9.5911,15.2098,47.72,11.1216,ramp_down
15.614,0.6690,9.3656,-0.17,-0.01,0.6766,9.4723,14.8466,47.76,10.9839,ramp_down
15.625,0.6607,9.2500,-1.12,-0.08,0.6752,9.4522,14.8466,47.76,10.9606,ramp_down
15.638,0.6525,9.1344,-1.12,-0.08,0.6752,9.4522,14.8466,47.76,10.9606,ramp_down
15.650,0.6525,9.1344,-0.51,-0.04,0.6575,9.2050,14.8466,47.76,10.6739,ramp_down
15.663,0.6442,9.0188,0.53,0.04,0.6530,9.1422,14.8466,47.76,10.6011,ramp_down
15.675,0.6359,8.9031,-0.29,-0.02,0.6444,9.0216,14.8466,47.76,10.4612,ramp_down
15.688,0.6277,8.7875,-0.29,-0.02,0.6444,9.0216,14.8466,47.76,10.4612,ramp_down
15.701,0.6277,8.7875,-0.99,-0.07,0.6369,8.9172,14.3662,47.76,10.3402,ramp_down
15.713,0.6194,8.6719,-0.52,-0.04,0.6259,8.7624,14.3662,47.77,10.1607,ramp_down
15.725,0.6112,8.5562,-2.34,-0.17,0.6228,8.7194,14.3662,47.76,10.1108,ramp_down
15.738,0.6029,8.4406,-2.34,-0.17,0.6228,8.7194,14.3662,47.76,10.1108,ramp_down
15.750,0.6029,8.4406,-4.07,-0.29,0.6093,8.5303,14.3662,47.77,9.8915,ramp_down
15.763,0.5946,8.3250,-7.01,-0.50,0.6060,8.4833,14.3662,47.76,9.8371,ramp_down
15.775,0.5864,8.2094,-7.00,-0.50,0.5970,8.3579,14.3662,47.74,9.6916,ramp_down
15.788,0.5781,8.0938,-15.86,-1.13,0.5827,8.1584,14.3662,47.77,9.5347,ramp_down
15.804,0.5781,8.0938,-15.86,-1.13,0.5827,8.1584,13.7949,47.77,9.5347,ramp_down
15.813,0.5699,7.9781,-77.62,-5.54,0.5614,7.8600,13.7949,47.77,9.1142,ramp_down
15.825,0.5616,7.8625,36.06,2.58,0.5775,8.0845,13.7949,47.79,9.3746,ramp_down
15.838,0.5533,7.7469,-12.09,-0.86,0.5522,7.7309,13.7949,47.79,8.9646,ramp_down
15.850,0.5533,7.7469,-12.09,-0.86,0.5522,7.7309,13.7949,47.79,8.9646,ramp_down
15.863,0.5451,7.6313,-5.15,-0.37,0.5481,7.6737,13.7949,47.79,8.8982,ramp_down
15.875,0.5368,7.5156,5.03,0.36,0.5595,7.8327,13.7949,47.77,9.0826,ramp_down
15.889,0.5286,7.4000,0.59,0.04,0.5374,7.5243,12.9329,47.79,8.7250,ramp_down
15.900,0.5286,7.4000,0.59,0.04,0.5374,7.5243,12.9329,47.79,8.7250,ramp_down
15.913,0.5203,7.2844,-1.17,-0.08,0.5285,7.3985,12.9329,47.77,8.5791,ramp_down
15.925,0.5121,7.1687,-1.18,-0.08,0.5177,7.2484,12.9329,47.79,8.4051,ramp_down
15.938,0.5038,7.0531,-1.75,-0.13,0.5059,7.0820,12.9329,47.79,8.2121,ramp_down
15.951,0.4955,6.9375,-1.75,-0.13,0.5059,7.0820,12.9329,47.79,8.2121,ramp_down
15.963,0.4955,6.9375,-0.45,-0.03,0.5086,7.1209,12.9329,47.79,8.2573,ramp_down
15.976,0.4873,6.8219,-1.85,-0.13,0.4952,6.9322,10.8480,47.81,8.0384,ramp_down
15.988,0.4790,6.7063,-1.49,-0.11,0.4969,6.9565,10.8480,47.79,8.0666,ramp_down
16.000,0.4708,6.5906,-1.49,-0.11,0.4969,6.9565,10.8480,47.79,8.0666,ramp_down
16.013,0.4708,6.5906,-1.28,-0.09,0.4810,6.7339,10.8480,47.81,7.8085,ramp_down
16.025,0.4625,6.4750,-0.93,-0.07,0.4776,6.6865,10.8480,47.81,7.7535,ramp_down
16.038,0.4542,6.3594,-2.27,-0.16,0.4599,6.4388,10.8480,47.81,7.4663,ramp_down
16.051,0.4460,6.2437,-2.10,-0.15,0.4569,6.3971,10.8480,47.81,7.4179,ramp_down
16.063,0.4460,6.2437,-2.10,-0.15,0.4569,6.3971,10.8480,47.81,7.4179,ramp_down
16.076,0.4377,6.1281,-2.18,-0.16,0.4465,6.2513,9.3015,47.81,7.2489,ramp_down
16.088,0.4295,6.0125,-3.37,-0.24,0.4386,6.1406,9.3015,47.83,7.0952,ramp_down
16.100,0.4212,5.8969,-3.40,-0.24,0.4273,5.9824,9.3015,47.79,6.9370,ramp_down
16.113,0.4129,5.7812,-3.40,-0.24,0.4273,5.9824,9.3015,47.79,6.9370,ramp_down
16.125,0.4129,5.7812,-1.15,-0.08,0.4237,5.9316,9.3015,47.81,6.8781,ramp_down
16.138,0.4047,5.6656,-2.11,-0.15,0.4147,5.8059,9.3015,47.81,6.7323,ramp_down
16.150,0.3964,5.5500,-3.35,-0.24,0.3998,5.5970,9.3015,47.81,6.4901,ramp_down
16.166,0.3882,5.4344,-3.35,-0.24,0.3998,5.5970,8.7849,47.81,6.4901,ramp_down
16.175,0.3882,5.4344,-13.24,-0.95,0.4011,5.6157,8.7849,47.81,6.5118,ramp_down
16.188,0.3799,5.3188,-15.79,-1.13,0.3909,5.4731,8.7849,47.83,6.3464,ramp_down
16.200,0.3717,5.2031,-13.63,-0.97,0.3795,5.3134,8.7849,47.85,6.1613,ramp_down
16.213,0.3634,5.0875,-13.63,-0.97,0.3795,5.3134,8.7849,47.85,6.1613,ramp_down
16.225,0.3634,5.0875,-34.33,-2.45,0.3649,5.1086,8.7849,47.85,5.9238,ramp_down
16.238,0.3551,4.9719,10.38,0.74,0.3668,5.1350,8.7849,47.79,5.9544,ramp_down
16.251,0.3469,4.8562,2.29,0.16,0.3522,4.9311,8.1065,47.83,5.7179,ramp_down
16.264,0.3386,4.7406,2.38,0.17,0.3436,4.8109,8.1065,47.81,5.5786,ramp_down
16.275,0.3386,4.7406,2.38,0.17,0.3436,4.8109,8.1065,47.81,5.5786,ramp_down
16.288,0.3304,4.6250,1.16,0.08,0.3459,4.8432,8.1065,47.79,5.6161,ramp_down
16.300,0.3221,4.5094,0.83,0.06,0.3314,4.6395,8.1065,47.81,5.3799,ramp_down
16.313,0.3138,4.3938,1.17,0.08,0.3274,4.5836,8.1065,47.79,5.3150,ramp_down
16.325,0.3138,4.3938,1.17,0.08,0.3274,4.5836,8.1065,47.79,5.3150,ramp_down
16.338,0.3056,4.2781,-0.89,-0.06,0.3158,4.4206,8.1065,47.81,5.1261,ramp_down
16.351,0.2973,4.1625,0.09,0.01,0.2984,4.1782,6.8119,47.83,4.8450,ramp_down
16.363,0.2891,4.0469,-1.16,-0.08,0.2904,4.0652,6.8119,47.83,4.7139,ramp_down
16.375,0.2808,3.9312,-1.16,-0.08,0.2904,4.0652,6.8119,47.83,4.7139,ramp_down
16.388,0.2808,3.9312,-0.98,-0.07,0.2790,3.9065,6.8119,47.79,4.5299,ramp_down
16.400,0.2725,3.8156,-1.78,-0.13,0.2836,3.9699,6.8119,47.79,4.6034,ramp_down
16.413,0.2643,3.7000,-0.91,-0.06,0.2808,3.9308,6.8119,47.79,4.5581,ramp_down
16.426,0.2560,3.5844,-0.91,-0.06,0.2808,3.9308,6.8119,47.79,4.5581,ramp_down
16.439,0.2560,3.5844,-2.02,-0.14,0.2644,3.7009,5.4622,47.83,4.2915,ramp_down
16.450,0.2478,3.4688,-0.89,-0.06,0.2582,3.6149,5.4622,47.81,4.1918,ramp_down
16.463,0.2395,3.3531,-2.27,-0.16,0.2476,3.4662,5.4622,47.81,4.0193,ramp_down
16.475,0.2313,3.2375,-2.27,-0.16,0.2476,3.4662,5.4622,47.81,4.0193,ramp_down
16.488,0.2313,3.2375,-0.82,-0.06,0.2398,3.3579,5.4622,47.81,3.8937,ramp_down
16.500,0.2230,3.1219,-2.63,-0.19,0.2357,3.2992,5.4622,47.83,3.8256,ramp_down
16.513,0.2147,3.0063,-1.91,-0.14,0.2242,3.1384,5.4622,47.81,3.6393,ramp_down
16.525,0.2065,2.8906,-1.91,-0.14,0.2242,3.1384,5.4622,47.81,3.6393,ramp_down
16.539,0.2065,2.8906,-2.10,-0.15,0.2157,3.0200,5.0797,47.81,3.5019,ramp_down
16.550,0.1982,2.7750,-3.15,-0.22,0.2025,2.8352,5.0797,47.83,3.2876,ramp_down
16.563,0.1900,2.6594,-4.31,-0.31,0.1969,2.7563,5.0797,47.83,3.1961,ramp_down
16.575,0.1817,2.5437,-4.31,-0.31,0.1969,2.7563,5.0797,47.83,3.1961,ramp_down
16.588,0.1817,2.5437,-4.59,-0.33,0.1893,2.6507,5.0797,47.79,3.0737,ramp_down
16.600,0.1734,2.4281,-0.99,-0.07,0.1863,2.6083,5.0797,47.81,3.0245,ramp_down
16.613,0.1652,2.3125,-2.79,-0.20,0.1699,2.3792,5.0797,47.81,2.7589,ramp_down
16.628,0.1569,2.1969,-2.79,-0.20,0.1699,2.3792,4.7063,47.81,2.7589,ramp_down
16.638,0.1569,2.1969,-1.32,-0.09,0.1670,2.3378,4.7063,47.81,2.7109,ramp_down
16.650,0.1487,2.0813,-3.67,-0.26,0.1582,2.2143,4.7063,47.85,2.5677,ramp_down
16.663,0.1404,1.9656,-8.75,-0.63,0.1462,2.0464,4.7063,47.81,2.3729,ramp_down
16.676,0.1321,1.8500,-8.75,-0.63,0.1462,2.0464,4.7063,47.81,2.3729,ramp_down
16.688,0.1321,1.8500,-4.53,-0.32,0.1409,1.9722,4.7063,47.81,2.2870,ramp_down
16.700,0.1239,1.7344,-2.35,-0.17,0.1355,1.8968,4.7063,47.85,2.1995,ramp_down
16.714,0.1156,1.6187,-6.16,-0.44,0.1295,1.8133,4.2259,47.83,2.1026,ramp_down
16.725,0.1074,1.5031,-6.16,-0.44,0.1295,1.8133,4.2259,47.83,2.1026,ramp_down
16.738,0.1074,1.5031,-21.93,-1.57,0.1301,1.8209,4.2259,47.81,2.1115,ramp_down
16.750,0.0991,1.3875,-27.45,-1.96,0.1009,1.4123,4.2259,47.81,1.6376,ramp_down
16.763,0.0908,1.2719,-5.74,-0.41,0.1019,1.4268,4.2259,47.81,1.6545,ramp_down
16.776,0.0826,1.1562,-5.75,-0.41,0.0945,1.3231,4.2259,47.85,1.5342,ramp_down
16.788,0.0826,1.1562,-5.75,-0.41,0.0945,1.3231,4.2259,47.85,1.5342,ramp_down
16.800,0.0743,1.0406,-8.39,-0.60,0.0843,1.1808,4.2259,47.83,1.3692,ramp_down
16.814,0.0661,0.9250,-10.48,-0.75,0.0790,1.1063,3.7058,47.85,1.2829,ramp_down
16.825,0.0578,0.8094,-1.32,-0.09,0.0626,0.8765,3.7058,47.85,1.0163,ramp_down
16.838,0.0496,0.6938,-1.32,-0.09,0.0626,0.8765,3.7058,47.85,1.0163,ramp_down
16.850,0.0496,0.6938,-3.95,-0.28,0.0598,0.8369,3.7058,47.85,0.9705,ramp_down
16.863,0.0413,0.5781,-7.09,-0.51,0.0513,0.7187,3.7058,47.85,0.8334,ramp_down
16.875,0.0330,0.4625,-16.62,-1.19,0.0403,0.5644,3.7058,47.81,0.6545,ramp_down
16.888,0.0248,0.3469,-16.62,-1.19,0.0403,0.5644,3.7058,47.81,0.6545,ramp_down
16.901,0.0248,0.3469,-29.96,-2.14,0.0442,0.6193,2.9807,47.81,0.7181,ramp_down
16.913,0.0165,0.2312,-44.77,-3.20,0.0385,0.5387,2.9807,47.81,0.6247,ramp_down
16.925,0.0083,0.1156,-73.83,-5.27,0.0074,0.1031,2.9807,47.81,0.1195,ramp_down
16.938,0.0000,0.0000,-23.13,-1.65,0.0057,0.0797,2.9807,47.85,0.0924,ramp_down
16.950,0.0000,0.0000,-23.13,-1.65,0.0057,0.0797,2.9807,47.85,0.0924,ramp_down
16.963,0.0000,0.0000,10.64,0.76,0.0083,0.1155,2.9807,47.85,0.1340,ramp_down
16.975,0.0000,0.0000,10.64,0.76,0.0083,0.1155,2.9807,47.85,0.1340,ramp_down
16.989,0.0000,0.0000,10.64,0.76,0.0083,0.1155,2.1329,47.85,0.1340,ramp_down
17.000,0.0000,0.0000,10.64,0.76,0.0083,0.1155,2.1329,47.85,0.1340,ramp_down
17.013,0.0000,0.0000,10.64,0.76,0.0083,0.1155,2.1329,47.85,0.1340,ramp_down
17.025,0.0000,0.0000,10.64,0.76,0.0083,0.1155,2.1329,47.85,0.1340,ramp_down
17.038,0.0000,0.0000,10.64,0.76,0.0083,0.1155,2.1329,47.85,0.1340,ramp_down
17.050,0.0000,0.0000,10.64,0.76,0.0083,0.1155,2.1329,47.85,0.1340,ramp_down
17.063,0.0000,0.0000,10.64,0.76,0.0083,0.1155,2.1329,47.85,0.1340,ramp_down
17.075,0.0000,0.0000,10.64,0.76,0.0083,0.1155,2.1329,47.85,0.1340,ramp_down
17.089,0.0000,0.0000,10.64,0.76,0.0083,0.1155,1.2982,47.85,0.1340,ramp_down
17.100,0.0000,0.0000,10.64,0.76,0.0083,0.1155,1.2982,47.85,0.1340,ramp_down
17.113,0.0000,0.0000,10.64,0.76,0.0083,0.1155,1.2982,47.85,0.1340,ramp_down
17.125,0.0000,0.0000,10.64,0.76,0.0083,0.1155,1.2982,47.85,0.1340,ramp_down
17.138,0.0000,0.0000,10.64,0.76,0.0083,0.1155,1.2982,47.85,0.1340,ramp_down
17.150,0.0000,0.0000,10.64,0.76,0.0083,0.1155,1.2982,47.85,0.1340,ramp_down
17.163,0.0000,0.0000,10.64,0.76,0.0083,0.1155,1.2982,47.85,0.1340,ramp_down
17.176,0.0000,0.0000,10.64,0.76,0.0083,0.1155,0.8886,47.85,0.1340,ramp_down
17.188,0.0000,0.0000,10.64,0.76,0.0083,0.1155,0.8886,47.85,0.1340,ramp_down
17.200,0.0000,0.0000,10.64,0.76,0.0083,0.1155,0.8886,47.85,0.1340,ramp_down
17.213,0.0000,0.0000,10.64,0.76,0.0083,0.1155,0.8886,47.85,0.1340,ramp_down
17.225,0.0000,0.0000,10.64,0.76,0.0083,0.1155,0.8886,47.85,0.1340,ramp_down
17.238,0.0000,0.0000,10.64,0.76,0.0083,0.1155,0.8886,47.85,0.1340,ramp_down
17.250,0.0000,0.0000,10.64,0.76,0.0083,0.1155,0.8886,47.85,0.1340,ramp_down
17.263,0.0000,0.0000,10.64,0.76,0.0083,0.1155,0.8886,47.85,0.1340,ramp_down
17.276,0.0000,0.0000,10.64,0.76,0.0083,0.1155,0.9321,47.85,0.1340,ramp_down
17.288,0.0000,0.0000,10.64,0.76,0.0083,0.1155,0.9321,47.85,0.1340,ramp_down
17.300,0.0000,0.0000,10.64,0.76,0.0083,0.1155,0.9321,47.85,0.1340,ramp_down
17.313,0.0000,0.0000,10.64,0.76,0.0083,0.1155,0.9321,47.85,0.1340,ramp_down
17.325,0.0000,0.0000,10.64,0.76,0.0083,0.1155,0.9321,47.85,0.1340,ramp_down
17.338,0.0000,0.0000,10.64,0.76,0.0083,0.1155,0.9321,47.85,0.1340,ramp_down
17.350,0.0000,0.0000,10.64,0.76,0.0083,0.1155,0.9321,47.85,0.1340,ramp_down
17.364,0.0000,0.0000,10.64,0.76,0.0083,0.1155,0.9528,47.85,0.1340,ramp_down
17.375,0.0000,0.0000,10.64,0.76,0.0083,0.1155,0.9528,47.85,0.1340,ramp_down
17.388,0.0000,0.0000,10.64,0.76,0.0083,0.1155,0.9528,47.85,0.1340,ramp_down
17.400,0.0000,0.0000,10.64,0.76,0.0083,0.1155,0.9528,47.85,0.1340,ramp_down
17.413,0.0000,0.0000,10.64,0.76,0.0083,0.1155,0.9528,47.85,0.1340,ramp_down
17.425,0.0000,0.0000,10.64,0.76,0.0083,0.1155,0.9528,47.85,0.1340,ramp_down
17.438,0.0000,0.0000,10.64,0.76,0.0083,0.1155,0.9528,47.85,0.1340,ramp_down
17.451,0.0000,0.0000,10.64,0.76,0.0083,0.1155,0.9682,47.85,0.1340,ramp_down
17.463,0.0000,0.0000,10.64,0.76,0.0083,0.1155,0.9682,47.85,0.1340,ramp_down
17.475,0.0000,0.0000,10.64,0.76,0.0083,0.1155,0.9682,47.85,0.1340,ramp_down
17.488,0.0000,0.0000,10.64,0.76,0.0083,0.1155,0.9682,47.85,0.1340,ramp_down
17.500,0.0000,0.0000,10.64,0.76,0.0083,0.1155,0.9682,47.85,0.1340,ramp_down
17.513,0.0000,0.0000,10.64,0.76,0.0083,0.1155,0.9682,47.85,0.1340,ramp_down
17.525,0.0000,0.0000,10.64,0.76,0.0083,0.1155,0.9682,47.85,0.1340,ramp_down
17.538,0.0000,0.0000,10.64,0.76,0.0083,0.1155,0.9682,47.85,0.1340,ramp_down
17.551,0.0000,0.0000,10.64,0.76,0.0083,0.1155,0.9756,47.85,0.1340,ramp_down
17.563,0.0000,0.0000,10.64,0.76,0.0083,0.1155,0.9756,47.85,0.1340,ramp_down
17.575,0.0000,0.0000,10.64,0.76,0.0083,0.1155,0.9756,47.85,0.1340,ramp_down
17.588,0.0000,0.0000,10.64,0.76,0.0083,0.1155,0.9756,47.85,0.1340,ramp_down
17.600,0.0000,0.0000,10.64,0.76,0.0083,0.1155,0.9756,47.85,0.1340,ramp_down
17.613,0.0000,0.0000,10.64,0.76,0.0083,0.1155,0.9756,47.85,0.1340,ramp_down
17.625,0.0000,0.0000,10.64,0.76,0.0083,0.1155,0.9756,47.85,0.1340,ramp_down
17.639,0.0000,0.0000,10.64,0.76,0.0083,0.1155,0.8855,47.85,0.1340,ramp_down
17.650,0.0000,0.0000,10.64,0.76,0.0083,0.1155,0.8855,47.85,0.1340,ramp_down
17.663,0.0000,0.0000,10.64,0.76,0.0083,0.1155,0.8855,47.85,0.1340,ramp_down
17.675,0.0000,0.0000,10.64,0.76,0.0083,0.1155,0.8855,47.85,0.1340,ramp_down
17.688,0.0000,0.0000,10.64,0.76,0.0083,0.1155,0.8855,47.85,0.1340,ramp_down
17.700,0.0000,0.0000,10.64,0.76,0.0083,0.1155,0.8855,47.85,0.1340,ramp_down
17.713,0.0000,0.0000,10.64,0.76,0.0083,0.1155,0.8855,47.85,0.1340,ramp_down
17.725,0.0000,0.0000,10.64,0.76,0.0083,0.1155,0.8855,47.85,0.1340,ramp_down
17.739,0.0000,0.0000,10.64,0.76,0.0083,0.1155,0.6951,47.85,0.1340,ramp_down
17.750,0.0000,0.0000,10.64,0.76,0.0083,0.1155,0.6951,47.85,0.1340,ramp_down
17.763,0.0000,0.0000,10.64,0.76,0.0083,0.1155,0.6951,47.85,0.1340,ramp_down
17.775,0.0000,0.0000,10.64,0.76,0.0083,0.1155,0.6951,47.85,0.1340,ramp_down
17.788,0.0000,0.0000,10.64,0.76,0.0083,0.1155,0.6951,47.85,0.1340,ramp_down
17.800,0.0000,0.0000,10.64,0.76,0.0083,0.1155,0.6951,47.85,0.1340,ramp_down
17.813,0.0000,0.0000,10.64,0.76,0.0083,0.1155,0.6951,47.85,0.1340,ramp_down
17.826,0.0000,0.0000,10.64,0.76,0.0083,0.1155,0.6728,47.85,0.1340,ramp_down
17.838,0.0000,0.0000,10.64,0.76,0.0083,0.1155,0.6728,47.85,0.1340,ramp_down
17.850,0.0000,0.0000,10.64,0.76,0.0083,0.1155,0.6728,47.85,0.1340,ramp_down
17.863,0.0000,0.0000,10.64,0.76,0.0083,0.1155,0.6728,47.85,0.1340,ramp_down
17.875,0.0000,0.0000,10.64,0.76,0.0083,0.1155,0.6728,47.85,0.1340,ramp_down
17.888,0.0000,0.0000,10.64,0.76,0.0083,0.1155,0.6728,47.85,0.1340,ramp_down
17.900,0.0000,0.0000,10.64,0.76,0.0083,0.1155,0.6728,47.85,0.1340,ramp_down
17.914,0.0000,0.0000,10.64,0.76,0.0083,0.1155,0.6893,47.85,0.1340,ramp_down
17.925,0.0000,0.0000,10.64,0.76,0.0083,0.1155,0.6893,47.85,0.1340,ramp_down
17.938,0.0000,0.0000,10.64,0.76,0.0083,0.1155,0.6893,47.85,0.1340,ramp_down
17.950,0.0000,0.0000,10.64,0.76,0.0083,0.1155,0.6893,47.85,0.1340,ramp_down
17.963,0.0000,0.0000,10.64,0.76,0.0083,0.1155,0.6893,47.85,0.1340,ramp_down
