time_s,load_velocity,load_torque,test_velocity,test_torque,loadcell_torque_nm,cmd_torque_nm,load_voltage,test_voltage,test_q_A,kp,kd
0.00,nan,nan,nan,nan,nan,nan,nan,nan,nan,nan,nan
0.01,nan,nan,nan,nan,nan,nan,nan,nan,nan,nan,nan
0.02,nan,nan,nan,nan,nan,nan,48.00,nan,nan,nan,nan
0.03,nan,nan,nan,nan,nan,nan,48.00,nan,nan,nan,nan
0.04,nan,nan,nan,nan,nan,nan,48.00,nan,nan,nan,nan
0.05,nan,nan,nan,nan,nan,nan,48.00,nan,nan,nan,nan
0.06,nan,nan,nan,nan,nan,nan,48.00,nan,nan,nan,nan
0.07,nan,nan,nan,nan,nan,nan,48.00,nan,nan,nan,nan
0.08,nan,nan,nan,nan,nan,nan,48.00,nan,nan,nan,nan
0.09,nan,nan,nan,nan,nan,nan,48.00,nan,nan,nan,nan
0.10,nan,nan,nan,nan,nan,nan,48.00,nan,nan,nan,nan
0.11,nan,nan,nan,nan,nan,nan,48.00,nan,nan,nan,nan
0.12,nan,nan,nan,nan,nan,nan,48.10,nan,nan,nan,nan
0.13,nan,nan,nan,nan,nan,nan,48.10,nan,nan,nan,nan
0.14,nan,nan,nan,nan,nan,nan,48.10,nan,nan,nan,nan
0.15,nan,nan,nan,nan,nan,nan,48.10,nan,nan,nan,nan
0.16,nan,nan,nan,nan,nan,nan,48.10,nan,nan,nan,nan
0.17,nan,nan,nan,nan,nan,nan,48.10,nan,nan,nan,nan
0.18,nan,nan,nan,nan,nan,nan,48.10,nan,nan,nan,nan
0.19,nan,nan,nan,nan,nan,nan,48.10,nan,nan,nan,nan
0.20,nan,nan,nan,nan,nan,nan,48.10,nan,nan,nan,nan
0.21,nan,nan,nan,nan,nan,nan,48.10,nan,nan,nan,nan
0.22,nan,nan,nan,nan,nan,nan,48.10,nan,nan,nan,nan
0.23,nan,nan,nan,nan,nan,nan,48.10,nan,nan,nan,nan
0.24,nan,nan,nan,nan,nan,nan,48.10,nan,nan,nan,nan
0.25,nan,nan,nan,nan,nan,nan,48.10,nan,nan,nan,nan
0.26,nan,nan,nan,nan,nan,nan,48.10,nan,nan,nan,nan
0.27,nan,nan,nan,nan,nan,nan,48.10,nan,nan,nan,nan
0.28,nan,nan,nan,nan,nan,nan,48.10,nan,nan,nan,nan
0.29,nan,nan,nan,nan,nan,nan,48.10,nan,nan,nan,nan
0.30,nan,nan,nan,nan,nan,nan,48.10,nan,nan,nan,nan
0.31,nan,nan,nan,nan,nan,nan,48.10,nan,nan,nan,nan
0.32,nan,nan,nan,nan,nan,nan,48.10,nan,nan,nan,nan
0.33,nan,nan,nan,nan,nan,nan,48.00,nan,nan,nan,nan
0.34,nan,nan,nan,nan,nan,nan,48.00,nan,nan,nan,nan
0.35,nan,nan,nan,nan,nan,nan,48.00,nan,nan,nan,nan
0.36,nan,nan,nan,nan,nan,nan,48.00,nan,nan,nan,nan
0.37,nan,nan,nan,nan,nan,nan,48.00,nan,nan,nan,nan
0.38,nan,nan,nan,nan,nan,nan,48.00,nan,nan,nan,nan
0.39,nan,nan,nan,nan,nan,nan,48.00,nan,nan,nan,nan
0.40,nan,nan,nan,nan,nan,nan,48.00,nan,nan,nan,nan
0.41,nan,nan,nan,nan,nan,nan,48.00,nan,nan,nan,nan
0.42,nan,nan,nan,nan,nan,nan,48.00,nan,nan,nan,nan
0.43,nan,nan,nan,nan,nan,nan,48.10,nan,nan,nan,nan
0.44,nan,nan,nan,nan,nan,nan,48.10,nan,nan,nan,nan
0.45,nan,nan,nan,nan,nan,nan,48.10,nan,nan,nan,nan
0.46,nan,nan,nan,nan,nan,nan,48.10,nan,nan,nan,nan
0.47,nan,nan,nan,nan,nan,nan,48.10,nan,nan,nan,nan
0.48,nan,nan,nan,nan,nan,nan,48.10,nan,nan,nan,nan
0.49,nan,nan,nan,nan,nan,nan,48.10,nan,nan,nan,nan
0.50,nan,nan,nan,nan,nan,nan,48.10,nan,nan,nan,nan
0.51,nan,nan,0.00,0.00,nan,0.00,48.10,48.26,1.200,nan,nan
0.52,0.00,7.70,0.00,0.00,nan,0.00,48.10,48.26,1.200,nan,nan
0.53,0.00,7.70,-0.01,-0.13,nan,0.01,47.70,48.22,-0.153,nan,nan
0.54,-0.50,-0.41,-0.01,-0.13,nan,0.01,47.70,48.22,-0.153,nan,nan
0.55,-0.17,-0.70,-0.03,-0.02,nan,0.01,47.70,48.22,-0.025,nan,nan
0.56,-0.17,-0.70,0.01,-0.08,nan,0.01,47.70,48.24,-0.064,nan,nan
0.57,-0.33,-0.74,0.01,-0.08,nan,0.01,47.70,48.24,-0.064,nan,nan
0.58,-0.33,-0.74,0.03,0.04,nan,0.02,47.70,48.22,0.045,nan,nan
0.59,-0.50,-0.65,0.03,0.04,nan,0.02,47.70,48.22,0.045,nan,nan
0.60,-0.67,-0.89,-0.01,-0.02,nan,0.02,47.70,48.24,-0.025,nan,nan
0.61,-0.67,-0.89,-0.05,-0.02,nan,0.02,47.70,48.22,-0.020,nan,nan
0.62,-0.83,-1.27,-0.05,-0.02,nan,0.02,47.70,48.22,-0.020,nan,nan
0.63,-0.83,-1.27,0.00,0.04,nan,0.02,47.70,48.21,0.044,nan,nan
0.64,-1.17,-1.06,0.00,0.04,nan,0.03,47.70,48.21,0.044,nan,nan
0.65,-1.17,-1.06,0.04,0.03,nan,0.03,47.70,48.24,0.039,nan,nan
0.66,-1.00,-0.43,-0.05,-0.02,nan,0.03,47.70,48.24,-0.025,nan,nan
0.67,-1.17,0.00,-0.05,-0.02,nan,0.03,47.70,48.24,-0.025,nan,nan
0.68,-1.17,0.00,-0.03,-0.06,nan,0.03,47.70,48.22,-0.069,nan,nan
0.69,-1.17,-0.12,-0.03,-0.06,nan,0.03,47.70,48.22,-0.069,nan,nan
0.70,-1.17,-0.12,-0.02,0.00,nan,0.04,47.70,48.24,0.005,nan,nan
0.71,-1.00,-1.30,-0.02,0.00,nan,0.04,47.70,48.24,0.005,nan,nan
0.72,-1.00,-1.10,-0.00,0.25,nan,0.04,47.70,48.24,0.286,nan,nan
0.73,-1.00,-1.10,0.05,0.09,nan,0.04,47.70,48.24,0.103,nan,nan
0.74,-1.50,-1.25,0.05,0.09,nan,0.04,47.60,48.24,0.103,nan,nan
0.75,-1.50,-1.25,-0.01,0.02,nan,0.05,47.60,48.24,0.020,nan,nan
0.76,-1.67,-0.86,-0.00,0.25,nan,0.05,47.60,48.22,0.290,nan,nan
0.77,-2.33,-0.50,-0.00,0.25,nan,0.05,47.60,48.22,0.290,nan,nan
0.78,-2.33,-0.50,-0.00,-0.06,nan,0.05,47.60,48.24,-0.064,nan,nan
0.79,-2.17,-0.74,-0.00,-0.06,nan,0.05,47.60,48.24,-0.064,nan,nan
0.80,-2.17,-0.74,0.02,0.11,nan,0.06,47.60,48.24,0.128,nan,nan
0.81,-2.00,-0.48,0.02,0.11,nan,0.06,47.60,48.24,0.128,nan,nan
0.82,-2.00,-0.48,0.02,0.09,nan,0.06,47.60,48.24,0.108,nan,nan
0.83,-2.33,-0.10,0.02,0.09,nan,0.06,47.60,48.24,0.108,nan,nan
0.84,-2.33,-0.10,0.04,-0.02,nan,0.06,47.60,48.24,-0.020,nan,nan
0.85,-2.33,-0.55,0.04,-0.02,nan,0.07,47.70,48.24,-0.020,nan,nan
0.86,-2.17,-0.53,-0.04,0.03,nan,0.07,47.70,48.26,0.040,nan,nan
0.87,-2.17,-0.53,-0.05,0.02,nan,0.07,47.70,48.24,0.024,nan,nan
0.88,-2.33,-0.91,-0.05,0.02,nan,0.07,47.70,48.24,0.024,nan,nan
0.89,-2.33,-0.91,0.04,0.09,nan,0.07,47.70,48.24,0.089,nan,nan
0.90,-2.83,-1.20,0.04,0.09,nan,0.07,47.70,48.24,0.089,nan,nan
0.91,-3.00,-0.58,0.04,-0.02,nan,0.07,47.70,48.26,-0.025,nan,nan
0.92,-3.00,-0.58,0.04,-0.02,nan,0.08,47.70,48.26,-0.025,nan,nan
0.93,-3.17,-0.67,0.00,0.16,nan,0.08,47.70,48.24,0.187,nan,nan
0.94,-3.17,-0.67,0.04,0.09,nan,0.08,47.70,48.24,0.108,nan,nan
0.95,-3.33,0.36,0.04,0.09,nan,0.08,47.60,48.24,0.108,nan,nan
0.96,-3.33,0.36,0.05,0.00,nan,0.08,47.60,48.22,0.000,nan,nan
0.97,-2.83,-1.46,0.05,0.00,nan,0.09,47.60,48.22,0.000,nan,nan
0.98,-3.50,-0.19,0.04,0.06,nan,0.09,47.60,48.22,0.068,nan,nan
0.99,-3.50,-0.19,0.06,0.31,nan,0.09,47.60,48.24,0.349,nan,nan
1.00,-3.83,-0.48,0.06,0.31,nan,0.09,47.60,48.24,0.349,nan,nan
1.01,-3.83,-0.48,0.05,0.19,nan,0.09,47.60,48.24,0.216,nan,nan
1.02,-3.67,-0.74,0.05,0.19,nan,0.09,47.60,48.24,0.216,nan,nan
1.03,-3.67,-0.74,0.03,0.11,nan,0.10,47.60,48.24,0.124,nan,nan
1.04,-3.83,-0.07,-0.00,0.06,nan,0.10,47.60,48.24,0.064,nan,nan
1.05,-3.17,-1.34,-0.00,0.06,nan,0.10,47.70,48.24,0.064,nan,nan
1.06,-3.17,-1.34,0.01,0.19,nan,0.10,47.70,48.22,0.220,nan,nan
1.07,-4.00,-0.19,0.01,0.19,nan,0.10,47.70,48.22,0.220,nan,nan
1.08,-4.00,-0.19,-0.02,0.06,nan,0.11,47.70,48.22,0.064,nan,nan
1.09,-4.17,-0.91,-0.02,0.06,nan,0.11,47.70,48.22,0.064,nan,nan
1.10,-4.33,0.00,-0.04,0.15,nan,0.11,47.70,48.22,0.172,nan,nan
1.11,-4.33,0.00,-0.04,0.15,nan,0.11,47.70,48.22,0.172,nan,nan
1.12,-4.00,-1.13,-0.02,-0.04,nan,0.11,47.70,48.24,-0.044,nan,nan
1.13,-4.00,-1.13,0.02,-0.02,nan,0.12,47.70,48.24,-0.020,nan,nan
1.14,-4.33,-1.01,0.02,-0.02,nan,0.12,47.70,48.24,-0.020,nan,nan
1.15,-4.33,-1.01,0.04,0.22,nan,0.12,47.70,48.24,0.256,nan,nan
1.16,-5.00,-0.38,0.04,0.22,nan,0.12,47.80,48.24,0.256,nan,nan
1.17,-4.50,-0.94,-0.03,0.07,nan,0.12,47.80,48.24,0.080,nan,nan
1.18,-4.50,-0.94,0.03,0.13,nan,0.12,47.80,48.24,0.148,nan,nan
1.19,-4.50,-1.27,0.03,0.13,nan,0.12,47.80,48.24,0.148,nan,nan
1.20,-4.50,-1.27,-0.06,-0.00,nan,0.13,47.80,48.24,-0.004,nan,nan
1.21,-5.33,-0.10,-0.06,-0.00,nan,0.13,47.80,48.24,-0.004,nan,nan
1.22,-5.33,-0.10,-0.07,0.11,nan,0.13,47.80,48.24,0.128,nan,nan
1.23,-5.33,-0.19,-0.07,0.11,nan,0.13,47.80,48.24,0.128,nan,nan
1.24,-4.83,-0.84,-0.03,0.04,nan,0.13,47.80,48.24,0.044,nan,nan
1.25,-4.83,-0.84,-0.02,0.15,nan,0.14,47.80,48.22,0.172,nan,nan
1.26,-5.67,-0.91,-0.02,0.15,nan,0.14,47.80,48.22,0.172,nan,nan
1.27,-5.67,-0.91,0.01,0.27,nan,0.14,47.60,48.22,0.310,nan,nan
1.28,-5.50,-0.67,0.01,0.27,nan,0.14,47.60,48.22,0.310,nan,nan
1.29,-5.50,-0.67,0.02,0.36,nan,0.14,47.60,48.24,0.413,nan,nan
1.30,-5.50,-0.67,0.02,0.36,nan,0.15,47.60,48.24,0.413,nan,nan
1.31,-5.83,-0.41,-0.10,0.09,nan,0.15,47.60,48.24,0.108,nan,nan
1.32,-5.83,-0.41,-0.00,0.07,nan,0.15,47.60,48.24,0.084,nan,nan
1.33,-6.00,-0.10,-0.00,0.07,nan,0.15,47.60,48.24,0.084,nan,nan
1.34,-6.00,-0.10,-0.01,0.13,nan,0.15,47.60,48.22,0.148,nan,nan
1.35,-5.67,-1.25,-0.01,0.13,nan,0.16,47.60,48.22,0.148,nan,nan
1.36,-6.33,-0.14,-0.09,0.16,nan,0.16,47.60,48.24,0.188,nan,nan
1.37,-6.33,-0.14,-0.06,0.38,nan,0.16,47.70,48.24,0.435,nan,nan
1.38,-6.33,-0.48,-0.06,0.38,nan,0.16,47.70,48.24,0.435,nan,nan
1.39,-6.33,-0.48,-0.01,0.17,nan,0.16,47.70,48.22,0.196,nan,nan
1.40,-6.00,-1.20,-0.01,0.17,nan,0.17,47.70,48.22,0.196,nan,nan
1.41,-6.83,-0.22,0.01,0.15,nan,0.17,47.70,48.24,0.168,nan,nan
1.42,-6.83,-0.22,-0.03,0.15,nan,0.17,47.70,48.26,0.168,nan,nan
1.43,-6.83,0.62,-0.03,0.15,nan,0.17,47.70,48.26,0.168,nan,nan
1.44,-6.83,0.62,-0.03,0.28,nan,0.17,47.70,48.22,0.324,nan,nan
1.45,-6.17,-1.78,-0.03,0.28,nan,0.17,47.70,48.22,0.324,nan,nan
1.46,-6.17,-1.78,-0.00,0.42,nan,0.17,47.70,48.22,0.476,nan,nan
1.47,-7.33,-0.41,-0.00,0.42,nan,0.18,47.70,48.22,0.476,nan,nan
1.48,-6.67,-0.70,-0.00,0.29,nan,0.18,47.70,48.24,0.328,nan,nan
1.49,-6.67,-0.70,0.04,0.31,nan,0.18,47.70,48.24,0.348,nan,nan
1.50,-7.33,-0.55,0.04,0.31,nan,0.18,47.70,48.24,0.348,nan,nan
1.51,-7.33,-0.55,-0.02,0.11,nan,0.18,47.70,48.24,0.128,nan,nan
1.52,-7.33,-0.07,-0.02,0.11,nan,0.19,47.70,48.24,0.128,nan,nan
1.53,-7.33,-0.07,-0.03,0.11,nan,0.19,47.70,48.24,0.128,nan,nan
1.54,-6.67,-1.39,0.04,0.09,nan,0.19,47.70,48.21,0.108,nan,nan
1.55,-7.83,-0.12,0.04,0.09,nan,0.19,47.70,48.21,0.108,nan,nan
1.56,-7.83,-0.12,-0.03,0.29,nan,0.19,47.70,48.22,0.328,nan,nan
1.57,-7.50,-0.17,-0.03,0.29,nan,0.19,47.70,48.22,0.328,nan,nan
1.58,-7.50,-0.17,0.03,0.36,nan,0.20,47.70,48.24,0.412,nan,nan
1.59,-8.17,-0.22,0.03,0.36,nan,0.20,47.70,48.24,0.412,nan,nan
1.60,-7.67,-1.03,0.05,0.15,nan,0.20,47.70,48.24,0.167,nan,nan
1.61,-7.67,-1.03,-0.02,0.11,nan,0.20,47.70,48.22,0.128,nan,nan
1.62,-8.00,-1.06,-0.02,0.11,nan,0.20,47.70,48.22,0.128,nan,nan
1.63,-8.00,-1.06,0.03,0.36,nan,0.21,47.70,48.24,0.413,nan,nan
1.64,-8.50,0.05,0.03,0.36,nan,0.21,47.70,48.24,0.413,nan,nan
1.65,-8.50,0.05,-0.00,0.11,nan,0.21,47.70,48.24,0.128,nan,nan
1.66,-8.00,-1.22,-0.04,0.15,nan,0.21,47.70,48.24,0.169,nan,nan
1.67,-8.67,-0.31,-0.04,0.15,nan,0.21,47.70,48.24,0.169,nan,nan
1.68,-8.67,-0.31,0.00,0.15,nan,0.22,47.70,48.22,0.172,nan,nan
1.69,-7.83,-1.58,0.00,0.15,nan,0.22,47.70,48.22,0.172,nan,nan
1.70,-7.83,-1.58,-0.04,0.01,nan,0.22,47.70,48.24,0.017,nan,nan
1.71,-8.83,-0.65,-0.04,0.01,nan,0.22,47.70,48.24,0.017,nan,nan
1.72,-7.67,-2.33,-0.02,0.46,nan,0.22,47.70,48.24,0.520,nan,nan
1.73,-7.67,-2.33,-0.02,0.09,nan,0.22,47.70,48.24,0.104,nan,nan
1.74,-9.17,-0.29,-0.02,0.09,nan,0.22,47.70,48.24,0.104,nan,nan
1.75,-9.17,-0.29,0.00,0.11,nan,0.23,47.70,48.22,0.128,nan,nan
1.76,-8.00,-2.06,0.00,0.11,nan,0.23,47.70,48.22,0.128,nan,nan
1.77,-9.50,-0.19,-0.05,0.09,nan,0.23,47.70,48.22,0.108,nan,nan
1.78,-9.50,-0.19,-0.03,0.38,nan,0.23,47.70,48.22,0.435,nan,nan
1.79,-8.33,-1.70,-0.03,0.38,nan,0.23,47.60,48.22,0.435,nan,nan
1.80,-8.33,-1.70,-0.09,0.17,nan,0.24,47.60,48.22,0.192,nan,nan
1.81,-9.83,-0.72,-0.09,0.17,nan,0.24,47.60,48.22,0.192,nan,nan
1.82,-9.83,-0.72,-0.02,0.17,nan,0.24,47.60,48.24,0.192,nan,nan
1.83,-8.83,-1.46,-0.01,0.13,nan,0.24,47.60,48.21,0.148,nan,nan
1.84,-10.17,0.19,-0.01,0.13,nan,0.24,47.60,48.21,0.148,nan,nan
1.85,-10.17,0.19,-0.05,-0.00,nan,0.25,47.60,48.24,-0.003,nan,nan
1.86,-9.33,-2.04,-0.05,-0.00,nan,0.25,47.60,48.24,-0.003,nan,nan
1.87,-9.33,-2.04,0.01,0.34,nan,0.25,47.60,48.22,0.392,nan,nan
1.88,-10.50,-0.19,0.02,0.28,nan,0.25,47.60,48.26,0.320,nan,nan
1.89,-10.00,-0.79,0.02,0.28,nan,0.25,47.60,48.26,0.320,nan,nan
1.90,-10.00,-0.79,0.00,0.42,nan,0.26,47.80,48.26,0.480,nan,nan
1.91,-10.33,-0.31,0.00,0.42,nan,0.26,47.80,48.26,0.480,nan,nan
1.92,-10.33,-0.31,0.05,0.20,nan,0.26,47.80,48.24,0.232,nan,nan
1.93,-10.33,-0.62,0.05,0.20,nan,0.26,47.80,48.24,0.232,nan,nan
1.94,-9.83,-1.22,0.06,0.17,nan,0.26,47.80,48.24,0.192,nan,nan
1.95,-9.83,-1.22,0.05,0.22,nan,0.27,47.80,48.24,0.256,nan,nan
1.96,-10.67,-0.46,0.05,0.22,nan,0.27,47.80,48.24,0.256,nan,nan
1.97,-10.67,-0.46,0.01,0.19,nan,0.27,47.80,48.24,0.212,nan,nan
1.98,-10.17,-2.18,0.01,0.19,nan,0.27,47.80,48.24,0.212,nan,nan
1.99,-10.17,-2.18,0.01,0.15,nan,0.27,47.80,48.24,0.168,nan,nan
2.00,-11.17,0.00,-0.01,0.22,nan,0.28,47.80,48.24,0.256,nan,nan
2.01,-11.00,-0.70,-0.01,0.22,nan,0.28,47.70,48.24,0.256,nan,nan
2.02,-11.00,-0.70,-0.02,0.20,nan,0.28,47.70,48.22,0.232,nan,nan
2.03,-10.33,-1.30,-0.02,0.20,nan,0.28,47.70,48.22,0.232,nan,nan
2.04,-10.33,-1.30,-0.09,0.24,nan,0.28,47.70,48.24,0.280,nan,nan
2.05,-11.50,-0.43,0.01,0.24,nan,0.28,47.70,48.24,0.276,nan,nan
2.06,-11.00,-0.84,0.01,0.24,nan,0.28,47.70,48.24,0.276,nan,nan
2.07,-11.00,-0.84,-0.03,0.13,nan,0.29,47.70,48.22,0.148,nan,nan
2.08,-11.83,-0.36,-0.03,0.13,nan,0.29,47.70,48.22,0.148,nan,nan
2.09,-11.83,-0.36,-0.03,0.28,nan,0.29,47.70,48.24,0.320,nan,nan
2.10,-11.33,-1.10,-0.03,0.28,nan,0.29,47.70,48.24,0.320,nan,nan
2.11,-11.33,-1.10,-0.03,0.20,nan,0.29,47.60,48.26,0.233,nan,nan
2.12,-11.17,-1.32,-0.03,0.49,nan,0.30,47.60,48.24,0.560,nan,nan
2.13,-12.33,0.26,-0.03,0.49,nan,0.30,47.60,48.24,0.560,nan,nan
2.14,-12.33,0.26,-0.04,0.42,nan,0.30,47.60,48.22,0.475,nan,nan
2.15,-11.83,-0.58,-0.04,0.42,nan,0.30,47.60,48.22,0.475,nan,nan
2.16,-11.83,-0.58,-0.00,0.19,nan,0.30,47.60,48.24,0.216,nan,nan
2.17,-11.50,-1.22,-0.01,0.47,nan,0.31,47.60,48.22,0.539,nan,nan
2.18,-12.67,-0.17,-0.01,0.47,nan,0.31,47.60,48.22,0.539,nan,nan
2.19,-12.67,-0.17,0.00,0.47,nan,0.31,47.60,48.24,0.539,nan,nan
2.20,-12.00,-1.30,0.00,0.47,nan,0.31,47.60,48.24,0.539,nan,nan
2.21,-12.00,-1.30,0.05,0.21,nan,0.31,47.60,48.24,0.236,nan,nan
2.22,-12.00,-1.78,0.05,0.21,nan,0.32,47.60,48.24,0.236,nan,nan
2.23,-12.83,-0.05,0.08,0.51,nan,0.32,47.60,48.21,0.584,nan,nan
2.24,-12.83,-0.05,0.03,0.45,nan,0.32,47.60,48.22,0.519,nan,nan
2.25,-12.67,-0.82,0.03,0.45,nan,0.32,47.60,48.22,0.519,nan,nan
2.26,-12.67,-0.82,0.05,0.15,nan,0.32,47.60,48.24,0.169,nan,nan
2.27,-12.83,-0.79,0.05,0.15,nan,0.33,47.60,48.24,0.169,nan,nan
2.28,-12.83,-0.79,0.01,0.17,nan,0.33,47.60,48.22,0.190,nan,nan
2.29,-12.50,-0.89,0.01,0.17,nan,0.33,47.60,48.22,0.190,nan,nan
2.30,-13.50,-0.07,0.02,0.20,nan,0.33,47.60,48.24,0.233,nan,nan
2.31,-13.50,-0.07,0.05,0.47,nan,0.33,47.60,48.22,0.539,nan,nan
2.32,-12.83,-1.27,0.05,0.47,nan,0.33,47.60,48.22,0.539,nan,nan
2.33,-12.83,-1.27,0.02,0.17,nan,0.33,47.60,48.24,0.190,nan,nan
2.34,-13.17,-0.98,0.02,0.17,nan,0.34,47.60,48.24,0.190,nan,nan
2.35,-13.17,-0.77,0.00,0.43,nan,0.34,47.60,48.24,0.495,nan,nan
2.36,-13.17,-0.77,0.00,0.22,nan,0.34,47.60,48.22,0.255,nan,nan
2.37,-13.83,-0.72,0.00,0.22,nan,0.34,47.60,48.22,0.255,nan,nan
2.38,-13.83,-0.72,-0.03,0.05,nan,0.34,47.60,48.22,0.063,nan,nan
2.39,-13.33,-1.34,-0.03,0.05,nan,0.35,47.60,48.22,0.063,nan,nan
2.40,-13.33,-1.34,-0.00,0.24,nan,0.35,47.60,48.22,0.277,nan,nan
2.41,-13.67,-1.30,-0.03,0.28,nan,0.35,47.60,48.24,0.321,nan,nan
2.42,-13.67,-0.89,-0.03,0.28,nan,0.35,47.70,48.24,0.321,nan,nan
2.43,-13.67,-0.89,0.02,0.26,nan,0.35,47.70,48.24,0.318,nan,nan
2.44,-14.17,-0.29,0.02,0.26,nan,0.35,47.70,48.24,0.318,nan,nan
2.45,-14.17,-0.29,0.03,0.42,nan,0.36,47.70,48.24,0.475,nan,nan
2.46,-14.33,-0.43,0.03,0.42,nan,0.36,47.70,48.24,0.475,nan,nan
2.47,-13.83,-1.25,0.02,0.47,nan,0.36,47.70,48.22,0.538,nan,nan
2.48,-13.83,-1.25,-0.00,0.34,nan,0.36,47.70,48.24,0.383,nan,nan
2.49,-14.50,-0.29,-0.00,0.34,nan,0.36,47.70,48.24,0.383,nan,nan
2.50,-14.50,-0.29,0.01,0.38,nan,0.37,47.70,48.24,0.429,nan,nan
2.51,-14.00,-1.42,0.01,0.38,nan,0.37,47.70,48.24,0.429,nan,nan
2.52,-14.00,-1.42,-0.03,0.20,nan,0.37,47.60,48.24,0.234,nan,nan
2.53,-15.00,-0.14,-0.05,0.43,nan,0.37,47.60,48.24,0.493,nan,nan
2.54,-15.00,-0.72,-0.05,0.43,nan,0.37,47.60,48.24,0.493,nan,nan
2.55,-15.00,-0.72,0.03,0.30,nan,0.38,47.60,48.21,0.341,nan,nan
2.56,-14.50,-1.85,0.03,0.30,nan,0.38,47.60,48.21,0.341,nan,nan
2.57,-14.50,-1.85,-0.02,0.21,nan,0.38,47.60,48.22,0.234,nan,nan
2.58,-15.00,-0.60,-0.02,0.21,nan,0.38,47.60,48.22,0.234,nan,nan
2.59,-15.17,-0.96,0.02,0.38,nan,0.38,47.60,48.22,0.428,nan,nan
2.60,-15.17,-0.96,0.05,0.26,nan,0.38,47.60,48.24,0.297,nan,nan
2.61,-15.00,-0.86,0.05,0.26,nan,0.38,47.60,48.24,0.297,nan,nan
2.62,-15.00,-0.86,-0.02,0.47,nan,0.39,47.60,48.24,0.538,nan,nan
2.63,-15.50,-0.55,-0.02,0.47,nan,0.39,47.70,48.24,0.538,nan,nan
2.64,-15.67,-0.58,0.00,0.24,nan,0.39,47.70,48.22,0.277,nan,nan
2.65,-15.67,-0.58,-0.02,0.20,nan,0.39,47.70,48.26,0.234,nan,nan
2.66,-15.50,-1.66,-0.02,0.20,nan,0.39,47.70,48.26,0.234,nan,nan
2.67,-15.50,-1.66,0.02,0.56,nan,0.40,47.70,48.22,0.644,nan,nan
2.68,-15.33,-1.61,0.02,0.56,nan,0.40,47.70,48.22,0.644,nan,nan
2.69,-16.00,-0.26,0.01,0.20,nan,0.40,47.70,48.22,0.234,nan,nan
2.70,-16.00,-0.26,0.04,0.49,nan,0.40,47.70,48.22,0.559,nan,nan
2.71,-16.00,-0.48,0.04,0.49,nan,0.40,47.70,48.22,0.559,nan,nan
2.72,-16.00,-0.48,0.05,0.22,nan,0.41,47.70,48.24,0.257,nan,nan
2.73,-16.17,-0.94,0.05,0.22,nan,0.41,47.70,48.24,0.257,nan,nan
2.74,-16.17,-0.94,0.05,0.56,nan,0.41,47.70,48.24,0.644,nan,nan
2.75,-16.17,-0.70,0.05,0.56,nan,0.41,47.70,48.24,0.644,nan,nan
2.76,-16.33,-0.82,0.02,0.26,nan,0.41,47.70,48.24,0.296,nan,nan
2.77,-16.33,-0.82,-0.01,0.26,nan,0.42,47.70,48.24,0.299,nan,nan
2.78,-16.33,-1.08,-0.01,0.26,nan,0.42,47.70,48.24,0.299,nan,nan
2.79,-16.33,-1.08,-0.00,0.28,nan,0.42,47.70,48.24,0.321,nan,nan
2.80,-16.67,-0.53,-0.00,0.28,nan,0.42,47.70,48.24,0.321,nan,nan
2.81,-16.67,-0.53,0.02,0.58,nan,0.42,47.70,48.22,0.664,nan,nan
2.82,-16.83,-1.03,-0.00,0.56,nan,0.42,47.70,48.24,0.644,nan,nan
2.83,-17.00,-0.86,-0.00,0.56,nan,0.42,47.70,48.24,0.644,nan,nan
2.84,-17.00,-0.86,-0.00,0.62,nan,0.43,47.60,48.24,0.710,nan,nan
2.85,-17.33,-0.77,-0.00,0.62,nan,0.43,47.60,48.24,0.710,nan,nan
2.86,-17.33,-0.77,-0.01,0.51,nan,0.43,47.60,48.24,0.579,nan,nan
2.87,-17.17,-1.01,-0.01,0.51,nan,0.43,47.60,48.24,0.579,nan,nan
2.88,-17.17,-1.20,-0.02,0.45,nan,0.43,47.60,48.24,0.515,nan,nan
2.89,-17.17,-1.20,-0.05,0.32,nan,0.44,47.60,48.24,0.363,nan,nan
2.90,-17.33,-0.53,-0.05,0.32,nan,0.44,47.60,48.24,0.363,nan,nan
2.91,-17.33,-0.53,0.01,0.36,nan,0.44,47.60,48.24,0.406,nan,nan
2.92,-17.17,-2.28,0.01,0.36,nan,0.44,47.60,48.24,0.406,nan,nan
2.93,-17.17,-1.46,-0.04,0.56,nan,0.44,47.60,48.22,0.643,nan,nan
2.94,-17.17,-1.46,-0.03,0.55,nan,0.45,47.60,48.24,0.623,nan,nan
2.95,-17.33,-1.49,-0.03,0.55,nan,0.45,47.70,48.24,0.623,nan,nan
2.96,-17.33,-1.49,0.01,0.24,nan,0.45,47.70,48.24,0.278,nan,nan
2.97,-17.33,-1.63,0.01,0.24,nan,0.45,47.70,48.24,0.278,nan,nan
2.98,-17.50,-1.13,0.00,0.43,nan,0.45,47.70,48.21,0.494,nan,nan
2.99,-17.50,-1.13,0.00,0.43,nan,0.46,47.70,48.21,0.494,nan,nan
3.00,-17.83,-1.20,-0.03,0.37,nan,0.46,47.70,48.26,0.428,nan,nan
3.01,-17.83,-1.20,0.01,0.49,nan,0.46,47.70,48.22,0.558,nan,nan
3.02,-18.17,-1.46,0.01,0.49,nan,0.46,47.70,48.22,0.558,nan,nan
3.03,-18.17,-1.46,-0.05,0.32,nan,0.46,47.70,48.22,0.364,nan,nan
3.04,-18.33,-0.58,-0.05,0.32,nan,0.47,47.70,48.22,0.364,nan,nan
3.05,-18.33,-0.58,0.02,0.30,nan,0.47,47.60,48.22,0.342,nan,nan
3.06,-18.67,-0.50,-0.01,0.56,nan,0.47,47.60,48.24,0.643,nan,nan
3.07,-19.00,-0.74,-0.01,0.56,nan,0.47,47.60,48.24,0.643,nan,nan
3.08,-19.00,-0.74,0.03,0.37,nan,0.47,47.60,48.24,0.427,nan,nan
3.09,-19.00,-0.84,0.03,0.37,nan,0.47,47.60,48.24,0.427,nan,nan
3.10,-19.00,-0.84,0.00,0.30,nan,0.47,47.60,48.22,0.342,nan,nan
3.11,-19.17,-0.12,0.00,0.30,nan,0.48,47.60,48.22,0.342,nan,nan
3.12,-19.00,-0.53,-0.04,0.26,nan,0.48,47.60,48.24,0.299,nan,nan
3.13,-19.00,-0.53,-0.02,0.51,nan,0.48,47.60,48.21,0.579,nan,nan
3.14,-19.00,-0.48,-0.02,0.51,nan,0.48,47.60,48.21,0.579,nan,nan
3.15,-19.00,-0.48,0.01,0.53,nan,0.48,47.60,48.24,0.600,nan,nan
3.16,-19.17,-1.03,0.01,0.53,nan,0.49,47.60,48.24,0.600,nan,nan
3.17,-19.17,-0.89,-0.02,0.51,nan,0.49,47.60,48.22,0.579,nan,nan
3.18,-19.17,-0.89,-0.02,0.51,nan,0.49,47.60,48.22,0.579,nan,nan
3.19,-19.17,-0.89,0.00,0.17,nan,0.49,47.60,48.22,0.192,nan,nan
3.20,-19.67,-0.05,0.02,0.38,nan,0.49,47.60,48.24,0.428,nan,nan
3.21,-19.17,-0.86,0.02,0.38,nan,0.49,47.60,48.24,0.428,nan,nan
3.22,-19.17,-0.86,-0.01,0.17,nan,0.50,47.60,48.22,0.193,nan,nan
3.23,-19.67,-0.38,-0.01,0.17,nan,0.50,47.60,48.22,0.193,nan,nan
3.24,-19.67,-0.38,-0.02,0.28,nan,0.50,47.60,48.19,0.322,nan,nan
3.25,-20.00,-0.62,-0.02,0.66,nan,0.50,47.60,48.24,0.750,nan,nan
3.26,-20.33,-1.08,-0.02,0.66,nan,0.50,47.60,48.24,0.750,nan,nan
3.27,-20.33,-1.08,0.05,0.58,nan,0.51,47.60,48.22,0.665,nan,nan
3.28,-19.83,-1.22,0.05,0.58,nan,0.51,47.60,48.22,0.665,nan,nan
3.29,-19.83,-1.22,-0.01,0.58,nan,0.51,47.60,48.22,0.665,nan,nan
3.30,-20.17,-1.20,-0.01,0.58,nan,0.51,47.60,48.22,0.665,nan,nan
3.31,-20.67,-0.94,0.01,0.54,nan,0.51,47.60,48.21,0.622,nan,nan
3.32,-20.67,-0.94,0.03,0.56,nan,0.52,47.60,48.22,0.643,nan,nan
3.33,-20.33,-0.58,0.03,0.56,nan,0.52,47.60,48.22,0.643,nan,nan
3.34,-20.33,-0.58,-0.04,0.51,nan,0.52,47.60,48.21,0.579,nan,nan
3.35,-20.33,-1.44,-0.04,0.51,nan,0.52,47.60,48.21,0.579,nan,nan
3.36,-20.33,-1.44,-0.01,0.56,nan,0.52,47.60,48.24,0.643,nan,nan
3.37,-20.67,-0.50,0.03,0.58,nan,0.53,47.60,48.22,0.665,nan,nan
3.38,-21.17,-0.36,0.03,0.58,nan,0.53,47.60,48.22,0.665,nan,nan
3.39,-21.17,-0.36,-0.06,0.32,nan,0.53,47.60,48.24,0.366,nan,nan
3.40,-20.67,-1.32,-0.06,0.32,nan,0.53,47.60,48.24,0.366,nan,nan
3.41,-20.67,-1.32,-0.02,0.58,nan,0.53,47.60,48.22,0.665,nan,nan
3.42,-21.33,-0.84,-0.02,0.58,nan,0.53,47.60,48.22,0.665,nan,nan
3.43,-21.17,-0.46,0.03,0.62,nan,0.53,47.60,48.24,0.708,nan,nan
3.44,-21.17,-0.46,-0.02,0.58,nan,0.54,47.60,48.21,0.665,nan,nan
3.45,-21.00,-1.54,-0.02,0.58,nan,0.54,47.60,48.21,0.665,nan,nan
3.46,-21.00,-1.54,0.03,0.62,nan,0.54,47.60,48.22,0.708,nan,nan
3.47,-21.67,-0.62,0.03,0.62,nan,0.54,47.60,48.22,0.708,nan,nan
3.48,-21.67,-0.65,0.00,0.41,nan,0.54,47.60,48.24,0.472,nan,nan
3.49,-21.67,-0.65,-0.02,0.47,nan,0.55,47.60,48.24,0.536,nan,nan
3.50,-21.83,-1.61,-0.02,0.47,nan,0.55,47.60,48.24,0.536,nan,nan
3.51,-21.83,-1.61,0.01,0.56,nan,0.55,47.60,48.24,0.643,nan,nan
3.52,-22.00,-0.12,0.01,0.56,nan,0.55,47.60,48.24,0.643,nan,nan
3.53,-21.67,-1.58,-0.02,0.38,nan,0.55,47.60,48.21,0.429,nan,nan
3.54,-21.67,-1.58,-0.02,0.51,nan,0.56,47.60,48.22,0.579,nan,nan
3.55,-22.33,-0.77,-0.02,0.51,nan,0.56,47.60,48.22,0.579,nan,nan
3.56,-22.33,-0.77,-0.02,0.64,nan,0.56,47.60,48.22,0.729,nan,nan
3.57,-22.00,-1.70,-0.02,0.64,nan,0.56,47.60,48.22,0.729,nan,nan
3.58,-22.00,-1.70,0.02,0.58,nan,0.56,47.60,48.22,0.664,nan,nan
3.59,-22.50,-0.53,-0.04,0.36,nan,0.57,47.70,48.24,0.409,nan,nan
3.60,-22.33,-1.32,-0.04,0.36,nan,0.57,47.70,48.24,0.409,nan,nan
3.61,-22.33,-1.32,-0.05,0.56,nan,0.57,47.70,48.24,0.643,nan,nan
3.62,-22.67,-1.34,-0.05,0.56,nan,0.57,47.70,48.24,0.643,nan,nan
3.63,-22.67,-1.34,0.08,0.60,nan,0.57,47.70,48.24,0.686,nan,nan
3.64,-22.50,-0.94,0.01,0.64,nan,0.57,47.70,48.22,0.729,nan,nan
3.65,-23.00,-0.72,0.01,0.64,nan,0.57,47.70,48.22,0.729,nan,nan
3.66,-23.00,-0.72,0.03,0.58,nan,0.58,47.70,48.21,0.665,nan,nan
3.67,-22.83,-0.74,0.03,0.58,nan,0.58,47.70,48.21,0.665,nan,nan
3.68,-23.17,-0.84,0.03,0.60,nan,0.58,47.70,48.22,0.686,nan,nan
3.69,-23.17,-0.84,0.04,0.49,nan,0.58,47.70,48.22,0.558,nan,nan
3.70,-23.00,-1.42,0.04,0.49,nan,0.58,47.70,48.22,0.558,nan,nan
3.71,-23.00,-1.42,0.00,0.60,nan,0.59,47.70,48.22,0.685,nan,nan
3.72,-23.50,-0.34,0.00,0.60,nan,0.59,47.70,48.22,0.685,nan,nan
3.73,-23.33,-0.94,-0.04,0.47,nan,0.59,47.70,48.22,0.538,nan,nan
3.74,-23.33,-0.94,-0.02,0.58,nan,0.59,47.70,48.24,0.665,nan,nan
3.75,-24.00,-0.98,-0.02,0.58,nan,0.59,47.70,48.24,0.665,nan,nan
3.76,-24.00,-0.98,-0.00,0.58,nan,0.60,47.70,48.24,0.663,nan,nan
3.77,-23.83,-0.70,-0.00,0.58,nan,0.60,47.70,48.24,0.663,nan,nan
3.78,-23.83,-0.70,-0.01,0.45,nan,0.60,47.70,48.22,0.518,nan,nan
3.79,-23.50,-1.39,0.03,0.64,nan,0.60,47.70,48.24,0.729,nan,nan
3.80,-24.17,-0.86,0.03,0.64,nan,0.60,47.60,48.24,0.729,nan,nan
3.81,-24.17,-0.86,-0.02,0.56,nan,0.61,47.60,48.22,0.643,nan,nan
3.82,-24.17,-1.03,-0.02,0.56,nan,0.61,47.60,48.22,0.643,nan,nan
3.83,-24.17,-1.03,0.06,0.58,nan,0.61,47.60,48.24,0.665,nan,nan
3.84,-24.17,-0.86,-0.07,0.64,nan,0.61,47.60,48.24,0.729,nan,nan
3.85,-24.50,-1.34,-0.07,0.64,nan,0.61,47.60,48.24,0.729,nan,nan
3.86,-24.50,-1.34,0.01,0.64,nan,0.62,47.60,48.22,0.729,nan,nan
3.87,-24.17,-1.37,0.01,0.64,nan,0.62,47.60,48.22,0.729,nan,nan
3.88,-24.17,-1.37,0.04,0.71,nan,0.62,47.60,48.24,0.816,nan,nan
3.89,-24.33,-0.77,0.04,0.71,nan,0.62,47.60,48.24,0.816,nan,nan
3.90,-25.00,-0.55,-0.00,0.64,nan,0.62,47.60,48.24,0.729,nan,nan
3.91,-25.00,-0.55,-0.03,0.66,nan,0.62,47.60,48.24,0.749,nan,nan
3.92,-25.17,-0.55,-0.03,0.66,nan,0.62,47.60,48.24,0.749,nan,nan
3.93,-25.17,-0.55,0.01,0.62,nan,0.63,47.60,48.24,0.709,nan,nan
3.94,-24.83,-0.77,0.01,0.62,nan,0.63,47.60,48.24,0.709,nan,nan
3.95,-24.83,-1.37,0.03,0.68,nan,0.63,47.60,48.24,0.772,nan,nan
3.96,-24.83,-1.37,0.04,0.64,nan,0.63,47.60,48.24,0.729,nan,nan
3.97,-25.00,-1.27,0.04,0.64,nan,0.63,47.60,48.24,0.729,nan,nan
3.98,-25.00,-1.27,-0.01,0.62,nan,0.64,47.60,48.26,0.707,nan,nan
3.99,-25.50,-1.13,-0.01,0.62,nan,0.64,47.60,48.26,0.707,nan,nan
4.00,-25.67,-0.53,-0.05,0.73,nan,0.64,47.70,48.22,0.833,nan,nan
4.01,-25.67,-0.53,-0.04,0.58,nan,0.64,47.70,48.24,0.665,nan,nan
4.02,-25.83,-0.65,-0.04,0.58,nan,0.64,47.70,48.24,0.665,nan,nan
4.03,-25.83,-0.65,0.04,0.60,nan,0.65,47.70,48.24,0.687,nan,nan
4.04,-25.83,-1.75,0.04,0.60,nan,0.65,47.70,48.24,0.687,nan,nan
4.05,-25.83,-1.75,-0.04,0.58,nan,0.65,47.70,48.22,0.665,nan,nan
4.06,-25.50,-1.94,0.05,0.58,nan,0.65,47.70,48.21,0.665,nan,nan
4.07,-25.67,-0.82,0.05,0.58,nan,0.65,47.70,48.21,0.665,nan,nan
4.08,-25.67,-0.82,-0.02,0.71,nan,0.66,47.70,48.24,0.813,nan,nan
4.09,-26.17,-0.67,-0.02,0.71,nan,0.66,47.70,48.24,0.813,nan,nan
4.10,-26.17,-0.67,-0.02,0.56,nan,0.66,47.70,48.21,0.642,nan,nan
4.11,-26.50,-0.58,-0.02,0.56,nan,0.66,47.70,48.21,0.642,nan,nan
4.12,-26.50,-0.58,0.02,0.68,nan,0.66,47.70,48.24,0.771,nan,nan
4.13,-26.67,-0.46,-0.02,0.62,nan,0.67,47.70,48.24,0.711,nan,nan
4.14,-26.67,-0.55,-0.02,0.62,nan,0.67,47.70,48.24,0.711,nan,nan
4.15,-26.67,-0.55,0.04,0.73,nan,0.67,47.70,48.24,0.642,nan,nan
4.16,-26.83,-0.67,0.04,0.73,nan,0.67,47.70,48.24,0.642,nan,nan
4.17,-26.83,-0.67,0.03,0.68,nan,0.67,47.70,48.22,0.775,nan,nan
4.18,-27.00,-0.43,0.04,0.74,nan,0.68,47.70,48.22,0.840,nan,nan
4.19,-27.00,-0.86,0.04,0.74,nan,0.68,47.70,48.22,0.840,nan,nan
4.20,-27.00,-0.86,-0.04,0.72,nan,0.68,47.70,48.22,0.817,nan,nan
4.21,-27.00,-0.86,-0.04,0.72,nan,0.68,47.70,48.22,0.817,nan,nan
4.22,-27.00,-0.86,0.02,0.66,nan,0.68,47.70,48.24,0.752,nan,nan
4.23,-27.00,-1.15,0.02,0.66,nan,0.68,47.70,48.24,0.752,nan,nan
4.24,-27.00,-1.15,0.01,0.64,nan,0.68,47.70,48.24,0.729,nan,nan
4.25,-27.33,-0.36,0.03,0.81,nan,0.69,47.70,48.24,0.923,nan,nan
4.26,-27.17,-1.10,0.03,0.81,nan,0.69,47.70,48.24,0.923,nan,nan
4.27,-27.17,-1.10,0.04,0.68,nan,0.69,47.70,48.24,0.771,nan,nan
4.28,-27.50,-0.58,0.04,0.68,nan,0.69,47.70,48.24,0.771,nan,nan
4.29,-27.50,-0.94,-0.03,0.68,nan,0.69,47.70,48.24,0.771,nan,nan
4.30,-27.50,-0.94,0.04,0.75,nan,0.70,47.70,48.24,0.859,nan,nan
4.31,-27.50,-1.44,0.04,0.75,nan,0.70,47.70,48.24,0.859,nan,nan
4.32,-27.50,-1.44,0.04,0.68,nan,0.70,47.60,48.24,0.776,nan,nan
4.33,-27.83,-1.22,0.04,0.68,nan,0.70,47.60,48.24,0.776,nan,nan
4.34,-27.83,-1.22,0.00,0.73,nan,0.70,47.60,48.24,0.835,nan,nan
4.35,-27.83,-1.32,0.00,0.73,nan,0.71,47.60,48.24,0.835,nan,nan
4.36,-28.33,-0.96,-0.03,0.72,nan,0.71,47.60,48.24,0.818,nan,nan
4.37,-28.33,-0.96,-0.01,0.54,nan,0.71,47.60,48.24,0.613,nan,nan
4.38,-28.17,-1.06,-0.01,0.54,nan,0.71,47.60,48.24,0.613,nan,nan
4.39,-28.17,-1.06,-0.03,0.68,nan,0.71,47.60,48.22,0.777,nan,nan
4.40,-28.33,-1.15,-0.03,0.68,nan,0.72,47.60,48.22,0.777,nan,nan
4.41,-28.00,-1.80,-0.03,0.75,nan,0.72,47.60,48.21,0.859,nan,nan
4.42,-28.00,-1.80,0.05,0.70,nan,0.72,47.60,48.22,0.794,nan,nan
4.43,-28.67,-1.18,0.05,0.70,nan,0.72,47.60,48.22,0.794,nan,nan
4.44,-28.67,-1.18,-0.01,0.73,nan,0.72,47.60,48.26,0.835,nan,nan
4.45,-28.83,-1.13,-0.01,0.73,nan,0.72,47.60,48.26,0.835,nan,nan
4.46,-28.83,-1.13,-0.01,0.68,nan,0.72,47.60,48.24,0.778,nan,nan
4.47,-29.17,-0.70,-0.01,0.68,nan,0.73,47.60,48.24,0.778,nan,nan
4.48,-29.00,-1.06,-0.01,0.75,nan,0.73,47.60,48.24,0.859,nan,nan
4.49,-29.00,-1.06,-0.05,0.71,nan,0.73,47.60,48.24,0.810,nan,nan
4.50,-28.83,-1.32,-0.05,0.71,nan,0.73,47.60,48.24,0.810,nan,nan
4.51,-28.83,-1.32,-0.01,0.74,nan,0.73,47.60,48.24,0.843,nan,nan
4.52,-29.17,-1.87,-0.01,0.74,nan,0.74,47.60,48.24,0.843,nan,nan
4.53,-29.33,-0.65,-0.04,0.75,nan,0.74,47.70,48.24,0.859,nan,nan
4.54,-29.33,-0.65,0.04,0.73,nan,0.74,47.70,48.22,0.834,nan,nan
4.55,-29.00,-1.58,0.04,0.73,nan,0.74,47.70,48.22,0.834,nan,nan
4.56,-29.00,-1.58,-0.02,0.75,nan,0.74,47.70,48.19,0.859,nan,nan
4.57,-29.83,-0.55,-0.02,0.75,nan,0.74,47.70,48.19,0.859,nan,nan
4.58,-29.83,-0.55,-0.01,0.74,nan,0.75,47.70,48.26,0.844,nan,nan
4.59,-30.00,-0.43,0.01,0.80,nan,0.75,47.70,48.24,0.908,nan,nan
4.60,-29.50,-1.80,0.01,0.80,nan,0.75,47.70,48.24,0.908,nan,nan
4.61,-29.50,-1.80,0.03,0.73,nan,0.75,47.70,48.24,0.834,nan,nan
4.62,-29.83,-0.58,0.03,0.73,nan,0.75,47.70,48.24,0.834,nan,nan
4.63,-29.83,-0.58,-0.00,0.77,nan,0.76,47.70,48.22,0.874,nan,nan
4.64,-30.33,-0.70,-0.00,0.77,nan,0.76,47.60,48.22,0.874,nan,nan
4.65,-29.83,-1.66,-0.05,0.70,nan,0.76,47.60,48.24,0.794,nan,nan
4.66,-29.83,-1.66,0.06,0.71,nan,0.76,47.60,48.24,0.810,nan,nan
4.67,-30.50,-1.03,0.06,0.71,nan,0.76,47.60,48.24,0.810,nan,nan
4.68,-30.50,-1.03,0.04,0.83,nan,0.77,47.60,48.22,0.949,nan,nan
4.69,-30.67,-0.38,0.04,0.83,nan,0.77,47.60,48.22,0.949,nan,nan
4.70,-30.17,-1.54,-0.03,0.75,nan,0.77,47.60,48.24,0.859,nan,nan
4.71,-30.17,-1.54,-0.01,0.74,nan,0.77,47.60,48.22,0.849,nan,nan
4.72,-30.67,-1.15,-0.01,0.74,nan,0.77,47.60,48.22,0.849,nan,nan
4.73,-30.67,-1.15,0.03,0.81,nan,0.77,47.60,48.22,0.924,nan,nan
4.74,-31.00,-0.86,0.03,0.81,nan,0.78,47.60,48.22,0.924,nan,nan
4.75,-31.00,-0.86,0.02,0.77,nan,0.78,47.70,48.22,0.884,nan,nan
4.76,-30.50,-2.02,0.04,0.80,nan,0.78,47.70,48.24,0.909,nan,nan
4.77,-31.33,-0.38,0.04,0.80,nan,0.78,47.70,48.24,0.909,nan,nan
4.78,-31.33,-0.38,-0.03,0.77,nan,0.78,47.70,48.24,0.884,nan,nan
4.79,-31.00,-0.17,-0.03,0.77,nan,0.79,47.70,48.24,0.884,nan,nan
4.80,-31.33,-1.20,-0.05,0.90,nan,0.79,47.70,48.24,1.029,nan,nan
4.81,-31.33,-1.20,0.01,0.80,nan,0.79,47.70,48.22,0.909,nan,nan
4.82,-31.50,-0.70,0.01,0.80,nan,0.79,47.70,48.22,0.909,nan,nan
4.83,-31.50,-0.70,0.02,0.81,nan,0.79,47.70,48.24,0.924,nan,nan
4.84,-31.50,-0.67,0.02,0.81,nan,0.80,47.70,48.24,0.924,nan,nan
4.85,-31.83,-0.74,-0.03,0.77,nan,0.80,47.70,48.22,0.884,nan,nan
4.86,-31.83,-0.74,0.04,0.79,nan,0.80,47.70,48.22,0.899,nan,nan
4.87,-32.00,-1.18,0.04,0.79,nan,0.80,47.70,48.22,0.899,nan,nan
4.88,-32.00,-1.18,-0.04,0.81,nan,0.80,47.70,48.24,0.924,nan,nan
4.89,-32.00,-1.01,-0.04,0.81,nan,0.81,47.70,48.24,0.924,nan,nan
4.90,-32.00,-1.01,-0.00,0.81,nan,0.81,47.70,48.22,0.924,nan,nan
4.91,-32.33,-0.48,0.00,0.81,nan,0.81,47.70,48.24,0.924,nan,nan
4.92,-32.00,-0.65,0.00,0.81,nan,0.81,47.70,48.24,0.924,nan,nan
4.93,-32.00,-0.65,-0.05,0.77,nan,0.81,47.70,48.24,0.884,nan,nan
4.94,-32.67,-0.53,-0.05,0.77,nan,0.82,47.70,48.24,0.884,nan,nan
4.95,-32.67,-0.53,0.01,0.90,nan,0.82,47.70,48.24,1.029,nan,nan
4.96,-32.33,-1.27,-0.00,0.89,nan,0.82,47.60,48.24,1.014,nan,nan
4.97,-32.50,-0.79,-0.00,0.89,nan,0.82,47.60,48.24,1.014,nan,nan
4.98,-32.50,-0.79,0.01,0.77,nan,0.82,47.60,48.22,0.884,nan,nan
4.99,-32.50,-1.01,0.01,0.77,nan,0.82,47.60,48.22,0.884,nan,nan
5.00,-32.50,-1.01,0.02,0.85,nan,0.82,47.60,48.24,0.974,nan,nan
5.01,-32.67,-0.70,0.02,0.85,nan,0.83,47.60,48.24,0.974,nan,nan
5.02,-33.17,-0.84,0.05,0.89,nan,0.83,47.60,48.24,0.964,nan,nan
5.03,-33.17,-0.84,0.01,0.89,nan,0.83,47.60,48.22,1.014,nan,nan
5.04,-33.17,-1.22,0.01,0.89,nan,0.83,47.60,48.22,1.014,nan,nan
5.05,-33.17,-1.22,0.03,0.90,nan,0.83,47.60,48.22,1.029,nan,nan
5.06,-33.33,-0.46,0.03,0.90,nan,0.84,47.70,48.22,1.029,nan,nan
5.07,-33.33,-0.46,0.00,0.97,nan,0.84,47.70,48.26,1.107,nan,nan
5.08,-33.33,-1.27,0.00,0.97,nan,0.84,47.70,48.26,1.107,nan,nan
5.09,-33.50,-1.25,0.02,0.83,nan,0.84,47.70,48.22,0.950,nan,nan
5.10,-33.50,-1.25,-0.02,0.83,nan,0.84,47.70,48.24,0.950,nan,nan
5.11,-33.67,-0.79,-0.02,0.83,nan,0.84,47.70,48.24,0.950,nan,nan
5.12,-33.67,-0.79,0.02,0.87,nan,0.85,47.70,48.24,0.989,nan,nan
5.13,-33.50,-1.66,0.02,0.87,nan,0.85,47.70,48.24,0.989,nan,nan
5.14,-33.67,-1.15,0.04,0.90,nan,0.85,47.70,48.24,1.028,nan,nan
5.15,-33.67,-1.15,0.02,0.90,nan,0.85,47.70,48.24,1.028,nan,nan
5.16,-33.83,-0.74,0.02,0.90,nan,0.85,47.70,48.24,1.028,nan,nan
5.17,-33.83,-0.74,0.01,0.79,nan,0.86,47.60,48.21,0.898,nan,nan
5.18,-34.33,-0.62,0.01,0.79,nan,0.86,47.60,48.21,0.898,nan,nan
5.19,-34.33,-0.62,0.02,0.91,nan,0.86,47.60,48.24,1.040,nan,nan
5.20,-34.33,-0.62,0.02,0.91,nan,0.86,47.60,48.24,1.040,nan,nan
5.21,-34.33,-0.62,0.02,0.90,nan,0.86,47.60,48.22,1.029,nan,nan
5.22,-34.67,-0.29,0.02,0.92,nan,0.87,47.60,48.21,1.054,nan,nan
5.23,-34.67,-1.27,0.02,0.92,nan,0.87,47.60,48.21,1.054,nan,nan
5.24,-34.67,-1.27,-0.00,0.86,nan,0.87,47.60,48.22,0.977,nan,nan
5.25,-34.33,-2.18,-0.00,0.86,nan,0.87,47.60,48.22,0.977,nan,nan
5.26,-34.33,-1.56,0.09,0.87,nan,0.87,47.60,48.24,0.989,nan,nan
5.27,-34.33,-1.56,0.03,0.79,nan,0.88,47.60,48.24,0.898,nan,nan
5.28,-34.50,-2.40,0.03,0.79,nan,0.88,47.60,48.24,0.898,nan,nan
5.29,-34.50,-2.40,0.01,0.83,nan,0.88,47.60,48.22,0.950,nan,nan
5.30,-35.00,-1.01,0.01,0.83,nan,0.88,47.60,48.22,0.950,nan,nan
5.31,-35.00,-1.01,-0.01,0.85,nan,0.88,47.60,48.24,0.975,nan,nan
5.32,-34.83,-1.58,0.00,0.87,nan,0.88,47.60,48.22,0.989,nan,nan
5.33,-35.17,-1.10,0.00,0.87,nan,0.88,47.60,48.22,0.989,nan,nan
5.34,-35.17,-1.10,-0.03,0.88,nan,0.89,47.60,48.24,1.003,nan,nan
5.35,-35.33,-0.70,-0.03,0.88,nan,0.89,47.60,48.24,1.003,nan,nan
5.36,-35.33,-0.70,-0.03,0.83,nan,0.89,47.60,48.24,0.950,nan,nan
5.37,-35.67,-0.29,-0.03,0.83,nan,0.89,47.60,48.24,0.950,nan,nan
5.38,-36.00,-0.53,-0.05,0.81,nan,0.89,47.60,48.22,0.924,nan,nan
5.39,-36.00,-0.53,-0.01,0.81,nan,0.90,47.60,48.24,0.924,nan,nan
5.40,-35.83,-0.84,-0.01,0.81,nan,0.90,47.60,48.24,0.924,nan,nan
5.41,-35.83,-0.84,0.01,0.89,nan,0.90,47.60,48.24,1.015,nan,nan
5.42,-35.83,-1.01,0.01,0.89,nan,0.90,47.60,48.24,1.015,nan,nan
5.43,-36.00,-0.62,-0.06,0.96,nan,0.90,47.60,48.21,1.093,nan,nan
5.44,-36.00,-0.62,-0.01,0.92,nan,0.91,47.60,48.21,1.054,nan,nan
5.45,-36.17,-0.79,-0.01,0.92,nan,0.91,47.60,48.21,1.054,nan,nan
5.46,-36.17,-0.79,-0.02,0.90,nan,0.91,47.60,48.24,1.028,nan,nan
5.47,-36.50,-0.89,-0.02,0.90,nan,0.91,47.60,48.24,1.028,nan,nan
5.48,-36.17,-1.87,-0.00,0.90,nan,0.91,47.70,48.24,1.028,nan,nan
5.49,-36.17,-1.87,0.08,0.89,nan,0.92,47.70,48.22,1.080,nan,nan
5.50,-36.67,-0.36,0.08,0.89,nan,0.92,47.70,48.22,1.080,nan,nan
5.51,-36.67,-0.36,0.04,0.98,nan,0.92,47.70,48.21,1.119,nan,nan
5.52,-36.67,-0.84,0.04,0.98,nan,0.92,47.70,48.21,1.119,nan,nan
5.53,-36.83,-0.70,0.02,0.91,nan,0.92,47.70,48.22,1.041,nan,nan
5.54,-36.83,-0.70,0.02,0.91,nan,0.93,47.70,48.22,1.041,nan,nan
5.55,-36.83,-1.39,0.00,1.05,nan,0.93,47.70,48.22,1.197,nan,nan
5.56,-36.83,-1.39,0.00,0.89,nan,0.93,47.70,48.24,1.015,nan,nan
5.57,-37.00,-1.18,0.00,0.89,nan,0.93,47.70,48.24,1.015,nan,nan
5.58,-37.00,-1.18,0.01,0.82,nan,0.93,47.70,48.24,0.937,nan,nan
5.59,-36.83,-2.40,0.01,0.82,nan,0.93,47.70,48.24,0.937,nan,nan
5.60,-36.83,-2.40,-0.00,0.96,nan,0.93,47.70,48.26,1.093,nan,nan
5.61,-37.17,-0.77,-0.01,0.97,nan,0.94,47.70,48.22,1.107,nan,nan
5.62,-37.50,-1.01,-0.01,0.97,nan,0.94,47.70,48.22,1.107,nan,nan
5.63,-37.50,-1.01,0.05,0.88,nan,0.94,47.70,48.22,1.003,nan,nan
5.64,-37.83,-1.08,0.05,0.88,nan,0.94,47.70,48.22,1.003,nan,nan
5.65,-37.83,-1.03,-0.01,0.97,nan,0.94,47.70,48.22,1.106,nan,nan
5.66,-37.83,-1.03,-0.01,0.95,nan,0.95,47.70,48.22,1.080,nan,nan
5.67,-37.83,-0.86,-0.01,0.95,nan,0.95,47.70,48.22,1.080,nan,nan
5.68,-37.83,-0.86,-0.02,1.00,nan,0.95,47.70,48.24,1.145,nan,nan
5.69,-37.83,-0.91,-0.02,1.00,nan,0.95,47.70,48.24,1.145,nan,nan
5.70,-37.83,-1.01,0.01,1.04,nan,0.95,47.70,48.24,1.184,nan,nan
5.71,-37.83,-1.01,0.05,1.05,nan,0.96,47.70,48.21,1.198,nan,nan
5.72,-38.00,-1.73,0.05,1.05,nan,0.96,47.70,48.21,1.198,nan,nan
5.73,-38.00,-1.73,-0.01,1.07,nan,0.96,47.70,48.22,1.223,nan,nan
5.74,-38.50,-1.03,-0.01,1.07,nan,0.96,47.70,48.22,1.223,nan,nan
5.75,-38.50,-1.03,-0.02,0.96,nan,0.96,47.70,48.24,1.093,nan,nan
5.76,-38.17,-1.15,0.01,1.00,nan,0.97,47.70,48.22,1.145,nan,nan
5.77,-38.50,-1.87,0.01,1.00,nan,0.97,47.70,48.22,1.145,nan,nan
5.78,-38.50,-1.87,-0.05,1.03,nan,0.97,47.70,48.24,1.171,nan,nan
5.79,-38.50,-1.49,-0.05,1.03,nan,0.97,47.70,48.24,1.171,nan,nan
5.80,-38.50,-1.49,-0.02,0.96,nan,0.97,47.70,48.22,1.093,nan,nan
5.81,-38.67,-1.08,-0.02,0.96,nan,0.97,47.70,48.22,1.093,nan,nan
5.82,-38.83,-0.94,0.02,0.83,nan,0.97,47.70,48.24,1.184,nan,nan
5.83,-38.83,-0.94,0.03,0.85,nan,0.98,47.70,48.24,0.976,nan,nan
5.84,-38.83,-1.01,0.03,0.85,nan,0.98,47.70,48.24,0.976,nan,nan
5.85,-38.83,-1.01,0.02,1.01,nan,0.98,47.70,48.22,1.158,nan,nan
5.86,-39.17,-0.77,0.02,1.01,nan,0.98,47.70,48.22,1.158,nan,nan
5.87,-39.33,-0.60,-0.02,0.99,nan,0.98,47.70,48.24,1.132,nan,nan
5.88,-39.33,-0.60,-0.00,1.07,nan,0.99,47.70,48.24,1.223,nan,nan
5.89,-39.33,-1.90,-0.00,1.07,nan,0.99,47.70,48.24,1.223,nan,nan
5.90,-39.33,-1.90,0.02,1.01,nan,0.99,47.70,48.24,1.210,nan,nan
5.91,-39.67,-0.91,0.02,1.01,nan,0.99,47.70,48.24,1.210,nan,nan
5.92,-39.50,-1.06,0.06,0.98,nan,0.99,47.70,48.22,1.119,nan,nan
5.93,-39.50,-1.06,0.03,1.01,nan,1.00,47.70,48.22,1.158,nan,nan
5.94,-39.83,-1.49,0.03,1.01,nan,1.00,47.70,48.22,1.158,nan,nan
5.95,-39.83,-1.49,0.03,1.00,nan,1.00,47.70,48.22,1.145,nan,nan
5.96,-39.67,-1.44,0.03,1.00,nan,1.00,47.70,48.22,1.145,nan,nan
5.97,-40.00,-1.70,0.00,0.98,nan,1.00,47.70,48.22,1.119,nan,nan
5.98,-40.00,-1.70,0.00,0.98,nan,1.01,47.70,48.22,1.119,nan,nan
5.99,-40.33,-0.86,-0.00,1.12,nan,1.01,47.70,48.22,1.275,nan,nan
6.00,-40.33,-0.86,-0.00,1.05,nan,1.01,47.70,48.24,1.197,nan,nan
6.01,-40.50,-0.34,-0.00,1.05,nan,1.01,47.70,48.24,1.197,nan,nan
6.02,-40.50,-0.34,-0.04,1.04,nan,1.01,47.70,48.24,1.184,nan,nan
6.03,-40.33,-1.49,-0.04,1.04,nan,1.02,47.70,48.24,1.184,nan,nan
6.04,-40.33,-1.70,-0.00,1.03,nan,1.02,47.70,48.24,1.171,nan,nan
6.05,-40.33,-1.70,0.04,1.05,nan,1.02,47.70,48.22,1.197,nan,nan
6.06,-40.33,-1.37,0.04,1.05,nan,1.02,47.70,48.22,1.197,nan,nan
6.07,-40.33,-1.37,0.03,1.06,nan,1.02,47.70,48.24,1.210,nan,nan
6.08,-41.00,-0.86,0.03,1.06,nan,1.02,47.70,48.24,1.210,nan,nan
6.09,-40.67,-1.27,0.00,0.98,nan,1.02,47.70,48.22,1.119,nan,nan
6.10,-40.67,-1.27,-0.02,1.01,nan,1.03,47.70,48.22,1.158,nan,nan
6.11,-41.00,-1.15,-0.02,1.01,nan,1.03,47.70,48.22,1.158,nan,nan
6.12,-41.00,-1.15,0.04,1.08,nan,1.03,47.60,48.22,1.236,nan,nan
6.13,-41.00,-1.90,0.04,1.08,nan,1.03,47.60,48.22,1.236,nan,nan
6.14,-41.00,-1.90,0.03,1.08,nan,1.03,47.60,48.22,1.236,nan,nan
6.15,-41.17,-0.98,0.00,0.99,nan,1.04,47.60,48.22,1.132,nan,nan
6.16,-41.00,-1.27,0.00,0.99,nan,1.04,47.60,48.22,1.132,nan,nan
6.17,-41.00,-1.27,-0.02,1.04,nan,1.04,47.60,48.24,1.184,nan,nan
6.18,-41.67,-0.84,-0.02,1.04,nan,1.04,47.60,48.24,1.184,nan,nan
6.19,-41.67,-0.84,0.00,1.04,nan,1.04,47.60,48.24,1.184,nan,nan
6.20,-42.00,-0.77,0.00,1.04,nan,1.05,47.60,48.24,1.184,nan,nan
6.21,-41.67,-2.04,0.04,0.95,nan,1.05,47.70,48.22,1.080,nan,nan
6.22,-41.67,-2.04,-0.05,1.12,nan,1.05,47.70,48.24,1.276,nan,nan
6.23,-42.17,-0.84,-0.05,1.12,nan,1.05,47.70,48.24,1.276,nan,nan
6.24,-42.17,-0.84,-0.01,0.95,nan,1.05,47.70,48.24,1.080,nan,nan
6.25,-42.17,-1.46,-0.01,0.95,nan,1.06,47.70,48.24,1.080,nan,nan
6.26,-41.83,-0.62,0.03,1.06,nan,1.06,47.70,48.22,1.210,nan,nan
6.27,-41.83,-0.62,0.01,1.07,nan,1.06,47.70,48.22,1.223,nan,nan
6.28,-42.33,-0.77,0.01,1.07,nan,1.06,47.70,48.22,1.223,nan,nan
6.29,-42.33,-0.77,-0.02,1.14,nan,1.06,47.70,48.22,1.301,nan,nan
6.30,-42.83,-0.62,-0.02,1.14,nan,1.07,47.70,48.22,1.301,nan,nan
6.31,-42.83,-0.62,0.00,0.97,nan,1.07,47.70,48.24,1.106,nan,nan
6.32,-42.17,-2.54,0.00,0.97,nan,1.07,47.70,48.24,1.106,nan,nan
6.33,-42.17,-2.54,0.01,1.11,nan,1.07,47.70,48.21,1.263,nan,nan
6.34,-42.83,-0.72,0.02,1.14,nan,1.07,47.70,48.22,1.302,nan,nan
6.35,-42.83,-1.13,0.02,1.14,nan,1.07,47.70,48.22,1.302,nan,nan
6.36,-42.83,-1.13,0.02,1.05,nan,1.07,47.70,48.22,1.197,nan,nan
6.37,-42.83,-1.61,0.02,1.05,nan,1.07,47.70,48.22,1.197,nan,nan
6.38,-42.83,-1.61,0.00,1.04,nan,1.08,47.70,48.22,1.184,nan,nan
6.39,-42.67,-1.78,0.00,1.04,nan,1.08,47.70,48.22,1.184,nan,nan
6.40,-42.83,-1.68,-0.04,1.06,nan,1.08,47.70,48.22,1.211,nan,nan
6.41,-42.83,-1.68,-0.02,1.07,nan,1.08,47.70,48.22,1.223,nan,nan
6.42,-43.00,-1.13,-0.02,1.07,nan,1.08,47.70,48.22,1.223,nan,nan
6.43,-43.00,-1.13,-0.00,1.05,nan,1.09,47.60,48.22,1.197,nan,nan
6.44,-43.50,-1.15,-0.00,1.05,nan,1.09,47.60,48.22,1.197,nan,nan
6.45,-43.50,-1.10,0.01,1.03,nan,1.09,47.60,48.24,1.171,nan,nan
6.46,-43.50,-1.10,0.06,1.09,nan,1.09,47.60,48.22,1.249,nan,nan
6.47,-43.17,-1.63,0.06,1.09,nan,1.09,47.60,48.22,1.249,nan,nan
6.48,-43.17,-1.63,0.03,1.14,nan,1.10,47.60,48.21,1.302,nan,nan
6.49,-43.67,-1.51,0.03,1.14,nan,1.10,47.60,48.21,1.302,nan,nan
6.50,-43.67,-1.51,-0.00,1.13,nan,1.10,47.60,48.21,1.288,nan,nan
6.51,-43.67,-0.86,0.02,1.09,nan,1.10,47.60,48.21,1.249,nan,nan
6.52,-44.00,-1.06,0.02,1.09,nan,1.10,47.60,48.21,1.249,nan,nan
6.53,-44.00,-1.06,0.02,1.07,nan,1.11,47.70,48.21,1.223,nan,nan
6.54,-44.00,-1.18,0.02,1.07,nan,1.11,47.70,48.21,1.223,nan,nan
6.55,-44.00,-1.18,-0.03,1.00,nan,1.11,47.70,48.22,1.145,nan,nan
6.56,-44.50,-0.79,0.00,1.06,nan,1.11,47.70,48.24,1.210,nan,nan
6.57,-44.33,-0.96,0.00,1.06,nan,1.11,47.70,48.24,1.210,nan,nan
6.58,-44.33,-0.96,-0.02,1.09,nan,1.12,47.70,48.21,1.249,nan,nan
6.59,-44.17,-1.39,-0.02,1.09,nan,1.12,47.70,48.21,1.249,nan,nan
6.60,-44.17,-1.39,0.01,1.05,nan,1.12,47.70,48.24,1.197,nan,nan
6.61,-44.33,-1.27,-0.00,1.17,nan,1.12,47.70,48.21,1.341,nan,nan
6.62,-44.83,-0.74,-0.00,1.17,nan,1.12,47.70,48.21,1.341,nan,nan
6.63,-44.83,-0.74,-0.02,1.07,nan,1.12,47.60,48.24,1.223,nan,nan
6.64,-44.83,-1.20,-0.02,1.07,nan,1.12,47.60,48.24,1.223,nan,nan
6.65,-44.83,-1.20,-0.07,1.30,nan,1.13,47.60,48.24,1.484,nan,nan
6.66,-45.00,-0.96,-0.07,1.30,nan,1.13,47.60,48.24,1.484,nan,nan
6.67,-45.00,-1.58,-0.09,1.09,nan,1.13,47.60,48.24,1.250,nan,nan
6.68,-45.00,-1.58,-0.03,1.12,nan,1.13,47.60,48.24,1.275,nan,nan
6.69,-45.17,-1.08,-0.03,1.12,nan,1.13,47.60,48.24,1.275,nan,nan
6.70,-45.17,-1.08,-0.01,1.17,nan,1.14,47.60,48.24,1.340,nan,nan
6.71,-45.33,-1.61,-0.01,1.17,nan,1.14,47.60,48.24,1.340,nan,nan
6.72,-45.17,-1.61,0.05,1.19,nan,1.14,47.60,48.24,1.353,nan,nan
6.73,-45.17,-1.61,0.03,1.15,nan,1.14,47.60,48.24,1.314,nan,nan
6.74,-45.50,-1.20,0.03,1.15,nan,1.14,47.70,48.24,1.314,nan,nan
6.75,-45.50,-1.20,-0.01,1.09,nan,1.15,47.70,48.22,1.249,nan,nan
6.76,-45.83,-0.62,-0.01,1.09,nan,1.15,47.70,48.22,1.249,nan,nan
6.77,-45.67,-1.42,0.04,1.16,nan,1.15,47.70,48.22,1.327,nan,nan
6.78,-45.67,-1.42,-0.02,1.07,nan,1.15,47.70,48.22,1.223,nan,nan
6.79,-45.83,-1.75,-0.02,1.07,nan,1.15,47.70,48.22,1.223,nan,nan
6.80,-45.83,-1.75,-0.02,1.08,nan,1.16,47.70,48.22,1.237,nan,nan
6.81,-46.00,-0.94,-0.02,1.08,nan,1.16,47.70,48.22,1.237,nan,nan
6.82,-46.00,-0.94,0.00,1.21,nan,1.16,47.70,48.24,1.379,nan,nan
6.83,-46.50,-0.98,0.00,1.21,nan,1.16,47.70,48.24,1.379,nan,nan
6.84,-46.50,-0.98,0.00,1.09,nan,1.16,47.70,48.24,1.249,nan,nan
6.85,-46.33,-0.96,-0.02,1.21,nan,1.17,47.70,48.24,1.380,nan,nan
6.86,-46.33,-1.78,-0.02,1.21,nan,1.17,47.70,48.24,1.380,nan,nan
6.87,-46.33,-1.78,0.08,1.23,nan,1.17,47.70,48.22,1.405,nan,nan
6.88,-46.50,-1.42,0.08,1.23,nan,1.17,47.70,48.22,1.405,nan,nan
6.89,-46.50,-1.42,0.03,1.19,nan,1.17,47.70,48.21,1.353,nan,nan
6.90,-46.83,-0.94,0.01,1.27,nan,1.17,47.70,48.24,1.445,nan,nan
6.91,-46.83,-1.51,0.01,1.27,nan,1.17,47.70,48.24,1.445,nan,nan
6.92,-46.83,-1.51,-0.01,1.14,nan,1.18,47.70,48.24,1.301,nan,nan
6.93,-46.83,-1.15,-0.01,1.14,nan,1.18,47.70,48.24,1.301,nan,nan
6.94,-46.83,-1.15,-0.02,1.19,nan,1.18,47.70,48.22,1.353,nan,nan
6.95,-47.00,-0.67,-0.02,1.19,nan,1.18,47.70,48.22,1.353,nan,nan
6.96,-47.50,-0.91,-0.05,1.20,nan,1.18,47.70,48.24,1.366,nan,nan
6.97,-47.50,-0.91,-0.05,1.09,nan,1.19,47.70,48.24,1.249,nan,nan
6.98,-47.50,-0.50,-0.05,1.09,nan,1.19,47.70,48.24,1.249,nan,nan
6.99,-47.50,-0.50,-0.01,1.25,nan,1.19,47.70,48.22,1.432,nan,nan
7.00,-47.67,-0.82,-0.01,1.25,nan,1.19,47.70,48.22,1.432,nan,nan
7.01,-47.67,-0.82,-0.02,1.32,nan,1.19,47.70,48.24,1.510,nan,nan
7.02,-47.67,-1.44,-0.02,1.32,nan,1.20,47.70,48.24,1.510,nan,nan
7.03,-47.67,-1.78,-0.04,1.20,nan,1.20,47.70,48.22,1.367,nan,nan
7.04,-47.67,-1.78,-0.03,1.23,nan,1.20,47.70,48.22,1.406,nan,nan
7.05,-47.67,-1.25,-0.03,1.23,nan,1.20,47.70,48.22,1.406,nan,nan
7.06,-47.67,-1.25,-0.04,1.22,nan,1.20,47.60,48.21,1.392,nan,nan
7.07,-48.00,-1.06,-0.04,1.22,nan,1.21,47.60,48.21,1.392,nan,nan
7.08,-48.00,-1.06,-0.02,1.27,nan,1.21,47.60,48.24,1.445,nan,nan
7.09,-48.17,-0.94,0.04,1.25,nan,1.21,47.60,48.22,1.432,nan,nan
7.10,-47.83,-1.46,0.04,1.25,nan,1.21,47.60,48.22,1.432,nan,nan
7.11,-47.83,-1.46,-0.06,1.15,nan,1.21,47.60,48.24,1.315,nan,nan
7.12,-48.33,-1.22,-0.06,1.15,nan,1.22,47.60,48.24,1.315,nan,nan
7.13,-48.33,-1.22,0.02,1.21,nan,1.22,47.60,48.21,1.380,nan,nan
7.14,-48.50,-1.66,-0.02,1.16,nan,1.22,47.60,48.21,1.327,nan,nan
7.15,-48.50,-1.37,-0.02,1.16,nan,1.22,47.60,48.21,1.327,nan,nan
7.16,-48.50,-1.37,0.02,1.22,nan,1.22,47.70,48.24,1.392,nan,nan
7.17,-48.83,-0.34,0.02,1.22,nan,1.22,47.70,48.24,1.392,nan,nan
7.18,-48.83,-0.34,-0.04,1.31,nan,1.23,47.70,48.24,1.496,nan,nan
7.19,-48.67,-1.56,-0.04,1.31,nan,1.23,47.70,48.24,1.496,nan,nan
7.20,-48.67,-1.61,-0.02,1.23,nan,1.23,47.70,48.26,1.406,nan,nan
7.21,-48.67,-1.61,0.00,1.13,nan,1.23,47.70,48.22,1.288,nan,nan
7.22,-49.00,-1.27,0.00,1.13,nan,1.23,47.70,48.22,1.288,nan,nan
7.23,-49.00,-1.27,0.05,1.25,nan,1.23,47.70,48.24,1.432,nan,nan
7.24,-49.50,-0.07,0.05,1.25,nan,1.24,47.70,48.24,1.432,nan,nan
7.25,-49.50,-0.07,-0.01,1.23,nan,1.24,47.70,48.22,1.406,nan,nan
7.26,-49.17,-1.58,0.03,1.34,nan,1.24,47.70,48.21,1.535,nan,nan
7.27,-49.83,-0.38,0.03,1.34,nan,1.24,47.70,48.21,1.535,nan,nan
7.28,-49.83,-0.38,0.02,1.25,nan,1.24,47.70,48.22,1.431,nan,nan
7.29,-49.33,-1.34,0.02,1.25,nan,1.24,47.70,48.22,1.431,nan,nan
7.30,-49.33,-1.34,-0.06,1.28,nan,1.25,47.70,48.22,1.457,nan,nan
7.31,-49.83,-0.74,-0.06,1.28,nan,1.25,47.70,48.22,1.457,nan,nan
7.32,-49.67,-1.61,-0.01,1.24,nan,1.25,47.70,48.24,1.418,nan,nan
7.33,-49.67,-1.61,-0.04,1.15,nan,1.25,47.70,48.22,1.315,nan,nan
7.34,-50.00,-1.18,-0.04,1.15,nan,1.25,47.70,48.22,1.315,nan,nan
7.35,-50.00,-1.18,-0.05,1.33,nan,1.26,47.70,48.24,1.522,nan,nan
7.36,-50.33,-0.50,-0.05,1.33,nan,1.26,47.70,48.24,1.522,nan,nan
7.37,-50.50,-1.15,-0.07,1.28,nan,1.26,47.70,48.22,1.457,nan,nan
7.38,-50.50,-1.15,-0.03,1.25,nan,1.26,47.70,48.22,1.432,nan,nan
7.39,-50.50,-0.94,-0.03,1.25,nan,1.26,47.70,48.22,1.432,nan,nan
7.40,-50.50,-0.94,-0.05,1.27,nan,1.27,47.70,48.21,1.445,nan,nan
7.41,-50.17,-1.63,-0.05,1.27,nan,1.27,47.70,48.21,1.445,nan,nan
7.42,-50.17,-1.63,-0.04,1.21,nan,1.27,47.70,48.24,1.380,nan,nan
7.43,-50.67,-0.94,-0.04,1.21,nan,1.27,47.70,48.24,1.380,nan,nan
7.44,-50.67,-1.30,-0.04,1.23,nan,1.27,47.70,48.22,1.406,nan,nan
7.45,-50.67,-1.30,0.00,1.25,nan,1.27,47.70,48.24,1.432,nan,nan
7.46,-50.67,-1.18,0.00,1.25,nan,1.27,47.70,48.24,1.432,nan,nan
7.47,-50.67,-1.18,0.02,1.17,nan,1.28,47.70,48.24,1.341,nan,nan
7.48,-51.00,-0.98,0.02,1.17,nan,1.28,47.70,48.24,1.341,nan,nan
7.49,-51.00,-0.98,0.03,1.27,nan,1.28,47.70,48.22,1.445,nan,nan
7.50,-51.00,-1.15,0.03,1.27,nan,1.28,47.70,48.22,1.445,nan,nan
7.51,-51.00,-1.15,0.01,1.29,nan,1.28,47.70,48.24,1.470,nan,nan
7.52,-51.17,-0.98,0.01,1.29,nan,1.28,47.70,48.24,1.470,nan,nan
7.53,-51.17,-0.98,-0.01,1.27,nan,1.29,47.70,48.22,1.445,nan,nan
7.54,-51.33,-0.94,-0.01,1.27,nan,1.29,47.70,48.22,1.445,nan,nan
7.55,-51.33,-0.94,0.04,1.34,nan,1.29,47.70,48.24,1.535,nan,nan
7.56,-51.67,-0.94,0.04,1.34,nan,1.29,47.70,48.24,1.535,nan,nan
7.57,-51.67,-0.94,-0.04,1.37,nan,1.29,47.70,48.22,1.418,nan,nan
7.58,-51.83,-0.84,-0.04,1.37,nan,1.30,47.70,48.22,1.418,nan,nan
7.59,-51.83,-0.84,-0.01,1.37,nan,1.30,47.70,48.24,1.561,nan,nan
7.60,-51.67,-1.08,-0.01,1.37,nan,1.30,47.70,48.24,1.561,nan,nan
7.61,-52.00,-1.13,-0.01,1.33,nan,1.30,47.70,48.24,1.522,nan,nan
7.62,-52.00,-1.13,0.00,1.27,nan,1.30,47.70,48.22,1.522,nan,nan
7.63,-52.33,-0.48,0.00,1.27,nan,1.30,47.70,48.22,1.522,nan,nan
7.64,-52.33,-0.48,0.01,1.29,nan,1.31,47.70,48.22,1.471,nan,nan
7.65,-52.00,-2.23,0.01,1.29,nan,1.31,47.70,48.22,1.471,nan,nan
7.66,-52.33,-1.03,0.04,1.31,nan,1.31,47.70,48.24,1.496,nan,nan
7.67,-52.33,-1.03,0.00,1.23,nan,1.31,47.70,48.19,1.406,nan,nan
7.68,-52.33,-1.58,0.00,1.23,nan,1.31,47.70,48.19,1.406,nan,nan
7.69,-52.33,-1.58,-0.01,1.28,nan,1.32,47.70,48.21,1.457,nan,nan
7.70,-52.17,-1.82,0.02,1.32,nan,1.32,47.70,48.24,1.510,nan,nan
7.71,-52.83,-1.18,0.02,1.32,nan,1.32,47.70,48.24,1.510,nan,nan
7.72,-52.83,-1.18,-0.04,1.30,nan,1.32,47.70,48.22,1.483,nan,nan
7.73,-52.83,-1.06,-0.04,1.30,nan,1.32,47.70,48.22,1.483,nan,nan
7.74,-52.50,-1.46,0.03,1.38,nan,1.32,47.70,48.24,1.575,nan,nan
7.75,-52.50,-1.46,0.02,1.44,nan,1.33,47.70,48.24,1.640,nan,nan
7.76,-53.33,-0.48,0.02,1.44,nan,1.33,47.70,48.24,1.640,nan,nan
7.77,-53.33,-0.48,-0.06,1.32,nan,1.33,47.70,48.22,1.510,nan,nan
7.78,-53.00,-1.42,-0.06,1.32,nan,1.33,47.70,48.22,1.510,nan,nan
7.79,-53.00,-1.46,-0.06,1.30,nan,1.33,47.70,48.22,1.487,nan,nan
7.80,-53.00,-1.46,0.00,1.27,nan,1.34,47.70,48.22,1.445,nan,nan
7.81,-53.50,-0.86,0.00,1.27,nan,1.34,47.70,48.22,1.445,nan,nan
7.82,-53.50,-0.86,-0.00,1.36,nan,1.34,47.70,48.22,1.549,nan,nan
7.83,-53.67,-0.50,-0.00,1.36,nan,1.34,47.70,48.22,1.549,nan,nan
7.84,-53.50,-0.77,0.08,1.39,nan,1.34,47.70,48.22,1.587,nan,nan
7.85,-53.50,-0.77,0.00,1.33,nan,1.35,47.70,48.24,1.522,nan,nan
7.86,-53.50,-1.54,0.00,1.33,nan,1.35,47.70,48.24,1.522,nan,nan
7.87,-53.50,-1.54,-0.04,1.30,nan,1.35,47.70,48.22,1.483,nan,nan
7.88,-53.83,-1.30,-0.03,1.35,nan,1.35,47.70,48.24,1.537,nan,nan
7.89,-54.33,-0.55,-0.03,1.35,nan,1.35,47.70,48.24,1.537,nan,nan
7.90,-54.33,-0.55,0.01,1.33,nan,1.36,47.60,48.21,1.522,nan,nan
7.91,-54.17,-0.84,0.01,1.33,nan,1.36,47.60,48.21,1.522,nan,nan
7.92,-54.17,-0.84,0.03,1.33,nan,1.36,47.60,48.19,1.522,nan,nan
7.93,-54.50,-1.01,0.03,1.33,nan,1.36,47.60,48.19,1.522,nan,nan
7.94,-54.67,-0.46,-0.01,1.45,nan,1.36,47.60,48.24,1.587,nan,nan
7.95,-54.67,-0.46,-0.01,1.26,nan,1.37,47.60,48.21,1.433,nan,nan
7.96,-54.67,-0.98,-0.01,1.26,nan,1.37,47.60,48.21,1.433,nan,nan
7.97,-54.67,-0.98,-0.01,1.44,nan,1.37,47.60,48.24,1.641,nan,nan
7.98,-54.83,-1.03,-0.01,1.44,nan,1.37,47.60,48.24,1.641,nan,nan
7.99,-54.83,-0.62,0.01,1.39,nan,1.37,47.60,48.22,1.587,nan,nan
8.00,-54.83,-0.62,0.01,1.39,nan,1.38,47.60,48.22,1.587,nan,nan
8.01,-54.83,-0.89,0.04,1.33,nan,1.38,47.70,48.22,1.522,nan,nan
8.02,-54.83,-0.89,0.04,1.33,nan,1.38,47.70,48.22,1.522,nan,nan
8.03,-54.83,-0.89,0.02,1.45,nan,1.38,47.70,48.24,1.652,nan,nan
8.04,-54.83,-1.70,0.02,1.45,nan,1.38,47.70,48.24,1.652,nan,nan
8.05,-54.83,-1.70,0.02,1.45,nan,1.38,47.70,48.24,1.652,nan,nan
8.06,-54.83,-1.70,0.01,1.31,nan,1.38,47.70,48.22,1.498,nan,nan
8.07,-55.33,-0.82,-0.05,1.33,nan,1.38,47.70,48.19,1.522,nan,nan
8.08,-54.83,-1.42,-0.05,1.33,nan,1.38,47.70,48.19,1.522,nan,nan
8.09,-54.83,-1.42,0.02,1.36,nan,1.39,47.70,48.21,1.549,nan,nan
8.10,-55.33,-1.01,0.02,1.36,nan,1.39,47.70,48.21,1.549,nan,nan
8.11,-55.33,-1.01,0.04,1.39,nan,1.39,47.60,48.22,1.587,nan,nan
8.12,-55.50,-1.20,0.04,1.39,nan,1.39,47.60,48.22,1.587,nan,nan
8.13,-55.50,-0.98,0.02,1.39,nan,1.39,47.60,48.19,1.587,nan,nan
8.14,-55.50,-0.98,0.02,1.55,nan,1.40,47.60,48.21,1.771,nan,nan
8.15,-55.67,-0.86,0.02,1.55,nan,1.40,47.60,48.21,1.771,nan,nan
8.16,-55.67,-0.86,-0.03,1.39,nan,1.40,47.60,48.22,1.591,nan,nan
8.17,-55.83,-0.65,0.04,1.44,nan,1.40,47.60,48.22,1.641,nan,nan
8.18,-55.67,-0.96,0.04,1.44,nan,1.40,47.60,48.22,1.641,nan,nan
8.19,-55.67,-0.96,0.05,1.38,nan,1.41,47.60,48.22,1.575,nan,nan
8.20,-56.00,-0.70,0.05,1.38,nan,1.41,47.60,48.22,1.575,nan,nan
8.21,-56.00,-0.70,0.01,1.37,nan,1.41,47.60,48.22,1.564,nan,nan
8.22,-56.50,-1.27,0.03,1.40,nan,1.41,47.60,48.22,1.598,nan,nan
8.23,-56.50,-0.94,0.03,1.40,nan,1.41,47.60,48.22,1.598,nan,nan
8.24,-56.50,-0.94,0.02,1.42,nan,1.42,47.60,48.22,1.625,nan,nan
8.25,-56.67,-1.54,0.02,1.42,nan,1.42,47.60,48.22,1.625,nan,nan
8.26,-56.67,-1.54,-0.01,1.42,nan,1.42,47.60,48.21,1.625,nan,nan
8.27,-56.67,-1.22,0.02,1.38,nan,1.42,47.60,48.22,1.575,nan,nan
8.28,-56.67,-1.39,0.02,1.38,nan,1.42,47.60,48.22,1.575,nan,nan
8.29,-56.67,-1.39,-0.03,1.45,nan,1.43,47.60,48.24,1.657,nan,nan
8.30,-56.50,-1.78,-0.03,1.45,nan,1.43,47.60,48.24,1.657,nan,nan
8.31,-57.00,-1.25,-0.02,1.35,nan,1.43,47.60,48.24,1.537,nan,nan
8.32,-57.00,-1.25,-0.02,1.46,nan,1.43,47.70,48.22,1.668,nan,nan
8.33,-57.17,-1.13,-0.02,1.46,nan,1.43,47.70,48.22,1.668,nan,nan
8.34,-57.17,-1.13,0.04,1.44,nan,1.43,47.70,48.22,1.641,nan,nan
8.35,-57.17,-1.01,0.04,1.44,nan,1.44,47.70,48.22,1.641,nan,nan
8.36,-57.17,-1.01,-0.03,1.42,nan,1.44,47.70,48.21,1.625,nan,nan
8.37,-57.33,-0.50,0.02,1.50,nan,1.44,47.70,48.22,1.717,nan,nan
8.38,-57.50,-0.82,0.02,1.50,nan,1.44,47.70,48.22,1.717,nan,nan
8.39,-57.50,-0.82,-0.01,1.42,nan,1.44,47.70,48.24,1.625,nan,nan
8.40,-57.50,-0.50,-0.01,1.42,nan,1.45,47.70,48.24,1.625,nan,nan
8.41,-57.67,-1.25,0.02,1.53,nan,1.45,47.70,48.22,1.744,nan,nan
8.42,-57.67,-1.25,0.03,1.41,nan,1.45,47.70,48.24,1.614,nan,nan
8.43,-57.83,-1.27,0.03,1.41,nan,1.45,47.60,48.24,1.614,nan,nan
8.44,-57.83,-1.27,0.06,1.45,nan,1.45,47.60,48.24,1.652,nan,nan
8.45,-58.17,-0.65,0.06,1.45,nan,1.46,47.60,48.24,1.652,nan,nan
8.46,-58.17,-1.03,-0.03,1.45,nan,1.46,47.60,48.22,1.652,nan,nan
8.47,-58.17,-1.03,-0.00,1.55,nan,1.46,47.60,48.22,1.771,nan,nan
8.48,-58.00,-1.44,-0.00,1.55,nan,1.46,47.60,48.22,1.771,nan,nan
8.49,-58.00,-1.44,0.03,1.47,nan,1.46,47.60,48.22,1.679,nan,nan
8.50,-58.17,-2.02,-0.01,1.38,nan,1.47,47.60,48.24,1.576,nan,nan
8.51,-58.50,-0.98,-0.01,1.38,nan,1.47,47.60,48.24,1.576,nan,nan
8.52,-58.50,-0.98,-0.04,1.50,nan,1.47,47.60,48.24,1.717,nan,nan
8.53,-58.50,-1.03,-0.04,1.50,nan,1.47,47.60,48.24,1.717,nan,nan
8.54,-58.50,-1.03,0.03,1.43,nan,1.47,47.70,48.24,1.636,nan,nan
8.55,-58.83,-0.74,0.03,1.45,nan,1.48,47.70,48.24,1.652,nan,nan
8.56,-58.67,-1.15,0.03,1.45,nan,1.48,47.70,48.24,1.652,nan,nan
8.57,-58.67,-1.15,-0.01,1.48,nan,1.48,47.70,48.24,1.690,nan,nan
8.58,-58.83,-1.68,-0.01,1.48,nan,1.48,47.70,48.24,1.690,nan,nan
8.59,-58.83,-1.68,0.03,1.53,nan,1.48,47.70,48.22,1.744,nan,nan
8.60,-59.33,-0.91,0.03,1.53,nan,1.48,47.70,48.22,1.744,nan,nan
8.61,-59.33,-0.91,-0.01,1.47,nan,1.48,47.70,48.22,1.679,nan,nan
8.62,-59.17,-1.49,-0.01,1.47,nan,1.49,47.70,48.22,1.679,nan,nan
8.63,-59.17,-1.49,0.00,1.48,nan,1.49,47.70,48.24,1.690,nan,nan
8.64,-59.17,-2.16,0.00,1.48,nan,1.49,47.60,48.24,1.690,nan,nan
8.65,-59.17,-2.16,0.01,1.58,nan,1.49,47.60,48.22,1.798,nan,nan
8.66,-59.50,-1.20,0.01,1.58,nan,1.49,47.60,48.22,1.798,nan,nan
8.67,-59.50,-1.20,0.02,1.56,nan,1.49,47.60,48.22,1.782,nan,nan
8.68,-59.67,-0.65,0.02,1.56,nan,1.49,47.60,48.22,1.782,nan,nan
8.69,-59.67,-0.65,0.05,1.48,nan,1.50,47.60,48.22,1.690,nan,nan
8.70,-59.83,-1.61,0.05,1.48,nan,1.50,47.60,48.22,1.690,nan,nan
8.71,-59.83,-1.61,0.01,1.47,nan,1.50,47.60,48.22,1.679,nan,nan
8.72,-59.67,-1.39,0.01,1.47,nan,1.50,47.60,48.22,1.679,nan,nan
8.73,-60.00,-1.68,0.03,1.53,nan,1.50,47.60,48.22,1.744,nan,nan
8.74,-60.00,-1.68,0.01,1.53,nan,1.51,47.60,48.22,1.744,nan,nan
8.75,-60.33,-0.70,0.01,1.53,nan,1.51,47.60,48.22,1.744,nan,nan
8.76,-60.33,-0.70,-0.03,1.52,nan,1.51,47.60,48.21,1.733,nan,nan
8.77,-60.00,-2.06,-0.03,1.52,nan,1.51,47.60,48.21,1.733,nan,nan
8.78,-60.00,-2.06,-0.01,1.65,nan,1.51,47.60,48.22,1.885,nan,nan
8.79,-60.67,-1.01,-0.01,1.65,nan,1.52,47.60,48.22,1.885,nan,nan
8.80,-60.33,-1.37,-0.03,1.54,nan,1.52,47.60,48.24,1.761,nan,nan
8.81,-60.33,-1.37,-0.03,1.54,nan,1.52,47.60,48.24,1.761,nan,nan
8.82,-60.67,-0.74,0.03,1.53,nan,1.52,47.60,48.22,1.744,nan,nan
8.83,-60.67,-0.74,0.02,1.49,nan,1.52,47.60,48.22,1.706,nan,nan
8.84,-60.83,-0.96,0.02,1.49,nan,1.52,47.60,48.22,1.706,nan,nan
8.85,-60.83,-0.96,0.07,1.57,nan,1.52,47.60,48.24,1.793,nan,nan
8.86,-61.00,-1.68,0.07,1.57,nan,1.53,47.70,48.24,1.793,nan,nan
8.87,-61.00,-2.23,0.01,1.51,nan,1.53,47.70,48.24,1.722,nan,nan
8.88,-61.00,-2.23,0.06,1.52,nan,1.53,47.70,48.24,1.733,nan,nan
8.89,-61.00,-1.68,0.06,1.52,nan,1.53,47.70,48.24,1.733,nan,nan
8.90,-61.00,-1.68,-0.01,1.46,nan,1.53,47.70,48.24,1.668,nan,nan
8.91,-61.33,-1.49,-0.01,1.46,nan,1.53,47.70,48.24,1.668,nan,nan
8.92,-61.33,-1.49,-0.00,1.55,nan,1.54,47.70,48.22,1.766,nan,nan
8.93,-61.17,-1.10,-0.00,1.55,nan,1.54,47.70,48.22,1.766,nan,nan
8.94,-61.50,-1.27,0.04,1.64,nan,1.54,47.70,48.24,1.874,nan,nan
8.95,-61.50,-1.27,0.02,1.53,nan,1.54,47.70,48.24,1.744,nan,nan
8.96,-61.83,-0.65,0.02,1.53,nan,1.54,47.70,48.24,1.744,nan,nan
8.97,-61.83,-0.65,-0.00,1.53,nan,1.55,47.70,48.21,1.744,nan,nan
8.98,-61.67,-1.63,-0.00,1.51,nan,1.55,47.70,48.19,1.727,nan,nan
8.99,-61.83,-1.68,-0.00,1.51,nan,1.55,47.70,48.19,1.727,nan,nan
9.00,-61.83,-1.68,-0.02,1.50,nan,1.55,47.70,48.21,1.717,nan,nan
9.01,-62.33,-0.94,-0.02,1.50,nan,1.55,47.70,48.21,1.717,nan,nan
9.02,-62.33,-0.94,0.00,1.56,nan,1.56,47.70,48.22,1.782,nan,nan
9.03,-62.17,-0.74,0.00,1.56,nan,1.56,47.70,48.22,1.782,nan,nan
9.04,-62.33,-1.78,0.04,1.52,nan,1.56,47.70,48.24,1.733,nan,nan
9.05,-62.33,-1.78,0.01,1.55,nan,1.56,47.70,48.21,1.771,nan,nan
9.06,-62.17,-0.55,0.01,1.55,nan,1.56,47.70,48.21,1.771,nan,nan
9.07,-62.17,-0.55,0.04,1.59,nan,1.57,47.70,48.22,1.809,nan,nan
9.08,-62.33,-1.30,0.04,1.59,nan,1.57,47.70,48.22,1.809,nan,nan
9.09,-62.33,-1.30,-0.01,1.50,nan,1.57,47.70,48.21,1.717,nan,nan
9.10,-62.83,-1.08,-0.03,1.47,nan,1.57,47.70,48.26,1.679,nan,nan
9.11,-62.33,-1.42,-0.03,1.47,nan,1.57,47.70,48.26,1.679,nan,nan
9.12,-62.33,-1.42,-0.04,1.65,nan,1.57,47.70,48.21,1.885,nan,nan
9.13,-63.00,-1.18,-0.04,1.65,nan,1.58,47.70,48.21,1.885,nan,nan
9.14,-63.17,-0.19,-0.03,1.53,nan,1.58,47.70,48.22,1.744,nan,nan
9.15,-63.17,-0.19,-0.02,1.61,nan,1.58,47.70,48.22,1.837,nan,nan
9.16,-63.00,-1.08,-0.02,1.61,nan,1.58,47.70,48.22,1.837,nan,nan
9.17,-63.00,-1.08,0.01,1.61,nan,1.58,47.70,48.24,1.837,nan,nan
9.18,-63.33,-0.98,0.01,1.61,nan,1.59,47.70,48.24,1.837,nan,nan
9.19,-63.17,-1.56,-0.02,1.57,nan,1.59,47.70,48.22,1.793,nan,nan
9.20,-63.17,-1.56,-0.02,1.57,nan,1.59,47.70,48.22,1.793,nan,nan
9.21,-63.33,-1.37,-0.01,1.61,nan,1.59,47.70,48.24,1.837,nan,nan
9.22,-63.33,-1.37,-0.01,1.61,nan,1.59,47.70,48.24,1.837,nan,nan
9.23,-63.50,-1.51,-0.01,1.62,nan,1.59,47.70,48.21,1.847,nan,nan
9.24,-63.50,-1.51,-0.01,1.62,nan,1.59,47.70,48.21,1.847,nan,nan
9.25,-63.50,-1.51,-0.00,1.59,nan,1.60,47.70,48.24,1.847,nan,nan
9.26,-63.50,-1.75,-0.00,1.59,nan,1.60,47.70,48.24,1.847,nan,nan
9.27,-63.50,-1.75,-0.01,1.53,nan,1.60,47.70,48.21,1.744,nan,nan
9.28,-63.67,-2.16,-0.01,1.53,nan,1.60,47.60,48.21,1.744,nan,nan
9.29,-63.67,-2.16,0.03,1.65,nan,1.60,47.60,48.22,1.885,nan,nan
9.30,-64.17,-0.84,0.03,1.65,nan,1.60,47.60,48.22,1.885,nan,nan
9.31,-64.17,-0.84,0.04,1.49,nan,1.61,47.60,48.22,1.706,nan,nan
9.32,-64.00,-1.82,0.04,1.49,nan,1.61,47.60,48.22,1.706,nan,nan
9.33,-64.67,-0.36,-0.02,1.64,nan,1.61,47.60,48.22,1.875,nan,nan
9.34,-64.67,-0.36,0.01,1.62,nan,1.61,47.60,48.22,1.847,nan,nan
9.35,-64.17,-1.08,0.01,1.62,nan,1.61,47.60,48.22,1.847,nan,nan
9.36,-64.17,-1.08,-0.01,1.52,nan,1.62,47.60,48.21,1.734,nan,nan
9.37,-64.50,-1.13,-0.01,1.52,nan,1.62,47.60,48.21,1.734,nan,nan
9.38,-64.50,-1.13,0.09,1.65,nan,1.62,47.60,48.22,1.886,nan,nan
9.39,-64.50,-1.30,0.01,1.54,nan,1.62,47.70,48.22,1.755,nan,nan
9.40,-64.50,-1.61,0.01,1.54,nan,1.62,47.70,48.22,1.755,nan,nan
9.41,-64.50,-1.61,0.08,1.68,nan,1.62,47.70,48.22,1.913,nan,nan
9.42,-65.00,-1.46,0.08,1.68,nan,1.63,47.70,48.22,1.913,nan,nan
9.43,-65.00,-1.46,0.04,1.61,nan,1.63,47.70,48.24,1.837,nan,nan
9.44,-65.00,-0.72,0.04,1.61,nan,1.63,47.70,48.24,1.837,nan,nan
9.45,-65.00,-0.72,-0.01,1.57,nan,1.63,47.70,48.24,1.788,nan,nan
9.46,-65.33,-1.06,-0.01,1.57,nan,1.63,47.70,48.24,1.788,nan,nan
9.47,-65.33,-1.13,-0.00,1.62,nan,1.63,47.70,48.22,1.847,nan,nan
9.48,-65.33,-1.13,0.04,1.59,nan,1.64,47.70,48.22,1.809,nan,nan
9.49,-65.33,-1.08,0.04,1.59,nan,1.64,47.70,48.22,1.809,nan,nan
9.50,-65.33,-1.08,0.08,1.64,nan,1.64,47.70,48.24,1.874,nan,nan
9.51,-65.33,-1.20,0.08,1.64,nan,1.64,47.70,48.24,1.874,nan,nan
9.52,-65.83,-0.89,-0.01,1.58,nan,1.64,47.70,48.24,1.799,nan,nan
9.53,-65.83,-0.89,0.05,1.73,nan,1.65,47.70,48.24,1.978,nan,nan
9.54,-65.50,-1.08,0.05,1.73,nan,1.65,47.70,48.24,1.978,nan,nan
9.55,-65.50,-1.08,0.05,1.68,nan,1.65,47.70,48.24,1.912,nan,nan
9.56,-66.17,-1.18,0.05,1.68,nan,1.65,47.70,48.24,1.912,nan,nan
9.57,-66.17,-1.18,0.02,1.72,nan,1.65,47.70,48.22,1.967,nan,nan
9.58,-65.83,-2.09,0.02,1.72,nan,1.66,47.70,48.22,1.967,nan,nan
9.59,-66.17,-1.13,0.00,1.68,nan,1.66,47.60,48.21,1.912,nan,nan
9.60,-66.17,-1.13,0.07,1.59,nan,1.66,47.60,48.22,1.809,nan,nan
9.61,-66.17,-1.73,0.07,1.59,nan,1.66,47.60,48.22,1.809,nan,nan
9.62,-66.17,-1.73,0.00,1.58,nan,1.66,47.60,48.21,1.799,nan,nan
9.63,-66.67,-1.18,0.00,1.58,nan,1.67,47.60,48.21,1.799,nan,nan
9.64,-66.67,-1.18,-0.00,1.73,nan,1.67,47.60,48.24,1.978,nan,nan
9.65,-66.17,-1.97,0.00,1.75,nan,1.67,47.60,48.24,1.995,nan,nan
9.66,-66.67,-1.08,0.00,1.75,nan,1.67,47.60,48.24,1.995,nan,nan
9.67,-66.67,-1.08,0.02,1.64,nan,1.67,47.60,48.22,1.875,nan,nan
9.68,-66.67,-0.94,0.02,1.64,nan,1.67,47.60,48.22,1.875,nan,nan
9.69,-66.67,-0.94,-0.01,1.72,nan,1.67,47.60,48.24,1.967,nan,nan
9.70,-67.17,-0.58,-0.01,1.72,nan,1.68,47.60,48.24,1.967,nan,nan
9.71,-67.00,-0.89,0.02,1.71,nan,1.68,47.60,48.22,1.950,nan,nan
9.72,-67.00,-0.89,0.01,1.62,nan,1.68,47.60,48.24,1.847,nan,nan
9.73,-66.83,-1.92,0.01,1.62,nan,1.68,47.60,48.24,1.847,nan,nan
9.74,-66.83,-1.92,-0.08,1.66,nan,1.68,47.60,48.22,1.892,nan,nan
9.75,-66.83,-1.99,-0.00,1.72,nan,1.69,47.60,48.22,1.961,nan,nan
9.76,-67.33,-1.22,-0.00,1.72,nan,1.69,47.60,48.22,1.961,nan,nan
9.77,-67.33,-1.22,-0.02,1.69,nan,1.69,47.60,48.21,1.929,nan,nan
9.78,-67.67,-1.10,-0.02,1.69,nan,1.69,47.60,48.21,1.929,nan,nan
9.79,-67.67,-1.10,-0.01,1.67,nan,1.69,47.60,48.21,1.902,nan,nan
9.80,-67.67,-1.46,-0.01,1.67,nan,1.70,47.60,48.21,1.902,nan,nan
9.81,-67.67,-1.08,-0.06,1.69,nan,1.70,47.60,48.24,1.930,nan,nan
9.82,-67.67,-1.08,-0.06,1.69,nan,1.70,47.60,48.24,1.930,nan,nan
9.83,-67.67,-1.08,0.04,1.63,nan,1.70,47.60,48.24,1.864,nan,nan
9.84,-67.83,-0.91,0.04,1.63,nan,1.70,47.60,48.24,1.864,nan,nan
9.85,-67.83,-0.91,0.04,1.70,nan,1.70,47.60,48.24,1.940,nan,nan
9.86,-68.00,-1.10,0.04,1.70,nan,1.71,47.60,48.24,1.940,nan,nan
9.87,-68.00,-1.10,-0.01,1.81,nan,1.71,47.60,48.22,2.070,nan,nan
9.88,-68.17,-0.67,-0.01,1.81,nan,1.71,47.60,48.22,2.070,nan,nan
9.89,-68.33,-1.03,-0.00,1.68,nan,1.71,47.60,48.24,1.912,nan,nan
9.90,-68.33,-1.03,-0.00,1.68,nan,1.71,47.60,48.24,1.912,nan,nan
9.91,-68.33,-1.99,-0.02,1.72,nan,1.71,47.70,48.21,1.967,nan,nan
9.92,-68.33,-1.99,-0.05,1.74,nan,1.72,47.70,48.24,1.988,nan,nan
9.93,-68.50,-1.75,-0.05,1.74,nan,1.72,47.70,48.24,1.988,nan,nan
9.94,-68.50,-1.75,-0.05,1.75,nan,1.72,47.70,48.22,1.995,nan,nan
9.95,-68.67,-0.86,-0.05,1.75,nan,1.72,47.70,48.22,1.995,nan,nan
9.96,-68.67,-1.39,-0.01,1.70,nan,1.72,47.70,48.24,1.940,nan,nan
9.97,-68.67,-1.39,0.01,1.76,nan,1.73,47.70,48.24,2.005,nan,nan
9.98,-69.00,-0.86,0.01,1.76,nan,1.73,47.70,48.24,2.005,nan,nan
9.99,-69.00,-0.86,0.05,1.72,nan,1.73,47.70,48.22,1.967,nan,nan
10.00,-68.83,-1.22,-0.01,1.80,nan,1.73,47.70,48.21,2.060,nan,nan
10.01,-69.00,-0.79,-0.01,1.80,nan,1.73,47.70,48.21,2.060,nan,nan
10.02,-69.00,-0.79,-0.01,1.84,nan,1.73,47.50,48.24,2.098,nan,nan
10.03,-69.17,-1.27,-0.01,1.84,nan,1.74,47.50,48.24,2.098,nan,nan
10.04,-69.17,-1.27,0.00,1.76,nan,1.74,47.50,48.24,2.005,nan,nan
10.05,-69.33,-1.22,-0.03,1.73,nan,1.74,47.50,48.24,1.977,nan,nan
10.06,-69.67,-0.91,-0.03,1.73,nan,1.74,47.50,48.24,1.977,nan,nan
10.07,-69.67,-0.91,-0.02,1.78,nan,1.74,47.50,48.24,2.033,nan,nan
10.08,-69.50,-0.48,-0.02,1.78,nan,1.75,47.50,48.24,2.033,nan,nan
10.09,-69.83,-1.34,-0.02,1.77,nan,1.75,47.50,48.22,2.015,nan,nan
10.10,-69.83,-1.34,0.04,1.72,nan,1.75,47.50,48.22,1.967,nan,nan
10.11,-69.83,-1.78,0.04,1.72,nan,1.75,47.50,48.22,1.967,nan,nan
10.12,-69.83,-1.78,-0.03,1.75,nan,1.75,47.50,48.24,1.995,nan,nan
10.13,-70.00,-1.49,-0.03,1.75,nan,1.76,47.70,48.24,1.995,nan,nan
10.14,-70.17,-1.44,-0.01,1.82,nan,1.76,47.70,48.22,2.080,nan,nan
10.15,-70.17,-1.44,-0.02,1.71,nan,1.76,47.70,48.24,1.950,nan,nan
10.16,-70.33,-0.89,-0.02,1.71,nan,1.76,47.70,48.24,1.950,nan,nan
10.17,-70.33,-0.89,-0.03,1.73,nan,1.76,47.70,48.22,1.977,nan,nan
10.18,-70.17,-1.80,-0.03,1.73,nan,1.77,47.70,48.22,1.977,nan,nan
10.19,-70.83,-0.70,-0.00,1.79,nan,1.77,47.70,48.24,2.043,nan,nan
10.20,-70.83,-0.70,0.05,1.73,nan,1.77,47.70,48.22,1.978,nan,nan
10.21,-70.50,-0.84,0.05,1.73,nan,1.77,47.70,48.22,1.978,nan,nan
10.22,-70.50,-0.84,0.03,1.73,nan,1.77,47.70,48.24,1.978,nan,nan
10.23,-70.67,-1.51,0.03,1.73,nan,1.77,47.70,48.24,1.978,nan,nan
10.24,-71.00,-1.75,0.02,1.88,nan,1.77,47.70,48.22,2.146,nan,nan
10.25,-71.00,-1.75,0.07,1.72,nan,1.78,47.70,48.22,1.967,nan,nan
10.26,-70.83,-1.39,0.07,1.72,nan,1.78,47.70,48.22,1.967,nan,nan
10.27,-70.83,-1.39,0.01,1.76,nan,1.78,47.70,48.24,2.005,nan,nan
10.28,-70.83,-2.23,0.01,1.76,nan,1.78,47.70,48.24,2.005,nan,nan
10.29,-71.50,-0.94,-0.01,1.74,nan,1.78,47.70,48.24,1.987,nan,nan
10.30,-71.50,-0.94,0.04,1.83,nan,1.79,47.70,48.21,2.091,nan,nan
10.31,-71.33,-0.77,0.04,1.83,nan,1.79,47.70,48.21,2.091,nan,nan
10.32,-71.33,-0.77,-0.04,1.77,nan,1.79,47.70,48.21,2.015,nan,nan
10.33,-71.67,-1.30,-0.04,1.77,nan,1.79,47.70,48.21,2.015,nan,nan
10.34,-71.67,-1.30,-0.05,1.85,nan,1.79,47.70,48.24,2.108,nan,nan
10.35,-71.50,-1.10,0.01,1.87,nan,1.80,47.70,48.22,2.135,nan,nan
10.36,-71.67,-1.01,0.01,1.87,nan,1.80,47.70,48.22,2.135,nan,nan
10.37,-71.67,-1.01,-0.04,1.87,nan,1.80,47.70,48.22,2.135,nan,nan
10.38,-71.83,-1.13,-0.04,1.87,nan,1.80,47.70,48.22,2.135,nan,nan
10.39,-71.83,-1.68,0.02,1.94,nan,1.80,47.70,48.22,2.211,nan,nan
10.40,-71.83,-1.68,0.00,1.95,nan,1.81,47.70,48.21,2.221,nan,nan
10.41,-72.17,-0.98,0.00,1.95,nan,1.81,47.70,48.21,2.221,nan,nan
10.42,-72.17,-0.98,-0.01,1.78,nan,1.81,47.70,48.21,2.033,nan,nan
10.43,-72.17,-1.90,-0.01,1.78,nan,1.81,47.80,48.21,2.033,nan,nan
10.44,-72.17,-1.90,-0.01,1.78,nan,1.81,47.80,48.21,2.033,nan,nan
10.45,-72.50,-0.62,0.03,1.81,nan,1.81,47.80,48.22,2.070,nan,nan
10.46,-72.50,-0.62,0.03,1.81,nan,1.82,47.80,48.22,2.070,nan,nan
10.47,-72.50,-1.44,-0.03,1.86,nan,1.82,47.80,48.21,2.126,nan,nan
10.48,-72.50,-1.44,-0.03,1.86,nan,1.82,47.80,48.21,2.126,nan,nan
10.49,-72.50,-1.44,0.00,1.85,nan,1.82,47.80,48.22,2.108,nan,nan
10.50,-72.50,-2.09,0.00,1.85,nan,1.82,47.80,48.22,2.108,nan,nan
10.51,-72.50,-2.09,0.02,1.79,nan,1.82,47.80,48.22,2.043,nan,nan
10.52,-72.50,-1.54,0.02,1.79,nan,1.82,47.80,48.22,2.043,nan,nan
10.53,-72.50,-1.54,-0.00,1.73,nan,1.82,47.80,48.22,1.977,nan,nan
10.54,-73.00,-0.77,-0.00,1.73,nan,1.82,47.80,48.22,1.977,nan,nan
10.55,-73.00,-0.77,0.01,1.92,nan,1.83,47.60,48.21,2.194,nan,nan
10.56,-72.67,-1.90,0.01,1.92,nan,1.83,47.60,48.21,2.194,nan,nan
10.57,-72.67,-1.90,-0.04,1.90,nan,1.83,47.60,48.21,2.173,nan,nan
10.58,-73.00,-0.91,0.02,1.87,nan,1.83,47.60,48.22,2.135,nan,nan
10.59,-73.33,-1.15,0.02,1.87,nan,1.83,47.60,48.22,2.135,nan,nan
10.60,-73.33,-1.15,-0.00,1.72,nan,1.84,47.60,48.24,1.967,nan,nan
10.61,-73.50,-1.32,-0.00,1.72,nan,1.84,47.60,48.24,1.967,nan,nan
10.62,-73.50,-1.32,-0.04,1.87,nan,1.84,47.60,48.24,2.136,nan,nan
10.63,-73.50,-1.03,0.05,1.83,nan,1.84,47.60,48.22,2.088,nan,nan
10.64,-73.50,-0.98,0.05,1.83,nan,1.84,47.60,48.22,2.088,nan,nan
10.65,-73.50,-0.98,0.04,1.84,nan,1.85,47.70,48.22,2.098,nan,nan
10.66,-74.00,-1.08,0.04,1.84,nan,1.85,47.70,48.22,2.098,nan,nan
10.67,-74.00,-1.08,0.00,1.84,nan,1.85,47.70,48.24,2.098,nan,nan
10.68,-73.50,-1.46,-0.01,1.94,nan,1.85,47.70,48.24,2.211,nan,nan
10.69,-74.00,-1.30,-0.01,1.94,nan,1.85,47.70,48.24,2.211,nan,nan
10.70,-74.00,-1.30,-0.00,1.87,nan,1.86,47.70,48.21,2.136,nan,nan
10.71,-74.17,-0.91,-0.00,1.87,nan,1.86,47.70,48.21,2.136,nan,nan
10.72,-74.17,-0.91,0.04,1.91,nan,1.86,47.70,48.24,2.183,nan,nan
10.73,-74.17,-1.22,-0.02,1.80,nan,1.86,47.70,48.24,2.052,nan,nan
10.74,-74.33,-1.42,-0.02,1.80,nan,1.86,47.70,48.24,2.052,nan,nan
10.75,-74.33,-1.42,-0.03,1.92,nan,1.87,47.70,48.22,2.191,nan,nan
10.76,-74.17,-1.90,-0.03,1.92,nan,1.87,47.60,48.22,2.191,nan,nan
10.77,-74.17,-1.90,-0.02,1.90,nan,1.87,47.60,48.22,2.173,nan,nan
10.78,-74.67,-1.22,0.03,2.02,nan,1.87,47.60,48.24,2.304,nan,nan
10.79,-74.50,-1.99,0.03,2.02,nan,1.87,47.60,48.24,2.304,nan,nan
10.80,-74.50,-1.99,-0.01,1.85,nan,1.88,47.60,48.22,2.108,nan,nan
10.81,-74.83,-1.30,-0.01,1.85,nan,1.88,47.60,48.22,2.108,nan,nan
10.82,-75.17,-0.60,-0.01,1.84,nan,1.88,47.60,48.24,2.098,nan,nan
10.83,-75.17,-0.60,-0.01,1.84,nan,1.88,47.60,48.24,2.098,nan,nan
10.84,-75.17,-0.98,0.01,1.82,nan,1.88,47.60,48.21,2.080,nan,nan
10.85,-75.17,-0.98,-0.00,1.90,nan,1.88,47.60,48.22,2.173,nan,nan
10.86,-75.00,-1.37,-0.00,1.90,nan,1.88,47.70,48.22,2.173,nan,nan
10.87,-75.00,-1.37,0.04,1.79,nan,1.89,47.70,48.22,2.043,nan,nan
10.88,-75.50,-0.84,0.04,1.79,nan,1.89,47.70,48.22,2.043,nan,nan
10.89,-75.50,-1.10,0.05,1.91,nan,1.89,47.70,48.22,2.183,nan,nan
10.90,-75.50,-1.10,0.06,1.81,nan,1.89,47.70,48.24,2.070,nan,nan
10.91,-75.83,-0.82,0.06,1.81,nan,1.89,47.70,48.24,2.070,nan,nan
10.92,-75.83,-0.82,0.05,1.92,nan,1.90,47.70,48.21,2.190,nan,nan
10.93,-75.67,-1.66,0.05,1.92,nan,1.90,47.70,48.21,2.190,nan,nan
10.94,-75.83,-1.22,0.01,1.99,nan,1.90,47.70,48.21,2.266,nan,nan
10.95,-75.83,-1.22,-0.01,1.84,nan,1.90,47.70,48.21,2.098,nan,nan
10.96,-75.83,-1.46,-0.01,1.84,nan,1.90,47.70,48.21,2.098,nan,nan
10.97,-75.83,-1.46,0.07,1.90,nan,1.91,47.70,48.21,2.173,nan,nan
10.98,-76.17,-1.34,-0.03,1.93,nan,1.91,47.70,48.22,2.201,nan,nan
10.99,-76.50,-0.55,-0.03,1.93,nan,1.91,47.70,48.22,2.201,nan,nan
11.00,-76.50,-0.55,0.02,1.90,nan,1.91,47.70,48.24,2.173,nan,nan
11.01,-76.33,-1.78,0.02,1.90,nan,1.91,47.70,48.24,2.173,nan,nan
11.02,-76.33,-1.78,0.01,1.93,nan,1.92,47.70,48.22,2.201,nan,nan
11.03,-76.67,-0.96,0.01,1.93,nan,1.92,47.70,48.22,2.201,nan,nan
11.04,-76.67,-0.96,0.02,1.99,nan,1.92,47.70,48.22,2.276,nan,nan
11.05,-76.33,-1.61,0.02,1.99,nan,1.92,47.70,48.22,2.276,nan,nan
11.06,-76.33,-1.61,0.02,1.99,nan,1.92,47.70,48.22,2.276,nan,nan
11.07,-76.33,-1.61,-0.01,2.01,nan,1.92,47.60,48.22,2.294,nan,nan
11.08,-76.83,-0.67,-0.01,2.01,nan,1.92,47.60,48.22,2.294,nan,nan
11.09,-76.83,-0.67,0.01,1.93,nan,1.92,47.60,48.22,2.201,nan,nan
11.10,-77.00,-0.79,0.01,1.93,nan,1.93,47.60,48.22,2.201,nan,nan
11.11,-77.00,-0.79,0.00,1.93,nan,1.93,47.60,48.22,2.208,nan,nan
11.12,-77.00,-1.15,-0.00,1.97,nan,1.93,47.60,48.22,2.248,nan,nan
11.13,-77.00,-0.89,-0.00,1.97,nan,1.93,47.60,48.22,2.248,nan,nan
11.14,-77.00,-0.89,-0.04,1.94,nan,1.93,47.60,48.22,2.210,nan,nan
11.15,-77.50,-0.36,-0.04,1.94,nan,1.94,47.60,48.22,2.210,nan,nan
11.16,-77.33,-0.98,-0.02,1.99,nan,1.94,47.70,48.24,2.276,nan,nan
11.17,-77.33,-0.98,0.00,1.99,nan,1.94,47.70,48.24,2.266,nan,nan
11.18,-77.17,-1.61,0.00,1.99,nan,1.94,47.70,48.24,2.266,nan,nan
11.19,-77.17,-1.61,0.00,1.99,nan,1.94,47.70,48.24,2.266,nan,nan
11.20,-77.17,-1.61,-0.05,2.02,nan,1.94,47.70,48.22,2.304,nan,nan
11.21,-77.33,-1.37,-0.05,2.02,nan,1.94,47.70,48.22,2.304,nan,nan
11.22,-77.33,-1.37,-0.01,2.07,nan,1.95,47.70,48.26,2.359,nan,nan
11.23,-77.83,-1.01,-0.01,2.07,nan,1.95,47.70,48.26,2.359,nan,nan
11.24,-77.83,-1.01,-0.00,1.93,nan,1.95,47.70,48.24,2.201,nan,nan
11.25,-77.83,-1.39,-0.00,1.93,nan,1.95,47.70,48.24,2.201,nan,nan
11.26,-77.83,-1.39,0.01,2.03,nan,1.95,47.70,48.22,2.314,nan,nan
11.27,-78.17,-0.58,0.01,2.03,nan,1.95,47.70,48.22,2.314,nan,nan
11.28,-78.17,-0.58,0.01,1.93,nan,1.96,47.70,48.24,2.201,nan,nan
11.29,-78.17,-0.91,0.01,1.99,nan,1.96,47.70,48.22,2.211,nan,nan
11.30,-78.33,-1.80,0.01,1.99,nan,1.96,47.70,48.22,2.211,nan,nan
11.31,-78.33,-1.80,-0.02,2.00,nan,1.96,47.70,48.22,2.284,nan,nan
11.32,-78.17,-1.49,-0.02,2.00,nan,1.97,47.70,48.22,2.284,nan,nan
11.33,-78.67,-0.86,0.00,2.04,nan,1.97,47.70,48.21,2.331,nan,nan
11.34,-78.67,-0.86,-0.00,2.01,nan,1.97,47.70,48.21,2.294,nan,nan
11.35,-78.67,-0.86,-0.00,2.01,nan,1.97,47.70,48.21,2.294,nan,nan
11.36,-78.50,-1.27,-0.03,1.94,nan,1.97,47.70,48.19,2.211,nan,nan
11.37,-78.67,-1.20,-0.03,1.94,nan,1.98,47.70,48.19,2.211,nan,nan
11.38,-79.00,-0.55,0.04,2.07,nan,1.98,47.70,48.21,2.362,nan,nan
11.39,-79.00,-0.55,-0.01,1.99,nan,1.98,47.70,48.22,2.276,nan,nan
11.40,-78.67,-1.56,-0.01,1.99,nan,1.98,47.70,48.22,2.276,nan,nan
11.41,-78.67,-1.56,-0.10,1.91,nan,1.98,47.70,48.21,2.182,nan,nan
11.42,-79.00,-1.51,0.02,1.96,nan,1.98,47.70,48.21,2.238,nan,nan
11.43,-79.17,-1.13,0.02,1.96,nan,1.98,47.70,48.21,2.238,nan,nan
11.44,-79.17,-1.13,-0.02,2.07,nan,1.99,47.70,48.22,2.359,nan,nan
11.45,-79.33,-1.34,-0.02,2.07,nan,1.99,47.70,48.22,2.359,nan,nan
11.46,-79.33,-1.34,-0.06,1.95,nan,1.99,47.70,48.24,2.229,nan,nan
11.47,-79.50,-0.94,-0.04,1.97,nan,1.99,47.70,48.21,2.248,nan,nan
11.48,-79.50,-1.22,-0.04,1.97,nan,1.99,47.70,48.21,2.248,nan,nan
11.49,-79.50,-1.22,0.01,1.96,nan,2.00,47.60,48.21,2.238,nan,nan
11.50,-79.83,-0.98,0.01,1.96,nan,2.00,47.60,48.21,2.238,nan,nan
11.51,-79.83,-0.98,0.02,2.02,nan,2.00,47.60,48.22,2.304,nan,nan
11.52,-79.67,-1.51,0.02,2.02,nan,2.00,47.60,48.22,2.304,nan,nan
11.53,-80.00,-1.68,0.02,2.04,nan,2.00,47.60,48.24,2.331,nan,nan
11.54,-80.00,-1.68,0.02,1.99,nan,2.00,47.60,48.22,2.266,nan,nan
11.55,-79.67,-2.09,0.02,1.99,nan,2.00,47.60,48.22,2.266,nan,nan
11.56,-79.67,-2.09,0.01,2.02,nan,2.00,47.60,48.22,2.304,nan,nan
11.57,-79.83,-1.22,0.01,2.02,nan,2.00,47.60,48.22,2.304,nan,nan
11.58,-80.33,-1.25,0.01,2.07,nan,2.00,47.60,48.22,2.359,nan,nan
11.59,-80.33,-1.25,-0.01,1.96,nan,2.00,47.60,48.24,2.238,nan,nan
11.60,-79.67,-1.42,-0.01,1.96,nan,2.00,47.70,48.24,2.238,nan,nan
11.61,-79.67,-1.42,0.05,2.00,nan,2.00,47.70,48.21,2.284,nan,nan
11.62,-80.00,-1.34,0.05,2.00,nan,2.00,47.70,48.21,2.284,nan,nan
11.63,-80.00,-1.34,-0.02,2.11,nan,2.00,47.70,48.21,2.406,nan,nan
11.64,-79.83,-1.51,-0.02,2.11,nan,2.00,47.70,48.21,2.406,nan,nan
11.65,-79.83,-1.51,-0.04,2.00,nan,2.00,47.70,48.24,2.312,nan,nan
11.66,-79.83,-1.42,-0.04,2.00,nan,2.00,47.70,48.24,2.312,nan,nan
11.67,-79.83,-1.42,-0.04,2.06,nan,2.00,47.70,48.21,2.350,nan,nan
11.68,-79.67,-1.99,-0.04,2.06,nan,2.00,47.70,48.21,2.350,nan,nan
11.69,-79.67,-1.99,-0.02,1.92,nan,2.00,47.70,48.22,2.192,nan,nan
11.70,-80.17,-0.82,-0.02,1.92,nan,2.00,47.70,48.22,2.192,nan,nan
11.71,-80.17,-0.82,0.01,2.04,nan,2.00,47.70,48.26,2.331,nan,nan
11.72,-79.83,-1.90,0.01,2.04,nan,2.00,47.70,48.26,2.331,nan,nan
11.73,-79.83,-1.90,-0.06,1.99,nan,2.00,47.70,48.22,2.266,nan,nan
11.74,-80.17,-0.96,-0.06,1.99,nan,2.00,47.70,48.22,2.266,nan,nan
11.75,-80.17,-0.96,-0.01,1.98,nan,2.00,47.70,48.22,2.257,nan,nan
11.76,-79.83,-1.15,-0.01,1.98,nan,2.00,47.70,48.22,2.257,nan,nan
11.77,-79.83,-1.08,0.03,1.92,nan,2.00,47.70,48.22,2.191,nan,nan
11.78,-79.83,-1.08,0.01,1.99,nan,2.00,47.70,48.21,2.266,nan,nan
11.79,-80.00,-1.34,0.01,1.99,nan,2.00,47.70,48.21,2.266,nan,nan
11.80,-80.00,-1.34,-0.03,1.95,nan,2.00,47.70,48.24,2.229,nan,nan
11.81,-80.00,-1.63,-0.03,1.95,nan,2.00,47.60,48.24,2.229,nan,nan
11.82,-79.67,-1.66,-0.05,1.94,nan,2.00,47.60,48.22,2.219,nan,nan
11.83,-79.67,-1.66,0.01,2.14,nan,2.00,47.60,48.22,2.444,nan,nan
11.84,-80.00,-0.50,0.01,2.14,nan,2.00,47.60,48.22,2.444,nan,nan
11.85,-80.00,-0.50,-0.05,2.01,nan,2.00,47.60,48.22,2.294,nan,nan
11.86,-79.67,-1.51,-0.05,2.01,nan,2.00,47.60,48.22,2.294,nan,nan
11.87,-79.67,-1.51,-0.05,2.03,nan,2.00,47.60,48.21,2.313,nan,nan
11.88,-79.83,-1.20,-0.05,2.03,nan,2.00,47.60,48.21,2.313,nan,nan
11.89,-79.83,-1.03,-0.02,2.04,nan,2.00,47.60,48.24,2.331,nan,nan
11.90,-79.83,-1.03,0.01,2.06,nan,2.00,47.60,48.22,2.349,nan,nan
11.91,-80.00,-1.37,0.01,2.06,nan,2.00,47.70,48.22,2.349,nan,nan
11.92,-80.00,-1.37,0.00,2.02,nan,2.00,47.70,48.21,2.304,nan,nan
11.93,-79.83,-1.32,0.03,2.02,nan,2.00,47.70,48.22,2.304,nan,nan
11.94,-79.83,-0.79,0.03,2.02,nan,2.00,47.70,48.22,2.304,nan,nan
11.95,-79.83,-0.79,0.02,2.04,nan,2.00,47.70,48.22,2.323,nan,nan
11.96,-80.00,-1.37,0.02,2.04,nan,2.00,47.70,48.22,2.323,nan,nan
11.97,-80.00,-1.37,0.05,2.06,nan,2.00,47.70,48.24,2.351,nan,nan
11.98,-79.67,-1.66,-0.05,1.93,nan,2.00,47.70,48.24,2.201,nan,nan
11.99,-80.17,-0.84,-0.05,1.93,nan,2.00,47.70,48.24,2.201,nan,nan
12.00,-80.17,-0.84,0.03,1.91,nan,2.00,47.70,48.22,2.181,nan,nan
12.01,-79.83,-1.13,0.03,1.91,nan,2.00,47.70,48.22,2.181,nan,nan
12.02,-79.83,-1.13,-0.00,1.99,nan,2.00,47.60,48.22,2.266,nan,nan
12.03,-80.00,-0.62,-0.00,1.99,nan,2.00,47.60,48.22,2.266,nan,nan
12.04,-80.33,-0.86,0.02,2.01,nan,2.00,47.60,48.21,2.294,nan,nan
12.05,-80.33,-0.86,0.04,2.08,nan,2.00,47.60,48.24,2.396,nan,nan
12.06,-80.00,-1.08,0.04,2.08,nan,2.00,47.60,48.24,2.396,nan,nan
12.07,-80.00,-1.08,-0.03,2.04,nan,2.00,47.60,48.22,2.331,nan,nan
12.08,-80.00,-1.73,-0.03,2.04,nan,2.00,47.60,48.22,2.331,nan,nan
12.09,-80.00,-1.73,-0.06,2.10,nan,2.00,47.60,48.22,2.397,nan,nan
12.10,-79.83,-1.25,-0.04,2.04,nan,2.00,47.60,48.22,2.331,nan,nan
12.11,-80.00,-1.90,-0.04,2.04,nan,2.00,47.60,48.22,2.331,nan,nan
12.12,-80.00,-1.90,-0.02,1.99,nan,2.00,47.70,48.21,2.266,nan,nan
12.13,-79.67,-1.32,-0.02,1.99,nan,2.00,47.70,48.21,2.266,nan,nan
12.14,-79.67,-1.32,0.04,2.01,nan,2.00,47.70,48.24,2.294,nan,nan
12.15,-80.00,-0.89,0.01,2.00,nan,2.00,47.70,48.22,2.285,nan,nan
12.16,-79.83,-1.37,0.01,2.00,nan,2.00,47.70,48.22,2.285,nan,nan
12.17,-79.83,-1.37,-0.02,2.01,nan,2.00,47.70,48.22,2.294,nan,nan
12.18,-80.00,-1.22,-0.02,2.01,nan,2.00,47.70,48.22,2.294,nan,nan
12.19,-80.00,-1.22,-0.04,1.92,nan,2.00,47.70,48.19,2.192,nan,nan
12.20,-80.33,-1.06,-0.04,1.92,nan,2.00,47.70,48.19,2.192,nan,nan
12.21,-80.00,-1.01,0.01,1.99,nan,2.00,47.70,48.24,2.266,nan,nan
12.22,-80.00,-1.01,0.01,1.99,nan,2.00,47.80,48.24,2.266,nan,nan
12.23,-80.00,-0.67,0.00,1.99,nan,2.00,47.80,48.24,2.266,nan,nan
12.24,-80.00,-0.67,-0.02,2.01,nan,2.00,47.80,48.24,2.294,nan,nan
12.25,-79.83,-1.61,-0.02,2.01,nan,2.00,47.80,48.24,2.294,nan,nan
12.26,-79.83,-1.61,-0.01,2.03,nan,2.00,47.80,48.22,2.323,nan,nan
12.27,-80.00,-1.54,-0.01,2.03,nan,2.00,47.80,48.22,2.323,nan,nan
12.28,-80.00,-1.54,0.00,2.02,nan,2.00,47.80,48.22,2.303,nan,nan
12.29,-79.83,-0.79,0.00,2.02,nan,2.00,47.80,48.22,2.303,nan,nan
12.30,-80.00,-1.68,-0.00,2.08,nan,2.00,47.80,48.24,2.434,nan,nan
12.31,-80.00,-1.68,0.01,1.91,nan,2.00,47.80,48.22,2.182,nan,nan
12.32,-79.67,-0.96,0.01,1.91,nan,2.00,47.80,48.22,2.182,nan,nan
12.33,-79.67,-0.96,-0.05,1.87,nan,2.00,47.60,48.22,2.136,nan,nan
12.34,-80.00,-1.73,-0.05,1.87,nan,2.00,47.60,48.22,2.136,nan,nan
12.35,-80.00,-1.73,0.01,2.17,nan,2.00,47.60,48.22,2.471,nan,nan
12.36,-79.67,-1.80,0.01,2.17,nan,2.00,47.60,48.22,2.471,nan,nan
12.37,-79.67,-1.80,0.04,2.05,nan,2.00,47.60,48.22,2.341,nan,nan
12.38,-80.33,-0.84,0.04,2.05,nan,2.00,47.60,48.22,2.341,nan,nan
12.39,-79.83,-1.20,0.02,1.98,nan,2.00,47.60,48.22,2.257,nan,nan
12.40,-79.83,-1.20,0.05,2.04,nan,2.00,47.60,48.22,2.331,nan,nan
12.41,-79.83,-0.70,0.05,2.04,nan,2.00,47.60,48.22,2.331,nan,nan
12.42,-79.83,-0.70,0.07,1.94,nan,2.00,47.60,48.22,2.211,nan,nan
12.43,-79.83,-0.77,0.07,1.94,nan,2.00,47.60,48.22,2.211,nan,nan
12.44,-79.83,-0.77,-0.01,1.99,nan,2.00,47.80,48.21,2.275,nan,nan
12.45,-79.83,-1.90,-0.05,1.95,nan,2.00,47.80,48.22,2.229,nan,nan
12.46,-79.83,-1.27,-0.05,1.95,nan,2.00,47.80,48.22,2.229,nan,nan
12.47,-79.83,-1.27,0.00,2.04,nan,2.00,47.80,48.24,2.331,nan,nan
12.48,-80.00,-0.91,0.00,2.04,nan,2.00,47.80,48.24,2.331,nan,nan
12.49,-80.00,-0.98,-0.04,1.94,nan,2.00,47.80,48.24,2.210,nan,nan
12.50,-80.00,-0.98,0.04,1.88,nan,2.00,47.80,48.22,2.145,nan,nan
12.51,-79.83,-1.30,0.04,1.88,nan,2.00,47.80,48.22,2.145,nan,nan
12.52,-79.83,-1.30,0.03,1.95,nan,2.00,47.80,48.24,2.229,nan,nan
12.53,-80.00,-1.39,0.03,1.95,nan,2.00,47.80,48.24,2.229,nan,nan
12.54,-80.00,-1.39,0.05,2.08,nan,2.00,47.80,48.24,2.378,nan,nan
12.55,-79.67,-1.58,0.01,1.98,nan,2.00,47.70,48.24,2.257,nan,nan
12.56,-79.83,-1.10,0.01,1.98,nan,2.00,47.70,48.24,2.257,nan,nan
12.57,-79.83,-1.10,0.04,2.04,nan,2.00,47.70,48.21,2.331,nan,nan
12.58,-80.33,-0.50,0.04,2.04,nan,2.00,47.70,48.21,2.331,nan,nan
12.59,-80.33,-0.50,0.02,1.99,nan,2.00,47.70,48.21,2.266,nan,nan
12.60,-80.00,-0.74,0.03,2.03,nan,2.00,47.70,48.22,2.322,nan,nan
12.61,-80.00,-1.27,0.03,2.03,nan,2.00,47.70,48.22,2.322,nan,nan
12.62,-80.00,-1.27,-0.00,1.93,nan,2.00,47.70,48.24,2.201,nan,nan
12.63,-80.00,-1.44,-0.00,1.93,nan,2.00,47.70,48.24,2.201,nan,nan
12.64,-80.00,-1.44,-0.04,1.93,nan,2.00,47.70,48.24,2.201,nan,nan
12.65,-80.17,-1.03,0.04,2.08,nan,2.00,47.70,48.22,2.378,nan,nan
12.66,-79.67,-2.11,0.04,2.08,nan,2.00,47.60,48.22,2.378,nan,nan
12.67,-79.67,-2.11,-0.05,1.97,nan,2.00,47.60,48.21,2.247,nan,nan
12.68,-79.83,-1.44,-0.05,1.97,nan,2.00,47.60,48.21,2.247,nan,nan
12.69,-79.83,-1.44,-0.02,2.07,nan,2.00,47.60,48.21,2.359,nan,nan
12.70,-80.00,-1.06,0.03,2.05,nan,2.00,47.60,48.22,2.341,nan,nan
12.71,-79.83,-1.90,0.03,2.05,nan,2.00,47.60,48.22,2.341,nan,nan
12.72,-79.83,-1.90,0.03,1.94,nan,2.00,47.60,48.24,2.210,nan,nan
12.73,-80.00,-0.82,0.03,1.94,nan,2.00,47.60,48.24,2.210,nan,nan
12.74,-80.00,-0.82,0.03,1.98,nan,2.00,47.60,48.24,2.257,nan,nan
12.75,-79.67,-1.66,0.03,1.98,nan,2.00,47.60,48.24,2.257,nan,nan
12.76,-80.17,-1.22,0.02,1.95,nan,2.00,47.60,48.22,2.229,nan,nan
12.77,-80.17,-1.22,-0.05,1.93,nan,2.00,47.60,48.24,2.201,nan,nan
12.78,-79.83,-1.25,-0.05,1.93,nan,2.00,47.60,48.24,2.201,nan,nan
12.79,-79.83,-1.25,0.07,1.96,nan,2.00,47.60,48.22,2.238,nan,nan
12.80,-80.00,-1.37,0.07,1.96,nan,2.00,47.60,48.22,2.238,nan,nan
12.81,-79.83,-1.78,-0.02,2.04,nan,2.00,47.60,48.22,2.331,nan,nan
12.82,-79.83,-1.78,0.01,2.04,nan,2.00,47.60,48.24,2.331,nan,nan
12.83,-79.67,-1.39,0.01,2.04,nan,2.00,47.60,48.24,2.331,nan,nan
12.84,-79.67,-1.39,0.00,1.96,nan,2.00,47.60,48.24,2.238,nan,nan
12.85,-80.00,-0.24,0.00,1.96,nan,2.00,47.60,48.24,2.238,nan,nan
12.86,-80.00,-0.24,-0.03,1.94,nan,2.00,47.60,48.22,2.220,nan,nan
12.87,-79.83,-1.56,-0.03,1.94,nan,2.00,47.60,48.22,2.220,nan,nan
12.88,-80.33,-0.43,0.06,2.13,nan,2.00,47.60,48.22,2.314,nan,nan
12.89,-80.33,-0.43,0.03,1.93,nan,2.00,47.60,48.22,2.201,nan,nan
12.90,-80.00,-0.84,0.03,1.93,nan,2.00,47.60,48.22,2.201,nan,nan
12.91,-80.00,-0.84,-0.01,1.89,nan,2.00,47.60,48.22,2.154,nan,nan
12.92,-80.00,-1.06,-0.01,1.89,nan,2.00,47.60,48.22,2.154,nan,nan
12.93,-80.00,-1.06,0.03,1.94,nan,2.00,47.60,48.21,2.210,nan,nan
12.94,-79.83,-0.72,0.02,1.97,nan,2.00,47.60,48.22,2.248,nan,nan
12.95,-79.83,-1.27,0.02,1.97,nan,2.00,47.60,48.22,2.248,nan,nan
12.96,-79.83,-1.27,0.04,2.04,nan,2.00,47.60,48.22,2.331,nan,nan
12.97,-79.67,-1.25,0.04,2.04,nan,2.00,47.70,48.22,2.331,nan,nan
12.98,-79.67,-1.25,0.03,1.99,nan,2.00,47.70,48.24,2.276,nan,nan
12.99,-80.00,-1.08,0.03,1.99,nan,2.00,47.70,48.24,2.276,nan,nan
13.00,-79.67,-1.85,0.05,2.01,nan,2.00,47.70,48.19,2.294,nan,nan
13.01,-79.67,-1.85,-0.01,1.96,nan,2.00,47.70,48.21,2.145,nan,nan
13.02,-79.83,-1.66,-0.01,1.96,nan,2.00,47.70,48.21,2.145,nan,nan
13.03,-79.83,-1.66,0.01,2.01,nan,2.00,47.70,48.22,2.294,nan,nan
13.04,-80.17,-1.06,0.01,2.01,nan,2.00,47.70,48.22,2.294,nan,nan
13.05,-79.83,-1.30,0.03,1.99,nan,2.00,47.70,48.19,2.266,nan,nan
13.06,-79.83,-1.30,-0.00,1.97,nan,2.00,47.70,48.22,2.248,nan,nan
13.07,-80.00,-1.27,-0.00,1.97,nan,2.00,47.60,48.22,2.248,nan,nan
13.08,-80.00,-1.27,0.03,1.93,nan,2.00,47.60,48.21,2.201,nan,nan
13.09,-80.00,-1.58,0.03,1.93,nan,2.00,47.60,48.21,2.201,nan,nan
13.10,-80.00,-1.58,0.03,1.98,nan,2.00,47.60,48.24,2.256,nan,nan
13.11,-80.00,-0.74,0.03,1.98,nan,2.00,47.60,48.24,2.256,nan,nan
13.12,-79.67,-1.32,-0.00,2.06,nan,2.00,47.60,48.21,2.350,nan,nan
13.13,-79.67,-1.32,-0.01,2.13,nan,2.00,47.60,48.22,2.434,nan,nan
13.14,-80.00,-1.70,-0.01,2.13,nan,2.00,47.60,48.22,2.434,nan,nan
13.15,-80.00,-1.70,-0.02,2.02,nan,2.00,47.60,48.22,2.303,nan,nan
13.16,-79.83,-1.85,-0.02,2.02,nan,2.00,47.60,48.22,2.303,nan,nan
13.17,-79.83,-1.85,0.04,1.94,nan,2.00,47.60,48.19,2.211,nan,nan
13.18,-79.83,-1.63,-0.03,1.96,nan,2.00,47.60,48.22,2.238,nan,nan
13.19,-80.17,-0.91,-0.03,1.96,nan,2.00,47.60,48.22,2.238,nan,nan
13.20,-80.17,-0.91,0.03,1.94,nan,2.00,47.60,48.22,2.219,nan,nan
13.21,-79.83,-1.27,0.03,1.94,nan,2.00,47.60,48.22,2.219,nan,nan
13.22,-80.00,-1.42,0.07,1.90,nan,2.00,47.60,48.22,2.173,nan,nan
13.23,-80.00,-1.42,-0.03,1.93,nan,2.00,47.60,48.21,2.201,nan,nan
13.24,-80.00,-1.22,-0.03,1.93,nan,2.00,47.60,48.21,2.201,nan,nan
13.25,-80.00,-1.22,-0.00,1.99,nan,2.00,47.60,48.24,2.266,nan,nan
13.26,-80.17,-0.98,-0.00,1.99,nan,2.00,47.60,48.24,2.266,nan,nan
13.27,-80.17,-0.98,0.03,2.03,nan,2.00,47.60,48.19,2.322,nan,nan
13.28,-79.83,-1.66,0.02,2.01,nan,2.00,47.70,48.21,2.294,nan,nan
13.29,-80.17,-1.46,0.02,2.01,nan,2.00,47.70,48.21,2.294,nan,nan
13.30,-80.17,-1.46,0.01,2.04,nan,2.00,47.70,48.22,2.331,nan,nan
13.31,-79.83,-1.63,0.01,2.04,nan,2.00,47.70,48.22,2.331,nan,nan
13.32,-79.83,-1.63,0.04,1.93,nan,2.00,47.70,48.22,2.201,nan,nan
13.33,-79.67,-1.63,0.04,1.93,nan,2.00,47.70,48.22,2.201,nan,nan
13.34,-80.17,-1.22,-0.00,2.16,nan,2.00,47.70,48.21,2.471,nan,nan
13.35,-80.17,-1.22,-0.00,2.16,nan,2.00,47.70,48.21,2.471,nan,nan
13.36,-80.17,-1.25,-0.03,2.08,nan,2.00,47.70,48.22,2.378,nan,nan
13.37,-80.17,-1.25,0.01,1.95,nan,2.00,47.70,48.21,2.229,nan,nan
13.38,-80.17,-1.39,0.01,1.95,nan,2.00,47.60,48.21,2.229,nan,nan
13.39,-80.17,-1.39,0.04,1.93,nan,2.00,47.60,48.21,2.201,nan,nan
13.40,-79.67,-2.35,0.04,1.93,nan,2.00,47.60,48.21,2.201,nan,nan
13.41,-80.00,-1.03,0.03,1.99,nan,2.00,47.60,48.22,2.266,nan,nan
13.42,-80.00,-1.03,-0.01,2.03,nan,2.00,47.60,48.21,2.313,nan,nan
13.43,-79.67,-1.54,-0.01,2.03,nan,2.00,47.60,48.21,2.313,nan,nan
13.44,-79.67,-1.54,0.08,2.00,nan,2.00,47.60,48.24,2.286,nan,nan
13.45,-80.17,-0.36,0.08,2.00,nan,2.00,47.60,48.24,2.286,nan,nan
13.46,-80.17,-0.36,0.10,2.03,nan,2.00,47.60,48.22,2.321,nan,nan
13.47,-79.67,-1.06,0.10,2.03,nan,2.00,47.60,48.22,2.321,nan,nan
13.48,-80.00,-1.22,0.01,1.90,nan,2.00,47.60,48.21,2.173,nan,nan
13.49,-80.00,-1.22,0.03,2.11,nan,2.00,47.80,48.22,2.406,nan,nan
13.50,-79.67,-2.04,0.03,2.11,nan,2.00,47.80,48.22,2.406,nan,nan
13.51,-79.67,-2.04,0.06,1.99,nan,2.00,47.80,48.24,2.276,nan,nan
13.52,-79.67,-1.46,0.06,1.99,nan,2.00,47.80,48.24,2.276,nan,nan
13.53,-79.67,-1.46,-0.02,2.10,nan,2.00,47.80,48.21,2.397,nan,nan
13.54,-80.00,-0.62,-0.02,2.10,nan,2.00,47.80,48.21,2.397,nan,nan
13.55,-80.00,-0.62,0.01,2.01,nan,2.00,47.80,48.22,2.294,nan,nan
13.56,-80.00,-1.13,0.00,2.02,nan,2.00,47.80,48.22,2.304,nan,nan
13.57,-79.83,-0.62,0.00,2.02,nan,2.00,47.80,48.22,2.304,nan,nan
13.58,-79.83,-0.62,0.00,2.03,nan,2.00,47.80,48.24,2.322,nan,nan
13.59,-79.83,-1.08,0.00,2.03,nan,2.00,47.80,48.24,2.322,nan,nan
13.60,-80.00,-1.80,0.01,1.99,nan,2.00,47.60,48.24,2.294,nan,nan
13.61,-80.00,-1.80,0.02,2.08,nan,2.00,47.60,48.24,2.379,nan,nan
13.62,-79.83,-1.15,0.02,2.08,nan,2.00,47.60,48.24,2.379,nan,nan
13.63,-79.83,-1.15,-0.00,1.90,nan,2.00,47.60,48.22,2.173,nan,nan
13.64,-80.00,-1.03,-0.00,1.90,nan,2.00,47.60,48.22,2.173,nan,nan
13.65,-80.00,-1.03,0.01,2.04,nan,2.00,47.60,48.22,2.331,nan,nan
13.66,-79.83,-1.18,-0.03,1.96,nan,2.00,47.60,48.24,2.238,nan,nan
13.67,-79.83,-1.37,-0.03,1.96,nan,2.00,47.60,48.24,2.238,nan,nan
13.68,-79.83,-1.37,-0.02,2.06,nan,2.00,47.60,48.19,2.350,nan,nan
13.69,-79.83,-0.84,-0.02,2.06,nan,2.00,47.60,48.19,2.350,nan,nan
13.70,-79.83,-0.84,-0.01,2.05,nan,2.00,47.60,48.22,2.341,nan,nan
13.71,-79.83,-1.68,-0.01,2.05,nan,2.00,47.60,48.22,2.341,nan,nan
13.72,-79.83,-1.20,-0.01,1.96,nan,2.00,47.60,48.22,2.238,nan,nan
13.73,-79.83,-1.20,-0.02,2.14,nan,2.00,47.60,48.19,2.444,nan,nan
13.74,-79.67,-1.92,-0.02,2.14,nan,2.00,47.60,48.19,2.444,nan,nan
13.75,-79.67,-1.92,-0.02,1.96,nan,2.00,47.60,48.21,2.238,nan,nan
13.76,-80.00,-0.89,-0.02,1.96,nan,2.00,47.60,48.21,2.238,nan,nan
13.77,-80.00,-0.89,-0.02,2.04,nan,2.00,47.60,48.24,2.331,nan,nan
13.78,-79.83,-2.14,0.02,2.08,nan,2.00,47.60,48.24,2.369,nan,nan
13.79,-80.00,-1.01,0.02,2.08,nan,2.00,47.60,48.24,2.369,nan,nan
13.80,-80.00,-1.01,-0.06,1.90,nan,2.00,47.60,48.24,2.164,nan,nan
13.81,-79.67,-2.06,-0.06,1.90,nan,2.00,47.60,48.24,2.164,nan,nan
13.82,-79.67,-2.06,-0.04,2.11,nan,2.00,47.70,48.22,2.406,nan,nan
13.83,-79.83,-1.44,-0.04,2.11,nan,2.00,47.70,48.22,2.406,nan,nan
13.84,-80.00,-0.36,0.02,1.94,nan,2.00,47.70,48.21,2.210,nan,nan
13.85,-80.00,-0.36,-0.03,2.00,nan,2.00,47.70,48.21,2.285,nan,nan
13.86,-79.83,-1.08,-0.03,2.00,nan,2.00,47.70,48.21,2.285,nan,nan
13.87,-79.83,-1.08,-0.02,2.03,nan,2.00,47.70,48.24,2.312,nan,nan
13.88,-80.17,-0.84,-0.02,2.03,nan,2.00,47.70,48.24,2.312,nan,nan
13.89,-80.00,-1.46,0.00,2.11,nan,2.00,47.70,48.24,2.406,nan,nan
13.90,-80.00,-1.46,-0.01,1.98,nan,2.00,47.70,48.24,2.257,nan,nan
13.91,-80.00,-0.96,-0.01,1.98,nan,2.00,47.70,48.24,2.257,nan,nan
13.92,-80.00,-0.96,-0.00,2.05,nan,2.00,47.70,48.22,2.341,nan,nan
13.93,-79.83,-2.30,-0.00,2.05,nan,2.00,47.80,48.22,2.341,nan,nan
13.94,-80.00,-1.01,0.03,2.11,nan,2.00,47.80,48.19,2.406,nan,nan
13.95,-80.00,-1.01,0.04,1.99,nan,2.00,47.80,48.19,2.266,nan,nan
13.96,-79.83,-1.20,0.04,1.99,nan,2.00,47.80,48.19,2.266,nan,nan
13.97,-79.83,-1.20,-0.03,2.07,nan,2.00,47.80,48.22,2.359,nan,nan
13.98,-79.83,-1.30,-0.03,2.07,nan,2.00,47.80,48.22,2.359,nan,nan
13.99,-79.83,-1.30,-0.01,2.01,nan,2.00,47.80,48.21,2.294,nan,nan
14.00,-80.00,-0.86,0.05,2.01,nan,2.00,47.80,48.21,2.294,nan,nan
14.01,-80.00,-1.49,0.05,2.01,nan,2.00,47.80,48.21,2.294,nan,nan
14.02,-80.00,-1.49,0.05,2.03,nan,2.00,47.80,48.22,2.313,nan,nan
14.03,-79.83,-1.66,0.05,2.03,nan,2.00,47.80,48.22,2.313,nan,nan
14.04,-79.83,-1.66,0.08,1.99,nan,2.00,47.70,48.22,2.266,nan,nan
14.05,-79.83,-1.42,0.08,1.99,nan,2.00,47.70,48.22,2.266,nan,nan
14.06,-80.17,-0.94,0.01,1.99,nan,2.00,47.70,48.21,2.266,nan,nan
14.07,-80.17,-0.94,-0.02,1.95,nan,2.00,47.70,48.22,2.229,nan,nan
14.08,-79.83,-2.06,-0.02,1.95,nan,2.00,47.70,48.22,2.229,nan,nan
14.09,-79.83,-2.06,-0.04,2.01,nan,2.00,47.70,48.21,2.294,nan,nan
14.10,-80.33,-1.06,-0.04,2.01,nan,2.00,47.70,48.21,2.294,nan,nan
14.11,-79.83,-1.18,-0.02,2.00,nan,2.00,47.70,48.22,2.285,nan,nan
14.12,-79.83,-1.18,-0.02,2.00,nan,2.00,47.70,48.22,2.285,nan,nan
14.13,-79.83,-1.63,-0.02,1.95,nan,2.00,47.70,48.24,2.229,nan,nan
14.14,-79.83,-1.63,0.07,2.02,nan,2.00,47.70,48.22,2.304,nan,nan
14.15,-79.83,-1.44,0.07,2.02,nan,2.00,47.70,48.22,2.304,nan,nan
14.16,-79.83,-1.44,0.04,2.11,nan,2.00,47.70,48.21,2.406,nan,nan
14.17,-79.83,-1.44,0.04,2.11,nan,2.00,47.70,48.21,2.406,nan,nan
14.18,-80.00,-1.08,0.02,1.88,nan,2.00,47.70,48.22,2.145,nan,nan
14.19,-80.00,-1.08,-0.02,1.92,nan,2.00,47.70,48.24,2.192,nan,nan
14.20,-79.83,-1.58,-0.02,1.92,nan,2.00,47.70,48.24,2.192,nan,nan
14.21,-79.83,-1.58,0.03,2.03,nan,2.00,47.70,48.24,2.322,nan,nan
14.22,-80.17,-0.96,0.03,2.03,nan,2.00,47.70,48.24,2.322,nan,nan
14.23,-80.00,-1.27,0.03,1.97,nan,2.00,47.70,48.22,2.248,nan,nan
14.24,-80.00,-1.27,-0.01,1.94,nan,2.00,47.60,48.24,2.285,nan,nan
14.25,-80.00,-0.94,-0.01,1.94,nan,2.00,47.60,48.24,2.285,nan,nan
14.26,-80.00,-0.94,0.00,2.12,nan,2.00,47.60,48.24,2.425,nan,nan
14.27,-79.67,-1.68,0.00,2.12,nan,2.00,47.60,48.24,2.425,nan,nan
14.28,-79.83,-1.27,-0.01,2.12,nan,2.00,47.60,48.22,2.415,nan,nan
14.29,-79.83,-1.27,0.03,2.04,nan,2.00,47.60,48.21,2.331,nan,nan
14.30,-79.83,-1.03,0.03,2.04,nan,2.00,47.60,48.21,2.331,nan,nan
14.31,-79.83,-1.03,0.05,2.04,nan,2.00,47.60,48.22,2.331,nan,nan
14.32,-80.00,-1.10,0.05,2.04,nan,2.00,47.60,48.22,2.331,nan,nan
14.33,-80.00,-1.10,-0.03,1.93,nan,2.00,47.60,48.24,2.201,nan,nan
14.34,-80.17,-0.79,-0.03,1.93,nan,2.00,47.60,48.24,2.201,nan,nan
14.35,-79.83,-1.54,0.02,1.90,nan,2.00,47.60,48.21,2.238,nan,nan
14.36,-79.83,-1.54,0.05,1.96,nan,2.00,47.60,48.21,2.238,nan,nan
14.37,-80.17,-0.60,0.05,1.96,nan,2.00,47.60,48.21,2.238,nan,nan
14.38,-80.17,-0.60,0.06,1.94,nan,2.00,47.60,48.22,2.211,nan,nan
14.39,-80.00,-1.22,0.06,1.94,nan,2.00,47.60,48.22,2.211,nan,nan
14.40,-80.00,-1.22,0.01,1.99,nan,2.00,47.60,48.21,2.275,nan,nan
14.41,-80.00,-1.08,-0.01,1.98,nan,2.00,47.60,48.22,2.257,nan,nan
14.42,-79.83,-1.70,-0.01,1.98,nan,2.00,47.60,48.22,2.257,nan,nan
14.43,-79.83,-1.70,0.06,1.85,nan,2.00,47.60,48.22,2.108,nan,nan
14.44,-80.00,-0.77,0.06,1.85,nan,2.00,47.60,48.22,2.108,nan,nan
14.45,-80.00,-0.77,0.03,1.95,nan,2.00,47.60,48.21,2.229,nan,nan
14.46,-79.83,-1.70,0.03,1.95,nan,2.00,47.70,48.21,2.229,nan,nan
14.47,-80.00,-0.98,0.03,2.01,nan,2.00,47.70,48.22,2.294,nan,nan
14.48,-80.00,-0.98,0.03,2.04,nan,2.00,47.70,48.24,2.331,nan,nan
14.49,-80.17,-1.44,0.03,2.04,nan,2.00,47.70,48.24,2.331,nan,nan
14.50,-80.17,-1.44,-0.05,1.99,nan,2.00,47.70,48.22,2.266,nan,nan
14.51,-79.83,-0.94,-0.05,1.99,nan,2.00,47.70,48.22,2.266,nan,nan
14.52,-80.00,-0.74,-0.02,1.98,nan,2.00,47.70,48.24,2.257,nan,nan
14.53,-80.00,-0.74,0.00,2.07,nan,2.00,47.70,48.22,2.359,nan,nan
14.54,-79.83,-1.22,0.00,2.07,nan,2.00,47.70,48.22,2.359,nan,nan
14.55,-79.83,-1.22,0.01,1.99,nan,2.00,47.70,48.21,2.266,nan,nan
14.56,-79.83,-1.70,0.01,1.99,nan,2.00,47.70,48.21,2.266,nan,nan
14.57,-79.67,-1.63,-0.01,2.05,nan,2.00,47.60,48.24,2.341,nan,nan
14.58,-79.67,-1.63,0.04,2.08,nan,2.00,47.60,48.21,2.369,nan,nan
14.59,-79.83,-1.51,0.04,2.08,nan,2.00,47.60,48.21,2.369,nan,nan
14.60,-79.83,-1.51,0.03,1.99,nan,2.00,47.60,48.21,2.276,nan,nan
14.61,-80.00,-0.86,0.03,1.99,nan,2.00,47.60,48.21,2.276,nan,nan
14.62,-80.00,-0.86,0.04,2.01,nan,2.00,47.60,48.21,2.294,nan,nan
14.63,-79.83,-1.03,0.04,2.01,nan,2.00,47.60,48.21,2.294,nan,nan
14.64,-80.00,-1.25,0.02,1.93,nan,2.00,47.60,48.21,2.201,nan,nan
14.65,-80.00,-1.25,-0.03,1.95,nan,2.00,47.60,48.19,2.229,nan,nan
14.66,-80.00,-1.51,-0.03,1.95,nan,2.00,47.60,48.19,2.229,nan,nan
14.67,-80.00,-1.51,-0.02,2.01,nan,2.00,47.60,48.22,2.294,nan,nan
14.68,-80.17,-0.67,-0.02,2.01,nan,2.00,47.60,48.22,2.294,nan,nan
14.69,-79.83,-2.23,-0.01,1.89,nan,2.00,47.60,48.19,2.155,nan,nan
14.70,-79.83,-2.23,0.06,2.05,nan,2.00,47.60,48.21,2.341,nan,nan
14.71,-80.00,-1.58,0.06,2.05,nan,2.00,47.60,48.21,2.341,nan,nan
14.72,-80.00,-1.58,-0.04,1.96,nan,2.00,47.60,48.22,2.238,nan,nan
14.73,-79.83,-1.49,-0.04,2.04,nan,2.00,47.60,48.22,2.331,nan,nan
14.74,-80.00,-1.08,-0.04,2.04,nan,2.00,47.60,48.22,2.331,nan,nan
14.75,-80.00,-1.08,-0.03,2.07,nan,2.00,47.60,48.24,2.359,nan,nan
14.76,-80.00,-1.25,-0.03,2.07,nan,2.00,47.60,48.24,2.359,nan,nan
14.77,-79.83,-1.30,0.01,2.06,nan,2.00,47.60,48.22,2.351,nan,nan
14.78,-79.83,-1.30,0.02,1.90,nan,2.00,47.60,48.22,2.163,nan,nan
14.79,-80.17,-0.53,0.02,1.90,nan,2.00,47.60,48.22,2.163,nan,nan
14.80,-80.17,-0.53,0.01,2.02,nan,2.00,47.60,48.21,2.304,nan,nan
14.81,-79.83,-1.56,0.01,2.02,nan,2.00,47.60,48.21,2.304,nan,nan
14.82,-80.00,-0.94,0.01,2.19,nan,2.00,47.60,48.22,2.499,nan,nan
14.83,-80.00,-0.94,-0.02,2.07,nan,2.00,47.60,48.24,2.359,nan,nan
14.84,-79.67,-1.70,-0.02,2.07,nan,2.00,47.60,48.24,2.359,nan,nan
14.85,-79.67,-1.70,-0.04,1.99,nan,2.00,47.60,48.22,2.266,nan,nan
14.86,-80.00,-1.70,-0.04,1.99,nan,2.00,47.60,48.22,2.266,nan,nan
14.87,-80.00,-1.70,0.02,1.99,nan,2.00,47.60,48.21,2.266,nan,nan
14.88,-79.67,-1.58,0.02,1.99,nan,2.00,47.60,48.21,2.266,nan,nan
14.89,-79.67,-1.58,0.00,1.99,nan,2.00,47.60,48.21,2.266,nan,nan
14.90,-79.83,-0.79,0.01,2.07,nan,2.00,47.60,48.22,2.359,nan,nan
14.91,-80.17,-0.94,0.01,2.07,nan,2.00,47.60,48.22,2.359,nan,nan
14.92,-80.17,-0.94,0.04,1.96,nan,2.00,47.60,48.24,2.238,nan,nan
14.93,-79.83,-1.27,0.04,1.96,nan,2.00,47.60,48.24,2.238,nan,nan
14.94,-79.83,-1.27,-0.03,1.90,nan,2.00,47.60,48.24,2.173,nan,nan
14.95,-80.00,-1.15,-0.03,1.94,nan,2.00,47.60,48.21,2.210,nan,nan
14.96,-79.83,-1.18,-0.03,1.94,nan,2.00,47.60,48.21,2.210,nan,nan
14.97,-79.83,-1.18,0.02,1.90,nan,2.00,47.60,48.22,2.173,nan,nan
14.98,-79.83,-1.30,0.02,1.90,nan,2.00,47.60,48.22,2.173,nan,nan
14.99,-79.83,-1.30,0.01,2.09,nan,2.00,47.60,48.22,2.387,nan,nan
15.00,-79.67,-1.66,0.02,2.01,nan,2.00,47.60,48.22,2.294,nan,nan
15.01,-80.17,-0.62,0.02,2.01,nan,2.00,47.60,48.22,2.294,nan,nan
15.02,-80.17,-0.62,0.01,2.02,nan,2.00,47.60,48.22,2.303,nan,nan
15.03,-79.83,-1.34,0.01,2.02,nan,2.00,47.60,48.22,2.303,nan,nan
15.04,-79.83,-1.34,-0.01,1.95,nan,2.00,47.60,48.22,2.229,nan,nan
15.05,-79.83,-1.18,-0.01,1.95,nan,2.00,47.60,48.22,2.229,nan,nan
15.06,-80.00,-1.34,0.04,1.98,nan,2.00,47.60,48.22,2.257,nan,nan
15.07,-80.00,-1.34,0.04,2.01,nan,2.00,47.60,48.19,2.294,nan,nan
15.08,-79.83,-1.68,0.04,2.01,nan,2.00,47.60,48.19,2.294,nan,nan
15.09,-79.83,-1.68,-0.00,1.99,nan,2.00,47.60,48.21,2.276,nan,nan
15.10,-80.17,-0.72,-0.00,1.99,nan,2.00,47.60,48.21,2.276,nan,nan
15.11,-79.83,-2.28,0.08,2.01,nan,2.00,47.60,48.22,2.294,nan,nan
15.12,-79.83,-2.28,0.03,2.07,nan,2.00,47.60,48.24,2.359,nan,nan
15.13,-80.00,-0.38,0.03,2.07,nan,2.00,47.60,48.24,2.359,nan,nan
15.14,-80.00,-0.38,-0.01,1.96,nan,2.00,47.60,48.22,2.238,nan,nan
15.15,-79.67,-1.32,-0.01,1.96,nan,2.00,47.60,48.22,2.238,nan,nan
15.16,-79.67,-1.32,-0.01,2.06,nan,2.00,47.60,48.22,2.350,nan,nan
15.17,-80.00,-1.66,-0.05,2.07,nan,2.00,47.60,48.24,2.360,nan,nan
15.18,-79.67,-1.25,-0.05,2.07,nan,2.00,47.60,48.24,2.360,nan,nan
15.19,-79.67,-1.25,-0.02,1.99,nan,2.00,47.60,48.22,2.266,nan,nan
15.20,-80.00,-1.25,-0.02,1.99,nan,2.00,47.60,48.22,2.266,nan,nan
15.21,-80.00,-1.25,-0.00,2.02,nan,2.00,47.60,48.21,2.303,nan,nan
15.22,-80.17,-1.03,-0.00,2.02,nan,2.00,47.70,48.21,2.303,nan,nan
15.23,-80.00,-1.30,0.05,2.02,nan,2.00,47.70,48.21,2.304,nan,nan
15.24,-80.00,-1.30,0.04,1.97,nan,2.00,47.70,48.22,2.248,nan,nan
15.25,-80.17,-0.96,0.04,1.97,nan,2.00,47.70,48.22,2.248,nan,nan
15.26,-80.17,-0.96,-0.03,2.06,nan,2.00,47.70,48.26,2.351,nan,nan
15.27,-79.83,-1.63,-0.03,2.06,nan,2.00,47.70,48.26,2.351,nan,nan
15.28,-80.00,-0.84,-0.02,2.02,nan,2.00,47.70,48.22,2.303,nan,nan
15.29,-80.00,-0.84,-0.03,2.01,nan,2.00,47.70,48.22,2.294,nan,nan
15.30,-79.67,-2.33,-0.03,2.01,nan,2.00,47.70,48.22,2.294,nan,nan
15.31,-79.67,-2.33,0.00,2.02,nan,2.00,47.70,48.21,2.303,nan,nan
15.32,-79.83,-1.49,0.00,2.02,nan,2.00,47.70,48.21,2.303,nan,nan
15.33,-79.83,-1.49,-0.02,2.05,nan,2.00,47.70,48.19,2.340,nan,nan
15.34,-79.67,-1.61,-0.01,1.93,nan,2.00,47.70,48.24,2.201,nan,nan
15.35,-79.83,-1.37,-0.01,1.93,nan,2.00,47.70,48.24,2.201,nan,nan
15.36,-79.83,-1.37,-0.02,1.98,nan,2.00,47.70,48.26,2.257,nan,nan
15.37,-80.17,-0.74,-0.02,1.98,nan,2.00,47.70,48.26,2.257,nan,nan
15.38,-80.17,-0.74,-0.02,2.01,nan,2.00,47.70,48.24,2.294,nan,nan
15.39,-79.67,-1.78,-0.02,2.01,nan,2.00,47.70,48.24,2.294,nan,nan
15.40,-80.17,-0.50,0.00,1.99,nan,2.00,47.70,48.24,2.266,nan,nan
15.41,-80.17,-0.50,-0.01,1.99,nan,2.00,47.70,48.22,2.266,nan,nan
15.42,-79.83,-1.85,-0.01,1.99,nan,2.00,47.70,48.22,2.266,nan,nan
15.43,-79.83,-1.85,0.06,2.08,nan,2.00,47.70,48.22,2.369,nan,nan
15.44,-80.00,-0.86,0.06,2.08,nan,2.00,47.60,48.22,2.369,nan,nan
15.45,-79.67,-1.87,0.03,1.90,nan,2.00,47.60,48.21,2.173,nan,nan
15.46,-79.67,-1.87,0.02,1.97,nan,2.00,47.60,48.24,2.248,nan,nan
15.47,-79.83,-0.96,0.02,1.97,nan,2.00,47.60,48.24,2.248,nan,nan
15.48,-79.83,-0.96,0.05,2.00,nan,2.00,47.60,48.24,2.285,nan,nan
15.49,-80.00,-0.67,0.05,2.00,nan,2.00,47.60,48.24,2.285,nan,nan
15.50,-80.00,-0.67,0.03,1.90,nan,2.00,47.60,48.22,2.173,nan,nan
15.51,-80.00,-0.79,-0.01,1.98,nan,2.00,47.60,48.24,2.257,nan,nan
15.52,-79.83,-1.27,-0.01,1.98,nan,2.00,47.60,48.24,2.257,nan,nan
15.53,-79.83,-1.27,-0.04,1.99,nan,2.00,47.60,48.22,2.266,nan,nan
15.54,-79.83,-0.86,-0.04,1.99,nan,2.00,47.60,48.22,2.266,nan,nan
15.55,-79.83,-1.61,-0.02,1.94,nan,2.00,47.60,48.22,2.210,nan,nan
15.56,-79.83,-1.61,-0.02,2.05,nan,2.00,47.60,48.21,2.340,nan,nan
15.57,-79.67,-1.13,-0.02,2.05,nan,2.00,47.60,48.21,2.340,nan,nan
15.58,-79.67,-1.13,-0.01,2.11,nan,2.00,47.60,48.22,2.406,nan,nan
15.59,-80.00,-1.32,-0.01,2.11,nan,2.00,47.60,48.22,2.406,nan,nan
15.60,-79.83,-0.98,-0.01,1.99,nan,2.00,47.60,48.22,2.266,nan,nan
15.61,-79.83,-0.98,-0.06,1.93,nan,2.00,47.60,48.22,2.201,nan,nan
15.62,-79.67,-1.63,-0.06,1.93,nan,2.00,47.60,48.22,2.201,nan,nan
15.63,-79.67,-1.63,-0.02,2.01,nan,2.00,47.60,48.22,2.294,nan,nan
15.64,-80.17,-0.82,-0.02,2.01,nan,2.00,47.60,48.22,2.294,nan,nan
15.65,-80.17,-0.82,0.04,1.99,nan,2.00,47.60,48.21,2.266,nan,nan
15.66,-80.00,-1.13,-0.02,2.05,nan,2.00,47.60,48.22,2.340,nan,nan
15.67,-80.00,-1.44,-0.02,2.05,nan,2.00,47.60,48.22,2.340,nan,nan
15.68,-80.00,-1.44,0.01,2.07,nan,2.00,47.60,48.24,2.360,nan,nan
15.69,-79.83,-1.34,0.01,2.07,nan,2.00,47.60,48.24,2.360,nan,nan
15.70,-79.83,-1.34,-0.01,2.02,nan,2.00,47.60,48.22,2.303,nan,nan
15.71,-79.83,-1.44,-0.01,2.02,nan,2.00,47.60,48.22,2.303,nan,nan
15.72,-79.67,-1.34,-0.05,1.99,nan,2.00,47.60,48.22,2.266,nan,nan
15.73,-79.67,-1.34,-0.01,1.92,nan,2.00,47.60,48.21,2.192,nan,nan
15.74,-80.00,-2.09,-0.01,1.92,nan,2.00,47.70,48.21,2.192,nan,nan
15.75,-80.00,-2.09,-0.06,1.96,nan,2.00,47.70,48.21,2.238,nan,nan
15.76,-79.67,-2.18,-0.06,1.96,nan,2.00,47.70,48.21,2.238,nan,nan
15.77,-79.67,-1.87,0.02,1.99,nan,2.00,47.70,48.22,2.275,nan,nan
15.78,-79.67,-1.87,0.06,2.01,nan,2.00,47.70,48.22,2.294,nan,nan
15.79,-79.83,-0.53,0.06,2.01,nan,2.00,47.70,48.22,2.294,nan,nan
15.80,-79.83,-0.53,-0.02,2.07,nan,2.00,47.70,48.21,2.369,nan,nan
15.81,-79.83,-2.23,-0.02,2.07,nan,2.00,47.70,48.21,2.369,nan,nan
15.82,-79.83,-2.23,0.07,2.05,nan,2.00,47.70,48.22,2.341,nan,nan
15.83,-79.83,-1.78,0.07,2.05,nan,2.00,47.70,48.22,2.341,nan,nan
15.84,-79.67,-2.28,0.06,1.90,nan,2.00,47.70,48.19,2.164,nan,nan
15.85,-79.67,-2.28,0.04,2.01,nan,2.00,47.60,48.24,2.294,nan,nan
15.86,-80.00,-1.01,0.04,2.01,nan,2.00,47.60,48.24,2.294,nan,nan
15.87,-80.00,-1.01,0.06,2.03,nan,2.00,47.60,48.22,2.322,nan,nan
15.88,-80.00,-1.75,0.06,2.03,nan,2.00,47.60,48.22,2.322,nan,nan
15.89,-80.00,-1.34,0.01,1.95,nan,2.00,47.60,48.22,2.229,nan,nan
15.90,-80.00,-1.34,-0.07,1.99,nan,2.00,47.60,48.21,2.266,nan,nan
15.91,-79.67,-2.02,-0.07,1.99,nan,2.00,47.60,48.21,2.266,nan,nan
15.92,-79.67,-2.02,-0.01,2.07,nan,2.00,47.60,48.21,2.360,nan,nan
15.93,-79.83,-1.70,-0.01,2.07,nan,2.00,47.60,48.21,2.360,nan,nan
15.94,-79.83,-1.70,-0.01,1.90,nan,2.00,47.60,48.24,2.173,nan,nan
15.95,-80.00,-1.18,-0.01,1.90,nan,2.00,47.70,48.24,2.173,nan,nan
15.96,-80.17,-1.44,-0.05,1.98,nan,2.00,47.70,48.22,2.258,nan,nan
15.97,-80.17,-1.44,0.03,2.01,nan,2.00,47.70,48.24,2.294,nan,nan
15.98,-80.00,-1.32,0.03,2.01,nan,2.00,47.70,48.24,2.294,nan,nan
15.99,-80.00,-1.32,0.03,2.04,nan,2.00,47.70,48.24,2.331,nan,nan
16.00,-79.83,-1.46,0.03,2.04,nan,2.00,47.70,48.24,2.331,nan,nan
16.01,-80.00,-0.55,-0.01,1.90,nan,2.00,47.70,48.24,2.173,nan,nan
16.02,-80.00,-0.55,0.00,2.00,nan,2.00,47.70,48.24,2.285,nan,nan
16.03,-80.00,-0.96,0.00,2.00,nan,2.00,47.70,48.24,2.285,nan,nan
16.04,-80.00,-0.96,-0.02,1.88,nan,2.00,47.70,48.26,2.144,nan,nan
16.05,-80.17,-1.30,-0.02,1.88,nan,2.00,47.70,48.26,2.144,nan,nan
16.06,-79.67,-0.89,0.07,1.95,nan,2.00,47.80,48.21,2.229,nan,nan
16.07,-79.67,-0.89,0.07,1.99,nan,2.00,47.80,48.24,2.275,nan,nan
16.08,-80.00,-1.32,0.07,1.99,nan,2.00,47.80,48.24,2.275,nan,nan
16.09,-80.00,-1.32,0.03,1.95,nan,2.00,47.80,48.22,2.229,nan,nan
16.10,-80.00,-0.72,0.03,1.95,nan,2.00,47.80,48.22,2.229,nan,nan
16.11,-79.83,-1.58,0.03,2.04,nan,2.00,47.80,48.22,2.331,nan,nan
16.12,-79.83,-1.58,0.03,2.04,nan,2.00,47.80,48.22,2.331,nan,nan
16.13,-80.17,-0.74,0.06,2.01,nan,2.00,47.80,48.24,2.294,nan,nan
16.14,-80.17,-0.74,0.00,2.05,nan,2.00,47.80,48.22,2.340,nan,nan
16.15,-80.00,-1.42,0.00,2.05,nan,2.00,47.80,48.22,2.340,nan,nan
16.16,-80.00,-1.42,0.02,1.95,nan,2.00,47.80,48.24,2.228,nan,nan
16.17,-80.17,-1.08,0.02,1.95,nan,2.00,47.60,48.24,2.228,nan,nan
16.18,-79.83,-1.25,0.01,2.10,nan,2.00,47.60,48.24,2.397,nan,nan
16.19,-79.83,-1.25,-0.01,1.96,nan,2.00,47.60,48.22,2.238,nan,nan
16.20,-80.00,-0.84,-0.01,1.96,nan,2.00,47.60,48.22,2.238,nan,nan
16.21,-80.00,-0.84,0.03,2.05,nan,2.00,47.60,48.24,2.341,nan,nan
16.22,-79.67,-1.94,0.03,2.05,nan,2.00,47.60,48.24,2.341,nan,nan
16.23,-79.83,-1.44,-0.01,1.96,nan,2.00,47.60,48.21,2.238,nan,nan
16.24,-79.83,-1.44,0.04,1.98,nan,2.00,47.60,48.24,2.257,nan,nan
16.25,-79.83,-0.91,0.04,1.98,nan,2.00,47.60,48.24,2.257,nan,nan
16.26,-79.83,-0.91,0.01,1.85,nan,2.00,47.60,48.21,2.107,nan,nan
16.27,-80.00,-1.44,0.01,1.85,nan,2.00,47.60,48.21,2.107,nan,nan
16.28,-80.00,-1.44,0.07,2.08,nan,2.00,47.60,48.22,2.369,nan,nan
16.29,-80.17,-0.67,0.07,2.08,nan,2.00,47.60,48.22,2.369,nan,nan
16.30,-79.67,-2.16,-0.03,2.05,nan,2.00,47.60,48.22,2.340,nan,nan
16.31,-79.67,-2.16,-0.01,1.94,nan,2.00,47.60,48.24,2.210,nan,nan
16.32,-80.00,-0.96,-0.01,1.94,nan,2.00,47.60,48.24,2.210,nan,nan
16.33,-80.00,-0.96,-0.00,1.90,nan,2.00,47.60,48.24,2.173,nan,nan
16.34,-79.83,-0.96,-0.00,1.90,nan,2.00,47.60,48.24,2.173,nan,nan
16.35,-79.83,-0.96,0.04,1.90,nan,2.00,47.60,48.21,2.173,nan,nan
16.36,-80.00,-1.30,0.01,1.96,nan,2.00,47.60,48.24,2.238,nan,nan
16.37,-79.83,-1.01,0.01,1.96,nan,2.00,47.60,48.24,2.238,nan,nan
16.38,-79.83,-1.01,0.01,2.04,nan,2.00,47.70,48.22,2.331,nan,nan
16.39,-79.67,-1.49,0.01,2.04,nan,2.00,47.70,48.22,2.331,nan,nan
16.40,-80.17,-0.91,0.01,2.16,nan,2.00,47.70,48.22,2.462,nan,nan
16.41,-80.17,-0.91,0.03,2.05,nan,2.00,47.70,48.21,2.341,nan,nan
16.42,-80.17,-1.37,0.03,2.05,nan,2.00,47.70,48.21,2.341,nan,nan
16.43,-80.17,-1.37,-0.04,2.02,nan,2.00,47.70,48.22,2.303,nan,nan
16.44,-79.83,-1.39,-0.04,2.02,nan,2.00,47.70,48.22,2.303,nan,nan
16.45,-79.83,-1.39,-0.03,2.01,nan,2.00,47.70,48.22,2.294,nan,nan
16.46,-80.00,-1.08,-0.03,2.01,nan,2.00,47.70,48.22,2.294,nan,nan
16.47,-80.00,-0.65,0.02,1.99,nan,2.00,47.70,48.21,2.275,nan,nan
16.48,-80.00,-0.65,0.02,2.03,nan,2.00,47.70,48.24,2.322,nan,nan
16.49,-79.67,-1.63,0.02,2.03,nan,2.00,47.60,48.24,2.322,nan,nan
16.50,-79.67,-1.63,0.05,1.92,nan,2.00,47.60,48.21,2.192,nan,nan
16.52,-80.17,-0.96,0.05,1.92,nan,2.00,47.60,48.21,2.192,nan,nan
16.52,-80.17,-0.96,0.05,1.92,nan,2.00,47.60,48.21,2.192,nan,nan
16.53,-80.17,-1.25,0.04,2.08,nan,2.00,47.60,48.21,2.369,nan,nan
16.54,-80.17,-1.25,0.04,2.08,nan,2.00,47.60,48.21,2.369,nan,nan
16.55,-80.00,-2.04,0.03,2.12,nan,2.00,47.60,48.22,2.425,nan,nan
16.56,-80.00,-2.04,0.03,2.12,nan,2.00,47.60,48.22,2.425,nan,nan
16.57,-80.00,-2.04,0.02,1.96,nan,2.00,47.60,48.24,2.238,nan,nan
16.58,-79.67,-1.44,0.02,1.96,nan,2.00,47.60,48.24,2.238,nan,nan
16.59,-79.67,-1.44,0.01,2.00,nan,2.00,47.70,48.22,2.284,nan,nan
16.60,-80.00,-1.34,-0.02,2.02,nan,2.00,47.70,48.24,2.303,nan,nan
16.61,-80.00,-1.68,-0.02,2.02,nan,2.00,47.70,48.24,2.303,nan,nan
16.62,-80.00,-1.68,0.00,2.01,nan,2.00,47.70,48.22,2.294,nan,nan
16.63,-79.83,-0.98,0.00,2.01,nan,2.00,47.70,48.22,2.294,nan,nan
16.64,-79.83,-0.98,-0.02,2.00,nan,2.00,47.70,48.22,2.286,nan,nan
16.65,-79.83,-1.34,-0.02,2.00,nan,2.00,47.70,48.22,2.286,nan,nan
16.66,-80.17,-0.77,-0.02,1.98,nan,2.00,47.70,48.22,2.229,nan,nan
16.67,-80.17,-0.77,0.01,2.02,nan,2.00,47.70,48.24,2.303,nan,nan
16.68,-79.83,-2.50,0.01,2.02,nan,2.00,47.70,48.24,2.303,nan,nan
16.69,-79.83,-2.50,0.01,2.03,nan,2.00,47.70,48.24,2.312,nan,nan
16.70,-80.00,-1.54,0.01,2.03,nan,2.00,47.80,48.24,2.312,nan,nan
16.71,-80.00,-1.54,-0.04,2.05,nan,2.00,47.80,48.24,2.340,nan,nan
16.72,-79.50,-1.75,-0.04,2.05,nan,2.00,47.80,48.24,2.340,nan,nan
16.73,-79.83,-1.56,-0.05,2.07,nan,2.00,47.80,48.22,2.368,nan,nan
16.74,-79.83,-1.56,-0.03,2.16,nan,2.00,47.80,48.24,2.471,nan,nan
16.75,-79.83,-1.44,-0.03,2.16,nan,2.00,47.80,48.24,2.471,nan,nan
16.76,-79.83,-1.44,-0.02,1.95,nan,2.00,47.80,48.22,2.229,nan,nan
16.77,-80.00,-1.70,-0.02,1.95,nan,2.00,47.80,48.22,2.229,nan,nan
16.78,-80.17,-0.60,0.03,1.99,nan,2.00,47.80,48.24,2.266,nan,nan
16.79,-80.17,-0.60,0.00,1.99,nan,2.00,47.80,48.21,2.275,nan,nan
16.80,-79.83,-1.30,0.00,1.99,nan,2.00,47.70,48.21,2.275,nan,nan
16.81,-79.83,-1.30,-0.01,2.01,nan,2.00,47.70,48.22,2.294,nan,nan
16.82,-80.17,-1.10,-0.01,2.01,nan,2.00,47.70,48.22,2.294,nan,nan
16.83,-80.00,-1.13,-0.04,1.97,nan,2.00,47.70,48.21,2.247,nan,nan
16.84,-80.00,-1.13,0.02,2.02,nan,2.00,47.70,48.26,2.303,nan,nan
16.85,-80.17,-1.10,0.02,2.02,nan,2.00,47.70,48.26,2.303,nan,nan
16.86,-80.17,-1.10,-0.01,1.98,nan,2.00,47.70,48.22,2.257,nan,nan
16.87,-79.83,-1.49,-0.01,1.98,nan,2.00,47.70,48.22,2.257,nan,nan
16.88,-79.83,-1.49,0.03,1.99,nan,2.00,47.70,48.21,2.266,nan,nan
16.89,-80.17,-0.79,0.03,1.99,nan,2.00,47.70,48.21,2.266,nan,nan
16.90,-79.83,-1.73,-0.03,2.10,nan,2.00,47.70,48.22,2.397,nan,nan
16.91,-79.83,-1.73,0.05,1.98,nan,2.00,47.60,48.21,2.257,nan,nan
16.92,-80.00,-1.22,0.05,1.98,nan,2.00,47.60,48.21,2.257,nan,nan
16.93,-80.00,-1.22,0.01,2.01,nan,2.00,47.60,48.22,2.294,nan,nan
16.94,-80.00,-0.58,0.01,2.01,nan,2.00,47.60,48.22,2.294,nan,nan
16.95,-80.00,-0.58,0.01,1.99,nan,2.00,47.60,48.22,2.275,nan,nan
16.96,-80.00,-0.89,0.01,1.99,nan,2.00,47.60,48.22,2.275,nan,nan
16.97,-80.00,-1.18,0.03,2.08,nan,2.00,47.60,48.22,2.378,nan,nan
16.98,-80.00,-1.18,0.01,1.99,nan,2.00,47.60,48.24,2.266,nan,nan
16.99,-79.83,-1.22,0.01,1.99,nan,2.00,47.60,48.24,2.266,nan,nan
17.00,-79.83,-1.22,0.00,1.96,nan,2.00,47.60,48.22,2.238,nan,nan
17.01,-79.83,-1.54,0.00,1.96,nan,2.00,47.60,48.22,2.238,nan,nan
17.02,-79.83,-1.54,-0.01,2.05,nan,2.00,47.70,48.21,2.340,nan,nan
17.03,-79.83,-1.68,-0.01,2.05,nan,1.99,47.70,48.21,2.340,nan,nan
17.04,-79.83,-0.70,-0.06,2.03,nan,1.99,47.70,48.21,2.323,nan,nan
17.05,-79.83,-0.70,-0.01,2.09,nan,1.99,47.70,48.21,2.388,nan,nan
17.06,-79.50,-1.58,-0.01,2.09,nan,1.99,47.70,48.21,2.388,nan,nan
17.07,-79.50,-1.58,-0.01,1.99,nan,1.99,47.70,48.22,2.266,nan,nan
17.08,-79.33,-1.56,-0.01,1.99,nan,1.98,47.70,48.22,2.266,nan,nan
17.09,-79.50,-2.04,0.00,1.96,nan,1.98,47.70,48.22,2.238,nan,nan
17.10,-79.50,-2.04,0.03,1.93,nan,1.98,47.70,48.24,2.201,nan,nan
17.11,-79.50,-1.15,0.03,1.93,nan,1.98,47.70,48.24,2.201,nan,nan
17.12,-79.50,-1.15,-0.06,1.99,nan,1.98,47.70,48.22,2.266,nan,nan
17.13,-79.00,-1.30,-0.06,1.99,nan,1.98,47.60,48.22,2.266,nan,nan
17.14,-78.83,-1.25,0.01,1.94,nan,1.98,47.60,48.24,2.220,nan,nan
17.15,-78.83,-1.25,-0.00,2.08,nan,1.97,47.60,48.24,2.377,nan,nan
17.16,-78.83,-1.58,-0.00,2.08,nan,1.97,47.60,48.24,2.377,nan,nan
17.17,-78.83,-1.58,0.02,1.94,nan,1.97,47.60,48.24,2.220,nan,nan
17.18,-78.50,-1.27,0.02,1.94,nan,1.97,47.60,48.24,2.220,nan,nan
17.19,-78.83,-1.08,0.01,2.02,nan,1.97,47.60,48.21,2.303,nan,nan
17.20,-78.83,-1.08,0.01,2.02,nan,1.96,47.60,48.21,2.303,nan,nan
17.21,-78.33,-1.18,-0.02,1.93,nan,1.96,47.60,48.21,2.201,nan,nan
17.22,-78.33,-1.18,0.01,1.96,nan,1.96,47.60,48.21,2.238,nan,nan
17.23,-78.33,-1.18,0.01,1.96,nan,1.96,47.70,48.21,2.238,nan,nan
17.24,-78.33,-1.18,-0.03,2.07,nan,1.96,47.70,48.22,2.360,nan,nan
17.25,-78.50,-1.34,-0.03,2.07,nan,1.95,47.70,48.22,2.360,nan,nan
17.26,-78.00,-1.01,-0.08,1.94,nan,1.95,47.70,48.21,2.218,nan,nan
17.27,-78.00,-1.01,-0.05,1.95,nan,1.95,47.70,48.21,2.229,nan,nan
17.28,-78.00,-1.51,-0.05,1.95,nan,1.95,47.70,48.21,2.229,nan,nan
17.29,-78.00,-1.51,-0.05,2.00,nan,1.95,47.70,48.21,2.286,nan,nan
17.30,-77.83,-0.86,-0.05,2.00,nan,1.94,47.70,48.21,2.286,nan,nan
17.31,-78.00,-1.49,0.04,1.86,nan,1.94,47.70,48.22,2.127,nan,nan
17.32,-78.00,-1.49,-0.06,1.98,nan,1.94,47.70,48.22,2.257,nan,nan
17.33,-77.67,-0.84,-0.06,1.98,nan,1.94,47.60,48.22,2.257,nan,nan
17.34,-77.67,-0.84,-0.00,1.94,nan,1.94,47.60,48.22,2.219,nan,nan
17.35,-77.50,-1.22,-0.00,1.94,nan,1.93,47.60,48.22,2.219,nan,nan
17.36,-77.67,-0.55,0.05,1.93,nan,1.93,47.60,48.22,2.201,nan,nan
17.37,-77.67,-0.55,0.00,1.96,nan,1.93,47.60,48.22,2.238,nan,nan
17.38,-77.17,-1.01,0.00,1.96,nan,1.93,47.60,48.22,2.238,nan,nan
17.39,-77.17,-1.01,0.04,2.01,nan,1.93,47.60,48.24,2.294,nan,nan
17.40,-77.33,-0.34,0.04,2.01,nan,1.92,47.60,48.24,2.294,nan,nan
17.41,-76.83,-1.61,-0.01,1.88,nan,1.92,47.60,48.22,2.144,nan,nan
17.42,-76.83,-1.61,-0.00,1.87,nan,1.92,47.60,48.21,2.136,nan,nan
17.43,-77.00,-1.25,-0.00,1.87,nan,1.92,47.70,48.21,2.136,nan,nan
17.44,-77.00,-1.25,0.02,1.93,nan,1.92,47.70,48.21,2.201,nan,nan
17.45,-76.67,-1.27,0.02,1.93,nan,1.92,47.70,48.21,2.201,nan,nan
17.46,-76.67,-1.22,-0.03,1.87,nan,1.92,47.70,48.22,2.136,nan,nan
17.47,-76.67,-1.22,-0.01,1.90,nan,1.91,47.70,48.22,2.164,nan,nan
17.48,-76.50,-1.15,-0.01,1.90,nan,1.91,47.70,48.22,2.164,nan,nan
17.49,-76.50,-1.15,0.00,1.90,nan,1.91,47.70,48.21,2.164,nan,nan
17.50,-76.33,-0.94,0.00,1.90,nan,1.91,47.70,48.21,2.164,nan,nan
17.51,-76.33,-0.55,-0.01,1.93,nan,1.91,47.70,48.21,2.201,nan,nan
17.52,-76.33,-0.55,-0.00,2.01,nan,1.90,47.70,48.21,2.294,nan,nan
17.53,-76.00,-1.13,-0.00,2.01,nan,1.90,47.70,48.21,2.294,nan,nan
17.54,-76.00,-1.13,-0.01,1.86,nan,1.90,47.70,48.22,2.127,nan,nan
17.55,-76.00,-1.51,-0.01,1.86,nan,1.90,47.70,48.22,2.127,nan,nan
17.56,-76.00,-1.51,-0.06,1.98,nan,1.90,47.70,48.24,2.258,nan,nan
17.57,-75.83,-1.25,-0.06,1.98,nan,1.89,47.70,48.24,2.258,nan,nan
17.58,-75.83,-1.25,0.01,1.81,nan,1.89,47.70,48.21,2.070,nan,nan
17.59,-75.67,-1.22,-0.03,1.81,nan,1.89,47.70,48.22,2.062,nan,nan
17.60,-75.83,-0.58,-0.03,1.81,nan,1.89,47.70,48.22,2.062,nan,nan
17.61,-75.83,-0.58,0.01,1.92,nan,1.89,47.70,48.21,2.192,nan,nan
17.62,-75.50,-0.86,0.01,1.92,nan,1.89,47.70,48.21,2.192,nan,nan
17.63,-75.50,-0.86,0.02,1.85,nan,1.88,47.70,48.19,2.117,nan,nan
17.64,-75.33,-1.20,0.02,1.85,nan,1.88,47.70,48.19,2.117,nan,nan
17.65,-75.33,-1.20,-0.02,1.90,nan,1.88,47.70,48.22,2.173,nan,nan
17.66,-75.33,-1.63,-0.02,1.85,nan,1.88,47.70,48.22,2.107,nan,nan
17.67,-75.17,-1.68,-0.02,1.85,nan,1.88,47.70,48.22,2.107,nan,nan
17.68,-75.17,-1.68,-0.03,1.87,nan,1.88,47.70,48.24,2.136,nan,nan
17.69,-74.67,-1.51,-0.03,1.87,nan,1.87,47.70,48.24,2.136,nan,nan
17.70,-74.67,-1.51,-0.07,1.98,nan,1.87,47.70,48.22,2.258,nan,nan
17.71,-74.83,-1.34,-0.07,1.98,nan,1.87,47.70,48.22,2.258,nan,nan
17.72,-74.67,-1.20,-0.02,1.85,nan,1.87,47.70,48.22,2.107,nan,nan
17.73,-74.67,-1.20,-0.01,1.87,nan,1.87,47.70,48.24,2.136,nan,nan
17.74,-74.67,-0.65,-0.01,1.87,nan,1.87,47.70,48.24,2.136,nan,nan
17.75,-74.67,-0.65,-0.01,1.90,nan,1.86,47.60,48.22,2.164,nan,nan
17.76,-74.67,-1.37,-0.01,1.90,nan,1.86,47.60,48.22,2.164,nan,nan
17.77,-74.17,-1.99,-0.04,1.83,nan,1.86,47.60,48.22,2.090,nan,nan
17.78,-74.17,-1.99,0.04,1.85,nan,1.86,47.60,48.21,2.033,nan,nan
17.79,-74.33,-1.58,0.04,1.85,nan,1.86,47.60,48.21,2.033,nan,nan
17.80,-74.33,-1.58,-0.00,1.78,nan,1.85,47.60,48.22,2.033,nan,nan
17.81,-74.17,-1.58,-0.00,1.78,nan,1.85,47.60,48.22,2.033,nan,nan
17.82,-74.17,-1.58,-0.03,1.93,nan,1.85,47.60,48.22,2.201,nan,nan
17.83,-73.83,-1.63,-0.03,1.93,nan,1.85,47.60,48.22,2.201,nan,nan
17.84,-74.00,-1.42,0.02,1.90,nan,1.85,47.60,48.21,2.173,nan,nan
17.85,-74.00,-1.42,0.01,1.86,nan,1.84,47.60,48.21,2.127,nan,nan
17.86,-73.50,-2.02,0.01,1.86,nan,1.84,47.60,48.21,2.127,nan,nan
17.87,-73.50,-2.02,-0.04,1.79,nan,1.84,47.60,48.21,2.042,nan,nan
17.88,-73.50,-1.39,-0.04,1.79,nan,1.84,47.60,48.21,2.042,nan,nan
17.89,-73.50,-1.46,-0.00,1.78,nan,1.84,47.60,48.22,2.033,nan,nan
17.90,-73.50,-1.46,-0.04,1.79,nan,1.83,47.60,48.22,2.042,nan,nan
17.91,-73.33,-1.44,-0.04,1.79,nan,1.83,47.60,48.22,2.042,nan,nan
17.92,-73.33,-1.44,-0.02,1.99,nan,1.83,47.60,48.22,2.266,nan,nan
17.93,-73.33,-1.06,-0.02,1.99,nan,1.83,47.60,48.22,2.266,nan,nan
17.94,-73.00,-1.22,-0.04,1.84,nan,1.83,47.60,48.21,2.099,nan,nan
17.95,-73.00,-1.22,-0.02,1.81,nan,1.82,47.60,48.21,2.070,nan,nan
17.96,-73.17,-1.22,-0.02,1.81,nan,1.82,47.60,48.21,2.070,nan,nan
17.97,-73.17,-1.22,0.03,1.89,nan,1.82,47.70,48.22,2.155,nan,nan
17.98,-72.83,-1.34,0.03,1.89,nan,1.82,47.70,48.22,2.155,nan,nan
17.99,-72.83,-1.39,-0.01,1.70,nan,1.82,47.70,48.22,1.940,nan,nan
18.00,-72.83,-1.39,0.06,1.82,nan,1.82,47.70,48.21,2.080,nan,nan
18.01,-72.83,-0.41,0.06,1.82,nan,1.82,47.70,48.21,2.080,nan,nan
18.02,-72.83,-0.41,0.00,1.98,nan,1.81,47.70,48.22,2.257,nan,nan
18.03,-72.50,-1.49,0.00,1.98,nan,1.81,47.70,48.22,2.257,nan,nan
18.04,-72.50,-1.49,0.00,1.86,nan,1.81,47.70,48.24,2.127,nan,nan
18.05,-72.67,-0.67,-0.00,1.90,nan,1.81,47.70,48.21,2.164,nan,nan
18.06,-72.00,-1.73,-0.00,1.90,nan,1.81,47.70,48.21,2.164,nan,nan
18.07,-72.00,-1.73,0.03,1.81,nan,1.80,47.70,48.22,2.061,nan,nan
18.08,-72.33,-1.10,0.03,1.81,nan,1.80,47.70,48.22,2.061,nan,nan
18.09,-72.33,-1.10,0.03,1.81,nan,1.80,47.70,48.22,2.061,nan,nan
18.10,-72.00,-1.42,-0.04,1.79,nan,1.80,47.70,48.22,2.042,nan,nan
18.11,-72.00,-1.42,-0.05,1.76,nan,1.80,47.70,48.24,2.005,nan,nan
18.12,-72.17,-1.37,-0.05,1.76,nan,1.80,47.70,48.24,2.005,nan,nan
18.13,-72.17,-1.37,-0.03,1.76,nan,1.79,47.70,48.22,2.014,nan,nan
18.14,-71.83,-1.18,-0.03,1.76,nan,1.79,47.70,48.22,2.014,nan,nan
18.15,-71.33,-2.26,-0.04,1.78,nan,1.79,47.70,48.22,2.033,nan,nan
18.16,-71.33,-2.26,-0.01,1.85,nan,1.79,47.70,48.21,2.116,nan,nan
18.17,-71.33,-1.44,-0.01,1.85,nan,1.79,47.70,48.21,2.116,nan,nan
18.18,-71.33,-1.44,0.01,1.79,nan,1.78,47.60,48.22,2.042,nan,nan
18.19,-71.67,-0.62,0.01,1.79,nan,1.78,47.60,48.22,2.042,nan,nan
18.20,-71.00,-1.63,-0.05,1.78,nan,1.78,47.60,48.24,2.033,nan,nan
18.21,-71.00,-1.63,-0.02,1.76,nan,1.78,47.60,48.21,2.005,nan,nan
18.22,-71.17,-1.32,-0.02,1.76,nan,1.78,47.60,48.21,2.005,nan,nan
18.23,-71.17,-1.32,0.04,1.81,nan,1.77,47.60,48.19,2.070,nan,nan
18.24,-70.67,-1.49,0.04,1.81,nan,1.77,47.60,48.19,2.070,nan,nan
18.25,-70.67,-1.49,0.01,1.82,nan,1.77,47.60,48.19,2.079,nan,nan
18.26,-70.83,-1.44,0.06,1.63,nan,1.77,47.60,48.21,1.865,nan,nan
18.27,-71.00,-0.46,0.06,1.63,nan,1.77,47.60,48.21,1.865,nan,nan
18.28,-71.00,-0.46,-0.02,1.73,nan,1.77,47.70,48.24,1.976,nan,nan
18.29,-70.33,-1.54,-0.02,1.73,nan,1.77,47.70,48.24,1.976,nan,nan
18.30,-70.33,-1.54,0.02,1.76,nan,1.76,47.70,48.24,2.005,nan,nan
18.31,-70.50,-1.18,0.02,1.76,nan,1.76,47.70,48.24,2.005,nan,nan
18.32,-70.17,-1.42,0.03,1.70,nan,1.76,47.70,48.21,1.940,nan,nan
18.33,-70.17,-1.42,-0.02,1.78,nan,1.76,47.70,48.24,2.033,nan,nan
18.34,-70.33,-0.84,-0.02,1.78,nan,1.76,47.70,48.24,2.033,nan,nan
18.35,-70.33,-0.84,0.01,1.72,nan,1.75,47.70,48.22,1.959,nan,nan
18.36,-70.00,-1.78,0.01,1.72,nan,1.75,47.70,48.22,1.959,nan,nan
18.37,-70.00,-0.96,-0.02,1.73,nan,1.75,47.70,48.22,1.977,nan,nan
18.38,-70.00,-0.96,0.02,1.73,nan,1.75,47.70,48.24,1.977,nan,nan
18.39,-69.83,-0.89,0.02,1.73,nan,1.75,47.80,48.24,1.977,nan,nan
18.40,-69.83,-0.89,0.09,1.78,nan,1.74,47.80,48.24,2.033,nan,nan
18.41,-69.83,-1.37,0.09,1.78,nan,1.74,47.80,48.24,2.033,nan,nan
18.42,-69.67,-1.58,0.01,1.82,nan,1.74,47.80,48.24,2.079,nan,nan
18.43,-69.67,-1.58,0.02,1.69,nan,1.74,47.80,48.21,1.931,nan,nan
18.44,-69.50,-1.10,0.02,1.69,nan,1.74,47.80,48.21,1.931,nan,nan
18.45,-69.50,-1.10,-0.07,1.78,nan,1.73,47.80,48.22,2.033,nan,nan
18.46,-69.50,-1.75,-0.07,1.78,nan,1.73,47.80,48.22,2.033,nan,nan
18.47,-69.50,-1.75,0.01,1.70,nan,1.73,47.80,48.24,1.940,nan,nan
18.48,-69.17,-1.82,0.03,1.78,nan,1.73,47.80,48.24,2.033,nan,nan
18.49,-69.00,-0.94,0.03,1.78,nan,1.73,47.80,48.24,2.033,nan,nan
18.50,-69.00,-0.94,-0.01,1.67,nan,1.73,47.60,48.22,1.911,nan,nan
18.51,-69.17,-1.39,-0.01,1.67,nan,1.73,47.60,48.22,1.911,nan,nan
18.52,-69.17,-1.39,0.08,1.77,nan,1.72,47.60,48.22,2.024,nan,nan
18.53,-68.83,-1.63,0.08,1.77,nan,1.72,47.60,48.22,2.024,nan,nan
18.54,-68.50,-1.68,0.01,1.70,nan,1.72,47.60,48.21,1.940,nan,nan
18.55,-68.50,-1.68,-0.01,1.67,nan,1.72,47.60,48.22,1.903,nan,nan
18.56,-68.67,-1.25,-0.01,1.67,nan,1.72,47.60,48.22,1.903,nan,nan
18.57,-68.67,-1.25,0.08,1.67,nan,1.71,47.60,48.24,1.912,nan,nan
18.58,-68.50,-0.98,0.08,1.67,nan,1.71,47.60,48.24,1.912,nan,nan
18.59,-68.50,-0.70,0.03,1.65,nan,1.71,47.60,48.22,1.883,nan,nan
18.60,-68.50,-0.70,-0.01,1.84,nan,1.71,47.60,48.24,2.099,nan,nan
18.61,-68.50,-0.65,-0.01,1.84,nan,1.71,47.60,48.24,2.099,nan,nan
18.62,-68.50,-0.65,0.05,1.70,nan,1.70,47.60,48.21,1.940,nan,nan
18.63,-68.00,-1.32,0.05,1.70,nan,1.70,47.60,48.21,1.940,nan,nan
18.64,-68.00,-1.10,0.04,1.76,nan,1.70,47.60,48.22,2.005,nan,nan
18.65,-68.00,-1.10,0.04,1.76,nan,1.70,47.60,48.22,2.005,nan,nan
18.66,-68.00,-1.10,-0.00,1.72,nan,1.70,47.60,48.21,1.959,nan,nan
18.67,-67.83,-1.01,-0.02,1.67,nan,1.69,47.60,48.22,1.911,nan,nan
18.68,-67.67,-1.90,-0.02,1.67,nan,1.69,47.60,48.22,1.911,nan,nan
18.69,-67.67,-1.90,0.02,1.67,nan,1.69,47.60,48.22,1.912,nan,nan
18.70,-67.67,-1.56,0.02,1.67,nan,1.69,47.60,48.22,1.912,nan,nan
18.71,-67.67,-1.73,0.00,1.69,nan,1.69,47.60,48.26,1.931,nan,nan
18.72,-67.67,-1.73,0.00,1.70,nan,1.68,47.70,48.22,1.940,nan,nan
18.73,-67.17,-1.37,0.00,1.70,nan,1.68,47.70,48.22,1.940,nan,nan
18.74,-67.17,-1.37,-0.00,1.73,nan,1.68,47.70,48.21,1.977,nan,nan
18.75,-67.33,-0.89,-0.00,1.73,nan,1.68,47.70,48.21,1.977,nan,nan
18.76,-67.33,-0.89,0.02,1.72,nan,1.68,47.70,48.22,1.968,nan,nan
18.77,-67.00,-1.56,-0.01,1.66,nan,1.67,47.70,48.22,1.894,nan,nan
18.78,-67.00,-1.39,-0.01,1.66,nan,1.67,47.70,48.22,1.894,nan,nan
18.79,-67.00,-1.39,0.02,1.73,nan,1.67,47.70,48.22,1.977,nan,nan
18.80,-67.00,-0.82,0.02,1.73,nan,1.67,47.70,48.22,1.977,nan,nan
18.81,-67.00,-0.82,-0.05,1.60,nan,1.67,47.70,48.22,1.829,nan,nan
18.82,-66.50,-2.02,-0.05,1.60,nan,1.67,47.70,48.22,1.829,nan,nan
18.83,-66.67,-1.51,-0.02,1.55,nan,1.67,47.60,48.24,1.772,nan,nan
18.84,-66.67,-1.51,-0.02,1.55,nan,1.66,47.60,48.24,1.772,nan,nan
18.85,-66.67,-1.51,0.06,1.74,nan,1.66,47.60,48.19,1.986,nan,nan
18.86,-66.33,-1.13,0.04,1.76,nan,1.66,47.60,48.21,2.005,nan,nan
18.87,-66.33,-1.03,0.04,1.76,nan,1.66,47.60,48.21,2.005,nan,nan
18.88,-66.33,-1.03,0.03,1.67,nan,1.66,47.60,48.22,1.903,nan,nan
18.89,-66.50,-1.10,0.03,1.67,nan,1.65,47.60,48.22,1.903,nan,nan
18.90,-66.00,-1.13,0.06,1.68,nan,1.65,47.60,48.22,1.921,nan,nan
18.91,-66.00,-1.13,0.03,1.72,nan,1.65,47.60,48.24,1.968,nan,nan
18.92,-66.00,-1.54,0.03,1.72,nan,1.65,47.60,48.24,1.968,nan,nan
18.93,-66.00,-1.54,0.02,1.71,nan,1.65,47.60,48.24,1.949,nan,nan
18.94,-66.00,-1.20,0.02,1.71,nan,1.64,47.60,48.24,1.949,nan,nan
18.95,-65.50,-0.98,0.04,1.72,nan,1.64,47.60,48.24,1.968,nan,nan
18.96,-65.50,-0.98,0.05,1.64,nan,1.64,47.60,48.21,1.874,nan,nan
18.97,-65.33,-0.91,0.05,1.64,nan,1.64,47.60,48.21,1.874,nan,nan
18.98,-65.33,-0.91,0.03,1.61,nan,1.64,47.60,48.22,1.837,nan,nan
18.99,-65.67,-0.77,0.03,1.61,nan,1.63,47.60,48.22,1.837,nan,nan
19.00,-65.67,-0.77,-0.00,1.55,nan,1.63,47.60,48.24,1.772,nan,nan
19.01,-65.50,-1.20,-0.06,1.64,nan,1.63,47.60,48.22,1.837,nan,nan
19.02,-65.33,-1.15,-0.06,1.64,nan,1.63,47.60,48.22,1.837,nan,nan
19.03,-65.33,-1.15,-0.03,1.63,nan,1.63,47.60,48.21,1.866,nan,nan
19.04,-65.00,-0.91,-0.03,1.63,nan,1.63,47.70,48.21,1.866,nan,nan
19.05,-65.00,-0.91,0.01,1.65,nan,1.62,47.70,48.24,1.883,nan,nan
19.06,-64.83,-2.23,0.02,1.61,nan,1.62,47.70,48.24,1.837,nan,nan
19.07,-64.83,-0.79,0.02,1.61,nan,1.62,47.70,48.24,1.837,nan,nan
19.08,-64.83,-0.79,0.03,1.58,nan,1.62,47.70,48.19,1.809,nan,nan
19.09,-64.50,-1.44,0.03,1.58,nan,1.62,47.70,48.19,1.809,nan,nan
19.10,-64.50,-1.44,0.02,1.67,nan,1.62,47.70,48.22,1.902,nan,nan
19.11,-64.67,-1.27,0.02,1.67,nan,1.61,47.70,48.22,1.902,nan,nan
19.12,-64.67,-1.54,0.04,1.58,nan,1.61,47.70,48.24,1.809,nan,nan
19.13,-64.67,-1.54,0.07,1.67,nan,1.61,47.70,48.24,1.902,nan,nan
19.14,-64.33,-1.30,0.07,1.67,nan,1.61,47.70,48.24,1.902,nan,nan
19.15,-64.33,-1.30,0.03,1.63,nan,1.61,47.70,48.21,1.855,nan,nan
19.16,-64.50,-0.98,0.03,1.63,nan,1.60,47.70,48.21,1.855,nan,nan
19.17,-64.33,-0.22,-0.04,1.69,nan,1.60,47.70,48.21,1.931,nan,nan
19.18,-64.33,-0.22,0.04,1.53,nan,1.60,47.70,48.22,1.744,nan,nan
19.19,-63.83,-1.58,0.04,1.53,nan,1.60,47.70,48.22,1.744,nan,nan
19.20,-63.83,-1.58,-0.05,1.52,nan,1.60,47.70,48.24,1.735,nan,nan
19.21,-63.50,-1.63,-0.05,1.52,nan,1.59,47.70,48.24,1.735,nan,nan
19.22,-63.67,-1.32,0.03,1.63,nan,1.59,47.70,48.22,1.856,nan,nan
19.23,-63.67,-1.32,0.00,1.63,nan,1.59,47.70,48.24,1.866,nan,nan
19.24,-63.50,-1.20,0.00,1.63,nan,1.59,47.60,48.24,1.866,nan,nan
19.25,-63.50,-1.20,0.01,1.49,nan,1.59,47.60,48.21,1.698,nan,nan
19.26,-63.50,-1.18,0.01,1.49,nan,1.58,47.60,48.21,1.698,nan,nan
19.27,-63.50,-1.18,-0.00,1.58,nan,1.58,47.60,48.21,1.809,nan,nan
19.28,-63.50,-1.22,-0.02,1.58,nan,1.58,47.60,48.22,1.800,nan,nan
19.29,-63.17,-1.06,-0.02,1.58,nan,1.58,47.60,48.22,1.800,nan,nan
19.30,-63.17,-1.06,0.00,1.52,nan,1.58,47.60,48.22,1.735,nan,nan
19.31,-63.17,-1.54,0.00,1.52,nan,1.57,47.60,48.22,1.735,nan,nan
19.32,-63.17,-1.54,-0.06,1.57,nan,1.57,47.60,48.22,1.789,nan,nan
19.33,-63.00,-0.48,-0.09,1.50,nan,1.57,47.60,48.24,1.715,nan,nan
19.34,-62.67,-1.70,-0.09,1.50,nan,1.57,47.60,48.24,1.715,nan,nan
19.35,-62.67,-1.70,0.04,1.58,nan,1.57,47.60,48.22,1.809,nan,nan
19.36,-62.83,-0.91,0.04,1.58,nan,1.57,47.60,48.22,1.809,nan,nan
19.37,-62.83,-0.91,-0.02,1.55,nan,1.57,47.60,48.22,1.772,nan,nan
19.38,-62.50,-1.32,-0.03,1.60,nan,1.56,47.60,48.22,1.829,nan,nan
19.39,-62.50,-1.49,-0.03,1.60,nan,1.56,47.60,48.22,1.829,nan,nan
19.40,-62.50,-1.49,-0.01,1.65,nan,1.56,47.60,48.24,1.883,nan,nan
19.41,-62.33,-1.01,-0.01,1.65,nan,1.56,47.60,48.24,1.883,nan,nan
19.42,-62.33,-1.01,-0.01,1.59,nan,1.56,47.60,48.22,1.818,nan,nan
19.43,-62.00,-2.33,-0.01,1.59,nan,1.55,47.60,48.22,1.818,nan,nan
19.44,-62.33,-1.32,0.02,1.56,nan,1.55,47.70,48.21,1.781,nan,nan
19.45,-62.33,-1.32,0.04,1.60,nan,1.55,47.70,48.24,1.828,nan,nan
19.46,-62.00,-1.56,0.04,1.60,nan,1.55,47.70,48.24,1.828,nan,nan
19.47,-62.00,-1.56,-0.01,1.62,nan,1.55,47.70,48.21,1.846,nan,nan
19.48,-61.67,-1.51,-0.01,1.62,nan,1.54,47.70,48.21,1.846,nan,nan
19.49,-62.00,-0.79,0.01,1.62,nan,1.54,47.70,48.22,1.735,nan,nan
19.50,-62.00,-0.79,0.00,1.53,nan,1.54,47.70,48.24,1.744,nan,nan
19.51,-61.83,-1.44,0.00,1.53,nan,1.54,47.70,48.24,1.744,nan,nan
19.52,-61.83,-1.44,0.02,1.58,nan,1.54,47.70,48.22,1.809,nan,nan
19.53,-61.33,-1.94,0.02,1.58,nan,1.53,47.70,48.22,1.809,nan,nan
19.54,-61.33,-1.10,0.02,1.55,nan,1.53,47.70,48.22,1.772,nan,nan
19.55,-61.33,-1.10,0.03,1.58,nan,1.53,47.70,48.22,1.809,nan,nan
19.56,-61.33,-1.01,0.03,1.58,nan,1.53,47.70,48.22,1.809,nan,nan
19.57,-61.33,-1.01,-0.01,1.50,nan,1.53,47.70,48.19,1.707,nan,nan
19.58,-61.00,-0.89,-0.01,1.50,nan,1.52,47.70,48.19,1.707,nan,nan
19.59,-60.83,-0.86,-0.05,1.53,nan,1.52,47.70,48.24,1.744,nan,nan
19.60,-60.83,-0.86,-0.01,1.53,nan,1.52,47.70,48.19,1.744,nan,nan
19.61,-60.83,-0.70,-0.01,1.53,nan,1.52,47.70,48.19,1.744,nan,nan
19.62,-60.83,-0.70,-0.02,1.47,nan,1.52,47.70,48.21,1.678,nan,nan
19.63,-60.50,-1.87,-0.02,1.47,nan,1.52,47.70,48.21,1.678,nan,nan
19.64,-60.50,-1.87,0.01,1.51,nan,1.52,47.70,48.21,1.724,nan,nan
19.65,-60.83,-0.96,-0.01,1.63,nan,1.51,47.70,48.22,1.866,nan,nan
19.66,-60.50,-1.30,-0.01,1.63,nan,1.51,47.60,48.22,1.866,nan,nan
19.67,-60.50,-1.30,-0.05,1.47,nan,1.51,47.60,48.22,1.678,nan,nan
19.68,-60.33,-1.18,-0.05,1.47,nan,1.51,47.60,48.22,1.678,nan,nan
19.69,-60.33,-1.18,0.03,1.60,nan,1.51,47.60,48.19,1.827,nan,nan
19.70,-60.33,-1.44,0.05,1.50,nan,1.50,47.60,48.21,1.716,nan,nan
19.71,-60.17,-0.48,0.05,1.50,nan,1.50,47.60,48.21,1.716,nan,nan
19.72,-60.17,-0.48,0.02,1.45,nan,1.50,47.60,48.21,1.660,nan,nan
19.73,-59.67,-1.13,0.02,1.45,nan,1.50,47.60,48.21,1.660,nan,nan
19.74,-59.83,-0.60,0.03,1.47,nan,1.50,47.60,48.24,1.679,nan,nan
19.75,-59.83,-0.60,0.02,1.49,nan,1.49,47.60,48.21,1.698,nan,nan
19.76,-59.83,-0.70,0.02,1.49,nan,1.49,47.70,48.21,1.698,nan,nan
19.77,-59.83,-0.70,-0.02,1.54,nan,1.49,47.70,48.22,1.763,nan,nan
19.78,-59.33,-1.37,-0.01,1.52,nan,1.49,47.70,48.24,1.735,nan,nan
19.79,-59.33,-2.21,-0.01,1.52,nan,1.49,47.70,48.24,1.735,nan,nan
19.80,-59.33,-2.21,-0.01,1.50,nan,1.48,47.70,48.22,1.707,nan,nan
19.81,-59.67,-1.08,-0.01,1.50,nan,1.48,47.70,48.22,1.707,nan,nan
19.82,-59.67,-1.08,-0.05,1.46,nan,1.48,47.70,48.22,1.661,nan,nan
19.83,-59.33,-0.74,-0.05,1.46,nan,1.48,47.70,48.22,1.661,nan,nan
19.84,-59.00,-0.84,-0.05,1.32,nan,1.48,47.70,48.24,1.502,nan,nan
19.85,-59.00,-0.84,-0.01,1.49,nan,1.48,47.70,48.22,1.698,nan,nan
19.86,-59.33,-0.58,-0.01,1.49,nan,1.48,47.70,48.22,1.698,nan,nan
19.87,-59.33,-0.58,0.03,1.50,nan,1.47,47.70,48.22,1.716,nan,nan
19.88,-58.67,-1.13,0.03,1.50,nan,1.47,47.70,48.22,1.716,nan,nan
19.89,-58.83,-0.86,-0.01,1.46,nan,1.47,47.70,48.22,1.661,nan,nan
19.90,-58.83,-0.86,-0.00,1.49,nan,1.47,47.70,48.24,1.696,nan,nan
19.91,-58.50,-1.75,-0.00,1.49,nan,1.47,47.70,48.24,1.696,nan,nan
19.92,-58.50,-1.75,0.01,1.49,nan,1.46,47.70,48.22,1.698,nan,nan
19.93,-58.67,-1.34,0.01,1.49,nan,1.46,47.70,48.22,1.698,nan,nan
19.94,-58.50,-1.08,0.00,1.35,nan,1.46,47.70,48.19,1.539,nan,nan
19.95,-58.50,-1.08,-0.02,1.38,nan,1.46,47.70,48.21,1.576,nan,nan
19.96,-58.17,-1.18,-0.02,1.38,nan,1.46,47.70,48.21,1.576,nan,nan
19.97,-58.17,-1.18,-0.01,1.38,nan,1.45,47.70,48.24,1.576,nan,nan
19.98,-58.33,-1.10,-0.01,1.38,nan,1.45,47.70,48.24,1.576,nan,nan
19.99,-58.33,-1.10,-0.08,1.55,nan,1.45,47.70,48.24,1.764,nan,nan
20.00,-58.00,-1.13,-0.01,1.50,nan,1.45,47.70,48.21,1.707,nan,nan
20.01,-57.83,-1.68,-0.01,1.50,nan,1.45,47.70,48.21,1.707,nan,nan
20.02,-57.83,-1.68,0.02,1.44,nan,1.44,47.70,48.19,1.641,nan,nan
20.03,-57.83,-0.77,0.02,1.44,nan,1.44,47.70,48.19,1.641,nan,nan
20.04,-57.83,-0.77,-0.01,1.47,nan,1.44,47.70,48.24,1.678,nan,nan
20.05,-57.50,-1.32,-0.04,1.49,nan,1.44,47.70,48.22,1.698,nan,nan
20.06,-57.50,-0.67,-0.04,1.49,nan,1.44,47.70,48.22,1.698,nan,nan
20.07,-57.50,-0.67,-0.00,1.50,nan,1.43,47.70,48.22,1.715,nan,nan
20.08,-57.17,-1.39,-0.00,1.50,nan,1.43,47.70,48.22,1.715,nan,nan
20.09,-57.17,-1.39,0.00,1.52,nan,1.43,47.70,48.22,1.735,nan,nan
20.10,-56.83,-2.11,0.03,1.46,nan,1.43,47.70,48.24,1.670,nan,nan
20.11,-57.17,-1.22,0.03,1.46,nan,1.43,47.70,48.24,1.670,nan,nan
20.12,-57.17,-1.22,-0.05,1.36,nan,1.43,47.70,48.22,1.548,nan,nan
20.13,-57.17,-1.13,-0.05,1.36,nan,1.43,47.70,48.22,1.548,nan,nan
20.14,-57.17,-1.13,0.00,1.47,nan,1.42,47.70,48.22,1.678,nan,nan
20.15,-56.83,-1.37,0.00,1.47,nan,1.42,47.70,48.22,1.678,nan,nan
20.16,-56.67,-1.27,-0.00,1.41,nan,1.42,47.70,48.22,1.613,nan,nan
20.17,-56.67,-1.27,-0.03,1.41,nan,1.42,47.70,48.21,1.604,nan,nan
20.18,-56.67,-1.06,-0.03,1.41,nan,1.42,47.70,48.21,1.604,nan,nan
20.19,-56.67,-1.06,0.02,1.39,nan,1.41,47.70,48.21,1.585,nan,nan
20.20,-56.33,-1.15,0.02,1.39,nan,1.41,47.60,48.21,1.585,nan,nan
20.21,-56.17,-1.56,0.03,1.50,nan,1.41,47.60,48.21,1.707,nan,nan
20.22,-56.17,-1.56,0.05,1.39,nan,1.41,47.60,48.21,1.585,nan,nan
20.23,-56.50,-0.77,0.05,1.39,nan,1.41,47.60,48.21,1.585,nan,nan
20.24,-56.50,-0.77,0.06,1.44,nan,1.40,47.60,48.22,1.641,nan,nan
20.25,-56.50,-0.60,0.06,1.44,nan,1.40,47.60,48.22,1.641,nan,nan
20.26,-56.33,-0.77,0.05,1.39,nan,1.40,47.60,48.24,1.585,nan,nan
20.27,-56.33,-0.77,0.03,1.36,nan,1.40,47.60,48.22,1.557,nan,nan
20.28,-55.67,-1.49,0.03,1.36,nan,1.40,47.60,48.22,1.557,nan,nan
20.29,-55.67,-1.49,0.03,1.41,nan,1.39,47.60,48.24,1.604,nan,nan
20.30,-55.67,-1.61,0.03,1.41,nan,1.39,47.70,48.24,1.604,nan,nan
20.31,-55.67,-1.61,-0.06,1.39,nan,1.39,47.70,48.24,1.584,nan,nan
20.32,-55.50,-1.25,-0.02,1.36,nan,1.39,47.70,48.22,1.556,nan,nan
20.33,-55.50,-1.20,-0.02,1.36,nan,1.39,47.70,48.22,1.556,nan,nan
20.34,-55.50,-1.20,-0.03,1.33,nan,1.38,47.70,48.21,1.519,nan,nan
20.35,-55.50,-1.06,-0.03,1.33,nan,1.38,47.70,48.21,1.519,nan,nan
20.36,-55.50,-1.06,-0.02,1.47,nan,1.38,47.70,48.21,1.678,nan,nan
20.37,-55.17,-1.30,0.02,1.35,nan,1.38,47.70,48.24,1.539,nan,nan
20.38,-55.17,-0.82,0.02,1.35,nan,1.38,47.70,48.24,1.539,nan,nan
20.39,-55.17,-0.82,0.04,1.44,nan,1.38,47.70,48.22,1.641,nan,nan
20.40,-55.17,-1.06,0.04,1.44,nan,1.38,47.70,48.22,1.641,nan,nan
20.41,-55.17,-1.06,-0.02,1.38,nan,1.37,47.70,48.22,1.576,nan,nan
20.42,-54.67,-0.86,-0.00,1.35,nan,1.37,47.70,48.24,1.539,nan,nan
20.43,-54.83,-1.49,-0.00,1.35,nan,1.37,47.70,48.24,1.539,nan,nan
20.44,-54.83,-1.49,0.08,1.41,nan,1.37,47.70,48.22,1.604,nan,nan
20.45,-54.83,-0.94,0.08,1.41,nan,1.37,47.70,48.22,1.604,nan,nan
20.46,-54.83,-0.94,0.03,1.41,nan,1.36,47.70,48.24,1.613,nan,nan
20.47,-54.83,-0.62,0.03,1.41,nan,1.36,47.70,48.24,1.613,nan,nan
20.48,-54.50,-1.15,0.01,1.38,nan,1.36,47.70,48.24,1.576,nan,nan
20.49,-54.50,-1.15,0.02,1.34,nan,1.36,47.70,48.22,1.530,nan,nan
20.50,-54.00,-2.45,0.02,1.34,nan,1.36,47.70,48.22,1.530,nan,nan
20.51,-54.00,-2.45,-0.00,1.36,nan,1.35,47.60,48.21,1.548,nan,nan
20.52,-54.17,-1.44,-0.00,1.36,nan,1.35,47.60,48.21,1.548,nan,nan
20.53,-54.00,-1.06,-0.02,1.36,nan,1.35,47.60,48.24,1.548,nan,nan
20.54,-54.00,-1.06,0.03,1.33,nan,1.35,47.60,48.21,1.520,nan,nan
20.55,-54.00,-1.10,0.03,1.33,nan,1.35,47.60,48.21,1.520,nan,nan
20.56,-54.00,-1.10,-0.01,1.33,nan,1.34,47.60,48.21,1.520,nan,nan
20.57,-53.83,-0.86,-0.01,1.33,nan,1.34,47.60,48.21,1.520,nan,nan
20.58,-53.83,-0.86,0.01,1.35,nan,1.34,47.60,48.24,1.539,nan,nan
20.59,-53.50,-0.94,0.01,1.35,nan,1.34,47.60,48.24,1.539,nan,nan
20.60,-53.50,-0.89,-0.02,1.33,nan,1.34,47.60,48.22,1.519,nan,nan
20.61,-53.50,-0.89,-0.00,1.28,nan,1.33,47.70,48.19,1.463,nan,nan
20.62,-53.67,-0.79,-0.00,1.28,nan,1.33,47.70,48.19,1.463,nan,nan
20.63,-53.67,-0.79,0.03,1.38,nan,1.33,47.70,48.22,1.576,nan,nan
20.64,-53.50,-0.77,0.02,1.21,nan,1.33,47.70,48.22,1.380,nan,nan
20.65,-53.00,-1.34,0.02,1.21,nan,1.33,47.70,48.22,1.380,nan,nan
20.66,-53.00,-1.34,0.03,1.41,nan,1.32,47.70,48.24,1.613,nan,nan
20.67,-53.17,-0.89,0.03,1.41,nan,1.32,47.70,48.24,1.613,nan,nan
20.68,-53.17,-0.89,-0.04,1.38,nan,1.32,47.70,48.24,1.576,nan,nan
20.69,-53.00,-0.89,-0.04,1.41,nan,1.32,47.70,48.21,1.605,nan,nan
20.70,-52.50,-1.22,-0.04,1.41,nan,1.32,47.70,48.21,1.605,nan,nan
20.71,-52.50,-1.22,-0.01,1.30,nan,1.32,47.70,48.21,1.482,nan,nan
20.72,-52.33,-1.58,-0.01,1.30,nan,1.32,47.70,48.21,1.482,nan,nan
20.73,-52.33,-1.58,0.02,1.36,nan,1.31,47.70,48.24,1.548,nan,nan
20.74,-52.67,-1.13,0.03,1.23,nan,1.31,47.70,48.22,1.408,nan,nan
20.75,-52.67,-0.43,0.03,1.23,nan,1.31,47.70,48.22,1.408,nan,nan
20.76,-52.67,-0.43,-0.02,1.28,nan,1.31,47.70,48.22,1.465,nan,nan
20.77,-52.17,-1.61,-0.02,1.28,nan,1.31,47.70,48.22,1.465,nan,nan
20.78,-52.17,-1.61,0.04,1.29,nan,1.30,47.70,48.24,1.474,nan,nan
20.79,-52.00,-1.39,0.04,1.29,nan,1.30,47.70,48.24,1.474,nan,nan
20.80,-52.00,-1.39,-0.06,1.27,nan,1.30,47.70,48.24,1.445,nan,nan
20.81,-52.17,-1.30,0.01,1.26,nan,1.30,47.70,48.21,1.437,nan,nan
20.82,-51.83,-1.39,0.01,1.26,nan,1.30,47.60,48.21,1.437,nan,nan
20.83,-51.83,-1.39,0.01,1.30,nan,1.29,47.60,48.24,1.482,nan,nan
20.84,-51.50,-1.99,0.01,1.30,nan,1.29,47.60,48.24,1.482,nan,nan
20.85,-51.67,-0.98,-0.01,1.26,nan,1.29,47.60,48.22,1.437,nan,nan
20.86,-51.67,-0.98,0.03,1.35,nan,1.29,47.60,48.24,1.539,nan,nan
20.87,-51.83,-0.82,0.03,1.35,nan,1.29,47.60,48.24,1.539,nan,nan
20.88,-51.83,-0.82,-0.01,1.27,nan,1.28,47.60,48.24,1.454,nan,nan
20.89,-51.33,-1.97,-0.01,1.27,nan,1.28,47.60,48.24,1.454,nan,nan
20.90,-51.33,-0.91,0.00,1.32,nan,1.28,47.60,48.22,1.511,nan,nan
20.91,-51.33,-0.91,0.01,1.30,nan,1.28,47.60,48.22,1.483,nan,nan
20.92,-51.17,-1.63,0.01,1.30,nan,1.28,47.70,48.22,1.483,nan,nan
20.93,-51.17,-1.63,0.06,1.34,nan,1.27,47.70,48.24,1.529,nan,nan
20.94,-50.83,-1.58,0.06,1.34,nan,1.27,47.70,48.24,1.529,nan,nan
20.95,-50.83,-1.58,-0.01,1.25,nan,1.27,47.70,48.24,1.428,nan,nan
20.96,-50.67,-1.39,0.04,1.21,nan,1.27,47.70,48.24,1.380,nan,nan
20.97,-51.00,-0.74,0.04,1.21,nan,1.27,47.70,48.24,1.380,nan,nan
20.98,-51.00,-0.74,0.03,1.35,nan,1.27,47.70,48.24,1.539,nan,nan
20.99,-50.50,-1.46,0.03,1.35,nan,1.27,47.70,48.24,1.539,nan,nan
21.00,-50.50,-1.46,-0.01,1.23,nan,1.26,47.70,48.22,1.408,nan,nan
21.01,-50.50,-1.06,0.04,1.34,nan,1.26,47.70,48.21,1.528,nan,nan
21.02,-50.50,-0.91,0.04,1.34,nan,1.26,47.70,48.21,1.528,nan,nan
21.03,-50.50,-0.91,0.02,1.29,nan,1.26,47.60,48.22,1.474,nan,nan
21.04,-50.00,-1.03,0.02,1.29,nan,1.26,47.60,48.22,1.474,nan,nan
21.05,-50.00,-1.03,-0.00,1.32,nan,1.25,47.60,48.22,1.511,nan,nan
21.06,-50.00,-1.06,-0.00,1.32,nan,1.25,47.60,48.22,1.511,nan,nan
21.07,-50.00,-1.42,0.00,1.14,nan,1.25,47.60,48.19,1.306,nan,nan
21.08,-50.00,-1.42,-0.01,1.32,nan,1.25,47.60,48.24,1.511,nan,nan
21.09,-49.67,-1.66,-0.01,1.32,nan,1.25,47.60,48.24,1.511,nan,nan
21.10,-49.67,-1.66,0.02,1.27,nan,1.24,47.60,48.21,1.445,nan,nan
21.11,-49.67,-1.18,0.02,1.27,nan,1.24,47.60,48.21,1.445,nan,nan
21.12,-49.67,-1.34,-0.02,1.25,nan,1.24,47.60,48.22,1.428,nan,nan
21.13,-49.67,-1.34,-0.00,1.27,nan,1.24,47.60,48.22,1.454,nan,nan
21.14,-49.33,-1.25,-0.00,1.27,nan,1.24,47.60,48.22,1.454,nan,nan
21.15,-49.33,-1.25,-0.03,1.27,nan,1.23,47.60,48.24,1.445,nan,nan
21.16,-49.67,-0.96,-0.03,1.27,nan,1.23,47.60,48.24,1.445,nan,nan
21.17,-49.67,-0.96,-0.01,1.26,nan,1.23,47.60,48.24,1.437,nan,nan
21.18,-49.17,-0.94,-0.01,1.26,nan,1.23,47.60,48.24,1.437,nan,nan
21.19,-49.17,-0.94,0.01,1.23,nan,1.23,47.60,48.21,1.408,nan,nan
21.20,-49.17,-0.96,-0.05,1.21,nan,1.23,47.60,48.22,1.380,nan,nan
21.21,-49.00,-1.49,-0.05,1.21,nan,1.23,47.60,48.22,1.380,nan,nan
21.22,-49.00,-1.49,0.07,1.18,nan,1.22,47.60,48.24,1.343,nan,nan
21.23,-49.00,-0.89,0.07,1.18,nan,1.22,47.60,48.24,1.343,nan,nan
21.24,-48.33,-1.70,-0.03,1.29,nan,1.22,47.70,48.24,1.474,nan,nan
21.25,-48.33,-1.70,0.02,1.23,nan,1.22,47.70,48.22,1.408,nan,nan
21.26,-48.67,-1.03,0.02,1.23,nan,1.22,47.70,48.22,1.408,nan,nan
21.27,-48.67,-1.03,0.05,1.21,nan,1.21,47.70,48.22,1.380,nan,nan
21.28,-48.50,-1.06,0.05,1.21,nan,1.21,47.70,48.22,1.380,nan,nan
21.29,-48.33,-0.89,0.01,1.15,nan,1.21,47.70,48.22,1.315,nan,nan
21.30,-48.33,-0.89,-0.02,1.20,nan,1.21,47.70,48.22,1.371,nan,nan
21.31,-48.00,-1.61,-0.02,1.20,nan,1.21,47.70,48.22,1.371,nan,nan
21.32,-48.00,-1.61,-0.00,1.14,nan,1.20,47.70,48.22,1.306,nan,nan
21.33,-47.83,-1.61,-0.00,1.14,nan,1.20,47.70,48.22,1.306,nan,nan
21.34,-48.17,-0.58,0.03,1.27,nan,1.20,47.70,48.24,1.445,nan,nan
21.35,-48.17,-0.58,-0.03,1.23,nan,1.20,47.60,48.22,1.408,nan,nan
21.36,-47.83,-1.32,-0.03,1.23,nan,1.20,47.60,48.22,1.408,nan,nan
21.37,-47.83,-1.32,0.03,1.22,nan,1.19,47.60,48.24,1.389,nan,nan
21.38,-47.33,-1.58,0.03,1.22,nan,1.19,47.60,48.24,1.389,nan,nan
21.39,-47.83,-0.82,0.02,1.24,nan,1.19,47.60,48.24,1.417,nan,nan
21.40,-47.83,-0.82,0.04,1.13,nan,1.19,47.60,48.24,1.315,nan,nan
21.41,-47.67,-1.13,0.04,1.13,nan,1.19,47.60,48.24,1.315,nan,nan
21.42,-47.67,-1.13,0.02,1.24,nan,1.18,47.60,48.24,1.417,nan,nan
21.43,-47.17,-1.30,0.02,1.24,nan,1.18,47.60,48.24,1.417,nan,nan
21.44,-47.17,-1.30,0.05,1.09,nan,1.18,47.60,48.24,1.250,nan,nan
21.45,-47.33,-0.62,0.05,1.09,nan,1.18,47.60,48.24,1.250,nan,nan
21.46,-47.33,-0.62,-0.00,1.28,nan,1.18,47.60,48.24,1.465,nan,nan
21.47,-47.33,-0.62,-0.02,1.18,nan,1.17,47.60,48.22,1.352,nan,nan
21.48,-47.00,-1.37,-0.02,1.18,nan,1.17,47.60,48.22,1.352,nan,nan
21.49,-47.00,-1.37,-0.04,1.15,nan,1.17,47.60,48.24,1.315,nan,nan
21.50,-46.67,-1.25,-0.04,1.15,nan,1.17,47.60,48.24,1.315,nan,nan
21.51,-46.83,-0.91,-0.02,1.23,nan,1.17,47.60,48.24,1.408,nan,nan
21.52,-46.83,-0.91,0.01,1.15,nan,1.17,47.60,48.22,1.315,nan,nan
21.53,-46.50,-1.37,0.01,1.15,nan,1.17,47.60,48.22,1.315,nan,nan
21.54,-46.50,-1.37,-0.01,1.21,nan,1.16,47.60,48.24,1.380,nan,nan
21.55,-46.50,-1.25,-0.01,1.21,nan,1.16,47.60,48.24,1.380,nan,nan
21.56,-46.50,-1.25,0.00,1.18,nan,1.16,47.60,48.24,1.352,nan,nan
21.57,-45.83,-1.18,0.00,1.18,nan,1.16,47.60,48.24,1.352,nan,nan
21.58,-45.83,-1.18,-0.01,1.09,nan,1.16,47.60,48.24,1.250,nan,nan
21.59,-46.33,-0.53,-0.02,1.21,nan,1.15,47.60,48.24,1.380,nan,nan
21.60,-46.33,-0.86,-0.02,1.21,nan,1.15,47.60,48.24,1.380,nan,nan
21.61,-46.33,-0.86,0.02,1.15,nan,1.15,47.60,48.22,1.315,nan,nan
21.62,-46.17,-0.79,0.02,1.15,nan,1.15,47.60,48.22,1.315,nan,nan
21.63,-46.00,-1.20,-0.00,1.27,nan,1.15,47.60,48.22,1.445,nan,nan
21.64,-46.00,-1.20,-0.04,1.15,nan,1.14,47.60,48.24,1.315,nan,nan
21.65,-45.83,-0.94,-0.04,1.15,nan,1.14,47.60,48.24,1.315,nan,nan
21.66,-45.83,-0.94,-0.02,1.13,nan,1.14,47.60,48.24,1.287,nan,nan
21.67,-45.67,-1.27,-0.02,1.13,nan,1.14,47.70,48.24,1.287,nan,nan
21.68,-45.50,-0.98,-0.00,1.15,nan,1.14,47.70,48.26,1.315,nan,nan
21.69,-45.50,-0.98,0.06,1.15,nan,1.13,47.70,48.24,1.315,nan,nan
21.70,-45.00,-1.80,0.06,1.15,nan,1.13,47.70,48.24,1.315,nan,nan
21.71,-45.00,-1.80,0.00,1.23,nan,1.13,47.70,48.21,1.408,nan,nan
21.72,-45.00,-1.13,0.00,1.23,nan,1.13,47.70,48.21,1.408,nan,nan
21.73,-45.00,-1.13,-0.01,1.09,nan,1.13,47.70,48.24,1.250,nan,nan
21.74,-45.00,-1.92,-0.01,1.09,nan,1.12,47.70,48.24,1.250,nan,nan
21.75,-44.83,-1.46,-0.01,1.06,nan,1.12,47.70,48.24,1.213,nan,nan
21.76,-44.83,-1.46,-0.02,1.09,nan,1.12,47.70,48.19,1.250,nan,nan
21.77,-44.83,-1.49,-0.02,1.09,nan,1.12,47.60,48.19,1.250,nan,nan
21.78,-44.83,-1.49,-0.00,1.06,nan,1.12,47.60,48.24,1.278,nan,nan
21.79,-44.83,-0.91,-0.00,1.06,nan,1.12,47.60,48.24,1.278,nan,nan
21.80,-44.83,-0.98,0.03,1.06,nan,1.12,47.60,48.24,1.212,nan,nan
21.81,-44.83,-0.98,-0.02,1.06,nan,1.11,47.60,48.22,1.213,nan,nan
21.82,-44.33,-1.42,-0.02,1.06,nan,1.11,47.60,48.22,1.213,nan,nan
21.83,-44.33,-1.42,0.04,1.14,nan,1.11,47.60,48.22,1.306,nan,nan
21.84,-44.33,-1.27,0.04,1.14,nan,1.11,47.60,48.22,1.306,nan,nan
21.85,-44.33,-1.27,-0.02,1.09,nan,1.11,47.60,48.24,1.250,nan,nan
21.86,-44.50,-0.77,-0.02,1.09,nan,1.10,47.60,48.24,1.250,nan,nan
21.87,-44.50,-0.60,-0.01,1.07,nan,1.10,47.60,48.24,1.221,nan,nan
21.88,-44.50,-0.60,0.01,1.15,nan,1.10,47.70,48.22,1.315,nan,nan
21.89,-44.17,-1.37,0.01,1.15,nan,1.10,47.70,48.22,1.315,nan,nan
21.90,-44.17,-1.37,-0.01,1.11,nan,1.10,47.70,48.21,1.269,nan,nan
21.91,-43.83,-0.94,-0.01,1.11,nan,1.10,47.70,48.21,1.269,nan,nan
21.92,-43.83,-0.94,0.02,1.01,nan,1.09,47.70,48.24,1.156,nan,nan
21.93,-43.83,-0.96,0.02,1.01,nan,1.09,47.70,48.24,1.156,nan,nan
21.94,-43.67,-1.08,-0.04,1.13,nan,1.09,47.70,48.22,1.286,nan,nan
21.95,-43.67,-1.08,0.04,1.08,nan,1.09,47.70,48.24,1.230,nan,nan
21.96,-43.33,-1.80,0.04,1.08,nan,1.09,47.70,48.24,1.230,nan,nan
21.97,-43.33,-1.80,0.06,1.06,nan,1.08,47.70,48.24,1.212,nan,nan
21.98,-43.17,-1.37,0.06,1.06,nan,1.08,47.70,48.24,1.212,nan,nan
21.99,-43.17,-1.15,0.03,1.01,nan,1.08,47.60,48.22,1.156,nan,nan
22.00,-43.17,-1.15,-0.01,1.09,nan,1.08,47.60,48.24,1.250,nan,nan
22.01,-43.33,-0.89,-0.01,1.09,nan,1.08,47.60,48.24,1.250,nan,nan
22.02,-43.33,-0.89,0.01,1.09,nan,1.07,47.60,48.22,1.250,nan,nan
22.03,-43.17,-1.08,0.01,1.09,nan,1.07,47.60,48.22,1.250,nan,nan
22.04,-43.17,-1.08,0.02,1.10,nan,1.07,47.60,48.24,1.259,nan,nan
22.05,-42.33,-1.37,0.02,1.10,nan,1.07,47.60,48.24,1.259,nan,nan
22.06,-42.67,-1.25,-0.00,1.13,nan,1.07,47.60,48.21,1.287,nan,nan
22.07,-42.67,-1.25,0.03,1.15,nan,1.07,47.60,48.24,1.315,nan,nan
22.08,-42.17,-1.73,0.03,1.15,nan,1.07,47.60,48.24,1.315,nan,nan
22.09,-42.17,-1.73,-0.02,1.09,nan,1.06,47.60,48.24,1.250,nan,nan
22.10,-42.67,-1.10,-0.02,1.09,nan,1.06,47.70,48.24,1.250,nan,nan
22.11,-42.17,-0.96,-0.01,0.99,nan,1.06,47.70,48.24,1.128,nan,nan
22.12,-42.17,-0.96,0.02,1.06,nan,1.06,47.70,48.22,1.213,nan,nan
22.13,-42.33,-0.31,0.02,1.06,nan,1.06,47.70,48.22,1.213,nan,nan
22.14,-42.33,-0.31,-0.03,1.03,nan,1.05,47.70,48.22,1.176,nan,nan
22.15,-42.17,-1.15,-0.03,1.03,nan,1.05,47.70,48.22,1.176,nan,nan
22.16,-42.00,-1.54,0.00,1.03,nan,1.05,47.70,48.22,1.175,nan,nan
22.17,-42.00,-1.54,0.01,0.98,nan,1.05,47.70,48.24,1.119,nan,nan
22.18,-42.00,-1.49,0.01,0.98,nan,1.05,47.70,48.24,1.119,nan,nan
22.19,-42.00,-1.49,0.02,1.04,nan,1.04,47.70,48.24,1.184,nan,nan
22.20,-42.00,-1.30,0.02,1.04,nan,1.04,47.70,48.24,1.184,nan,nan
22.21,-42.00,-1.30,0.06,1.01,nan,1.04,47.70,48.24,1.156,nan,nan
22.22,-41.83,-0.65,0.06,1.01,nan,1.04,47.70,48.24,1.156,nan,nan
22.23,-41.50,-0.48,-0.00,1.09,nan,1.04,47.70,48.24,1.241,nan,nan
22.24,-41.50,-0.48,-0.02,1.01,nan,1.03,47.70,48.22,1.156,nan,nan
22.25,-41.17,-1.27,-0.02,1.01,nan,1.03,47.70,48.22,1.156,nan,nan
22.26,-41.17,-1.27,-0.03,1.10,nan,1.03,47.70,48.24,1.258,nan,nan
22.27,-41.17,-1.58,-0.03,1.10,nan,1.03,47.70,48.24,1.258,nan,nan
22.28,-40.83,-1.42,-0.07,1.03,nan,1.03,47.70,48.22,1.176,nan,nan
22.29,-40.83,-1.42,-0.02,1.04,nan,1.02,47.70,48.26,1.156,nan,nan
22.30,-41.00,-0.36,-0.02,1.04,nan,1.02,47.70,48.26,1.156,nan,nan
22.31,-41.00,-0.36,-0.03,1.12,nan,1.02,47.70,48.24,1.278,nan,nan
22.32,-40.83,-1.18,-0.03,1.12,nan,1.02,47.70,48.24,1.278,nan,nan
22.33,-40.50,-1.30,0.01,1.06,nan,1.02,47.70,48.24,1.212,nan,nan
22.34,-40.50,-1.30,-0.02,1.10,nan,1.02,47.70,48.24,1.258,nan,nan
22.35,-40.67,-0.70,-0.02,1.10,nan,1.02,47.70,48.24,1.258,nan,nan
22.36,-40.67,-0.70,-0.00,1.01,nan,1.01,47.70,48.22,1.147,nan,nan
22.37,-40.67,-0.98,-0.00,1.01,nan,1.01,47.70,48.22,1.147,nan,nan
22.38,-40.67,-0.98,0.02,1.01,nan,1.01,47.70,48.22,1.156,nan,nan
22.39,-40.33,-0.82,0.02,1.01,nan,1.01,47.70,48.22,1.156,nan,nan
22.40,-40.67,-0.60,-0.01,1.06,nan,1.01,47.70,48.24,1.213,nan,nan
22.41,-40.67,-0.60,-0.03,0.96,nan,1.00,47.70,48.22,1.091,nan,nan
22.42,-39.83,-1.99,-0.03,0.96,nan,1.00,47.70,48.22,1.091,nan,nan
22.43,-39.83,-1.99,0.02,1.01,nan,1.00,47.70,48.22,1.147,nan,nan
22.44,-40.00,-1.25,0.02,1.01,nan,1.00,47.70,48.22,1.147,nan,nan
22.45,-40.00,-1.08,-0.02,1.09,nan,1.00,47.70,48.26,1.250,nan,nan
22.46,-40.00,-1.08,0.08,0.99,nan,0.99,47.70,48.22,1.128,nan,nan
22.47,-39.83,-0.58,0.08,0.99,nan,0.99,47.70,48.22,1.128,nan,nan
22.48,-39.83,-0.58,0.08,0.99,nan,0.99,47.70,48.22,1.128,nan,nan
22.49,-39.33,-1.44,0.05,1.01,nan,0.99,47.70,48.22,1.156,nan,nan
22.50,-39.33,-1.44,0.05,1.01,nan,0.99,47.70,48.22,1.156,nan,nan
22.51,-39.33,-1.44,0.02,0.99,nan,0.99,47.70,48.22,1.128,nan,nan
22.52,-39.83,-0.62,0.02,0.99,nan,0.99,47.60,48.22,1.128,nan,nan
22.53,-39.83,-0.62,0.07,0.98,nan,0.98,47.60,48.24,1.119,nan,nan
22.54,-39.33,-1.20,0.07,0.98,nan,0.98,47.60,48.24,1.119,nan,nan
22.55,-39.33,-1.20,-0.00,1.07,nan,0.98,47.60,48.24,1.221,nan,nan
22.56,-39.17,-0.26,-0.00,1.07,nan,0.98,47.60,48.24,1.221,nan,nan
22.57,-39.17,-0.26,-0.03,0.97,nan,0.98,47.60,48.22,1.110,nan,nan
22.58,-39.00,-1.30,-0.03,0.97,nan,0.98,47.60,48.22,1.110,nan,nan
22.59,-39.00,-1.30,-0.04,1.00,nan,0.98,47.60,48.21,1.139,nan,nan
22.60,-39.00,-1.73,-0.04,1.00,nan,0.98,47.60,48.21,1.139,nan,nan
22.61,-39.00,-1.73,-0.01,1.05,nan,0.97,47.60,48.24,1.204,nan,nan
22.62,-39.17,-0.60,-0.04,0.92,nan,0.97,47.60,48.19,1.054,nan,nan
22.63,-38.83,-0.79,-0.04,0.92,nan,0.97,47.60,48.19,1.054,nan,nan
22.64,-38.83,-0.79,-0.06,1.01,nan,0.97,47.60,48.22,1.147,nan,nan
22.65,-38.67,-1.18,-0.06,1.01,nan,0.96,47.60,48.22,1.147,nan,nan
22.66,-38.50,-0.94,-0.01,1.01,nan,0.96,47.60,48.22,1.156,nan,nan
22.67,-38.50,-0.94,0.04,0.89,nan,0.96,47.60,48.21,1.017,nan,nan
22.68,-38.17,-1.10,0.04,0.89,nan,0.96,47.60,48.21,1.017,nan,nan
22.69,-38.17,-1.10,-0.00,0.95,nan,0.96,47.60,48.24,1.082,nan,nan
22.70,-38.00,-1.42,-0.02,0.94,nan,0.95,47.60,48.22,1.073,nan,nan
22.71,-38.00,-2.06,-0.02,0.94,nan,0.95,47.60,48.22,1.073,nan,nan
22.72,-38.00,-2.06,-0.03,1.00,nan,0.95,47.60,48.24,1.139,nan,nan
22.73,-37.67,-1.94,-0.03,1.00,nan,0.95,47.60,48.24,1.139,nan,nan
22.74,-37.67,-1.94,-0.01,0.83,nan,0.95,47.60,48.22,0.943,nan,nan
22.75,-37.67,-1.25,-0.01,0.92,nan,0.94,47.60,48.22,1.045,nan,nan
22.76,-37.50,-0.82,-0.01,0.92,nan,0.94,47.60,48.22,1.045,nan,nan
22.77,-37.50,-0.82,-0.03,0.87,nan,0.94,47.60,48.24,0.988,nan,nan
22.78,-37.50,-0.60,-0.03,0.87,nan,0.94,47.60,48.24,0.988,nan,nan
22.79,-37.50,-0.77,-0.04,0.88,nan,0.94,47.60,48.24,1.005,nan,nan
22.80,-37.50,-0.77,-0.02,0.96,nan,0.93,47.60,48.24,1.091,nan,nan
22.81,-37.17,-1.49,-0.02,0.96,nan,0.93,47.60,48.24,1.091,nan,nan
22.82,-37.17,-1.49,0.04,0.89,nan,0.93,47.60,48.24,1.017,nan,nan
22.83,-37.17,-1.32,0.04,0.89,nan,0.93,47.60,48.24,1.017,nan,nan
22.84,-37.00,-1.80,0.05,0.92,nan,0.93,47.70,48.26,1.054,nan,nan
22.85,-37.00,-1.80,0.02,0.97,nan,0.93,47.70,48.24,1.110,nan,nan
22.86,-37.00,-0.86,0.02,0.97,nan,0.93,47.70,48.24,1.110,nan,nan
22.87,-37.00,-0.86,0.02,0.97,nan,0.92,47.70,48.22,1.110,nan,nan
22.88,-37.17,-0.72,0.02,0.97,nan,0.92,47.70,48.22,1.110,nan,nan
22.89,-36.83,-0.70,-0.02,0.84,nan,0.92,47.70,48.24,0.960,nan,nan
22.90,-36.83,-0.70,0.00,0.98,nan,0.92,47.70,48.22,1.119,nan,nan
22.91,-36.67,-1.44,0.00,0.98,nan,0.92,47.70,48.22,1.119,nan,nan
22.92,-36.67,-1.44,0.01,0.90,nan,0.91,47.70,48.24,1.025,nan,nan
22.93,-36.50,-1.68,0.01,0.90,nan,0.91,47.70,48.24,1.025,nan,nan
22.94,-36.33,-0.62,-0.00,0.92,nan,0.91,47.60,48.22,1.045,nan,nan
22.95,-36.33,-0.62,-0.00,0.88,nan,0.91,47.60,48.24,1.008,nan,nan
22.96,-36.33,-1.15,-0.00,0.88,nan,0.91,47.60,48.24,1.008,nan,nan
22.97,-36.33,-1.15,-0.03,0.88,nan,0.90,47.60,48.22,1.008,nan,nan
22.98,-35.83,-1.92,-0.03,0.88,nan,0.90,47.60,48.22,1.008,nan,nan
22.99,-35.83,-0.70,-0.03,0.87,nan,0.90,47.60,48.22,0.988,nan,nan
23.00,-35.83,-0.70,-0.03,0.89,nan,0.90,47.60,48.21,1.017,nan,nan
23.01,-35.67,-0.91,-0.03,0.89,nan,0.90,47.60,48.21,1.017,nan,nan
23.02,-35.67,-0.91,-0.00,0.87,nan,0.89,47.60,48.24,0.988,nan,nan
23.03,-35.50,-1.03,-0.00,0.87,nan,0.89,47.60,48.24,0.988,nan,nan
23.04,-35.50,-1.03,0.01,0.87,nan,0.89,47.60,48.24,0.988,nan,nan
23.05,-35.67,-0.72,0.01,0.87,nan,0.89,47.70,48.24,0.988,nan,nan
23.06,-35.67,-0.72,-0.04,0.92,nan,0.89,47.70,48.21,1.045,nan,nan
23.07,-35.67,-1.15,-0.04,0.92,nan,0.89,47.70,48.21,1.045,nan,nan
23.08,-35.67,-1.15,-0.04,0.92,nan,0.88,47.70,48.21,1.045,nan,nan
23.09,-35.33,-0.82,0.01,0.93,nan,0.88,47.70,48.21,1.065,nan,nan
23.10,-35.33,-0.82,0.01,0.93,nan,0.88,47.70,48.21,1.065,nan,nan
23.11,-35.33,-0.82,0.04,0.78,nan,0.88,47.70,48.22,0.895,nan,nan
23.12,-35.33,-0.82,0.04,0.78,nan,0.88,47.70,48.22,0.895,nan,nan
23.13,-35.33,-0.82,0.04,0.89,nan,0.88,47.70,48.24,1.017,nan,nan
23.14,-35.17,-0.67,0.04,0.89,nan,0.88,47.70,48.24,1.017,nan,nan
23.15,-35.17,-0.67,-0.02,0.87,nan,0.88,47.70,48.24,0.988,nan,nan
23.16,-34.83,-0.84,-0.02,0.87,nan,0.87,47.60,48.24,0.988,nan,nan
23.17,-35.00,-0.72,0.00,0.96,nan,0.87,47.60,48.22,1.091,nan,nan
23.18,-35.00,-0.72,-0.03,0.85,nan,0.87,47.60,48.22,0.971,nan,nan
23.19,-34.83,-0.65,-0.03,0.85,nan,0.87,47.60,48.22,0.971,nan,nan
23.20,-34.83,-0.65,0.01,0.84,nan,0.87,47.60,48.21,0.960,nan,nan
23.21,-34.67,-1.10,0.01,0.84,nan,0.86,47.60,48.21,0.960,nan,nan
23.22,-34.83,-0.65,0.00,0.94,nan,0.86,47.60,48.21,1.073,nan,nan
23.23,-34.83,-0.65,0.02,0.87,nan,0.86,47.60,48.22,0.988,nan,nan
23.24,-34.50,-0.72,0.02,0.87,nan,0.86,47.60,48.22,0.988,nan,nan
23.25,-34.50,-0.72,-0.00,0.86,nan,0.86,47.60,48.24,0.980,nan,nan
23.26,-34.00,-1.61,-0.00,0.86,nan,0.86,47.60,48.24,0.980,nan,nan
23.27,-34.00,-1.61,0.02,0.78,nan,0.85,47.70,48.24,0.886,nan,nan
23.28,-33.83,-1.68,0.03,0.83,nan,0.85,47.70,48.22,0.942,nan,nan
23.29,-34.00,-1.03,0.03,0.83,nan,0.85,47.70,48.22,0.942,nan,nan
23.30,-34.00,-1.03,-0.02,0.83,nan,0.85,47.70,48.22,0.951,nan,nan
23.31,-34.17,-0.84,-0.02,0.83,nan,0.84,47.70,48.22,0.951,nan,nan
23.32,-34.17,-0.84,0.01,0.92,nan,0.84,47.70,48.24,1.054,nan,nan
23.33,-33.50,-0.98,-0.01,0.74,nan,0.84,47.70,48.24,0.849,nan,nan
23.34,-33.83,-0.41,-0.01,0.74,nan,0.84,47.70,48.24,0.849,nan,nan
23.35,-33.83,-0.41,-0.05,0.78,nan,0.84,47.70,48.22,0.894,nan,nan
23.36,-33.67,-0.53,-0.05,0.78,nan,0.84,47.70,48.22,0.894,nan,nan
23.37,-33.67,-0.53,-0.00,0.78,nan,0.83,47.70,48.24,0.886,nan,nan
23.38,-33.33,-1.01,-0.00,0.78,nan,0.83,47.70,48.24,0.886,nan,nan
23.39,-33.00,-1.61,-0.00,0.81,nan,0.83,47.70,48.22,0.923,nan,nan
23.40,-33.00,-1.61,-0.03,0.78,nan,0.83,47.70,48.22,0.886,nan,nan
23.41,-33.00,-1.61,-0.03,0.78,nan,0.83,47.70,48.22,0.886,nan,nan
23.42,-33.00,-1.61,-0.01,0.76,nan,0.82,47.70,48.24,0.867,nan,nan
23.43,-32.83,-1.08,-0.01,0.76,nan,0.82,47.70,48.24,0.867,nan,nan
23.44,-33.17,-0.74,-0.04,0.86,nan,0.82,47.70,48.22,0.980,nan,nan
23.45,-33.17,-0.74,0.01,0.74,nan,0.82,47.70,48.22,0.849,nan,nan
23.46,-32.67,-1.25,0.01,0.74,nan,0.82,47.70,48.22,0.849,nan,nan
23.47,-32.67,-1.25,0.00,0.87,nan,0.82,47.70,48.24,0.988,nan,nan
23.48,-32.33,-1.32,-0.03,0.88,nan,0.81,47.70,48.24,1.008,nan,nan
23.49,-32.67,-0.29,-0.03,0.88,nan,0.81,47.70,48.24,1.008,nan,nan
23.50,-32.67,-0.29,0.04,0.81,nan,0.81,47.70,48.21,0.923,nan,nan
23.51,-32.33,-0.96,0.04,0.81,nan,0.81,47.70,48.21,0.923,nan,nan
23.52,-32.33,-0.96,-0.02,0.77,nan,0.81,47.70,48.24,0.877,nan,nan
23.53,-32.50,-1.13,-0.01,0.77,nan,0.80,47.70,48.22,0.877,nan,nan
23.54,-32.17,-1.10,-0.01,0.77,nan,0.80,47.70,48.22,0.877,nan,nan
23.55,-32.17,-1.10,-0.01,0.78,nan,0.80,47.70,48.24,0.895,nan,nan
23.56,-32.17,-0.67,-0.01,0.78,nan,0.80,47.70,48.24,0.895,nan,nan
23.57,-32.17,-0.67,0.00,0.73,nan,0.80,47.70,48.22,0.830,nan,nan
23.58,-32.00,-0.48,-0.00,0.83,nan,0.79,47.70,48.22,0.951,nan,nan
23.59,-31.83,-0.96,-0.00,0.83,nan,0.79,47.70,48.22,0.951,nan,nan
23.60,-31.83,-0.96,0.02,0.81,nan,0.79,47.70,48.24,0.923,nan,nan
23.61,-31.83,-0.96,0.02,0.81,nan,0.79,47.70,48.24,0.923,nan,nan
23.62,-31.17,-0.86,-0.09,0.78,nan,0.79,47.70,48.24,0.886,nan,nan
23.63,-31.17,-0.86,-0.09,0.78,nan,0.78,47.70,48.24,0.886,nan,nan
23.64,-31.67,-0.38,-0.01,0.78,nan,0.78,47.70,48.21,0.886,nan,nan
23.65,-31.67,-0.38,-0.01,0.78,nan,0.78,47.70,48.21,0.886,nan,nan
23.66,-31.67,-0.38,-0.02,0.81,nan,0.78,47.70,48.21,0.923,nan,nan
23.67,-31.17,-1.68,-0.02,0.81,nan,0.78,47.70,48.21,0.923,nan,nan
23.68,-31.17,-1.68,-0.01,0.73,nan,0.78,47.70,48.24,0.830,nan,nan
23.69,-31.00,-1.18,-0.01,0.73,nan,0.78,47.70,48.24,0.830,nan,nan
23.70,-31.00,-1.18,-0.01,0.73,nan,0.77,47.70,48.24,0.830,nan,nan
23.71,-31.00,-0.53,-0.00,0.75,nan,0.77,47.70,48.24,0.858,nan,nan
23.72,-31.00,-0.53,-0.02,0.83,nan,0.77,47.70,48.22,0.951,nan,nan
23.73,-30.83,-0.86,-0.02,0.83,nan,0.77,47.70,48.22,0.951,nan,nan
23.74,-30.83,-0.86,-0.03,0.81,nan,0.77,47.70,48.22,0.923,nan,nan
23.75,-30.33,-1.87,-0.03,0.81,nan,0.77,47.70,48.22,0.923,nan,nan
23.76,-30.67,-1.54,0.00,0.69,nan,0.77,47.70,48.24,0.792,nan,nan
23.77,-30.67,-1.54,0.01,0.72,nan,0.76,47.70,48.21,0.821,nan,nan
23.78,-30.67,-0.72,0.01,0.72,nan,0.76,47.70,48.21,0.821,nan,nan
23.79,-30.67,-0.72,-0.01,0.83,nan,0.76,47.70,48.22,0.942,nan,nan
23.80,-30.17,-0.94,0.00,0.78,nan,0.76,47.60,48.22,0.886,nan,nan
23.81,-30.00,-0.82,0.00,0.78,nan,0.76,47.60,48.22,0.886,nan,nan
23.82,-30.00,-0.82,-0.05,0.69,nan,0.75,47.60,48.22,0.792,nan,nan
23.83,-29.83,-1.46,-0.05,0.69,nan,0.75,47.60,48.22,0.792,nan,nan
23.84,-29.83,-1.46,-0.01,0.72,nan,0.75,47.60,48.24,0.821,nan,nan
23.85,-30.00,-0.79,-0.05,0.69,nan,0.75,47.60,48.22,0.784,nan,nan
23.86,-30.17,-0.19,-0.05,0.69,nan,0.75,47.60,48.22,0.784,nan,nan
23.87,-30.17,-0.19,0.02,0.64,nan,0.74,47.60,48.24,0.727,nan,nan
23.88,-29.83,-0.91,0.02,0.64,nan,0.74,47.60,48.24,0.727,nan,nan
23.89,-29.33,-1.18,-0.03,0.67,nan,0.74,47.60,48.22,0.903,nan,nan
23.90,-29.33,-1.18,0.03,0.69,nan,0.74,47.60,48.24,0.793,nan,nan
23.91,-29.50,-1.27,0.03,0.69,nan,0.74,47.60,48.24,0.793,nan,nan
23.92,-29.50,-1.27,-0.01,0.75,nan,0.73,47.60,48.24,0.858,nan,nan
23.93,-29.50,-1.03,-0.01,0.75,nan,0.73,47.60,48.24,0.858,nan,nan
23.94,-29.67,-0.65,0.09,0.75,nan,0.73,47.60,48.24,0.886,nan,nan
23.95,-29.67,-0.65,-0.03,0.69,nan,0.73,47.60,48.21,0.784,nan,nan
23.96,-29.33,-0.67,-0.03,0.69,nan,0.73,47.60,48.21,0.784,nan,nan
23.97,-29.33,-0.67,-0.06,0.78,nan,0.73,47.60,48.24,0.895,nan,nan
23.98,-29.00,-0.41,-0.06,0.78,nan,0.72,47.60,48.24,0.895,nan,nan
23.99,-28.67,-1.18,0.04,0.72,nan,0.72,47.60,48.24,0.821,nan,nan
24.00,-28.67,-1.18,0.06,0.69,nan,0.72,47.60,48.24,0.793,nan,nan
24.01,-28.67,-1.15,0.06,0.69,nan,0.72,47.70,48.24,0.793,nan,nan
24.02,-28.67,-1.15,-0.00,0.78,nan,0.72,47.70,48.22,0.886,nan,nan
24.03,-28.50,-0.82,-0.00,0.78,nan,0.71,47.70,48.22,0.886,nan,nan
24.04,-28.50,-0.98,0.01,0.72,nan,0.71,47.70,48.24,0.821,nan,nan
24.05,-28.50,-0.98,-0.02,0.60,nan,0.71,47.70,48.24,0.690,nan,nan
24.06,-28.33,-1.25,-0.02,0.60,nan,0.71,47.70,48.24,0.690,nan,nan
24.07,-28.33,-1.25,0.05,0.66,nan,0.71,47.70,48.22,0.755,nan,nan
24.08,-28.17,-1.08,0.04,0.69,nan,0.70,47.70,48.22,0.783,nan,nan
24.09,-28.17,-1.20,0.04,0.69,nan,0.70,47.70,48.22,0.783,nan,nan
24.10,-28.17,-1.20,0.05,0.78,nan,0.70,47.70,48.24,0.886,nan,nan
24.11,-28.00,-0.79,0.05,0.78,nan,0.70,47.70,48.24,0.886,nan,nan
24.12,-28.00,-0.79,0.04,0.83,nan,0.70,47.60,48.22,0.951,nan,nan
24.13,-28.00,-0.96,0.04,0.83,nan,0.69,47.60,48.22,0.951,nan,nan
24.14,-27.67,-0.79,0.03,0.69,nan,0.69,47.60,48.24,0.793,nan,nan
24.15,-27.67,-0.79,0.02,0.69,nan,0.69,47.60,48.24,0.793,nan,nan
24.16,-27.83,-0.91,0.02,0.69,nan,0.69,47.60,48.24,0.793,nan,nan
24.17,-27.83,-0.91,0.06,0.73,nan,0.69,47.60,48.24,0.830,nan,nan
24.18,-27.83,-0.89,0.03,0.66,nan,0.68,47.60,48.24,0.755,nan,nan
24.19,-27.67,-0.74,0.03,0.66,nan,0.68,47.60,48.24,0.755,nan,nan
24.20,-27.67,-0.74,0.02,0.52,nan,0.68,47.60,48.24,0.635,nan,nan
24.21,-27.50,-0.79,0.02,0.52,nan,0.68,47.60,48.24,0.635,nan,nan
24.22,-27.50,-0.79,0.04,0.47,nan,0.68,47.60,48.22,0.542,nan,nan
24.23,-27.33,-0.79,0.04,0.47,nan,0.68,47.60,48.22,0.542,nan,nan
24.24,-27.17,-0.84,0.01,0.67,nan,0.68,47.60,48.22,0.764,nan,nan
24.25,-27.17,-0.84,0.01,0.67,nan,0.67,47.60,48.22,0.764,nan,nan
24.26,-27.17,-0.84,0.02,0.67,nan,0.67,47.60,48.21,0.765,nan,nan
24.27,-27.17,-1.13,0.02,0.67,nan,0.67,47.60,48.21,0.765,nan,nan
24.28,-27.17,-1.13,-0.02,0.73,nan,0.67,47.60,48.22,0.829,nan,nan
24.29,-27.17,-0.67,-0.02,0.73,nan,0.67,47.60,48.22,0.829,nan,nan
24.30,-27.17,-0.67,-0.02,0.73,nan,0.67,47.60,48.22,0.829,nan,nan
24.31,-27.17,-0.67,0.00,0.69,nan,0.67,47.60,48.24,0.793,nan,nan
24.32,-26.83,-0.62,0.03,0.69,nan,0.66,47.60,48.24,0.793,nan,nan
24.33,-26.33,-0.50,0.03,0.69,nan,0.66,47.70,48.24,0.793,nan,nan
24.34,-26.33,-0.50,-0.01,0.66,nan,0.66,47.70,48.24,0.755,nan,nan
24.35,-26.33,-0.77,-0.01,0.66,nan,0.66,47.70,48.24,0.755,nan,nan
24.36,-26.33,-0.77,0.02,0.74,nan,0.66,47.70,48.24,0.849,nan,nan
24.37,-26.00,-0.74,0.03,0.60,nan,0.65,47.70,48.22,0.690,nan,nan
24.38,-26.00,-0.72,0.03,0.60,nan,0.65,47.70,48.22,0.690,nan,nan
24.39,-26.00,-0.72,0.02,0.61,nan,0.65,47.70,48.24,0.699,nan,nan
24.40,-26.33,-0.60,0.02,0.61,nan,0.65,47.70,48.24,0.699,nan,nan
24.41,-26.33,-0.60,-0.01,0.60,nan,0.65,47.70,48.22,0.690,nan,nan
24.42,-25.83,-1.01,0.02,0.68,nan,0.64,47.70,48.24,0.773,nan,nan
24.43,-25.67,-1.42,0.02,0.68,nan,0.64,47.70,48.24,0.773,nan,nan
24.44,-25.67,-1.42,0.01,0.66,nan,0.64,47.70,48.24,0.755,nan,nan
24.45,-25.17,-2.06,0.01,0.66,nan,0.64,47.70,48.24,0.755,nan,nan
24.46,-25.50,-0.60,0.03,0.53,nan,0.64,47.70,48.24,0.606,nan,nan
24.47,-25.50,-0.60,-0.05,0.64,nan,0.63,47.70,48.26,0.727,nan,nan
24.48,-25.67,-0.62,-0.05,0.64,nan,0.63,47.70,48.26,0.727,nan,nan
24.49,-25.67,-0.62,0.04,0.60,nan,0.63,47.70,48.26,0.680,nan,nan
24.50,-25.33,-0.86,0.04,0.60,nan,0.63,47.70,48.26,0.680,nan,nan
24.51,-24.83,-1.49,-0.02,0.66,nan,0.63,47.70,48.22,0.755,nan,nan
24.52,-24.83,-1.49,-0.03,0.69,nan,0.62,47.70,48.22,0.784,nan,nan
24.53,-25.17,-0.55,-0.03,0.69,nan,0.62,47.70,48.22,0.784,nan,nan
24.54,-25.17,-0.55,0.00,0.69,nan,0.62,47.70,48.24,0.783,nan,nan
24.55,-25.00,-0.58,0.01,0.67,nan,0.62,47.70,48.24,0.764,nan,nan
24.56,-24.67,-0.86,0.01,0.67,nan,0.62,47.70,48.24,0.764,nan,nan
24.57,-24.67,-0.86,0.03,0.61,nan,0.62,47.70,48.24,0.699,nan,nan
24.58,-25.00,-0.96,0.03,0.61,nan,0.61,47.70,48.24,0.699,nan,nan
24.59,-24.33,-1.56,0.00,0.56,nan,0.61,47.70,48.24,0.634,nan,nan
24.60,-24.33,-1.56,-0.04,0.64,nan,0.61,47.70,48.22,0.727,nan,nan
24.61,-24.33,-0.91,-0.04,0.64,nan,0.61,47.70,48.22,0.727,nan,nan
24.62,-24.33,-0.91,-0.07,0.44,nan,0.61,47.70,48.22,0.505,nan,nan
24.63,-24.33,-0.84,-0.07,0.44,nan,0.60,47.70,48.22,0.505,nan,nan
24.64,-24.17,-0.67,-0.02,0.64,nan,0.60,47.60,48.22,0.727,nan,nan
24.65,-24.17,-0.67,-0.04,0.66,nan,0.60,47.60,48.24,0.755,nan,nan
24.66,-24.00,-1.20,-0.04,0.66,nan,0.60,47.60,48.24,0.755,nan,nan
24.67,-24.00,-1.20,0.01,0.69,nan,0.60,47.60,48.24,0.783,nan,nan
24.68,-23.50,-1.61,0.01,0.69,nan,0.59,47.60,48.24,0.783,nan,nan
24.69,-23.67,-1.01,0.00,0.59,nan,0.59,47.60,48.21,0.727,nan,nan
24.70,-23.67,-1.01,-0.07,0.67,nan,0.59,47.60,48.28,0.764,nan,nan
24.71,-23.83,-0.98,-0.07,0.67,nan,0.59,47.60,48.28,0.764,nan,nan
24.72,-23.83,-0.98,-0.03,0.42,nan,0.59,47.60,48.24,0.477,nan,nan
24.73,-23.33,-0.79,0.01,0.53,nan,0.58,47.60,48.24,0.607,nan,nan
24.74,-23.33,-1.25,0.01,0.53,nan,0.58,47.60,48.24,0.607,nan,nan
24.75,-23.33,-1.25,0.02,0.38,nan,0.58,47.60,48.21,0.429,nan,nan
24.76,-23.33,-0.79,0.02,0.38,nan,0.58,47.60,48.21,0.429,nan,nan
24.77,-23.33,-0.79,0.04,0.58,nan,0.58,47.60,48.26,0.662,nan,nan
24.78,-23.50,-0.34,0.02,0.64,nan,0.57,47.60,48.24,0.727,nan,nan
24.79,-22.67,-1.39,0.02,0.64,nan,0.57,47.60,48.24,0.727,nan,nan
24.80,-22.67,-1.39,-0.01,0.45,nan,0.57,47.60,48.22,0.513,nan,nan
24.81,-22.83,-0.96,-0.01,0.45,nan,0.57,47.60,48.22,0.513,nan,nan
24.82,-22.83,-0.96,-0.03,0.60,nan,0.57,47.60,48.24,0.690,nan,nan
24.83,-22.67,-1.03,-0.03,0.60,nan,0.57,47.60,48.24,0.690,nan,nan
24.84,-22.67,-1.39,0.01,0.58,nan,0.57,47.60,48.22,0.662,nan,nan
24.85,-22.67,-1.39,0.01,0.58,nan,0.56,47.60,48.22,0.662,nan,nan
24.86,-22.67,-0.72,-0.01,0.34,nan,0.56,47.60,48.22,0.383,nan,nan
24.87,-22.67,-0.72,-0.01,0.34,nan,0.56,47.60,48.22,0.383,nan,nan
24.88,-22.67,-0.72,0.03,0.47,nan,0.56,47.60,48.24,0.531,nan,nan
24.89,-22.17,-1.03,0.03,0.47,nan,0.56,47.60,48.24,0.531,nan,nan
24.90,-22.17,-1.03,0.03,0.51,nan,0.56,47.60,48.22,0.588,nan,nan
24.91,-22.33,-1.06,0.03,0.51,nan,0.56,47.60,48.22,0.588,nan,nan
24.92,-22.33,-1.06,-0.02,0.70,nan,0.55,47.60,48.21,0.801,nan,nan
24.93,-21.67,-1.73,-0.02,0.70,nan,0.55,47.60,48.21,0.801,nan,nan
24.94,-21.67,-1.73,-0.00,0.60,nan,0.55,47.60,48.24,0.690,nan,nan
24.95,-22.17,-0.65,0.03,0.58,nan,0.55,47.60,48.22,0.662,nan,nan
24.96,-21.83,-0.98,0.03,0.58,nan,0.55,47.70,48.22,0.662,nan,nan
24.97,-21.83,-0.98,0.04,0.58,nan,0.54,47.70,48.24,0.662,nan,nan
24.98,-21.67,-1.22,0.04,0.58,nan,0.54,47.70,48.24,0.662,nan,nan
24.99,-21.83,-0.53,0.03,0.55,nan,0.54,47.70,48.24,0.625,nan,nan
25.00,-21.83,-0.53,-0.03,0.33,nan,0.54,47.70,48.22,0.374,nan,nan
25.01,-21.50,-0.58,-0.03,0.33,nan,0.54,47.70,48.22,0.374,nan,nan
25.02,-21.50,-0.58,-0.00,0.53,nan,0.53,47.70,48.21,0.606,nan,nan
25.03,-21.00,-1.37,-0.00,0.53,nan,0.53,47.70,48.21,0.606,nan,nan
25.04,-21.17,-1.61,0.00,0.59,nan,0.53,47.70,48.22,0.671,nan,nan
25.05,-21.17,-1.61,0.01,0.44,nan,0.53,47.70,48.24,0.504,nan,nan
25.06,-21.33,-1.01,0.01,0.44,nan,0.53,47.70,48.24,0.504,nan,nan
25.07,-21.33,-1.01,-0.01,0.59,nan,0.52,47.70,48.24,0.672,nan,nan
25.08,-21.17,-0.17,-0.01,0.59,nan,0.52,47.70,48.24,0.672,nan,nan
25.09,-20.67,-0.79,-0.04,0.42,nan,0.52,47.70,48.22,0.476,nan,nan
25.10,-20.67,-0.79,0.00,0.39,nan,0.52,47.70,48.24,0.447,nan,nan
25.11,-20.67,-0.98,0.00,0.39,nan,0.52,47.70,48.24,0.447,nan,nan
25.12,-20.67,-0.98,-0.01,0.59,nan,0.52,47.70,48.22,0.672,nan,nan
25.13,-20.83,-0.31,-0.01,0.59,nan,0.51,47.70,48.22,0.672,nan,nan
25.14,-20.50,-0.58,-0.02,0.60,nan,0.51,47.70,48.22,0.690,nan,nan
25.15,-20.50,-0.58,-0.06,0.53,nan,0.51,47.70,48.22,0.606,nan,nan
25.16,-20.17,-1.46,-0.06,0.53,nan,0.51,47.70,48.22,0.606,nan,nan
25.17,-20.17,-1.46,0.01,0.55,nan,0.51,47.70,48.24,0.625,nan,nan
25.18,-20.33,-0.70,0.01,0.55,nan,0.50,47.70,48.24,0.625,nan,nan
25.19,-20.50,-0.86,0.01,0.59,nan,0.50,47.70,48.22,0.672,nan,nan
25.20,-20.50,-0.86,0.02,0.33,nan,0.50,47.70,48.24,0.382,nan,nan
25.21,-20.00,-0.84,0.02,0.33,nan,0.50,47.70,48.24,0.382,nan,nan
25.22,-20.00,-0.84,-0.01,0.56,nan,0.50,47.70,48.22,0.634,nan,nan
25.23,-20.00,-0.91,-0.01,0.56,nan,0.49,47.70,48.22,0.634,nan,nan
25.24,-19.50,-1.08,0.00,0.49,nan,0.49,47.70,48.24,0.560,nan,nan
25.25,-19.50,-1.08,-0.03,0.56,nan,0.49,47.70,48.22,0.634,nan,nan
25.26,-19.50,-1.37,-0.03,0.56,nan,0.49,47.70,48.22,0.634,nan,nan
25.27,-19.50,-1.37,0.01,0.39,nan,0.49,47.60,48.24,0.447,nan,nan
25.28,-19.83,0.00,0.01,0.39,nan,0.48,47.60,48.24,0.447,nan,nan
25.29,-19.50,-0.58,0.01,0.41,nan,0.48,47.60,48.22,0.465,nan,nan
25.30,-19.50,-0.58,-0.01,0.67,nan,0.48,47.60,48.22,0.765,nan,nan
25.31,-19.33,-0.89,-0.01,0.67,nan,0.48,47.60,48.22,0.765,nan,nan
25.32,-19.33,-0.89,0.02,0.33,nan,0.48,47.60,48.22,0.382,nan,nan
25.33,-19.17,-0.96,0.02,0.33,nan,0.48,47.60,48.22,0.382,nan,nan
25.34,-18.67,-1.06,-0.03,0.59,nan,0.48,47.60,48.24,0.672,nan,nan
25.35,-18.67,-1.06,0.01,0.56,nan,0.47,47.60,48.26,0.634,nan,nan
25.36,-18.67,-1.01,0.01,0.56,nan,0.47,47.60,48.26,0.634,nan,nan
25.37,-18.67,-1.01,-0.02,0.62,nan,0.47,47.70,48.24,0.709,nan,nan
25.38,-18.17,-1.78,0.03,0.38,nan,0.47,47.70,48.24,0.437,nan,nan
25.39,-18.33,-1.03,0.03,0.38,nan,0.47,47.70,48.24,0.437,nan,nan
25.40,-18.33,-1.03,0.02,0.56,nan,0.46,47.70,48.22,0.617,nan,nan
25.41,-18.17,-0.62,0.02,0.56,nan,0.46,47.70,48.22,0.617,nan,nan
25.42,-18.17,-0.62,-0.02,0.50,nan,0.46,47.70,48.26,0.569,nan,nan
25.43,-18.00,-1.75,-0.02,0.50,nan,0.46,47.70,48.26,0.569,nan,nan
25.44,-18.00,-1.75,0.05,0.56,nan,0.46,47.70,48.24,0.635,nan,nan
25.45,-17.83,-1.03,0.05,0.56,nan,0.45,47.70,48.24,0.635,nan,nan
25.46,-17.83,-1.03,0.03,0.61,nan,0.45,47.70,48.21,0.634,nan,nan
25.47,-18.33,-0.94,0.03,0.61,nan,0.45,47.70,48.21,0.634,nan,nan
25.48,-18.33,-0.94,-0.00,0.33,nan,0.45,47.70,48.24,0.382,nan,nan
25.49,-18.33,-0.89,-0.00,0.33,nan,0.45,47.70,48.24,0.382,nan,nan
25.50,-18.33,-0.89,-0.00,0.33,nan,0.45,47.70,48.24,0.382,nan,nan
25.51,-18.33,-0.89,0.09,0.33,nan,0.45,47.70,48.24,0.381,nan,nan
25.52,-18.17,0.05,0.09,0.33,nan,0.45,47.70,48.24,0.381,nan,nan
25.53,-18.17,0.05,-0.01,0.53,nan,0.44,47.70,48.24,0.606,nan,nan
25.54,-17.67,-1.56,-0.01,0.53,nan,0.44,47.70,48.24,0.606,nan,nan
25.55,-17.67,-1.56,-0.01,0.52,nan,0.44,47.70,48.24,0.597,nan,nan
25.56,-17.67,-1.10,-0.01,0.52,nan,0.44,47.70,48.24,0.597,nan,nan
25.57,-17.67,-0.53,0.03,0.34,nan,0.44,47.70,48.24,0.392,nan,nan
25.58,-17.67,-0.53,-0.02,0.53,nan,0.43,47.60,48.21,0.607,nan,nan
25.59,-17.17,-1.27,-0.02,0.53,nan,0.43,47.60,48.21,0.607,nan,nan
25.60,-17.17,-1.27,0.04,0.47,nan,0.43,47.60,48.22,0.542,nan,nan
25.61,-17.33,-0.98,0.04,0.47,nan,0.43,47.60,48.22,0.542,nan,nan
25.62,-17.00,-1.49,0.04,0.42,nan,0.43,47.60,48.24,0.485,nan,nan
25.63,-17.00,-1.49,0.03,0.51,nan,0.43,47.60,48.24,0.579,nan,nan
25.64,-16.67,-1.20,0.03,0.51,nan,0.43,47.60,48.24,0.579,nan,nan
25.65,-16.67,-1.20,-0.01,0.51,nan,0.42,47.60,48.22,0.579,nan,nan
25.66,-17.00,-0.53,-0.01,0.51,nan,0.42,47.60,48.22,0.579,nan,nan
25.67,-17.00,-0.89,-0.00,0.47,nan,0.42,47.60,48.22,0.541,nan,nan
25.68,-17.00,-0.89,-0.00,0.47,nan,0.42,47.60,48.22,0.541,nan,nan
25.69,-17.00,-0.82,-0.03,0.37,nan,0.42,47.60,48.21,0.420,nan,nan
25.70,-17.00,-0.82,-0.09,0.36,nan,0.41,47.60,48.24,0.411,nan,nan
25.71,-16.67,-1.15,-0.09,0.36,nan,0.41,47.60,48.24,0.411,nan,nan
25.72,-16.67,-1.15,-0.03,0.31,nan,0.41,47.60,48.24,0.354,nan,nan
25.73,-16.33,-1.03,-0.03,0.31,nan,0.41,47.60,48.24,0.354,nan,nan
25.74,-15.83,-1.58,-0.03,0.30,nan,0.41,47.60,48.24,0.420,nan,nan
25.75,-15.83,-1.58,-0.00,0.24,nan,0.40,47.60,48.22,0.279,nan,nan
25.76,-16.17,-0.82,-0.00,0.24,nan,0.40,47.60,48.22,0.279,nan,nan
25.77,-16.17,-0.82,-0.01,0.30,nan,0.40,47.60,48.24,0.345,nan,nan
25.78,-16.00,-0.89,-0.01,0.30,nan,0.40,47.60,48.24,0.345,nan,nan
25.79,-16.00,-0.82,0.02,0.45,nan,0.40,47.70,48.22,0.513,nan,nan
25.80,-16.00,-0.82,-0.07,0.51,nan,0.39,47.70,48.24,0.578,nan,nan
25.81,-15.67,-0.98,-0.07,0.51,nan,0.39,47.70,48.24,0.578,nan,nan
25.82,-15.67,-0.98,-0.01,0.46,nan,0.39,47.70,48.21,0.522,nan,nan
25.83,-15.50,-0.91,-0.01,0.46,nan,0.39,47.70,48.21,0.522,nan,nan
25.84,-16.00,-0.02,-0.02,0.43,nan,0.39,47.70,48.24,0.494,nan,nan
25.85,-16.00,-0.02,-0.04,0.55,nan,0.38,47.70,48.24,0.625,nan,nan
25.86,-15.17,-1.01,-0.04,0.55,nan,0.38,47.70,48.24,0.625,nan,nan
25.87,-15.17,-1.01,-0.01,0.37,nan,0.38,47.70,48.26,0.382,nan,nan
25.88,-15.17,-1.03,-0.02,0.37,nan,0.38,47.70,48.22,0.419,nan,nan
25.89,-15.17,-0.10,-0.02,0.37,nan,0.38,47.70,48.22,0.419,nan,nan
25.90,-15.17,-0.10,0.00,0.36,nan,0.38,47.80,48.24,0.410,nan,nan
25.91,-14.83,-1.32,0.00,0.36,nan,0.37,47.80,48.24,0.410,nan,nan
25.92,-15.33,-0.65,-0.01,0.50,nan,0.37,47.80,48.24,0.569,nan,nan
25.93,-15.33,-0.65,-0.02,0.29,nan,0.37,47.80,48.24,0.486,nan,nan
25.94,-14.67,-1.46,-0.02,0.29,nan,0.37,47.80,48.24,0.486,nan,nan
25.95,-14.67,-1.46,0.00,0.46,nan,0.37,47.80,48.22,0.524,nan,nan
25.96,-14.33,-1.27,0.00,0.46,nan,0.37,47.80,48.22,0.524,nan,nan
25.97,-14.33,-1.27,-0.01,0.22,nan,0.36,47.80,48.24,0.251,nan,nan
25.98,-14.50,-1.06,-0.02,0.52,nan,0.36,47.80,48.21,0.597,nan,nan
25.99,-14.17,-1.15,-0.02,0.52,nan,0.36,47.80,48.21,0.597,nan,nan
26.00,-14.17,-1.15,0.04,0.31,nan,0.36,47.80,48.24,0.354,nan,nan
26.01,-14.67,-0.48,0.04,0.31,nan,0.35,47.70,48.24,0.354,nan,nan
26.02,-14.67,-0.48,-0.03,0.28,nan,0.35,47.70,48.22,0.317,nan,nan
26.03,-14.00,-1.30,-0.03,0.28,nan,0.35,47.70,48.22,0.317,nan,nan
26.04,-13.83,-0.82,0.05,0.33,nan,0.35,47.70,48.24,0.372,nan,nan
26.05,-13.83,-0.82,0.05,0.33,nan,0.35,47.70,48.24,0.372,nan,nan
26.06,-13.83,-0.82,0.04,0.28,nan,0.35,47.70,48.24,0.316,nan,nan
26.07,-13.67,-1.18,0.04,0.28,nan,0.35,47.70,48.24,0.316,nan,nan
26.08,-13.67,-1.18,0.03,0.29,nan,0.34,47.70,48.26,0.326,nan,nan
26.09,-13.67,-1.03,0.03,0.29,nan,0.34,47.70,48.26,0.326,nan,nan
26.10,-13.67,-1.03,-0.03,0.47,nan,0.34,47.70,48.22,0.541,nan,nan
26.11,-13.67,-1.03,-0.03,0.47,nan,0.34,47.60,48.22,0.541,nan,nan
26.12,-13.50,-0.79,-0.06,0.54,nan,0.34,47.60,48.24,0.606,nan,nan
26.13,-13.33,-1.27,-0.06,0.54,nan,0.34,47.60,48.24,0.606,nan,nan
26.14,-13.33,-1.27,-0.02,0.48,nan,0.33,47.60,48.19,0.551,nan,nan
26.15,-13.00,-1.46,-0.02,0.48,nan,0.33,47.60,48.19,0.551,nan,nan
26.16,-13.67,-0.36,0.02,0.31,nan,0.33,47.60,48.22,0.354,nan,nan
26.17,-13.67,-0.36,-0.02,0.33,nan,0.33,47.60,48.26,0.372,nan,nan
26.18,-12.83,-1.63,-0.02,0.33,nan,0.33,47.60,48.26,0.372,nan,nan
26.19,-12.83,-1.63,-0.00,0.19,nan,0.32,47.60,48.24,0.214,nan,nan
26.20,-13.00,-0.94,-0.00,0.19,nan,0.32,47.60,48.24,0.214,nan,nan
26.21,-12.50,-0.98,-0.05,0.36,nan,0.32,47.70,48.26,0.410,nan,nan
26.22,-12.50,-0.98,-0.05,0.36,nan,0.32,47.70,48.26,0.410,nan,nan
26.23,-13.17,-0.41,0.05,0.37,nan,0.32,47.70,48.26,0.419,nan,nan
26.24,-13.17,-0.41,0.05,0.37,nan,0.32,47.70,48.26,0.419,nan,nan
26.25,-12.67,-0.74,-0.02,0.16,nan,0.32,47.70,48.24,0.186,nan,nan
26.26,-12.67,-0.74,0.04,0.37,nan,0.31,47.70,48.26,0.421,nan,nan
26.27,-12.50,-0.50,0.04,0.37,nan,0.31,47.70,48.26,0.421,nan,nan
26.28,-12.50,-0.50,0.01,0.43,nan,0.31,47.70,48.24,0.486,nan,nan
26.29,-12.33,-0.60,0.02,0.26,nan,0.31,47.70,48.24,0.299,nan,nan
26.30,-12.17,-1.22,0.02,0.26,nan,0.31,47.70,48.24,0.299,nan,nan
26.31,-12.17,-1.22,-0.04,0.32,nan,0.30,47.70,48.24,0.364,nan,nan
26.32,-12.00,-1.15,-0.04,0.32,nan,0.30,47.70,48.24,0.364,nan,nan
26.33,-12.00,-1.15,-0.04,0.25,nan,0.30,47.70,48.24,0.289,nan,nan
26.34,-12.17,-0.43,-0.01,0.24,nan,0.30,47.70,48.24,0.271,nan,nan
26.35,-11.83,-0.67,-0.01,0.24,nan,0.30,47.70,48.24,0.271,nan,nan
26.36,-11.83,-0.67,0.01,0.45,nan,0.29,47.70,48.24,0.514,nan,nan
26.37,-11.50,-1.30,0.01,0.45,nan,0.29,47.70,48.24,0.514,nan,nan
26.38,-12.17,-0.24,-0.01,0.29,nan,0.29,47.70,48.26,0.326,nan,nan
26.39,-12.17,-0.24,-0.03,0.36,nan,0.29,47.70,48.24,0.410,nan,nan
26.40,-11.50,-1.01,-0.03,0.36,nan,0.29,47.70,48.24,0.410,nan,nan
26.41,-11.50,-1.01,0.02,0.44,nan,0.28,47.70,48.24,0.504,nan,nan
26.42,-11.00,-1.15,0.06,0.30,nan,0.28,47.70,48.26,0.343,nan,nan
26.43,-11.50,-0.77,0.06,0.30,nan,0.28,47.60,48.26,0.343,nan,nan
26.44,-11.50,-0.77,0.06,0.29,nan,0.28,47.60,48.24,0.326,nan,nan
26.45,-11.00,-0.58,0.06,0.29,nan,0.28,47.60,48.24,0.326,nan,nan
26.46,-11.00,-0.58,-0.01,0.45,nan,0.27,47.60,48.24,0.514,nan,nan
26.47,-11.33,-0.12,-0.01,0.25,nan,0.27,47.60,48.26,0.261,nan,nan
26.48,-10.83,-0.38,-0.01,0.25,nan,0.27,47.60,48.26,0.261,nan,nan
26.49,-10.83,-0.38,-0.02,0.14,nan,0.27,47.60,48.24,0.158,nan,nan
26.50,-10.33,-1.34,-0.02,0.14,nan,0.27,47.60,48.24,0.158,nan,nan
26.51,-10.67,-0.89,-0.03,0.22,nan,0.27,47.60,48.24,0.251,nan,nan
26.52,-10.67,-0.89,-0.00,0.12,nan,0.26,47.60,48.24,0.140,nan,nan
26.53,-10.17,-0.98,-0.00,0.12,nan,0.26,47.60,48.24,0.140,nan,nan
26.54,-10.17,-0.98,-0.01,0.20,nan,0.26,47.70,48.24,0.186,nan,nan
26.55,-10.83,-0.22,-0.01,0.20,nan,0.26,47.70,48.24,0.186,nan,nan
26.56,-10.83,-0.22,0.04,0.15,nan,0.26,47.70,48.24,0.168,nan,nan
26.57,-10.33,-0.72,-0.02,0.16,nan,0.25,47.70,48.21,0.186,nan,nan
26.58,-10.17,-0.34,-0.02,0.16,nan,0.25,47.70,48.21,0.186,nan,nan
26.59,-10.17,-0.34,-0.07,0.34,nan,0.25,47.70,48.22,0.383,nan,nan
26.60,-10.17,-0.48,-0.07,0.34,nan,0.25,47.70,48.22,0.383,nan,nan
26.61,-9.67,-0.53,-0.00,0.24,nan,0.25,47.70,48.22,0.279,nan,nan
26.62,-9.67,-0.53,-0.01,0.11,nan,0.24,47.70,48.24,0.121,nan,nan
26.63,-9.83,-0.34,-0.01,0.11,nan,0.24,47.70,48.24,0.121,nan,nan
26.64,-9.83,-0.34,0.05,0.20,nan,0.24,47.70,48.22,0.234,nan,nan
26.65,-8.67,-2.02,0.05,0.20,nan,0.24,47.60,48.22,0.234,nan,nan
26.66,-8.67,-2.02,0.05,0.20,nan,0.24,47.60,48.22,0.234,nan,nan
26.67,-8.67,-2.02,-0.03,0.20,nan,0.24,47.60,48.24,0.233,nan,nan
26.68,-9.67,-0.22,-0.03,0.18,nan,0.23,47.60,48.24,0.206,nan,nan
26.69,-9.83,-0.38,-0.03,0.18,nan,0.23,47.60,48.24,0.206,nan,nan
26.70,-9.83,-0.38,0.07,0.12,nan,0.23,47.60,48.26,0.141,nan,nan
26.71,-8.50,-1.75,0.07,0.12,nan,0.23,47.60,48.26,0.141,nan,nan
26.72,-8.50,-1.75,0.07,0.12,nan,0.23,47.60,48.26,0.141,nan,nan
26.73,-9.50,-0.70,-0.00,0.17,nan,0.23,47.60,48.22,0.196,nan,nan
26.74,-9.50,-0.70,-0.00,0.17,nan,0.23,47.60,48.22,0.196,nan,nan
26.75,-8.83,-1.37,-0.08,0.07,nan,0.23,47.60,48.24,0.075,nan,nan
26.76,-8.83,-1.37,-0.04,0.20,nan,0.22,47.60,48.24,0.233,nan,nan
26.77,-9.00,-0.02,-0.04,0.20,nan,0.22,47.60,48.24,0.233,nan,nan
26.78,-9.00,-0.02,0.00,0.11,nan,0.22,47.60,48.24,0.120,nan,nan
26.79,-9.00,-0.86,0.00,0.11,nan,0.22,47.60,48.24,0.120,nan,nan
26.80,-9.00,-0.86,-0.01,0.14,nan,0.22,47.60,48.22,0.158,nan,nan
26.81,-8.67,-0.43,-0.01,0.14,nan,0.21,47.60,48.22,0.158,nan,nan
26.82,-8.83,0.10,-0.02,0.22,nan,0.21,47.60,48.22,0.251,nan,nan
26.83,-8.83,0.10,-0.04,0.16,nan,0.21,47.60,48.24,0.186,nan,nan
26.84,-8.50,-0.22,-0.04,0.16,nan,0.21,47.60,48.24,0.186,nan,nan
26.85,-8.50,-0.22,-0.05,0.22,nan,0.21,47.60,48.24,0.251,nan,nan
26.86,-8.50,-0.36,-0.05,0.22,nan,0.21,47.60,48.24,0.251,nan,nan
26.87,-8.50,-0.36,0.00,0.18,nan,0.20,47.70,48.22,0.206,nan,nan
26.88,-8.50,-0.10,0.00,0.18,nan,0.20,47.70,48.22,0.206,nan,nan
26.89,-7.67,-1.42,-0.01,0.16,nan,0.20,47.70,48.21,0.178,nan,nan
26.90,-7.67,-1.42,-0.02,0.26,nan,0.20,47.70,48.24,0.299,nan,nan
26.91,-8.17,0.05,-0.02,0.26,nan,0.20,47.70,48.24,0.299,nan,nan
26.92,-8.17,0.05,-0.01,0.19,nan,0.19,47.70,48.24,0.213,nan,nan
26.93,-6.83,-2.23,-0.01,0.19,nan,0.19,47.70,48.24,0.213,nan,nan
26.94,-8.33,0.00,0.01,0.20,nan,0.19,47.70,48.24,0.223,nan,nan
26.95,-8.33,0.00,0.05,0.38,nan,0.19,47.70,48.22,0.434,nan,nan
26.96,-7.00,-1.46,0.05,0.38,nan,0.19,47.70,48.22,0.434,nan,nan
26.97,-7.00,-1.46,-0.05,0.20,nan,0.18,47.70,48.24,0.223,nan,nan
26.98,-7.67,-0.19,-0.01,0.20,nan,0.18,47.70,48.22,0.185,nan,nan
26.99,-7.50,0.26,-0.01,0.20,nan,0.18,47.70,48.22,0.185,nan,nan
27.00,-7.50,0.26,-0.02,0.16,nan,0.18,47.70,48.24,0.186,nan,nan
27.01,-6.33,-1.99,-0.02,0.16,nan,0.18,47.70,48.24,0.186,nan,nan
27.02,-6.33,-1.99,-0.04,0.20,nan,0.18,47.70,48.21,0.233,nan,nan
27.03,-7.50,-0.14,-0.04,0.20,nan,0.17,47.70,48.21,0.233,nan,nan
27.04,-6.50,-1.13,-0.03,0.20,nan,0.17,47.70,48.24,0.223,nan,nan
27.05,-6.50,-1.13,-0.00,0.26,nan,0.17,47.70,48.22,0.299,nan,nan
27.06,-7.00,-0.79,-0.00,0.26,nan,0.17,47.70,48.22,0.299,nan,nan
27.07,-7.00,-0.79,-0.01,0.17,nan,0.17,47.70,48.24,0.244,nan,nan
27.08,-6.50,-0.84,-0.01,0.17,nan,0.16,47.70,48.24,0.244,nan,nan
27.09,-6.33,-0.96,-0.03,0.11,nan,0.16,47.70,48.24,0.130,nan,nan
27.10,-6.33,-0.96,-0.02,0.17,nan,0.16,47.70,48.24,0.196,nan,nan
27.11,-6.67,-0.53,-0.02,0.17,nan,0.16,47.70,48.24,0.196,nan,nan
27.12,-6.67,-0.53,-0.01,0.14,nan,0.16,47.70,48.24,0.158,nan,nan
27.13,-6.33,-0.34,-0.01,0.14,nan,0.15,47.70,48.24,0.158,nan,nan
27.14,-6.33,-0.34,0.01,0.12,nan,0.15,47.70,48.24,0.141,nan,nan
27.15,-5.67,-1.10,0.02,0.03,nan,0.15,47.70,48.24,0.038,nan,nan
27.16,-6.33,-0.29,0.02,0.03,nan,0.15,47.70,48.24,0.038,nan,nan
27.17,-6.33,-0.29,0.05,0.09,nan,0.15,47.70,48.22,0.103,nan,nan
27.18,-5.83,-0.98,0.05,0.09,nan,0.14,47.70,48.22,0.103,nan,nan
27.19,-5.83,-0.98,-0.01,0.06,nan,0.14,47.60,48.28,0.065,nan,nan
27.20,-5.33,-1.25,-0.01,0.06,nan,0.14,47.60,48.28,0.065,nan,nan
27.21,-6.00,-0.31,0.01,0.17,nan,0.14,47.60,48.24,0.196,nan,nan
27.22,-6.00,-0.31,0.00,0.06,nan,0.14,47.60,48.24,0.065,nan,nan
27.23,-5.67,0.00,0.00,0.06,nan,0.14,47.60,48.24,0.065,nan,nan
27.24,-5.67,0.00,-0.01,0.03,nan,0.13,47.60,48.24,0.038,nan,nan
27.25,-5.00,-1.63,-0.01,0.03,nan,0.13,47.60,48.24,0.038,nan,nan
27.26,-5.00,-1.63,0.02,0.19,nan,0.13,47.60,48.22,0.213,nan,nan
27.27,-5.50,-0.19,0.02,0.19,nan,0.13,47.60,48.22,0.213,nan,nan
27.28,-5.50,-0.19,0.04,0.10,nan,0.13,47.60,48.24,0.109,nan,nan
27.29,-5.33,-0.07,0.04,0.10,nan,0.12,47.70,48.24,0.109,nan,nan
27.30,-4.50,-1.44,0.02,0.10,nan,0.12,47.70,48.24,0.113,nan,nan
27.31,-4.50,-1.44,-0.02,0.20,nan,0.12,47.70,48.22,0.233,nan,nan
27.32,-5.17,-0.31,-0.02,0.20,nan,0.12,47.70,48.22,0.233,nan,nan
27.33,-5.17,-0.31,0.04,0.14,nan,0.12,47.70,48.24,0.027,nan,nan
27.34,-4.67,-0.65,0.04,0.14,nan,0.12,47.70,48.24,0.027,nan,nan
27.35,-4.67,-0.65,-0.01,0.20,nan,0.12,47.70,48.28,0.223,nan,nan
27.36,-4.67,-0.65,-0.05,0.03,nan,0.11,47.70,48.24,0.038,nan,nan
27.37,-4.17,-1.20,-0.05,0.03,nan,0.11,47.70,48.24,0.038,nan,nan
27.38,-4.17,-1.20,-0.02,0.32,nan,0.11,47.70,48.24,0.367,nan,nan
27.39,-4.50,-0.43,-0.02,0.32,nan,0.11,47.70,48.24,0.367,nan,nan
27.40,-4.50,-0.43,0.05,0.08,nan,0.11,47.60,48.22,0.092,nan,nan
27.41,-4.50,-0.58,0.03,0.16,nan,0.10,47.60,48.24,0.179,nan,nan
27.42,-4.00,-1.10,0.03,0.16,nan,0.10,47.60,48.24,0.179,nan,nan
27.43,-4.00,-1.10,0.03,0.39,nan,0.10,47.60,48.24,0.450,nan,nan
27.44,-4.00,-0.24,0.03,0.39,nan,0.10,47.60,48.24,0.450,nan,nan
27.45,-4.00,-0.24,0.03,0.06,nan,0.10,47.60,48.22,0.065,nan,nan
27.46,-3.50,-1.18,0.06,0.09,nan,0.09,47.60,48.24,0.108,nan,nan
27.47,-4.33,-0.29,0.06,0.09,nan,0.09,47.60,48.24,0.108,nan,nan
27.48,-4.33,-0.29,0.02,0.17,nan,0.09,47.60,48.22,0.196,nan,nan
27.49,-3.50,-1.01,0.02,0.17,nan,0.09,47.60,48.22,0.196,nan,nan
27.50,-3.50,-1.01,0.01,0.07,nan,0.09,47.70,48.22,0.076,nan,nan
27.51,-3.50,0.14,0.01,0.07,nan,0.08,47.70,48.22,0.076,nan,nan
27.52,-3.50,0.14,-0.01,0.08,nan,0.08,47.70,48.22,0.092,nan,nan
27.53,-3.33,-0.53,-0.01,0.02,nan,0.08,47.70,48.22,0.027,nan,nan
27.54,-2.83,-0.50,-0.01,0.02,nan,0.08,47.70,48.22,0.027,nan,nan
27.55,-2.83,-0.50,-0.02,-0.01,nan,0.08,47.70,48.22,-0.011,nan,nan
27.56,-3.00,-1.08,-0.02,-0.01,nan,0.07,47.70,48.22,-0.011,nan,nan
27.57,-3.33,-0.17,0.05,0.06,nan,0.07,47.70,48.24,0.065,nan,nan
27.58,-3.33,-0.17,0.01,0.14,nan,0.07,47.70,48.22,0.158,nan,nan
27.59,-2.83,-0.05,0.01,0.14,nan,0.07,47.70,48.22,0.158,nan,nan
27.60,-2.83,-0.05,-0.01,0.08,nan,0.07,47.70,48.24,0.092,nan,nan
27.61,-2.83,-0.24,-0.01,0.08,nan,0.07,47.80,48.24,0.092,nan,nan
27.62,-2.50,-0.79,0.01,0.07,nan,0.07,47.80,48.22,0.076,nan,nan
27.63,-2.50,-0.79,-0.04,0.05,nan,0.06,47.80,48.24,0.055,nan,nan
27.64,-2.17,-1.03,-0.04,0.05,nan,0.06,47.80,48.24,0.055,nan,nan
27.65,-2.17,-1.03,-0.03,0.00,nan,0.06,47.80,48.26,0.000,nan,nan
27.66,-2.33,-0.70,-0.03,0.00,nan,0.06,47.80,48.26,0.000,nan,nan
27.67,-2.33,-0.43,-0.01,0.15,nan,0.06,47.80,48.24,0.168,nan,nan
27.68,-2.33,-0.43,0.03,0.03,nan,0.05,47.80,48.24,0.038,nan,nan
27.69,-2.33,-0.48,0.03,0.03,nan,0.05,47.80,48.24,0.038,nan,nan
27.70,-2.33,-0.48,0.04,0.07,nan,0.05,47.80,48.24,0.081,nan,nan
27.71,-2.00,-0.34,0.04,0.07,nan,0.05,47.70,48.24,0.081,nan,nan
27.72,-2.00,-0.34,0.02,0.07,nan,0.05,47.70,48.24,0.076,nan,nan
27.73,-1.83,-0.70,0.02,0.07,nan,0.04,47.70,48.24,0.076,nan,nan
27.74,-1.83,-0.43,0.00,0.03,nan,0.04,47.70,48.22,0.038,nan,nan
27.75,-1.83,-0.43,0.04,0.03,nan,0.04,47.70,48.24,0.038,nan,nan
27.76,-1.33,-1.03,0.04,0.03,nan,0.04,47.70,48.24,0.038,nan,nan
27.77,-1.33,-1.03,0.02,0.07,nan,0.04,47.70,48.24,0.054,nan,nan
27.78,-1.33,-0.58,0.02,0.07,nan,0.03,47.70,48.24,0.054,nan,nan
27.79,-1.33,-0.58,0.05,0.03,nan,0.03,47.70,48.24,0.038,nan,nan
27.80,-1.17,-1.10,0.00,-0.07,nan,0.03,47.70,48.24,-0.076,nan,nan
27.81,-1.33,-0.94,0.00,-0.07,nan,0.03,47.70,48.24,-0.076,nan,nan
27.82,-1.33,-0.94,0.03,0.09,nan,0.03,47.70,48.24,0.103,nan,nan
27.83,-1.17,-0.67,0.03,0.09,nan,0.03,47.70,48.24,0.103,nan,nan
27.84,-1.17,-0.67,0.03,0.09,nan,0.02,47.70,48.22,0.103,nan,nan
27.85,-1.00,-0.53,0.03,0.09,nan,0.02,47.70,48.22,0.103,nan,nan
27.86,-1.00,-0.53,-0.04,0.09,nan,0.02,47.70,48.22,0.103,nan,nan
27.87,-1.00,-0.55,-0.04,0.09,nan,0.02,47.70,48.22,0.103,nan,nan
27.88,-1.00,-0.55,0.01,0.03,nan,0.02,47.70,48.24,0.038,nan,nan
27.89,-0.67,-0.60,0.01,0.03,nan,0.02,47.70,48.24,0.038,nan,nan
27.90,-0.50,-0.34,0.02,-0.02,nan,0.02,47.70,48.22,-0.022,nan,nan
27.91,-0.50,-0.34,0.01,0.02,nan,0.01,47.70,48.26,0.027,nan,nan
27.92,-0.33,-1.03,0.01,0.02,nan,0.01,47.60,48.26,0.027,nan,nan
27.93,-0.33,-1.03,0.03,-0.03,nan,0.01,47.60,48.24,-0.038,nan,nan
27.94,-0.50,-0.72,0.03,-0.03,nan,0.01,47.60,48.24,-0.038,nan,nan
27.95,-0.33,-0.53,-0.01,0.01,nan,0.01,47.60,48.22,0.011,nan,nan
27.96,-0.33,-0.53,-0.02,0.01,nan,0.00,47.60,48.22,0.017,nan,nan
27.97,-0.17,-0.34,-0.02,0.01,nan,0.00,47.60,48.22,0.017,nan,nan
27.98,-0.17,-0.34,0.03,-0.01,nan,0.00,47.60,48.24,-0.011,nan,nan
27.99,-0.17,0.00,0.03,-0.01,nan,0.00,47.60,48.24,-0.011,nan,nan
28.00,-0.17,0.00,0.06,0.05,nan,0.00,47.60,48.22,0.054,nan,nan
28.01,0.00,-0.22,0.06,0.05,nan,0.00,47.60,48.22,0.054,nan,nan
28.02,0.00,-0.22,0.06,0.05,nan,0.00,47.70,48.22,0.054,nan,nan
28.03,0.00,-0.22,0.06,0.05,nan,0.00,47.70,48.22,0.054,nan,nan
28.04,0.00,-0.22,0.06,0.05,nan,0.00,47.70,48.22,0.054,nan,nan
28.05,0.00,-0.22,0.06,0.05,nan,0.00,47.70,48.22,0.054,nan,nan
28.06,0.00,-0.22,0.06,0.05,nan,0.00,47.70,48.22,0.054,nan,nan
28.07,0.00,-0.22,0.06,0.05,nan,0.00,47.70,48.22,0.054,nan,nan
28.08,0.00,-0.22,0.06,0.05,nan,0.00,47.70,48.22,0.054,nan,nan
28.09,0.00,-0.22,0.06,0.05,nan,0.00,47.70,48.22,0.054,nan,nan
28.10,0.00,-0.22,0.06,0.05,nan,0.00,47.70,48.22,0.054,nan,nan
28.11,0.00,-0.22,0.06,0.05,nan,0.00,47.70,48.22,0.054,nan,nan
28.12,0.00,-0.22,0.06,0.05,nan,0.00,47.70,48.22,0.054,nan,nan
28.13,0.00,-0.22,0.06,0.05,nan,0.00,47.70,48.22,0.054,nan,nan
28.14,0.00,-0.22,0.06,0.05,nan,0.00,47.70,48.22,0.054,nan,nan
28.15,0.00,-0.22,0.06,0.05,nan,0.00,47.70,48.22,0.054,nan,nan
28.16,0.00,-0.22,0.06,0.05,nan,0.00,47.70,48.22,0.054,nan,nan
28.17,0.00,-0.22,0.06,0.05,nan,0.00,47.70,48.22,0.054,nan,nan
28.18,0.00,-0.22,0.06,0.05,nan,0.00,47.70,48.22,0.054,nan,nan
28.19,0.00,-0.22,0.06,0.05,nan,0.00,47.70,48.22,0.054,nan,nan
28.20,0.00,-0.22,0.06,0.05,nan,0.00,47.70,48.22,0.054,nan,nan
28.21,0.00,-0.22,0.06,0.05,nan,0.00,47.70,48.22,0.054,nan,nan
28.22,0.00,-0.22,0.06,0.05,nan,0.00,47.70,48.22,0.054,nan,nan
28.23,0.00,-0.22,0.06,0.05,nan,0.00,47.70,48.22,0.054,nan,nan
28.24,0.00,-0.22,0.06,0.05,nan,0.00,47.70,48.22,0.054,nan,nan
28.25,0.00,-0.22,0.06,0.05,nan,0.00,47.70,48.22,0.054,nan,nan
28.26,0.00,-0.22,0.06,0.05,nan,0.00,47.70,48.22,0.054,nan,nan
28.27,0.00,-0.22,0.06,0.05,nan,0.00,47.70,48.22,0.054,nan,nan
28.28,0.00,-0.22,0.06,0.05,nan,0.00,47.70,48.22,0.054,nan,nan
28.29,0.00,-0.22,0.06,0.05,nan,0.00,47.70,48.22,0.054,nan,nan
28.30,0.00,-0.22,0.06,0.05,nan,0.00,47.70,48.22,0.054,nan,nan
28.31,0.00,-0.22,0.06,0.05,nan,0.00,47.70,48.22,0.054,nan,nan
28.32,0.00,-0.22,0.06,0.05,nan,0.00,47.70,48.22,0.054,nan,nan
28.33,0.00,-0.22,0.06,0.05,nan,0.00,47.70,48.22,0.054,nan,nan
28.34,0.00,-0.22,0.06,0.05,nan,0.00,47.60,48.22,0.054,nan,nan
28.35,0.00,-0.22,0.06,0.05,nan,0.00,47.60,48.22,0.054,nan,nan
28.36,0.00,-0.22,0.06,0.05,nan,0.00,47.60,48.22,0.054,nan,nan
28.37,0.00,-0.22,0.06,0.05,nan,0.00,47.60,48.22,0.054,nan,nan
28.38,0.00,-0.22,0.06,0.05,nan,0.00,47.60,48.22,0.054,nan,nan
28.39,0.00,-0.22,0.06,0.05,nan,0.00,47.60,48.22,0.054,nan,nan
28.40,0.00,-0.22,0.06,0.05,nan,0.00,47.60,48.22,0.054,nan,nan
28.41,0.00,-0.22,0.06,0.05,nan,0.00,47.60,48.22,0.054,nan,nan
28.42,0.00,-0.22,0.06,0.05,nan,0.00,47.60,48.22,0.054,nan,nan
28.43,0.00,-0.22,0.06,0.05,nan,0.00,47.60,48.22,0.054,nan,nan
28.44,0.00,-0.22,0.06,0.05,nan,0.00,47.70,48.22,0.054,nan,nan
28.45,0.00,-0.22,0.06,0.05,nan,0.00,47.70,48.22,0.054,nan,nan
28.46,0.00,-0.22,0.06,0.05,nan,0.00,47.70,48.22,0.054,nan,nan
28.47,0.00,-0.22,0.06,0.05,nan,0.00,47.70,48.22,0.054,nan,nan
28.48,0.00,-0.22,0.06,0.05,nan,0.00,47.70,48.22,0.054,nan,nan
28.49,0.00,-0.22,0.06,0.05,nan,0.00,47.70,48.22,0.054,nan,nan
28.50,0.00,-0.22,0.06,0.05,nan,0.00,47.70,48.22,0.054,nan,nan
28.51,0.00,-0.22,0.06,0.05,nan,0.00,47.70,48.22,0.054,nan,nan
28.52,0.00,-0.22,0.06,0.05,nan,0.00,47.70,48.22,0.054,nan,nan
28.53,0.00,-0.22,0.06,0.05,nan,0.00,47.70,48.22,0.054,nan,nan
28.54,0.00,-0.22,0.06,0.05,nan,0.00,47.60,48.22,0.054,nan,nan
28.55,0.00,-0.22,0.06,0.05,nan,0.00,47.60,48.22,0.054,nan,nan
28.56,0.00,-0.22,0.06,0.05,nan,0.00,47.60,48.22,0.054,nan,nan
28.57,0.00,-0.22,0.06,0.05,nan,0.00,47.60,48.22,0.054,nan,nan
28.58,0.00,-0.22,0.06,0.05,nan,0.00,47.60,48.22,0.054,nan,nan
28.59,0.00,-0.22,0.06,0.05,nan,0.00,47.60,48.22,0.054,nan,nan
28.60,0.00,-0.22,0.06,0.05,nan,0.00,47.60,48.22,0.054,nan,nan
28.61,0.00,-0.22,0.06,0.05,nan,0.00,47.60,48.22,0.054,nan,nan
28.62,0.00,-0.22,0.06,0.05,nan,0.00,47.60,48.22,0.054,nan,nan
28.63,0.00,-0.22,0.06,0.05,nan,0.00,47.60,48.22,0.054,nan,nan
28.64,0.00,-0.22,0.06,0.05,nan,0.00,47.70,48.22,0.054,nan,nan
28.65,0.00,-0.22,0.06,0.05,nan,0.00,47.70,48.22,0.054,nan,nan
28.66,0.00,-0.22,0.06,0.05,nan,0.00,47.70,48.22,0.054,nan,nan
28.67,0.00,-0.22,0.06,0.05,nan,0.00,47.70,48.22,0.054,nan,nan
28.68,0.00,-0.22,0.06,0.05,nan,0.00,47.70,48.22,0.054,nan,nan
28.69,0.00,-0.22,0.06,0.05,nan,0.00,47.70,48.22,0.054,nan,nan
28.70,0.00,-0.22,0.06,0.05,nan,0.00,47.70,48.22,0.054,nan,nan
28.71,0.00,-0.22,0.06,0.05,nan,0.00,47.70,48.22,0.054,nan,nan
28.72,0.00,-0.22,0.06,0.05,nan,0.00,47.70,48.22,0.054,nan,nan
28.73,0.00,-0.22,0.06,0.05,nan,0.00,47.70,48.22,0.054,nan,nan
28.74,0.00,-0.22,0.06,0.05,nan,0.00,47.70,48.22,0.054,nan,nan
28.75,0.00,-0.22,0.06,0.05,nan,0.00,47.70,48.22,0.054,nan,nan
28.76,0.00,-0.22,0.06,0.05,nan,0.00,47.70,48.22,0.054,nan,nan
28.77,0.00,-0.22,0.06,0.05,nan,0.00,47.70,48.22,0.054,nan,nan
28.78,0.00,-0.22,0.06,0.05,nan,0.00,47.70,48.22,0.054,nan,nan
28.79,0.00,-0.22,0.06,0.05,nan,0.00,47.70,48.22,0.054,nan,nan
28.80,0.00,-0.22,0.06,0.05,nan,0.00,47.70,48.22,0.054,nan,nan
28.81,0.00,-0.22,0.06,0.05,nan,0.00,47.70,48.22,0.054,nan,nan
28.82,0.00,-0.22,0.06,0.05,nan,0.00,47.70,48.22,0.054,nan,nan
28.83,0.00,-0.22,0.06,0.05,nan,0.00,47.70,48.22,0.054,nan,nan
28.84,0.00,-0.22,0.06,0.05,nan,0.00,47.70,48.22,0.054,nan,nan
28.85,0.00,-0.22,0.06,0.05,nan,0.00,47.60,48.22,0.054,nan,nan
28.86,0.00,-0.22,0.06,0.05,nan,0.00,47.60,48.22,0.054,nan,nan
28.87,0.00,-0.22,0.06,0.05,nan,0.00,47.60,48.22,0.054,nan,nan
28.88,0.00,-0.22,0.06,0.05,nan,0.00,47.60,48.22,0.054,nan,nan
28.89,0.00,-0.22,0.06,0.05,nan,0.00,47.60,48.22,0.054,nan,nan
28.90,0.00,-0.22,0.06,0.05,nan,0.00,47.60,48.22,0.054,nan,nan
28.91,0.00,-0.22,0.06,0.05,nan,0.00,47.60,48.22,0.054,nan,nan
28.92,0.00,-0.22,0.06,0.05,nan,0.00,47.60,48.22,0.054,nan,nan
28.93,0.00,-0.22,0.06,0.05,nan,0.00,47.60,48.22,0.054,nan,nan
28.94,0.00,-0.22,0.06,0.05,nan,0.00,47.60,48.22,0.054,nan,nan
28.95,0.00,-0.22,0.06,0.05,nan,0.00,47.60,48.22,0.054,nan,nan
28.96,0.00,-0.22,0.06,0.05,nan,0.00,47.70,48.22,0.054,nan,nan
28.97,0.00,-0.22,0.06,0.05,nan,0.00,47.70,48.22,0.054,nan,nan
28.98,0.00,-0.22,0.06,0.05,nan,0.00,47.70,48.22,0.054,nan,nan
28.99,0.00,-0.22,0.06,0.05,nan,0.00,47.70,48.22,0.054,nan,nan
29.00,0.00,-0.22,0.06,0.05,nan,0.00,47.70,48.22,0.054,nan,nan
29.01,0.00,-0.22,0.06,0.05,nan,0.00,47.70,48.22,0.054,nan,nan
29.02,0.00,-0.22,0.06,0.05,nan,0.00,47.70,48.22,0.054,nan,nan
29.03,0.00,-0.22,0.06,0.05,nan,0.00,47.70,48.22,0.054,nan,nan
29.04,0.00,-0.22,0.06,0.05,nan,0.00,47.70,48.22,0.054,nan,nan
29.05,0.00,-0.22,0.06,0.05,nan,0.00,47.70,48.22,0.054,nan,nan
29.06,0.00,-0.22,0.06,0.05,nan,0.00,47.70,48.22,0.054,nan,nan
29.07,0.00,-0.22,0.06,0.05,nan,0.00,47.70,48.22,0.054,nan,nan
29.08,0.00,-0.22,0.06,0.05,nan,0.00,47.70,48.22,0.054,nan,nan
29.09,0.00,-0.22,0.06,0.05,nan,0.00,47.70,48.22,0.054,nan,nan
29.10,0.00,-0.22,0.06,0.05,nan,0.00,47.70,48.22,0.054,nan,nan
29.11,0.00,-0.22,0.06,0.05,nan,0.00,47.70,48.22,0.054,nan,nan
29.12,0.00,-0.22,0.06,0.05,nan,0.00,47.70,48.22,0.054,nan,nan
29.13,0.00,-0.22,0.06,0.05,nan,0.00,47.70,48.22,0.054,nan,nan
29.14,0.00,-0.22,0.06,0.05,nan,0.00,47.70,48.22,0.054,nan,nan
29.15,0.00,-0.22,0.06,0.05,nan,0.00,47.70,48.22,0.054,nan,nan
29.16,0.00,-0.22,0.06,0.05,nan,0.00,47.70,48.22,0.054,nan,nan
29.17,0.00,-0.22,0.06,0.05,nan,0.00,47.70,48.22,0.054,nan,nan
29.18,0.00,-0.22,0.06,0.05,nan,0.00,47.60,48.22,0.054,nan,nan
29.19,0.00,-0.22,0.06,0.05,nan,0.00,47.60,48.22,0.054,nan,nan
29.20,0.00,-0.22,0.06,0.05,nan,0.00,47.60,48.22,0.054,nan,nan
29.21,0.00,-0.22,0.06,0.05,nan,0.00,47.60,48.22,0.054,nan,nan
29.22,0.00,-0.22,0.06,0.05,nan,0.00,47.60,48.22,0.054,nan,nan
29.23,0.00,-0.22,0.06,0.05,nan,0.00,47.60,48.22,0.054,nan,nan
29.24,0.00,-0.22,0.06,0.05,nan,0.00,47.60,48.22,0.054,nan,nan
29.25,0.00,-0.22,0.06,0.05,nan,0.00,47.60,48.22,0.054,nan,nan
29.26,0.00,-0.22,0.06,0.05,nan,0.00,47.60,48.22,0.054,nan,nan
29.27,0.00,-0.22,0.06,0.05,nan,0.00,47.60,48.22,0.054,nan,nan
29.28,0.00,-0.22,0.06,0.05,nan,0.00,47.60,48.22,0.054,nan,nan
29.29,0.00,-0.22,0.06,0.05,nan,0.00,47.60,48.22,0.054,nan,nan
29.30,0.00,-0.22,0.06,0.05,nan,0.00,47.60,48.22,0.054,nan,nan
29.31,0.00,-0.22,0.06,0.05,nan,0.00,47.60,48.22,0.054,nan,nan
29.32,0.00,-0.22,0.06,0.05,nan,0.00,47.60,48.22,0.054,nan,nan
29.33,0.00,-0.22,0.06,0.05,nan,0.00,47.60,48.22,0.054,nan,nan
29.34,0.00,-0.22,0.06,0.05,nan,0.00,47.60,48.22,0.054,nan,nan
29.35,0.00,-0.22,0.06,0.05,nan,0.00,47.60,48.22,0.054,nan,nan
29.36,0.00,-0.22,0.06,0.05,nan,0.00,47.60,48.22,0.054,nan,nan
29.37,0.00,-0.22,0.06,0.05,nan,0.00,47.60,48.22,0.054,nan,nan
29.38,0.00,-0.22,0.06,0.05,nan,0.00,47.60,48.22,0.054,nan,nan
29.39,0.00,-0.22,0.06,0.05,nan,0.00,47.60,48.22,0.054,nan,nan
29.40,0.00,-0.22,0.06,0.05,nan,0.00,47.70,48.22,0.054,nan,nan
29.41,0.00,-0.22,0.06,0.05,nan,0.00,47.70,48.22,0.054,nan,nan
29.42,0.00,-0.22,0.06,0.05,nan,0.00,47.70,48.22,0.054,nan,nan
29.43,0.00,-0.22,0.06,0.05,nan,0.00,47.70,48.22,0.054,nan,nan
29.44,0.00,-0.22,0.06,0.05,nan,0.00,47.70,48.22,0.054,nan,nan
29.45,0.00,-0.22,0.06,0.05,nan,0.00,47.70,48.22,0.054,nan,nan
29.46,0.00,-0.22,0.06,0.05,nan,0.00,47.70,48.22,0.054,nan,nan
29.47,0.00,-0.22,0.06,0.05,nan,0.00,47.70,48.22,0.054,nan,nan
29.48,0.00,-0.22,0.06,0.05,nan,0.00,47.70,48.22,0.054,nan,nan
29.49,0.00,-0.22,0.06,0.05,nan,0.00,47.70,48.22,0.054,nan,nan
29.50,0.00,-0.22,0.06,0.05,nan,0.00,47.70,48.22,0.054,nan,nan
29.51,0.00,-0.22,0.06,0.05,nan,0.00,47.60,48.22,0.054,nan,nan
29.52,0.00,-0.22,0.06,0.05,nan,0.00,47.60,48.22,0.054,nan,nan
29.53,0.00,-0.22,0.06,0.05,nan,0.00,47.60,48.22,0.054,nan,nan
29.54,0.00,-0.22,0.06,0.05,nan,0.00,47.60,48.22,0.054,nan,nan
29.55,0.00,-0.22,0.06,0.05,nan,0.00,47.60,48.22,0.054,nan,nan
29.56,0.00,-0.22,0.06,0.05,nan,0.00,47.60,48.22,0.054,nan,nan
29.57,0.00,-0.22,0.06,0.05,nan,0.00,47.60,48.22,0.054,nan,nan
29.58,0.00,-0.22,0.06,0.05,nan,0.00,47.60,48.22,0.054,nan,nan
29.59,0.00,-0.22,0.06,0.05,nan,0.00,47.60,48.22,0.054,nan,nan
29.60,0.00,-0.22,0.06,0.05,nan,0.00,47.60,48.22,0.054,nan,nan
29.61,0.00,-0.22,0.06,0.05,nan,0.00,47.60,48.22,0.054,nan,nan
29.62,0.00,-0.22,0.06,0.05,nan,0.00,47.70,48.22,0.054,nan,nan
29.63,0.00,-0.22,0.06,0.05,nan,0.00,47.70,48.22,0.054,nan,nan
29.64,0.00,-0.22,0.06,0.05,nan,0.00,47.70,48.22,0.054,nan,nan
29.65,0.00,-0.22,0.06,0.05,nan,0.00,47.70,48.22,0.054,nan,nan
29.66,0.00,-0.22,0.06,0.05,nan,0.00,47.70,48.22,0.054,nan,nan
29.67,0.00,-0.22,0.06,0.05,nan,0.00,47.70,48.22,0.054,nan,nan
29.68,0.00,-0.22,0.06,0.05,nan,0.00,47.70,48.22,0.054,nan,nan
29.69,0.00,-0.22,0.06,0.05,nan,0.00,47.70,48.22,0.054,nan,nan
29.70,0.00,-0.22,0.06,0.05,nan,0.00,47.70,48.22,0.054,nan,nan
29.71,0.00,-0.22,0.06,0.05,nan,0.00,47.70,48.22,0.054,nan,nan
29.72,0.00,-0.22,0.06,0.05,nan,0.00,47.70,48.22,0.054,nan,nan
29.73,0.00,-0.22,0.06,0.05,nan,0.00,47.70,48.22,0.054,nan,nan
29.74,0.00,-0.22,0.06,0.05,nan,0.00,47.70,48.22,0.054,nan,nan
29.75,0.00,-0.22,0.06,0.05,nan,0.00,47.70,48.22,0.054,nan,nan
29.76,0.00,-0.22,0.06,0.05,nan,0.00,47.70,48.22,0.054,nan,nan
29.77,0.00,-0.22,0.06,0.05,nan,0.00,47.70,48.22,0.054,nan,nan
29.78,0.00,-0.22,0.06,0.05,nan,0.00,47.70,48.22,0.054,nan,nan
29.79,0.00,-0.22,0.06,0.05,nan,0.00,47.70,48.22,0.054,nan,nan
29.80,0.00,-0.22,0.06,0.05,nan,0.00,47.70,48.22,0.054,nan,nan
29.81,0.00,-0.22,0.06,0.05,nan,0.00,47.70,48.22,0.054,nan,nan
29.82,0.00,-0.22,0.06,0.05,nan,0.00,47.70,48.22,0.054,nan,nan
29.83,0.00,-0.22,0.06,0.05,nan,0.00,47.60,48.22,0.054,nan,nan
29.84,0.00,-0.22,0.06,0.05,nan,0.00,47.60,48.22,0.054,nan,nan
29.85,0.00,-0.22,0.06,0.05,nan,0.00,47.60,48.22,0.054,nan,nan
29.86,0.00,-0.22,0.06,0.05,nan,0.00,47.60,48.22,0.054,nan,nan
29.87,0.00,-0.22,0.06,0.05,nan,0.00,47.60,48.22,0.054,nan,nan
29.88,0.00,-0.22,0.06,0.05,nan,0.00,47.60,48.22,0.054,nan,nan
29.89,0.00,-0.22,0.06,0.05,nan,0.00,47.60,48.22,0.054,nan,nan
29.90,0.00,-0.22,0.06,0.05,nan,0.00,47.60,48.22,0.054,nan,nan
29.91,0.00,-0.22,0.06,0.05,nan,0.00,47.60,48.22,0.054,nan,nan
29.92,0.00,-0.22,0.06,0.05,nan,0.00,47.60,48.22,0.054,nan,nan
29.93,0.00,-0.22,0.06,0.05,nan,0.00,47.60,48.22,0.054,nan,nan
29.94,0.00,-0.22,0.06,0.05,nan,0.00,47.60,48.22,0.054,nan,nan
29.95,0.00,-0.22,0.06,0.05,nan,0.00,47.60,48.22,0.054,nan,nan
29.96,0.00,-0.22,0.06,0.05,nan,0.00,47.60,48.22,0.054,nan,nan
29.97,0.00,-0.22,0.06,0.05,nan,0.00,47.60,48.22,0.054,nan,nan
29.98,0.00,-0.22,0.06,0.05,nan,0.00,47.60,48.22,0.054,nan,nan
29.99,0.00,-0.22,0.06,0.05,nan,0.00,47.60,48.22,0.054,nan,nan
30.00,0.00,-0.22,0.06,0.05,nan,0.00,47.60,48.22,0.054,nan,nan
30.01,0.00,-0.22,0.06,0.05,nan,0.00,47.60,48.22,0.054,nan,nan
30.02,0.00,-0.22,0.06,0.05,nan,0.00,47.60,48.22,0.054,nan,nan
30.03,0.00,-0.22,0.06,0.05,nan,0.00,47.60,48.22,0.054,nan,nan
30.04,0.00,-0.22,0.06,0.05,nan,0.00,47.60,48.22,0.054,nan,nan
30.05,0.00,-0.22,0.06,0.05,nan,0.00,47.60,48.22,0.054,nan,nan
30.06,0.00,-0.22,0.06,0.05,nan,0.00,47.60,48.22,0.054,nan,nan
30.07,0.00,-0.22,0.06,0.05,nan,0.00,47.60,48.22,0.054,nan,nan
30.08,0.00,-0.22,0.06,0.05,nan,0.00,47.60,48.22,0.054,nan,nan
30.09,0.00,-0.22,0.06,0.05,nan,0.00,47.60,48.22,0.054,nan,nan
30.10,0.00,-0.22,0.06,0.05,nan,0.00,47.60,48.22,0.054,nan,nan
30.11,0.00,-0.22,0.06,0.05,nan,0.00,47.60,48.22,0.054,nan,nan
30.12,0.00,-0.22,0.06,0.05,nan,0.00,47.60,48.22,0.054,nan,nan
30.13,0.00,-0.22,0.06,0.05,nan,0.00,47.60,48.22,0.054,nan,nan
30.14,0.00,-0.22,0.06,0.05,nan,0.00,47.60,48.22,0.054,nan,nan
30.15,0.00,-0.22,0.06,0.05,nan,0.00,47.80,48.22,0.054,nan,nan
30.16,0.00,-0.22,0.06,0.05,nan,0.00,47.80,48.22,0.054,nan,nan
30.17,0.00,-0.22,0.06,0.05,nan,0.00,47.80,48.22,0.054,nan,nan
30.18,0.00,-0.22,0.06,0.05,nan,0.00,47.80,48.22,0.054,nan,nan
30.19,0.00,-0.22,0.06,0.05,nan,0.00,47.80,48.22,0.054,nan,nan
30.20,0.00,-0.22,0.06,0.05,nan,0.00,47.80,48.22,0.054,nan,nan
30.21,0.00,-0.22,0.06,0.05,nan,0.00,47.80,48.22,0.054,nan,nan
30.22,0.00,-0.22,0.06,0.05,nan,0.00,47.80,48.22,0.054,nan,nan
30.23,0.00,-0.22,0.06,0.05,nan,0.00,47.80,48.22,0.054,nan,nan
30.24,0.00,-0.22,0.06,0.05,nan,0.00,47.80,48.22,0.054,nan,nan
30.25,0.00,-0.22,0.06,0.05,nan,0.00,47.80,48.22,0.054,nan,nan
30.26,0.00,-0.22,0.06,0.05,nan,0.00,47.70,48.22,0.054,nan,nan
30.27,0.00,-0.22,0.06,0.05,nan,0.00,47.70,48.22,0.054,nan,nan
30.28,0.00,-0.22,0.06,0.05,nan,0.00,47.70,48.22,0.054,nan,nan
30.29,0.00,-0.22,0.06,0.05,nan,0.00,47.70,48.22,0.054,nan,nan
30.30,0.00,-0.22,0.06,0.05,nan,0.00,47.70,48.22,0.054,nan,nan
30.31,0.00,-0.22,0.06,0.05,nan,0.00,47.70,48.22,0.054,nan,nan
30.32,0.00,-0.22,0.06,0.05,nan,0.00,47.70,48.22,0.054,nan,nan
30.33,0.00,-0.22,0.06,0.05,nan,0.00,47.70,48.22,0.054,nan,nan
30.34,0.00,-0.22,0.06,0.05,nan,0.00,47.70,48.22,0.054,nan,nan
30.35,0.00,-0.22,0.06,0.05,nan,0.00,47.70,48.22,0.054,nan,nan
30.36,0.00,-0.22,0.06,0.05,nan,0.00,47.70,48.22,0.054,nan,nan
30.37,0.00,-0.22,0.06,0.05,nan,0.00,47.60,48.22,0.054,nan,nan
30.38,0.00,-0.22,0.06,0.05,nan,0.00,47.60,48.22,0.054,nan,nan
30.39,0.00,-0.22,0.06,0.05,nan,0.00,47.60,48.22,0.054,nan,nan
30.40,0.00,-0.22,0.06,0.05,nan,0.00,47.60,48.22,0.054,nan,nan
30.41,0.00,-0.22,0.06,0.05,nan,0.00,47.60,48.22,0.054,nan,nan
30.42,0.00,-0.22,0.06,0.05,nan,0.00,47.60,48.22,0.054,nan,nan
30.43,0.00,-0.22,0.06,0.05,nan,0.00,47.60,48.22,0.054,nan,nan
30.44,0.00,-0.22,0.06,0.05,nan,0.00,47.60,48.22,0.054,nan,nan
30.45,0.00,-0.22,0.06,0.05,nan,0.00,47.60,48.22,0.054,nan,nan
30.46,0.00,-0.22,0.06,0.05,nan,0.00,47.60,48.22,0.054,nan,nan
30.47,0.00,-0.22,0.06,0.05,nan,0.00,47.60,48.22,0.054,nan,nan
30.48,0.00,-0.22,0.06,0.05,nan,0.00,47.70,48.22,0.054,nan,nan
30.49,0.00,-0.22,0.06,0.05,nan,0.00,47.70,48.22,0.054,nan,nan
30.50,0.00,-0.22,0.06,0.05,nan,0.00,47.70,48.22,0.054,nan,nan
30.51,0.00,-0.22,0.06,0.05,nan,0.00,47.70,48.22,0.054,nan,nan
30.52,0.00,-0.22,0.06,0.05,nan,0.00,47.70,48.22,0.054,nan,nan
30.53,0.00,-0.22,0.06,0.05,nan,0.00,47.70,48.22,0.054,nan,nan
30.54,0.00,-0.22,0.06,0.05,nan,0.00,47.70,48.22,0.054,nan,nan
30.55,0.00,-0.22,0.06,0.05,nan,0.00,47.70,48.22,0.054,nan,nan
30.56,0.00,-0.22,0.06,0.05,nan,0.00,47.70,48.22,0.054,nan,nan
30.57,0.00,-0.22,0.06,0.05,nan,0.00,47.70,48.22,0.054,nan,nan
30.58,0.00,-0.22,0.06,0.05,nan,0.00,47.70,48.22,0.054,nan,nan
30.59,0.00,-0.22,0.06,0.05,nan,0.00,47.60,48.22,0.054,nan,nan
30.60,0.00,-0.22,0.06,0.05,nan,0.00,47.60,48.22,0.054,nan,nan
30.61,0.00,-0.22,0.06,0.05,nan,0.00,47.60,48.22,0.054,nan,nan
30.62,0.00,-0.22,0.06,0.05,nan,0.00,47.60,48.22,0.054,nan,nan
30.63,0.00,-0.22,0.06,0.05,nan,0.00,47.60,48.22,0.054,nan,nan
30.64,0.00,-0.22,0.06,0.05,nan,0.00,47.60,48.22,0.054,nan,nan
30.65,0.00,-0.22,0.06,0.05,nan,0.00,47.60,48.22,0.054,nan,nan
30.66,0.00,-0.22,0.06,0.05,nan,0.00,47.60,48.22,0.054,nan,nan
30.67,0.00,-0.22,0.06,0.05,nan,0.00,47.60,48.22,0.054,nan,nan
30.68,0.00,-0.22,0.06,0.05,nan,0.00,47.60,48.22,0.054,nan,nan
30.69,0.00,-0.22,0.06,0.05,nan,0.00,47.60,48.22,0.054,nan,nan
30.70,0.00,-0.22,0.06,0.05,nan,0.00,47.70,48.22,0.054,nan,nan
30.71,0.00,-0.22,0.06,0.05,nan,0.00,47.70,48.22,0.054,nan,nan
30.72,0.00,-0.22,0.06,0.05,nan,0.00,47.70,48.22,0.054,nan,nan
30.73,0.00,-0.22,0.06,0.05,nan,0.00,47.70,48.22,0.054,nan,nan
30.74,0.00,-0.22,0.06,0.05,nan,0.00,47.70,48.22,0.054,nan,nan
30.75,0.00,-0.22,0.06,0.05,nan,0.00,47.70,48.22,0.054,nan,nan
30.76,0.00,-0.22,0.06,0.05,nan,0.00,47.70,48.22,0.054,nan,nan
30.77,0.00,-0.22,0.06,0.05,nan,0.00,47.70,48.22,0.054,nan,nan
30.78,0.00,-0.22,0.06,0.05,nan,0.00,47.70,48.22,0.054,nan,nan
30.79,0.00,-0.22,0.06,0.05,nan,0.00,47.70,48.22,0.054,nan,nan
30.80,0.00,-0.22,0.06,0.05,nan,0.00,47.70,48.22,0.054,nan,nan
30.81,0.00,-0.22,0.06,0.05,nan,0.00,47.70,48.22,0.054,nan,nan
30.82,0.00,-0.22,0.06,0.05,nan,0.00,47.70,48.22,0.054,nan,nan
30.83,0.00,-0.22,0.06,0.05,nan,0.00,47.70,48.22,0.054,nan,nan
30.84,0.00,-0.22,0.06,0.05,nan,0.00,47.70,48.22,0.054,nan,nan
30.85,0.00,-0.22,0.06,0.05,nan,0.00,47.70,48.22,0.054,nan,nan
30.86,0.00,-0.22,0.06,0.05,nan,0.00,47.70,48.22,0.054,nan,nan
30.87,0.00,-0.22,0.06,0.05,nan,0.00,47.70,48.22,0.054,nan,nan
30.88,0.00,-0.22,0.06,0.05,nan,0.00,47.70,48.22,0.054,nan,nan
30.89,0.00,-0.22,0.06,0.05,nan,0.00,47.70,48.22,0.054,nan,nan
30.90,0.00,-0.22,0.06,0.05,nan,0.00,47.70,48.22,0.054,nan,nan
30.91,0.00,-0.22,0.06,0.05,nan,0.00,47.60,48.22,0.054,nan,nan
30.92,0.00,-0.22,0.06,0.05,nan,0.00,47.60,48.22,0.054,nan,nan
30.93,0.00,-0.22,0.06,0.05,nan,0.00,47.60,48.22,0.054,nan,nan
30.94,0.00,-0.22,0.06,0.05,nan,0.00,47.60,48.22,0.054,nan,nan
30.95,0.00,-0.22,0.06,0.05,nan,0.00,47.60,48.22,0.054,nan,nan
30.96,0.00,-0.22,0.06,0.05,nan,0.00,47.60,48.22,0.054,nan,nan
30.97,0.00,-0.22,0.06,0.05,nan,0.00,47.60,48.22,0.054,nan,nan
30.98,0.00,-0.22,0.06,0.05,nan,0.00,47.60,48.22,0.054,nan,nan
30.99,0.00,-0.22,0.06,0.05,nan,0.00,47.60,48.22,0.054,nan,nan
31.00,0.00,-0.22,0.06,0.05,nan,0.00,47.60,48.22,0.054,nan,nan
31.01,0.00,-0.22,0.06,0.05,nan,0.00,47.60,48.22,0.054,nan,nan
31.02,0.00,-0.22,0.06,0.05,nan,0.00,47.60,48.22,0.054,nan,nan
31.03,0.00,-0.22,0.06,0.05,nan,0.00,47.60,48.22,0.054,nan,nan
31.04,0.00,-0.22,0.06,0.05,nan,0.00,47.60,48.22,0.054,nan,nan
31.05,0.00,-0.22,0.06,0.05,nan,0.00,47.60,48.22,0.054,nan,nan
31.06,0.00,-0.22,0.06,0.05,nan,0.00,47.60,48.22,0.054,nan,nan
31.07,0.00,-0.22,0.06,0.05,nan,0.00,47.60,48.22,0.054,nan,nan
31.08,0.00,-0.22,0.06,0.05,nan,0.00,47.60,48.22,0.054,nan,nan
31.09,0.00,-0.22,0.06,0.05,nan,0.00,47.60,48.22,0.054,nan,nan
31.10,0.00,-0.22,0.06,0.05,nan,0.00,47.60,48.22,0.054,nan,nan
31.11,0.00,-0.22,0.06,0.05,nan,0.00,47.60,48.22,0.054,nan,nan
31.12,0.00,-0.22,0.06,0.05,nan,0.00,47.60,48.22,0.054,nan,nan
31.13,0.00,-0.22,0.06,0.05,nan,0.00,47.60,48.22,0.054,nan,nan
31.14,0.00,-0.22,0.06,0.05,nan,0.00,47.60,48.22,0.054,nan,nan
31.15,0.00,-0.22,0.06,0.05,nan,0.00,47.60,48.22,0.054,nan,nan
31.16,0.00,-0.22,0.06,0.05,nan,0.00,47.60,48.22,0.054,nan,nan
31.17,0.00,-0.22,0.06,0.05,nan,0.00,47.60,48.22,0.054,nan,nan
31.18,0.00,-0.22,0.06,0.05,nan,0.00,47.60,48.22,0.054,nan,nan
31.19,0.00,-0.22,0.06,0.05,nan,0.00,47.60,48.22,0.054,nan,nan
31.20,0.00,-0.22,0.06,0.05,nan,0.00,47.60,48.22,0.054,nan,nan
31.21,0.00,-0.22,0.06,0.05,nan,0.00,47.60,48.22,0.054,nan,nan
31.22,0.00,-0.22,0.06,0.05,nan,0.00,47.70,48.22,0.054,nan,nan
31.23,0.00,-0.22,0.06,0.05,nan,0.00,47.70,48.22,0.054,nan,nan
31.24,0.00,-0.22,0.06,0.05,nan,0.00,47.70,48.22,0.054,nan,nan
31.25,0.00,-0.22,0.06,0.05,nan,0.00,47.70,48.22,0.054,nan,nan
31.26,0.00,-0.22,0.06,0.05,nan,0.00,47.70,48.22,0.054,nan,nan
31.27,0.00,-0.22,0.06,0.05,nan,0.00,47.70,48.22,0.054,nan,nan
31.28,0.00,-0.22,0.06,0.05,nan,0.00,47.70,48.22,0.054,nan,nan
31.29,0.00,-0.22,0.06,0.05,nan,0.00,47.70,48.22,0.054,nan,nan
31.30,0.00,-0.22,0.06,0.05,nan,0.00,47.70,48.22,0.054,nan,nan
31.31,0.00,-0.22,0.06,0.05,nan,0.00,47.70,48.22,0.054,nan,nan
31.32,0.00,-0.22,0.06,0.05,nan,0.00,47.70,48.22,0.054,nan,nan
31.33,0.00,-0.22,0.06,0.05,nan,0.00,47.70,48.22,0.054,nan,nan
31.34,0.00,-0.22,0.06,0.05,nan,0.00,47.70,48.22,0.054,nan,nan
31.35,0.00,-0.22,0.06,0.05,nan,0.00,47.70,48.22,0.054,nan,nan
31.36,0.00,-0.22,0.06,0.05,nan,0.00,47.70,48.22,0.054,nan,nan
31.37,0.00,-0.22,0.06,0.05,nan,0.00,47.70,48.22,0.054,nan,nan
31.38,0.00,-0.22,0.06,0.05,nan,0.00,47.70,48.22,0.054,nan,nan
31.39,0.00,-0.22,0.06,0.05,nan,0.00,47.70,48.22,0.054,nan,nan
31.40,0.00,-0.22,0.06,0.05,nan,0.00,47.70,48.22,0.054,nan,nan
31.41,0.00,-0.22,0.06,0.05,nan,0.00,47.70,48.22,0.054,nan,nan
31.42,0.00,-0.22,0.06,0.05,nan,0.00,47.70,48.22,0.054,nan,nan
31.43,0.00,-0.22,0.06,0.05,nan,0.00,47.70,48.22,0.054,nan,nan
31.44,0.00,-0.22,0.06,0.05,nan,0.00,47.70,48.22,0.054,nan,nan
31.45,0.00,-0.22,0.06,0.05,nan,0.00,47.70,48.22,0.054,nan,nan
31.46,0.00,-0.22,0.06,0.05,nan,0.00,47.70,48.22,0.054,nan,nan
31.47,0.00,-0.22,0.06,0.05,nan,0.00,47.70,48.22,0.054,nan,nan
31.48,0.00,-0.22,0.06,0.05,nan,0.00,47.70,48.22,0.054,nan,nan
31.49,0.00,-0.22,0.06,0.05,nan,0.00,47.70,48.22,0.054,nan,nan
31.50,0.00,-0.22,0.06,0.05,nan,0.00,47.70,48.22,0.054,nan,nan
31.51,0.00,-0.22,0.06,0.05,nan,0.00,47.70,48.22,0.054,nan,nan
31.52,0.00,-0.22,0.06,0.05,nan,0.00,47.70,48.22,0.054,nan,nan
31.53,0.00,-0.22,0.06,0.05,nan,0.00,47.70,48.22,0.054,nan,nan
31.54,0.00,-0.22,0.06,0.05,nan,0.00,47.70,48.22,0.054,nan,nan
31.55,0.00,-0.22,0.06,0.05,nan,0.00,47.70,48.22,0.054,nan,nan
31.56,0.00,-0.22,0.06,0.05,nan,0.00,47.70,48.22,0.054,nan,nan
31.57,0.00,-0.22,0.06,0.05,nan,0.00,47.70,48.22,0.054,nan,nan
31.58,0.00,-0.22,0.06,0.05,nan,0.00,47.70,48.22,0.054,nan,nan
31.59,0.00,-0.22,0.06,0.05,nan,0.00,47.70,48.22,0.054,nan,nan
31.60,0.00,-0.22,0.06,0.05,nan,0.00,47.70,48.22,0.054,nan,nan
31.61,0.00,-0.22,0.06,0.05,nan,0.00,47.70,48.22,0.054,nan,nan
31.62,0.00,-0.22,0.06,0.05,nan,0.00,47.70,48.22,0.054,nan,nan
31.63,0.00,-0.22,0.06,0.05,nan,0.00,47.70,48.22,0.054,nan,nan
31.64,0.00,-0.22,0.06,0.05,nan,0.00,47.60,48.22,0.054,nan,nan
31.65,0.00,-0.22,0.06,0.05,nan,0.00,47.60,48.22,0.054,nan,nan
31.66,0.00,-0.22,0.06,0.05,nan,0.00,47.60,48.22,0.054,nan,nan
31.67,0.00,-0.22,0.06,0.05,nan,0.00,47.60,48.22,0.054,nan,nan
31.68,0.00,-0.22,0.06,0.05,nan,0.00,47.60,48.22,0.054,nan,nan
31.69,0.00,-0.22,0.06,0.05,nan,0.00,47.60,48.22,0.054,nan,nan
31.70,0.00,-0.22,0.06,0.05,nan,0.00,47.60,48.22,0.054,nan,nan
31.71,0.00,-0.22,0.06,0.05,nan,0.00,47.60,48.22,0.054,nan,nan
31.72,0.00,-0.22,0.06,0.05,nan,0.00,47.60,48.22,0.054,nan,nan
31.73,0.00,-0.22,0.06,0.05,nan,0.00,47.60,48.22,0.054,nan,nan
31.74,0.00,-0.22,0.06,0.05,nan,0.00,47.60,48.22,0.054,nan,nan
31.75,0.00,-0.22,0.06,0.05,nan,0.00,47.70,48.22,0.054,nan,nan
31.76,0.00,-0.22,0.06,0.05,nan,0.00,47.70,48.22,0.054,nan,nan
31.77,0.00,-0.22,0.06,0.05,nan,0.00,47.70,48.22,0.054,nan,nan
31.78,0.00,-0.22,0.06,0.05,nan,0.00,47.70,48.22,0.054,nan,nan
31.79,0.00,-0.22,0.06,0.05,nan,0.00,47.70,48.22,0.054,nan,nan
31.80,0.00,-0.22,0.06,0.05,nan,0.00,47.70,48.22,0.054,nan,nan
31.81,0.00,-0.22,0.06,0.05,nan,0.00,47.70,48.22,0.054,nan,nan
31.82,0.00,-0.22,0.06,0.05,nan,0.00,47.70,48.22,0.054,nan,nan
31.83,0.00,-0.22,0.06,0.05,nan,0.00,47.70,48.22,0.054,nan,nan
31.84,0.00,-0.22,0.06,0.05,nan,0.00,47.70,48.22,0.054,nan,nan
31.85,0.00,-0.22,0.06,0.05,nan,0.00,47.70,48.22,0.054,nan,nan
31.86,0.00,-0.22,0.06,0.05,nan,0.00,47.70,48.22,0.054,nan,nan
31.87,0.00,-0.22,0.06,0.05,nan,0.00,47.70,48.22,0.054,nan,nan
31.88,0.00,-0.22,0.06,0.05,nan,0.00,47.70,48.22,0.054,nan,nan
31.89,0.00,-0.22,0.06,0.05,nan,0.00,47.70,48.22,0.054,nan,nan
31.90,0.00,-0.22,0.06,0.05,nan,0.00,47.70,48.22,0.054,nan,nan
31.91,0.00,-0.22,0.06,0.05,nan,0.00,47.70,48.22,0.054,nan,nan
31.92,0.00,-0.22,0.06,0.05,nan,0.00,47.70,48.22,0.054,nan,nan
31.93,0.00,-0.22,0.06,0.05,nan,0.00,47.70,48.22,0.054,nan,nan
31.94,0.00,-0.22,0.06,0.05,nan,0.00,47.70,48.22,0.054,nan,nan
31.95,0.00,-0.22,0.06,0.05,nan,0.00,47.70,48.22,0.054,nan,nan
31.96,0.00,-0.22,0.06,0.05,nan,0.00,47.60,48.22,0.054,nan,nan
31.97,0.00,-0.22,0.06,0.05,nan,0.00,47.60,48.22,0.054,nan,nan
31.98,0.00,-0.22,0.06,0.05,nan,0.00,47.60,48.22,0.054,nan,nan
31.99,0.00,-0.22,0.06,0.05,nan,0.00,47.60,48.22,0.054,nan,nan
32.00,0.00,-0.22,0.06,0.05,nan,0.00,47.60,48.22,0.054,nan,nan
32.01,0.00,-0.22,0.06,0.05,nan,0.00,47.60,48.22,0.054,nan,nan
32.02,0.00,-0.22,0.06,0.05,nan,0.00,47.60,48.22,0.054,nan,nan
32.03,0.00,-0.22,0.06,0.05,nan,0.00,47.60,48.22,0.054,nan,nan
32.04,0.00,-0.22,0.06,0.05,nan,0.00,47.60,48.22,0.054,nan,nan
32.05,0.00,-0.22,0.06,0.05,nan,0.00,47.60,48.22,0.054,nan,nan
32.06,0.00,-0.22,0.06,0.05,nan,0.00,47.60,48.22,0.054,nan,nan
32.07,0.00,-0.22,0.06,0.05,nan,0.00,47.60,48.22,0.054,nan,nan
32.08,0.00,-0.22,0.06,0.05,nan,0.00,47.60,48.22,0.054,nan,nan
32.09,0.00,-0.22,0.06,0.05,nan,0.00,47.60,48.22,0.054,nan,nan
32.10,0.00,-0.22,0.06,0.05,nan,0.00,47.60,48.22,0.054,nan,nan
32.11,0.00,-0.22,0.06,0.05,nan,0.00,47.60,48.22,0.054,nan,nan
32.12,0.00,-0.22,0.06,0.05,nan,0.00,47.60,48.22,0.054,nan,nan
32.13,0.00,-0.22,0.06,0.05,nan,0.00,47.60,48.22,0.054,nan,nan
32.14,0.00,-0.22,0.06,0.05,nan,0.00,47.60,48.22,0.054,nan,nan
32.15,0.00,-0.22,0.06,0.05,nan,0.00,47.60,48.22,0.054,nan,nan
32.16,0.00,-0.22,0.06,0.05,nan,0.00,47.60,48.22,0.054,nan,nan
32.17,0.00,-0.22,0.06,0.05,nan,0.00,47.60,48.22,0.054,nan,nan
32.18,0.00,-0.22,0.06,0.05,nan,0.00,47.60,48.22,0.054,nan,nan
32.19,0.00,-0.22,0.06,0.05,nan,0.00,47.60,48.22,0.054,nan,nan
32.20,0.00,-0.22,0.06,0.05,nan,0.00,47.60,48.22,0.054,nan,nan
32.21,0.00,-0.22,0.06,0.05,nan,0.00,47.60,48.22,0.054,nan,nan
32.22,0.00,-0.22,0.06,0.05,nan,0.00,47.60,48.22,0.054,nan,nan
32.23,0.00,-0.22,0.06,0.05,nan,0.00,47.60,48.22,0.054,nan,nan
32.24,0.00,-0.22,0.06,0.05,nan,0.00,47.60,48.22,0.054,nan,nan
32.25,0.00,-0.22,0.06,0.05,nan,0.00,47.60,48.22,0.054,nan,nan
32.26,0.00,-0.22,0.06,0.05,nan,0.00,47.60,48.22,0.054,nan,nan
32.27,0.00,-0.22,0.06,0.05,nan,0.00,47.60,48.22,0.054,nan,nan
32.28,0.00,-0.22,0.06,0.05,nan,0.00,47.60,48.22,0.054,nan,nan
32.29,0.00,-0.22,0.06,0.05,nan,0.00,47.60,48.22,0.054,nan,nan
32.30,0.00,-0.22,0.06,0.05,nan,0.00,47.60,48.22,0.054,nan,nan
32.31,0.00,-0.22,0.06,0.05,nan,0.00,47.60,48.22,0.054,nan,nan
32.32,0.00,-0.22,0.06,0.05,nan,0.00,47.60,48.22,0.054,nan,nan
32.33,0.00,-0.22,0.06,0.05,nan,0.00,47.60,48.22,0.054,nan,nan
32.34,0.00,-0.22,0.06,0.05,nan,0.00,47.60,48.22,0.054,nan,nan
32.35,0.00,-0.22,0.06,0.05,nan,0.00,47.60,48.22,0.054,nan,nan
32.36,0.00,-0.22,0.06,0.05,nan,0.00,47.60,48.22,0.054,nan,nan
32.37,0.00,-0.22,0.06,0.05,nan,0.00,47.60,48.22,0.054,nan,nan
32.38,0.00,-0.22,0.06,0.05,nan,0.00,47.60,48.22,0.054,nan,nan
32.39,0.00,-0.22,0.06,0.05,nan,0.00,47.80,48.22,0.054,nan,nan
32.40,0.00,-0.22,0.06,0.05,nan,0.00,47.80,48.22,0.054,nan,nan
32.41,0.00,-0.22,0.06,0.05,nan,0.00,47.80,48.22,0.054,nan,nan
32.42,0.00,-0.22,0.06,0.05,nan,0.00,47.80,48.22,0.054,nan,nan
32.43,0.00,-0.22,0.06,0.05,nan,0.00,47.80,48.22,0.054,nan,nan
32.44,0.00,-0.22,0.06,0.05,nan,0.00,47.80,48.22,0.054,nan,nan
32.45,0.00,-0.22,0.06,0.05,nan,0.00,47.80,48.22,0.054,nan,nan
32.46,0.00,-0.22,0.06,0.05,nan,0.00,47.80,48.22,0.054,nan,nan
32.47,0.00,-0.22,0.06,0.05,nan,0.00,47.80,48.22,0.054,nan,nan
32.48,0.00,-0.22,0.06,0.05,nan,0.00,47.80,48.22,0.054,nan,nan
32.49,0.00,-0.22,0.06,0.05,nan,0.00,47.80,48.22,0.054,nan,nan
32.50,0.00,-0.22,0.06,0.05,nan,0.00,47.70,48.22,0.054,nan,nan
32.51,0.00,-0.22,0.06,0.05,nan,0.00,47.70,48.22,0.054,nan,nan
32.52,0.00,-0.22,0.06,0.05,nan,0.00,47.70,48.22,0.054,nan,nan
32.53,0.00,-0.22,0.06,0.05,nan,0.00,47.70,48.22,0.054,nan,nan
32.54,0.00,-0.22,0.06,0.05,nan,0.00,47.70,48.22,0.054,nan,nan
32.55,0.00,-0.22,0.06,0.05,nan,0.00,47.70,48.22,0.054,nan,nan
32.56,0.00,-0.22,0.06,0.05,nan,0.00,47.70,48.22,0.054,nan,nan
32.57,0.00,-0.22,0.06,0.05,nan,0.00,47.70,48.22,0.054,nan,nan
32.58,0.00,-0.22,0.06,0.05,nan,0.00,47.70,48.22,0.054,nan,nan
32.59,0.00,-0.22,0.06,0.05,nan,0.00,47.70,48.22,0.054,nan,nan
32.60,0.00,-0.22,0.06,0.05,nan,0.00,47.70,48.22,0.054,nan,nan
32.61,0.00,-0.22,0.06,0.05,nan,0.00,47.70,48.22,0.054,nan,nan
32.62,0.00,-0.22,0.06,0.05,nan,0.00,47.70,48.22,0.054,nan,nan
32.63,0.00,-0.22,0.06,0.05,nan,0.00,47.70,48.22,0.054,nan,nan
32.64,0.00,-0.22,0.06,0.05,nan,0.00,47.70,48.22,0.054,nan,nan
32.65,0.00,-0.22,0.06,0.05,nan,0.00,47.70,48.22,0.054,nan,nan
32.66,0.00,-0.22,0.06,0.05,nan,0.00,47.70,48.22,0.054,nan,nan
32.67,0.00,-0.22,0.06,0.05,nan,0.00,47.70,48.22,0.054,nan,nan
32.68,0.00,-0.22,0.06,0.05,nan,0.00,47.70,48.22,0.054,nan,nan
32.69,0.00,-0.22,0.06,0.05,nan,0.00,47.70,48.22,0.054,nan,nan
32.70,0.00,-0.22,0.06,0.05,nan,0.00,47.70,48.22,0.054,nan,nan
32.71,0.00,-0.22,0.06,0.05,nan,0.00,47.70,48.22,0.054,nan,nan
32.72,0.00,-0.22,0.06,0.05,nan,0.00,47.70,48.22,0.054,nan,nan
32.73,0.00,-0.22,0.06,0.05,nan,0.00,47.70,48.22,0.054,nan,nan
32.74,0.00,-0.22,0.06,0.05,nan,0.00,47.70,48.22,0.054,nan,nan
32.75,0.00,-0.22,0.06,0.05,nan,0.00,47.70,48.22,0.054,nan,nan
32.76,0.00,-0.22,0.06,0.05,nan,0.00,47.70,48.22,0.054,nan,nan
32.77,0.00,-0.22,0.06,0.05,nan,0.00,47.70,48.22,0.054,nan,nan
32.78,0.00,-0.22,0.06,0.05,nan,0.00,47.70,48.22,0.054,nan,nan
32.79,0.00,-0.22,0.06,0.05,nan,0.00,47.70,48.22,0.054,nan,nan
32.80,0.00,-0.22,0.06,0.05,nan,0.00,47.70,48.22,0.054,nan,nan
32.81,0.00,-0.22,0.06,0.05,nan,0.00,47.70,48.22,0.054,nan,nan
32.82,0.00,-0.22,0.06,0.05,nan,0.00,47.70,48.22,0.054,nan,nan
32.83,0.00,-0.22,0.06,0.05,nan,0.00,47.70,48.22,0.054,nan,nan
32.84,0.00,-0.22,0.06,0.05,nan,0.00,47.70,48.22,0.054,nan,nan
32.85,0.00,-0.22,0.06,0.05,nan,0.00,47.70,48.22,0.054,nan,nan
32.86,0.00,-0.22,0.06,0.05,nan,0.00,47.70,48.22,0.054,nan,nan
32.87,0.00,-0.22,0.06,0.05,nan,0.00,47.70,48.22,0.054,nan,nan
32.88,0.00,-0.22,0.06,0.05,nan,0.00,47.70,48.22,0.054,nan,nan
32.89,0.00,-0.22,0.06,0.05,nan,0.00,47.70,48.22,0.054,nan,nan
32.90,0.00,-0.22,0.06,0.05,nan,0.00,47.70,48.22,0.054,nan,nan
32.91,0.00,-0.22,0.06,0.05,nan,0.00,47.70,48.22,0.054,nan,nan
32.92,0.00,-0.22,0.06,0.05,nan,0.00,47.70,48.22,0.054,nan,nan
32.93,0.00,-0.22,0.06,0.05,nan,0.00,47.60,48.22,0.054,nan,nan
32.94,0.00,-0.22,0.06,0.05,nan,0.00,47.60,48.22,0.054,nan,nan
32.95,0.00,-0.22,0.06,0.05,nan,0.00,47.60,48.22,0.054,nan,nan
32.96,0.00,-0.22,0.06,0.05,nan,0.00,47.60,48.22,0.054,nan,nan
32.97,0.00,-0.22,0.06,0.05,nan,0.00,47.60,48.22,0.054,nan,nan
32.98,0.00,-0.22,0.06,0.05,nan,0.00,47.60,48.22,0.054,nan,nan
32.99,0.00,-0.22,0.06,0.05,nan,0.00,47.60,48.22,0.054,nan,nan
33.00,0.00,-0.22,0.06,0.05,nan,0.00,47.60,48.22,0.054,nan,nan
