time_s,encoder_pos_rad,output_torque_Nm
0.011014,-0.560552383,0.025000
0.022315,-0.560920804,0.050000
0.033090,-0.559898962,0.075000
0.043633,-0.559543508,0.100000
0.054163,-0.559136278,0.125000
0.064702,-0.558383613,0.150000
0.075278,-0.557729817,0.175000
0.085907,-0.556494365,0.200000
0.096590,-0.554876682,0.225000
0.107195,-0.553245563,0.250000
0.117890,-0.549287024,0.275000
0.128661,-0.544011156,0.300000
0.139377,-0.533741799,0.325000
0.150147,-0.517839856,0.350000
0.160847,-0.501936275,0.375000
0.171663,-0.444319398,0.400000
0.182275,-0.409985203,0.425000
0.192885,-0.394300380,0.450000
0.203359,-0.396492932,0.475000
0.213779,-0.398447671,0.500000
0.224349,-0.396641377,0.525000
0.235027,-0.396822872,0.550000
0.245641,-0.396233445,0.575000
0.256238,-0.396273939,0.600000
0.266929,-0.396003544,0.625000
0.277467,-0.395471979,0.650000
0.288220,-0.395225506,0.675000
0.298885,-0.393823586,0.700000
0.309582,-0.393098587,0.725000
0.320248,-0.391132612,0.750000
0.330945,-0.389633695,0.775000
0.342062,-0.385751789,0.800000
0.352844,-0.383610826,0.825000
0.363351,-0.381823538,0.850000
0.373876,-0.380113305,0.875000
0.384564,-0.378312441,0.900000
0.395118,-0.377544842,0.925000
0.405788,-0.375511737,0.950000
0.416512,-0.373441275,0.975000
0.427222,-0.370563563,1.000000
0.437857,-0.366930704,1.025000
0.448551,-0.358179411,1.050000
0.459262,-0.336067533,1.075000
0.470005,-0.308887264,1.100000
0.480752,-0.270427686,1.125000
0.492013,-0.164791987,1.150000
0.502719,-0.134958710,1.175000
0.513297,-0.133726957,1.200000
0.523888,-0.142220823,1.225000
0.534486,-0.143449768,1.250000
0.545095,-0.141875293,1.275000
0.555719,-0.141739769,1.300000
0.566338,-0.141708310,1.325000
0.577060,-0.140494486,1.350000
0.587727,-0.140982609,1.375000
0.598408,-0.139917277,1.400000
0.609083,-0.139180528,1.425000
0.619745,-0.138379223,1.450000
0.630443,-0.138281618,1.475000
0.641189,-0.135908788,1.500000
0.652161,-0.133513254,1.525000
0.662803,-0.130372076,1.550000
0.673484,-0.126456886,1.575000
0.684004,-0.122238626,1.600000
0.694647,-0.119824975,1.625000
0.705340,-0.118465093,1.650000
0.715935,-0.119400612,1.675000
0.726601,-0.118343659,1.700000
0.737320,-0.116226243,1.725000
0.747979,-0.114419668,1.750000
0.758723,-0.113731324,1.775000
0.769471,-0.112774646,1.800000
0.780262,-0.111264212,1.825000
0.790958,-0.109426647,1.850000
0.802518,-0.102153205,1.875000
0.813092,-0.096902430,1.900000
0.823624,-0.091240258,1.925000
0.834204,-0.082279709,1.950000
0.844771,-0.072688631,1.975000
0.855317,-0.062262355,2.000000
0.866031,-0.040883528,2.025000
0.876666,-0.013557857,2.050000
0.887252,0.009284497,2.075000
0.897875,0.021759326,2.100000
0.908596,0.022253114,2.125000
0.919235,0.022306762,2.150000
0.929997,0.023971727,2.175000
0.940638,0.024341178,2.200000
0.952141,0.026754314,2.225000
0.962861,0.028462253,2.250000
0.973411,0.028941997,2.275000
0.983971,0.028911662,2.300000
0.994497,0.030284511,2.325000
1.005043,0.032033646,2.350000
1.015681,0.032462176,2.375000
1.026361,0.033208100,2.400000
1.037021,0.035102637,2.425000
1.047675,0.035314515,2.450000
1.058375,0.036256774,2.475000
1.069052,0.038548477,2.500000
1.079704,0.039209107,2.525000
1.090410,0.041823353,2.550000
1.102102,0.045504102,2.575000
1.112702,0.048378443,2.600000
1.123238,0.050656851,2.625000
1.133682,0.054480848,2.650000
1.144601,0.063727614,2.675000
1.155161,0.077026827,2.700000
1.165769,0.089280884,2.725000
1.176589,0.103630776,2.750000
1.187406,0.118417999,2.775000
1.198000,0.118636898,2.800000
1.208722,0.119193322,2.825000
1.219315,0.123169276,2.850000
1.229833,0.128332417,2.875000
1.240564,0.137595193,2.900000
1.251133,0.149990439,2.925000
1.262398,0.193599723,2.950000
1.273070,0.228893453,2.975000
1.283628,0.269951126,3.000000
1.294210,0.294720927,3.025000
1.304741,0.306519116,3.050000
1.315336,0.306785391,3.075000
1.326043,0.307251090,3.100000
1.336663,0.309112015,3.125000
1.347306,0.312502240,3.150000
1.357875,0.316711231,3.175000
1.368512,0.325109551,3.200000
1.379007,0.336039164,3.225000
1.389768,0.341973228,3.250000
1.400814,0.341316249,3.275000
1.411590,0.344062790,3.300000
1.423812,0.344347977,3.325000
1.434820,0.345957421,3.350000
1.445830,0.349810350,3.375000
1.456577,0.352514758,3.400000
1.467056,0.356976167,3.425000
1.477740,0.362930454,3.450000
1.488476,0.368007646,3.475000
1.499150,0.371468185,3.500000
1.509799,0.371638398,3.525000
1.520540,0.372164300,3.550000
1.531190,0.374541577,3.575000
1.542098,0.378229909,3.600000
1.553047,0.380255149,3.625000
1.563600,0.382891679,3.650000
1.574145,0.385510138,3.675000
1.584692,0.388630718,3.700000
1.595310,0.391814028,3.725000
1.606000,0.396615957,3.750000
1.616688,0.402001087,3.775000
1.627378,0.404780210,3.800000
1.638040,0.407201211,3.825000
1.648747,0.408723769,3.850000
1.659501,0.409606482,3.875000
1.670203,0.411194392,3.900000
1.680917,0.413914437,3.925000
1.691829,0.422326052,3.950000
1.702544,0.431392399,3.975000
1.713143,0.443217365,4.000000
1.723832,0.457029839,4.025000
1.734320,0.467388235,4.050000
1.744923,0.477434480,4.075000
1.755562,0.485287799,4.100000
1.766182,0.484336270,4.125000
1.776956,0.485586187,4.150000
1.787638,0.486647072,4.175000
1.798289,0.488144726,4.200000
1.809025,0.491558638,4.225000
1.819738,0.493206376,4.250000
1.830459,0.494982475,4.275000
1.841123,0.496312818,4.300000
1.852014,0.510046459,4.325000
1.862897,0.522283382,4.350000
1.873489,0.525626606,4.375000
1.884142,0.525329716,4.400000
1.894798,0.525977613,4.425000
1.905428,0.527076510,4.450000
1.916101,0.529443020,4.475000
1.926816,0.532333559,4.500000
1.937530,0.534899494,4.525000
1.948253,0.537874671,4.550000
1.958936,0.543359608,4.575000
1.969614,0.550890101,4.600000
1.980417,0.558466472,4.625000
1.991044,0.564758378,4.650000
2.002252,0.566277191,4.675000
2.012958,0.569881540,4.700000
2.023494,0.574308400,4.725000
2.034000,0.577873333,4.750000
2.044603,0.582331464,4.775000
2.055241,0.591115901,4.800000
2.065915,0.600969181,4.825000
2.076575,0.610141327,4.850000
2.087213,0.621983613,4.875000
2.097915,0.630944068,4.900000
2.108595,0.637380065,4.925000
2.119245,0.637997253,4.950000
2.129946,0.639233688,4.975000
2.140655,0.643330046,5.000000
2.151584,0.651195630,5.025000
2.162350,0.658522766,5.050000
2.173058,0.667001511,5.075000
2.183606,0.672211841,5.100000
2.194158,0.673452863,5.125000
2.204799,0.674152817,5.150000
2.215430,0.677119568,5.175000
2.226050,0.680990098,5.200000
2.236737,0.685115574,5.225000
2.247397,0.691892372,5.250000
2.258056,0.699440655,5.275000
2.268729,0.705267516,5.300000
2.279423,0.706279153,5.325000
2.290123,0.706929766,5.350000
2.300778,0.708523855,5.375000
2.312019,0.711645745,5.400000
2.323030,0.713207252,5.425000
2.333612,0.714526453,5.450000
2.344243,0.716629966,5.475000
2.354880,0.718243904,5.500000
2.365540,0.719810654,5.525000
2.376182,0.723348435,5.550000
2.386894,0.727587667,5.575000
2.397678,0.738297538,5.600000
2.408420,0.746963911,5.625000
2.419106,0.748625131,5.650000
2.429800,0.748453139,5.675000
2.440579,0.749050477,5.700000
2.451472,0.749795091,5.725000
2.462293,0.754110067,5.750000
2.473023,0.755337140,5.775000
2.483642,0.756344376,5.800000
2.494309,0.758805730,5.825000
2.504976,0.762051676,5.850000
2.515624,0.765150160,5.875000
2.526307,0.767879099,5.900000
2.536909,0.770254035,5.925000
2.547591,0.771669859,5.950000
2.558284,0.774145351,5.975000
2.569014,0.776577587,6.000000
2.579700,0.777831623,6.025000
2.590389,0.779002613,6.050000
2.601225,0.780497739,6.075000
2.612162,0.782501726,6.100000
2.622997,0.783502409,6.125000
2.633575,0.784384186,6.150000
2.644199,0.786396786,6.175000
2.654787,0.787279687,6.200000
2.665473,0.788410885,6.225000
2.676170,0.788890254,6.250000
2.686825,0.789967336,6.275000
2.697506,0.791191225,6.300000
2.708252,0.792111389,6.325000
2.718940,0.793515229,6.350000
2.729707,0.794994531,6.375000
2.740466,0.796256620,6.400000
2.751472,0.801471069,6.425000
2.762467,0.805427923,6.450000
2.773055,0.810655105,6.475000
2.783590,0.815958499,6.500000
2.794200,0.819425497,6.525000
2.805092,0.821680966,6.550000
2.816035,0.823314566,6.575000
2.826744,0.824803418,6.600000
2.837391,0.827513539,6.625000
2.848063,0.829270351,6.650000
2.858634,0.832756075,6.675000
2.869154,0.835943879,6.700000
2.879688,0.838328365,6.725000
2.890246,0.840399764,6.750000
2.900831,0.843884551,6.775000
2.911913,0.854495085,6.800000
2.922421,0.857318680,6.825000
2.932891,0.860770512,6.850000
2.943351,0.863142265,6.875000
2.953965,0.866698209,6.900000
2.964602,0.872176685,6.925000
2.975242,0.880234578,6.950000
2.985874,0.889620099,6.975000
2.996546,0.893598487,7.000000
3.007187,0.893410672,7.025000
3.017905,0.895008693,7.050000
3.028608,0.895866314,7.075000
3.039306,0.897741658,7.100000
3.050015,0.899708569,7.125000
3.060688,0.900482488,7.150000
3.071387,0.902781399,7.175000
3.082103,0.906168628,7.200000
3.092833,0.908479711,7.225000
3.103378,0.909703974,7.250000
3.113963,0.910918501,7.275000
3.124601,0.913057310,7.300000
3.135209,0.915148932,7.325000
3.145885,0.916874661,7.350000
3.156584,0.917430616,7.375000
3.167239,0.918342915,7.400000
3.177898,0.920216574,7.425000
3.188591,0.922063643,7.450000
3.199249,0.922318495,7.475000
3.209994,0.924622836,7.500000
3.220679,0.926721761,7.525000
3.231673,0.928954759,7.550000
3.242552,0.930787035,7.575000
3.253155,0.931048441,7.600000
3.263775,0.932672865,7.625000
3.274333,0.934273321,7.650000
3.284976,0.935843629,7.675000
3.295590,0.936740760,7.700000
3.306224,0.937874019,7.725000
3.316873,0.938545697,7.750000
3.327596,0.938946045,7.775000
3.338272,0.939749363,7.800000
3.348943,0.940983550,7.825000
3.359589,0.942898592,7.850000
3.370300,0.946674185,7.875000
3.380933,0.953534966,7.900000
3.392231,0.971568416,7.925000
3.402982,0.970710046,7.950000
3.413541,0.971995541,7.975000
3.424078,0.974733188,8.000000
3.434829,0.976060628,8.025000
3.445533,0.977156623,8.050000
3.456215,0.980679236,8.075000
3.466879,0.982068095,8.100000
3.477597,0.985081566,8.125000
3.488357,0.987709107,8.150000
3.499061,0.990375972,8.175000
3.509748,0.993716574,8.200000
3.520625,1.000695887,8.225000
3.531973,1.009692670,8.250000
3.542832,1.009499424,8.275000
3.553456,1.012003378,8.300000
3.564092,1.013241686,8.325000
3.574794,1.013587356,8.350000
3.585507,1.015173955,8.375000
3.596394,1.016469187,8.400000
3.607098,1.018923893,8.425000
3.617838,1.022039605,8.450000
3.628587,1.027206865,8.475000
3.639322,1.034685396,8.500000
3.650169,1.039683380,8.525000
3.660937,1.043045704,8.550000
3.672142,1.045334504,8.575000
3.682937,1.049475241,8.600000
3.693503,1.050633404,8.625000
3.704043,1.053291654,8.650000
3.714609,1.055077117,8.675000
3.725169,1.057517592,8.700000
3.735820,1.059994956,8.725000
3.746540,1.060528441,8.750000
3.757291,1.062682231,8.775000
3.768048,1.064247483,8.800000
3.778855,1.065535974,8.825000
3.789547,1.068602063,8.850000
3.800394,1.072815642,8.875000
3.811062,1.078171654,8.900000
3.822029,1.083111402,8.925000
3.832888,1.083570548,8.950000
3.843515,1.084577410,8.975000
3.854043,1.085818152,9.000000
3.864627,1.087062638,9.025000
3.875315,1.087468604,9.050000
3.886030,1.089217926,9.075000
3.896673,1.089595804,9.100000
3.907341,1.092146946,9.125000
3.918037,1.095676300,9.150000
3.928809,1.099335046,9.175000
3.939556,1.103549187,9.200000
3.950162,1.107697601,9.225000
3.960785,1.110595349,9.250000
3.971630,1.113038633,9.275000
3.982196,1.113898314,9.300000
3.993066,1.114802936,9.325000
4.003647,1.115788264,9.350000
4.014198,1.116615363,9.375000
4.024818,1.118016768,9.400000
4.035447,1.120081987,9.425000
4.046127,1.121564847,9.450000
4.056900,1.123012879,9.475000
4.067561,1.124654718,9.500000
4.078259,1.126542982,9.525000
4.088959,1.128114226,9.550000
4.099667,1.128761936,9.575000
4.110428,1.130729034,9.600000
4.121213,1.131903488,9.625000
4.132385,1.133366687,9.650000
4.142963,1.134417741,9.675000
4.153511,1.134520356,9.700000
4.164167,1.135507744,9.725000
4.174807,1.135732636,9.750000
4.185466,1.136684632,9.775000
4.196219,1.137092471,9.800000
4.207005,1.138191649,9.825000
4.217643,1.138742923,9.850000
4.228321,1.139493061,9.875000
4.239057,1.140200879,9.900000
4.249804,1.142166854,9.925000
4.260670,1.143419580,9.950000
4.271719,1.145017039,9.975000
4.282456,1.146859239,10.000000
4.293091,1.148277685,10.025000
4.303665,1.149414126,10.050000
4.314240,1.150597943,10.075000
4.324867,1.152531336,10.100000
4.335570,1.152698178,10.125000
4.346242,1.153002465,10.150000
4.356977,1.153994160,10.175000
4.367743,1.154753099,10.200000
4.378457,1.154943348,10.225000
4.389206,1.155611094,10.250000
4.399904,1.156005825,10.275000
4.410647,1.157178968,10.300000
4.421683,1.157738669,10.325000
4.432545,1.158626812,10.350000
4.443137,1.159038957,10.375000
4.453776,1.159410093,10.400000
4.464466,1.160043385,10.425000
4.475088,1.159750708,10.450000
4.485821,1.160475753,10.475000
4.496587,1.160997254,10.500000
4.507305,1.161427750,10.525000
4.518040,1.161918916,10.550000
4.528686,1.162246984,10.575000
4.539381,1.163009855,10.600000
4.550097,1.164000613,10.625000
4.560846,1.164160341,10.650000
4.572290,1.167419862,10.675000
4.582936,1.169861274,10.700000
4.593544,1.171914509,10.725000
4.604201,1.176095692,10.750000
4.614959,1.180498959,10.775000
4.625608,1.183534151,10.800000
4.636276,1.185361371,10.825000
4.646969,1.186387520,10.850000
4.657680,1.186759593,10.875000
4.668448,1.188096021,10.900000
4.679182,1.188738113,10.925000
4.689883,1.190206555,10.950000
4.700601,1.191909064,10.975000
4.711662,1.194892200,11.000000
4.722507,1.196826529,11.025000
4.733168,1.197681716,11.050000
4.743715,1.199099412,11.075000
4.754313,1.200884312,11.100000
4.764903,1.202655543,11.125000
4.775657,1.204026988,11.150000
4.786331,1.205306491,11.175000
4.796983,1.206485814,11.200000
4.807700,1.207139329,11.225000
4.818399,1.208257045,11.250000
4.829141,1.209627366,11.275000
4.839844,1.210703325,11.300000
4.850563,1.211437733,11.325000
4.861700,1.214845747,11.350000
4.872623,1.221112935,11.375000
4.883291,1.230092865,11.400000
4.893868,1.233406503,11.425000
4.904564,1.232789128,11.450000
4.915148,1.234218621,11.475000
4.925839,1.235217244,11.500000
4.936562,1.236101268,11.525000
4.947282,1.238385012,11.550000
4.957979,1.243247237,11.575000
4.968753,1.251927186,11.600000
4.979445,1.260264274,11.625000
4.990176,1.276361710,11.650000
5.000913,1.279290355,11.675000
5.012100,1.281711730,11.700000
5.022937,1.283195152,11.725000
5.033516,1.283735004,11.750000
5.044176,1.285140529,11.775000
5.054779,1.287439815,11.800000
5.065306,1.291359218,11.825000
5.075942,1.297404136,11.850000
5.086593,1.304309297,11.875000
5.097342,1.303781242,11.900000
5.107929,1.304690358,11.925000
5.118542,1.306185203,11.950000
5.129164,1.306983277,11.975000
5.139802,1.307316027,12.000000
5.150419,1.308088260,12.025000
5.161028,1.309073026,12.050000
5.171932,1.310400279,12.075000
5.182864,1.311641957,12.100000
5.193386,1.313048418,12.125000
5.204066,1.316065822,12.150000
5.214700,1.320383888,12.175000
5.225295,1.328345345,12.200000
5.236082,1.332631016,12.225000
5.246829,1.335749911,12.250000
5.257544,1.334909330,12.275000
5.268308,1.335973304,12.300000
5.278997,1.338236076,12.325000
5.289778,1.339946824,12.350000
5.300597,1.341473127,12.375000
5.311389,1.342268206,12.400000
5.322253,1.344269759,12.425000
5.333449,1.346460625,12.450000
5.344029,1.348751110,12.475000
5.354749,1.348601681,12.500000
5.365332,1.351068934,12.525000
5.376012,1.351207876,12.550000
5.386762,1.352422589,12.575000
5.397503,1.352864133,12.600000
5.408333,1.353690857,12.625000
5.419007,1.354737230,12.650000
5.429635,1.355031593,12.675000
5.440372,1.354970735,12.700000
5.451092,1.355830042,12.725000
5.462193,1.356427006,12.750000
5.472961,1.356797019,12.775000
5.483530,1.357401660,12.800000
5.494110,1.357710629,12.825000
5.504761,1.358416200,12.850000
5.515334,1.359369695,12.875000
5.526017,1.359950555,12.900000
5.536665,1.360898432,12.925000
5.547396,1.362163517,12.950000
5.558033,1.363575783,12.975000
5.568791,1.365021006,13.000000
5.579429,1.368017998,13.025000
5.590340,1.371638920,13.050000
5.601062,1.373194622,13.075000
5.612486,1.375354029,13.100000
5.623019,1.376566683,13.125000
5.633551,1.377802556,13.150000
5.644081,1.378552506,13.175000
5.654723,1.379644194,13.200000
5.665350,1.379462184,13.225000
5.676151,1.380028064,13.250000
5.686704,1.380714910,13.275000
5.697399,1.380907594,13.300000
5.708180,1.381243152,13.325000
5.718851,1.381921759,13.350000
5.729522,1.381825885,13.375000
5.740269,1.381930560,13.400000
5.750928,1.383376719,13.425000
5.762138,1.384249695,13.450000
5.772955,1.384494810,13.475000
5.783512,1.386145449,13.500000
5.794134,1.387342374,13.525000
5.804708,1.390244241,13.550000
5.815343,1.396565358,13.575000
5.826036,1.403363972,13.600000
5.836690,1.407638782,13.625000
5.847390,1.409190177,13.650000
5.858087,1.408929895,13.675000
5.868793,1.411236109,13.700000
5.879587,1.411009720,13.725000
5.890190,1.413465175,13.750000
5.900897,1.416004707,13.775000
5.912059,1.417855521,13.800000
5.922827,1.419000951,13.825000
5.933379,1.419534811,13.850000
5.943889,1.420500477,13.875000
5.954518,1.421735601,13.900000
5.965091,1.422589852,13.925000
5.975759,1.423108357,13.950000
5.986475,1.425100734,13.975000
5.997112,1.425695638,14.000000
6.007767,1.426548953,14.025000
6.018472,1.427255460,14.050000
6.029145,1.427722283,14.075000
6.039831,1.428052411,14.100000
6.050453,1.428980252,14.125000
6.061163,1.429402696,14.150000
6.072201,1.429988051,14.175000
6.082992,1.430438395,14.200000
6.093585,1.430410495,14.225000
6.104234,1.431244896,14.250000
6.114817,1.431698986,14.275000
6.125401,1.432103266,14.300000
6.136152,1.432380776,14.325000
6.146797,1.433096085,14.350000
6.157458,1.435275716,14.375000
6.168150,1.435844779,14.400000
6.178815,1.437651026,14.425000
6.189488,1.443344095,14.450000
6.200140,1.453090079,14.475000
6.210808,1.456413267,14.500000
6.222006,1.455962173,14.525000
6.232958,1.457995184,14.550000
6.243383,1.458864228,14.575000
6.253868,1.462496572,14.600000
6.264361,1.469641417,14.625000
6.275268,1.478469484,14.650000
6.285882,1.486491424,14.675000
6.296479,1.495020073,14.700000
6.307400,1.496197523,14.725000
6.318121,1.498026802,14.750000
6.328723,1.500717448,14.775000
6.339304,1.501468709,14.800000
6.350006,1.502302736,14.825000
6.360622,1.503309224,14.850000
6.371317,1.503475692,14.875000
6.381862,1.504928031,14.900000
6.392651,1.505566752,14.925000
6.403259,1.506995309,14.950000
6.413825,1.508126321,14.975000
6.424469,1.510133117,15.000000
6.435048,1.513396945,15.025000
6.445799,1.518433690,15.050000
6.456548,1.526060713,15.075000
6.467223,1.527599001,15.100000
6.477900,1.527843928,15.125000
6.488608,1.529885366,15.150000
6.499268,1.533640548,15.175000
6.509780,1.534059809,15.200000
6.520556,1.535120975,15.225000
6.531320,1.538239495,15.250000
6.542623,1.547959450,15.275000
6.553171,1.552679924,15.300000
6.563712,1.553989762,15.325000
6.574223,1.555036509,15.350000
6.584812,1.555179945,15.375000
6.595459,1.556469373,15.400000
6.606155,1.557866659,15.425000
6.616901,1.558101849,15.450000
6.627616,1.558809668,15.475000
6.638271,1.560389713,15.500000
6.648982,1.561871824,15.525000
6.659688,1.562811088,15.550000
6.670402,1.563799412,15.575000
6.681117,1.565522706,15.600000
6.692272,1.566856138,15.625000
6.703014,1.567751023,15.650000
6.713626,1.568762941,15.675000
6.724274,1.569484990,15.700000
6.734893,1.569568131,15.725000
6.745565,1.570477621,15.750000
6.756235,1.571697952,15.775000
6.766910,1.571787647,15.800000
6.777655,1.572455206,15.825000
6.788367,1.573633779,15.850000
6.799022,1.574291414,15.875000
6.809725,1.574488404,15.900000
6.820465,1.575016085,15.925000
6.831166,1.575228430,15.950000
6.842087,1.576054405,15.975000
6.852724,1.576248213,16.000000
6.863305,1.576372175,16.025000
6.873871,1.576840121,16.050000
6.884503,1.577197588,16.075000
6.895094,1.577327729,16.100000
6.905768,1.577548127,16.125000
6.916472,1.577791744,16.150000
6.927122,1.578212315,16.175000
6.937820,1.578615285,16.200000
6.948624,1.579002899,16.225000
6.959260,1.579014884,16.250000
6.969959,1.579421411,16.275000
6.980659,1.579568405,16.300000
6.991709,1.580989659,16.325000
7.002519,1.581221853,16.350000
7.013103,1.581525391,16.375000
7.023667,1.583278459,16.400000
7.034230,1.583961747,16.425000
7.044854,1.585385248,16.450000
7.055562,1.587276696,16.475000
7.066213,1.590575166,16.500000
7.076930,1.592476913,16.525000
7.087618,1.594728449,16.550000
7.098315,1.596490879,16.575000
7.109049,1.597469092,16.600000
7.119782,1.598723316,16.625000
7.130474,1.599902264,16.650000
7.141641,1.600445299,16.675000
7.152660,1.601065296,16.700000
7.163295,1.601086081,16.725000
7.173919,1.601417707,16.750000
7.184658,1.601848952,16.775000
7.195319,1.602474566,16.800000
7.205980,1.602485052,16.825000
7.216673,1.602577929,16.850000
7.227462,1.602573248,16.875000
7.238073,1.603280879,16.900000
7.248775,1.603535918,16.925000
7.259473,1.603973717,16.950000
7.270175,1.604467692,16.975000
7.280915,1.604736026,17.000000
7.292085,1.606419435,17.025000
7.302878,1.606781958,17.050000
7.313453,1.607440341,17.075000
7.323983,1.608012963,17.100000
7.334532,1.609152400,17.125000
7.345136,1.612174298,17.150000
7.355802,1.615326149,17.175000
7.366428,1.622034131,17.200000
7.377059,1.625954284,17.225000
7.387702,1.627976060,17.250000
7.398438,1.629300691,17.275000
7.409199,1.630246696,17.300000
7.419798,1.632226340,17.325000
7.430446,1.632739228,17.350000
7.441153,1.635097124,17.375000
7.452287,1.637524678,17.400000
7.462952,1.639970022,17.425000
7.473533,1.641411312,17.450000
7.484170,1.643025438,17.475000
7.494779,1.644315240,17.500000
7.505454,1.644721767,17.525000
7.516180,1.646248632,17.550000
7.526812,1.646977797,17.575000
7.537466,1.647573638,17.600000
7.548224,1.648060497,17.625000
7.558919,1.648291755,17.650000
7.569665,1.649175405,17.675000
7.580375,1.649098069,17.700000
7.591074,1.650155302,17.725000
7.602045,1.650367648,17.750000
7.612725,1.651192312,17.775000
7.623258,1.651001501,17.800000
7.633798,1.651608577,17.825000
7.644433,1.651707634,17.850000
7.655012,1.652089444,17.875000
7.665697,1.651925972,17.900000
7.676361,1.652978711,17.925000
7.686990,1.653424936,17.950000
7.697734,1.653710310,17.975000
7.708451,1.654464380,18.000000
7.719090,1.656761232,18.025000
7.729737,1.658349329,18.050000
7.740464,1.663486255,18.075000
7.751142,1.671249972,18.100000
7.762249,1.675648183,18.125000
7.773051,1.676804473,18.150000
7.783610,1.677228977,18.175000
7.794150,1.678008514,18.200000
7.804814,1.679287455,18.225000
7.815634,1.678764269,18.250000
7.826248,1.681623068,18.275000
7.836890,1.682450729,18.300000
7.847499,1.683699522,18.325000
7.857996,1.690564423,18.350000
7.868524,1.699849014,18.375000
7.879010,1.712265982,18.400000
7.889506,1.722001292,18.425000
7.900245,1.721522298,18.450000
7.911106,1.722693756,18.475000
7.921853,1.723980375,18.500000
7.932442,1.724887244,18.525000
7.942855,1.725607795,18.550000
7.953427,1.726312992,18.575000
7.963946,1.727534821,18.600000
7.974499,1.728436634,18.625000
7.985089,1.729633746,18.650000
7.995796,1.732220840,18.675000
8.006472,1.738147039,18.700000
8.017129,1.747499603,18.725000
8.027829,1.751284184,18.750000
8.038491,1.750204668,18.775000
8.049259,1.751187561,18.800000
8.059921,1.752828277,18.825000
8.070627,1.753677846,18.850000
8.081309,1.760073677,18.875000
8.092291,1.794699286,18.900000
8.102993,1.795531815,18.925000
8.113518,1.794707712,18.950000
8.124050,1.796300678,18.975000
8.134604,1.795892653,19.000000
8.145167,1.796571072,19.025000
8.155756,1.796769748,19.050000
8.166425,1.796701213,19.075000
8.177127,1.797395175,19.100000
8.187809,1.797427382,19.125000
8.198465,1.797934278,19.150000
8.209140,1.797974912,19.175000
8.219800,1.798661383,19.200000
8.230547,1.798961363,19.225000
8.241211,1.799094500,19.250000
8.252042,1.799975716,19.275000
8.262739,1.800057358,19.300000
8.273287,1.800825659,19.325000
8.283880,1.801158783,19.350000
8.294451,1.801706125,19.375000
8.305061,1.802196355,19.400000
8.315939,1.802880018,19.425000
8.326588,1.803717415,19.450000
8.337256,1.804892431,19.475000
8.347968,1.806394579,19.500000
8.358567,1.809402806,19.525000
8.369225,1.814462584,19.550000
8.379853,1.816984701,19.575000
8.390459,1.818014970,19.600000
8.401117,1.818263830,19.625000
8.412145,1.819984315,19.650000
8.422907,1.820718911,19.675000
8.433500,1.821268874,19.700000
8.444094,1.821165323,19.725000
8.454835,1.821877074,19.750000
8.465480,1.822671029,19.775000
8.476182,1.822543509,19.800000
8.486843,1.822720651,19.825000
8.497484,1.823260503,19.850000
8.508156,1.823494944,19.875000
8.518779,1.823740995,19.900000
8.529443,1.824632322,19.925000
8.540148,1.824952900,19.950000
8.550824,1.824756846,19.975000
8.561662,1.825864637,20.000000
8.572351,1.826714019,20.000000
8.583070,1.827125790,19.975000
8.593640,1.826854647,19.950000
8.604220,1.827401427,19.925000
8.614760,1.826658218,19.900000
8.625340,1.826921309,19.875000
8.635963,1.827648414,19.850000
8.646681,1.827071299,19.825000
8.657336,1.827382327,19.800000
8.668041,1.826976736,19.775000
8.678699,1.827185711,19.750000
8.689379,1.827207058,19.725000
8.700226,1.827527636,19.700000
8.710863,1.826721322,19.675000
8.721956,1.827538309,19.650000
8.732748,1.826929548,19.625000
8.743306,1.826398123,19.600000
8.753883,1.826632002,19.575000
8.764461,1.826781618,19.550000
8.775001,1.826438008,19.525000
8.785594,1.826443812,19.500000
8.796245,1.826508789,19.475000
8.806898,1.825667085,19.450000
8.817616,1.826498116,19.425000
8.828325,1.826126980,19.400000
8.838964,1.825902837,19.375000
8.849653,1.825548553,19.350000
8.860326,1.825678133,19.325000
8.870984,1.825100081,19.300000
8.881959,1.825473839,19.275000
8.892737,1.825288646,19.250000
8.903277,1.825039411,19.225000
8.913815,1.825215617,19.200000
8.924440,1.825021435,19.175000
8.935067,1.824677637,19.150000
8.945775,1.824622210,19.125000
8.956418,1.824833058,19.100000
8.966995,1.824027868,19.075000
8.977559,1.825086224,19.050000
8.988528,1.824064382,19.025000
8.999171,1.823786685,19.000000
9.009821,1.823905217,18.975000
9.020501,1.824348071,18.950000
9.031186,1.823977496,18.925000
9.042089,1.824009330,18.900000
9.053000,1.823393453,18.875000
9.063541,1.823536702,18.850000
9.074081,1.823507116,18.825000
9.084695,1.823703357,18.800000
9.095292,1.823185414,18.775000
9.105949,1.822732261,18.750000
9.116620,1.823173055,18.725000
9.127167,1.822820644,18.700000
9.137836,1.822734508,18.675000
9.148536,1.822841991,18.650000
9.159193,1.822579462,18.625000
9.169909,1.822460930,18.600000
9.180626,1.822439583,18.575000
9.191290,1.822342024,18.550000
9.202171,1.821914712,18.525000
9.212930,1.821763411,18.500000
9.223498,1.822037550,18.475000
9.234053,1.821724275,18.450000
9.244670,1.821909094,18.425000
9.255223,1.821204459,18.400000
9.265860,1.821519420,18.375000
9.276619,1.820994548,18.350000
9.287328,1.821061397,18.325000
9.297924,1.821008217,18.300000
9.308622,1.820236171,18.275000
9.319319,1.820221753,18.250000
9.329982,1.820314069,18.225000
9.340715,1.819958474,18.200000
9.351667,1.820036559,18.175000
9.362403,1.819085311,18.150000
9.373027,1.819669168,18.125000
9.383612,1.818546208,18.100000
9.394189,1.819057410,18.075000
9.404840,1.818186869,18.050000
9.415470,1.818478610,18.025000
9.426133,1.818388354,18.000000
9.436774,1.817699635,17.975000
9.447472,1.817769106,17.950000
9.458143,1.817240864,17.925000
9.468868,1.816307031,17.900000
9.479552,1.815730664,17.875000
9.490225,1.815727856,17.850000
9.500906,1.815820921,17.825000
9.511785,1.814298175,17.800000
9.522626,1.814166723,17.775000
9.533128,1.813166040,17.750000
9.543626,1.812902762,17.725000
9.554133,1.811224783,17.700000
9.564656,1.810358361,17.675000
9.575310,1.810028608,17.650000
9.586002,1.809403555,17.625000
9.596601,1.805795742,17.600000
9.607222,1.805742749,17.575000
9.617917,1.805669720,17.550000
9.628646,1.803968335,17.525000
9.639276,1.804015523,17.500000
9.649937,1.802784893,17.475000
9.660631,1.802516184,17.450000
9.671368,1.801939069,17.425000
9.682198,1.801187808,17.400000
9.692993,1.800642713,17.375000
9.703621,1.800124020,17.350000
9.714181,1.799843140,17.325000
9.724778,1.800104171,17.300000
9.735429,1.799692775,17.275000
9.746098,1.799606264,17.250000
9.756780,1.799383807,17.225000
9.767473,1.798675802,17.200000
9.778136,1.798898821,17.175000
9.788768,1.798598279,17.150000
9.799387,1.798555585,17.125000
9.810002,1.798753325,17.100000
9.820718,1.798079025,17.075000
9.831375,1.798213098,17.050000
9.842309,1.797763877,17.025000
9.853008,1.797346676,17.000000
9.863561,1.797243874,16.975000
9.874087,1.797287879,16.950000
9.884649,1.797317090,16.925000
9.895196,1.797016174,16.900000
9.905894,1.796588487,16.875000
9.916576,1.796402169,16.850000
9.927171,1.796357603,16.825000
9.937818,1.796162298,16.800000
9.948574,1.795605593,16.775000
9.959246,1.795494552,16.750000
9.969947,1.795396805,16.725000
9.980631,1.794634122,16.700000
9.991287,1.794990091,16.675000
10.002305,1.793344507,16.650000
10.013015,1.793438134,16.625000
10.023559,1.792937605,16.600000
10.034152,1.793132910,16.575000
10.044766,1.792756344,16.550000
10.055425,1.792358617,16.525000
10.066048,1.792244205,16.500000
10.076733,1.791632635,16.475000
10.087386,1.791145776,16.450000
10.098041,1.790813027,16.425000
10.108744,1.790011769,16.400000
10.119448,1.789828635,16.375000
10.130114,1.789678645,16.350000
10.140771,1.789227177,16.325000
10.152239,1.787656494,16.300000
10.163078,1.786967588,16.275000
10.173670,1.786910476,16.250000
10.184232,1.786441968,16.225000
10.194788,1.785630786,16.200000
10.205454,1.785480421,16.175000
10.216021,1.784586285,16.150000
10.226749,1.784141746,16.125000
10.237407,1.782615255,16.100000
10.248169,1.782636976,16.075000
10.258876,1.782080084,16.050000
10.269514,1.781779168,16.025000
10.280256,1.780648719,16.000000
10.290862,1.779909442,15.975000
10.301674,1.778520021,15.950000
10.312400,1.778598480,15.925000
10.323204,1.777832987,15.900000
10.333765,1.776994279,15.875000
10.344495,1.777007387,15.850000
10.354946,1.776399936,15.825000
10.365418,1.776572022,15.800000
10.375906,1.775531455,15.775000
10.386348,1.775078301,15.750000
10.397021,1.774584326,15.725000
10.407712,1.774455683,15.700000
10.418372,1.773905532,15.675000
10.429070,1.774051777,15.650000
10.439727,1.773282353,15.625000
10.450363,1.772608802,15.600000
10.461071,1.771749308,15.575000
10.472239,1.770845248,15.550000
10.482972,1.769211648,15.525000
10.493480,1.767072464,15.500000
10.504045,1.765138884,15.475000
10.514572,1.761267044,15.450000
10.525198,1.757860715,15.425000
10.535845,1.753351463,15.400000
10.546505,1.752890258,15.375000
10.557155,1.750430308,15.350000
10.567845,1.749477937,15.325000
10.578480,1.749569691,15.300000
10.589217,1.749255480,15.275000
10.599884,1.749030963,15.250000
10.610555,1.748781916,15.225000
10.621230,1.748369958,15.200000
10.632362,1.747505034,15.175000
10.643076,1.748301048,15.150000
10.653681,1.747211982,15.125000
10.664330,1.746378891,15.100000
10.674957,1.746351552,15.075000
10.685622,1.746194446,15.050000
10.696311,1.745844470,15.025000
10.707019,1.745302745,15.000000
10.717562,1.745079352,14.975000
10.728307,1.743921938,14.950000
10.738965,1.742825568,14.925000
10.749615,1.741478092,14.900000
10.760379,1.740689193,14.875000
10.771032,1.738435035,14.850000
10.781983,1.733651457,14.825000
10.792667,1.730570762,14.800000
10.803230,1.728399370,14.775000
10.813741,1.727748852,14.750000
10.824429,1.726796106,14.725000
10.835051,1.725925190,14.700000
10.845716,1.725885118,14.675000
10.856304,1.726087351,14.650000
10.866839,1.725228045,14.625000
10.877321,1.725403502,14.600000
10.887814,1.724514422,14.575000
10.898520,1.724098345,14.550000
10.909190,1.724250207,14.525000
10.919852,1.723227054,14.500000
10.930546,1.723286226,14.475000
10.941251,1.722754426,14.450000
10.952166,1.722671660,14.425000
10.962922,1.722141733,14.400000
10.973466,1.721896056,14.375000
10.984030,1.720674976,14.350000
10.994589,1.721182433,14.325000
11.005085,1.720452893,14.300000
11.015709,1.719360269,14.275000
11.026653,1.719209530,14.250000
11.037258,1.718638781,14.225000
11.047927,1.718999619,14.200000
11.058608,1.717265277,14.175000
11.069287,1.717096748,14.150000
11.079968,1.715858254,14.125000
11.090636,1.714753271,14.100000
11.101298,1.713994894,14.075000
11.112171,1.711819008,14.050000
11.122808,1.712145204,14.025000
11.133385,1.710610661,14.000000
11.143977,1.709394450,13.975000
11.154593,1.707674713,13.950000
11.165107,1.706094855,13.925000
11.175681,1.705509126,13.900000
11.186331,1.704206778,13.875000
11.197026,1.703959604,13.850000
11.207582,1.702701822,13.825000
11.218240,1.702361208,13.800000
11.228841,1.701926030,13.775000
11.239476,1.700600463,13.750000
11.250179,1.700389990,13.725000
11.260832,1.699492109,13.700000
11.271873,1.698748338,13.675000
11.282653,1.698096883,13.650000
11.293202,1.697226154,13.625000
11.303814,1.695919687,13.600000
11.314367,1.694144336,13.575000
11.324964,1.691429722,13.550000
11.335583,1.688094175,13.525000
11.346143,1.682797335,13.500000
11.356910,1.680578943,13.475000
11.367518,1.679188398,13.450000
11.378507,1.678369538,13.425000
11.389303,1.677590751,13.400000
11.399924,1.676764963,13.375000
11.410551,1.676878439,13.350000
11.421248,1.675922884,13.325000
11.432845,1.675645374,13.300000
11.443551,1.675285473,13.275000
11.454309,1.675492388,13.250000
11.465051,1.674644691,13.225000
11.475607,1.674228801,13.200000
11.486093,1.674006157,13.175000
11.496832,1.673481098,13.150000
11.507502,1.673201529,13.125000
11.518074,1.672502511,13.100000
11.528752,1.672380235,13.075000
11.539378,1.671836450,13.050000
11.550071,1.670735962,13.025000
11.560817,1.670215210,13.000000
11.571648,1.666393927,12.975000
11.583114,1.664817627,12.950000
11.593706,1.662243453,12.925000
11.604273,1.658778139,12.900000
11.614844,1.657144914,12.875000
11.625373,1.655038125,12.850000
11.635985,1.654365510,12.825000
11.646517,1.653297791,12.800000
11.657200,1.652753445,12.775000
11.667889,1.652075400,12.750000
11.678569,1.651675426,12.725000
11.689201,1.651611386,12.700000
11.699963,1.651394359,12.675000
11.710624,1.651005621,12.650000
11.721304,1.650646281,12.625000
11.732143,1.650373078,12.600000
11.742879,1.649742408,12.575000
11.753504,1.649117918,12.550000
11.764044,1.648828798,12.525000
11.774635,1.648463092,12.500000
11.785239,1.648467399,12.475000
11.795846,1.647882794,12.450000
11.806523,1.647810701,12.425000
11.817181,1.647505478,12.400000
11.827836,1.646742607,12.375000
11.838503,1.646399559,12.350000
11.849212,1.645710466,12.325000
11.859911,1.644979615,12.300000
11.870615,1.643789057,12.275000
11.881338,1.642931249,12.250000
11.892285,1.641918582,12.225000
11.903071,1.641838250,12.200000
11.913620,1.640736451,12.175000
11.924183,1.638960538,12.150000
11.934783,1.638398403,12.125000
11.945448,1.637742454,12.100000
11.956182,1.636821354,12.075000
11.966823,1.635874226,12.050000
11.977509,1.634541917,12.025000
11.988070,1.634513455,12.000000
11.998797,1.633741970,11.975000
12.009497,1.631943026,11.950000
12.020240,1.631514590,11.925000
12.030891,1.630010382,11.900000
12.041853,1.628858960,11.875000
12.052620,1.629262679,11.850000
12.063173,1.627957522,11.825000
12.073748,1.627319736,11.800000
12.084388,1.627153081,11.775000
12.095033,1.627327039,11.750000
12.105798,1.626545069,11.725000
12.116509,1.625502254,11.700000
12.127123,1.624806607,11.675000
12.137821,1.623734955,11.650000
12.148518,1.623326555,11.625000
12.159205,1.622544397,11.600000
12.169908,1.620428807,11.575000
12.180655,1.616932971,11.550000
12.191601,1.610590882,11.525000
12.202458,1.607113022,11.500000
12.212968,1.606620546,11.475000
12.223483,1.605602635,11.450000
12.234003,1.604215836,11.425000
12.244579,1.604075958,11.400000
12.255101,1.603008238,11.375000
12.265720,1.602901129,11.350000
12.276401,1.602488048,11.325000
12.287058,1.602047253,11.300000
12.297725,1.602321205,11.275000
12.308388,1.601602151,11.250000
12.319064,1.601406659,11.225000
12.329694,1.601302546,11.200000
12.340340,1.600257858,11.175000
12.351002,1.600493611,11.150000
12.362167,1.600132960,11.125000
12.372925,1.599289009,11.100000
12.383519,1.599162425,11.075000
12.394105,1.598815070,11.050000
12.404724,1.598115678,11.025000
12.415369,1.597367226,11.000000
12.426037,1.596557354,10.975000
12.436676,1.595943912,10.950000
12.447362,1.595380092,10.925000
12.458108,1.594970943,10.900000
12.468762,1.593688818,10.875000
12.479476,1.591549072,10.850000
12.490082,1.589994681,10.825000
12.500739,1.589440597,10.800000
12.511786,1.586510267,10.775000
12.522709,1.584078406,10.750000
12.533265,1.583793219,10.725000
12.543846,1.582267477,10.700000
12.554401,1.582319534,10.675000
12.564970,1.581198634,10.650000
12.575664,1.580677507,10.625000
12.586297,1.580072117,10.600000
12.596915,1.579127797,10.575000
12.607561,1.580150951,10.550000
12.618206,1.578997656,10.525000
12.628891,1.578867890,10.500000
12.639541,1.578326727,10.475000
12.650180,1.577907092,10.450000
12.660875,1.577440456,10.425000
12.671705,1.576957529,10.400000
12.682580,1.576282855,10.375000
12.693179,1.576393709,10.350000
12.703737,1.575850861,10.325000
12.714319,1.575449015,10.300000
12.724921,1.575332356,10.275000
12.735558,1.575129560,10.250000
12.746147,1.574330737,10.225000
12.756862,1.573915409,10.200000
12.767550,1.573589213,10.175000
12.778248,1.572810051,10.150000
12.788906,1.572035383,10.125000
12.799542,1.571802814,10.100000
12.810190,1.571290489,10.075000
12.820938,1.569207855,10.050000
12.831882,1.568623624,10.025000
12.842346,1.568090326,10.000000
12.852836,1.567474075,9.975000
12.863229,1.566448675,9.950000
12.873628,1.565800029,9.925000
12.884226,1.563560664,9.900000
12.894883,1.562829626,9.875000
12.905593,1.562429653,9.850000
12.916246,1.562231351,9.825000
12.926876,1.560874512,9.800000
12.937414,1.560700554,9.775000
12.948214,1.559556622,9.750000
12.958953,1.558735890,9.725000
12.969626,1.558530098,9.700000
12.980268,1.558244349,9.675000
12.990801,1.557628285,9.650000
13.001590,1.556704376,9.625000
13.012562,1.555608007,9.600000
13.023355,1.555646394,9.575000
13.033911,1.554928651,9.550000
13.044550,1.554823415,9.525000
13.055182,1.554701138,9.500000
13.065860,1.554260905,9.475000
13.076526,1.553599713,9.450000
13.087158,1.553627239,9.425000
13.097869,1.552976159,9.400000
13.108578,1.552870361,9.375000
13.119237,1.552132020,9.350000
13.129900,1.551660516,9.325000
13.140665,1.551744780,9.300000
13.151254,1.551301738,9.275000
13.162299,1.548336017,9.250000
13.173018,1.547721825,9.225000
13.183520,1.546390453,9.200000
13.194097,1.544054091,9.175000
13.204701,1.541509877,9.150000
13.215434,1.537706946,9.125000
13.226002,1.534671192,9.100000
13.236677,1.533499734,9.075000
13.247367,1.530918444,9.050000
13.258031,1.530025806,9.025000
13.268596,1.528769897,9.000000
13.279232,1.528477969,8.975000
13.289922,1.528170873,8.950000
13.300641,1.527290033,8.925000
13.311275,1.526915338,8.900000
13.322328,1.527020949,8.875000
13.333103,1.526132057,8.850000
13.343727,1.524800497,8.825000
13.354313,1.523878461,8.800000
13.364929,1.522255535,8.775000
13.375583,1.521564569,8.750000
13.386184,1.520874353,8.725000
13.396848,1.518518329,8.700000
13.407580,1.515590808,8.675000
13.418269,1.513743177,8.650000
13.428975,1.511891802,8.625000
13.439610,1.508298781,8.600000
13.450276,1.506663496,8.575000
13.460919,1.505187190,8.550000
13.471689,1.504135199,8.525000
13.482817,1.503124030,8.500000
13.493319,1.502183456,8.475000
13.503908,1.501053755,8.450000
13.514483,1.499504794,8.425000
13.525075,1.499541496,8.400000
13.535692,1.497145400,8.375000
13.546293,1.495166879,8.350000
13.556976,1.494904350,8.325000
13.567643,1.491008353,8.300000
13.578265,1.490044560,8.275000
13.588929,1.488334935,8.250000
13.599597,1.486950944,8.225000
13.610264,1.484876363,8.200000
13.620966,1.484015371,8.175000
13.631790,1.481410675,8.150000
13.642719,1.480127239,8.125000
13.653267,1.479139851,8.100000
13.664000,1.478123065,8.075000
13.674460,1.477790315,8.050000
13.684897,1.475964406,8.025000
13.695569,1.472084888,8.000000
13.706120,1.464490822,7.975000
13.716641,1.457101798,7.950000
13.727327,1.454090761,7.925000
13.737991,1.451202563,7.900000
13.748667,1.450248319,7.875000
13.759239,1.447147214,7.850000
13.769992,1.439763059,7.825000
13.780806,1.431140222,7.800000
13.791601,1.428692818,7.775000
13.802466,1.427694195,7.750000
13.813089,1.425821660,7.725000
13.823696,1.425013099,7.700000
13.834313,1.424180196,7.675000
13.845034,1.421812001,7.650000
13.855617,1.420250868,7.625000
13.866234,1.420177839,7.600000
13.876925,1.418079102,7.575000
13.887656,1.416591747,7.550000
13.898339,1.414613414,7.525000
13.909078,1.414759659,7.500000
13.919770,1.413631831,7.475000
13.930473,1.412432472,7.450000
13.941144,1.411783077,7.425000
13.952139,1.410236550,7.400000
13.962904,1.409737519,7.375000
13.973415,1.408713056,7.350000
13.983904,1.407765740,7.325000
13.994508,1.407457895,7.300000
14.005152,1.407468007,7.275000
14.015803,1.406873102,7.250000
14.026467,1.406278947,7.225000
14.037143,1.405457091,7.200000
14.047824,1.405533491,7.175000
14.058598,1.405072098,7.150000
14.069303,1.403932473,7.125000
14.079997,1.402861758,7.100000
14.090729,1.401875119,7.075000
14.101741,1.396198903,7.050000
14.112544,1.392659999,7.025000
14.123220,1.388192879,7.000000
14.133816,1.385246258,6.975000
14.144399,1.384152323,6.950000
14.154961,1.382335776,6.925000
14.165718,1.381057771,6.900000
14.176304,1.380856099,6.875000
14.186808,1.380566231,6.850000
14.197304,1.379692506,6.825000
14.207907,1.378563929,6.800000
14.218540,1.377849182,6.775000
14.229337,1.377306896,6.750000
14.240090,1.376051174,6.725000
14.250840,1.374992255,6.700000
14.261893,1.371185579,6.675000
14.272895,1.369287015,6.650000
14.283562,1.368394752,6.625000
14.294163,1.366651235,6.600000
14.304838,1.364107958,6.575000
14.315464,1.362205649,6.550000
14.326115,1.360778216,6.525000
14.336791,1.359536725,6.500000
14.347467,1.358986387,6.475000
14.358200,1.357881029,6.450000
14.368939,1.356957120,6.425000
14.379626,1.356388057,6.400000
14.390316,1.355920298,6.375000
14.401086,1.355063426,6.350000
14.412187,1.352990904,6.325000
14.422982,1.351274164,6.300000
14.433594,1.350472531,6.275000
14.444205,1.347860907,6.250000
14.454972,1.347956031,6.225000
14.465591,1.345648506,6.200000
14.476229,1.345056036,6.175000
14.486960,1.342711809,6.150000
14.497649,1.341789960,6.125000
14.508475,1.339965549,6.100000
14.519159,1.339426072,6.075000
14.529902,1.338000698,6.050000
14.540719,1.336620640,6.025000
14.551699,1.336423836,6.000000
14.562534,1.335036288,5.975000
14.573160,1.333709409,5.950000
14.583768,1.333700609,5.925000
14.594336,1.332849541,5.900000
14.604955,1.332779134,5.875000
14.615616,1.331874887,5.850000
14.626219,1.331325485,5.825000
14.636925,1.330007969,5.800000
14.647678,1.328003420,5.775000
14.658386,1.328516308,5.750000
14.669083,1.327109847,5.725000
14.679816,1.324636040,5.700000
14.690552,1.320327712,5.675000
14.701643,1.312267946,5.650000
14.712438,1.309601643,5.625000
14.723231,1.308899068,5.600000
14.733807,1.307832846,5.575000
14.744410,1.306902009,5.550000
14.754993,1.305530190,5.525000
14.765628,1.304868810,5.500000
14.776253,1.304204809,5.475000
14.786900,1.302641992,5.450000
14.797583,1.301719768,5.425000
14.808417,1.301557794,5.400000
14.819107,1.299339776,5.375000
14.829848,1.297325115,5.350000
14.840630,1.296662238,5.325000
14.851690,1.292484425,5.300000
14.862507,1.290646344,5.275000
14.873069,1.287910758,5.250000
14.883672,1.285621022,5.225000
14.894246,1.284781190,5.200000
14.904875,1.284152954,5.175000
14.915448,1.283264811,5.150000
14.926051,1.282629834,5.125000
14.936651,1.281599191,5.100000
14.947297,1.280524730,5.075000
14.957975,1.278484041,5.050000
14.968757,1.276051618,5.025000
14.979378,1.274905065,5.000000
14.990035,1.273309852,4.975000
15.000697,1.271540868,4.950000
15.011675,1.267432713,4.925000
15.022510,1.265530030,4.900000
15.033105,1.263491776,4.875000
15.043652,1.262895373,4.850000
15.054196,1.261434796,4.825000
15.064811,1.261140059,4.800000
15.075470,1.260393479,4.775000
15.086089,1.259325011,4.750000
15.096761,1.258701457,4.725000
15.107420,1.258059177,4.700000
15.118069,1.255626754,4.675000
15.128764,1.253561535,4.650000
15.139505,1.248999852,4.625000
15.150173,1.242625742,4.600000
15.160893,1.236223732,4.575000
15.171760,1.230951235,4.550000
15.182459,1.229928456,4.525000
15.193054,1.227775790,4.500000
15.203645,1.224250555,4.475000
15.214248,1.220184532,4.450000
15.224821,1.216800299,4.425000
15.235423,1.212576422,4.400000
15.246100,1.208974226,4.375000
15.256730,1.202857777,4.350000
15.267378,1.192921544,4.325000
15.278080,1.188982105,4.300000
15.288789,1.188877055,4.275000
15.299478,1.187471156,4.250000
15.310213,1.186456804,4.225000
15.320887,1.185654797,4.200000
15.331956,1.183770652,4.175000
15.342726,1.182382729,4.150000
15.353326,1.180847250,4.125000
15.363910,1.177926095,4.100000
15.374535,1.174078785,4.075000
15.385079,1.167970950,4.050000
15.395732,1.162990381,4.025000
15.406400,1.160403099,4.000000
15.417089,1.159884594,3.975000
15.427741,1.159147377,3.950000
15.438435,1.158036402,3.925000
15.449134,1.157057440,3.900000
15.459851,1.156423025,3.875000
15.470559,1.156075296,3.850000
15.481257,1.154835677,3.825000
15.492165,1.153548871,3.800000
15.502919,1.152455123,3.775000
15.513458,1.151480843,3.750000
15.524043,1.150175874,3.725000
15.534647,1.149232678,3.700000
15.545279,1.147248727,3.675000
15.555936,1.147281309,3.650000
15.566604,1.146460577,3.625000
15.577272,1.145788524,3.600000
15.587962,1.144985019,3.575000
15.598649,1.143299925,3.550000
15.609383,1.141998513,3.525000
15.620067,1.140751217,3.500000
15.630803,1.140064184,3.475000
15.641738,1.138281718,3.450000
15.652451,1.137061386,3.425000
15.663036,1.136614225,3.400000
15.673601,1.135477784,3.375000
15.684174,1.134144726,3.350000
15.694769,1.132732272,3.325000
15.705445,1.129542409,3.300000
15.716016,1.126353856,3.275000
15.726726,1.124153440,3.250000
15.737379,1.121037916,3.225000
15.748030,1.118982621,3.200000
15.758693,1.117196597,3.175000
15.769372,1.115675912,3.150000
15.780055,1.113822102,3.125000
15.790773,1.112939202,3.100000
15.801841,1.111356160,3.075000
15.812738,1.111045507,3.050000
15.823345,1.109943707,3.025000
15.833935,1.108594171,3.000000
15.844569,1.107275906,2.975000
15.855168,1.104174426,2.950000
15.865827,1.101331169,2.925000
15.876491,1.096878468,2.900000
15.887125,1.092327458,2.875000
15.897809,1.087362431,2.850000
15.908589,1.081537723,2.825000
15.919222,1.073973056,2.800000
15.929853,1.070311875,2.775000
15.940590,1.069319057,2.750000
15.951247,1.067161335,2.725000
15.962337,1.061645221,2.700000
15.973098,1.056450808,2.675000
15.983708,1.044636422,2.650000
15.994258,1.038902345,2.625000
16.004880,1.038449379,2.600000
16.015542,1.038309501,2.575000
16.026108,1.036684327,2.550000
16.036832,1.035778769,2.525000
16.047482,1.034184119,2.500000
16.058183,1.031615562,2.475000
16.068886,1.028266533,2.450000
16.079582,1.022287903,2.425000
16.090273,1.017069896,2.400000
16.100999,1.011237698,2.375000
16.111896,1.007008203,2.350000
16.122740,1.006420040,2.325000
16.133277,1.005319177,2.300000
16.143806,1.004152962,2.275000
16.154387,1.002075384,2.250000
16.164965,1.000099110,2.225000
16.175622,0.996635482,2.200000
16.186221,0.991842167,2.175000
16.196921,0.985436224,2.150000
16.207571,0.964655016,2.125000
16.218204,0.949626611,2.100000
16.228912,0.939958712,2.075000
16.239550,0.934804372,2.050000
16.250246,0.929540488,2.025000
16.260929,0.928524638,2.000000
16.272402,0.926324784,1.975000
16.283012,0.924415172,1.950000
16.293579,0.923878316,1.925000
16.304186,0.921570417,1.900000
16.314726,0.920148414,1.875000
16.325347,0.917207410,1.850000
16.335963,0.916087821,1.825000
16.346625,0.914489800,1.800000
16.357313,0.912463530,1.775000
16.368036,0.907193467,1.750000
16.378710,0.898874355,1.725000
16.389408,0.894777997,1.700000
16.400147,0.894850464,1.675000
16.410832,0.893863263,1.650000
16.422269,0.893598674,1.625000
16.433001,0.892486950,1.600000
16.443667,0.891524467,1.575000
16.454319,0.890782756,1.550000
16.464976,0.890710289,1.525000
16.475698,0.889937119,1.500000
16.486528,0.888677652,1.475000
16.497125,0.888115142,1.450000
16.508079,0.887040869,1.425000
16.518716,0.886045804,1.400000
16.529394,0.883991820,1.375000
16.540365,0.882132018,1.350000
16.550987,0.879853517,1.325000
16.561839,0.873508245,1.300000
16.572970,0.868574489,1.275000
16.583601,0.862181654,1.250000
16.594372,0.848877479,1.225000
16.604949,0.838874209,1.200000
16.615648,0.821762234,1.175000
16.626129,0.801002935,1.150000
16.636941,0.788214831,1.125000
16.647591,0.781329800,1.100000
16.658320,0.784829100,1.075000
16.669044,0.782027413,1.050000
16.679744,0.782252023,1.025000
16.690417,0.781952137,1.000000
16.701112,0.781159680,0.975000
16.712449,0.779725318,0.950000
16.723239,0.777890140,0.925000
16.733775,0.776547439,0.900000
16.744416,0.776932619,0.875000
16.755014,0.775861810,0.850000
16.765596,0.774150500,0.825000
16.776086,0.772906388,0.800000
16.786821,0.772022926,0.775000
16.797476,0.770839577,0.750000
16.808254,0.768698895,0.725000
16.818931,0.764584748,0.700000
16.829677,0.755100732,0.675000
16.840421,0.744320454,0.650000
16.851109,0.739685180,0.625000
16.862294,0.739405798,0.600000
16.873007,0.738978111,0.575000
16.883567,0.738367384,0.550000
16.894123,0.737000058,0.525000
16.904752,0.734549846,0.500000
16.915451,0.729727226,0.475000
16.926121,0.721800972,0.450000
16.936786,0.704440043,0.425000
16.947452,0.694762313,0.400000
16.958197,0.693672872,0.375000
16.968918,0.693344149,0.350000
16.979708,0.692514147,0.325000
16.990399,0.689253783,0.300000
17.001083,0.681532103,0.275000
17.012327,0.653463270,0.250000
17.023096,0.643299711,0.225000
17.033652,0.630803254,0.200000
17.044286,0.627364062,0.175000
17.054902,0.628691315,0.150000
17.065538,0.627707111,0.125000
17.076134,0.627285416,0.100000
17.086798,0.627565921,0.075000
17.097482,0.626714480,0.050000
17.108252,0.625478700,0.025000
17.118902,0.623806807,0.000000
17.129623,0.621238719,0.000000
17.140364,0.617916561,-0.025000
17.151094,0.611697029,-0.050000
17.162184,0.591371222,-0.075000
17.172916,0.572813275,-0.100000
17.183494,0.548892668,-0.125000
17.194033,0.525077954,-0.150000
17.204738,0.501027019,-0.175000
17.215353,0.483235969,-0.200000
17.226061,0.478895713,-0.225000
17.236739,0.481737004,-0.250000
17.247456,0.480293841,-0.275000
17.258072,0.480607772,-0.300000
17.268758,0.479639765,-0.325000
17.279444,0.479758484,-0.350000
17.290148,0.479224437,-0.375000
17.300800,0.478683929,-0.400000
17.311784,0.476422749,-0.425000
17.322512,0.474583265,-0.450000
17.333007,0.472339593,-0.475000
17.343444,0.469915503,-0.500000
17.353996,0.461635714,-0.525000
17.364562,0.447021045,-0.550000
17.375097,0.419997461,-0.575000
17.385798,0.386490317,-0.600000
17.396479,0.343235972,-0.625000
17.407114,0.302398790,-0.650000
17.417818,0.265745787,-0.675000
17.428579,0.249857139,-0.700000
17.439286,0.255888013,-0.725000
17.449958,0.254091877,-0.750000
17.460566,0.254327348,-0.775000
17.471205,0.254353658,-0.800000
17.482351,0.252962551,-0.825000
17.493064,0.252505184,-0.850000
17.503606,0.251948761,-0.875000
17.514143,0.252000443,-0.900000
17.524743,0.251148907,-0.925000
17.535326,0.250384445,-0.950000
17.546016,0.249222162,-0.975000
17.556595,0.247705222,-1.000000
17.567189,0.246073775,-1.025000
17.577843,0.244327449,-1.050000
17.588533,0.242021422,-1.075000
17.599183,0.237775449,-1.100000
17.609857,0.230974775,-1.125000
17.620616,0.221281316,-1.150000
17.631341,0.212619437,-1.175000
17.641994,0.207697759,-1.200000
17.652794,0.207218671,-1.225000
17.663283,0.204828380,-1.250000
17.673876,0.200370061,-1.275000
17.684428,0.190195080,-1.300000
17.694994,0.176581468,-1.325000
17.705664,0.162502438,-1.350000
17.716304,0.148729100,-1.375000
17.726889,0.129800765,-1.400000
17.737522,0.107946876,-1.425000
17.748238,0.101171295,-1.450000
17.758889,0.104267906,-1.475000
17.769559,0.102357546,-1.500000
17.780299,0.102201189,-1.525000
17.790952,0.101997738,-1.550000
17.801995,0.100190555,-1.575000
17.812929,0.098888862,-1.600000
17.823454,0.097460773,-1.625000
17.834054,0.095461186,-1.650000
17.844527,0.091858709,-1.675000
17.855014,0.085881577,-1.700000
17.865443,0.078544516,-1.725000
17.875922,0.068657250,-1.750000
17.886481,0.060875368,-1.775000
17.897239,0.059831617,-1.800000
17.907890,0.060163243,-1.825000
17.918475,0.058856401,-1.850000
17.929072,0.054932410,-1.875000
17.939572,0.049194494,-1.900000
17.950267,0.039847267,-1.925000
17.960942,0.031655862,-1.950000
17.972080,0.031574500,-1.975000
17.982798,0.031169096,-2.000000
17.993335,0.030319902,-2.025000
18.003850,0.029750183,-2.050000
18.014379,0.028666547,-2.075000
18.024914,0.028530975,-2.100000
18.035480,0.027201382,-2.125000
18.046151,0.026062693,-2.150000
18.056860,0.024881498,-2.175000
18.067468,0.024107766,-2.200000
18.078167,0.022294029,-2.225000
18.088856,0.020308580,-2.250000
18.099550,0.019314732,-2.275000
18.110208,0.017053833,-2.300000
18.120857,0.013749557,-2.325000
18.131859,0.000646165,-2.350000
18.142617,-0.007580116,-2.375000
18.153173,-0.008582905,-2.400000
18.163773,-0.009354951,-2.425000
18.174362,-0.010097458,-2.450000
18.184996,-0.011250332,-2.475000
18.195651,-0.012629735,-2.500000
18.206336,-0.014280749,-2.525000
18.217013,-0.015676911,-2.550000
18.227708,-0.016861289,-2.575000
18.238355,-0.018210170,-2.600000
18.249059,-0.019874573,-2.625000
18.259743,-0.023172341,-2.650000
18.270441,-0.030084243,-2.675000
18.281165,-0.040759004,-2.700000
18.292389,-0.043964504,-2.725000
18.303022,-0.044710053,-2.750000
18.313617,-0.045674222,-2.775000
18.324250,-0.048284536,-2.800000
18.334845,-0.049881949,-2.825000
18.345503,-0.052697446,-2.850000
18.356210,-0.056538717,-2.875000
18.366846,-0.062394229,-2.900000
18.377652,-0.069659244,-2.925000
18.388368,-0.083154370,-2.950000
18.399054,-0.097926332,-2.975000
18.409749,-0.110560420,-3.000000
18.420502,-0.114530709,-3.025000
18.431177,-0.114266776,-3.050000
18.442089,-0.116714039,-3.075000
18.452862,-0.117689442,-3.100000
18.463430,-0.119949639,-3.125000
18.474211,-0.120864513,-3.150000
18.484755,-0.121142163,-3.175000
18.495296,-0.121892066,-3.200000
18.506038,-0.124471203,-3.225000
18.516762,-0.127133011,-3.250000
18.527453,-0.129463288,-3.275000
18.538184,-0.132031938,-3.300000
18.548842,-0.135728041,-3.325000
18.559577,-0.140470939,-3.350000
18.570308,-0.144523292,-3.375000
18.581083,-0.150001487,-3.400000
18.592165,-0.153271823,-3.425000
18.602916,-0.155174974,-3.450000
18.613467,-0.156768970,-3.475000
18.624001,-0.157658518,-3.500000
18.634608,-0.158171686,-3.525000
18.645158,-0.159138803,-3.550000
18.655817,-0.160855122,-3.575000
18.666443,-0.161550956,-3.600000
18.677081,-0.162488488,-3.625000
18.687722,-0.163614069,-3.650000
18.698422,-0.165496996,-3.675000
18.709072,-0.165437731,-3.700000
18.719714,-0.166320069,-3.725000
18.730396,-0.167492276,-3.750000
18.741061,-0.168713263,-3.775000
18.752317,-0.171713158,-3.800000
18.762976,-0.172985452,-3.825000
18.773511,-0.174125077,-3.850000
18.784158,-0.176626971,-3.875000
18.794766,-0.178579744,-3.900000
18.805314,-0.183066572,-3.925000
18.815969,-0.187631860,-3.950000
18.826607,-0.189017770,-3.975000
18.837256,-0.188944367,-4.000000
18.847895,-0.190293575,-4.025000
18.858627,-0.191411572,-4.050000
18.869286,-0.192502324,-4.075000
18.879925,-0.192733441,-4.100000
18.890617,-0.194301034,-4.125000
18.901271,-0.195227331,-4.150000
18.912287,-0.196747829,-4.175000
18.923121,-0.197815502,-4.200000
18.933681,-0.199545724,-4.225000
18.944288,-0.201197113,-4.250000
18.954877,-0.202002912,-4.275000
18.965445,-0.204821826,-4.300000
18.976079,-0.207451802,-4.325000
18.986770,-0.209807123,-4.350000
18.997353,-0.213214669,-4.375000
19.008048,-0.217394963,-4.400000
19.018732,-0.223510663,-4.425000
19.029386,-0.232510348,-4.450000
19.040097,-0.234399736,-4.475000
19.050808,-0.235571709,-4.500000
19.061836,-0.238268674,-4.525000
19.073034,-0.240207450,-4.550000
19.083671,-0.240935773,-4.575000
19.094228,-0.243130431,-4.600000
19.104773,-0.245702405,-4.625000
19.115364,-0.248934634,-4.650000
19.126039,-0.253059689,-4.675000
19.136664,-0.257948316,-4.700000
19.147353,-0.262196069,-4.725000
19.158036,-0.267214791,-4.750000
19.168698,-0.267676324,-4.775000
19.179355,-0.268340652,-4.800000
19.190076,-0.269938159,-4.825000
19.200711,-0.270378298,-4.850000
19.211370,-0.272741250,-4.875000
19.222212,-0.275439059,-4.900000
19.232977,-0.282151489,-4.925000
19.243586,-0.286657557,-4.950000
19.254127,-0.295309559,-4.975000
19.264749,-0.311347635,-5.000000
19.275331,-0.321186075,-5.025000
19.285998,-0.329102264,-5.050000
19.296687,-0.335312059,-5.075000
19.307302,-0.339156467,-5.100000
19.317987,-0.342539904,-5.125000
19.328676,-0.345090157,-5.150000
19.339408,-0.348202310,-5.175000
19.350085,-0.352331484,-5.200000
19.360769,-0.357599440,-5.225000
19.371722,-0.381009547,-5.250000
19.382498,-0.396040059,-5.275000
19.393077,-0.405808138,-5.300000
19.403646,-0.411801000,-5.325000
19.414259,-0.415451414,-5.350000
19.424814,-0.417830750,-5.375000
19.435466,-0.419783430,-5.400000
19.446133,-0.420831067,-5.425000
19.456861,-0.422460032,-5.450000
19.467554,-0.424841335,-5.475000
19.478235,-0.426311087,-5.500000
19.488925,-0.427332087,-5.525000
19.499649,-0.429043163,-5.550000
19.510399,-0.430290225,-5.575000
19.521113,-0.432823390,-5.600000
19.531895,-0.435118369,-5.625000
19.542622,-0.438708955,-5.650000
19.553240,-0.441899662,-5.675000
19.563849,-0.446141001,-5.700000
19.574423,-0.452452942,-5.725000
19.585078,-0.457485099,-5.750000
19.595628,-0.459170006,-5.775000
19.606188,-0.459379543,-5.800000
19.616913,-0.461369112,-5.825000
19.627606,-0.464343493,-5.850000
19.638260,-0.467089192,-5.875000
19.648899,-0.470629500,-5.900000
19.659595,-0.473276750,-5.925000
19.670297,-0.477353868,-5.950000
19.681007,-0.481769493,-5.975000
19.692374,-0.487541863,-6.000000
19.703010,-0.489304106,-6.025000
19.713533,-0.490432683,-6.050000
19.724145,-0.492600049,-6.075000
19.734775,-0.495452388,-6.100000
19.745433,-0.497560769,-6.125000
19.756200,-0.499784077,-6.150000
19.766873,-0.503437065,-6.175000
19.777555,-0.507174083,-6.200000
19.788319,-0.512434222,-6.225000
19.799010,-0.520512713,-6.250000
19.809705,-0.531594095,-6.275000
19.820506,-0.536521390,-6.300000
19.831299,-0.537283138,-6.325000
19.842078,-0.543615302,-6.350000
19.852976,-0.547727296,-6.375000
19.863572,-0.551514405,-6.400000
19.874112,-0.554406676,-6.425000
19.884747,-0.557637220,-6.450000
19.895389,-0.560838178,-6.475000
19.906068,-0.562456096,-6.500000
19.916775,-0.563557708,-6.525000
19.927598,-0.564696865,-6.550000
19.938212,-0.566592104,-6.575000
19.948900,-0.567617177,-6.600000
19.959641,-0.568759330,-6.625000
19.970335,-0.569981065,-6.650000
19.981074,-0.571184263,-6.675000
19.992277,-0.573347977,-6.700000
20.003063,-0.574983543,-6.725000
20.013717,-0.576735300,-6.750000
20.024337,-0.579189163,-6.775000
20.034980,-0.580904125,-6.800000
20.045650,-0.585044159,-6.825000
20.056249,-0.592322984,-6.850000
20.066947,-0.602955098,-6.875000
20.077629,-0.611299021,-6.900000
20.088349,-0.612502406,-6.925000
20.099029,-0.614515803,-6.950000
20.109707,-0.618632946,-6.975000
20.120427,-0.621282583,-7.000000
20.131083,-0.626506816,-7.025000
20.142162,-0.644606927,-7.050000
20.153215,-0.647083355,-7.075000
20.163785,-0.648884828,-7.100000
20.174505,-0.653300219,-7.125000
20.185060,-0.657452893,-7.150000
20.195742,-0.662819860,-7.175000
20.206468,-0.672022949,-7.200000
20.217136,-0.687455119,-7.225000
20.227827,-0.695619606,-7.250000
20.238567,-0.700674000,-7.275000
20.249290,-0.706685166,-7.300000
20.259838,-0.718439958,-7.325000
20.270397,-0.728704400,-7.350000
20.281163,-0.737266333,-7.375000
20.292339,-0.771054076,-7.400000
20.303025,-0.786337053,-7.425000
20.313577,-0.789590021,-7.450000
20.324188,-0.789005790,-7.475000
20.334769,-0.791560302,-7.500000
20.345389,-0.792361747,-7.525000
20.356177,-0.793637318,-7.550000
20.366839,-0.795965254,-7.575000
20.377523,-0.796262612,-7.600000
20.388275,-0.797336698,-7.625000
20.398961,-0.798992020,-7.650000
20.409707,-0.800186697,-7.675000
20.420441,-0.801717307,-7.700000
20.431137,-0.804781898,-7.725000
20.442187,-0.811443629,-7.750000
20.452904,-0.815950821,-7.775000
20.463467,-0.823090798,-7.800000
20.474074,-0.829374651,-7.825000
20.484655,-0.830148008,-7.850000
20.495224,-0.830180590,-7.875000
20.505915,-0.832382317,-7.900000
20.516659,-0.834074714,-7.925000
20.527406,-0.834657073,-7.950000
20.538064,-0.835948373,-7.975000
20.548771,-0.838432104,-8.000000
20.559434,-0.839182241,-8.025000
20.570184,-0.839601315,-8.050000
20.580881,-0.840255953,-8.075000
20.592088,-0.843557981,-8.100000
20.602865,-0.844890852,-8.125000
20.613470,-0.847225529,-8.150000
20.624040,-0.850491979,-8.175000
20.634652,-0.853027392,-8.200000
20.645230,-0.855730209,-8.225000
20.655925,-0.858568223,-8.250000
20.666575,-0.860763583,-8.275000
20.677219,-0.862173602,-8.300000
20.688031,-0.863527071,-8.325000
20.698730,-0.865120973,-8.350000
20.709424,-0.865926537,-8.375000
20.720091,-0.866909618,-8.400000
20.730842,-0.867456024,-8.425000
20.741948,-0.869719170,-8.450000
20.752959,-0.870436351,-8.475000
20.763635,-0.871174130,-8.500000
20.774130,-0.872328360,-8.525000
20.784815,-0.874519601,-8.550000
20.795467,-0.874765278,-8.575000
20.806257,-0.877005204,-8.600000
20.816924,-0.879191576,-8.625000
20.827589,-0.881143507,-8.650000
20.838295,-0.884369136,-8.675000
20.849049,-0.887804114,-8.700000
20.859787,-0.893468533,-8.725000
20.870476,-0.904715354,-8.750000
20.881169,-0.913354856,-8.775000
20.892281,-0.914207234,-8.800000
20.903106,-0.916777101,-8.825000
20.913710,-0.919042494,-8.850000
20.924321,-0.921220253,-8.875000
20.934940,-0.924571716,-8.900000
20.945611,-0.928917870,-8.925000
20.956284,-0.931750641,-8.950000
20.966948,-0.935900554,-8.975000
20.977699,-0.938861406,-9.000000
20.988436,-0.940222365,-9.025000
20.999115,-0.940717463,-9.050000
21.009922,-0.943442002,-9.075000
21.020551,-0.944961751,-9.100000
21.031357,-0.947148498,-9.125000
21.042341,-0.950447156,-9.150000
21.053069,-0.953823337,-9.175000
21.063587,-0.957349320,-9.200000
21.074092,-0.961414594,-9.225000
21.084757,-0.965414329,-9.250000
21.095424,-0.970433847,-9.275000
21.106116,-0.981113664,-9.300000
21.116808,-0.986372866,-9.325000
21.127481,-0.989038982,-9.350000
21.138187,-0.991625702,-9.375000
21.148904,-0.993430451,-9.400000
21.159651,-0.996761317,-9.425000
21.170410,-1.000276814,-9.450000
21.181166,-1.002490525,-9.475000
21.192572,-1.005957337,-9.500000
21.203115,-1.007769202,-9.525000
21.213713,-1.009442124,-9.550000
21.224352,-1.010188517,-9.575000
21.234992,-1.012079777,-9.600000
21.245641,-1.012990953,-9.625000
21.256303,-1.013349356,-9.650000
21.267008,-1.014668745,-9.675000
21.277743,-1.015393041,-9.700000
21.288501,-1.015837956,-9.725000
21.299222,-1.016841260,-9.750000
21.309952,-1.018083500,-9.775000
21.320686,-1.018977448,-9.800000
21.331753,-1.020287848,-9.825000
21.342366,-1.021784378,-9.850000
21.353074,-1.023252071,-9.875000
21.363701,-1.025616334,-9.900000
21.374306,-1.028298928,-9.925000
21.384954,-1.031745142,-9.950000
21.395599,-1.036342964,-9.975000
21.406192,-1.041725754,-10.000000
21.416927,-1.048863858,-10.025000
21.427653,-1.052158396,-10.050000
21.438363,-1.053100656,-10.075000
21.449070,-1.054124558,-10.100000
21.459722,-1.055917698,-10.125000
21.470343,-1.057282401,-10.150000
21.481095,-1.058483071,-10.175000
21.492489,-1.060263103,-10.200000
21.503119,-1.061305730,-10.225000
21.513674,-1.062392550,-10.250000
21.524265,-1.063209350,-10.275000
21.534827,-1.064158350,-10.300000
21.545392,-1.065540656,-10.325000
21.556051,-1.066746194,-10.350000
21.566707,-1.067313947,-10.375000
21.577326,-1.069427290,-10.400000
21.588018,-1.070663537,-10.425000
21.598640,-1.072078425,-10.450000
21.609296,-1.073742360,-10.475000
21.620066,-1.077893396,-10.500000
21.630755,-1.080577487,-10.525000
21.642729,-1.084823274,-10.550000
21.653252,-1.085995855,-10.575000
21.663662,-1.087136978,-10.600000
21.674499,-1.086766965,-10.625000
21.685060,-1.088598679,-10.650000
21.695602,-1.089695610,-10.675000
21.706477,-1.090330399,-10.700000
21.717238,-1.091229591,-10.725000
21.728299,-1.092205182,-10.750000
21.738980,-1.092601410,-10.775000
21.749781,-1.093573630,-10.800000
21.760534,-1.094166100,-10.825000
21.771116,-1.095079523,-10.850000
21.781911,-1.097845632,-10.875000
21.793309,-1.099232432,-10.900000
21.803928,-1.100106156,-10.925000
21.814413,-1.101330794,-10.950000
21.825006,-1.102763284,-10.975000
21.835634,-1.104939919,-11.000000
21.846362,-1.107555850,-11.025000
21.856964,-1.111268713,-11.050000
21.867573,-1.117507626,-11.075000
21.878220,-1.127871733,-11.100000
21.888827,-1.136739685,-11.125000
21.899422,-1.135864837,-11.150000
21.909911,-1.137684941,-11.175000
21.920604,-1.138633567,-11.200000
21.931306,-1.140466030,-11.225000
21.942332,-1.143269215,-11.250000
21.953015,-1.144906185,-11.275000
21.963548,-1.146811302,-11.300000
21.974082,-1.148548266,-11.325000
21.984680,-1.151865649,-11.350000
21.995316,-1.157346934,-11.375000
22.005934,-1.163773849,-11.400000
22.016587,-1.165173008,-11.425000
22.027204,-1.166454945,-11.450000
22.037818,-1.168306882,-11.475000
22.048506,-1.170274168,-11.500000
22.059160,-1.171887919,-11.525000
22.069826,-1.174430072,-11.550000
22.080573,-1.177508520,-11.575000
22.091258,-1.182390219,-11.600000
22.102206,-1.195257532,-11.625000
22.113017,-1.205168111,-11.650000
22.123562,-1.208418458,-11.675000
22.134097,-1.208746526,-11.700000
22.144703,-1.210767740,-11.725000
22.155293,-1.212141432,-11.750000
22.165924,-1.213278435,-11.775000
22.176616,-1.213785143,-11.800000
22.187270,-1.214440531,-11.825000
22.197924,-1.215946798,-11.850000
22.208675,-1.216607054,-11.875000
22.219331,-1.217145595,-11.900000
22.230077,-1.218308439,-11.925000
22.240785,-1.218489701,-11.950000
22.251459,-1.218996034,-11.975000
22.262385,-1.220166369,-12.000000
22.273060,-1.221304495,-12.025000
22.283670,-1.221653536,-12.050000
22.294222,-1.223073292,-12.075000
22.304820,-1.223865375,-12.100000
22.315438,-1.224224527,-12.125000
22.326109,-1.224835722,-12.150000
22.336785,-1.225481747,-12.175000
22.347506,-1.227160662,-12.200000
22.358152,-1.227533671,-12.225000
22.368850,-1.229391975,-12.250000
22.379547,-1.229154537,-12.275000
22.390235,-1.229496088,-12.300000
22.400929,-1.230811356,-12.325000
22.412730,-1.232640823,-12.350000
22.423269,-1.233596191,-12.375000
22.433829,-1.233783819,-12.400000
22.444476,-1.234920447,-12.425000
22.455123,-1.236018128,-12.450000
22.465731,-1.237412792,-12.475000
22.476433,-1.237294822,-12.500000
22.487098,-1.238123232,-12.525000
22.497773,-1.239290945,-12.550000
22.508511,-1.240349301,-12.575000
22.519142,-1.240630556,-12.600000
22.529821,-1.242409465,-12.625000
22.540546,-1.242221837,-12.650000
22.551221,-1.243506021,-12.675000
22.562263,-1.245608878,-12.700000
22.572946,-1.246810671,-12.725000
22.583472,-1.248115454,-12.750000
22.594068,-1.249371925,-12.775000
22.604675,-1.251427594,-12.800000
22.615261,-1.253750661,-12.825000
22.625934,-1.257163169,-12.850000
22.636666,-1.260099679,-12.875000
22.647357,-1.263318192,-12.900000
22.658019,-1.266760286,-12.925000
22.668668,-1.269399812,-12.950000
22.679358,-1.271525513,-12.975000
22.690079,-1.272413095,-13.000000
22.700752,-1.273867306,-13.025000
22.711433,-1.274153055,-13.050000
22.722162,-1.275660071,-13.075000
22.732825,-1.277609755,-13.100000
22.743359,-1.278647514,-13.125000
22.753932,-1.279210772,-13.150000
22.764573,-1.279579662,-13.175000
22.775161,-1.280533906,-13.200000
22.785872,-1.280887440,-13.225000
22.796567,-1.282313937,-13.250000
22.807236,-1.282705297,-13.275000
22.817968,-1.283626585,-13.300000
22.828617,-1.284665093,-13.325000
22.839287,-1.285449685,-13.350000
22.849778,-1.285690118,-13.375000
22.860304,-1.286223416,-13.400000
22.870850,-1.286990781,-13.425000
22.881345,-1.287180656,-13.450000
22.892324,-1.289037837,-13.475000
22.903024,-1.289241943,-13.500000
22.913555,-1.290861311,-13.525000
22.924175,-1.290950818,-13.550000
22.934641,-1.292042881,-13.575000
22.945159,-1.292002434,-13.600000
22.955820,-1.293060417,-13.625000
22.966426,-1.293956612,-13.650000
22.977056,-1.294679785,-13.675000
22.987708,-1.294730343,-13.700000
22.998407,-1.296017150,-13.725000
23.009059,-1.297569856,-13.750000
23.019711,-1.298013647,-13.775000
23.030376,-1.299198961,-13.800000
23.041038,-1.300228107,-13.825000
23.051969,-1.301799913,-13.850000
23.062777,-1.302900963,-13.875000
23.073306,-1.303952204,-13.900000
23.083831,-1.305380949,-13.925000
23.094353,-1.306091014,-13.950000
23.104903,-1.306825797,-13.975000
23.115569,-1.307871795,-14.000000
23.126169,-1.308548529,-14.025000
23.136795,-1.310317326,-14.050000
23.147417,-1.310881334,-14.075000
23.158112,-1.310930768,-14.100000
23.168819,-1.312340038,-14.125000
23.179556,-1.313259453,-14.150000
23.190232,-1.314120070,-14.175000
23.200923,-1.314183737,-14.200000
23.211834,-1.316081364,-14.225000
23.222701,-1.316353630,-14.250000
23.233321,-1.317150956,-14.275000
23.243840,-1.318067749,-14.300000
23.254364,-1.318773695,-14.325000
23.264915,-1.319596487,-14.350000
23.275482,-1.320185212,-14.375000
23.286159,-1.321255927,-14.400000
23.296808,-1.322256235,-14.425000
23.307478,-1.322745342,-14.450000
23.318116,-1.323784973,-14.475000
23.328829,-1.325163908,-14.500000
23.339422,-1.326541719,-14.525000
23.350075,-1.327862980,-14.550000
23.360777,-1.331247775,-14.575000
23.372326,-1.338879479,-14.600000
23.383095,-1.345151348,-14.625000
23.393676,-1.353120109,-14.650000
23.404356,-1.355803826,-14.675000
23.414921,-1.356345738,-14.700000
23.425538,-1.357346046,-14.725000
23.436195,-1.359779593,-14.750000
23.446872,-1.361113212,-14.775000
23.457573,-1.362542331,-14.800000
23.468321,-1.363056904,-14.825000
23.478963,-1.365285970,-14.850000
23.489648,-1.366139846,-14.875000
23.500326,-1.366700857,-14.900000
23.510966,-1.367795541,-14.925000
23.521830,-1.368890600,-14.950000
23.532602,-1.371826360,-14.975000
23.543157,-1.374252791,-15.000000
23.553733,-1.377239110,-15.025000
23.564378,-1.382754101,-15.050000
23.574998,-1.387691602,-15.075000
23.585784,-1.391403341,-15.100000
23.596375,-1.393617801,-15.125000
23.606990,-1.396005283,-15.150000
23.617692,-1.399692305,-15.175000
23.628441,-1.406692216,-15.200000
23.639143,-1.419529942,-15.225000
23.649848,-1.445387031,-15.250000
23.660548,-1.462249959,-15.275000
23.671214,-1.460802115,-15.300000
23.682398,-1.464505989,-15.325000
23.693054,-1.464208630,-15.350000
23.703645,-1.466274411,-15.375000
23.714170,-1.467830488,-15.400000
23.724768,-1.468558904,-15.425000
23.735397,-1.470416084,-15.450000
23.746037,-1.470396236,-15.475000
23.756708,-1.471721616,-15.500000
23.767403,-1.473443974,-15.525000
23.778065,-1.475516121,-15.550000
23.788741,-1.480044660,-15.575000
23.799453,-1.484845466,-15.600000
23.810133,-1.491297847,-15.625000
23.820838,-1.497039040,-15.650000
23.831819,-1.502837532,-15.675000
23.842450,-1.503824733,-15.700000
23.853173,-1.504990573,-15.725000
23.863757,-1.505475560,-15.750000
23.874315,-1.506965349,-15.775000
23.884922,-1.508078384,-15.800000
23.895540,-1.508669356,-15.825000
23.906152,-1.510301083,-15.850000
23.916742,-1.510831385,-15.875000
23.927486,-1.512120813,-15.900000
23.938237,-1.512726391,-15.925000
23.948834,-1.513619215,-15.950000
23.959475,-1.514733374,-15.975000
23.970070,-1.516175600,-16.000000
23.980604,-1.516186461,-16.025000
23.991190,-1.517409601,-16.050000
24.002236,-1.519169409,-16.075000
24.012971,-1.520262970,-16.100000
24.023517,-1.521221708,-16.125000
24.034096,-1.521352785,-16.150000
24.044681,-1.522708875,-16.175000
24.055290,-1.523521930,-16.200000
24.065929,-1.523834643,-16.225000
24.076657,-1.525179873,-16.250000
24.087254,-1.526429228,-16.275000
24.097889,-1.527696934,-16.300000
24.108629,-1.528632453,-16.325000
24.119308,-1.529861211,-16.350000
24.130014,-1.530884738,-16.375000
24.140989,-1.532286144,-16.400000
24.151852,-1.534724933,-16.425000
24.162802,-1.534732423,-16.450000
24.173337,-1.535511773,-16.475000
24.183854,-1.537399663,-16.500000
24.194381,-1.538099242,-16.525000
24.204961,-1.538783466,-16.550000
24.215551,-1.540226067,-16.575000
24.226345,-1.540522302,-16.600000
24.236918,-1.540930889,-16.625000
24.247588,-1.542392216,-16.650000
24.258285,-1.543207892,-16.675000
24.268992,-1.544284225,-16.700000
24.279694,-1.544650493,-16.725000
24.290404,-1.545830939,-16.750000
24.301115,-1.545819704,-16.775000
24.312435,-1.548262613,-16.800000
24.323138,-1.550020924,-16.825000
24.333664,-1.551609208,-16.850000
24.344301,-1.553882466,-16.875000
24.354868,-1.556726472,-16.900000
24.365455,-1.560799985,-16.925000
24.376155,-1.565107940,-16.950000
24.386825,-1.570522188,-16.975000
24.397524,-1.573126884,-17.000000
24.408203,-1.573731338,-17.025000
24.418848,-1.574212954,-17.050000
24.429554,-1.576140168,-17.075000
24.440211,-1.576753985,-17.100000
24.450922,-1.577246836,-17.125000
24.462034,-1.579453057,-17.150000
24.473020,-1.579908832,-17.175000
24.483438,-1.580281841,-17.200000
24.493993,-1.581685868,-17.225000
24.504545,-1.582289198,-17.250000
24.515131,-1.582440125,-17.275000
24.525778,-1.583455788,-17.300000
24.536453,-1.583855387,-17.325000
24.547093,-1.584602903,-17.350000
24.557778,-1.585208106,-17.375000
24.568490,-1.585771365,-17.400000
24.579278,-1.587267520,-17.425000
24.589911,-1.587260030,-17.450000
24.600722,-1.588469313,-17.475000
24.611511,-1.589720541,-17.500000
24.622747,-1.590726093,-17.525000
24.633526,-1.591256020,-17.550000
24.644178,-1.591514430,-17.575000
24.654800,-1.592999725,-17.600000
24.665470,-1.593844238,-17.625000
24.676177,-1.594195900,-17.650000
24.686742,-1.595499934,-17.675000
24.697406,-1.596607726,-17.700000
24.708154,-1.597144394,-17.725000
24.718859,-1.598154065,-17.750000
24.729490,-1.600669254,-17.775000
24.740325,-1.602726422,-17.800000
24.750937,-1.603111040,-17.825000
24.761962,-1.607367687,-17.850000
24.772960,-1.609399013,-17.875000
24.783614,-1.612484577,-17.900000
24.794273,-1.612517159,-17.925000
24.804752,-1.613512973,-17.950000
24.815267,-1.614022677,-17.975000
24.825929,-1.616246874,-18.000000
24.836662,-1.616543484,-18.025000
24.847270,-1.618529869,-18.050000
24.857862,-1.619819671,-18.075000
24.868558,-1.621860360,-18.100000
24.879215,-1.623510438,-18.125000
24.889868,-1.625918518,-18.150000
24.900583,-1.628949778,-18.175000
24.911284,-1.633267470,-18.200000
24.922418,-1.640867715,-18.225000
24.933018,-1.651910430,-18.250000
24.943567,-1.651659135,-18.275000
24.954106,-1.652707755,-18.300000
24.964593,-1.653652262,-18.325000
24.975131,-1.655457011,-18.350000
24.985785,-1.655655500,-18.375000
24.996433,-1.656990243,-18.400000
25.007041,-1.656957286,-18.425000
25.017707,-1.658764657,-18.450000
25.028398,-1.658551188,-18.475000
25.039040,-1.659128304,-18.500000
25.049802,-1.660038356,-18.525000
25.060382,-1.661039413,-18.550000
25.071031,-1.661303815,-18.575000
25.081970,-1.662697730,-18.600000
25.092808,-1.662953144,-18.625000
25.103366,-1.663829865,-18.650000
25.113906,-1.664724188,-18.675000
25.124514,-1.664867249,-18.700000
25.135136,-1.665924483,-18.725000
25.145809,-1.666544292,-18.750000
25.156524,-1.665765692,-18.775000
25.167184,-1.666966736,-18.800000
25.177793,-1.667448726,-18.825000
25.188534,-1.668419448,-18.850000
25.199275,-1.668397352,-18.875000
25.209940,-1.669345230,-18.900000
25.220690,-1.669791268,-18.925000
25.231468,-1.670556011,-18.950000
25.242270,-1.671837574,-18.975000
25.253006,-1.672443901,-19.000000
25.263599,-1.672848368,-19.025000
25.274159,-1.674144537,-19.050000
25.284775,-1.674202960,-19.075000
25.295409,-1.675275174,-19.100000
25.306106,-1.676773577,-19.125000
25.316657,-1.676828629,-19.150000
25.327374,-1.678215803,-19.175000
25.338039,-1.679674883,-19.200000
25.348691,-1.681284514,-19.225000
25.359398,-1.681812569,-19.250000
25.370113,-1.683238691,-19.275000
25.380786,-1.684943447,-19.300000
25.391726,-1.686609629,-19.325000
25.402391,-1.687501705,-19.350000
25.413187,-1.688927453,-19.375000
25.423655,-1.689502696,-19.400000
25.434093,-1.690378293,-19.425000
25.444779,-1.691419423,-19.450000
25.455415,-1.692795362,-19.475000
25.465989,-1.693040289,-19.500000
25.476656,-1.694373909,-19.525000
25.487285,-1.695011320,-19.550000
25.497966,-1.695941970,-19.575000
25.508711,-1.697505537,-19.600000
25.519384,-1.698466896,-19.625000
25.530038,-1.700235318,-19.650000
25.540744,-1.702205600,-19.675000
25.551436,-1.705672411,-19.700000
25.562304,-1.713244944,-19.725000
25.573041,-1.716988516,-19.750000
25.583552,-1.718860676,-19.775000
25.594118,-1.720932449,-19.800000
25.604728,-1.721761233,-19.825000
25.615318,-1.722637205,-19.850000
25.625975,-1.723669721,-19.875000
25.636708,-1.723930378,-19.900000
25.647334,-1.724551311,-19.925000
25.657985,-1.725842237,-19.950000
25.668715,-1.726147834,-19.975000
25.679466,-1.726371415,-20.000000
25.689979,-1.727086349,-20.000000
25.700591,-1.727957078,-19.975000
25.711289,-1.728567150,-19.950000
25.722270,-1.728602353,-19.925000
25.733043,-1.728992590,-19.900000
25.743645,-1.729293319,-19.875000
25.754106,-1.728552544,-19.850000
25.764771,-1.728758897,-19.825000
25.775298,-1.729379081,-19.800000
25.785974,-1.729042774,-19.775000
25.796624,-1.729303430,-19.750000
25.807231,-1.728874620,-19.725000
25.817857,-1.729469712,-19.700000
25.828575,-1.729043148,-19.675000
25.839225,-1.729327024,-19.650000
25.849855,-1.728851775,-19.625000
25.860608,-1.728972366,-19.600000
25.871280,-1.729286952,-19.575000
25.882198,-1.729292570,-19.550000
25.892915,-1.728752156,-19.525000
25.903504,-1.729283207,-19.500000
25.914137,-1.728661151,-19.475000
25.924675,-1.728209121,-19.450000
25.935214,-1.728703470,-19.425000
25.945857,-1.729502668,-19.400000
25.956609,-1.728416223,-19.375000
25.967152,-1.728866381,-19.350000
25.977759,-1.728919935,-19.325000
25.988465,-1.728849528,-19.300000
25.999088,-1.728987347,-19.275000
26.009707,-1.728390008,-19.250000
26.020407,-1.728252938,-19.225000
26.031060,-1.728985474,-19.200000
26.042294,-1.727885172,-19.175000
26.052975,-1.728291138,-19.150000
26.063490,-1.728036473,-19.125000
26.073989,-1.728168300,-19.100000
26.084530,-1.728213241,-19.075000
26.095060,-1.727516657,-19.050000
26.105702,-1.727797912,-19.025000
26.116379,-1.727646237,-19.000000
26.127119,-1.726980363,-18.975000
26.137658,-1.727729003,-18.950000
26.148309,-1.727187840,-18.925000
26.158996,-1.727425278,-18.900000
26.169663,-1.726903589,-18.875000
26.180315,-1.727369851,-18.850000
26.190966,-1.726647801,-18.825000
26.201899,-1.726942164,-18.800000
26.212762,-1.726848162,-18.775000
26.223388,-1.726553051,-18.750000
26.234001,-1.726322355,-18.725000
26.244567,-1.726393136,-18.700000
26.255116,-1.726511481,-18.675000
26.265777,-1.725804037,-18.650000
26.276540,-1.726236218,-18.625000
26.287161,-1.726172177,-18.600000
26.297814,-1.725310062,-18.575000
26.308598,-1.725508176,-18.550000
26.319245,-1.725602927,-18.525000
26.329875,-1.725787184,-18.500000
26.340775,-1.725341895,-18.475000
26.351557,-1.724980870,-18.450000
26.362326,-1.724955404,-18.425000
26.373067,-1.724173808,-18.400000
26.383646,-1.724717217,-18.375000
26.394138,-1.724688380,-18.350000
26.404627,-1.724175306,-18.325000
26.415198,-1.724095536,-18.300000
26.425799,-1.723593322,-18.275000
26.436543,-1.724152835,-18.250000
26.447226,-1.724121002,-18.225000
26.457978,-1.723720654,-18.200000
26.468685,-1.723518795,-18.175000
26.479286,-1.723117323,-18.150000
26.489991,-1.723263756,-18.125000
26.500658,-1.722760793,-18.100000
26.511415,-1.722519236,-18.075000
26.522276,-1.722399768,-18.050000
26.532964,-1.722342843,-18.025000
26.543540,-1.722254834,-18.000000
26.554069,-1.721982567,-17.975000
26.564653,-1.721845872,-17.950000
26.575330,-1.721174381,-17.925000
26.585916,-1.721502824,-17.900000
26.596653,-1.721117081,-17.875000
26.607327,-1.721162397,-17.850000
26.618017,-1.720614118,-17.825000
26.628740,-1.720457200,-17.800000
26.639687,-1.720188304,-17.775000
26.650320,-1.720197667,-17.750000
26.661002,-1.719287614,-17.725000
26.671885,-1.719219080,-17.700000
26.682706,-1.718838206,-17.675000
26.693392,-1.718597398,-17.650000
26.703985,-1.718856182,-17.625000
26.714655,-1.717882839,-17.600000
26.725213,-1.717958115,-17.575000
26.735954,-1.717557392,-17.550000
26.746747,-1.716976157,-17.525000
26.757504,-1.716100560,-17.500000
26.768094,-1.715461651,-17.475000
26.779090,-1.715196874,-17.450000
26.789925,-1.714719003,-17.425000
26.800830,-1.713227342,-17.400000
26.811455,-1.712977171,-17.375000
26.822451,-1.711987349,-17.350000
26.832972,-1.710699045,-17.325000
26.843528,-1.709786371,-17.300000
26.854266,-1.708382344,-17.275000
26.864989,-1.707137108,-17.250000
26.875580,-1.705790381,-17.225000
26.886242,-1.705644698,-17.200000
26.896833,-1.704300967,-17.175000
26.907793,-1.702626920,-17.150000
26.918408,-1.700776856,-17.125000
26.929083,-1.700317335,-17.100000
26.939785,-1.699317776,-17.075000
26.950511,-1.697526884,-17.050000
26.961217,-1.696828803,-17.025000
26.972351,-1.695373843,-17.000000
26.983392,-1.694313613,-16.975000
26.993977,-1.693930118,-16.950000
27.004626,-1.692764278,-16.925000
27.015204,-1.692250454,-16.900000
27.025836,-1.691601059,-16.875000
27.036436,-1.690780514,-16.850000
27.047034,-1.690076441,-16.825000
27.057730,-1.690207893,-16.800000
27.068484,-1.688883636,-16.775000
27.079214,-1.688824089,-16.750000
27.089896,-1.688448459,-16.725000
27.100639,-1.687457513,-16.700000
27.111354,-1.686266955,-16.675000
27.122113,-1.686537349,-16.650000
27.132896,-1.684565944,-16.625000
27.143469,-1.684318770,-16.600000
27.154001,-1.683589230,-16.575000
27.164557,-1.682421517,-16.550000
27.175056,-1.682359349,-16.525000
27.185670,-1.681099133,-16.500000
27.196386,-1.680587182,-16.475000
27.207094,-1.680396558,-16.450000
27.217681,-1.679763266,-16.425000
27.228412,-1.679369659,-16.400000
27.239093,-1.678590310,-16.375000
27.249796,-1.678016191,-16.350000
27.260552,-1.677041349,-16.325000
27.271167,-1.677095653,-16.300000
27.282067,-1.675899477,-16.275000
27.292938,-1.675845923,-16.250000
27.303500,-1.674331791,-16.225000
27.314119,-1.673956160,-16.200000
27.324720,-1.673510497,-16.175000
27.335333,-1.672697068,-16.150000
27.345952,-1.672195977,-16.125000
27.356657,-1.671916970,-16.100000
27.367313,-1.671410636,-16.075000
27.377960,-1.671581411,-16.050000
27.388701,-1.670593087,-16.025000
27.399397,-1.670568370,-16.000000
27.410091,-1.669848193,-15.975000
27.420762,-1.669476307,-15.950000
27.431702,-1.669004803,-15.925000
27.442412,-1.668352412,-15.900000
27.453109,-1.668399974,-15.875000
27.463641,-1.668024343,-15.850000
27.474400,-1.667033772,-15.825000
27.484952,-1.666682859,-15.800000
27.495579,-1.666655520,-15.775000
27.506205,-1.665691914,-15.750000
27.516880,-1.665764568,-15.725000
27.527542,-1.665580685,-15.700000
27.538179,-1.665135771,-15.675000
27.548896,-1.664786356,-15.650000
27.559601,-1.664336198,-15.625000
27.570249,-1.663729122,-15.600000
27.580935,-1.663641862,-15.575000
27.592001,-1.663221291,-15.550000
27.602902,-1.662150950,-15.525000
27.613471,-1.661469721,-15.500000
27.624003,-1.661232658,-15.475000
27.634521,-1.661037166,-15.450000
27.645073,-1.660389269,-15.425000
27.655710,-1.659957462,-15.400000
27.666367,-1.659982554,-15.375000
27.676951,-1.658738442,-15.350000
27.687580,-1.659398323,-15.325000
27.698250,-1.658434716,-15.300000
27.708905,-1.658157207,-15.275000
27.719577,-1.657718285,-15.250000
27.730266,-1.657496576,-15.225000
27.740940,-1.656684645,-15.200000
27.751912,-1.655552136,-15.175000
27.762720,-1.655241670,-15.150000
27.773296,-1.655387727,-15.125000
27.783828,-1.655315073,-15.100000
27.794356,-1.654366447,-15.075000
27.804943,-1.653684095,-15.050000
27.815784,-1.653928273,-15.025000
27.826434,-1.653241802,-15.000000
27.837103,-1.653108852,-14.975000
27.847659,-1.652430994,-14.950000
27.858155,-1.652037387,-14.925000
27.868635,-1.651249799,-14.900000
27.879157,-1.651249799,-14.875000
27.889761,-1.650706764,-14.850000
27.900468,-1.650874543,-14.825000
27.911159,-1.650294432,-14.800000
27.922032,-1.650102310,-14.775000
27.932474,-1.649076909,-14.750000
27.943035,-1.648529755,-14.725000
27.953524,-1.648138020,-14.700000
27.964087,-1.648262731,-14.675000
27.974763,-1.647100261,-14.650000
27.985392,-1.646775189,-14.625000
27.996056,-1.646327279,-14.600000
28.006748,-1.645954270,-14.575000
28.017400,-1.644925873,-14.550000
28.028055,-1.644370480,-14.525000
28.038741,-1.643686630,-14.500000
28.049411,-1.642466860,-14.475000
28.060146,-1.641334351,-14.450000
28.070803,-1.639404891,-14.425000
28.081677,-1.634248304,-14.400000
28.092644,-1.629884173,-14.375000
28.103241,-1.626433840,-14.350000
28.113831,-1.622533349,-14.325000
28.124414,-1.620419257,-14.300000
28.134978,-1.618053122,-14.275000
28.145666,-1.617848641,-14.250000
28.156267,-1.616251368,-14.225000
28.166880,-1.615226343,-14.200000
28.177564,-1.614333143,-14.175000
28.188269,-1.613429832,-14.150000
28.198952,-1.612657973,-14.125000
28.209611,-1.612283466,-14.100000
28.220345,-1.610800419,-14.075000
28.230979,-1.610391457,-14.050000
28.242138,-1.607978134,-14.025000
28.253056,-1.605958417,-14.000000
28.263651,-1.606328805,-13.975000
28.274231,-1.605027393,-13.950000
28.284882,-1.603588162,-13.925000
28.295472,-1.602817052,-13.900000
28.306119,-1.601930220,-13.875000
28.316724,-1.600844149,-13.850000
28.327367,-1.599973046,-13.825000
28.338025,-1.599015057,-13.800000
28.348734,-1.598122607,-13.775000
28.359404,-1.597242515,-13.750000
28.370083,-1.595820886,-13.725000
28.380810,-1.595723140,-13.700000
28.391497,-1.595077490,-13.675000
28.402313,-1.593854350,-13.650000
28.413052,-1.592915461,-13.625000
28.423648,-1.591746999,-13.600000
28.434255,-1.591436533,-13.575000
28.444882,-1.591075882,-13.550000
28.455501,-1.589774096,-13.525000
28.466121,-1.589959477,-13.500000
28.476766,-1.588844195,-13.475000
28.487405,-1.587851751,-13.450000
28.498099,-1.588488039,-13.425000
28.508749,-1.587457395,-13.400000
28.519426,-1.587228572,-13.375000
28.530049,-1.586041759,-13.350000
28.540735,-1.584918987,-13.325000
28.551421,-1.585088264,-13.300000
28.562328,-1.583535932,-13.275000
28.573020,-1.582832983,-13.250000
28.583571,-1.582952825,-13.225000
28.594108,-1.581717326,-13.200000
28.604851,-1.580611032,-13.175000
28.615454,-1.580082603,-13.150000
28.626089,-1.580153385,-13.125000
28.636740,-1.579753786,-13.100000
28.647435,-1.579022374,-13.075000
28.658095,-1.578049030,-13.050000
28.668815,-1.578106704,-13.025000
28.679502,-1.577549063,-13.000000
28.690154,-1.576338282,-12.975000
28.700818,-1.577251330,-12.950000
28.711916,-1.575764912,-12.925000
28.722734,-1.575701994,-12.900000
28.733328,-1.575009905,-12.875000
28.743865,-1.574577350,-12.850000
28.754325,-1.574080379,-12.825000
28.764966,-1.573388290,-12.800000
28.775610,-1.573336982,-12.775000
28.786167,-1.573059473,-12.750000
28.796836,-1.571312772,-12.725000
28.807468,-1.571177575,-12.700000
28.818125,-1.570658134,-12.675000
28.828820,-1.570751760,-12.650000
28.839471,-1.569237629,-12.625000
28.850149,-1.568408844,-12.600000
28.860814,-1.567611519,-12.575000
28.871528,-1.566599976,-12.550000
28.882254,-1.563448873,-12.525000
28.892998,-1.560563671,-12.500000
28.903553,-1.559313941,-12.475000
28.914200,-1.557066150,-12.450000
28.924695,-1.554460330,-12.425000
28.935406,-1.552739845,-12.400000
28.946045,-1.550103690,-12.375000
28.956623,-1.548567462,-12.350000
28.967174,-1.547223731,-12.325000
28.977745,-1.545898351,-12.300000
28.988492,-1.545258318,-12.275000
28.999174,-1.544310066,-12.250000
29.009821,-1.543537084,-12.225000
29.020499,-1.543103779,-12.200000
29.031175,-1.541597886,-12.175000
29.042375,-1.540845127,-12.150000
29.053138,-1.539788268,-12.125000
29.063717,-1.540027578,-12.100000
29.074305,-1.539077829,-12.075000
29.084888,-1.538686094,-12.050000
29.095466,-1.537813867,-12.025000
29.106095,-1.536766746,-12.000000
29.116729,-1.536519946,-11.975000
29.127398,-1.535932344,-11.950000
29.138263,-1.535895642,-11.925000
29.148957,-1.533845591,-11.900000
29.159655,-1.532842661,-11.875000
29.170308,-1.532059192,-11.850000
29.180963,-1.531705658,-11.825000
29.192187,-1.530012886,-11.800000
29.202890,-1.528526093,-11.775000
29.213422,-1.528959772,-11.750000
29.223918,-1.528605114,-11.725000
29.234411,-1.526804110,-11.700000
29.244943,-1.527487585,-11.675000
29.255474,-1.525782829,-11.650000
29.266109,-1.525048795,-11.625000
29.276818,-1.524490405,-11.600000
29.287462,-1.524886259,-11.575000
29.298112,-1.523770977,-11.550000
29.308819,-1.523048553,-11.525000
29.319471,-1.522638843,-11.500000
29.330161,-1.521688344,-11.475000
29.340859,-1.520339744,-11.450000
29.351783,-1.519665257,-11.425000
29.362571,-1.518962682,-11.400000
29.373166,-1.518623004,-11.375000
29.383789,-1.517699844,-11.350000
29.394325,-1.517306986,-11.325000
29.404853,-1.516513406,-11.300000
29.415520,-1.516509661,-11.275000
29.426023,-1.515240082,-11.250000
29.436714,-1.513857402,-11.225000
29.447399,-1.513023375,-11.200000
29.458030,-1.513310996,-11.175000
29.468677,-1.511949663,-11.150000
29.479306,-1.511253080,-11.125000
29.489966,-1.510483468,-11.100000
29.500656,-1.509370433,-11.075000
29.511316,-1.508091866,-11.050000
29.522294,-1.508417313,-11.025000
29.533055,-1.506597208,-11.000000
29.543585,-1.505519003,-10.975000
29.554070,-1.505809620,-10.950000
29.564601,-1.504919417,-10.925000
29.575132,-1.503633734,-10.900000
29.585670,-1.503229267,-10.875000
29.596258,-1.501874300,-10.850000
29.606877,-1.501712513,-10.825000
29.617520,-1.501860444,-10.800000
29.628238,-1.501423394,-10.775000
29.638877,-1.500307363,-10.750000
29.649534,-1.499272975,-10.725000
29.660268,-1.498459545,-10.700000
29.670898,-1.497412049,-10.675000
29.681865,-1.496794487,-10.650000
29.693013,-1.495680329,-10.625000
29.703544,-1.495062392,-10.600000
29.714054,-1.494417865,-10.575000
29.724633,-1.494007406,-10.550000
29.735230,-1.491795193,-10.525000
29.745993,-1.490451087,-10.500000
29.756640,-1.489779970,-10.475000
29.767231,-1.487849012,-10.450000
29.777883,-1.485406103,-10.425000
29.788548,-1.482810769,-10.400000
29.799212,-1.479758162,-10.375000
29.809947,-1.476379360,-10.350000
29.820655,-1.473213652,-10.325000
29.831306,-1.470550907,-10.300000
29.842591,-1.467949956,-10.275000
29.853156,-1.467799778,-10.250000
29.863680,-1.466932795,-10.225000
29.874203,-1.466075923,-10.200000
29.884745,-1.465121304,-10.175000
29.895308,-1.464250950,-10.150000
29.905939,-1.463561108,-10.125000
29.916662,-1.462838684,-10.100000
29.927322,-1.462484026,-10.075000
29.937935,-1.461044795,-10.050000
29.948654,-1.460584151,-10.025000
29.959318,-1.460501011,-10.000000
29.969978,-1.459006728,-9.975000
29.980760,-1.458182063,-9.950000
29.991449,-1.457173516,-9.925000
30.002403,-1.456450343,-9.900000
30.013147,-1.454766934,-9.875000
30.023667,-1.453556153,-9.850000
30.034204,-1.453700338,-9.825000
30.044725,-1.452834103,-9.800000
30.055330,-1.452169728,-9.775000
30.065996,-1.451887349,-9.750000
30.076675,-1.451106877,-9.725000
30.087370,-1.450510661,-9.700000
30.098073,-1.450028296,-9.675000
30.108767,-1.449166930,-9.650000
30.119472,-1.448321668,-9.625000
30.130143,-1.447713843,-9.600000
30.140809,-1.446506807,-9.575000
30.151883,-1.445191913,-9.550000
30.162826,-1.444423424,-9.525000
30.173425,-1.443647446,-9.500000
30.184018,-1.443448208,-9.475000
30.194626,-1.441892880,-9.450000
30.205249,-1.441150982,-9.425000
30.215903,-1.441376810,-9.400000
30.226575,-1.440422940,-9.375000
30.237164,-1.439014419,-9.350000
30.247857,-1.438439176,-9.325000
30.258545,-1.437184203,-9.300000
30.269261,-1.436980097,-9.275000
30.279945,-1.435867811,-9.250000
30.290645,-1.435844217,-9.225000
30.301298,-1.435258114,-9.200000
30.312508,-1.432708095,-9.175000
30.323254,-1.431571466,-9.150000
30.333775,-1.430709351,-9.125000
30.344392,-1.429335285,-9.100000
30.354976,-1.428911718,-9.075000
30.365610,-1.428070575,-9.050000
30.376249,-1.427431291,-9.025000
30.386895,-1.426993118,-9.000000
30.397558,-1.426284925,-8.975000
30.408262,-1.425532166,-8.950000
30.418933,-1.425099611,-8.925000
30.429608,-1.423239434,-8.900000
30.440322,-1.422303167,-8.875000
30.450995,-1.421793462,-8.850000
30.461845,-1.418362229,-8.825000
30.472755,-1.415981488,-8.800000
30.483350,-1.412033435,-8.775000
30.493935,-1.406606079,-8.750000
30.504630,-1.399162377,-8.725000
30.515191,-1.392253846,-8.700000
30.525797,-1.388635734,-8.675000
30.536473,-1.387634302,-8.650000
30.547152,-1.386101819,-8.625000
30.557847,-1.381529837,-8.600000
30.568588,-1.377839445,-8.575000
30.579345,-1.374937765,-8.550000
30.589941,-1.372731544,-8.525000
30.600672,-1.371044764,-8.500000
30.611372,-1.368469279,-8.475000
30.622221,-1.366306127,-8.450000
30.632950,-1.363143789,-8.425000
30.643545,-1.361694822,-8.400000
30.654137,-1.360145486,-8.375000
30.664816,-1.358727977,-8.350000
30.675480,-1.357528056,-8.325000
30.686145,-1.357027715,-8.300000
30.696814,-1.356608642,-8.275000
30.707509,-1.355679490,-8.250000
30.718148,-1.353942526,-8.225000
30.728833,-1.353659024,-8.200000
30.739565,-1.352758335,-8.175000
30.750250,-1.351525083,-8.150000
30.760956,-1.350395196,-8.125000
30.771886,-1.349566412,-8.100000
30.782685,-1.348084487,-8.075000
30.793278,-1.348067634,-8.050000
30.803864,-1.346672596,-8.025000
30.814417,-1.345043865,-8.000000
30.824982,-1.344390350,-7.975000
30.835623,-1.342107730,-7.950000
30.846263,-1.340306351,-7.925000
30.856929,-1.337936096,-7.900000
30.867566,-1.334956143,-7.875000
30.878202,-1.330793872,-7.850000
30.888876,-1.325740274,-7.825000
30.899526,-1.321496735,-7.800000
30.910311,-1.319470652,-7.775000
30.920981,-1.318435140,-7.750000
30.931902,-1.316086981,-7.725000
30.942675,-1.315099781,-7.700000
30.953277,-1.314671719,-7.675000
30.963858,-1.312995800,-7.650000
30.974487,-1.313070702,-7.625000
30.985024,-1.311831458,-7.600000
30.995672,-1.310864106,-7.575000
31.006351,-1.309739836,-7.550000
31.016998,-1.308850007,-7.525000
31.027677,-1.308512951,-7.500000
31.038374,-1.307513017,-7.475000
31.049065,-1.306715692,-7.450000
31.059761,-1.305974542,-7.425000
31.070450,-1.305110929,-7.400000
31.081114,-1.304056692,-7.375000
31.092278,-1.302135471,-7.350000
31.103013,-1.301938855,-7.325000
31.113605,-1.300559545,-7.300000
31.124199,-1.298716222,-7.275000
31.134747,-1.298279547,-7.250000
31.145408,-1.297202839,-7.225000
31.156075,-1.295829147,-7.200000
31.166749,-1.295305961,-7.175000
31.177410,-1.293661500,-7.150000
31.188065,-1.292491540,-7.125000
31.198821,-1.291126088,-7.100000
31.209496,-1.289616075,-7.075000
31.220240,-1.288816503,-7.050000
31.230915,-1.287192640,-7.025000
31.241817,-1.285734310,-7.000000
31.252600,-1.284891669,-6.975000
31.263194,-1.283776387,-6.950000
31.273792,-1.282652866,-6.925000
31.284438,-1.282141290,-6.900000
31.295015,-1.281158958,-6.875000
31.305686,-1.280030943,-6.850000
31.316380,-1.279769537,-6.825000
31.327048,-1.279529103,-6.800000
31.337694,-1.277454334,-6.775000
31.348428,-1.277369696,-6.750000
31.359049,-1.277025524,-6.725000
31.369751,-1.276313586,-6.700000
31.380520,-1.276332686,-6.675000
31.391116,-1.274895702,-6.650000
31.402020,-1.273499165,-6.625000
31.412842,-1.272579751,-6.600000
31.423407,-1.272548667,-6.575000
31.433984,-1.271148759,-6.550000
31.444628,-1.270832301,-6.525000
31.455305,-1.269920376,-6.500000
31.465819,-1.268660909,-6.475000
31.476520,-1.267802165,-6.450000
31.487228,-1.266821331,-6.425000
31.497940,-1.265919518,-6.400000
31.508630,-1.264684394,-6.375000
31.519327,-1.262731339,-6.350000
31.530020,-1.260358837,-6.325000
31.540734,-1.257675869,-6.300000
31.551503,-1.254899274,-6.275000
31.562419,-1.245466940,-6.250000
31.573143,-1.241969793,-6.225000
31.583726,-1.239774433,-6.200000
31.594319,-1.237579447,-6.175000
31.604932,-1.235749232,-6.150000
31.615591,-1.233590948,-6.125000
31.626184,-1.232291783,-6.100000
31.636859,-1.231504569,-6.075000
31.647560,-1.229453019,-6.050000
31.658217,-1.226609013,-6.025000
31.668950,-1.225555899,-6.000000
31.679943,-1.225470886,-5.975000
31.690550,-1.223690105,-5.950000
31.701290,-1.222240763,-5.925000
31.712394,-1.220989161,-5.900000
31.723173,-1.219785495,-5.875000
31.733751,-1.219493379,-5.850000
31.744353,-1.219331592,-5.825000
31.754930,-1.217205142,-5.800000
31.765649,-1.216884189,-5.775000
31.776227,-1.216021325,-5.750000
31.786858,-1.215679400,-5.725000
31.797484,-1.214628159,-5.700000
31.808184,-1.213021524,-5.675000
31.818876,-1.212667614,-5.650000
31.829547,-1.212482233,-5.625000
31.840294,-1.211918600,-5.600000
31.850922,-1.209940080,-5.575000
31.861900,-1.209379817,-5.550000
31.872765,-1.208589233,-5.525000
31.883268,-1.207638734,-5.500000
31.893989,-1.206671382,-5.475000
31.904445,-1.206920804,-5.450000
31.915206,-1.205077855,-5.425000
31.925761,-1.203874189,-5.400000
31.936702,-1.203901903,-5.375000
31.947273,-1.202756286,-5.350000
31.957994,-1.201997535,-5.325000
31.968996,-1.201009960,-5.300000
31.979690,-1.199254645,-5.275000
31.990250,-1.197629659,-5.250000
32.000942,-1.196516250,-5.225000
32.012499,-1.194861678,-5.200000
32.023199,-1.193852381,-5.175000
32.033787,-1.193598466,-5.150000
32.044287,-1.191628559,-5.125000
32.054867,-1.189238080,-5.100000
32.065523,-1.186289212,-5.075000
32.076360,-1.182051665,-5.050000
32.087040,-1.177041884,-5.025000
32.097722,-1.173751091,-5.000000
32.108356,-1.170738556,-4.975000
32.119165,-1.168328604,-4.950000
32.129792,-1.167239163,-4.925000
32.140468,-1.165047922,-4.900000
32.151103,-1.163222575,-4.875000
32.161924,-1.159418333,-4.850000
32.172333,-1.154890543,-4.825000
32.183211,-1.149732832,-4.800000
32.193776,-1.146485107,-4.775000
32.204374,-1.143453472,-4.750000
32.214908,-1.139120052,-4.725000
32.225471,-1.137438141,-4.700000
32.236178,-1.136059206,-4.675000
32.246777,-1.135478345,-4.650000
32.257447,-1.133815909,-4.625000
32.268161,-1.133048169,-4.600000
32.278814,-1.131984195,-4.575000
32.289516,-1.130010917,-4.550000
32.300262,-1.129170523,-4.525000
32.310914,-1.128078835,-4.500000
32.321754,-1.126114921,-4.475000
32.332653,-1.123082163,-4.450000
32.343156,-1.121656789,-4.425000
32.353723,-1.120431402,-4.400000
32.364250,-1.117906476,-4.375000
32.374755,-1.114405584,-4.350000
32.385343,-1.109192071,-4.325000
32.396027,-1.099831268,-4.300000
32.406645,-1.093815187,-4.275000
32.417237,-1.092662455,-4.250000
32.427848,-1.092654216,-4.225000
32.438468,-1.091463283,-4.200000
32.449174,-1.090218796,-4.175000
32.459845,-1.089085164,-4.150000
32.470495,-1.087409994,-4.125000
32.481229,-1.086981558,-4.100000
32.492163,-1.084555127,-4.075000
32.503812,-1.083711737,-4.050000
32.514320,-1.081703630,-4.025000
32.524905,-1.079986141,-4.000000
32.535515,-1.077382193,-3.975000
32.546193,-1.072801973,-3.950000
32.556834,-1.069611922,-3.925000
32.567521,-1.068768532,-3.900000
32.578134,-1.067458881,-3.875000
32.588866,-1.065614808,-3.850000
32.599564,-1.062628115,-3.825000
32.610253,-1.061413963,-3.800000
32.620986,-1.059897209,-3.775000
32.632276,-1.057870003,-3.750000
32.643090,-1.056560726,-3.725000
32.653627,-1.055505365,-3.700000
32.664182,-1.054965701,-3.675000
32.674743,-1.053734696,-3.650000
32.685321,-1.053112640,-3.625000
32.696006,-1.051546826,-3.600000
32.706790,-1.049519994,-3.575000
32.717417,-1.049120021,-3.550000
32.728090,-1.048988943,-3.525000
32.738837,-1.048097616,-3.500000
32.749503,-1.046630298,-3.475000
32.760237,-1.045631488,-3.450000
32.770891,-1.044843899,-3.425000
32.782042,-1.042371778,-3.400000
32.792872,-1.041283087,-3.375000
32.803433,-1.038795985,-3.350000
32.814155,-1.035229555,-3.325000
32.824707,-1.030472192,-3.300000
32.835352,-1.023633694,-3.275000
32.845916,-1.017986502,-3.250000
32.856441,-1.014994940,-3.225000
32.866940,-1.014733160,-3.200000
32.877482,-1.014358278,-3.175000
32.888057,-1.013739593,-3.150000
32.898717,-1.012284258,-3.125000
32.909352,-1.010666388,-3.100000
32.919981,-1.011059246,-3.075000
32.930580,-1.009298688,-3.050000
32.941132,-1.008636934,-3.025000
32.952037,-1.005375353,-3.000000
32.962666,-1.004180675,-2.975000
32.973144,-1.002097293,-2.950000
32.983723,-1.001560999,-2.925000
32.994272,-0.999189246,-2.900000
33.004909,-0.998102801,-2.875000
33.015509,-0.997024595,-2.850000
33.026137,-0.995138203,-2.825000
33.036834,-0.993346187,-2.800000
33.047527,-0.990475216,-2.775000
33.058159,-0.988921386,-2.750000
33.068833,-0.987799363,-2.725000
33.079524,-0.985073701,-2.700000
33.090191,-0.982269767,-2.675000
33.100840,-0.979660202,-2.650000
33.111587,-0.978141951,-2.625000
33.122263,-0.974380027,-2.600000
33.132991,-0.972858031,-2.575000
33.143544,-0.970567920,-2.550000
33.154129,-0.968281930,-2.525000
33.164620,-0.965234940,-2.500000
33.175208,-0.961929916,-2.475000
33.185893,-0.956960208,-2.450000
33.196568,-0.950658003,-2.425000
33.207277,-0.946659017,-2.400000
33.217959,-0.943982041,-2.375000
33.228634,-0.943166365,-2.350000
33.239329,-0.941962325,-2.325000
33.250021,-0.940417109,-2.300000
33.260740,-0.939173371,-2.275000
33.271428,-0.937655119,-2.250000
33.282378,-0.934565062,-2.225000
33.293121,-0.932454715,-2.200000
33.303689,-0.929445551,-2.175000
33.314217,-0.926526643,-2.150000
33.324755,-0.924180356,-2.125000
33.335278,-0.919919590,-2.100000
33.345929,-0.914346925,-2.075000
33.356674,-0.909860706,-2.050000
33.367286,-0.910056573,-2.025000
33.377973,-0.909370476,-2.000000
33.388664,-0.908593374,-1.975000
33.399352,-0.907505805,-1.950000
33.410000,-0.905610425,-1.925000
33.420825,-0.903357391,-1.900000
33.431724,-0.901482983,-1.875000
33.442448,-0.898934838,-1.850000
33.453234,-0.896214419,-1.825000
33.463775,-0.892697798,-1.800000
33.474339,-0.888064022,-1.775000
33.484967,-0.877749350,-1.750000
33.495590,-0.867587476,-1.725000
33.506163,-0.865497727,-1.700000
33.516856,-0.865604087,-1.675000
33.527483,-0.864629245,-1.650000
33.538209,-0.863244692,-1.625000
33.548897,-0.862740606,-1.600000
33.559531,-0.862391940,-1.575000
33.570120,-0.860078235,-1.550000
33.580755,-0.856480721,-1.525000
33.591403,-0.853677161,-1.500000
33.602489,-0.843681569,-1.475000
33.613189,-0.835949122,-1.450000
33.623722,-0.827669146,-1.425000
33.634240,-0.828404678,-1.400000
33.644775,-0.828132411,-1.375000
33.655420,-0.827398752,-1.350000
33.666137,-0.826923503,-1.325000
33.676764,-0.826029180,-1.300000
33.687411,-0.824897045,-1.275000
33.698094,-0.822632776,-1.250000
33.708759,-0.822306580,-1.225000
33.719452,-0.821080444,-1.200000
33.730106,-0.819504144,-1.175000
33.740808,-0.817728981,-1.150000
33.751507,-0.813786171,-1.125000
33.762344,-0.794535386,-1.100000
33.773136,-0.786504457,-1.075000
33.783670,-0.786520186,-1.050000
33.794245,-0.785772296,-1.025000
33.804849,-0.785852066,-1.000000
33.815460,-0.785401908,-0.975000
33.826123,-0.785215404,-0.950000
33.836827,-0.782015007,-0.925000
33.847510,-0.780973784,-0.900000
33.858214,-0.779446545,-0.875000
33.868861,-0.777460768,-0.850000
33.879550,-0.776137869,-0.825000
33.890240,-0.774366169,-0.800000
33.900976,-0.771267077,-0.775000
33.911982,-0.762419021,-0.750000
33.922712,-0.756368532,-0.725000
33.933269,-0.753409318,-0.700000
33.943825,-0.752302416,-0.675000
33.954421,-0.751379911,-0.650000
33.964975,-0.749425218,-0.625000
33.975580,-0.746238210,-0.600000
33.986077,-0.743044555,-0.575000
33.996751,-0.738923433,-0.550000
34.007420,-0.732263340,-0.525000
34.018046,-0.720642855,-0.500000
34.028680,-0.708904962,-0.475000
34.039328,-0.698046833,-0.450000
34.049977,-0.691512996,-0.425000
34.060705,-0.686974299,-0.400000
34.071456,-0.687421414,-0.375000
34.082420,-0.685165617,-0.350000
34.093221,-0.683541989,-0.325000
34.103759,-0.683024233,-0.300000
34.114336,-0.681542543,-0.275000
34.124880,-0.679472408,-0.250000
34.135461,-0.677058336,-0.225000
34.146132,-0.675170914,-0.200000
34.156804,-0.674617252,-0.175000
34.167444,-0.672279111,-0.150000
34.178136,-0.670066009,-0.125000
34.188830,-0.665672105,-0.100000
34.199511,-0.661265328,-0.075000
34.210181,-0.654084109,-0.050000
34.220877,-0.644859064,-0.025000
34.231817,-0.643031657,0.000000
