time_s,odrive_pos_rad,output_pos_rad,diff_rad
3.728245,60.468756,2.640748,57.828008
3.742346,60.469157,2.641131,57.828026
3.746068,60.468953,2.641131,57.827822
3.749258,60.468995,2.641515,57.827480
3.752008,60.469229,2.640748,57.828481
3.754778,60.469948,2.640748,57.829200
3.758196,60.470014,2.641131,57.828883
3.760978,60.470302,2.640748,57.829554
3.764289,60.471638,2.640748,57.830890
3.769057,60.473495,2.640748,57.832748
3.770205,60.475359,2.640748,57.834611
3.773843,60.478355,2.640364,57.837991
3.777318,60.485582,2.640364,57.845217
3.780650,60.490165,2.639597,57.850568
3.784079,60.496583,2.638830,57.857753
3.788274,60.508579,2.638063,57.870516
3.789778,60.515548,2.637680,57.877868
3.793647,60.522691,2.637296,57.885394
3.798321,60.538893,2.636913,57.901980
3.799994,60.545509,2.635762,57.909746
3.803766,60.558284,2.634995,57.923288
3.808314,60.578010,2.633845,57.944165
3.809783,60.589826,2.632311,57.957515
3.813631,60.604585,2.631544,57.973041
3.818369,60.630417,2.630394,58.000023
3.820284,60.641329,2.628476,58.012852
3.824044,60.665956,2.626942,58.039014
3.828206,60.688618,2.625792,58.062827
3.829672,60.697169,2.624258,58.072911
3.833467,60.715703,2.623874,58.091828
3.836407,60.730653,2.622340,58.108313
3.839597,60.748156,2.620806,58.127350
3.842308,60.767133,2.618505,58.148628
3.845446,60.789232,2.617738,58.171494
3.848544,60.810480,2.616588,58.193892
3.851509,60.828001,2.615054,58.212947
3.854800,60.849351,2.613136,58.236214
3.857912,60.870377,2.611986,58.258391
3.860909,60.891919,2.610835,58.281083
3.864487,60.916295,2.609301,58.306993
3.868751,60.945908,2.607000,58.338907
3.869835,60.961859,2.605466,58.356392
3.873626,60.988026,2.603932,58.384094
3.878401,61.013223,2.602398,58.410825
3.879899,61.039343,2.599714,58.439629
3.882635,61.060884,2.598180,58.462704
3.885845,61.082618,2.597029,58.485588
3.889169,61.105747,2.595495,58.510252
3.891872,61.125587,2.594345,58.531242
3.894791,61.147926,2.591661,58.556265
3.897966,61.174297,2.590510,58.583787
3.900797,61.197462,2.587826,58.609637
3.904311,61.228795,2.585908,58.642887
3.907289,61.267217,2.583607,58.683609
3.910216,61.286110,2.582073,58.704037
3.913995,61.318263,2.580923,58.737341
3.918360,61.347589,2.577855,58.769734
3.920353,61.363887,2.577088,58.786800
3.923810,61.386807,2.574787,58.812020
3.928371,61.420920,2.573253,58.847668
3.929752,61.436584,2.570952,58.865632
3.933178,61.466323,2.569418,58.896905
3.936439,61.495121,2.566350,58.928771
3.939264,61.523266,2.564432,58.958833
3.942185,61.548600,2.562898,58.985702
3.945233,61.574438,2.561364,59.013074
3.948467,61.597118,2.559447,59.037671
3.951065,61.619103,2.557529,59.061574
3.954756,61.646242,2.555995,59.090246
3.957722,61.676795,2.554845,59.121950
3.960710,61.699793,2.551777,59.148016
3.964341,61.734643,2.549860,59.184784
3.968831,61.767971,2.548326,59.219646
3.970280,61.787248,2.546025,59.241223
3.973700,61.812834,2.544107,59.268727
3.976570,61.834640,2.542573,59.292067
3.979841,61.857703,2.541423,59.316281
3.982511,61.876794,2.539505,59.337289
3.985479,61.899049,2.538355,59.360694
3.988598,61.925690,2.536437,59.389253
3.991393,61.949880,2.534136,59.415744
3.994782,61.982225,2.531835,59.450390
3.998226,62.011257,2.529918,59.481339
4.000899,62.038186,2.527233,59.510952
4.004223,62.065030,2.525699,59.539331
4.007464,62.096040,2.523782,59.572258
4.010382,62.113327,2.521481,59.591846
4.013743,62.137565,2.519947,59.617618
4.018266,62.170156,2.518796,59.651360
4.019773,62.183674,2.516879,59.666795
4.022943,62.207888,2.515345,59.692543
4.025889,62.231665,2.513044,59.718621
4.029225,62.257180,2.511127,59.746053
4.031886,62.279015,2.509209,59.769806
4.035071,62.301132,2.508059,59.793073
4.038433,62.324213,2.506525,59.817689
4.041315,62.349087,2.504224,59.844863
4.044302,62.370568,2.502306,59.868262
4.047402,62.398456,2.501156,59.897300
4.050211,62.411806,2.500389,59.911417
4.053195,62.433198,2.498471,59.934727
4.056143,62.455393,2.497321,59.958072
4.059623,62.478774,2.494636,59.984138
4.062258,62.500891,2.492719,60.008172
4.065143,62.522948,2.490801,60.032146
4.068567,62.544669,2.490801,60.053868
4.070929,62.566061,2.488500,60.077561
4.074375,62.592456,2.486199,60.106257
4.077559,62.619708,2.484282,60.135426
4.080503,62.633298,2.483515,60.149784
4.083971,62.652881,2.481981,60.170900
4.088206,62.675243,2.480830,60.194413
4.090038,62.684010,2.479296,60.204713
4.093788,62.707061,2.477762,60.229299
4.098384,62.736495,2.476612,60.259883
4.099683,62.751427,2.475461,60.275965
4.103551,62.776528,2.472394,60.304134
4.108193,62.812481,2.471627,60.340854
4.109789,62.824405,2.469709,60.354696
4.113047,62.845857,2.467792,60.378065
4.116351,62.864216,2.467025,60.397192
4.119579,62.880066,2.466641,60.413425
4.122508,62.894866,2.465107,60.429759
4.125408,62.905940,2.464340,60.441599
4.129788,62.923610,2.463190,60.460421
4.131609,62.934330,2.461656,60.472675
4.134822,62.951138,2.460889,60.490249
4.137889,62.970972,2.459355,60.511617
4.140785,62.987205,2.457054,60.530151
4.144045,63.011473,2.455903,60.555569
4.148487,63.042811,2.453986,60.588826
4.150368,63.056857,2.452835,60.604022
4.153789,63.076463,2.452068,60.624395
4.158219,63.096728,2.450918,60.645811
4.159733,63.101558,2.449767,60.651791
4.163274,63.113440,2.449000,60.664440
4.166353,63.123861,2.447850,60.676011
4.169534,63.134718,2.447466,60.687252
4.172565,63.146427,2.446699,60.699728
4.175569,63.155871,2.445549,60.710322
4.179219,63.171702,2.444782,60.726920
4.181678,63.181499,2.444015,60.737484
4.184816,63.197534,2.442481,60.755053
4.187881,63.214336,2.441330,60.773005
4.190794,63.228860,2.440180,60.788681
4.194029,63.248712,2.440180,60.808532
4.198300,63.271596,2.439029,60.832567
4.199569,63.279086,2.437112,60.841974
4.203245,63.293905,2.435961,60.857943
4.206254,63.302839,2.435961,60.866878
4.209372,63.311438,2.434811,60.876627
4.212285,63.319641,2.434428,60.885213
4.215214,63.324716,2.434044,60.890672
4.218477,63.332422,2.433277,60.899145
4.221614,63.340362,2.432894,60.907468
4.224778,63.349745,2.432127,60.917619
4.227880,63.359794,2.431360,60.928435
4.230887,63.371479,2.430209,60.941270
4.233981,63.380143,2.429826,60.950318
4.238180,63.394566,2.428675,60.965891
4.240389,63.398917,2.428292,60.970625
4.243936,63.405879,2.428292,60.977588
4.248291,63.414628,2.427525,60.987103
4.249696,63.419655,2.426758,60.992898
4.253949,63.427062,2.426374,61.000687
4.258426,63.438123,2.425224,61.012899
4.259969,63.443372,2.425224,61.018148
4.263721,63.454188,2.424457,61.029731
4.269285,63.465225,2.424073,61.041152
4.270006,63.475274,2.423306,61.051968
4.273895,63.483771,2.422539,61.061232
4.277318,63.495174,2.422156,61.073018
4.280673,63.499093,2.421772,61.077321
4.284564,63.504078,2.421005,61.083073
4.287759,63.506571,2.421005,61.085566
4.290484,63.507236,2.420622,61.086614
4.293854,63.508015,2.420622,61.087393
4.298248,63.509279,2.421389,61.087891
4.299648,63.509771,2.420622,61.089149
4.303072,63.512503,2.420622,61.091881
4.305978,63.515002,2.420622,61.094380
4.309137,63.518879,2.419855,61.099024
4.312039,63.522804,2.419855,61.102949
4.314802,63.526099,2.419855,61.106245
4.318000,63.530312,2.419088,61.111224
4.320766,63.533398,2.419088,61.114310
4.324167,63.535633,2.418704,61.116928
4.328237,63.534734,2.419088,61.115646
4.329819,63.533446,2.419471,61.113974
4.333536,63.532265,2.419088,61.113177
4.338136,63.532235,2.419088,61.113147
4.339537,63.533643,2.419088,61.114556
4.342496,63.534117,2.419088,61.115029
4.345654,63.534332,2.419088,61.115245
4.349266,63.532481,2.419088,61.113393
4.351975,63.531480,2.419088,61.112392
4.355433,63.531888,2.419088,61.112800
4.359116,63.531109,2.419471,61.111637
4.361598,63.530563,2.419471,61.111092
4.364522,63.530162,2.419471,61.110691
4.368151,63.528586,2.419855,61.108731
4.370539,63.526890,2.419855,61.107035
4.373889,63.525836,2.419471,61.106364
4.377456,63.523505,2.420238,61.103266
4.380854,63.522384,2.419855,61.102529
4.384298,63.519334,2.420238,61.099096
4.387646,63.515673,2.419471,61.096202
4.390187,63.513210,2.419855,61.093355
4.393664,63.507056,2.420238,61.086818
4.398487,63.499009,2.421005,61.078004
4.400408,63.495983,2.421005,61.074978
4.404071,63.490680,2.421005,61.069675
4.408215,63.487414,2.421772,61.065642
4.409697,63.485952,2.421389,61.064563
4.413590,63.484065,2.421389,61.062676
4.418376,63.480361,2.422156,61.058206
4.419649,63.476059,2.422539,61.053520
4.422653,63.468419,2.423306,61.045113
4.425708,63.455704,2.424073,61.031631
4.429168,63.442797,2.424457,61.018340
4.431727,63.431682,2.425224,61.006458
4.434675,63.418990,2.426374,60.992616
4.437775,63.401781,2.427525,60.974256
4.440504,63.392996,2.428292,60.964705
4.443949,63.377729,2.429442,60.948286
4.448321,63.360897,2.430209,60.930688
4.449704,63.353898,2.431360,60.922538
4.453296,63.343579,2.432127,60.911453
4.458379,63.334567,2.432894,60.901674
4.459552,63.324483,2.433661,60.890822
4.462798,63.315099,2.434428,60.880671
4.465939,63.300292,2.435195,60.865098
4.465939,63.300292,2.436728,60.863564
4.473077,63.273406,2.437112,60.836294
4.475276,63.260013,2.438262,60.821751
4.479228,63.246106,2.439413,60.806693
4.481819,63.235757,2.440180,60.795577
4.485043,63.222473,2.440563,60.781909
4.488342,63.213149,2.442097,60.771052
4.490935,63.200763,2.442864,60.757899
4.493963,63.190229,2.444015,60.746214
4.498121,63.169976,2.444782,60.725194
4.499805,63.158154,2.446316,60.711838
4.503195,63.135503,2.447466,60.688037
4.506214,63.113572,2.450151,60.663421
4.509425,63.089622,2.450918,60.638704
4.512386,63.070123,2.452452,60.617672
4.515330,63.054616,2.453219,60.601397
4.519212,63.039324,2.453602,60.585722
4.521323,63.027729,2.455136,60.572593
4.524402,63.017986,2.455903,60.562083
4.527513,63.007248,2.456670,60.550578
4.530257,62.996588,2.457437,60.539151
4.533474,62.984934,2.458204,60.526729
4.538147,62.960396,2.460889,60.499507
4.539553,62.947651,2.462039,60.485611
4.542791,62.926001,2.463190,60.462811
4.545719,62.902003,2.465107,60.436896
4.549180,62.875661,2.466258,60.409404
4.551705,62.849722,2.468175,60.381546
4.554663,62.827119,2.470476,60.356643
4.558080,62.805320,2.471627,60.333693
4.561711,62.786942,2.473161,60.313782
4.564179,62.769847,2.474311,60.295536
4.568521,62.751499,2.475461,60.276037
4.570565,62.740294,2.476228,60.264065
4.573987,62.722120,2.477379,60.244741
4.578124,62.697983,2.478529,60.219454
4.580601,62.683063,2.480830,60.202232
4.584227,62.648824,2.482748,60.166076
4.587695,62.619277,2.484665,60.134612
4.590326,62.593750,2.487350,60.106401
4.593634,62.566678,2.489267,60.077411
4.598172,62.538449,2.490801,60.047648
4.600522,62.522882,2.492335,60.030546
4.604056,62.498608,2.494253,60.004355
4.608184,62.474256,2.495403,59.978853
4.610567,62.458503,2.496170,59.962332
4.613511,62.434702,2.498471,59.936231
4.618173,62.400816,2.500389,59.900428
4.619661,62.387526,2.502690,59.884836
4.623260,62.354096,2.503840,59.850256
4.628118,62.315770,2.506141,59.809629
4.629516,62.301791,2.507675,59.794116
4.633045,62.273137,2.509593,59.763544
4.638723,62.246478,2.512277,59.734201
4.639595,62.221401,2.513811,59.707590
4.642802,62.196701,2.515345,59.681356
4.645697,62.174351,2.517262,59.657088
4.649373,62.149286,2.519180,59.630106
4.652390,62.124179,2.521481,59.602698
4.655490,62.101043,2.523015,59.578028
4.659221,62.075121,2.525316,59.549805
4.661930,62.048330,2.526850,59.521481
4.665087,62.022271,2.529151,59.493120
4.669113,61.989608,2.530301,59.459306
4.671181,61.963524,2.532219,59.431305
4.674686,61.935157,2.534136,59.401021
4.677727,61.902686,2.537204,59.365482
4.680876,61.880054,2.538355,59.341699
4.684265,61.854456,2.539505,59.314950
4.687319,61.822524,2.542190,59.280334
4.690278,61.802995,2.544107,59.258888
4.693655,61.772849,2.546025,59.226824
4.698172,61.729634,2.547942,59.181692
4.699607,61.716997,2.551010,59.165987
4.702928,61.685436,2.552544,59.132892
4.705957,61.658933,2.554462,59.104472
4.709167,61.633844,2.555612,59.078232
4.711916,61.611655,2.557913,59.053742
4.714839,61.588556,2.558680,59.029876
4.717942,61.559122,2.561748,58.997374
4.720755,61.532589,2.563665,58.968924
4.724195,61.497799,2.566350,58.931449
4.728422,61.456843,2.568651,58.888192
4.730498,61.432707,2.570952,58.861755
4.734150,61.400949,2.572486,58.828463
4.738090,61.366632,2.575170,58.791462
4.739683,61.352700,2.577088,58.775612
4.743429,61.322326,2.578622,58.743704
4.748299,61.293294,2.580539,58.712755
4.749770,61.260733,2.583607,58.677126
4.752826,61.229311,2.585525,58.643786
4.756077,61.198116,2.587059,58.611057
4.759222,61.170300,2.588976,58.581324
4.762003,61.145906,2.590894,58.555013
4.764774,61.121015,2.592811,58.528204
4.768273,61.092822,2.594729,58.498094
4.770779,61.065852,2.597029,58.468822
4.774283,61.031882,2.600481,58.431401
4.777391,60.989806,2.602782,58.387024
4.780553,60.965789,2.605083,58.360707
4.784079,60.930172,2.606233,58.323939
4.788418,60.890588,2.609301,58.281287
4.789853,60.873541,2.611219,58.262322
4.793642,60.839404,2.613136,58.226268
4.798713,60.810456,2.615821,58.194635
4.799633,60.782341,2.617355,58.164986
4.803115,60.749528,2.619656,58.129872
4.806332,60.720658,2.622724,58.097934
4.809281,60.691650,2.624641,58.067009
4.812488,60.662343,2.626559,58.035784
4.815427,60.633653,2.628476,58.005177
4.818651,60.607090,2.629627,57.977463
4.821163,60.579376,2.632695,57.946682
4.824622,60.544017,2.634995,57.909021
4.827656,60.508945,2.637296,57.871648
4.830765,60.484281,2.639214,57.845067
4.834289,60.447082,2.641131,57.805951
4.837859,60.408133,2.644199,57.763934
4.841043,60.379263,2.647267,57.731996
4.845000,60.340321,2.649185,57.691136
4.848702,60.306429,2.651102,57.655327
4.851483,60.283180,2.653403,57.629777
4.854965,60.252369,2.655321,57.597048
4.858025,60.221575,2.657622,57.563953
4.860791,60.196091,2.660306,57.535784
4.864275,60.159868,2.662991,57.496878
4.868775,60.119661,2.664908,57.454753
4.869791,60.096502,2.666826,57.429676
4.873557,60.067985,2.669510,57.398475
4.878131,60.026160,2.671044,57.355116
4.879717,60.011306,2.672578,57.338728
4.883050,59.979374,2.674879,57.304495
4.885954,59.950732,2.677563,57.273168
4.889181,59.918991,2.679097,57.239894
4.891976,59.890511,2.682165,57.208345
4.894898,59.861197,2.684466,57.176731
4.897800,59.834149,2.686000,57.148149
4.900520,59.811709,2.687534,57.124174
4.903696,59.785379,2.689452,57.095927
4.906408,59.760254,2.691753,57.068501
4.909299,59.733428,2.692903,57.040524
4.912222,59.705043,2.695971,57.009072
4.915287,59.673171,2.697505,56.975666
4.918380,59.641694,2.699806,56.941888
4.921219,59.613316,2.702107,56.911209
4.924644,59.584320,2.704025,56.880295
4.927958,59.556013,2.707093,56.848921
4.930871,59.531128,2.708627,56.822501
4.934089,59.501509,2.711695,56.789814
4.937723,59.461607,2.713612,56.747995
4.941404,59.431407,2.716680,56.714727
4.944757,59.401560,2.718214,56.683346
4.948034,59.371127,2.719748,56.651379
4.951278,59.345097,2.722432,56.622664
4.954237,59.319546,2.723583,56.595964
4.957449,59.284924,2.725884,56.559040
4.960517,59.264958,2.727801,56.537157
4.963583,59.236711,2.729335,56.507376
4.966440,59.209669,2.732020,56.477649
4.969260,59.182171,2.733937,56.448234
4.972435,59.154967,2.736622,56.418345
4.975311,59.128787,2.737389,56.391399
4.978718,59.099726,2.740840,56.358886
4.981837,59.072378,2.742758,56.329620
4.984844,59.047127,2.744675,56.302452
4.987925,59.020468,2.745442,56.275026
4.990536,58.999897,2.747360,56.252538
4.993699,58.975971,2.749277,56.226694
4.998551,58.952883,2.751578,56.201305
4.999810,58.926949,2.752729,56.174221
5.002872,58.902376,2.754263,56.148113
5.005804,58.876795,2.756180,56.120615
5.009283,58.847709,2.758097,56.089612
5.011858,58.823579,2.760782,56.062797
5.014843,58.797208,2.763083,56.034125
5.018198,58.770861,2.763850,56.007011
5.021064,58.749187,2.765767,55.983420
5.024290,58.724931,2.767301,55.957630
5.027553,58.697008,2.769602,55.927406
5.030388,58.680170,2.771136,55.909034
5.033799,58.652498,2.772670,55.879828
5.036678,58.627643,2.773821,55.853822
5.039794,58.600984,2.776505,55.824479
5.042545,58.577735,2.778423,55.799312
5.045603,58.553647,2.779957,55.773690
5.048664,58.530541,2.781107,55.749434
5.051606,58.513931,2.783025,55.730906
5.054843,58.497063,2.784559,55.712504
5.058306,58.477846,2.785709,55.692137
5.061236,58.456952,2.788010,55.668942
5.064673,58.430898,2.789161,55.641738
5.067988,58.402783,2.791078,55.611705
5.070659,58.378060,2.792996,55.585064
5.073941,58.350071,2.794530,55.555541
5.078324,58.316293,2.796830,55.519463
5.079740,58.304399,2.798364,55.506034
5.083439,58.283576,2.799898,55.483678
5.086190,58.268967,2.800665,55.468302
5.089365,58.255054,2.802199,55.452854
5.092376,58.239852,2.803350,55.436502
5.095436,58.224668,2.804500,55.420167
5.098549,58.204151,2.806034,55.398116
5.101610,58.180608,2.807568,55.373039
5.104952,58.152846,2.809869,55.342977
5.108364,58.125240,2.811787,55.313454
5.110947,58.103513,2.813321,55.290192
5.114103,58.081732,2.815238,55.266494
5.118104,58.059867,2.816389,55.243478
5.120398,58.050213,2.816772,55.233441
5.123829,58.037516,2.818306,55.219210
5.128478,58.018161,2.819073,55.199088
5.129723,58.011480,2.820607,55.190873
5.133396,57.993162,2.822525,55.170638
5.136083,57.973706,2.822908,55.150798
5.139591,57.953938,2.824826,55.129112
5.142300,57.934637,2.825976,55.108661
5.145378,57.913078,2.827510,55.085568
5.148539,57.889738,2.829044,55.060694
5.151698,57.870420,2.830962,55.039458
5.154808,57.855122,2.832112,55.023010
5.158013,57.841334,2.832879,55.008455
5.161085,57.832292,2.833263,54.999030
5.164541,57.819667,2.834030,54.985637
5.168859,57.807934,2.835180,54.972754
5.170828,57.796681,2.835947,54.960734
5.174323,57.782360,2.836714,54.945646
5.177428,57.762538,2.837864,54.924673
5.180116,57.750638,2.839782,54.910856
5.183377,57.733392,2.840549,54.892843
5.186294,57.717447,2.841699,54.875748
5.189426,57.702401,2.842850,54.859551
5.192310,57.689380,2.843617,54.845763
5.195311,57.676905,2.844384,54.832521
5.198503,57.665789,2.845534,54.820255
5.201167,57.653919,2.846301,54.807618
5.204551,57.642857,2.847068,54.795789
5.207624,57.630304,2.847835,54.782469
5.210427,57.621340,2.848602,54.772737
5.213819,57.612795,2.848986,54.763809
5.218410,57.600433,2.849753,54.750680
5.219909,57.595604,2.850520,54.745084
5.223577,57.587886,2.851287,54.736599
5.228491,57.576884,2.851670,54.725214
5.229813,57.567866,2.852437,54.715429
5.232813,57.558003,2.852821,54.705182
5.235867,57.544880,2.854738,54.690142
5.239211,57.533064,2.854738,54.678326
5.241925,57.521277,2.855122,54.666156
5.244969,57.511672,2.856272,54.655400
5.248799,57.503217,2.856656,54.646562
5.251186,57.497561,2.857039,54.640521
5.254805,57.494673,2.857039,54.637633
5.257856,57.492635,2.857423,54.635212
5.260858,57.489753,2.857806,54.631947
5.264206,57.484240,2.858190,54.626051
5.268632,57.473203,2.858573,54.614630
5.269704,57.468559,2.859340,54.609219
5.273516,57.461860,2.859724,54.602136
5.276681,57.453776,2.860107,54.593669
5.279990,57.447652,2.860491,54.587162
5.282624,57.443410,2.861641,54.581769
5.285811,57.439168,2.861641,54.577526
5.289186,57.432822,2.861641,54.571181
5.291919,57.429089,2.861641,54.567448
5.294852,57.426962,2.862408,54.564553
5.298097,57.425949,2.862025,54.563924
5.300992,57.426470,2.862025,54.564446
5.304402,57.426794,2.862792,54.564002
5.307379,57.426620,2.862025,54.564595
5.310292,57.425643,2.862025,54.563619
5.313814,57.423528,2.862408,54.561120
5.318273,57.421755,2.862408,54.559346
5.319765,57.421221,2.862792,54.558430
5.323457,57.419621,2.862025,54.557597
5.328322,57.416847,2.862792,54.554055
5.330113,57.416451,2.862792,54.553660
5.333364,57.414438,2.862792,54.551646
5.338543,57.412383,2.863175,54.549208
5.339644,57.411178,2.863559,54.547620
5.342884,57.410459,2.863175,54.547284
5.345721,57.409135,2.863559,54.545576
5.349311,57.409728,2.863175,54.546553
5.351738,57.410801,2.863175,54.547626
5.354872,57.412329,2.863175,54.549154
5.357862,57.412808,2.863175,54.549633
5.360731,57.412569,2.862792,54.549777
5.364105,57.413024,2.863175,54.549849
5.367011,57.414504,2.862792,54.551712
5.370008,57.415684,2.863175,54.552509
5.373727,57.417848,2.863175,54.554673
5.376441,57.419795,2.862408,54.557387
5.379388,57.421814,2.862792,54.559023
5.382195,57.425434,2.862025,54.563409
5.385571,57.431432,2.862025,54.569407
5.388405,57.436825,2.861258,54.575567
5.391201,57.440108,2.861258,54.578851
5.394260,57.442601,2.861258,54.581343
5.398268,57.444255,2.860874,54.583381
5.400538,57.445154,2.860491,54.584663
5.404007,57.447622,2.860491,54.587132
5.408310,57.452764,2.860107,54.592657
5.409641,57.456808,2.859724,54.597085
5.413295,57.465880,2.859340,54.606540
5.416385,57.473874,2.858957,54.614917
5.419299,57.485732,2.858190,54.627543
5.422174,57.494846,2.857423,54.637424
5.424952,57.502306,2.856272,54.646034
5.428346,57.513829,2.856272,54.657557
5.430912,57.521649,2.855505,54.666144
5.434013,57.529133,2.854355,54.674778
5.438263,57.539224,2.854355,54.684869
5.439833,57.542220,2.853971,54.688249
5.443540,57.548194,2.853204,54.694990
5.446630,57.556499,2.852821,54.703678
5.449795,57.566218,2.852437,54.713781
5.452645,57.573954,2.851287,54.722667
5.455589,57.586705,2.850520,54.736186
5.458774,57.601146,2.849753,54.751394
5.461732,57.616414,2.848602,54.767812
5.464764,57.631460,2.847835,54.783625
5.468050,57.648748,2.846301,54.802446
5.470536,57.659683,2.845534,54.814149
5.473842,57.672051,2.844767,54.827284
5.478199,57.684281,2.844384,54.839897
5.479537,57.689620,2.843233,54.846387
5.483166,57.699453,2.842466,54.856987
5.486274,57.711503,2.841699,54.869804
5.489442,57.724590,2.840549,54.884041
5.492229,57.739145,2.840165,54.898979
5.495279,57.755731,2.838631,54.917099
5.498445,57.773641,2.837097,54.936544
5.501914,57.794003,2.835947,54.958056
5.504567,57.809228,2.834413,54.974815
5.507731,57.829542,2.832496,54.997046
5.510409,57.842539,2.832112,55.010427
5.513786,57.857872,2.830962,55.026911
5.518172,57.881176,2.829811,55.051365
5.519846,57.891434,2.828661,55.062774
5.522899,57.905893,2.827510,55.078383
5.525883,57.921539,2.826360,55.095179
5.529192,57.935842,2.825593,55.110249
5.531947,57.947892,2.824826,55.123066
5.534961,57.964286,2.824059,55.140228
5.538041,57.981250,2.821758,55.159492
5.541065,58.000083,2.821374,55.178709
5.544530,58.022919,2.819457,55.203462
5.547502,58.051232,2.817923,55.233309
5.550514,58.068489,2.816389,55.252100
5.553818,58.094213,2.814471,55.279742
5.558213,58.125037,2.812937,55.312099
5.559568,58.137159,2.810636,55.326523
5.563163,58.155471,2.809869,55.345601
5.566218,58.171572,2.809102,55.362469
5.569396,58.187151,2.807568,55.379583
5.572200,58.199387,2.807185,55.392202
5.575475,58.215919,2.806418,55.409501
5.578509,58.234531,2.804117,55.430414
5.581565,58.257211,2.802583,55.454628
5.584745,58.283109,2.799898,55.483210
5.588317,58.312111,2.798364,55.513746
5.591175,58.341394,2.796830,55.544563
5.594414,58.367352,2.794146,55.573206
5.597465,58.396647,2.792612,55.604035
5.600432,58.412670,2.791078,55.621592
5.604002,58.436830,2.789928,55.646903
5.608414,58.461206,2.788010,55.673196
5.609931,58.471243,2.787243,55.684000
5.613740,58.492767,2.785709,55.707058
5.616568,58.514818,2.783792,55.731026
5.619843,58.543322,2.781491,55.761831
5.622564,58.568543,2.779573,55.788970
5.625623,58.596358,2.777656,55.818703
5.628587,58.626648,2.775738,55.850910
5.631531,58.648927,2.774204,55.874723
5.634613,58.672560,2.771903,55.900657
5.637838,58.699027,2.771136,55.927891
5.640552,58.714786,2.769602,55.945184
5.643931,58.735345,2.768068,55.967277
5.648128,58.768835,2.765767,56.003068
5.649988,58.785949,2.764233,56.021715
5.653986,58.819043,2.761932,56.057111
5.658436,58.859142,2.760398,56.098744
5.660393,58.879767,2.757330,56.122437
5.663878,58.909566,2.754646,56.154920
5.666731,58.935074,2.753496,56.181579
5.669823,58.962357,2.751578,56.210779
5.672811,58.986984,2.749661,56.237324
5.675787,59.010252,2.748894,56.261358
5.679180,59.038073,2.746593,56.291480
5.681759,59.060795,2.743908,56.316887
5.684698,59.086261,2.742374,56.343887
5.687973,59.114179,2.740840,56.373339
5.690688,59.137141,2.738923,56.398218
5.693805,59.163050,2.737005,56.426045
5.698219,59.203204,2.735855,56.467349
5.699871,59.217441,2.732403,56.485038
5.703100,59.248162,2.730486,56.517677
5.708319,59.292001,2.727801,56.564199
5.709808,59.305932,2.726267,56.579665
5.713294,59.337223,2.724350,56.612873
5.716268,59.365470,2.721665,56.643805
5.719254,59.392081,2.719748,56.672333
5.722232,59.422119,2.717830,56.704289
5.725427,59.451511,2.716296,56.735214
5.728500,59.480231,2.713996,56.766235
5.731297,59.507902,2.712078,56.795824
5.734228,59.533722,2.709010,56.824712
5.737396,59.569376,2.707860,56.861516
5.740294,59.586711,2.705942,56.880769
5.743662,59.616731,2.704408,56.912323
5.748863,59.643414,2.700957,56.942457
5.750077,59.673776,2.699039,56.974737
5.753194,59.707200,2.697122,57.010078
5.756271,59.737898,2.695204,57.042693
5.759335,59.767864,2.692903,57.074961
5.761984,59.791293,2.690986,57.100308
5.764931,59.817976,2.689068,57.128908
5.768277,59.845678,2.687151,57.158527
5.770690,59.871540,2.685233,57.186306
5.774049,59.906672,2.683316,57.223356
5.778366,59.949198,2.678714,57.270484
5.779943,59.966760,2.677563,57.289197
5.783638,60.000850,2.675262,57.325587
5.786665,60.027718,2.672962,57.354757
5.789569,60.053119,2.671044,57.382075
5.792666,60.080599,2.668743,57.411856
5.795873,60.110308,2.667209,57.443098
5.799557,60.142317,2.664141,57.478176
5.801809,60.170786,2.662607,57.508179
5.805109,60.205115,2.659923,57.545192
5.808179,60.233589,2.658005,57.575584
5.811054,60.262933,2.656088,57.606845
5.814108,60.293055,2.654170,57.638885
5.818199,60.332543,2.650719,57.681824
5.819810,60.351610,2.649568,57.702042
5.823407,60.384099,2.647267,57.736832
5.826173,60.413383,2.644966,57.768416
5.829193,60.441881,2.642665,57.799216
5.831979,60.469019,2.641131,57.827888
5.834817,60.494414,2.638447,57.855967
5.838031,60.525423,2.637296,57.888127
5.841010,60.549787,2.635379,57.914408
5.844341,60.582929,2.633845,57.949084
5.847472,60.619973,2.630394,57.989579
5.850559,60.642569,2.627326,58.015243
5.854746,60.685490,2.625408,58.060082
5.857855,60.718351,2.623491,58.094860
5.860611,60.744411,2.620806,58.123605
5.863994,60.777673,2.617738,58.159935
5.866991,60.806687,2.616204,58.190483
5.869920,60.840261,2.614287,58.225974
5.873548,60.868771,2.611602,58.257169
5.878229,60.913862,2.609685,58.304177
5.879898,60.928027,2.608151,58.319876
5.883110,60.959438,2.605083,58.354355
5.886290,60.988044,2.603165,58.384879
5.889331,61.019197,2.601248,58.417949
5.892397,61.047762,2.599714,58.448048
5.895122,61.074702,2.597413,58.477289
5.898440,61.100678,2.595495,58.505182
5.900951,61.128098,2.592811,58.535287
5.904467,61.159005,2.591277,58.567728
5.907768,61.195449,2.589360,58.606090
5.910600,61.218507,2.586292,58.632215
5.914111,61.255250,2.584374,58.670876
5.918312,61.297045,2.581690,58.715356
5.920418,61.316897,2.579389,58.737509
5.924180,61.347325,2.578622,58.768703
5.928359,61.380072,2.577088,58.802984
5.929855,61.395819,2.574020,58.821800
5.933697,61.427536,2.572102,58.855433
5.938314,61.471188,2.569801,58.901387
5.939825,61.488314,2.567117,58.921197
5.942871,61.517915,2.565199,58.952715
5.946113,61.548373,2.562898,58.985474
5.949217,61.575427,2.560981,59.014446
5.951976,61.600276,2.559063,59.041213
5.954887,61.622729,2.557529,59.065199
5.958259,61.649777,2.555228,59.094549
5.961682,61.683417,2.553695,59.129722
5.964764,61.713401,2.550627,59.162775
5.968815,61.744075,2.548709,59.195366
5.971635,61.776762,2.545641,59.231121
5.974675,61.802935,2.544491,59.258445
5.977894,61.829373,2.542957,59.286416
5.980832,61.850339,2.541039,59.309300
5.984350,61.875386,2.539122,59.336264
5.987705,61.907306,2.537204,59.370102
5.990646,61.927398,2.534903,59.392494
5.994025,61.958814,2.533369,59.425445
5.998378,61.999111,2.531452,59.467659
6.000563,62.021432,2.528384,59.493048
6.004296,62.054065,2.526850,59.527215
6.007467,62.088244,2.524932,59.563312
6.010003,62.103044,2.522631,59.580413
6.013393,62.128187,2.520714,59.607473
6.018634,62.151844,2.519180,59.632664
6.019722,62.176382,2.516112,59.660270
6.023113,62.203958,2.514578,59.689380
6.026468,62.229430,2.513044,59.716386
6.029735,62.256125,2.510360,59.745765
6.032812,62.280033,2.509209,59.770824
6.035960,62.304092,2.507292,59.796800
6.039397,62.327269,2.505758,59.821512
6.041795,62.347816,2.504607,59.843209
6.044739,62.369280,2.502306,59.866974
6.047829,62.393206,2.501156,59.892051
6.050865,62.413879,2.499238,59.914641
6.054090,62.437015,2.497704,59.939311
6.058348,62.468276,2.496170,59.972105
6.060110,62.484233,2.493869,59.990363
6.064058,62.511970,2.491568,60.020402
6.068834,62.544915,2.490034,60.054880
6.069960,62.559841,2.488500,60.071341
6.073565,62.584343,2.486583,60.097760
6.076557,62.606088,2.485432,60.120656
6.079632,62.628319,2.483515,60.144804
6.082553,62.645025,2.482364,60.162661
6.085633,62.661605,2.480830,60.180775
6.088763,62.678551,2.480447,60.198104
6.091556,62.696150,2.478913,60.217237
6.094986,62.716181,2.477379,60.238802
6.098020,62.737807,2.476228,60.261578
6.101036,62.758066,2.474311,60.283755
6.104249,62.783473,2.473161,60.310312
6.108364,62.813943,2.470860,60.343083
6.109918,62.828905,2.469326,60.359579
6.113799,62.850033,2.468175,60.381858
6.118557,62.866691,2.466641,60.400050
6.119836,62.881510,2.465491,60.416019
6.122936,62.896610,2.464724,60.431886
6.125951,62.907743,2.463957,60.443787
6.129226,62.923167,2.463190,60.459977
6.131808,62.934857,2.461656,60.473202
6.134723,62.950605,2.460122,60.490483
6.138402,62.971254,2.458971,60.512282
6.141105,62.991902,2.457437,60.534465
6.144506,63.015703,2.454753,60.560950
6.147413,63.045250,2.453986,60.591264
6.150269,63.058607,2.452452,60.606155
6.153842,63.078680,2.451685,60.626995
6.156697,63.092336,2.450151,60.642185
6.159851,63.102415,2.449384,60.653031
6.162792,63.112452,2.449000,60.663451
6.165726,63.123423,2.448617,60.674806
6.169291,63.135084,2.447083,60.688001
6.171875,63.145960,2.446699,60.699260
6.175336,63.156410,2.445932,60.710477
6.178485,63.170270,2.444782,60.725488
6.181406,63.182140,2.443631,60.738509
6.184582,63.199727,2.442481,60.757246
6.187789,63.218890,2.441714,60.777176
6.190847,63.232683,2.439796,60.792887
6.194046,63.251193,2.438646,60.812547
6.198271,63.273867,2.437879,60.835988
6.199894,63.281777,2.436728,60.845048
6.203684,63.296613,2.435961,60.860652
6.208331,63.308550,2.434811,60.873739
6.209591,63.314398,2.434428,60.879970
6.213031,63.321523,2.433661,60.887862
6.215841,63.327299,2.433661,60.893638
6.219268,63.335029,2.432894,60.902135
6.221801,63.343544,2.432510,60.911033
6.224778,63.351130,2.431743,60.919386
6.227900,63.362988,2.431360,60.931628
6.230620,63.372443,2.430976,60.941467
6.233959,63.383361,2.429059,60.954303
6.238343,63.396310,2.429059,60.967251
6.239899,63.399570,2.428292,60.971278
6.243773,63.405460,2.428292,60.977168
6.248531,63.412375,2.427525,60.984850
6.249842,63.419847,2.427141,60.992706
6.252851,63.426163,2.426758,60.999405
6.255802,63.432820,2.426374,61.006446
6.259218,63.442389,2.425224,61.017166
6.261683,63.450191,2.424457,61.025735
6.264722,63.460204,2.423306,61.036898
6.268316,63.471301,2.423690,61.047612
6.270686,63.477731,2.422923,61.054808
6.274080,63.485449,2.422156,61.063293
6.278460,63.496984,2.421772,61.075211
6.280548,63.500872,2.421772,61.079100
6.284165,63.505307,2.420622,61.084685
6.288455,63.506697,2.421005,61.085692
6.290528,63.507506,2.420622,61.086884
6.293881,63.508039,2.420238,61.087801
6.296801,63.509004,2.420622,61.088382
6.299867,63.510747,2.421005,61.089742
6.302587,63.513186,2.420622,61.092565
6.305773,63.516817,2.420238,61.096579
6.309194,63.521461,2.420238,61.101223
6.311903,63.524547,2.419471,61.105076
6.314968,63.529197,2.419471,61.109726
6.318218,63.533721,2.419088,61.114633
6.320961,63.536633,2.419088,61.117546
6.324429,63.537892,2.418704,61.119187
6.327324,63.534902,2.418704,61.116197
6.330061,63.533979,2.418704,61.115275
6.333391,63.533541,2.418704,61.114837
6.336302,63.533889,2.418704,61.115185
6.339400,63.535231,2.418704,61.116527
6.342580,63.535729,2.419088,61.116641
6.345436,63.535141,2.418704,61.116437
6.348601,63.533985,2.418704,61.115281
6.351414,63.533002,2.419088,61.113914
6.354675,63.533314,2.418704,61.114610
6.357790,63.532726,2.418704,61.114022
6.360582,63.532732,2.419471,61.113261
6.364415,63.531702,2.419088,61.112614
6.368168,63.530042,2.419088,61.110954
6.370559,63.528700,2.419471,61.109229
6.373699,63.527525,2.419471,61.108054
6.376753,63.526147,2.419471,61.106676
6.379853,63.524194,2.419088,61.105106
6.382594,63.522911,2.419471,61.103440
6.385504,63.520958,2.419471,61.101487
6.388581,63.517165,2.419471,61.097694
6.391447,63.513720,2.419471,61.094248
6.394624,63.507272,2.419471,61.087801
6.397917,63.501034,2.419855,61.081180
6.400885,63.496294,2.420238,61.076056
6.404408,63.490884,2.420622,61.070262
6.407719,63.486539,2.421389,61.065151
6.410477,63.485509,2.421005,61.064503
6.413743,63.483393,2.421389,61.062005
6.418251,63.477659,2.421772,61.055887
6.419828,63.475028,2.421389,61.053640
6.423155,63.467221,2.422539,61.044682
6.426107,63.455710,2.423306,61.032404
6.429679,63.441898,2.424073,61.017825
6.432585,63.428961,2.424840,61.004121
6.435718,63.416725,2.426374,60.990351
6.439259,63.399330,2.427141,60.972189
6.441907,63.387987,2.428292,60.959695
6.444732,63.373936,2.429059,60.944877
6.448041,63.362299,2.430209,60.932090
6.451098,63.349452,2.430976,60.918476
6.454411,63.341189,2.431360,60.909829
6.457449,63.328857,2.431743,60.897114
6.460224,63.322703,2.433661,60.889042
6.463665,63.311402,2.434428,60.876974
6.466676,63.297386,2.434811,60.862575
6.469873,63.285132,2.435961,60.849171
6.472934,63.270584,2.437495,60.833088
6.478334,63.258390,2.437879,60.820511
6.479506,63.246681,2.438646,60.808035
6.482965,63.234499,2.439796,60.794703
6.486008,63.222395,2.440947,60.781448
6.489234,63.212622,2.441714,60.770908
6.492104,63.200350,2.442481,60.757869
6.495405,63.187287,2.443248,60.744039
6.498714,63.168951,2.444398,60.724553
6.501583,63.150675,2.445932,60.704743
6.504705,63.130440,2.448233,60.682207
6.507785,63.103410,2.450151,60.653259
6.510715,63.086734,2.450918,60.635816
6.514130,63.065162,2.452068,60.613094
6.518452,63.044112,2.453986,60.590126
6.520058,63.035771,2.454369,60.581401
6.523772,63.021695,2.455136,60.566559
6.528556,63.012246,2.456287,60.555959
6.529830,62.998434,2.457054,60.541380
6.533465,62.986527,2.458204,60.528323
6.536303,62.970325,2.458588,60.511737
6.539423,62.952330,2.460505,60.491825
6.542212,62.934420,2.462806,60.471614
6.545363,62.910134,2.463957,60.446177
6.548708,62.884392,2.465491,60.418901
6.551337,62.857865,2.468559,60.389306
6.554580,62.832446,2.470093,60.362354
6.557930,62.806884,2.471627,60.335257
6.560777,62.790663,2.472394,60.318270
6.564036,62.772166,2.473928,60.298238
6.567099,62.760074,2.475078,60.284996
6.570047,62.743757,2.475461,60.268296
6.573619,62.726086,2.476612,60.249474
6.576788,62.712227,2.478146,60.234081
6.579631,62.689606,2.479680,60.209926
6.582371,62.668802,2.481214,60.187588
6.585701,62.642125,2.482364,60.159760
6.588686,62.613872,2.485049,60.128823
6.591599,62.589538,2.487733,60.101805
6.594719,62.563454,2.488884,60.074571
6.597956,62.540678,2.490034,60.050644
6.600587,62.523523,2.491185,60.032338
6.603936,62.503431,2.492719,60.010713
6.606775,62.487157,2.493869,59.993288
6.610161,62.466041,2.496554,59.969487
6.612617,62.445476,2.497321,59.948155
6.615669,62.422742,2.499238,59.923503
6.619248,62.396490,2.500772,59.895718
6.621801,62.374361,2.502306,59.872055
6.624873,62.346965,2.504991,59.841975
6.627955,62.319210,2.506141,59.813069
6.631090,62.292791,2.508059,59.784732
6.634013,62.269607,2.509593,59.760015
6.638301,62.233373,2.511894,59.721479
6.640187,62.220106,2.514962,59.705145
6.644274,62.186904,2.516112,59.670792
6.647691,62.156710,2.517646,59.639064
6.650445,62.140537,2.519180,59.621357
6.653835,62.117138,2.521481,59.595657
6.658188,62.081760,2.523398,59.558362
6.659663,62.067170,2.525699,59.541470
6.663261,62.040085,2.526850,59.513235
6.666166,62.014313,2.529151,59.485162
6.669397,61.982771,2.531068,59.451702
6.672352,61.956405,2.533369,59.423036
6.675260,61.928392,2.535287,59.393106
6.678362,61.903195,2.536437,59.366758
6.680982,61.879359,2.538738,59.340621
6.684601,61.851705,2.540272,59.311433
6.687632,61.822272,2.542190,59.280082
6.690447,61.801384,2.543724,59.257660
6.693740,61.772843,2.545258,59.227585
6.696659,61.746178,2.547942,59.198236
6.699615,61.718087,2.550627,59.167461
6.702700,61.689571,2.552544,59.137027
6.705633,61.663589,2.554462,59.109127
6.708775,61.636876,2.556379,59.080497
6.711866,61.613687,2.558296,59.055390
6.715070,61.588520,2.559830,59.028689
6.718276,61.560255,2.560981,58.999274
6.721138,61.529569,2.564432,58.965137
6.724414,61.495714,2.566350,58.929364
6.727624,61.456256,2.568267,58.887988
6.730448,61.433690,2.571335,58.862354
6.734227,61.401212,2.573253,58.827959
6.738230,61.365925,2.574787,58.791138
6.739744,61.350699,2.576321,58.774378
6.743274,61.322434,2.578622,58.743812
6.746197,61.295727,2.581690,58.714037
6.749374,61.262980,2.583224,58.679757
6.752404,61.233918,2.585141,58.648777
6.755634,61.201405,2.586675,58.614730
6.758838,61.173128,2.589360,58.583769
6.761719,61.147632,2.590894,58.556738
6.764926,61.120620,2.592428,58.528192
6.768333,61.093194,2.594345,58.498849
6.770817,61.067050,2.597796,58.469254
6.774341,61.030235,2.599714,58.430521
6.778138,60.990926,2.602015,58.388911
6.780736,60.964100,2.605083,58.359017
6.784026,60.932701,2.607384,58.325317
6.788390,60.892350,2.608918,58.283432
6.789739,60.875902,2.610452,58.265450
6.793319,60.844994,2.613136,58.231858
6.796327,60.815112,2.615054,58.200058
6.799608,60.782587,2.617355,58.165232
6.802604,60.755394,2.618889,58.136506
6.805485,60.727543,2.621190,58.106353
6.808627,60.702484,2.623107,58.079377
6.811213,60.674735,2.626175,58.048559
6.814547,60.640603,2.628093,58.012511
6.817595,60.604106,2.629627,57.974479
6.820436,60.584260,2.632695,57.951565
6.824007,60.548936,2.634612,57.914324
6.828357,60.507734,2.636913,57.870821
6.829795,60.489890,2.638447,57.851443
6.833465,60.458096,2.641515,57.816581
6.838363,60.409020,2.642282,57.766738
6.839920,60.392105,2.646117,57.745988
6.843117,60.360310,2.648034,57.712276
6.846168,60.331626,2.649952,57.681674
6.849230,60.304326,2.651486,57.652840
6.851949,60.280256,2.653020,57.627236
6.854777,60.254568,2.655321,57.599247
6.857956,60.223025,2.657622,57.565403
6.860783,60.195599,2.660690,57.534910
6.864095,60.162037,2.662607,57.499430
6.868891,60.119098,2.664525,57.454573
6.870029,60.098347,2.667209,57.431138
6.873678,60.067152,2.669510,57.397642
6.878529,60.039001,2.671044,57.367957
6.879875,60.009538,2.672195,57.337344
6.883016,59.980141,2.674496,57.305645
6.885825,59.951690,2.677947,57.273743
6.889330,59.917853,2.679481,57.238372
6.891994,59.889193,2.681782,57.207411
6.894918,59.862198,2.683699,57.178499
6.898300,59.834011,2.686384,57.147627
6.901259,59.808593,2.687918,57.120675
6.904441,59.782317,2.689835,57.092482
6.907462,59.746125,2.692136,57.053989
6.910204,59.726788,2.693670,57.033118
6.913569,59.691363,2.696738,56.994625
6.916360,59.661199,2.699039,56.962159
6.919670,59.630243,2.700957,56.929287
6.922389,59.604226,2.702491,56.901735
6.925422,59.577327,2.705175,56.872152
6.928678,59.546677,2.707476,56.839201
6.931626,59.521954,2.709777,56.812177
6.934853,59.490561,2.711695,56.778867
6.938018,59.461745,2.713612,56.748133
6.940843,59.434523,2.716296,56.718227
6.944138,59.408068,2.717830,56.690237
6.948504,59.371097,2.719748,56.651349
6.950254,59.354840,2.721282,56.633558
6.954028,59.322441,2.723966,56.598474
6.958370,59.286692,2.726267,56.560424
6.960144,59.267049,2.728185,56.538865
6.964009,59.235267,2.730102,56.505165
6.968900,59.193095,2.733170,56.459925
6.970128,59.173411,2.734704,56.438707
6.973502,59.145134,2.737005,56.408129
6.976484,59.120075,2.738539,56.381536
6.979504,59.094477,2.740073,56.354403
6.982485,59.067914,2.742758,56.325156
6.985599,59.040290,2.744675,56.295615
6.988781,59.015075,2.746209,56.268866
6.991548,58.993282,2.747360,56.245922
6.994773,58.968301,2.749661,56.218640
6.997904,58.942019,2.751578,56.190441
7.000771,58.920819,2.753112,56.167707
7.004129,58.892501,2.754646,56.137855
7.008300,58.856470,2.757330,56.099139
7.010431,58.836522,2.759248,56.077274
7.013863,58.807910,2.761932,56.045977
7.017628,58.770255,2.763850,56.006406
7.020604,58.752699,2.766151,55.986548
7.024210,58.726076,2.767301,55.958774
7.027462,58.696666,2.768835,55.927831
7.030089,58.681824,2.770369,55.911455
7.033546,58.654062,2.772670,55.881392
7.038356,58.614137,2.774971,55.839166
7.039592,58.598941,2.775738,55.823203
7.043039,58.574134,2.778806,55.795327
7.046005,58.550627,2.780340,55.770286
7.049540,58.528522,2.782258,55.746264
7.052535,58.509539,2.783792,55.725747
7.055823,58.491868,2.784942,55.706926
7.059337,58.470626,2.786093,55.684533
7.062463,58.450996,2.787627,55.663369
7.065357,58.426536,2.789928,55.636608
7.068685,58.400716,2.791462,55.609254
7.071319,58.373008,2.793763,55.579246
7.074718,58.345768,2.795296,55.550472
7.077878,58.318750,2.797214,55.521536
7.080647,58.300156,2.798748,55.501408
7.084119,58.279567,2.799898,55.479669
7.088360,58.257936,2.801049,55.456887
7.089731,58.250643,2.802199,55.448444
7.093525,58.233440,2.802966,55.430474
7.096727,58.213337,2.805651,55.407686
7.100558,58.190980,2.806801,55.384179
7.103272,58.165993,2.808335,55.357658
7.106673,58.136811,2.810636,55.326175
7.109600,58.111788,2.812554,55.299234
7.112418,58.091571,2.814855,55.276716
7.115488,58.073067,2.815622,55.257445
7.118462,58.060693,2.816772,55.243921
7.121102,58.047367,2.817539,55.229828
7.124202,58.036503,2.818306,55.218197
7.127459,58.017664,2.819073,55.198591
7.130447,58.009647,2.820224,55.189423
7.134096,57.988608,2.821374,55.167234
7.138286,57.961872,2.823292,55.138580
7.139685,57.949288,2.825209,55.124079
7.143196,57.928687,2.826743,55.101944
7.146154,57.907277,2.827510,55.079767
7.149509,57.884244,2.829044,55.055200
7.152251,57.866267,2.831345,55.034922
7.155307,57.852024,2.832112,55.019912
7.158493,57.841304,2.832112,55.009192
7.161427,57.830782,2.832879,54.997903
7.164503,57.819727,2.833646,54.986081
7.168884,57.807533,2.834796,54.972736
7.170510,57.798083,2.835947,54.962136
7.174061,57.783576,2.837097,54.946479
7.178272,57.761034,2.838248,54.922786
7.179898,57.750482,2.839398,54.911083
7.183588,57.731133,2.840165,54.890968
7.186574,57.715626,2.842083,54.873543
7.189641,57.700016,2.842850,54.857166
7.192593,57.687828,2.844384,54.843444
7.195538,57.674951,2.844767,54.830184
7.198731,57.663938,2.845534,54.818403
7.201610,57.651462,2.846685,54.804777
7.204961,57.640736,2.847068,54.793668
7.208406,57.630034,2.847835,54.782199
7.211105,57.620651,2.848219,54.772432
7.214501,57.611117,2.849369,54.761748
7.217583,57.599834,2.849753,54.750081
7.220689,57.594615,2.850136,54.744479
7.224067,57.586627,2.850903,54.735724
7.228283,57.572708,2.851287,54.721421
7.229591,57.567447,2.852054,54.715393
7.233325,57.556589,2.853204,54.703385
7.236470,57.543370,2.853204,54.690166
7.239466,57.532177,2.854738,54.677439
7.242333,57.519779,2.855889,54.663891
7.245487,57.510114,2.856272,54.653842
7.248658,57.501707,2.856272,54.645435
7.251119,57.496788,2.856656,54.640132
7.254593,57.494133,2.857039,54.637094
7.257538,57.491682,2.857423,54.634260
7.260457,57.489915,2.857806,54.632109
7.264256,57.482586,2.858190,54.624397
7.269209,57.473448,2.858957,54.614492
7.270038,57.467810,2.858957,54.608853
7.273597,57.460913,2.859340,54.601573
7.276517,57.453722,2.859724,54.593999
7.279625,57.447616,2.860107,54.587509
7.282218,57.443476,2.860874,54.582602
7.285235,57.438916,2.861258,54.577658
7.288629,57.433751,2.861641,54.572110
7.291543,57.428418,2.861641,54.566777
7.294566,57.426045,2.861641,54.564404
7.297982,57.425158,2.862025,54.563133
7.300767,57.425817,2.862408,54.563409
7.304309,57.426416,2.862025,54.564392
7.307481,57.425242,2.862025,54.563217
7.310330,57.424775,2.862025,54.562750
7.313765,57.423217,2.862408,54.560808
7.316534,57.422563,2.862025,54.560539
7.319686,57.421221,2.862408,54.558813
7.322749,57.419681,2.862792,54.556890
7.325845,57.418273,2.862792,54.555481
7.329221,57.416392,2.863175,54.553216
7.331934,57.414929,2.862792,54.552138
7.334739,57.413527,2.863175,54.550352
7.338077,57.411262,2.863175,54.548087
7.340892,57.410903,2.863175,54.547728
7.344129,57.410256,2.862792,54.547464
7.348536,57.410783,2.863175,54.547608
7.349980,57.410819,2.863559,54.547260
7.353758,57.412664,2.863559,54.549106
7.358307,57.413653,2.862792,54.550862
7.359826,57.414306,2.862792,54.551515
7.363643,57.415145,2.862792,54.552354
7.366866,57.416092,2.862792,54.553300
7.369915,57.417476,2.862792,54.554684
7.373423,57.418363,2.862408,54.555955
7.378183,57.422282,2.862408,54.559874
7.379984,57.424697,2.862408,54.562288
7.383837,57.430473,2.862025,54.568448
7.388311,57.438796,2.861641,54.577155
7.389844,57.440881,2.861258,54.579624
7.393613,57.443308,2.860874,54.582434
7.398475,57.444602,2.860491,54.584112
7.399643,57.446059,2.860107,54.585951
7.403141,57.448629,2.859724,54.588905
7.406127,57.452608,2.860107,54.592501
7.409362,57.459463,2.859340,54.600123
7.412131,57.467289,2.858957,54.608332
7.415053,57.474689,2.858573,54.616116
7.418275,57.485840,2.857806,54.628034
7.421041,57.495200,2.857039,54.638161
7.424300,57.503032,2.856656,54.646376
7.428509,57.517131,2.855889,54.661242
7.429965,57.521835,2.855122,54.666713
7.433751,57.529433,2.854355,54.675078
7.438239,57.539392,2.854355,54.685037
7.439858,57.542723,2.853588,54.689136
7.443113,57.548500,2.852821,54.695679
7.445949,57.556331,2.852821,54.703511
7.449255,57.565919,2.852054,54.713865
7.451999,57.573774,2.851287,54.722488
7.454816,57.585729,2.850520,54.735209
7.458543,57.599726,2.849753,54.749973
7.460963,57.616055,2.848219,54.767836
7.464334,57.632060,2.847452,54.784608
7.470618,57.651462,2.846301,54.805161
7.470618,57.660822,2.845151,54.815671
7.474937,57.674789,2.844384,54.830406
7.478371,57.683718,2.843617,54.840101
7.481102,57.693269,2.842850,54.850419
7.484349,57.702581,2.842466,54.860114
7.487525,57.720012,2.840932,54.879079
7.490788,57.729515,2.840165,54.889350
7.494279,57.749373,2.839015,54.910358
7.498599,57.774073,2.837097,54.936975
7.500429,57.787345,2.836330,54.951015
7.503963,57.806143,2.834413,54.971730
7.507469,57.829422,2.832879,54.996543
7.510345,57.842041,2.831729,55.010313
7.513714,57.858466,2.830962,55.027504
7.518310,57.873266,2.830195,55.043072
7.519703,57.889673,2.829044,55.060629
7.522624,57.903335,2.827510,55.075825
7.525623,57.919118,2.826743,55.092375
7.528730,57.933301,2.825209,55.108092
7.531708,57.947065,2.824826,55.122239
7.534949,57.964077,2.823292,55.140785
7.538101,57.981622,2.822525,55.159097
7.541041,57.999178,2.820607,55.178571
7.544276,58.021637,2.819840,55.201797
7.547515,58.050513,2.817539,55.232974
7.550165,58.064762,2.816005,55.248757
7.553646,58.090816,2.814855,55.275961
7.556512,58.112903,2.812937,55.299965
7.559793,58.133821,2.812170,55.321651
7.562324,58.149688,2.810253,55.339436
7.565217,58.166676,2.809102,55.357574
7.568521,58.180680,2.808719,55.371961
7.571327,58.195396,2.807185,55.388211
7.574630,58.212528,2.806418,55.406110
7.577732,58.234519,2.804500,55.430018
7.580611,58.249799,2.802583,55.447216
7.583855,58.274037,2.801049,55.472988
7.586756,58.299881,2.799131,55.500749
7.589980,58.329200,2.797981,55.531219
7.592746,58.354307,2.795296,55.559010
7.595706,58.378024,2.793379,55.584645
7.599260,58.404131,2.791845,55.612286
7.602103,58.421748,2.790311,55.631437
7.604889,58.441516,2.789544,55.651972
7.608001,58.460703,2.787627,55.673076
7.610693,58.474880,2.786860,55.688021
7.613969,58.495499,2.785709,55.709790
7.618217,58.529786,2.783792,55.745994
7.619703,58.543700,2.781874,55.761826
7.623300,58.575098,2.778806,55.796292
7.626375,58.603711,2.777656,55.826055
7.629697,58.633204,2.775738,55.857466
7.632545,58.655980,2.773821,55.882159
7.635510,58.679409,2.772670,55.906739
7.638555,58.698434,2.770369,55.928065
7.641242,58.717519,2.769602,55.947917
7.644494,58.739444,2.767685,55.971759
7.648536,58.767936,2.766151,56.001786
7.650252,58.786248,2.764233,56.022015
7.653760,58.817551,2.762316,56.055235
7.658269,58.859981,2.760015,56.099966
7.659883,58.874812,2.757714,56.117098
7.662842,58.901812,2.756180,56.145632
7.665776,58.927381,2.754263,56.173118
7.669403,58.956916,2.751578,56.205338
7.672025,58.980986,2.750428,56.230558
7.675074,59.005416,2.748510,56.256906
7.678326,59.030103,2.746976,56.283127
7.681050,59.055438,2.744675,56.310763
7.684296,59.082768,2.743141,56.339627
7.687601,59.116923,2.741224,56.375699
7.690103,59.133647,2.739306,56.394341
7.693657,59.162110,2.738156,56.423954
7.696398,59.186474,2.735088,56.451386
7.699612,59.213953,2.732403,56.481550
7.702495,59.241613,2.731253,56.510360
7.705858,59.271298,2.728952,56.542346
7.709224,59.301175,2.727034,56.574140
7.711673,59.322536,2.724733,56.597803
7.714502,59.349501,2.722816,56.626685
7.717812,59.383111,2.720898,56.662212
7.720616,59.405389,2.719364,56.686025
7.724031,59.436842,2.716296,56.720546
7.728349,59.480111,2.713996,56.766116
7.730077,59.498465,2.711311,56.787154
7.733809,59.529935,2.709777,56.820158
7.738400,59.569615,2.707860,56.861756
7.739947,59.583247,2.705175,56.878072
7.743539,59.615089,2.702874,56.912215
7.746780,59.645056,2.701340,56.943716
7.749642,59.673117,2.699039,56.974078
7.752520,59.701292,2.697505,57.003787
7.755585,59.730084,2.695588,57.034496
7.758706,59.757744,2.692520,57.065224
7.761459,59.785265,2.690986,57.094280
7.764933,59.817868,2.689452,57.128417
7.768354,59.846613,2.687534,57.159078
7.770728,59.872540,2.684466,57.188074
7.774047,59.905947,2.682165,57.223781
7.776897,59.937489,2.680248,57.257241
7.779904,59.965808,2.677563,57.288244
7.782921,59.994174,2.675262,57.318912
7.785831,60.021696,2.673729,57.347968
7.789286,60.050878,2.670661,57.380217
7.791995,60.075463,2.669127,57.406337
7.794929,60.103680,2.667209,57.436471
7.798164,60.135714,2.665292,57.470422
7.800930,60.163338,2.663758,57.499580
7.804196,60.195749,2.661457,57.534292
7.808441,60.237286,2.658389,57.578898
7.809906,60.256072,2.656088,57.599984
7.813185,60.284360,2.654170,57.630190
7.816430,60.313308,2.652636,57.660672
7.819431,60.344084,2.649568,57.694515
7.822362,60.373511,2.646884,57.726627
7.825482,60.406192,2.645350,57.760842
7.828610,60.433780,2.642665,57.791114
7.831269,60.462176,2.641898,57.820278
7.834370,60.490447,2.638830,57.851617
7.837432,60.527011,2.637296,57.889715
7.840396,60.546839,2.635379,57.911460
7.843679,60.576859,2.633845,57.943014
7.848366,60.603890,2.631928,57.971962
7.849693,60.634731,2.628860,58.005872
7.852723,60.665776,2.626559,58.039218
7.855676,60.694371,2.624258,58.070113
7.858773,60.724409,2.622724,58.101685
7.861567,60.750864,2.620806,58.130058
7.865012,60.787680,2.617355,58.170325
7.868482,60.817527,2.615054,58.202473
7.871534,60.848608,2.612753,58.235855
7.874778,60.880162,2.611602,58.268560
7.877888,60.911010,2.609301,58.301708
7.880614,60.936045,2.607000,58.329044
7.883921,60.965208,2.605466,58.359742
7.886756,60.992988,2.603549,58.389439
7.889966,61.024896,2.600864,58.424031
7.892577,61.050907,2.598180,58.452727
7.895729,61.079705,2.596646,58.483059
7.898834,61.108456,2.595112,58.513344
7.901557,61.132232,2.592044,58.540188
7.905046,61.164440,2.590510,58.573930
7.908549,61.193508,2.588976,58.604532
7.911033,61.222102,2.586675,58.635427
7.914093,61.253776,2.585141,58.668635
7.918460,61.296410,2.583224,58.713187
7.919815,61.313260,2.580539,58.732721
7.923326,61.340506,2.578622,58.761884
7.926490,61.365254,2.577088,58.788166
7.929636,61.391978,2.575170,58.816808
7.932362,61.414617,2.572486,58.842131
7.935317,61.442881,2.570568,58.872313
7.938724,61.473405,2.568651,58.904754
7.941369,61.502365,2.566350,58.936015
7.944569,61.533973,2.564432,58.969541
7.947567,61.568836,2.562515,59.006321
7.950281,61.587681,2.559447,59.028234
7.953646,61.613944,2.558296,59.055648
7.956599,61.638716,2.557146,59.081570
7.959681,61.665938,2.555228,59.110709
7.962618,61.692249,2.553695,59.138555
7.965541,61.720903,2.551010,59.169893
7.968798,61.751080,2.548326,59.202754
7.971326,61.774557,2.546792,59.227765
7.974696,61.803349,2.544874,59.258475
7.977663,61.832536,2.542957,59.289580
7.980405,61.847948,2.541039,59.306909
7.983786,61.873163,2.539889,59.333274
7.988553,61.895424,2.537971,59.357453
7.989949,61.922844,2.536054,59.386790
7.992942,61.949664,2.534136,59.415528
7.995889,61.978672,2.532602,59.446070
7.999394,62.009352,2.529918,59.479434
8.001654,62.032296,2.528000,59.504295
8.004892,62.058487,2.526083,59.532404
8.008053,62.087495,2.524549,59.562946
8.010805,62.107952,2.521481,59.586471
8.014159,62.133904,2.519947,59.613957
8.018251,62.165069,2.518413,59.646656
8.020468,62.182907,2.515345,59.667562
8.023965,62.208979,2.514195,59.694784
8.028277,62.243260,2.512661,59.730599
8.029913,62.258432,2.510743,59.747689
8.033330,62.283880,2.508442,59.775438
8.036375,62.305835,2.506908,59.798927
8.039440,62.329193,2.505374,59.823819
8.042249,62.351148,2.503840,59.847308
8.045630,62.376333,2.501923,59.874410
8.048841,62.400565,2.500005,59.900560
8.051668,62.420590,2.498855,59.921736
8.054724,62.441359,2.497321,59.944038
8.057786,62.469300,2.496170,59.973130
8.061043,62.486036,2.493102,59.992934
8.064298,62.515452,2.491952,60.023500
8.067248,62.536316,2.490418,60.045898
8.070045,62.559655,2.488117,60.071539
8.073572,62.583965,2.486583,60.097383
8.076768,62.608275,2.485049,60.123226
8.079953,62.629949,2.483515,60.146434
8.082704,62.646805,2.482748,60.164057
8.085713,62.661491,2.480830,60.180661
8.088761,62.678473,2.480063,60.198410
8.091840,62.697090,2.478529,60.218561
8.094784,62.715169,2.476995,60.238173
8.097981,62.736147,2.476228,60.259919
8.100693,62.755789,2.473928,60.281862
8.104154,62.781663,2.472394,60.309270
8.107546,62.813997,2.471243,60.342754
8.110284,62.828216,2.469326,60.358890
8.113690,62.850632,2.468175,60.382457
8.118263,62.866344,2.467025,60.399319
8.119662,62.880641,2.465874,60.414767
8.122611,62.895268,2.464724,60.430544
8.125529,62.906059,2.463957,60.442103
8.128912,62.922891,2.462423,60.460469
8.131485,62.932598,2.461656,60.470943
8.135029,62.952061,2.460122,60.491939
8.138338,62.970750,2.458588,60.512163
8.140995,62.989302,2.457054,60.532248
8.144390,63.015385,2.455520,60.559866
8.148493,63.044136,2.453602,60.590533
8.149889,63.057888,2.452068,60.605819
8.153695,63.077266,2.450918,60.626348
8.158601,63.093163,2.450151,60.643012
8.159674,63.102547,2.449384,60.653163
8.163056,63.115646,2.448617,60.667029
8.166044,63.124154,2.447850,60.676304
8.169315,63.136115,2.447083,60.689032
8.171960,63.146673,2.446316,60.700357
8.174904,63.155942,2.445549,60.710394
8.178035,63.170018,2.444782,60.725236
8.180787,63.179809,2.443631,60.736178
8.184104,63.195640,2.442481,60.753159
8.188578,63.218638,2.441714,60.776924
8.190632,63.229244,2.439796,60.789448
8.193772,63.250091,2.439413,60.810678
8.196723,63.265095,2.438262,60.826832
8.199934,63.280267,2.436728,60.843538
8.202764,63.293743,2.436345,60.857398
8.205714,63.301737,2.435195,60.866542
8.208844,63.311090,2.434428,60.876663
8.211788,63.319491,2.434428,60.885064
8.214936,63.325286,2.434044,60.891242
8.218003,63.332260,2.433277,60.898983
8.220797,63.339703,2.432510,60.907193
8.224171,63.349745,2.432127,60.917619
8.228353,63.364204,2.430976,60.933228
8.229914,63.371635,2.430209,60.941425
8.233666,63.382229,2.429442,60.952787
8.236638,63.392247,2.429059,60.963189
8.239512,63.398767,2.428675,60.970092
8.242211,63.404226,2.427908,60.976318
8.245094,63.409906,2.427525,60.982382
8.248476,63.417522,2.426758,60.990765
8.251376,63.423808,2.426374,60.997434
8.254398,63.430998,2.425607,61.005391
8.257596,63.442246,2.425607,61.016638
8.260472,63.448963,2.425224,61.023739
8.263973,63.459227,2.424073,61.035154
8.266786,63.469120,2.423690,61.045431
8.270003,63.477581,2.422923,61.054658
8.272930,63.485047,2.422156,61.062892
8.275992,63.493658,2.421772,61.071886
8.279292,63.500363,2.421005,61.079358
8.282093,63.504306,2.421005,61.083301
8.285206,63.506565,2.421389,61.085176
8.288690,63.507566,2.420622,61.086944
8.291176,63.508135,2.421389,61.086746
8.294307,63.509453,2.421005,61.088448
8.298277,63.510484,2.420622,61.089862
8.299909,63.511365,2.420238,61.091126
8.303456,63.515158,2.419855,61.095303
8.306388,63.519616,2.420238,61.099378
8.309427,63.523337,2.419471,61.103866
8.312417,63.526818,2.419471,61.107347
8.316068,63.531828,2.419088,61.112740
8.319520,63.535519,2.418704,61.116815
8.321913,63.537388,2.418704,61.118684
8.325197,63.536424,2.418704,61.117719
8.328375,63.534195,2.418321,61.115874
8.331054,63.533446,2.419088,61.114358
8.334546,63.533745,2.418704,61.115041
8.337804,63.535231,2.418704,61.116527
8.340575,63.535794,2.418704,61.117090
8.343926,63.535123,2.419088,61.116036
8.346786,63.533913,2.419088,61.114825
8.349918,63.532894,2.419088,61.113807
8.352801,63.533230,2.419088,61.114142
8.355854,63.532679,2.418704,61.113974
8.359293,63.532355,2.419088,61.113267
8.362013,63.532367,2.419088,61.113279
8.364914,63.530090,2.419088,61.111002
8.368642,63.529047,2.419088,61.109960
8.370996,63.527525,2.419855,61.107671
8.374274,63.526938,2.419471,61.107467
8.378374,63.524841,2.419088,61.105753
8.379880,63.523882,2.419088,61.104794
8.383900,63.521461,2.419471,61.101990
8.386846,63.519041,2.419471,61.099569
8.389909,63.515967,2.419855,61.096112
8.392876,63.511029,2.419855,61.091174
8.395911,63.505978,2.419855,61.086123
8.399550,63.500884,2.420238,61.080646
8.401981,63.495773,2.420622,61.075151
8.405666,63.490638,2.421005,61.069633
8.408508,63.487432,2.421389,61.066043
8.411197,63.484909,2.421389,61.063521
8.414150,63.482387,2.421389,61.060998
8.418420,63.477635,2.421772,61.055863
8.419978,63.474819,2.421772,61.053047
8.423737,63.465597,2.422539,61.043058
8.428329,63.447105,2.423690,61.023416
8.429929,63.440280,2.424073,61.016207
8.433632,63.424365,2.425607,60.998758
8.436677,63.411866,2.426758,60.985108
8.439934,63.395765,2.427525,60.968240
8.442734,63.383703,2.427908,60.955795
8.446106,63.369459,2.429442,60.940017
8.449292,63.357241,2.430593,60.926649
8.451985,63.347295,2.431360,60.915935
8.455036,63.339127,2.431360,60.907768
8.458088,63.329336,2.432510,60.896826
8.460764,63.321259,2.433277,60.887982
8.464170,63.310191,2.433277,60.876914
8.466945,63.297027,2.435195,60.861832
8.470037,63.284641,2.435578,60.849063
8.473226,63.270560,2.437112,60.833448
8.476508,63.257922,2.437879,60.820043
8.479689,63.245051,2.439029,60.806022
8.482458,63.236854,2.439413,60.797441
8.485569,63.222790,2.440180,60.782611
8.488643,63.214000,2.441714,60.772286
8.491580,63.201405,2.442481,60.758924
8.495037,63.187844,2.443631,60.744213
8.498073,63.170893,2.444782,60.726111
8.501123,63.154331,2.446316,60.708015
8.504418,63.131638,2.448233,60.683405
8.507663,63.103296,2.449767,60.653528
8.510509,63.086967,2.450918,60.636049
8.513737,63.067151,2.452068,60.615083
8.518348,63.043231,2.453219,60.590012
8.519916,63.036681,2.454369,60.582312
8.523025,63.023229,2.454753,60.568476
8.525948,63.014894,2.456287,60.558607
8.529290,63.001610,2.457437,60.544172
8.532116,62.992148,2.458204,60.533944
8.535381,62.976209,2.458971,60.517238
8.538659,62.960276,2.460889,60.499387
8.541508,62.938800,2.462423,60.476378
8.544752,62.914898,2.463573,60.451325
8.547664,62.884416,2.465874,60.418542
8.550549,62.864115,2.468559,60.395556
8.554236,62.834627,2.469326,60.365302
8.557493,62.805266,2.470860,60.334407
8.560165,62.793725,2.472010,60.321715
8.563530,62.776899,2.473544,60.303355
8.566321,62.764550,2.474311,60.290239
8.569488,62.748287,2.475461,60.272826
8.572278,62.736950,2.476228,60.260722
8.575208,62.720723,2.476995,60.243728
8.578422,62.702178,2.478529,60.223648
8.581051,62.682092,2.479680,60.202412
8.584301,62.655008,2.482748,60.172260
8.587495,62.619139,2.483898,60.135241
8.590371,62.599419,2.485816,60.113603
8.593653,62.570962,2.487733,60.083229
8.596488,62.549217,2.489267,60.059950
8.599546,62.530318,2.490418,60.039900
8.602160,62.514960,2.491952,60.023008
8.605073,62.496714,2.493486,60.003228
8.608111,62.475856,2.495020,59.980836
8.610880,62.457538,2.496937,59.960601
8.613962,62.435954,2.498471,59.937483
8.618574,62.415473,2.499622,59.915851
8.619910,62.389833,2.501156,59.888677
8.623010,62.363851,2.503457,59.860394
8.625890,62.338073,2.505374,59.832699
8.629304,62.307891,2.507292,59.800599
8.632072,62.284911,2.508442,59.776469
8.634901,62.261002,2.510743,59.750259
8.638113,62.234032,2.513044,59.720988
8.640831,62.213928,2.514195,59.699734
8.644234,62.187905,2.515345,59.672560
8.648406,62.156440,2.517262,59.639178
8.649914,62.144396,2.519563,59.624833
8.653790,62.116730,2.521864,59.594866
8.658413,62.080280,2.523015,59.557265
8.659906,62.068320,2.524549,59.543771
8.663100,62.041002,2.528000,59.513002
8.666052,62.014014,2.529534,59.484479
8.669544,61.981470,2.531068,59.450402
8.672365,61.954416,2.533369,59.421047
8.675220,61.928153,2.534520,59.393633
8.678267,61.902764,2.537204,59.365560
8.681029,61.878244,2.538738,59.339506
8.684331,61.852406,2.539889,59.312518
8.687666,61.821379,2.542190,59.279190
8.690629,61.800113,2.543724,59.256390
8.694084,61.769487,2.546025,59.223463
8.698354,61.728891,2.547942,59.180949
8.700070,61.711484,2.551394,59.160090
8.703463,61.680013,2.553311,59.126702
8.706516,61.655649,2.554845,59.100804
8.709660,61.630177,2.555995,59.074181
8.712516,61.607940,2.558296,59.049644
8.715565,61.582623,2.559830,59.022793
8.718660,61.553052,2.561748,58.991304
8.721732,61.524230,2.564049,58.960181
8.724726,61.493005,2.565966,58.927039
8.727818,61.456124,2.569034,58.887090
8.730729,61.432156,2.570952,58.861204
8.734179,61.402453,2.572486,58.829967
8.738478,61.366416,2.574403,58.792013
8.739873,61.351490,2.577471,58.774018
8.743590,61.321667,2.579772,58.741895
8.746390,61.292192,2.580923,58.711269
8.749425,61.261866,2.582840,58.679026
8.752137,61.233978,2.585141,58.648837
8.755066,61.206618,2.586675,58.619943
8.758073,61.177545,2.588209,58.589336
8.760886,61.154193,2.591277,58.562916
8.764194,61.125377,2.592428,58.532950
8.767235,61.099545,2.594345,58.505200
8.769664,61.071856,2.596646,58.475210
8.773287,61.041967,2.598563,58.443404
8.776055,61.011198,2.601631,58.409566
8.779493,60.979631,2.604316,58.375315
8.782049,60.951444,2.605850,58.345594
8.785027,60.923743,2.607767,58.315975
8.788343,60.893213,2.610068,58.283145
8.791220,60.862839,2.612753,58.250086
8.794441,60.831398,2.614670,58.216728
8.797564,60.795895,2.615821,58.180074
8.800618,60.772226,2.618122,58.154104
8.803892,60.741367,2.621190,58.120177
8.808334,60.701310,2.622724,58.078586
8.809919,60.685287,2.625025,58.060262
8.813344,60.654403,2.627709,58.026694
8.818576,60.624251,2.628860,57.995391
8.819888,60.588137,2.631544,57.956592
8.822856,60.560627,2.633078,57.927549
8.825820,60.532308,2.636146,57.896162
8.829429,60.498189,2.638063,57.860125
8.831927,60.470661,2.639597,57.831064
8.834869,60.442103,2.641515,57.800588
8.837936,60.410512,2.643816,57.766696
8.840705,60.384884,2.645350,57.739534
8.843809,60.351921,2.647651,57.704271
8.848678,60.325137,2.650335,57.674801
8.849941,60.296932,2.652253,57.644679
8.853043,60.271310,2.653403,57.617906
8.856074,60.243195,2.655704,57.587490
8.859419,60.212617,2.659156,57.553461
8.862065,60.182494,2.661073,57.521421
8.864999,60.152750,2.663374,57.489375
8.868327,60.120422,2.664525,57.455898
8.870801,60.093847,2.666826,57.427022
8.874095,60.062371,2.668743,57.393628
8.878401,60.024405,2.671428,57.352977
8.879782,60.007453,2.672962,57.334491
8.883574,59.976054,2.675262,57.300792
8.886549,59.945530,2.677563,57.267967
8.889501,59.915228,2.679481,57.235747
8.892202,59.887844,2.681398,57.206446
8.895103,59.860029,2.684083,57.175946
8.898024,59.834143,2.686000,57.148143
8.900842,59.811265,2.688301,57.122964
8.904132,59.784193,2.689452,57.094741
8.908389,59.746023,2.690986,57.055037
8.909813,59.728904,2.694437,57.034466
8.913475,59.692591,2.696738,56.995853
8.916674,59.659443,2.698656,56.960787
8.919677,59.629363,2.700190,56.929173
8.922609,59.602506,2.703258,56.899248
8.925559,59.575398,2.705175,56.870222
8.928786,59.545785,2.707093,56.838692
8.931587,59.521756,2.709010,56.812746
8.935003,59.490405,2.711311,56.779094
8.938082,59.461320,2.713996,56.747324
8.940887,59.435745,2.715913,56.719832
8.944194,59.407798,2.717447,56.690351
8.948558,59.371540,2.718981,56.652559
8.949903,59.356805,2.721282,56.635523
8.953609,59.327816,2.723199,56.604616
8.958615,59.285403,2.726267,56.559136
8.960346,59.267163,2.728185,56.538979
8.963712,59.235735,2.729719,56.506016
8.966582,59.208105,2.731253,56.476852
8.969701,59.177300,2.733554,56.443746
8.972428,59.153918,2.736238,56.417680
8.975389,59.127643,2.738539,56.389104
8.978680,59.103687,2.740457,56.363230
8.981165,59.077124,2.741607,56.335516
8.984639,59.048607,2.743525,56.305082
8.987637,59.019617,2.746209,56.273408
8.990576,59.000988,2.747360,56.253628
8.994176,58.972885,2.748510,56.224375
8.998342,58.939730,2.750811,56.188919
8.999927,58.925193,2.752729,56.172465
9.003629,58.897875,2.754263,56.143613
9.006510,58.871438,2.756180,56.115258
9.009530,58.845001,2.758097,56.086904
9.012367,58.819271,2.760398,56.058872
9.015259,58.794122,2.762316,56.031806
9.018573,58.768272,2.764233,56.004039
9.021886,58.742746,2.766534,55.976211
9.025171,58.718927,2.767685,55.951242
9.028703,58.694989,2.769219,55.925770
9.031483,58.671583,2.771520,55.900064
9.034907,58.643774,2.773054,55.870720
9.038548,58.614209,2.775355,55.838854
9.041939,58.584626,2.777656,55.806970
9.045214,58.557709,2.779573,55.778136
9.048528,58.535484,2.781107,55.754377
9.051514,58.514806,2.782641,55.732165
9.054688,58.497620,2.783408,55.714212
9.057624,58.477061,2.785326,55.691736
9.060503,58.463363,2.786860,55.676504
9.063920,58.438047,2.788394,55.649653
9.066839,58.412694,2.789928,55.622767
9.069993,58.383914,2.791845,55.592069
9.073018,58.357657,2.794530,55.563127
9.076051,58.331771,2.796063,55.535707
9.079335,58.308000,2.797597,55.510402
9.081968,58.290395,2.799515,55.490880
9.084969,58.275013,2.799898,55.475115
9.088280,58.260315,2.801816,55.458499
9.091123,58.246743,2.802583,55.444160
9.094320,58.230941,2.803733,55.427208
9.098586,58.205864,2.804884,55.400980
9.100089,58.190399,2.806801,55.383597
9.103994,58.161217,2.809102,55.352115
9.108402,58.124557,2.811787,55.312771
9.110411,58.107845,2.812937,55.294908
9.113837,58.083170,2.814855,55.268315
9.118325,58.059022,2.816005,55.243016
9.119913,58.051597,2.817156,55.234442
9.123041,58.039595,2.818306,55.221289
9.126118,58.027575,2.819073,55.208502
9.129431,58.015093,2.819840,55.195253
9.132351,57.999448,2.820991,55.178457
9.135375,57.983377,2.822525,55.160853
9.138574,57.962111,2.824059,55.138053
9.141312,57.942523,2.825209,55.117314
9.144573,57.920388,2.827127,55.093262
9.147739,57.893106,2.828661,55.064445
9.150637,57.878144,2.829811,55.048333
9.154016,57.860263,2.831345,55.028918
9.158305,57.840837,2.831729,55.009108
9.159956,57.836535,2.832879,55.003655
9.163188,57.824430,2.834413,54.990017
9.166256,57.815412,2.834413,54.980999
9.166256,57.815412,2.835563,54.979849
9.172833,57.791282,2.836330,54.954952
9.175338,57.775649,2.837864,54.937784
9.178583,57.759416,2.838631,54.920785
9.181166,57.743339,2.839398,54.903941
9.184612,57.724794,2.841316,54.883478
9.188311,57.707902,2.842083,54.865819
9.191230,57.691064,2.842850,54.848214
9.194232,57.678696,2.844384,54.834312
9.198366,57.664525,2.845534,54.818991
9.200661,57.653649,2.845918,54.807731
9.203973,57.642965,2.846685,54.796280
9.208503,57.629094,2.848219,54.780875
9.210241,57.622203,2.848219,54.773984
9.213555,57.612783,2.848602,54.764181
9.218657,57.603741,2.849753,54.753988
9.219603,57.595520,2.850136,54.745383
9.222587,57.588659,2.850520,54.738139
9.225562,57.580192,2.851287,54.728905
9.229370,57.569041,2.851670,54.717370
9.231521,57.561664,2.852821,54.708844
9.234589,57.548140,2.853588,54.694552
9.237657,57.537043,2.854738,54.682304
9.240485,57.525604,2.855505,54.670099
9.243725,57.514632,2.855889,54.658744
9.248433,57.503379,2.856656,54.646723
9.249589,57.499976,2.856656,54.643320
9.252691,57.496716,2.856656,54.640060
9.255766,57.494001,2.857806,54.636195
9.259513,57.492413,2.857423,54.634991
9.261717,57.489064,2.857806,54.631258
9.265307,57.480909,2.858573,54.622335
9.269279,57.471495,2.858190,54.613305
9.271150,57.465581,2.859340,54.606241
9.274275,57.458738,2.859340,54.599398
9.278417,57.449714,2.859724,54.589990
9.280627,57.444644,2.860491,54.584154
9.283794,57.439563,2.860874,54.578689
9.288407,57.432690,2.861258,54.571432
9.289863,57.429460,2.861641,54.567819
9.293194,57.426416,2.862025,54.564392
9.296186,57.425979,2.862025,54.563954
9.299482,57.427016,2.862025,54.564991
9.302072,57.427213,2.862025,54.565189
9.304973,57.426494,2.862025,54.564470
9.308352,57.425829,2.862025,54.563804
9.311102,57.424793,2.861641,54.563151
9.314203,57.423342,2.862025,54.561318
9.318244,57.421305,2.862025,54.559280
9.320390,57.420532,2.862408,54.558124
9.323439,57.418579,2.862792,54.555787
9.326319,57.418045,2.862792,54.555254
9.329449,57.416775,2.863175,54.553600
9.332249,57.414576,2.862792,54.551784
9.335157,57.412575,2.863175,54.549399
9.338373,57.411388,2.862792,54.548597
9.341247,57.410987,2.862792,54.548195
9.344282,57.411454,2.863175,54.548279
9.348223,57.411766,2.863175,54.548591
9.350026,57.412473,2.862792,54.549681
9.353161,57.412790,2.863175,54.549615
9.356228,57.413797,2.863175,54.550622
9.359526,57.414246,2.862792,54.551455
9.362131,57.414504,2.863175,54.551329
9.365187,57.415607,2.862408,54.553198
9.368912,57.417902,2.862408,54.555493
9.371630,57.419286,2.862025,54.557261
9.374985,57.421605,2.862408,54.559197
9.378104,57.424373,2.862025,54.562348
9.380826,57.428597,2.862025,54.566573
9.384339,57.433523,2.861641,54.571882
9.387568,57.438940,2.861258,54.577682
9.390128,57.440761,2.861641,54.579120
9.393416,57.441972,2.861258,54.580714
9.396213,57.442745,2.860491,54.582254
9.399398,57.444255,2.860107,54.584148
9.402074,57.446166,2.860874,54.585292
9.405012,57.449312,2.860491,54.588822
9.408526,57.455083,2.859724,54.595359
9.411118,57.462345,2.859724,54.602621
9.414140,57.470710,2.858957,54.611753
9.418424,57.485427,2.857806,54.627620
9.419606,57.491515,2.857423,54.634092
9.423141,57.499760,2.857039,54.642721
9.425932,57.509587,2.856272,54.653315
9.429475,57.519911,2.855122,54.664790
9.431919,57.525592,2.854738,54.670854
9.434865,57.532423,2.854355,54.678068
9.437789,57.539182,2.853971,54.685211
9.441151,57.543952,2.853588,54.690364
9.444312,57.550938,2.853204,54.697734
9.448426,57.563348,2.852054,54.711294
9.450143,57.569592,2.851670,54.717922
9.453905,57.581972,2.850903,54.731068
9.456787,57.595454,2.849369,54.746085
9.459981,57.610051,2.848986,54.761065
9.462568,57.624018,2.847835,54.776183
9.465613,57.639760,2.847068,54.792691
9.468700,57.652738,2.845918,54.806821
9.471603,57.664111,2.845534,54.818577
9.474944,57.675167,2.844384,54.830783
9.478033,57.683328,2.844000,54.839328
9.481187,57.692975,2.842850,54.850126
9.484360,57.702737,2.842466,54.860270
9.488489,57.719616,2.841316,54.878301
9.490118,57.727035,2.840549,54.886486
9.493452,57.746359,2.839015,54.907344
9.496377,57.762544,2.837864,54.924679
9.499527,57.780814,2.837097,54.943716
9.502374,57.798095,2.835180,54.962915
9.505335,57.815095,2.834030,54.981065
9.508850,57.832999,2.832879,55.000120
9.511573,57.847602,2.832112,55.015490
9.514737,57.863835,2.830578,55.033257
9.517709,57.881949,2.829811,55.052138
9.520429,57.894688,2.828277,55.066411
9.524191,57.912491,2.827127,55.085364
9.528442,57.932444,2.826360,55.106085
9.529817,57.941876,2.825209,55.116667
9.533748,57.957353,2.824059,55.133295
9.538565,57.973071,2.822525,55.150546
9.539709,57.992419,2.821758,55.170662
9.542874,58.012235,2.820224,55.192012
9.545864,58.032291,2.818690,55.213601
9.549317,58.058333,2.817156,55.241177
9.551874,58.077867,2.815622,55.262245
9.554727,58.100535,2.814088,55.286447
9.557881,58.126049,2.812170,55.313879
9.560976,58.144128,2.811020,55.333108
9.564522,58.164249,2.809869,55.354380
9.569229,58.182537,2.808335,55.374202
9.570380,58.193005,2.807185,55.385820
9.574074,58.212090,2.806418,55.405672
9.578503,58.236748,2.804500,55.432247
9.580134,58.249085,2.802966,55.446119
9.584036,58.277141,2.800282,55.476859
9.587443,58.315358,2.798364,55.516994
9.590211,58.332993,2.797214,55.535779
9.593367,58.359892,2.795296,55.564595
9.596341,58.383986,2.794146,55.589840
9.599384,58.403994,2.791078,55.612916
9.602166,58.424157,2.790695,55.633462
9.605338,58.443194,2.789161,55.654033
9.608722,58.464406,2.786860,55.677546
9.611817,58.481136,2.786093,55.695043
9.615072,58.504625,2.784942,55.719683
9.618223,58.528546,2.783025,55.745521
9.620852,58.552161,2.781491,55.770670
9.624096,58.583643,2.779573,55.804070
9.628601,58.623281,2.776889,55.846392
9.630344,58.637872,2.774204,55.863667
9.633943,58.668072,2.772670,55.895402
9.638392,58.699560,2.771520,55.928041
9.640187,58.711107,2.769602,55.941505
9.643979,58.736592,2.768068,55.968523
9.648424,58.768775,2.766534,56.002241
9.649961,58.781820,2.765000,56.016820
9.653155,58.810277,2.762316,56.047961
9.656075,58.838913,2.760398,56.078515
9.659458,58.868286,2.758097,56.110189
9.662081,58.893867,2.756563,56.137303
9.665066,58.918992,2.755029,56.163962
9.668325,58.946957,2.752729,56.194228
9.670846,58.969811,2.750044,56.219767
9.674076,58.995978,2.749277,56.246701
9.678547,59.033105,2.747360,56.285746
9.679749,59.046654,2.745826,56.300828
9.683295,59.073091,2.742758,56.330333
9.686433,59.101332,2.741224,56.360108
9.689473,59.127913,2.740073,56.387839
9.692521,59.153086,2.738156,56.414930
9.695626,59.179846,2.735855,56.443992
9.698642,59.208543,2.733554,56.474989
9.701470,59.232451,2.731253,56.501198
9.705123,59.264335,2.729719,56.534616
9.708451,59.290005,2.727418,56.562587
9.710834,59.314920,2.724733,56.590187
9.714197,59.345390,2.723199,56.622191
9.718543,59.383225,2.721282,56.661943
9.720667,59.405078,2.718597,56.686480
9.724220,59.439892,2.716680,56.723212
9.728430,59.480135,2.714762,56.765373
9.729751,59.498099,2.712462,56.785638
9.733583,59.526382,2.710161,56.816222
9.736543,59.552034,2.708243,56.843791
9.739749,59.579029,2.705942,56.873087
9.742452,59.603525,2.704792,56.898733
9.745535,59.630980,2.702491,56.928490
9.748673,59.659940,2.699423,56.960518
9.751397,59.689859,2.697505,56.992354
9.754679,59.722180,2.695971,57.026209
9.757729,59.757282,2.694054,57.063228
9.760531,59.776337,2.691753,57.084584
9.763770,59.804997,2.690219,57.114779
9.766681,59.832633,2.687918,57.144715
9.769777,59.861707,2.686000,57.175706
9.772991,59.893651,2.682549,57.211102
9.776119,59.926410,2.680248,57.246162
9.779320,59.959810,2.677947,57.281863
9.782207,59.988044,2.676029,57.312015
9.785727,60.020504,2.672578,57.347926
9.788907,60.048283,2.670661,57.377623
9.791797,60.073222,2.669127,57.404096
9.794740,60.101092,2.667209,57.433883
9.797773,60.136984,2.665675,57.471309
9.800618,60.160677,2.662607,57.498070
9.804377,60.198296,2.660690,57.537606
9.807745,60.237394,2.657622,57.579772
9.810700,60.261141,2.654937,57.606204
9.814287,60.294134,2.653403,57.640730
9.818563,60.333274,2.650719,57.682555
9.820847,60.354834,2.647267,57.707566
9.824479,60.395382,2.646117,57.749265
9.827710,60.432881,2.643049,57.789832
9.830422,60.454105,2.641131,57.812974
9.833787,60.483634,2.639981,57.843653
9.838403,60.527143,2.637296,57.889846
9.840203,60.543160,2.635762,57.907397
9.843605,60.575259,2.633078,57.942181
9.848450,60.622286,2.630394,57.991892
9.851044,60.647039,2.627709,58.019330
9.854317,60.680361,2.625792,58.054570
9.860572,60.721185,2.623107,58.098078
9.860572,60.741750,2.619272,58.122478
9.865184,60.789537,2.617355,58.172183
9.868488,60.820277,2.615821,58.204456
9.871195,60.847253,2.613136,58.234117
9.874514,60.878275,2.611219,58.267056
9.878343,60.914898,2.609685,58.305214
9.879756,60.930873,2.607384,58.323490
9.882966,60.957388,2.605850,58.351539
9.885947,60.986121,2.603932,58.382188
9.889434,61.017286,2.602015,58.415271
9.891834,61.042614,2.599714,58.442900
9.894657,61.069081,2.597029,58.472052
9.897920,61.099396,2.595112,58.504284
9.900585,61.121788,2.593578,58.528210
9.903710,61.150616,2.591661,58.558956
9.906592,61.177874,2.590127,58.587748
9.909639,61.208566,2.588209,58.620357
9.912727,61.238634,2.586292,58.652343
9.915530,61.268373,2.583224,58.685149
9.918576,61.301330,2.581306,58.720024
9.921648,61.327144,2.579772,58.747372
9.924801,61.353263,2.577855,58.775409
9.927785,61.381570,2.575937,58.805633
9.930520,61.400577,2.573253,58.827324
9.933902,61.430466,2.572102,58.858363
9.938341,61.473903,2.569801,58.904101
9.940001,61.491681,2.567500,58.924181
9.943030,61.520389,2.564049,58.956340
9.946052,61.548229,2.562898,58.985330
9.949392,61.577662,2.560597,59.017065
9.952053,61.601594,2.559063,59.042531
9.955017,61.623286,2.557529,59.065756
9.958122,61.653522,2.555995,59.097527
9.960778,61.676328,2.554845,59.121483
9.963864,61.705947,2.551010,59.154937
9.966700,61.734278,2.549476,59.184802
9.969813,61.762417,2.547175,59.215242
9.972831,61.789082,2.545258,59.243824
9.975806,61.813212,2.543724,59.269488
9.978859,61.837660,2.542190,59.295470
9.981899,61.859591,2.540272,59.319319
9.985353,61.884272,2.538738,59.345534
9.988647,61.910344,2.537204,59.373140
9.991144,61.935343,2.535287,59.400056
9.994141,61.962152,2.533753,59.428399
9.998380,62.002065,2.530685,59.471381
9.999973,62.017885,2.529151,59.488734
10.003386,62.047438,2.527233,59.520204
10.006341,62.071550,2.524932,59.546617
10.009493,62.097634,2.522631,59.575002
10.012489,62.120619,2.521097,59.599522
10.015608,62.144198,2.519180,59.625018
10.018748,62.170887,2.516495,59.654392
10.021748,62.193370,2.514962,59.678408
10.025030,62.218638,2.513428,59.705211
10.028112,62.245333,2.511510,59.733823
10.031136,62.267738,2.509593,59.758145
10.034358,62.291940,2.507675,59.784265
10.037644,62.321960,2.506525,59.815436
10.040444,62.338151,2.504607,59.833544
10.043853,62.362719,2.502690,59.860029
10.048373,62.398102,2.501156,59.896946
10.049948,62.408504,2.499622,59.908883
10.053084,62.431694,2.498855,59.932839
10.056095,62.452468,2.497321,59.955148
10.059476,62.477300,2.494636,59.982664
10.062200,62.498302,2.493102,60.005200
10.065467,62.523086,2.491185,60.031901
10.068817,62.550344,2.489267,60.061076
10.071696,62.571148,2.487350,60.083798
10.074632,62.591641,2.486199,60.105442
10.077586,62.620218,2.484665,60.135552
10.080481,62.632693,2.483131,60.149562
10.083900,62.653042,2.481214,60.171829
10.088562,62.676771,2.480063,60.196708
10.089891,62.685753,2.478529,60.207224
10.093729,62.707331,2.477762,60.229569
10.098360,62.739329,2.476228,60.263100
10.099944,62.752038,2.474695,60.277344
10.103380,62.777600,2.473161,60.304440
10.106418,62.800514,2.471627,60.328888
10.109432,62.823075,2.470093,60.352982
10.112293,62.840458,2.468942,60.371516
10.115165,62.857703,2.468175,60.389528
10.118510,62.874199,2.466641,60.407558
10.120933,62.886831,2.465107,60.421724
10.124446,62.902015,2.464340,60.437675
10.127522,62.921675,2.463190,60.458485
10.130208,62.928014,2.462423,60.465592
10.133606,62.946578,2.460505,60.486073
10.138566,62.961564,2.459738,60.501826
10.140012,62.982776,2.458204,60.524572
10.142889,63.004024,2.455903,60.548121
10.145688,63.025866,2.454369,60.571496
10.148799,63.049055,2.452835,60.596220
10.152071,63.070219,2.451301,60.618918
10.155119,63.084864,2.450534,60.634330
10.158386,63.097723,2.449384,60.648339
10.161497,63.107742,2.449384,60.658358
10.164591,63.119936,2.447850,60.672086
10.169225,63.131171,2.447466,60.683705
10.170342,63.140950,2.446699,60.694251
10.174192,63.151940,2.445549,60.706391
10.178294,63.169706,2.445165,60.724541
10.180262,63.176082,2.443631,60.732451
10.184038,63.195502,2.443248,60.752254
10.188501,63.218530,2.441330,60.777200
10.189935,63.227255,2.440563,60.786691
10.193330,63.246825,2.439413,60.807412
10.196348,63.262716,2.437879,60.824837
10.199544,63.278577,2.436728,60.841849
10.202288,63.291178,2.435961,60.855217
10.205552,63.301533,2.435195,60.866338
10.208656,63.310970,2.434428,60.876543
10.211427,63.318293,2.434428,60.883865
10.214623,63.324519,2.434428,60.890091
10.217617,63.331883,2.433277,60.898606
10.220401,63.337414,2.432510,60.904904
10.223698,63.346881,2.431743,60.915138
10.228626,63.355767,2.430976,60.924791
10.229734,63.368243,2.430209,60.938034
10.233111,63.379083,2.429442,60.949641
10.236315,63.389437,2.428675,60.960762
10.239514,63.398192,2.428292,60.969900
10.242389,63.402590,2.427908,60.974682
10.245483,63.410272,2.427525,60.982747
10.248703,63.416605,2.426758,60.989848
10.251806,63.423736,2.427141,60.996595
10.254910,63.430885,2.426374,61.004510
10.258040,63.439651,2.425607,61.014044
10.261288,63.449208,2.424840,61.024368
10.264376,63.458634,2.424073,61.034561
10.267459,63.469480,2.423690,61.045790
10.270570,63.478234,2.422923,61.055312
10.274047,63.486042,2.422539,61.063503
10.278659,63.494185,2.421772,61.072413
10.279968,63.500681,2.421389,61.079292
10.283121,63.504737,2.421005,61.083732
10.286042,63.506361,2.421005,61.085356
10.289363,63.507236,2.420622,61.086614
10.292259,63.507823,2.420622,61.087202
10.295316,63.508411,2.420622,61.087789
10.298765,63.509675,2.420622,61.089053
10.301559,63.512048,2.420238,61.091810
10.304641,63.514882,2.420622,61.094260
10.307620,63.518873,2.420238,61.098635
10.310466,63.522007,2.420238,61.101768
10.314026,63.527142,2.419088,61.108054
10.318507,63.532810,2.419855,61.112956
10.320013,63.535063,2.419088,61.115976
10.323657,63.537718,2.418321,61.119397
10.328650,63.535249,2.418704,61.116545
10.330314,63.534584,2.418704,61.115880
10.333853,63.533505,2.418704,61.114801
10.338667,63.534722,2.419088,61.115634
10.340093,63.535255,2.419088,61.116167
10.343599,63.535405,2.418704,61.116701
10.346338,63.534296,2.419088,61.115209
10.349452,63.534177,2.418704,61.115472
10.352170,63.532744,2.419088,61.113657
10.355125,63.532649,2.419088,61.113561
10.357972,63.532840,2.419088,61.113753
10.360612,63.532049,2.419088,61.112962
10.363850,63.531702,2.419088,61.112614
10.366824,63.530887,2.419088,61.111799
10.370032,63.529095,2.419471,61.109624
10.372822,63.528166,2.419471,61.108695
10.378794,63.526171,2.419471,61.106700
10.380202,63.525224,2.419471,61.105753
10.383080,63.522971,2.419855,61.103117
10.386216,63.520892,2.419471,61.101421
10.389349,63.516859,2.419855,61.097005
10.392305,63.512815,2.420238,61.092577
10.395169,63.508069,2.420238,61.087831
10.398279,63.502922,2.420238,61.082684
10.400831,63.497924,2.420238,61.077686
10.404064,63.493125,2.420238,61.072886
10.408572,63.488391,2.420238,61.068153
10.410003,63.485940,2.421389,61.064551
10.413133,63.483537,2.421389,61.062149
10.416121,63.480709,2.421005,61.059704
10.419426,63.476245,2.422156,61.054089
10.422045,63.470750,2.422156,61.048594
10.425021,63.460845,2.422923,61.037922
10.428442,63.448136,2.423690,61.024446
10.431074,63.436613,2.424840,61.011773
10.434541,63.421507,2.425224,60.996283
10.437486,63.403183,2.426758,60.976425
10.440307,63.394608,2.428292,60.966317
10.443696,63.379910,2.428675,60.951235
10.446505,63.368117,2.429442,60.938675
10.449499,63.356403,2.430593,60.925810
10.452435,63.346683,2.431360,60.915324
10.455724,63.337683,2.431743,60.905940
10.459589,63.326442,2.432510,60.893932
10.461908,63.318928,2.433277,60.885651
10.465289,63.305146,2.434044,60.871102
10.468808,63.291580,2.435195,60.856385
10.471419,63.279452,2.436345,60.843107
10.474545,63.265161,2.436728,60.828432
10.477563,63.249815,2.438262,60.811552
10.480309,63.243403,2.438646,60.804757
10.483756,63.231964,2.439796,60.792168
10.486753,63.219734,2.440563,60.779171
10.489988,63.209440,2.441330,60.768110
10.492855,63.197126,2.442481,60.754645
10.495908,63.184950,2.443248,60.741702
10.499396,63.166842,2.444782,60.722060
10.501760,63.151658,2.445549,60.706109
10.504711,63.130374,2.447466,60.682908
10.507863,63.103284,2.449000,60.654283
10.510442,63.088058,2.450918,60.637140
10.513765,63.067469,2.452452,60.615017
10.518397,63.042554,2.453602,60.588951
10.519919,63.037982,2.454369,60.583612
10.523397,63.022109,2.455520,60.566589
10.526482,63.013276,2.455903,60.557373
10.529481,63.000381,2.457437,60.542944
10.532239,62.990950,2.457437,60.533512
10.535104,62.977108,2.458588,60.518520
10.538349,62.962211,2.460122,60.502090
10.540830,62.943414,2.461272,60.482142
10.544117,62.920644,2.463190,60.457455
10.548588,62.884308,2.464724,60.419584
10.550336,62.867674,2.467408,60.400266
10.553464,62.840350,2.469326,60.371024
10.556400,62.817682,2.470476,60.347206
10.559495,62.797842,2.472010,60.325832
10.562250,62.783784,2.473161,60.310624
10.565231,62.768211,2.474311,60.293900
10.568555,62.753962,2.474311,60.279651
10.571236,62.741492,2.476228,60.265264
10.574732,62.721406,2.476995,60.244411
10.577865,62.698061,2.478913,60.219148
10.581473,62.675986,2.480830,60.195156
10.584624,62.650112,2.481981,60.168131
10.587719,62.617449,2.483898,60.133551
10.590544,62.595854,2.486966,60.108887
10.593927,62.568763,2.488884,60.079880
10.598487,62.537658,2.489267,60.048391
10.599803,62.524787,2.491568,60.033219
10.603403,62.506433,2.493102,60.013331
10.606520,62.488056,2.494253,59.993803
10.609767,62.466814,2.496170,59.970643
10.612587,62.445931,2.497704,59.948227
10.615515,62.423407,2.498855,59.924552
10.618713,62.400559,2.500772,59.899787
10.621336,62.376405,2.502306,59.874098
10.624668,62.348589,2.504607,59.843982
10.627697,62.316477,2.505758,59.810720
10.630497,62.297938,2.508442,59.789496
10.634143,62.269254,2.509976,59.759278
10.638453,62.233001,2.512277,59.720724
10.640112,62.216721,2.513811,59.702910
10.644026,62.189930,2.515728,59.674202
10.648294,62.156045,2.516879,59.639166
10.650015,62.144821,2.519180,59.625641
10.653365,62.119541,2.521097,59.598443
10.656404,62.096789,2.522631,59.574157
10.659722,62.068638,2.525316,59.543322
10.662795,62.043483,2.527233,59.516249
10.665848,62.015314,2.529151,59.486163
10.669094,61.985671,2.530685,59.454986
10.671697,61.960528,2.532602,59.427926
10.675005,61.930142,2.535287,59.394855
10.677990,61.902830,2.536821,59.366009
10.680845,61.880725,2.538355,59.342370
10.684103,61.854737,2.539889,59.314849
10.687652,61.821517,2.541806,59.279711
10.690342,61.802648,2.543724,59.258924
10.693763,61.772214,2.545641,59.226573
10.696593,61.746070,2.547559,59.198512
10.699734,61.714929,2.549860,59.165070
10.702358,61.690380,2.552161,59.138219
10.705192,61.666753,2.554462,59.112291
10.708409,61.643198,2.555612,59.087586
10.711557,61.616041,2.557146,59.058895
10.714463,61.592858,2.559063,59.033795
10.717607,61.557217,2.560597,58.996619
10.720215,61.538528,2.563665,58.974862
10.723584,61.505751,2.565583,58.940168
10.726476,61.475682,2.567500,58.908182
10.729534,61.444242,2.569801,58.874440
10.732360,61.416900,2.570952,58.845948
10.735490,61.389725,2.573636,58.816089
10.738517,61.365823,2.575937,58.789886
10.741445,61.338894,2.578238,58.760656
10.744801,61.307627,2.579772,58.727855
10.748088,61.274809,2.583224,58.691585
10.750686,61.248078,2.584758,58.663320
10.754039,61.215900,2.586292,58.629609
10.758479,61.176340,2.587826,58.588515
10.759966,61.163170,2.589743,58.573427
10.763231,61.134473,2.592044,58.542429
10.766859,61.103692,2.593962,58.509730
10.769960,61.074151,2.597029,58.477121
10.773195,61.043070,2.599330,58.443739
10.776345,61.008291,2.601631,58.406660
10.779541,60.976120,2.603549,58.372571
10.782113,60.949713,2.605850,58.343863
10.785066,60.922131,2.607767,58.314364
10.788235,60.893974,2.610452,58.283522
10.790987,60.863660,2.611986,58.251674
10.794198,60.833364,2.613520,58.219844
10.798511,60.794954,2.616971,58.177983
10.800585,60.774995,2.618505,58.156489
10.804312,60.737478,2.621573,58.115905
10.807854,60.704617,2.623491,58.081127
10.810872,60.677743,2.625408,58.052334
10.813824,60.647860,2.627326,58.020534
10.818325,60.604129,2.629243,57.974886
10.819958,60.587477,2.631928,57.955550
10.822876,60.559644,2.634229,57.925416
10.826028,60.529857,2.635762,57.894095
10.829425,60.496961,2.637680,57.859281
10.831966,60.469864,2.639214,57.830650
10.834896,60.441749,2.642665,57.799084
10.837989,60.409290,2.644583,57.764707
10.840991,60.380318,2.646500,57.733818
10.844395,60.346415,2.648034,57.698380
10.848558,60.310828,2.650719,57.660109
10.850534,60.291647,2.652636,57.639011
10.854084,60.262807,2.654170,57.608637
10.858374,60.220329,2.656471,57.563857
10.859954,60.203155,2.659539,57.543616
10.863585,60.167832,2.661840,57.505992
10.866638,60.136217,2.663758,57.472460
10.869758,60.102853,2.666826,57.436028
10.873101,60.072413,2.668743,57.403670
10.876376,60.042063,2.671428,57.370636
10.879588,60.012708,2.672962,57.339746
10.882604,59.983221,2.675262,57.307958
10.885832,59.951199,2.677563,57.273635
10.889331,59.916624,2.679481,57.237144
10.891949,59.890259,2.682165,57.208094
10.894963,59.860736,2.683699,57.177037
10.898031,59.832609,2.686000,57.146609
10.900731,59.811978,2.687534,57.124444
10.904047,59.785122,2.689835,57.095286
10.908435,59.745544,2.691753,57.053791
10.910176,59.726830,2.693670,57.033160
10.913762,59.689457,2.696355,56.993103
10.918484,59.659779,2.699806,56.959972
10.919716,59.629926,2.701340,56.928586
10.922819,59.601487,2.703258,56.898230
10.925601,59.574816,2.705175,56.869641
10.928746,59.546516,2.706709,56.839807
10.931532,59.521900,2.709394,56.812506
10.934694,59.492916,2.711695,56.781222
10.937893,59.458677,2.713612,56.745065
10.940742,59.436159,2.716296,56.719862
10.944247,59.406228,2.718214,56.688014
10.948544,59.370060,2.719748,56.650312
10.950132,59.354810,2.722432,56.632378
10.954051,59.322399,2.723583,56.598816
10.956991,59.296974,2.725117,56.571857
10.960059,59.270447,2.727418,56.543029
10.963022,59.243920,2.730486,56.513434
10.966506,59.211191,2.732020,56.479171
10.969826,59.177755,2.734321,56.443434
10.972935,59.150952,2.736622,56.414331
10.978352,59.118146,2.738539,56.379606
10.979873,59.090917,2.740840,56.350077
10.983130,59.066002,2.742374,56.323628
10.985759,59.039223,2.744675,56.294548
10.988728,59.014913,2.746209,56.268704
10.991679,58.992880,2.747360,56.245521
10.994744,58.968912,2.749277,56.219635
10.997984,58.938778,2.751195,56.187583
11.001122,58.919663,2.753496,56.166167
11.004723,58.888761,2.755029,56.133732
11.007820,58.855619,2.758097,56.097522
11.010406,58.836121,2.759248,56.076873
11.013672,58.808593,2.761165,56.047428
11.016475,58.785523,2.763083,56.022440
11.019631,58.760404,2.764617,55.995788
11.022197,58.740553,2.765767,55.974785
11.025059,58.720305,2.768068,55.952237
11.028218,58.696726,2.768452,55.928274
11.031094,58.675676,2.771136,55.904540
11.034211,58.649724,2.773437,55.876287
11.037802,58.614335,2.775355,55.838980
11.040951,58.593884,2.776505,55.817378
11.044564,58.563593,2.778806,55.784787
11.047752,58.536024,2.780724,55.755300
11.050538,58.522955,2.782258,55.740697
11.053976,58.502666,2.783408,55.719258
11.058698,58.486085,2.784942,55.701143
11.060069,58.467168,2.786093,55.681076
11.063039,58.446322,2.788010,55.658312
11.066209,58.418273,2.789928,55.628345
11.066209,58.418273,2.791845,55.626428
11.072523,58.362504,2.793763,55.568742
11.075064,58.339267,2.795680,55.543587
11.078363,58.313345,2.797597,55.515747
11.081234,58.293888,2.798748,55.495141
11.084253,58.278758,2.799898,55.478860
11.088593,58.259266,2.801049,55.458217
11.089669,58.250925,2.801432,55.449493
11.093127,58.234914,2.803350,55.431564
11.096039,58.217783,2.804500,55.413282
11.099685,58.196924,2.805651,55.391273
11.102209,58.172794,2.807952,55.364842
11.105380,58.145967,2.809869,55.336098
11.109356,58.115539,2.812170,55.303369
11.112434,58.092386,2.814855,55.277531
11.115080,58.074314,2.816005,55.258308
11.118325,58.059908,2.816389,55.243520
11.121246,58.044886,2.817539,55.227347
11.124502,58.033729,2.818690,55.215039
11.127778,58.017868,2.819840,55.198028
11.130831,58.005800,2.820607,55.185193
11.134017,57.987925,2.821374,55.166551
11.138552,57.961991,2.824059,55.137933
11.140087,57.947796,2.825976,55.121820
11.143538,57.924678,2.826360,55.098319
11.146440,57.903862,2.828277,55.075585
11.149649,57.880978,2.829811,55.051167
11.152503,57.864074,2.830578,55.033496
11.155571,57.849507,2.831345,55.018162
11.159339,57.837715,2.832496,55.005219
11.161587,57.828853,2.833263,54.995590
11.164525,57.818127,2.833263,54.984864
11.168538,57.808060,2.835180,54.972880
11.170466,57.796633,2.835563,54.961070
11.174011,57.782540,2.836330,54.946209
11.178499,57.760543,2.838248,54.922295
11.180365,57.748331,2.839398,54.908932
11.183440,57.730091,2.840932,54.889158
11.188448,57.715362,2.841699,54.873663
11.189471,57.699687,2.843233,54.856453
11.192777,57.685138,2.844000,54.841137
11.195931,57.671668,2.844384,54.827284
11.199628,57.660654,2.845534,54.815120
11.201905,57.648868,2.847068,54.801799
11.204980,57.640107,2.847068,54.793039
11.208355,57.628926,2.847835,54.781090
11.211430,57.619243,2.848219,54.771024
11.213838,57.611806,2.848986,54.762821
11.218472,57.600301,2.849369,54.750932
11.220188,57.595370,2.850136,54.745234
11.223711,57.587778,2.850903,54.736875
11.229479,57.577615,2.852054,54.725562
11.230262,57.567752,2.852054,54.715699
11.233407,57.555906,2.852821,54.703085
11.236261,57.544036,2.853588,54.690448
11.239508,57.532722,2.853971,54.678751
11.242019,57.521565,2.855505,54.666060
11.245499,57.511133,2.856272,54.654861
11.249395,57.500545,2.857039,54.643506
11.251594,57.496380,2.857039,54.639341
11.254536,57.494325,2.857423,54.636902
11.257617,57.492042,2.857423,54.634619
11.260525,57.489292,2.857806,54.631485
11.263645,57.483264,2.857806,54.625457
11.266529,57.476391,2.858190,54.618201
11.269977,57.468241,2.858573,54.609668
11.272917,57.463088,2.859724,54.603364
11.275845,57.456802,2.860107,54.596695
11.279454,57.449067,2.860491,54.588576
11.282194,57.444560,2.860874,54.583686
11.285394,57.439557,2.861258,54.578299
11.288683,57.434841,2.861641,54.573200
11.291721,57.429496,2.861258,54.568239
11.294887,57.425649,2.861258,54.564392
11.297916,57.425613,2.861641,54.563972
11.300559,57.425182,2.861641,54.563541
11.304028,57.426458,2.861641,54.564817
11.308602,57.425895,2.862025,54.563870
11.309860,57.425482,2.862025,54.563457
11.312961,57.424583,2.862025,54.562558
11.316394,57.422587,2.862408,54.560179
11.319645,57.421862,2.862408,54.559454
11.322556,57.420310,2.862408,54.557902
11.325381,57.419214,2.862408,54.556806
11.328563,57.417266,2.862408,54.554858
11.331408,57.416505,2.862408,54.554097
11.334543,57.414540,2.862792,54.551748
11.338669,57.412605,2.862792,54.549813
11.340366,57.411502,2.863175,54.548327
11.343729,57.410837,2.863175,54.547662
11.346669,57.410741,2.863559,54.547182
11.349761,57.411274,2.863175,54.548099
11.352702,57.412275,2.863175,54.549100
11.355750,57.413102,2.863175,54.549927
11.359505,57.414133,2.862408,54.551724
11.361856,57.414049,2.862792,54.551257
11.365051,57.415025,2.862792,54.552234
11.368390,57.415768,2.862408,54.553360
11.370773,57.417452,2.862792,54.554661
11.374007,57.419915,2.862792,54.557123
11.378682,57.423648,2.862025,54.561623
11.380192,57.425152,2.862025,54.563127
11.383569,57.430773,2.861641,54.569131
11.386379,57.435962,2.861258,54.574704
11.389635,57.440150,2.861258,54.578893
11.392493,57.442439,2.861258,54.581182
11.395480,57.443062,2.860874,54.582188
11.398561,57.444513,2.860874,54.583638
11.401248,57.445220,2.860491,54.584729
11.404630,57.447784,2.860107,54.587677
11.407765,57.453597,2.860107,54.593489
11.410388,57.459031,2.859724,54.599308
11.413823,57.467103,2.858957,54.608146
11.416781,57.476870,2.857806,54.619064
11.420026,57.489693,2.857039,54.632654
11.422889,57.497531,2.857423,54.640108
11.425901,57.507166,2.856656,54.650510
11.428901,57.517664,2.855122,54.662543
11.431906,57.524681,2.854738,54.669943
11.435075,57.531650,2.854738,54.676912
11.438314,57.538331,2.854355,54.683976
11.441027,57.543125,2.853204,54.689920
11.444565,57.550064,2.853204,54.696859
11.447670,57.561868,2.852821,54.709047
11.450324,57.567543,2.851670,54.715872
11.453490,57.577484,2.851287,54.726197
11.456456,57.591199,2.850520,54.740680
11.459542,57.604448,2.849369,54.755079
11.462355,57.618278,2.847835,54.770442
11.465235,57.634852,2.847068,54.787784
11.468615,57.649143,2.846301,54.802842
11.470961,57.661079,2.845534,54.815545
11.474179,57.672608,2.844767,54.827841
11.478457,57.684119,2.844384,54.839735
11.480206,57.689518,2.843233,54.846285
11.483801,57.700789,2.842466,54.858323
11.486667,57.712072,2.841699,54.870373
11.489723,57.725345,2.840549,54.884796
11.492547,57.739930,2.839782,54.900148
11.495680,57.757588,2.837864,54.919724
11.498820,57.774750,2.836714,54.938036
11.501474,57.793715,2.835563,54.958151
11.504690,57.810912,2.833646,54.977266
11.507765,57.830488,2.832879,54.997609
11.510648,57.843731,2.830962,55.012770
11.514637,57.864835,2.830195,55.034641
11.517875,57.883069,2.829044,55.054025
11.520430,57.894970,2.828277,55.066693
11.523757,57.909968,2.827510,55.082458
11.528837,57.923894,2.826360,55.097534
11.529816,57.939317,2.824826,55.114492
11.533455,57.955023,2.824442,55.130580
11.536580,57.972424,2.822908,55.149515
11.539757,57.992282,2.820991,55.171291
11.542543,58.009856,2.820224,55.189633
11.545664,58.030643,2.819073,55.211570
11.548942,58.055570,2.817156,55.238414
11.551630,58.075548,2.815238,55.260310
11.555050,58.101446,2.813704,55.287742
11.558002,58.123539,2.812937,55.310601
11.560830,58.141899,2.811403,55.330495
11.564144,58.161403,2.809486,55.351917
11.567055,58.174334,2.809102,55.365232
11.569949,58.191154,2.807568,55.383585
11.573522,58.206038,2.806034,55.400004
11.576366,58.222055,2.805651,55.416404
11.579445,58.241793,2.803733,55.438060
11.582142,58.263532,2.801049,55.462484
11.585286,58.286488,2.799898,55.486590
11.588485,58.314256,2.798364,55.515891
11.591575,58.344108,2.796830,55.547278
11.594499,58.369293,2.793763,55.575531
11.597693,58.398319,2.792996,55.605324
11.601257,58.418207,2.790695,55.627512
11.604725,58.440024,2.789161,55.650864
11.607882,58.462596,2.788394,55.674203
11.610603,58.474641,2.786476,55.688164
11.613632,58.492833,2.785709,55.707124
11.616547,58.512247,2.784559,55.727688
11.619589,58.539481,2.781491,55.757991
11.622418,58.564900,2.779573,55.785327
11.625404,58.595507,2.777656,55.817852
11.628657,58.622011,2.776122,55.845889
11.631285,58.647735,2.774588,55.873147
11.634613,58.672997,2.772670,55.900327
11.637637,58.699968,2.771136,55.928832
11.640494,58.714667,2.769219,55.945448
11.643771,58.736700,2.768452,55.968248
11.648517,58.757085,2.766534,55.990550
11.649824,58.780993,2.764233,56.016760
11.652830,58.808899,2.763083,56.045816
11.656164,58.841112,2.760398,56.080714
11.659860,58.870288,2.758481,56.111807
11.662147,58.896210,2.756180,56.140030
11.665589,58.925984,2.754646,56.171338
11.668793,58.954147,2.752345,56.201802
11.671433,58.976564,2.750044,56.226520
11.674757,59.004014,2.748510,56.255504
11.677810,59.033543,2.746593,56.286950
11.680605,59.051669,2.745059,56.306610
11.683967,59.079880,2.743908,56.335972
11.688641,59.118157,2.740840,56.377317
11.690236,59.133761,2.739306,56.394455
11.693772,59.164375,2.737389,56.426986
11.696720,59.189679,2.734704,56.454975
11.699770,59.218412,2.732787,56.485625
11.702832,59.246850,2.730486,56.516364
11.705903,59.273431,2.728568,56.544863
11.709506,59.302792,2.726267,56.576525
11.712008,59.326779,2.723966,56.602812
11.715305,59.355853,2.722816,56.633037
11.718348,59.382715,2.720898,56.661817
11.721193,59.410884,2.718597,56.692287
11.724508,59.444841,2.715913,56.728928
11.727634,59.483113,2.713996,56.769118
11.730343,59.501263,2.712078,56.789185
11.733689,59.528563,2.710544,56.818019
11.738588,59.552682,2.707093,56.845589
11.739855,59.580515,2.706326,56.874189
11.743261,59.612830,2.704025,56.908806
11.746231,59.639915,2.702107,56.937808
11.749380,59.669162,2.699039,56.970123
11.752108,59.696294,2.697122,56.999173
11.755058,59.724775,2.694437,57.030338
11.758205,59.758403,2.693287,57.065116
11.760919,59.782479,2.691753,57.090726
11.764390,59.813482,2.689835,57.123647
11.767061,59.838853,2.688301,57.150551
11.770043,59.867321,2.684850,57.182471
11.773413,59.900991,2.682549,57.218442
11.776643,59.935314,2.680248,57.255066
11.779581,59.964495,2.677180,57.287315
11.782641,59.992173,2.675646,57.316527
11.785674,60.021199,2.673345,57.347854
11.788994,60.048019,2.671811,57.376208
11.791788,60.072353,2.668743,57.403610
11.795058,60.103327,2.666826,57.436501
11.798259,60.132568,2.664908,57.467660
11.801016,60.162091,2.663374,57.498717
11.804279,60.196834,2.660306,57.536527
11.808584,60.237945,2.658005,57.579940
11.810094,60.258594,2.656088,57.602507
11.813813,60.289460,2.653020,57.636440
11.818477,60.334526,2.650719,57.683808
11.820377,60.352473,2.648034,57.704438
11.824119,60.393489,2.645733,57.747755
11.828456,60.434732,2.643049,57.791684
11.829635,60.452098,2.642282,57.809816
11.833098,60.478667,2.639981,57.838686
11.835904,60.504822,2.638830,57.865992
11.839486,60.536431,2.636146,57.900285
11.841916,60.559326,2.633845,57.925481
11.845078,60.590018,2.632311,57.957707
11.848171,60.620668,2.630394,57.990274
11.851207,60.648351,2.627326,58.021026
11.854401,60.681727,2.625408,58.056319
11.857900,60.720958,2.623491,58.097467
11.860844,60.744692,2.620039,58.124653
11.864427,60.777823,2.618122,58.159701
11.869244,60.820906,2.615821,58.205085
11.870263,60.840956,2.613520,58.227436
11.874039,60.872366,2.611602,58.260764
11.878499,60.914677,2.610068,58.304608
11.879726,60.930460,2.607384,58.323076
11.883687,60.963752,2.605466,58.358286
11.888524,60.992251,2.603549,58.388702
11.889774,61.023446,2.601631,58.421814
11.892883,61.053484,2.598563,58.454921
11.895993,61.080850,2.596262,58.484587
11.899481,61.111548,2.594729,58.516819
11.902286,61.136750,2.591661,58.545090
11.905339,61.165309,2.590127,58.575182
11.908669,61.195455,2.588593,58.606863
11.911162,61.222390,2.586292,58.636098
11.914416,61.256706,2.584758,58.671949
11.918483,61.297285,2.582840,58.714445
11.920073,61.313344,2.579772,58.733572
11.923567,61.342555,2.578238,58.764317
11.926584,61.367183,2.576704,58.790479
11.929523,61.391655,2.575554,58.816101
11.932473,61.415905,2.572486,58.843419
11.935457,61.444308,2.570952,58.873356
11.938740,61.473819,2.568267,58.905551
11.941252,61.501994,2.566350,58.935644
11.944749,61.534693,2.564432,58.970260
11.947795,61.569207,2.562515,59.006692
11.950501,61.588562,2.559447,59.029115
11.953884,61.615400,2.557913,59.057487
11.958474,61.652192,2.555995,59.096196
11.960067,61.667106,2.553695,59.113412
11.963681,61.699098,2.552161,59.146938
11.966671,61.730497,2.550243,59.180254
11.969785,61.760673,2.548326,59.212348
11.972516,61.784270,2.546408,59.237862
11.975483,61.808832,2.544107,59.264725
11.978583,61.832273,2.542190,59.290083
11.981486,61.855253,2.540656,59.314597
11.984870,61.880324,2.539505,59.340818
11.988216,61.909086,2.536437,59.372648
11.990993,61.932413,2.534903,59.397510
11.994395,61.962206,2.533369,59.428837
11.998399,62.001454,2.531068,59.470386
11.999914,62.018616,2.528767,59.489848
12.003551,62.046814,2.526850,59.519965
12.006634,62.071586,2.524932,59.546653
12.009520,62.096465,2.523398,59.573067
12.012388,62.118019,2.521864,59.596154
12.015159,62.139776,2.519947,59.619829
12.018577,62.164206,2.517262,59.646943
12.021158,62.186706,2.515345,59.671361
12.024582,62.213030,2.514578,59.698452
12.027617,62.244542,2.512277,59.732265
12.030243,62.260457,2.510743,59.749714
12.033757,62.286283,2.508059,59.778225
12.038505,62.320912,2.506525,59.814387
12.039976,62.334052,2.504991,59.829062
12.043055,62.357260,2.503840,59.853420
12.045876,62.379131,2.502690,59.876441
12.049528,62.403363,2.500389,59.902974
12.051747,62.420039,2.498855,59.921184
12.055207,62.444211,2.497321,59.946891
12.058500,62.466879,2.495020,59.971860
12.061131,62.489044,2.493102,59.995942
12.064841,62.517363,2.491185,60.026178
12.069160,62.546179,2.490034,60.056145
12.070711,62.562999,2.488117,60.074882
12.074082,62.586973,2.486199,60.100774
12.078500,62.619259,2.485049,60.134210
12.080298,62.632436,2.482364,60.150071
12.084048,62.653534,2.481981,60.171553
12.088468,62.676735,2.480830,60.195905
12.089982,62.685088,2.479680,60.205408
12.092983,62.703280,2.478529,60.224751
12.095855,62.722036,2.476995,60.245040
12.098877,62.743937,2.475078,60.268859
12.101991,62.765095,2.473544,60.291551
12.105272,62.791149,2.472394,60.318755
12.108597,62.813943,2.470093,60.343850
12.111112,62.832542,2.468942,60.363600
12.114502,62.853604,2.468175,60.385429
12.118390,62.875697,2.466258,60.409440
12.119928,62.883014,2.464724,60.418290
12.123676,62.899660,2.463957,60.435703
12.126720,62.912459,2.463190,60.449269
12.129773,62.926864,2.462039,60.464825
12.132602,62.940454,2.461272,60.479182
12.135534,62.955039,2.460505,60.494534
12.138637,62.973878,2.458588,60.515290
12.141306,62.993844,2.456670,60.537174
12.144740,63.018861,2.455136,60.563725
12.147906,63.047593,2.452835,60.594758
12.150994,63.064065,2.451301,60.612764
12.154418,63.082311,2.450918,60.631394
12.157652,63.100162,2.449767,60.650395
12.160472,63.106388,2.448617,60.657771
12.163956,63.119385,2.448233,60.671151
12.166876,63.127462,2.447466,60.679996
12.169801,63.139308,2.446699,60.692609
12.172662,63.149255,2.445932,60.703323
12.175886,63.161653,2.445165,60.716488
12.179446,63.175261,2.444782,60.730479
12.181995,63.186137,2.443248,60.742889
12.184938,63.201686,2.442097,60.759589
12.188199,63.219998,2.440947,60.779051
12.191056,63.235176,2.439796,60.795380
12.194503,63.254147,2.438646,60.815501
12.198476,63.275587,2.437879,60.837708
12.200269,63.282466,2.436728,60.845737
12.203479,63.295924,2.435961,60.859963
12.206345,63.303498,2.435195,60.868304
12.209541,63.312235,2.434428,60.877807
12.212379,63.320264,2.434044,60.886220
12.215791,63.326262,2.432894,60.893369
12.218871,63.333944,2.432894,60.901051
12.222077,63.342896,2.432127,60.910770
12.224980,63.351471,2.431743,60.919728
12.228311,63.363389,2.430593,60.932797
12.231022,63.373444,2.430209,60.943235
12.234312,63.383834,2.429059,60.954776
12.238518,63.396634,2.429059,60.967575
12.239747,63.399971,2.427908,60.972063
12.243253,63.405772,2.427908,60.977864
12.246094,63.412105,2.427525,60.984581
12.249507,63.418918,2.427141,60.991777
12.252159,63.425174,2.426374,60.998800
12.255191,63.431586,2.425224,61.006362
12.258399,63.441239,2.425224,61.016015
12.261019,63.448681,2.424840,61.023841
12.264294,63.458466,2.424073,61.034393
12.267177,63.468910,2.423306,61.045604
12.270061,63.477455,2.422539,61.054916
12.273708,63.484867,2.422539,61.062328
12.276538,63.492687,2.422156,61.070532
12.279670,63.499710,2.421005,61.078705
12.282471,63.503078,2.421005,61.082072
12.285471,63.505924,2.421005,61.084919
12.288560,63.507727,2.421005,61.086722
12.291202,63.507919,2.420622,61.087297
12.294419,63.508153,2.420622,61.087531
12.298693,63.509291,2.421005,61.088286
12.300359,63.511017,2.420238,61.090779
12.304292,63.514223,2.420238,61.093985
12.308410,63.519712,2.419855,61.099857
12.310121,63.522510,2.419855,61.102655
12.313683,63.526549,2.419855,61.106694
12.318486,63.531115,2.419088,61.112027
12.319777,63.535399,2.418704,61.116695
12.323248,63.537544,2.418704,61.118840
12.326132,63.536891,2.418704,61.118187
12.329440,63.534602,2.419088,61.115514
12.332096,63.534039,2.419088,61.114951
12.335096,63.533697,2.418704,61.114993
12.338079,63.534668,2.418704,61.115964
12.340942,63.535183,2.418704,61.116479
12.344097,63.535729,2.418704,61.117024
12.348520,63.534003,2.419088,61.114915
12.349965,63.533535,2.419088,61.114448
12.353634,63.532613,2.419088,61.113525
12.356698,63.532619,2.419471,61.113147
12.359605,63.533242,2.419088,61.114154
12.362262,63.532631,2.419088,61.113543
12.365369,63.531097,2.419088,61.112009
12.368757,63.529688,2.419471,61.110217
12.371497,63.528676,2.419855,61.108821
12.375158,63.527130,2.419471,61.107659
12.378645,63.525776,2.419855,61.105921
12.381418,63.523900,2.419471,61.104429
12.384580,63.522492,2.419855,61.102637
12.387897,63.518477,2.419855,61.098623
12.390551,63.516332,2.419471,61.096861
12.394036,63.510004,2.420238,61.089766
12.398560,63.502502,2.420238,61.082264
12.400653,63.498290,2.420622,61.077668
12.404217,63.492250,2.420622,61.071628
12.408623,63.487738,2.420622,61.067116
12.409958,63.486282,2.421005,61.065276
12.413262,63.484106,2.421772,61.062334
12.416244,63.481853,2.421389,61.060465
12.419438,63.477455,2.422156,61.055300
12.422263,63.470564,2.422539,61.048025
12.425146,63.460959,2.423306,61.037653
12.428195,63.448507,2.423690,61.024818
12.431002,63.438249,2.425224,61.013025
12.434222,63.423862,2.425607,60.998255
12.437697,63.404531,2.426758,60.977774
12.440660,63.394704,2.427908,60.966796
12.444076,63.378268,2.428675,60.949593
12.448499,63.360687,2.429826,60.930861
12.449952,63.352646,2.430976,60.921669
12.453721,63.342657,2.431743,60.910914
12.458572,63.334268,2.432127,60.902141
12.459776,63.324207,2.432510,60.891697
12.462924,63.315938,2.433661,60.882277
12.465878,63.303384,2.434428,60.868957
12.469399,63.290513,2.435578,60.854935
12.471966,63.278002,2.436345,60.841657
12.475287,63.263711,2.437112,60.826599
12.478799,63.250678,2.438646,60.812032
12.481567,63.240491,2.439413,60.801078
12.484760,63.227285,2.440180,60.787105
12.487920,63.215762,2.441330,60.774431
12.490793,63.206066,2.441714,60.764353
12.494066,63.192956,2.442481,60.750475
12.498537,63.171684,2.444015,60.727669
12.500000,63.163439,2.445549,60.717890
12.503328,63.141981,2.447466,60.694514
12.506125,63.119996,2.448233,60.671762
12.509519,63.096674,2.450151,60.646524
12.512022,63.077638,2.451301,60.626336
12.515101,63.061339,2.452452,60.608887
12.518218,63.043195,2.453219,60.589976
12.520891,63.031852,2.455136,60.576716
12.524209,63.019382,2.455136,60.564246
12.528391,63.004522,2.456287,60.548235
12.529669,62.997020,2.456670,60.540349
12.533454,62.986923,2.458588,60.528335
12.536410,62.970660,2.460122,60.510539
12.539595,62.952360,2.460505,60.491855
12.542235,62.935301,2.462039,60.473262
12.545103,62.913771,2.463957,60.449815
12.548371,62.887688,2.465491,60.422197
12.551134,62.861083,2.468175,60.392908
12.554467,62.834514,2.469709,60.364805
12.557555,62.805212,2.470860,60.334353
12.560269,62.793282,2.472777,60.320505
12.563988,62.773496,2.473544,60.299952
12.567059,62.761476,2.474311,60.287165
12.570039,62.745501,2.475461,60.270039
12.573220,62.731030,2.476228,60.254801
12.576289,62.715522,2.478146,60.237376
12.579533,62.693921,2.479296,60.214624
12.582267,62.671246,2.480830,60.190416
12.585162,62.647614,2.482364,60.165249
12.588466,62.619912,2.484282,60.135630
12.591307,62.590988,2.487350,60.103638
12.594466,62.565204,2.488884,60.076320
12.597656,62.537766,2.490418,60.047348
12.600607,62.522552,2.491952,60.030600
12.604303,62.500040,2.492719,60.007321
12.608727,62.473848,2.495020,59.978829
12.610795,62.459317,2.497321,59.961997
12.614088,62.434954,2.498471,59.936482
12.618480,62.400786,2.500005,59.900781
12.620044,62.389084,2.501156,59.887928
12.623171,62.362581,2.503840,59.858741
12.626083,62.337180,2.505374,59.831806
12.629447,62.307591,2.507292,59.800300
12.632462,62.283113,2.509209,59.773904
12.635779,62.254297,2.511127,59.743171
12.638937,62.228843,2.512661,59.716182
12.641660,62.206858,2.514578,59.692280
12.644969,62.182452,2.515728,59.666723
12.648059,62.157944,2.518029,59.639915
12.650830,62.138817,2.519563,59.619254
12.654409,62.112386,2.521481,59.590905
12.657588,62.080886,2.523398,59.557487
12.660219,62.065791,2.526083,59.539709
12.663614,62.038881,2.527233,59.511648
12.666526,62.010412,2.529151,59.481262
12.669600,61.981117,2.530685,59.450432
12.672542,61.953320,2.532602,59.420717
12.675525,61.927218,2.534520,59.392698
12.678708,61.900211,2.537588,59.362624
12.681569,61.875386,2.539122,59.336264
12.684913,61.848422,2.540272,59.308149
12.687985,61.820690,2.541806,59.278884
12.690601,61.799879,2.544491,59.255389
12.693996,61.770542,2.546408,59.224134
12.696906,61.742847,2.548326,59.194521
12.700056,61.711999,2.549860,59.162140
12.702975,61.685005,2.552161,59.132844
12.706115,61.658232,2.554845,59.103387
12.709443,61.633215,2.555995,59.077219
12.712315,61.610547,2.557913,59.052634
12.715150,61.585787,2.559063,59.026724
12.718200,61.557235,2.560981,58.996254
12.720922,61.530192,2.564432,58.965760
12.724171,61.497967,2.565966,58.932001
12.728579,61.453463,2.568267,58.885196
12.730614,61.431682,2.570952,58.860730
12.734133,61.400877,2.572486,58.828391
12.738351,61.364091,2.574787,58.789304
12.739907,61.349051,2.577855,58.771196
12.743903,61.315956,2.579772,58.736184
12.748440,61.272370,2.581306,58.691064
12.750035,61.255382,2.584374,58.671008
12.753370,61.222911,2.585525,58.637386
12.756431,61.194682,2.587442,58.607240
12.759655,61.166681,2.589360,58.577321
12.762497,61.142041,2.591277,58.550764
12.765620,61.114436,2.593578,58.520858
12.769066,61.081785,2.595879,58.485906
12.771904,61.055318,2.598563,58.456754
12.775562,61.017399,2.600864,58.416535
12.778822,60.981884,2.603549,58.378335
12.781757,60.952553,2.605466,58.347086
12.784778,60.924965,2.607767,58.317198
12.787942,60.888204,2.610068,58.278135
12.790818,60.865463,2.611986,58.253478
12.794302,60.832261,2.614670,58.217591
12.798538,60.793390,2.616204,58.177186
12.800002,60.774323,2.618505,58.155818
12.804119,60.739012,2.620423,58.118589
12.808439,60.701190,2.623107,58.078083
12.809743,60.684580,2.625025,58.059555
12.813450,60.653546,2.627709,58.025837
12.818416,60.604417,2.629627,57.974791
12.819869,60.586105,2.632311,57.953794
12.823751,60.553796,2.634229,57.919567
12.828649,60.522505,2.636146,57.886359
12.829836,60.491532,2.637680,57.853852
12.833051,60.460307,2.640748,57.819559
12.836170,60.430382,2.643049,57.787333
12.839500,60.396802,2.645350,57.751453
12.842106,60.369287,2.646500,57.722786
12.845197,60.339158,2.648801,57.690357
12.848603,60.312823,2.651486,57.661337
12.851049,60.288543,2.653020,57.635523
12.854476,60.258373,2.654937,57.603435
12.858487,60.219717,2.657622,57.562096
12.860050,60.200639,2.659923,57.540716
12.863809,60.166831,2.661840,57.504991
12.869161,60.133803,2.663758,57.470045
12.869904,60.099198,2.667593,57.431606
12.873888,60.065486,2.669510,57.395976
12.878534,60.022865,2.672195,57.350670
12.880146,60.005038,2.673729,57.331310
12.883692,59.972561,2.675262,57.297298
12.886556,59.944140,2.677563,57.266577
12.889818,59.909026,2.681015,57.228012
12.892762,59.881391,2.682549,57.198842
12.896039,59.852778,2.684466,57.168312
12.899517,59.825580,2.686000,57.139580
12.902071,59.803559,2.688685,57.114874
12.905089,59.777793,2.690219,57.087574
12.908197,59.746305,2.692520,57.053785
12.911013,59.719682,2.694821,57.024861
12.914386,59.683549,2.696355,56.987195
12.918578,59.640676,2.699806,56.940870
12.920695,59.622394,2.701724,56.920670
12.924034,59.588395,2.703641,56.884753
12.928535,59.550806,2.706709,56.844097
12.930381,59.535766,2.709010,56.826756
12.934001,59.501161,2.711311,56.789850
12.938864,59.471956,2.712845,56.759111
12.940050,59.440749,2.715146,56.725603
12.943225,59.413868,2.717063,56.696805
12.946092,59.389181,2.718214,56.670967
12.949551,59.362564,2.720898,56.641665
12.952031,59.338889,2.722432,56.616457
12.955082,59.313554,2.724350,56.589204
12.958189,59.285337,2.726267,56.559070
12.960991,59.262046,2.728185,56.533861
12.964298,59.230486,2.731253,56.499233
12.967257,59.203048,2.732403,56.470644
12.970032,59.171134,2.734704,56.436430
12.973754,59.143438,2.736238,56.407200
12.976684,59.116923,2.738156,56.378767
12.979694,59.092278,2.741224,56.351054
12.982660,59.065373,2.742758,56.322615
12.986029,59.037474,2.744675,56.292799
12.989444,59.009868,2.746593,56.263275
12.992229,58.987589,2.748894,56.238696
12.995147,58.964070,2.749661,56.214410
12.998245,58.938766,2.751578,56.187188
13.000827,58.919279,2.752345,56.166934
13.004079,58.892201,2.754263,56.137938
13.006905,58.867028,2.756563,56.110465
13.010061,58.839626,2.758097,56.081529
13.012706,58.816059,2.760398,56.055661
13.015744,58.790167,2.762699,56.027468
13.018994,58.762448,2.764233,55.998214
13.022011,58.740960,2.766918,55.974042
13.025270,58.717723,2.768068,55.949654
13.028494,58.696522,2.769602,55.926920
13.031168,58.672554,2.770753,55.901801
13.034410,58.646746,2.773054,55.873692
13.037560,58.612873,2.774971,55.837901
13.040265,58.596898,2.777272,55.819625
13.043945,58.567638,2.778423,55.789215
13.048579,58.533633,2.780724,55.752909
13.049910,58.522506,2.781874,55.740631
13.053523,58.503576,2.783025,55.720552
13.056388,58.487428,2.784559,55.702869
13.059578,58.470782,2.786093,55.684689
13.062360,58.450175,2.787243,55.662932
13.065629,58.423612,2.788777,55.634835
13.069032,58.392812,2.792229,55.600584
13.072359,58.363433,2.794530,55.568903
13.075284,58.337715,2.796063,55.541651
13.078538,58.316101,2.796830,55.519271
13.081264,58.296046,2.798748,55.497298
13.084399,58.278956,2.800282,55.478674
13.088551,58.258529,2.801432,55.457097
13.090539,58.249385,2.802199,55.447186
13.094517,58.229246,2.803733,55.425512
13.097778,58.204270,2.805267,55.399003
13.100397,58.188062,2.807185,55.380877
13.103749,58.161888,2.809486,55.352402
13.106562,58.136841,2.811020,55.325821
13.109858,58.110248,2.812937,55.297311
13.112480,58.090924,2.813704,55.277219
13.115469,58.074811,2.815238,55.259573
13.118559,58.059189,2.816389,55.242801
13.121461,58.046624,2.817923,55.228701
13.124838,58.033280,2.818690,55.214590
13.127999,58.016861,2.819457,55.197404
13.131046,58.005698,2.820991,55.184707
13.134474,57.987434,2.821758,55.165676
13.138463,57.961015,2.823675,55.137340
13.140018,57.948587,2.825593,55.122994
13.143890,57.924397,2.827127,55.097270
13.148503,57.891260,2.828277,55.062983
13.150060,57.880589,2.830578,55.050010
13.153575,57.862121,2.830962,55.031159
13.158728,57.847063,2.831729,55.015334
13.159869,57.836445,2.832879,55.003566
13.163330,57.823687,2.834030,54.989658
13.166510,57.814777,2.834413,54.980364
13.169789,57.800624,2.835180,54.965444
13.172982,57.788340,2.836330,54.952009
13.175960,57.773246,2.837097,54.936148
13.179540,57.755965,2.838248,54.917717
13.182029,57.739702,2.839782,54.899920
13.185044,57.723296,2.841316,54.881980
13.188073,57.708741,2.842083,54.866658
13.191124,57.693952,2.843233,54.850719
13.194557,57.679146,2.843617,54.835529
13.197740,57.663956,2.844767,54.819188
13.200886,57.654884,2.845918,54.808966
13.204387,57.642714,2.846685,54.796029
13.207729,57.629753,2.847068,54.782684
13.210505,57.622454,2.848219,54.774235
13.213918,57.613071,2.848986,54.764085
13.218518,57.599966,2.849753,54.750213
13.220022,57.595735,2.850136,54.745599
13.223287,57.589030,2.850903,54.738127
13.226692,57.577388,2.850903,54.726484
13.229799,57.568154,2.851670,54.716484
13.232813,57.557632,2.852437,54.705194
13.235769,57.546031,2.853588,54.692443
13.238840,57.534610,2.854738,54.679872
13.241611,57.523477,2.855122,54.668355
13.245217,57.511936,2.856272,54.655664
13.248597,57.503709,2.856656,54.647053
13.251167,57.497782,2.856656,54.641127
13.254543,57.495673,2.856656,54.639017
13.257563,57.492827,2.857423,54.635404
13.260294,57.491263,2.857039,54.634224
13.263864,57.485397,2.857806,54.627591
13.266767,57.477787,2.858573,54.619214
13.269791,57.469176,2.858957,54.610219
13.272731,57.463184,2.859340,54.603844
13.275680,57.456011,2.860107,54.595904
13.278862,57.449546,2.860107,54.589439
13.281492,57.443746,2.860874,54.582871
13.284792,57.439216,2.860874,54.578341
13.287996,57.432522,2.861641,54.570881
13.290820,57.429053,2.861258,54.567795
13.294701,57.426644,2.861641,54.565003
13.297923,57.426129,2.861641,54.564488
13.300923,57.427165,2.862408,54.564757
13.304279,57.427459,2.861641,54.565818
13.308614,57.426440,2.862025,54.564416
13.310055,57.425583,2.862408,54.563175
13.313553,57.424769,2.861641,54.563127
13.316522,57.422833,2.862025,54.560808
13.319599,57.421647,2.862408,54.559238
13.322391,57.420700,2.862792,54.557908
13.325386,57.419579,2.862408,54.557171
13.328876,57.417979,2.862792,54.555188
13.331509,57.416895,2.862792,54.554103
13.334879,57.415858,2.862408,54.553450
13.337829,57.415097,2.862792,54.552306
13.340916,57.414858,2.863175,54.551682
13.344352,57.413971,2.862792,54.551179
13.347781,57.415211,2.862408,54.552803
13.350519,57.415439,2.862792,54.552647
13.353997,57.415942,2.862792,54.553151
13.358985,57.416751,2.862792,54.553959
13.360073,57.416625,2.862792,54.553834
13.363391,57.417620,2.862408,54.555212
13.366268,57.418860,2.862408,54.556452
13.366268,57.418860,2.862408,54.556452
13.372515,57.422006,2.862025,54.559982
13.375028,57.424667,2.861641,54.563026
13.378433,57.429041,2.861641,54.567400
13.381430,57.432355,2.861641,54.570713
13.384311,57.436639,2.861258,54.575381
13.388501,57.438568,2.861258,54.577311
13.390054,57.439563,2.861258,54.578305
13.393629,57.441522,2.860874,54.580648
13.398592,57.442607,2.861258,54.581349
13.399964,57.444261,2.860491,54.583770
13.403483,57.447263,2.860107,54.587156
13.408704,57.455113,2.859724,54.595389
13.410860,57.460517,2.859340,54.601177
13.414255,57.471867,2.858573,54.613293
13.418452,57.486008,2.857806,54.628202
13.420635,57.493660,2.857039,54.636621
13.423660,57.502229,2.856656,54.645573
13.428479,57.517359,2.855889,54.661470
13.430664,57.521044,2.855122,54.665922
13.434036,57.530925,2.854738,54.676187
13.438621,57.540123,2.853971,54.686151
13.439935,57.543293,2.853204,54.690088
13.443477,57.549303,2.852821,54.696482
13.448849,57.558219,2.852821,54.705398
13.449835,57.567788,2.852054,54.715734
13.452909,57.576992,2.850903,54.726089
13.456082,57.591181,2.850136,54.741045
13.459592,57.604658,2.849369,54.755288
13.461921,57.619081,2.848602,54.770478
13.464825,57.634031,2.847452,54.786579
13.468902,57.648514,2.846301,54.802213
13.470790,57.660277,2.845534,54.814742
13.474070,57.672261,2.844767,54.827493
13.478632,57.684143,2.843617,54.840526
13.480661,57.690968,2.843233,54.847735
13.484194,57.703653,2.842850,54.860804
13.488698,57.719844,2.841316,54.878528
13.490283,57.727981,2.840549,54.887432
13.493748,57.747054,2.839398,54.907656
13.498811,57.773599,2.837097,54.936502
13.500808,57.784481,2.835947,54.948534
13.503630,57.805262,2.834796,54.970465
13.508779,57.821380,2.833263,54.988118
13.509759,57.838009,2.832112,55.005897
13.513310,57.855769,2.830195,55.025575
13.516326,57.872529,2.829428,55.043102
13.519660,57.889697,2.828277,55.061419
13.522127,57.902400,2.827510,55.074890
13.525132,57.918686,2.826360,55.092327
13.528268,57.931725,2.825593,55.106133
13.531011,57.945807,2.824442,55.121365
13.534119,57.961458,2.823675,55.137783
13.538454,57.983120,2.822525,55.160595
13.540332,57.995907,2.821374,55.174533
13.543723,58.018761,2.818690,55.200071
13.548464,58.050926,2.817923,55.233004
13.550231,58.067147,2.815238,55.251909
13.553669,58.094651,2.814471,55.280180
13.558505,58.125252,2.812554,55.312699
13.559874,58.137806,2.811403,55.326403
13.563223,58.156639,2.809486,55.347153
13.566203,58.172572,2.809102,55.363470
13.569590,58.189314,2.807952,55.381362
13.572602,58.203474,2.806418,55.397056
13.575920,58.218993,2.805267,55.413726
13.579477,58.241428,2.803733,55.437694
13.581898,58.259578,2.802199,55.457378
13.584939,58.284187,2.800282,55.483905
13.588077,58.314849,2.798748,55.516101
13.590913,58.337433,2.796063,55.541370
13.594150,58.364739,2.794530,55.570210
13.598749,58.398367,2.792612,55.605755
13.600324,58.410974,2.791462,55.619513
13.603381,58.432127,2.790311,55.641815
13.606310,58.449570,2.788394,55.661176
13.609425,58.466725,2.786860,55.679865
13.612375,58.484977,2.786476,55.698501
13.615214,58.504565,2.784942,55.719623
13.618243,58.528965,2.783025,55.745940
13.620979,58.552430,2.779573,55.772857
13.624415,58.584314,2.778423,55.805891
13.628699,58.622939,2.776122,55.846818
13.630073,58.637015,2.774971,55.862044
13.633449,58.663979,2.773437,55.890542
13.636348,58.684245,2.771520,55.912725
13.639463,58.704612,2.770369,55.934243
13.642159,58.723092,2.768452,55.954640
13.645064,58.743531,2.767301,55.976229
13.648570,58.767517,2.765384,56.002133
13.651056,58.790790,2.763850,56.026941
13.654341,58.819726,2.762316,56.057410
13.658731,58.859814,2.759248,56.100566
13.660450,58.875195,2.756947,56.118248
13.663924,58.909896,2.755413,56.154483
13.666784,58.933151,2.753879,56.179272
13.669895,58.960685,2.751195,56.209490
13.672856,58.984473,2.749661,56.234813
13.676142,59.012349,2.748127,56.264222
13.679587,59.038558,2.746593,56.291966
13.682206,59.063623,2.743525,56.320099
13.685387,59.089665,2.741991,56.347674
13.688544,59.117097,2.740457,56.376640
13.691283,59.141808,2.738923,56.402886
13.694560,59.170648,2.735855,56.434794
13.697639,59.205217,2.733937,56.471280
13.700520,59.225093,2.732020,56.493073
13.703871,59.253322,2.730486,56.522836
13.706811,59.279082,2.728952,56.550130
13.709974,59.304986,2.725884,56.579102
13.712682,59.330039,2.723583,56.606456
13.715867,59.360143,2.722049,56.638094
13.718916,59.391194,2.720131,56.671063
13.721970,59.418009,2.718981,56.699028
13.724865,59.447490,2.715529,56.731960
13.728000,59.482100,2.713612,56.768488
13.731045,59.506866,2.711695,56.795171
13.734377,59.535424,2.709777,56.825647
13.738504,59.571209,2.707093,56.864117
13.740232,59.586411,2.705559,56.880853
13.744099,59.620297,2.703258,56.917039
13.746967,59.646488,2.701724,56.944764
13.750023,59.675885,2.699806,56.976079
13.752768,59.702311,2.696738,57.005572
13.755726,59.731852,2.694821,57.037031
13.759033,59.765348,2.693287,57.072061
13.761781,59.790880,2.691369,57.099511
13.765114,59.819151,2.689068,57.130082
13.768450,59.848446,2.686767,57.161679
13.771131,59.876675,2.684850,57.191825
13.774476,59.913029,2.682549,57.230480
13.778390,59.952979,2.678714,57.274265
13.779836,59.969355,2.677180,57.292175
13.783681,60.002713,2.674879,57.327834
13.786557,60.029126,2.672962,57.356165
13.789594,60.054665,2.671044,57.383621
13.792289,60.078064,2.669127,57.408937
13.795155,60.103291,2.667593,57.435698
13.798108,60.134983,2.664525,57.470458
13.801017,60.162673,2.662607,57.500065
13.804355,60.198410,2.660306,57.538103
13.808594,60.239629,2.658005,57.581624
13.809908,60.257749,2.656088,57.601662
13.813673,60.290071,2.653020,57.637051
13.816690,60.319019,2.651486,57.667533
13.819889,60.349758,2.649568,57.700190
13.822680,60.379156,2.647651,57.731505
13.825750,60.408769,2.644966,57.763802
13.828821,60.436596,2.642282,57.794314
13.831608,60.465298,2.641131,57.824167
13.834691,60.494168,2.638830,57.855338
13.837830,60.527910,2.636913,57.890997
13.840666,60.548840,2.634612,57.914228
13.844212,60.580455,2.633078,57.947377
13.848700,60.622783,2.631544,57.991239
13.850128,60.641616,2.628476,58.013140
13.853435,60.672979,2.626942,58.046037
13.856450,60.701088,2.623874,58.077214
13.859508,60.731863,2.621573,58.110290
13.862324,60.760763,2.619656,58.141108
13.865178,60.791677,2.617355,58.174322
13.868607,60.819414,2.615437,58.203977
13.871019,60.847595,2.612753,58.234842
13.874382,60.876615,2.611219,58.265396
13.878512,60.915366,2.609301,58.306064
13.879847,60.931796,2.607767,58.324029
13.883466,60.962350,2.605466,58.356884
13.886256,60.989111,2.603549,58.385562
13.889461,61.019095,2.601631,58.417464
13.892170,61.046293,2.598947,58.447346
13.895083,61.074343,2.597029,58.477313
13.898288,61.103219,2.595495,58.507723
13.901099,61.128002,2.593195,58.534807
13.904479,61.157741,2.591661,58.566080
13.909119,61.186761,2.588976,58.597784
13.910289,61.215403,2.587059,58.628344
13.913571,61.250133,2.584758,58.665375
13.916497,61.279968,2.582840,58.697128
13.919674,61.309928,2.581306,58.728622
13.922458,61.333975,2.579389,58.754586
13.925247,61.357056,2.577855,58.779202
13.928259,61.381864,2.575170,58.806693
13.930964,61.404232,2.573253,58.830980
13.934438,61.434486,2.571719,58.862768
13.938501,61.475341,2.569801,58.905539
13.940039,61.493305,2.565966,58.927339
13.943499,61.523835,2.564816,58.959019
13.946424,61.551668,2.562898,58.988770
13.949480,61.579064,2.560597,59.018467
13.952126,61.601912,2.559447,59.042465
13.955087,61.626288,2.557529,59.068759
13.958154,61.653684,2.556379,59.097305
13.960874,61.677023,2.553311,59.123712
13.964335,61.710106,2.551394,59.158712
13.967206,61.739395,2.549093,59.190303
13.970165,61.767222,2.547175,59.220047
13.973438,61.793522,2.546025,59.247497
13.976407,61.817448,2.543340,59.274108
13.979553,61.840770,2.541423,59.299347
13.982419,61.862677,2.540272,59.322405
13.985307,61.885213,2.538738,59.346475
13.988554,61.908091,2.536821,59.371270
13.991235,61.934163,2.534136,59.400026
13.994655,61.965573,2.532219,59.433355
13.997579,62.002275,2.530685,59.471590
14.000331,62.020048,2.529151,59.490897
14.003709,62.050140,2.527233,59.522907
14.006623,62.074007,2.524932,59.549074
14.009898,62.100636,2.522631,59.578004
14.012614,62.122171,2.520714,59.601457
14.015606,62.144090,2.519563,59.624527
14.018753,62.167154,2.518029,59.649125
14.021466,62.189822,2.516495,59.673327
14.024563,62.214240,2.513428,59.700813
14.027731,62.246957,2.511894,59.735063
14.030712,62.264562,2.510360,59.754202
14.034078,62.290058,2.508442,59.781616
14.038711,62.323926,2.506525,59.817401
14.039906,62.337402,2.505374,59.832028
14.043524,62.361185,2.503840,59.857344
14.046282,62.383056,2.501539,59.881517
14.049535,62.404933,2.500389,59.904544
14.052113,62.424797,2.498855,59.925942
14.054995,62.444697,2.497321,59.947376
14.058068,62.468401,2.495020,59.973382
14.061051,62.488793,2.493102,59.995690
14.064493,62.515547,2.492335,60.023212
14.069374,62.536196,2.489651,60.046545
14.070151,62.560818,2.488117,60.072701
14.073836,62.584085,2.486199,60.097886
14.078759,62.607095,2.485049,60.122046
14.079865,62.629230,2.483898,60.145331
14.083216,62.650418,2.481981,60.168437
14.086462,62.665626,2.480830,60.184795
14.089593,62.683009,2.479680,60.203329
14.092334,62.700021,2.478146,60.221875
14.095240,62.718398,2.476995,60.241403
14.098641,62.738023,2.475461,60.262561
14.101551,62.762327,2.474695,60.287632
14.104746,62.784491,2.472010,60.312481
14.108071,62.811630,2.470476,60.341154
14.110858,62.829282,2.469709,60.359573
14.114155,62.850920,2.467025,60.383895
14.118373,62.875284,2.466641,60.408643
14.119937,62.884404,2.465107,60.419297
14.124185,62.900565,2.464340,60.436224
14.128397,62.921207,2.463190,60.458018
14.130027,62.928614,2.462039,60.466575
14.133693,62.946782,2.460122,60.486660
14.136382,62.962194,2.459355,60.502839
14.139808,62.981908,2.457821,60.524087
14.142555,63.001837,2.456287,60.545551
14.145390,63.024086,2.454369,60.569717
14.148602,63.045202,2.452835,60.592367
14.151236,63.063484,2.451685,60.611799
14.154530,63.081700,2.450151,60.631549
14.157600,63.098244,2.449384,60.648861
14.160559,63.104620,2.449384,60.655236
14.163842,63.117641,2.448233,60.669408
14.166793,63.125377,2.447466,60.677910
14.169846,63.137714,2.447083,60.690632
14.173019,63.148974,2.446316,60.702658
14.176046,63.159694,2.445165,60.714528
14.179564,63.173907,2.444782,60.729125
14.182091,63.185166,2.443248,60.741918
14.185001,63.199871,2.442097,60.757773
14.188220,63.217907,2.441714,60.776193
14.190999,63.231131,2.440180,60.790952
14.194328,63.251091,2.438262,60.812829
14.198455,63.273508,2.437495,60.836012
14.200671,63.283311,2.436345,60.846966
14.204453,63.298027,2.435578,60.862449
14.207602,63.309784,2.435195,60.874589
14.210413,63.315021,2.434811,60.880210
14.213430,63.322044,2.433661,60.888383
14.216368,63.327347,2.433661,60.893686
14.219482,63.334316,2.433277,60.901039
14.222153,63.341884,2.432127,60.909757
14.225071,63.350524,2.432127,60.918398
14.228290,63.362533,2.431360,60.931173
14.230971,63.372569,2.429826,60.942744
14.234405,63.383062,2.429442,60.953619
14.238601,63.396310,2.428675,60.967635
14.240104,63.399875,2.428292,60.971584
14.243700,63.406293,2.427908,60.978385
14.246643,63.412639,2.427525,60.985114
14.249607,63.419739,2.427141,60.992598
14.252534,63.425887,2.426374,60.999513
14.255499,63.432532,2.425607,61.006925
14.258739,63.441431,2.425607,61.015824
14.261330,63.449856,2.424840,61.025015
14.264686,63.459677,2.423690,61.035987
14.269041,63.472859,2.422923,61.049937
14.270266,63.477929,2.422539,61.055389
14.273934,63.485922,2.422156,61.063766
14.278705,63.497553,2.421772,61.075781
14.280184,63.499854,2.421005,61.078849
14.283819,63.504492,2.421389,61.083103
14.287781,63.506853,2.420622,61.086231
14.291039,63.507877,2.420622,61.087256
14.294431,63.508674,2.421005,61.087669
14.298547,63.509933,2.421005,61.088927
14.300250,63.511197,2.420622,61.090575
14.303997,63.514445,2.420238,61.094206
14.308609,63.519963,2.420238,61.099725
14.310402,63.522306,2.419471,61.102835
14.313753,63.527118,2.419471,61.107647
14.316672,63.530497,2.419088,61.111410
14.319818,63.535824,2.419088,61.116737
14.322742,63.538012,2.418704,61.119307
14.325626,63.537281,2.418704,61.118576
14.328847,63.535603,2.418704,61.116899
14.331691,63.533571,2.418704,61.114867
14.334888,63.533871,2.418704,61.115167
14.337834,63.535309,2.418704,61.116605
14.340577,63.535555,2.418704,61.116851
14.343848,63.535950,2.419088,61.116863
14.346917,63.534644,2.418321,61.116323
14.349844,63.533547,2.418704,61.114843
14.352982,63.533577,2.419088,61.114490
14.355848,63.533230,2.418704,61.114526
14.358990,63.533206,2.418704,61.114502
14.361688,63.532655,2.419088,61.113567
14.365048,63.530923,2.419088,61.111835
14.368362,63.529425,2.419088,61.110337
14.370858,63.528544,2.419088,61.109456
14.374347,63.527238,2.419088,61.108150
14.378720,63.525536,2.419088,61.106448
14.380157,63.524583,2.419471,61.105112
14.383820,63.522875,2.419471,61.103404
14.386603,63.520395,2.419471,61.100924
14.389595,63.516476,2.419855,61.096621
14.392475,63.512299,2.419855,61.092445
14.395432,63.507428,2.419855,61.087573
14.398471,63.502352,2.419855,61.082498
14.401424,63.496984,2.421005,61.075978
14.404601,63.492238,2.421005,61.071233
14.407864,63.487774,2.421389,61.066385
14.410786,63.486090,2.421389,61.064701
14.414166,63.483609,2.421389,61.062220
14.418461,63.477815,2.421772,61.056043
14.420074,63.474915,2.422156,61.052759
14.423612,63.466604,2.422539,61.044064
14.426739,63.454823,2.423690,61.031133
14.429855,63.442126,2.424457,61.017669
14.432580,63.431118,2.425607,61.005511
14.435855,63.416875,2.425991,60.990884
14.438828,63.401319,2.426758,60.974562
14.441635,63.390426,2.428675,60.961751
14.444923,63.374397,2.429442,60.944955
14.448138,63.362622,2.429826,60.932797
14.450942,63.351885,2.430593,60.921292
14.454197,63.342093,2.431360,60.910734
14.458773,63.328785,2.431743,60.897042
14.460140,63.323722,2.432894,60.890828
14.463688,63.313547,2.433661,60.879886
14.466481,63.300221,2.434811,60.865410
14.469688,63.288674,2.435578,60.853096
14.472366,63.275839,2.436728,60.839110
14.475406,63.264466,2.437495,60.826970
14.478602,63.250959,2.438262,60.812697
14.481417,63.241168,2.439029,60.802139
14.484584,63.228225,2.439796,60.788429
14.487809,63.215935,2.440563,60.775372
14.490561,63.206540,2.441714,60.764826
14.493760,63.194118,2.442097,60.752021
14.496598,63.180804,2.443631,60.737172
14.499699,63.165554,2.445549,60.720005
14.502558,63.145324,2.446699,60.698625
14.505545,63.123975,2.448233,60.675741
14.508710,63.102373,2.449767,60.652606
14.511662,63.080807,2.450534,60.630273
14.514716,63.063238,2.452068,60.611170
14.517659,63.043566,2.453219,60.590348
14.520425,63.035968,2.454369,60.581599
14.523802,63.021659,2.455136,60.566523
14.526639,63.013408,2.455520,60.557888
14.529919,62.998560,2.456670,60.541889
14.532845,62.989446,2.457821,60.531625
14.535895,62.972877,2.458588,60.514290
14.539474,62.953169,2.460122,60.493048
14.541981,62.937506,2.461656,60.475850
14.544845,62.914131,2.463190,60.450941
14.548048,62.883847,2.465874,60.417973
14.550831,62.863473,2.467792,60.395682
14.554154,62.836000,2.469326,60.366674
14.558863,62.813991,2.470860,60.343131
14.560103,62.794079,2.472394,60.321685
14.563586,62.776516,2.473161,60.303355
14.566567,62.763423,2.474311,60.289112
14.569592,62.746741,2.475078,60.271663
14.572475,62.734817,2.476228,60.258588
14.575264,62.718434,2.476995,60.241439
14.578397,62.697780,2.479296,60.218483
14.581134,62.678515,2.480830,60.197684
14.584647,62.650652,2.482364,60.168287
14.588630,62.616041,2.483898,60.132143
14.589967,62.599012,2.486199,60.112812
14.593418,62.570974,2.487733,60.083241
14.596228,62.550613,2.488884,60.061729
14.599537,62.529054,2.491185,60.037869
14.602015,62.514619,2.492335,60.022283
14.605076,62.495779,2.493486,60.002294
14.608335,62.474388,2.494636,59.979751
14.611190,62.454086,2.497704,59.956382
14.614530,62.429573,2.498855,59.930718
14.617789,62.399792,2.500772,59.899020
14.620922,62.379628,2.502306,59.877322
14.624333,62.351471,2.504224,59.847248
14.628671,62.314446,2.505758,59.808689
14.629761,62.299214,2.507675,59.791539
14.633530,62.273083,2.509593,59.763490
14.636593,62.247071,2.511510,59.735561
14.639664,62.222407,2.513044,59.709363
14.642339,62.200398,2.514962,59.685437
14.645273,62.178365,2.516112,59.662253
14.648632,62.154804,2.518796,59.636008
14.651809,62.131076,2.520330,59.610745
14.655152,62.105801,2.521864,59.583936
14.658448,62.082318,2.524549,59.557769
14.661389,62.055892,2.526466,59.529426
14.664645,62.028467,2.528000,59.500466
14.668929,61.991597,2.530301,59.461296
14.670747,61.969984,2.532219,59.437765
14.674211,61.937770,2.534136,59.403634
14.678707,61.900241,2.535670,59.364571
14.679819,61.886328,2.538738,59.347589
14.683494,61.861490,2.539505,59.321985
14.686373,61.837534,2.541039,59.296495
14.689541,61.812541,2.542573,59.269968
14.692229,61.786409,2.544874,59.241535
14.695138,61.759223,2.546792,59.212431
14.698237,61.728388,2.549093,59.179295
14.701104,61.702208,2.552161,59.150048
14.704331,61.672649,2.553695,59.118954
14.708525,61.638446,2.554845,59.083601
14.710246,61.625281,2.557529,59.067752
14.714133,61.595111,2.558680,59.036431
14.718593,61.555096,2.560214,58.994882
14.720133,61.538018,2.563282,58.974736
14.723534,61.504331,2.565966,58.938364
14.728628,61.473735,2.567117,58.906618
14.729836,61.438729,2.570185,58.868544
14.733388,61.407977,2.572486,58.835492
14.736228,61.382379,2.574020,58.808359
14.739997,61.356565,2.575937,58.780628
14.742328,61.330344,2.579005,58.751338
14.745959,61.297147,2.581306,58.715841
14.749633,61.262195,2.583991,58.678205
14.752529,61.231875,2.585141,58.646734
14.755301,61.203514,2.587442,58.616072
14.758534,61.176916,2.588976,58.587939
14.761028,61.153630,2.590510,58.563120
14.764494,61.124257,2.592428,58.531829
14.769327,61.087357,2.595112,58.492245
14.770661,61.066739,2.597029,58.469709
14.774380,61.028964,2.600097,58.428867
14.778511,60.985659,2.602782,58.382877
14.779880,60.967228,2.604699,58.362528
14.783649,60.935841,2.606617,58.329224
14.786486,60.907013,2.608534,58.298478
14.789724,60.878544,2.610068,58.268476
14.792497,60.851652,2.613136,58.238515
14.795415,60.824915,2.614287,58.210628
14.798559,60.797111,2.616971,58.180140
14.801328,60.767828,2.618505,58.149323
14.804476,60.735548,2.620423,58.115126
14.808727,60.700267,2.623107,58.077160
14.810115,60.683579,2.625025,58.058554
14.814158,60.645481,2.628476,58.017005
14.818594,60.602266,2.630394,57.971872
14.820217,60.583211,2.632695,57.950516
14.823977,60.549146,2.634612,57.914534
14.828661,60.505475,2.636913,57.868562
14.830097,60.485773,2.639597,57.846176
14.833975,60.451522,2.641898,57.809624
14.838441,60.405137,2.643432,57.761705
14.840144,60.388863,2.644966,57.743896
14.843165,60.359178,2.647267,57.711911
14.846344,60.329103,2.650719,57.678385
14.849658,60.301624,2.652253,57.649371
14.852415,60.276091,2.653787,57.622305
14.855449,60.249822,2.654937,57.594885
14.858638,60.220958,2.658389,57.562569
14.861840,60.191261,2.660690,57.530571
14.865124,60.152510,2.662607,57.489903
14.868338,60.119332,2.664525,57.454807
14.870948,60.093440,2.666826,57.426614
14.873894,60.064468,2.669127,57.395341
14.876718,60.037162,2.671044,57.366118
14.879687,60.011042,2.672195,57.338848
14.882079,59.986972,2.673729,57.313243
14.884857,59.960253,2.676029,57.284224
14.887820,59.924019,2.679097,57.244921
14.890687,59.901357,2.680631,57.220725
14.893899,59.873182,2.683316,57.189866
14.896615,59.848512,2.684850,57.163662
14.899686,59.823992,2.686000,57.137992
14.902243,59.801828,2.688301,57.113526
14.905166,59.777368,2.689835,57.087532
14.908044,59.747455,2.692136,57.055319
14.910805,59.720592,2.694054,57.026539
14.913625,59.690117,2.695588,56.994529
14.916539,59.660354,2.697889,56.962465
14.919692,59.631975,2.700573,56.931402
14.922286,59.605598,2.703258,56.902340
14.925474,59.577459,2.704792,56.872667
14.928767,59.549608,2.706326,56.843282
14.931746,59.519677,2.709394,56.810283
14.934988,59.491125,2.712078,56.779047
14.938725,59.458138,2.714379,56.743759
14.941677,59.428243,2.716296,56.711947
14.945160,59.397474,2.718597,56.678876
14.948244,59.370383,2.719364,56.651019
14.950952,59.349537,2.722049,56.627488
14.954230,59.320355,2.723199,56.597156
14.958506,59.283773,2.725500,56.558273
14.959978,59.266265,2.727418,56.538847
14.963658,59.237640,2.728952,56.508688
14.966466,59.209531,2.731253,56.478278
14.966466,59.209531,2.734321,56.475210
14.972658,59.156735,2.735855,56.420880
14.975150,59.127715,2.737389,56.390326
14.978245,59.102938,2.739690,56.363248
14.981002,59.077795,2.742374,56.335420
14.984141,59.050165,2.744292,56.305873
14.988779,59.017448,2.745442,56.272006
14.990689,58.999208,2.746976,56.252232
14.993688,58.974005,2.749277,56.224728
14.998573,58.938316,2.751195,56.187122
15.000288,58.922976,2.752345,56.170631
15.003166,58.896917,2.753879,56.143038
15.006067,58.873092,2.756180,56.116912
15.009621,58.844240,2.758864,56.085376
15.012210,58.818067,2.760015,56.058052
15.015193,58.792744,2.761932,56.030811
15.018435,58.768440,2.763850,56.004590
15.021065,58.744627,2.765767,55.978860
15.024618,58.721695,2.767301,55.954394
15.028176,58.697607,2.769219,55.928388
15.031258,58.673884,2.771136,55.902748
15.033777,58.649748,2.772670,55.877078
15.038469,58.613729,2.774588,55.839142
15.039762,58.599516,2.776505,55.823011
15.042765,58.574691,2.778039,55.796652
15.045724,58.550956,2.779190,55.771766
15.049626,58.529073,2.781491,55.747582
15.051569,58.514386,2.782258,55.732129
15.055038,58.495943,2.783792,55.712151
15.058275,58.477463,2.785326,55.692137
15.061092,58.457791,2.787243,55.670548
15.064235,58.432600,2.788777,55.643823
15.067256,58.406750,2.791462,55.615288
15.070287,58.378923,2.792612,55.586311
15.073448,58.351347,2.794530,55.556817
15.076285,58.327708,2.796447,55.531261
15.079829,58.304674,2.798748,55.505926
15.082270,58.286608,2.799131,55.487477
15.085334,58.270987,2.800282,55.470705
15.088495,58.256695,2.801432,55.455263
15.091170,58.243243,2.802583,55.440660
15.094104,58.229198,2.803350,55.425848
15.098757,58.204223,2.804500,55.399722
15.100040,58.188607,2.807185,55.381422
15.103312,58.162961,2.808335,55.354626
15.106272,58.136937,2.810636,55.326301
15.109656,58.112567,2.812170,55.300397
15.112113,58.090792,2.813704,55.277088
15.115310,58.072612,2.816005,55.256607
15.118494,58.059231,2.816005,55.243226
15.121225,58.046181,2.817156,55.229025
15.124827,58.032602,2.818690,55.213913
15.128246,58.017460,2.819457,55.198004
15.130755,58.005488,2.820607,55.184881
15.133943,57.987398,2.822141,55.165257
15.138498,57.960469,2.823675,55.136794
15.139812,57.948317,2.824442,55.123875
15.142789,57.928561,2.825593,55.102969
15.145723,57.908194,2.827894,55.080301
15.149549,57.884118,2.829428,55.054690
15.151754,57.867873,2.830578,55.037295
15.154680,57.852959,2.831345,55.021614
15.157869,57.840154,2.832879,55.007275
15.160590,57.830752,2.833263,54.997490
15.164201,57.819481,2.834030,54.985451
15.169294,57.805753,2.835180,54.970573
15.170920,57.796136,2.835947,54.960189
15.175010,57.778046,2.837097,54.940948
15.177967,57.759578,2.837864,54.921713
15.180706,57.746887,2.839015,54.907872
15.184066,57.729060,2.840549,54.888511
15.188862,57.713205,2.841699,54.871505
15.190138,57.697583,2.842850,54.854734
15.193364,57.684281,2.844000,54.840281
15.196455,57.672225,2.845151,54.827074
15.199672,57.660145,2.845918,54.814227
15.202460,57.649371,2.846685,54.802686
15.205227,57.640527,2.846685,54.793842
15.208306,57.629885,2.847452,54.782433
15.210847,57.621430,2.848602,54.772827
15.214046,57.612687,2.848986,54.763701
15.218851,57.603885,2.849369,54.754515
15.220226,57.595178,2.849753,54.745425
15.223938,57.586801,2.850520,54.736281
15.227173,57.575758,2.850903,54.724854
15.230102,57.567033,2.852437,54.714596
15.233049,57.556853,2.853204,54.703648
15.236223,57.543131,2.853588,54.689543
15.239681,57.531680,2.854738,54.676942
15.241975,57.520960,2.855505,54.665455
15.245159,57.512283,2.855889,54.656395
15.248188,57.503151,2.856656,54.646496
15.251019,57.497711,2.856656,54.641055
15.254258,57.495320,2.857039,54.638280
15.258586,57.492707,2.857039,54.635668
15.259930,57.490903,2.857423,54.633481
15.263606,57.486433,2.858190,54.628244
15.266589,57.477511,2.858573,54.618938
15.269692,57.469554,2.858957,54.610597
15.272542,57.463226,2.859724,54.603502
15.275598,57.456083,2.860107,54.595976
15.278717,57.448755,2.860491,54.588264
15.281466,57.444453,2.860491,54.583962
15.284645,57.439245,2.861258,54.577988
15.287788,57.432642,2.861258,54.571385
15.290355,57.430641,2.862025,54.568616
15.294209,57.426494,2.862025,54.564470
15.298530,57.427034,2.861258,54.565776
15.299921,57.427657,2.861641,54.566016
15.303685,57.427908,2.861641,54.566267
15.308725,57.427525,2.861641,54.565884
15.309894,57.426171,2.861641,54.564530
15.313051,57.425230,2.862025,54.563205
15.316139,57.423025,2.862408,54.560617
15.319549,57.421755,2.862025,54.559730
15.322212,57.420898,2.862408,54.558489
15.325135,57.419771,2.862025,54.557746
15.328425,57.418669,2.862408,54.556260
15.331713,57.417368,2.862408,54.554960
15.334725,57.416601,2.862408,54.554193
15.337907,57.416092,2.862408,54.553684
15.340948,57.415355,2.862792,54.552563
15.344547,57.415193,2.862792,54.552401
15.347720,57.416224,2.862792,54.553432
15.350653,57.416254,2.863175,54.553079
15.354139,57.416817,2.862408,54.554409
15.358571,57.417416,2.862408,54.555008
15.360692,57.418285,2.862408,54.555877
15.364027,57.419382,2.862792,54.556590
15.369085,57.421161,2.862408,54.558753
15.370334,57.422486,2.862025,54.560461
15.374197,57.425949,2.862025,54.563924
15.378210,57.430725,2.861641,54.569084
15.380958,57.434278,2.861258,54.573020
15.384296,57.436909,2.860874,54.576034
15.388514,57.438658,2.860874,54.577784
15.390120,57.439707,2.861258,54.578449
15.393097,57.440887,2.860874,54.580013
15.396037,57.442475,2.860491,54.581985
15.399489,57.444489,2.860491,54.583998
15.401781,57.446250,2.860491,54.585760
15.405034,57.450073,2.860491,54.589583
15.408073,57.457378,2.860107,54.597270
15.410855,57.464754,2.858957,54.605797
15.414471,57.474209,2.858573,54.615636
15.418669,57.489232,2.857806,54.631425
15.420445,57.494756,2.857039,54.637717
15.424199,57.503631,2.855889,54.647742
15.428608,57.517095,2.855505,54.661590
15.430208,57.521979,2.854738,54.667240
15.433991,57.529613,2.854355,54.675258
15.438738,57.539506,2.853971,54.685534
15.440442,57.543203,2.853588,54.689615
15.444147,57.550867,2.853204,54.697662
15.447060,57.560694,2.852437,54.708256
15.450130,57.569418,2.851287,54.718131
15.453061,57.578592,2.850903,54.727689
15.456155,57.592158,2.850520,54.741638
15.459761,57.604682,2.848986,54.755696
15.462132,57.620273,2.847835,54.772438
15.465445,57.635649,2.847068,54.788581
15.468836,57.649790,2.846301,54.803489
15.471428,57.660600,2.844767,54.815833
15.474551,57.672405,2.844384,54.828021
15.478771,57.684371,2.843617,54.840754
15.480711,57.691436,2.843617,54.847819
15.484083,57.701257,2.842083,54.859174
15.488488,57.719604,2.841316,54.878289
15.490159,57.725914,2.840932,54.884982
15.493492,57.744598,2.839398,54.905199
15.496440,57.760968,2.837481,54.923487
15.499506,57.778980,2.836330,54.942650
15.502340,57.796693,2.834796,54.961896
15.505658,57.814675,2.833646,54.981029
15.508943,57.831333,2.832496,54.998838
15.512021,57.849172,2.831729,55.017443
15.515057,57.865225,2.829811,55.035414
15.518576,57.882051,2.829044,55.053007
15.521708,57.899937,2.828277,55.071660
15.524851,57.916955,2.826743,55.090212
15.527962,57.931971,2.825976,55.105995
15.531018,57.944369,2.824826,55.119543
15.534482,57.960230,2.823675,55.136555
15.537613,57.982448,2.822908,55.159540
15.540476,57.995781,2.820991,55.174790
15.544030,58.018443,2.819840,55.198603
15.548721,58.040404,2.818306,55.222098
15.550074,58.063024,2.816772,55.246252
15.553089,58.085842,2.814855,55.270988
15.556070,58.107630,2.812554,55.295076
15.559770,58.130639,2.812170,55.318469
15.562152,58.148011,2.810253,55.337758
15.565582,58.167539,2.809486,55.358053
15.568793,58.181914,2.807952,55.373962
15.571642,58.196529,2.806418,55.390111
15.574768,58.214595,2.805651,55.408944
15.577844,58.237341,2.804500,55.432841
15.580582,58.250230,2.802199,55.448031
15.584018,58.275768,2.800665,55.475103
15.586887,58.301397,2.799131,55.502265
15.589917,58.329194,2.797214,55.531980
15.592815,58.355068,2.795296,55.559771
15.596002,58.380193,2.793763,55.586430
15.598809,58.402903,2.791845,55.611058
15.601669,58.421059,2.790311,55.630748
15.604911,58.442259,2.789161,55.653099
15.608091,58.463561,2.788394,55.675168
15.610884,58.476924,2.786093,55.690831
15.614367,58.498315,2.785326,55.712990
15.618450,58.531787,2.783792,55.747996
15.620009,58.546468,2.781491,55.764977
15.623579,58.578022,2.779190,55.798833
15.626446,58.605233,2.776505,55.828727
15.629484,58.632425,2.774588,55.857837
15.632434,58.656939,2.773437,55.883501
15.635278,58.678840,2.772287,55.906553
15.638667,58.699381,2.770369,55.929011
15.641383,58.719958,2.769219,55.950739
15.644712,58.741709,2.767301,55.974408
15.647929,58.770705,2.765767,56.004937
15.650746,58.789364,2.764617,56.024747
15.654033,58.818648,2.762316,56.056332
15.658768,58.845810,2.759631,56.086179
15.660077,58.876190,2.757330,56.118860
15.663151,58.902112,2.756180,56.145932
15.665905,58.927447,2.754263,56.173184
15.669216,58.956053,2.751195,56.204858
15.672133,58.981897,2.750044,56.231853
15.675661,59.009149,2.747743,56.261406
15.678718,59.034484,2.746593,56.287891
15.681547,59.058704,2.743908,56.314796
15.685416,59.092122,2.742374,56.349748
15.688791,59.118763,2.740073,56.378690
15.691257,59.142707,2.737772,56.404935
15.694490,59.168587,2.736622,56.431965
15.698710,59.205666,2.734321,56.471346
15.699976,59.222995,2.732403,56.490592
15.703737,59.252453,2.730486,56.521967
15.706558,59.276098,2.727801,56.548296
15.709699,59.304021,2.725500,56.578520
15.712678,59.329631,2.723966,56.605665
15.715676,59.358178,2.722432,56.635745
15.718860,59.385448,2.720131,56.665316
15.721514,59.414917,2.718597,56.696319
15.724681,59.445986,2.716296,56.729689
15.727704,59.483227,2.713996,56.769231
15.730511,59.502366,2.711695,56.790671
15.733904,59.530601,2.710161,56.820440
15.738706,59.554066,2.708243,56.845823
15.739908,59.580785,2.705559,56.875226
15.743067,59.609217,2.703641,56.905576
15.746173,59.639280,2.701724,56.937556
15.749541,59.670720,2.699806,56.970914
15.752240,59.698086,2.697505,57.000581
15.755236,59.725398,2.694821,57.030577
15.758322,59.758499,2.693287,57.065212
15.761061,59.782048,2.691369,57.090678
15.764520,59.812913,2.690219,57.122694
15.767400,59.839764,2.686767,57.152996
15.770170,59.868418,2.685233,57.183185
15.773652,59.901189,2.683316,57.217873
15.776579,59.932288,2.681015,57.251273
15.779726,59.964645,2.678330,57.286315
15.782704,59.991694,2.675262,57.316431
15.785792,60.020929,2.672962,57.347968
15.789489,60.052478,2.671428,57.381050
15.791987,60.075697,2.669127,57.406570
15.794924,60.101607,2.667593,57.434014
15.797875,60.137715,2.664908,57.472807
15.801204,60.164434,2.662607,57.501827
15.804489,60.199674,2.661073,57.538601
15.808795,60.238778,2.658005,57.580773
15.810036,60.256767,2.655321,57.601446
15.813567,60.287243,2.653787,57.633456
15.816429,60.313434,2.652253,57.661181
15.819564,60.342921,2.649568,57.693353
15.822266,60.373002,2.647651,57.725351
15.825189,60.402435,2.644966,57.757469
15.828519,60.431706,2.643049,57.788658
15.831487,60.461140,2.641131,57.820008
15.834420,60.491184,2.639214,57.851970
15.838609,60.528521,2.637296,57.891225
15.839826,60.544909,2.635762,57.909147
15.843457,60.574019,2.633462,57.940558
15.846244,60.600283,2.631928,57.968355
15.849663,60.632694,2.629243,58.003451
15.852333,60.660383,2.626942,58.033441
15.855197,60.688307,2.624641,58.063666
15.858252,60.719406,2.622724,58.096682
15.860912,60.745322,2.619656,58.125666
15.864789,60.782808,2.618122,58.164687
15.868649,60.819001,2.615821,58.203180
15.870954,60.845306,2.613136,58.232170
15.874193,60.874805,2.611219,58.263586
15.878531,60.916301,2.610068,58.306232
15.880191,60.931598,2.607384,58.324215
15.883583,60.963423,2.604699,58.358723
15.888847,60.993149,2.603165,58.389984
15.890189,61.026214,2.600097,58.426116
15.893337,61.056899,2.598180,58.458720
15.896245,61.084367,2.596262,58.488105
15.899556,61.111158,2.595112,58.516046
15.902097,61.136649,2.592428,58.544221
15.904938,61.161402,2.590894,58.570508
15.908017,61.196066,2.589360,58.606707
15.910795,61.217464,2.586292,58.631173
15.914055,61.253075,2.584374,58.668701
15.918650,61.298501,2.582840,58.715661
15.920168,61.313584,2.580156,58.733428
15.923894,61.343784,2.578238,58.765546
15.926885,61.369832,2.575937,58.793894
15.929937,61.394915,2.574787,58.820128
15.932895,61.420387,2.572869,58.847518
15.935903,61.446674,2.570568,58.876106
15.938715,61.478451,2.567500,58.910950
15.941300,61.504726,2.565199,58.939527
15.944503,61.536346,2.563665,58.972681
15.948547,61.569603,2.560981,59.008622
15.951005,61.591953,2.559447,59.032506
15.954593,61.619463,2.557913,59.061550
15.957722,61.653870,2.556762,59.097107
15.960699,61.671582,2.554078,59.117504
15.964469,61.709860,2.551394,59.158466
15.969039,61.749360,2.549093,59.200267
15.971331,61.773688,2.546025,59.227663
15.974802,61.803331,2.543724,59.259607
15.977914,61.834460,2.542573,59.291887
15.980799,61.850717,2.541423,59.309294
15.984236,61.876003,2.539505,59.336498
15.988544,61.910997,2.537204,59.373793
15.990143,61.925366,2.535670,59.389696
15.993482,61.955495,2.533753,59.421742
15.996556,61.984077,2.532219,59.451858
15.999843,62.013402,2.529151,59.484252
16.002434,62.037599,2.528000,59.509598
16.005544,62.064857,2.525316,59.539541
16.008677,62.087896,2.524165,59.563731
16.011568,62.112542,2.522248,59.590294
16.014504,62.135390,2.520714,59.614676
16.018579,62.165440,2.518029,59.647411
16.020087,62.182979,2.516495,59.666484
16.023824,62.207253,2.514962,59.692292
16.026742,62.231809,2.513044,59.718765
16.029725,62.255190,2.511510,59.743680
16.032695,62.278547,2.508826,59.769722
16.035840,62.301851,2.507292,59.794559
16.038915,62.326227,2.505374,59.820853
16.041737,62.346444,2.503840,59.842604
16.045016,62.372893,2.501923,59.870971
16.048243,62.396562,2.500772,59.895790
16.051005,62.415994,2.499238,59.916756
16.054351,62.438926,2.498088,59.940839
16.058604,62.471104,2.495020,59.976084
16.061016,62.485647,2.493102,59.992545
16.064773,62.518358,2.491568,60.026789
16.069309,62.546587,2.490034,60.056552
16.070320,62.560866,2.488500,60.072365
16.074025,62.586218,2.486583,60.099636
16.078833,62.607083,2.484665,60.122418
16.080119,62.630362,2.483131,60.147231
16.083200,62.649459,2.481597,60.167862
16.086042,62.662828,2.480830,60.181997
16.089669,62.680474,2.479296,60.201178
16.092190,62.697851,2.478146,60.219705
16.095525,62.718500,2.477379,60.241121
16.098683,62.737687,2.475461,60.262226
16.101587,62.760948,2.474311,60.286637
16.105042,62.787350,2.472777,60.314573
16.108204,62.812061,2.470476,60.341585
16.110875,62.829972,2.470093,60.359879
16.114186,62.851321,2.467792,60.383530
16.118602,62.876237,2.466258,60.409979
16.120062,62.883421,2.465107,60.418314
16.123707,62.899834,2.463957,60.435877
16.128599,62.921405,2.463190,60.458216
16.130114,62.927325,2.462039,60.465286
16.133436,62.944930,2.460889,60.484042
16.136365,62.959964,2.459355,60.500610
16.139577,62.979295,2.457821,60.521474
16.142158,62.999488,2.455903,60.543585
16.145051,63.020874,2.454753,60.566122
16.148229,63.045556,2.453602,60.591954
16.151277,63.064149,2.451685,60.612465
16.154413,63.080777,2.450534,60.630243
16.158735,63.098760,2.449767,60.648992
16.160013,63.104225,2.449384,60.654841
16.163744,63.116418,2.448233,60.668185
16.166476,63.124166,2.447850,60.676316
16.169690,63.136366,2.447083,60.689283
16.172541,63.147565,2.446316,60.701250
16.175508,63.156829,2.445549,60.711280
16.178557,63.169407,2.444782,60.724625
16.181176,63.180924,2.443248,60.737676
16.184665,63.198912,2.442097,60.756814
16.187963,63.218956,2.441330,60.777625
16.190868,63.231251,2.440180,60.791071
16.194246,63.251097,2.438646,60.812451
16.198813,63.274670,2.437879,60.836791
16.200363,63.283724,2.436345,60.847379
16.204489,63.298699,2.435578,60.863121
16.208658,63.309982,2.434811,60.875171
16.209972,63.315614,2.434428,60.881187
16.213741,63.322793,2.434044,60.888749
16.216768,63.329408,2.433277,60.896131
16.219896,63.336179,2.432894,60.903286
16.222574,63.344472,2.432510,60.911962
16.225430,63.352442,2.432127,60.920315
16.228539,63.363659,2.430976,60.932683
16.231232,63.374319,2.429826,60.944493
16.234324,63.383205,2.429059,60.954147
16.238647,63.397047,2.428675,60.968372
16.240466,63.399863,2.428292,60.971572
16.243887,63.406539,2.427525,60.979014
16.246863,63.413747,2.427141,60.986606
16.249892,63.420392,2.426758,60.993635
16.252857,63.426343,2.425991,61.000352
16.255898,63.434336,2.425607,61.008729
16.259220,63.444445,2.424840,61.019605
16.261906,63.452037,2.424457,61.027580
16.265534,63.463661,2.423306,61.040355
16.269532,63.476071,2.422923,61.053148
16.272339,63.482728,2.422539,61.060189
16.275040,63.489122,2.422539,61.066583
16.278260,63.497697,2.421389,61.076308
16.281213,63.502113,2.420622,61.081491
16.284609,63.505864,2.420622,61.085242
16.288536,63.507332,2.420622,61.086710
16.290055,63.508189,2.420622,61.087567
16.293644,63.508578,2.421005,61.087573
16.296580,63.508974,2.420622,61.088352
16.299706,63.510646,2.421005,61.089640
16.302592,63.513486,2.421005,61.092481
16.305763,63.516931,2.420238,61.096693
16.308990,63.520604,2.419855,61.100750
16.311571,63.524110,2.419855,61.104255
16.314839,63.529203,2.419471,61.109732
16.318041,63.533835,2.418704,61.115131
16.320874,63.536573,2.418321,61.118253
16.324804,63.537910,2.418321,61.119589
16.328081,63.534896,2.418704,61.116191
16.330760,63.533955,2.418704,61.115251
16.334397,63.533697,2.419088,61.114610
16.338753,63.535711,2.419088,61.116623
16.340395,63.536034,2.418704,61.117330
16.343559,63.535729,2.418704,61.117024
16.346570,63.534818,2.418704,61.116114
16.349695,63.533865,2.419088,61.114777
16.352583,63.533619,2.418704,61.114915
16.355440,63.533314,2.418704,61.114610
16.358685,63.533541,2.418704,61.114837
16.361613,63.533032,2.418704,61.114328
16.364823,63.531420,2.419471,61.111949
16.370494,63.529623,2.418704,61.110918
16.370494,63.528975,2.419471,61.109504
16.374889,63.526878,2.419855,61.107024
16.377993,63.525434,2.419471,61.105963
16.381130,63.524284,2.420238,61.104045
16.384740,63.522096,2.419471,61.102625
16.387759,63.519011,2.419088,61.099923
16.390914,63.516152,2.419855,61.096298
16.393917,63.510939,2.419855,61.091084
16.398809,63.505367,2.420238,61.085128
16.400018,63.499866,2.420622,61.079244
16.403222,63.494856,2.420622,61.074235
16.406167,63.489751,2.421005,61.068746
16.409671,63.486767,2.421005,61.065762
16.412143,63.484646,2.421389,61.063257
16.415291,63.481907,2.421389,61.060519
16.418523,63.478702,2.421772,61.056929
16.421440,63.472709,2.422156,61.050554
16.424783,63.462781,2.423306,61.039474
16.427856,63.447639,2.424073,61.023565
16.430844,63.438710,2.425224,61.013487
16.434066,63.423478,2.425607,60.997871
16.436997,63.411500,2.425991,60.985509
16.440126,63.396082,2.427525,60.968558
16.442932,63.383840,2.429059,60.954782
16.446101,63.369915,2.429826,60.940089
16.449705,63.355947,2.430593,60.925355
16.452594,63.346216,2.431360,60.914856
16.455821,63.337474,2.431743,60.905730
16.458995,63.327461,2.432127,60.895334
16.462072,63.318041,2.433277,60.884764
16.464946,63.306512,2.434428,60.872085
16.468330,63.293384,2.435195,60.858189
16.470888,63.282046,2.435961,60.846085
16.474298,63.267024,2.437495,60.829529
16.478656,63.249425,2.438262,60.811163
16.480461,63.243044,2.439029,60.804014
16.483979,63.229999,2.440180,60.789819
16.488577,63.214156,2.440947,60.773209
16.490138,63.208332,2.441330,60.767001
16.493404,63.194358,2.442481,60.751877
16.496403,63.181097,2.443248,60.737849
16.499615,63.164967,2.445165,60.719801
16.502287,63.146972,2.446699,60.700273
16.505399,63.124124,2.448233,60.675891
16.508789,63.101684,2.449767,60.651917
16.511531,63.081221,2.451301,60.629920
16.514736,63.062897,2.452068,60.610829
16.518034,63.042338,2.453219,60.589119
16.520821,63.033530,2.454369,60.579160
16.524299,63.019730,2.455520,60.564210
16.528545,63.005301,2.455903,60.549398
16.529798,62.997295,2.456670,60.540625
16.533495,62.986474,2.458204,60.528269
16.536405,62.970241,2.459355,60.510886
16.539608,62.952187,2.460889,60.491298
16.542206,62.934102,2.462423,60.471680
16.545160,62.912387,2.464340,60.448047
16.548259,62.884044,2.466258,60.417787
16.551045,62.861292,2.467792,60.393501
16.554317,62.834573,2.470093,60.364481
16.558098,62.804841,2.470860,60.333981
16.561277,62.789806,2.472777,60.317029
16.564611,62.771501,2.473928,60.297573
16.569143,62.752440,2.474695,60.277745
16.570440,62.743284,2.476228,60.267055
16.574421,62.723192,2.476612,60.246580
16.578625,62.698157,2.477762,60.220395
16.580069,62.686071,2.479680,60.206391
16.583709,62.659903,2.481981,60.177922
16.586667,62.634383,2.483898,60.150485
16.589950,62.604099,2.485049,60.119050
16.592577,62.579975,2.488117,60.091858
16.595537,62.558157,2.489267,60.068890
16.598761,62.537646,2.490801,60.046845
16.601732,62.518124,2.491952,60.026172
16.605070,62.496960,2.493102,60.003858
16.608651,62.475262,2.495787,59.979476
16.611547,62.452421,2.497321,59.955100
16.614625,62.430999,2.498855,59.932144
16.617632,62.399984,2.499622,59.900362
16.620397,62.385908,2.501156,59.884752
16.623733,62.357799,2.503457,59.854342
16.628739,62.333136,2.505758,59.827378
16.629922,62.302306,2.507292,59.795015
16.633134,62.276582,2.509593,59.766989
16.636262,62.252086,2.511510,59.740576
16.639735,62.223300,2.513044,59.710256
16.642665,62.199254,2.514962,59.684292
16.645703,62.176166,2.517262,59.658904
16.648874,62.150784,2.518796,59.631987
16.652159,62.128643,2.519947,59.608696
16.655442,62.103536,2.522631,59.580904
16.658636,62.080442,2.524165,59.556277
16.661622,62.053100,2.526083,59.527017
16.664661,62.028455,2.528000,59.500454
16.667306,62.002742,2.529918,59.472825
16.670314,61.973489,2.532219,59.441270
16.673645,61.944517,2.533369,59.411148
16.676698,61.917163,2.535670,59.381493
16.679733,61.892212,2.537588,59.354624
16.682511,61.869939,2.538738,59.331201
16.685803,61.843424,2.541039,59.302385
16.688918,61.817352,2.542190,59.275163
16.691941,61.789465,2.544874,59.244591
16.694868,61.762315,2.547175,59.215140
16.697930,61.726404,2.548326,59.178079
16.700740,61.704167,2.551777,59.152390
16.704293,61.675214,2.553695,59.121519
16.708656,61.637925,2.555995,59.081929
16.710139,61.623070,2.557146,59.065924
16.714026,61.597915,2.558680,59.039235
16.718781,61.555983,2.560214,58.995769
16.720061,61.537778,2.563282,58.974497
16.723659,61.504432,2.564816,58.939617
16.728573,61.473980,2.567117,58.906864
16.729650,61.442396,2.570185,58.872211
16.733251,61.409116,2.571719,58.837397
16.736198,61.383643,2.574403,58.809240
16.739595,61.357086,2.575554,58.781533
16.742031,61.334268,2.577471,58.756797
16.744976,61.307783,2.580156,58.727628
16.748205,61.273466,2.581690,58.691777
16.751235,61.244069,2.583991,58.660078
16.754298,61.213803,2.587059,58.626744
16.757941,61.174531,2.588593,58.585938
16.760877,61.154169,2.590510,58.563659
16.764114,61.127373,2.592044,58.535329
16.769449,61.100636,2.594729,58.505907
16.770251,61.069818,2.596646,58.473172
16.773790,61.036041,2.598947,58.437094
16.776686,61.005601,2.601248,58.404353
16.779687,60.974682,2.604316,58.370366
16.782644,60.946303,2.606233,58.340070
16.786083,60.911920,2.608534,58.303386
16.789616,60.880024,2.610068,58.269956
16.792021,60.855133,2.613136,58.241997
16.794966,60.828270,2.614670,58.213600
16.798145,60.796980,2.616204,58.180775
16.800910,60.771609,2.618122,58.153487
16.804178,60.739156,2.620423,58.118733
16.808810,60.700255,2.623107,58.077148
16.810198,60.684334,2.625025,58.059309
16.813774,60.650934,2.627326,58.023608
16.818941,60.620194,2.629627,57.990568
16.819898,60.588358,2.631928,57.956431
16.823273,60.556031,2.633845,57.922186
16.826270,60.528161,2.635762,57.892399
16.829534,60.494959,2.637680,57.857279
16.832382,60.467066,2.640748,57.826318
16.835172,60.438645,2.641898,57.796747
16.838722,60.405347,2.644199,57.761148
16.841415,60.375638,2.647267,57.728371
16.844749,60.343652,2.649185,57.694468
16.848129,60.309509,2.650335,57.659174
16.850976,60.289825,2.653020,57.636805
16.854560,60.256179,2.655321,57.600859
16.858584,60.218561,2.657622,57.560939
16.860108,60.197265,2.659539,57.537726
16.863871,60.165387,2.662607,57.502780
16.866824,60.133221,2.664908,57.468313
16.869977,60.100708,2.666826,57.433883
16.872843,60.073486,2.668360,57.405126
16.875980,60.046186,2.669894,57.376292
16.879033,60.017693,2.673345,57.344348
16.881889,59.991766,2.674879,57.316887
16.885142,59.956454,2.676413,57.280041
16.888286,59.925822,2.679097,57.246725
16.890873,59.901446,2.681015,57.220432
16.894074,59.870623,2.682549,57.188074
16.897010,59.844587,2.685617,57.158970
16.900242,59.817149,2.687151,57.129999
16.902973,59.794625,2.688685,57.105940
16.906195,59.764916,2.690602,57.074314
16.909531,59.733056,2.693287,57.039769
16.912159,59.706547,2.695971,57.010576
16.915076,59.676281,2.697889,56.978392
16.918257,59.641071,2.699806,56.941265
16.921414,59.611039,2.702107,56.908932
16.924363,59.585500,2.704408,56.881092
16.929396,59.560040,2.705559,56.854481
16.930450,59.534388,2.708243,56.826145
16.933811,59.503606,2.710161,56.793446
16.938838,59.472938,2.712845,56.760093
16.940170,59.440575,2.715146,56.725429
16.943212,59.413856,2.717447,56.696409
16.946306,59.387767,2.718981,56.668786
16.949580,59.361593,2.720131,56.641462
16.952295,59.336936,2.722049,56.614887
16.955091,59.312835,2.724733,56.588102
16.958101,59.285943,2.726651,56.559292
16.961056,59.259841,2.728568,56.531273
16.964105,59.232313,2.730102,56.502211
16.967088,59.202383,2.731636,56.470746
16.970217,59.172961,2.734321,56.438641
16.973051,59.148484,2.737005,56.411478
16.976082,59.122484,2.738923,56.383561
16.979529,59.094207,2.740457,56.353750
16.982101,59.071605,2.741607,56.329998
16.985038,59.046234,2.743525,56.302710
16.988237,59.019461,2.745442,56.274019
16.990901,58.998004,2.747743,56.250261
16.994077,58.972945,2.749277,56.223668
16.997021,58.948910,2.751195,56.197716
17.000319,58.923462,2.752345,56.171117
17.002885,58.901818,2.754263,56.147556
17.005927,58.876753,2.756947,56.119806
17.009562,58.844612,2.758481,56.086131
17.012372,58.819055,2.760398,56.058657
17.015254,58.792828,2.762316,56.030512
17.018501,58.767793,2.763466,56.004326
17.021155,58.747797,2.765767,55.982030
17.024469,58.723745,2.767301,55.956443
17.028620,58.693970,2.768835,55.925135
17.030063,58.680344,2.770753,55.909591
17.033646,58.653559,2.771903,55.881656
17.036527,58.629141,2.774971,55.854170
17.039683,58.602434,2.776122,55.826313
17.042529,58.579227,2.777272,55.801955
17.045565,58.554593,2.779190,55.775404
17.048931,58.533130,2.781491,55.751639
17.051689,58.515207,2.782641,55.732566
17.054885,58.497968,2.783792,55.714176
17.057894,58.475635,2.785326,55.690310
17.060776,58.461877,2.786860,55.675018
17.064358,58.435015,2.788777,55.646238
17.067675,58.406372,2.789928,55.616445
17.070160,58.380013,2.792229,55.587785
17.073758,58.354277,2.793763,55.560514
17.076592,58.329721,2.796447,55.533274
17.079712,58.306412,2.797981,55.508431
17.082683,58.286213,2.799515,55.486698
17.085705,58.271742,2.800665,55.471076
17.088912,58.257642,2.801432,55.456210
17.091738,58.242093,2.802583,55.439510
17.094853,58.227610,2.803350,55.424260
17.098092,58.203695,2.804884,55.398811
17.100804,58.185869,2.806801,55.379067
17.104389,58.158509,2.809102,55.349406
17.108756,58.132575,2.811403,55.321172
17.110321,58.108049,2.812554,55.295495
17.113260,58.087173,2.814088,55.273085
17.116172,58.069682,2.815238,55.254443
17.119635,58.056026,2.816389,55.239637
17.122215,58.042274,2.817539,55.224734
17.125268,58.032656,2.818690,55.213967
17.128568,58.017916,2.819457,55.198459
17.131230,58.006213,2.820607,55.185606
17.134582,57.987518,2.821374,55.166144
17.138887,57.961961,2.823675,55.138286
17.140554,57.948683,2.825593,55.123090
17.144600,57.919891,2.826743,55.093148
17.147784,57.891350,2.828661,55.062690
17.150374,57.878941,2.829428,55.049513
17.153957,57.859305,2.830578,55.028726
17.156914,57.845289,2.832496,55.012793
17.159987,57.835324,2.832879,55.002445
17.162879,57.824275,2.833263,54.991012
17.166184,57.814286,2.834413,54.979873
17.169675,57.802092,2.834796,54.967295
17.172058,57.791624,2.836330,54.955293
17.175411,57.776026,2.836714,54.939312
17.178550,57.761417,2.837864,54.923553
17.181269,57.744490,2.839782,54.904708
17.184412,57.727089,2.840932,54.886156
17.188720,57.706757,2.842083,54.864674
17.190164,57.695924,2.842850,54.853074
17.193914,57.682801,2.844384,54.838417
17.198832,57.670050,2.845151,54.824899
17.200189,57.658329,2.845918,54.812411
17.203195,57.645764,2.847068,54.798695
17.206627,57.636919,2.847835,54.789084
17.209683,57.624617,2.848602,54.776015
17.212720,57.615479,2.848602,54.766877
17.215812,57.607516,2.848986,54.758530
17.218762,57.597917,2.849753,54.748164
17.221343,57.591829,2.850136,54.741692
17.224628,57.583176,2.850903,54.732273
17.227980,57.570916,2.851287,54.719629
17.231454,57.561556,2.852821,54.708736
17.234921,57.547667,2.853204,54.694462
17.238058,57.534526,2.854738,54.679788
17.240795,57.525071,2.854738,54.670332
17.244491,57.513674,2.855889,54.657785
17.248590,57.502007,2.856656,54.645351
17.250023,57.498693,2.857039,54.641654
17.253656,57.495541,2.857039,54.638502
17.256716,57.493660,2.857039,54.636621
17.259940,57.491029,2.857423,54.633607
17.262709,57.487015,2.857806,54.629208
17.265581,57.480178,2.858573,54.621604
17.269046,57.470626,2.858573,54.612053
17.271728,57.464029,2.858957,54.605072
17.275161,57.456772,2.859724,54.597049
17.278946,57.447868,2.860107,54.587761
17.281819,57.443991,2.860491,54.583501
17.284772,57.439341,2.860874,54.578467
17.287901,57.433020,2.861258,54.571762
17.290549,57.429988,2.861641,54.568347
17.294099,57.426500,2.861641,54.564859
17.298855,57.426087,2.862025,54.564062
17.300153,57.426560,2.862408,54.564152
17.303426,57.426326,2.862025,54.564302
17.306480,57.425937,2.862025,54.563912
17.309573,57.425979,2.861641,54.564338
17.312348,57.424972,2.861641,54.563331
17.315154,57.423696,2.862025,54.561671
17.318442,57.421976,2.862408,54.559568
17.321135,57.420778,2.862408,54.558370
17.324515,57.419699,2.862408,54.557291
17.328616,57.417728,2.862408,54.555320
17.330157,57.416805,2.862408,54.554397
17.333826,57.415780,2.862792,54.552989
17.336862,57.414264,2.862408,54.551856
17.339905,57.413725,2.862792,54.550933
17.342733,57.413108,2.863175,54.549933
17.345656,57.412766,2.862792,54.549975
17.348958,57.414264,2.862792,54.551473
17.351483,57.414510,2.862792,54.551718
17.354674,57.415175,2.862408,54.552767
17.357834,57.415960,2.863175,54.552785
17.360636,57.415481,2.862792,54.552689
17.364041,57.416883,2.862792,54.554091
17.366962,57.418099,2.862408,54.555691
17.369972,57.419909,2.862408,54.557501
17.372933,57.421293,2.862025,54.559268
17.375964,57.424307,2.862025,54.562282
17.379765,57.428609,2.861641,54.566968
17.382173,57.434008,2.861641,54.572367
17.385656,57.437034,2.860874,54.576160
17.388735,57.438634,2.860874,54.577760
17.391527,57.440426,2.860874,54.579552
17.394544,57.441193,2.860874,54.580319
17.398597,57.443302,2.860491,54.582811
17.400046,57.443985,2.860874,54.583111
17.403711,57.446400,2.860491,54.585909
17.406619,57.450433,2.859724,54.590709
17.409777,57.457497,2.859340,54.598157
17.412597,57.465904,2.858957,54.606948
17.415554,57.474203,2.858573,54.615630
17.418808,57.485846,2.857423,54.628423
17.421479,57.495284,2.856656,54.638628
17.424678,57.503882,2.855889,54.647994
17.427747,57.517119,2.855122,54.661997
17.431033,57.522859,2.855122,54.667738
17.434516,57.530098,2.854355,54.675743
17.437758,57.538960,2.853971,54.684989
17.440420,57.542687,2.853204,54.689483
17.443970,57.549494,2.852821,54.696674
17.446748,57.556643,2.852054,54.704589
17.449912,57.566674,2.851670,54.715003
17.452857,57.575009,2.850903,54.724105
17.456046,57.589108,2.850520,54.738588
17.459663,57.602698,2.848986,54.753713
17.462025,57.616888,2.848219,54.768669
17.465402,57.633779,2.847068,54.786711
17.468530,57.648604,2.845918,54.802686
17.471161,57.660378,2.845151,54.815228
17.474317,57.672009,2.844384,54.827625
17.478784,57.685138,2.843617,54.841521
17.480303,57.691651,2.842850,54.848801
17.484099,57.702539,2.842083,54.860456
17.489297,57.713984,2.841316,54.872668
17.490132,57.726903,2.840932,54.885970
17.493636,57.745610,2.839015,54.906595
17.496614,57.762867,2.837481,54.925387
17.499935,57.782971,2.835947,54.947024
17.502861,57.799989,2.835180,54.964809
17.505937,57.818678,2.833646,54.985032
17.509155,57.835048,2.832496,55.002553
17.512049,57.849603,2.831345,55.018258
17.515278,57.866849,2.830578,55.036271
17.518182,57.882093,2.829044,55.053048
17.520985,57.897259,2.828277,55.068982
17.524286,57.913773,2.827127,55.086646
17.528738,57.933792,2.826360,55.107433
17.529839,57.942601,2.825209,55.117392
17.533731,57.956395,2.823675,55.132720
17.539243,57.973412,2.822141,55.151271
17.540271,57.994804,2.821374,55.173430
17.543692,58.017011,2.819840,55.197171
17.546846,58.039308,2.818306,55.221001
17.549675,58.060370,2.816389,55.243981
17.552873,58.084045,2.814471,55.269573
17.556218,58.108810,2.813321,55.295489
17.559608,58.132155,2.811787,55.320369
17.562235,58.148280,2.810253,55.338027
17.565290,58.165855,2.809102,55.356753
17.568408,58.180218,2.807952,55.372266
17.571094,58.194024,2.806801,55.387223
17.574440,58.211287,2.805651,55.405636
17.578627,58.235723,2.804884,55.430839
17.579967,58.245982,2.803350,55.442632
17.583561,58.270304,2.801432,55.468871
17.586553,58.296687,2.799515,55.497172
17.589731,58.325383,2.797597,55.527786
17.592705,58.352401,2.795680,55.556721
17.595739,58.377580,2.792996,55.584585
17.598958,58.400165,2.791462,55.608703
17.602227,58.423228,2.790311,55.632917
17.605176,58.443080,2.789161,55.653920
17.608237,58.461889,2.787627,55.674263
17.610942,58.476109,2.786860,55.689249
17.614334,58.497758,2.785326,55.712433
17.618865,58.530110,2.783408,55.746701
17.620341,58.545330,2.780340,55.764989
17.623984,58.579826,2.778806,55.801020
17.628639,58.623137,2.777656,55.845481
17.630190,58.636278,2.774971,55.861307
17.633886,58.665987,2.772287,55.893700
17.638797,58.699692,2.771136,55.928556
17.640829,58.715104,2.768835,55.946269
17.644676,58.740720,2.767301,55.973419
17.647791,58.769902,2.766151,56.003751
17.650774,58.789646,2.763466,56.026180
17.653989,58.817641,2.761549,56.056092
17.658500,58.861935,2.760015,56.101920
17.660617,58.877011,2.756180,56.120831
17.663966,58.911987,2.754646,56.157341
17.666853,58.937058,2.753112,56.183946
17.669929,58.963699,2.751195,56.212504
17.672875,58.987901,2.750044,56.237857
17.675939,59.012594,2.747743,56.264851
17.678954,59.038966,2.745826,56.293140
17.681800,59.061622,2.744292,56.317330
17.685294,59.088167,2.742374,56.345793
17.688600,59.116791,2.740073,56.376718
17.691401,59.142593,2.738156,56.404438
17.694648,59.170768,2.736238,56.434530
17.698627,59.206224,2.733170,56.473053
17.700762,59.227256,2.731636,56.495620
17.704302,59.256635,2.730102,56.526533
17.708684,59.295614,2.728185,56.567429
17.710297,59.309971,2.725117,56.584854
17.713434,59.339344,2.723583,56.615761
17.716417,59.366267,2.721282,56.644985
17.719585,59.395059,2.719748,56.675311
17.722328,59.420897,2.717830,56.703067
17.725073,59.449090,2.715913,56.733177
17.728329,59.480507,2.713229,56.767278
17.731191,59.507387,2.711311,56.796076
17.734565,59.535922,2.709777,56.826145
17.738513,59.571119,2.707476,56.863643
17.740090,59.588838,2.704792,56.884046
17.743808,59.618026,2.702491,56.915535
17.746886,59.645571,2.701340,56.944231
17.749954,59.675106,2.699423,56.975684
17.752774,59.701550,2.696738,57.004811
17.755734,59.732505,2.695204,57.037301
17.758910,59.765174,2.692136,57.073038
17.761409,59.791359,2.690602,57.100757
17.765250,59.820972,2.688301,57.132671
17.769287,59.850400,2.686000,57.164399
17.771491,59.883476,2.684466,57.199010
17.774829,59.914983,2.681782,57.233201
17.778036,59.953015,2.679481,57.273534
17.780535,59.972621,2.676029,57.296591
17.783954,60.004361,2.674496,57.329865
17.788956,60.033135,2.672195,57.360941
17.790183,60.060435,2.670661,57.389775
17.793430,60.089012,2.667209,57.421802
17.796369,60.116216,2.665675,57.450541
17.799552,60.148789,2.663758,57.485031
17.802122,60.175849,2.661840,57.514009
17.804963,60.205828,2.659923,57.545905
17.808079,60.239809,2.658005,57.581804
17.810706,60.261872,2.654937,57.606935
17.814285,60.293654,2.652636,57.641018
17.818681,60.334442,2.649952,57.684491
17.820828,60.357350,2.648418,57.708932
17.824515,60.394232,2.646117,57.748115
17.828676,60.434463,2.643816,57.790647
17.830107,60.451612,2.641515,57.810097
17.833855,60.484605,2.639597,57.845007
17.836880,60.513247,2.637680,57.875567
17.839933,60.542818,2.636146,57.906672
17.842798,60.569118,2.634995,57.934122
17.845846,60.597886,2.631544,57.966342
17.848966,60.628769,2.629243,57.999526
17.851878,60.656812,2.627326,58.029487
17.855121,60.688882,2.625408,58.063474
17.857982,60.722935,2.623491,58.099444
17.860828,60.745543,2.620423,58.125121
17.864351,60.780010,2.617355,58.162655
17.867458,60.809815,2.616204,58.193610
17.870129,60.842244,2.613520,58.228724
17.873659,60.868334,2.611602,58.256731
17.876590,60.896071,2.610068,58.286003
17.879796,60.925031,2.608151,58.316880
17.882465,60.951504,2.606233,58.345271
17.885529,60.981021,2.603932,58.377089
17.888593,61.008963,2.601248,58.407715
17.891435,61.038821,2.599330,58.439491
17.894585,61.069699,2.597413,58.472286
17.898811,61.105244,2.595495,58.509748
17.900249,61.123142,2.593195,58.529948
17.903656,61.150586,2.592044,58.558542
17.906689,61.178096,2.588976,58.589120
17.909703,61.208626,2.587059,58.621567
17.913100,61.243434,2.585908,58.657526
17.916047,61.273209,2.583607,58.689602
17.918973,61.303637,2.581306,58.722331
17.921771,61.326844,2.579389,58.747455
17.925122,61.355013,2.577471,58.777542
17.928160,61.383571,2.575554,58.808018
17.930779,61.402213,2.574020,58.828193
17.934133,61.431436,2.572486,58.858951
17.937051,61.460217,2.569034,58.891182
17.940234,61.493401,2.566733,58.926668
17.943011,61.519509,2.564432,58.955076
17.945912,61.546437,2.562898,58.983539
17.949023,61.575906,2.561364,59.014542
17.952036,61.599539,2.558680,59.040859
17.955220,61.625994,2.557146,59.068848
17.958732,61.653235,2.555995,59.097239
17.961446,61.681871,2.553695,59.128176
17.964633,61.712245,2.551010,59.161235
17.969834,61.739281,2.548709,59.190572
17.970537,61.768589,2.547175,59.221414
17.974226,61.800239,2.544491,59.255748
17.978684,61.835922,2.542573,59.293349
17.979953,61.847924,2.541423,59.306502
17.983587,61.870790,2.540272,59.330518
17.986332,61.893237,2.538355,59.354882
17.989672,61.919680,2.536437,59.383243
17.992240,61.944751,2.533369,59.411382
17.995295,61.973309,2.531835,59.441474
17.998717,62.002239,2.529918,59.472321
18.001627,62.031984,2.527617,59.504367
18.004885,62.060279,2.525316,59.534963
18.008601,62.087159,2.524165,59.562994
18.011186,62.111535,2.521481,59.590054
18.014357,62.134827,2.519947,59.614880
18.018615,62.166189,2.518029,59.648160
18.019924,62.181745,2.516112,59.665633
18.023534,62.205743,2.514578,59.691165
18.026419,62.228112,2.512277,59.715835
18.029693,62.255849,2.510743,59.745106
18.032574,62.277996,2.509209,59.768787
18.035636,62.301857,2.507675,59.794182
18.038911,62.323854,2.505758,59.818096
18.041473,62.345491,2.504607,59.840884
18.044736,62.369879,2.502306,59.867573
18.047795,62.400205,2.500772,59.899433
18.050444,62.411812,2.499622,59.912190
18.053813,62.434306,2.498471,59.935835
18.058582,62.456255,2.496554,59.959702
18.059889,62.480224,2.494253,59.985971
18.063051,62.505325,2.492719,60.012606
18.066067,62.529179,2.491185,60.037995
18.069647,62.553915,2.489267,60.064648
18.072192,62.575439,2.486583,60.088856
18.075277,62.597388,2.485432,60.111955
18.078314,62.620835,2.483898,60.136936
18.081111,62.636055,2.483131,60.152923
18.084453,62.654487,2.481597,60.172889
18.088723,62.677586,2.480830,60.196756
18.090224,62.685550,2.479296,60.206253
18.094021,62.708170,2.477379,60.230791
18.098815,62.739856,2.475845,60.264011
18.100349,62.753668,2.473928,60.279740
18.103485,62.776504,2.473161,60.303343
18.106417,62.799478,2.472010,60.327468
18.109556,62.821828,2.470476,60.351352
18.112259,62.840302,2.468942,60.371360
18.115013,62.855816,2.467025,60.388791
18.118329,62.874757,2.465874,60.408882
18.121054,62.886795,2.465107,60.421688
18.124565,62.900984,2.464340,60.436644
18.128708,62.921010,2.463190,60.457820
18.130055,62.927655,2.462039,60.465616
18.133673,62.945398,2.461272,60.484125
18.136496,62.959371,2.459355,60.500017
18.139776,62.979756,2.458588,60.521169
18.142591,63.000118,2.456287,60.543831
18.145963,63.026561,2.454369,60.572192
18.149629,63.052357,2.453219,60.599138
18.152073,63.069135,2.452068,60.617066
18.155187,63.083893,2.450151,60.633742
18.158230,63.098412,2.449767,60.648645
18.161120,63.106412,2.449000,60.657411
18.164337,63.118971,2.448233,60.670738
18.167274,63.128013,2.447466,60.680547
18.170250,63.140639,2.446316,60.694323
18.173822,63.151652,2.445932,60.705720
18.178699,63.163385,2.445165,60.718219
18.179970,63.176364,2.444015,60.732349
18.183239,63.191973,2.443248,60.748725
18.186247,63.205431,2.442481,60.762950
18.189592,63.223725,2.440947,60.782778
18.192316,63.239353,2.439413,60.799940
18.195230,63.256131,2.438262,60.817868
18.198458,63.273616,2.437112,60.836504
18.201339,63.287296,2.436345,60.850951
18.204494,63.298980,2.435961,60.863019
18.208670,63.309688,2.434811,60.874877
18.210391,63.315656,2.434044,60.881612
18.214042,63.324057,2.434044,60.890013
18.218884,63.328695,2.433277,60.895418
18.220194,63.336401,2.432510,60.903891
18.223152,63.344982,2.431743,60.913239
18.226188,63.353922,2.431360,60.922562
18.229802,63.366338,2.430593,60.935745
18.232204,63.375565,2.429826,60.945740
18.235701,63.386573,2.429059,60.957514
18.238801,63.396016,2.429059,60.966958
18.241472,63.400702,2.428292,60.972411
18.244866,63.407030,2.427141,60.979889
18.248055,63.415143,2.427141,60.988002
18.250900,63.419937,2.426758,60.993179
18.254126,63.426972,2.426374,61.000598
18.259156,63.433293,2.425607,61.007686
18.260234,63.444049,2.424840,61.019209
18.263619,63.454092,2.424073,61.030019
18.266794,63.465094,2.423690,61.041404
18.269754,63.474645,2.423306,61.051339
18.272690,63.480751,2.422156,61.058595
18.275501,63.488229,2.421772,61.066457
18.278712,63.496061,2.421389,61.074672
18.281307,63.501496,2.421389,61.080107
18.284667,63.504923,2.421005,61.083918
18.287810,63.507500,2.420622,61.086878
18.290847,63.507638,2.420622,61.087016
18.294232,63.507434,2.420238,61.087196
18.298678,63.508866,2.420238,61.088628
18.300281,63.510825,2.420238,61.090587
18.303897,63.513078,2.420238,61.092840
18.306867,63.516332,2.420238,61.096094
18.309979,63.519628,2.419855,61.099773
18.313103,63.524200,2.419471,61.104729
18.316416,63.528059,2.419471,61.108587
18.319588,63.531756,2.419088,61.112668
18.322428,63.534944,2.418704,61.116239
18.325701,63.536466,2.418704,61.117761
18.328895,63.534752,2.418704,61.116048
18.331934,63.533733,2.419471,61.114262
18.335001,63.533404,2.419088,61.114316
18.338317,63.533308,2.418704,61.114604
18.341141,63.533895,2.419088,61.114807
18.344314,63.534728,2.418704,61.116024
18.348640,63.533691,2.418321,61.115371
18.350778,63.533044,2.418704,61.114340
18.354137,63.532715,2.418321,61.114394
18.358919,63.532013,2.419088,61.112926
18.360726,63.531450,2.418704,61.112746
18.363983,63.530557,2.419088,61.111470
18.366899,63.529736,2.419088,61.110649
18.369957,63.528196,2.419471,61.108725
18.372914,63.527519,2.419088,61.108432
18.376236,63.526069,2.419471,61.106598
18.379633,63.524703,2.419855,61.104848
18.382347,63.522714,2.419855,61.102859
18.385509,63.520437,2.419855,61.100582
18.388676,63.517920,2.419855,61.098065
18.391537,63.512629,2.419855,61.092774
18.394578,63.507733,2.419471,61.088262
18.398780,63.501154,2.420622,61.080532
18.400800,63.497649,2.420238,61.077410
18.404417,63.491938,2.420622,61.071317
18.408926,63.487055,2.421005,61.066049
18.410909,63.486204,2.421389,61.064815
18.414639,63.482962,2.421389,61.061573
18.417814,63.477875,2.421005,61.056870
18.420535,63.474471,2.421772,61.052699
18.423927,63.465992,2.422923,61.043070
18.426712,63.454721,2.423306,61.031415
18.430001,63.442078,2.423690,61.018388
18.432623,63.431022,2.425224,61.005799
18.435658,63.418361,2.425991,60.992370
18.439011,63.403153,2.427141,60.976012
18.441635,63.391355,2.428292,60.963063
18.445218,63.373630,2.429442,60.944188
18.448767,63.361142,2.430209,60.930933
18.451436,63.349320,2.431360,60.917960
18.455063,63.340044,2.431360,60.908685
18.458139,63.328869,2.432127,60.896742
18.460941,63.322098,2.432894,60.889204
18.464344,63.310497,2.434044,60.876453
18.467256,63.297488,2.435195,60.862294
18.470138,63.285031,2.436345,60.848686
18.473730,63.270218,2.437112,60.833106
18.476573,63.258779,2.437879,60.820900
18.479574,63.246327,2.439029,60.807298
18.482409,63.237495,2.439413,60.798082
18.485266,63.225247,2.440180,60.785067
18.488592,63.216157,2.441330,60.774827
18.491232,63.204886,2.442097,60.762789
18.494404,63.191799,2.443248,60.748551
18.498702,63.170324,2.444398,60.725925
18.500212,63.161719,2.445932,60.715786
18.503846,63.138865,2.447083,60.691782
18.506708,63.116227,2.448617,60.667610
18.509752,63.094344,2.449767,60.644576
18.512677,63.074653,2.451301,60.623352
18.515664,63.059314,2.452452,60.606862
18.518813,63.042835,2.453602,60.589233
18.521460,63.030797,2.454369,60.576428
18.524804,63.019244,2.455520,60.563725
18.528912,63.005007,2.455903,60.549104
18.530426,62.996295,2.457054,60.539241
18.534088,62.984041,2.458588,60.525453
18.538585,62.959683,2.459738,60.499945
18.540839,62.943702,2.461272,60.482430
18.544393,62.919188,2.462039,60.457149
18.548718,62.883481,2.465491,60.417990
18.549978,62.867260,2.467408,60.399852
18.553669,62.840290,2.468942,60.371348
18.556595,62.816771,2.470093,60.346678
18.559611,62.798831,2.471627,60.327204
18.562322,62.783623,2.472777,60.310846
18.565274,62.768588,2.473928,60.294661
18.568551,62.754105,2.474695,60.279411
18.571183,62.742798,2.476228,60.266570
18.574733,62.722797,2.476612,60.246185
18.578673,62.698409,2.478913,60.219496
18.580856,62.683063,2.480063,60.202999
18.584465,62.654031,2.482748,60.171283
18.587707,62.616461,2.483898,60.132562
18.590467,62.598053,2.486583,60.111470
18.593709,62.569782,2.487733,60.082049
18.596714,62.547977,2.488884,60.059093
18.599748,62.527616,2.490418,60.037198
18.602543,62.513175,2.492719,60.020456
18.605596,62.493778,2.494253,59.999525
18.608826,62.474148,2.495403,59.978745
18.611486,62.454194,2.496937,59.957257
18.614683,62.430717,2.498471,59.932246
18.617767,62.400067,2.500389,59.899679
18.620566,62.384662,2.501923,59.882739
18.623977,62.355534,2.504224,59.851310
18.628750,62.330038,2.505374,59.824664
18.630004,62.302504,2.508059,59.794445
18.633033,62.277673,2.509209,59.768463
18.636080,62.252416,2.510743,59.741673
18.639136,62.227009,2.512661,59.714349
18.641952,62.204671,2.514195,59.690476
18.645473,62.179540,2.516495,59.663044
18.648650,62.156812,2.518029,59.638782
18.651567,62.134149,2.519947,59.614203
18.654751,62.110547,2.521481,59.589066
18.657813,62.080304,2.523398,59.556906
18.660543,62.063946,2.525316,59.538630
18.664115,62.034890,2.527233,59.507657
18.666971,62.006835,2.528767,59.478068
18.670061,61.978900,2.530301,59.448599
18.672975,61.950264,2.533753,59.416511
18.676009,61.923149,2.535287,59.387862
18.679582,61.893848,2.536821,59.357027
18.682013,61.872642,2.538738,59.333903
18.685132,61.847870,2.540656,59.307215
18.688487,61.820349,2.542573,59.277775
18.691089,61.796883,2.544107,59.252776
18.694397,61.766156,2.546408,59.219748
18.698934,61.739335,2.548326,59.191010
18.700212,61.709027,2.550243,59.158784
18.703418,61.680451,2.553311,59.127140
18.706458,61.655643,2.554845,59.100798
18.709755,61.630039,2.555612,59.074427
18.712662,61.607029,2.557529,59.049500
18.715709,61.582611,2.558680,59.023932
18.718828,61.556833,2.562131,58.994702
18.721416,61.526238,2.563665,58.962572
18.724499,61.496271,2.565583,58.930688
18.728603,61.453284,2.567884,58.885400
18.729878,61.435176,2.570185,58.864991
18.733528,61.406479,2.572102,58.834377
18.736539,61.380965,2.574403,58.806562
18.739758,61.353431,2.576321,58.777110
18.742708,61.328804,2.578622,58.750182
18.745726,61.300029,2.580156,58.719874
18.748914,61.270494,2.582073,58.688421
18.751515,61.240917,2.584758,58.656160
18.754802,61.209932,2.587059,58.622873
18.757997,61.174339,2.588209,58.586130
18.760726,61.156027,2.590894,58.565133
18.764264,61.125755,2.592428,58.533327
18.767333,61.098916,2.594345,58.504571
18.769985,61.068284,2.596262,58.472022
18.773426,61.040469,2.598563,58.441906
18.776223,61.010071,2.600864,58.409207
18.779591,60.976276,2.602782,58.373494
18.781969,60.952523,2.605850,58.346673
18.784978,60.922874,2.607767,58.315107
18.788089,60.886957,2.609685,58.277272
18.790797,60.865547,2.611986,58.253562
18.794173,60.835161,2.613520,58.221642
18.797117,60.806861,2.616588,58.190273
18.800225,60.777535,2.618505,58.159030
18.803114,60.750001,2.619656,58.130346
18.806201,60.722366,2.622340,58.100026
18.809602,60.691201,2.623491,58.067710
18.812158,60.665962,2.625408,58.040554
18.815123,60.636535,2.628860,58.007675
18.818201,60.602673,2.630777,57.971896
18.821337,60.576422,2.632695,57.943727
18.824837,60.541859,2.634229,57.907631
18.827728,60.504798,2.636529,57.868269
18.830519,60.485995,2.638830,57.847165
18.833713,60.453026,2.640748,57.812278
18.836776,60.423305,2.643049,57.780257
18.839754,60.391925,2.644966,57.746958
18.842592,60.365332,2.647651,57.717681
18.845544,60.336743,2.649185,57.687559
18.849087,60.310720,2.651486,57.659234
18.851409,60.286835,2.652636,57.634199
18.855017,60.254358,2.654937,57.599421
18.858065,60.219592,2.658005,57.561586
18.860978,60.196540,2.660306,57.536234
18.864669,60.157609,2.663758,57.493852
18.869232,60.116653,2.665292,57.451362
18.871053,60.091570,2.667209,57.424361
18.874626,60.058308,2.669894,57.388414
18.878659,60.022481,2.671811,57.350670
18.880186,60.003270,2.673729,57.329542
18.883939,59.970434,2.676029,57.294404
18.886785,59.941126,2.678714,57.262412
18.889740,59.910225,2.681015,57.229210
18.892913,59.880126,2.682165,57.197961
18.895863,59.853905,2.684466,57.169439
18.899048,59.827582,2.687151,57.140431
18.902145,59.802505,2.688685,57.113820
18.905717,59.771412,2.690986,57.080426
18.908928,59.742002,2.692903,57.049099
18.911818,59.709843,2.695588,57.014255
18.914869,59.678330,2.697505,56.980825
18.918060,59.639609,2.699806,56.939803
18.920935,59.616012,2.701340,56.914672
18.924348,59.587070,2.704408,56.882662
18.927091,59.561837,2.706326,56.855512
18.930227,59.534975,2.707860,56.827115
18.933000,59.510563,2.709777,56.800786
18.936031,59.483395,2.712462,56.770933
18.939141,59.450995,2.713612,56.737383
18.942055,59.424432,2.717063,56.707369
18.945393,59.394514,2.718214,56.676300
18.948726,59.369784,2.720131,56.649653
18.951519,59.343551,2.721665,56.621885
18.954677,59.317006,2.724350,56.592656
18.958683,59.283384,2.726651,56.556733
18.960278,59.265875,2.728185,56.537690
18.964139,59.232643,2.729719,56.502924
18.967154,59.204108,2.732787,56.471322
18.970222,59.174453,2.734321,56.440133
18.973443,59.146147,2.736622,56.409525
18.976577,59.120800,2.738156,56.382644
18.979640,59.093961,2.740457,56.353505
18.982323,59.068363,2.742374,56.325989
18.985274,59.043514,2.744292,56.299222
18.988570,59.017005,2.745826,56.271179
18.991058,58.996985,2.747360,56.249625
18.994248,58.971536,2.749277,56.222259
18.999098,58.948737,2.750428,56.198309
19.000359,58.923677,2.752729,56.170949
19.003572,58.897486,2.754646,56.142840
19.006762,58.870168,2.756180,56.113988
19.009737,58.841592,2.758481,56.083111
19.012705,58.817539,2.760782,56.056757
19.015726,58.789910,2.763083,56.026827
19.019038,58.765606,2.765000,56.000605
19.021749,58.743255,2.765767,55.977488
19.024965,58.721186,2.767685,55.953501
19.028018,58.692783,2.769602,55.923181
19.031246,58.672985,2.771520,55.901466
19.034673,58.643642,2.773821,55.869821
19.038765,58.610943,2.775738,55.835205
19.041046,58.590372,2.777656,55.812717
19.044580,58.561916,2.779573,55.782342
19.048664,58.532584,2.780340,55.752244
19.049990,58.521415,2.781874,55.739541
19.053612,58.502774,2.783408,55.719365
19.056442,58.487721,2.784175,55.703546
19.059659,58.470278,2.785326,55.684953
19.062449,58.449839,2.787627,55.662213
19.065488,58.424385,2.789544,55.634841
19.068876,58.399002,2.790695,55.608308
19.071309,58.371864,2.792996,55.578868
19.074555,58.346134,2.795296,55.550837
19.078740,58.312506,2.796830,55.515676
19.080523,58.300294,2.799131,55.501163
19.084112,58.279442,2.799898,55.479543
19.088734,58.264084,2.800665,55.463418
19.089996,58.251153,2.802199,55.448953
19.093095,58.236268,2.803350,55.432918
19.096163,58.218388,2.804500,55.413888
19.099714,58.195684,2.805651,55.390033
19.102279,58.174861,2.806801,55.368060
19.105205,58.150623,2.809869,55.340754
19.108236,58.123724,2.812554,55.311171
19.111035,58.102980,2.813321,55.289659
19.114398,58.081103,2.814471,55.266631
19.118692,58.059699,2.816005,55.243694
19.120426,58.050399,2.816772,55.233627
19.124260,58.037246,2.818690,55.218557
19.128888,58.016903,2.819457,55.197446
19.130246,58.011115,2.820607,55.190508
19.133938,57.990694,2.821374,55.169319
19.138736,57.973778,2.824059,55.149719
19.139975,57.951277,2.824826,55.126452
19.143042,57.931252,2.825976,55.105276
19.146023,57.909171,2.827510,55.081661
19.149132,57.886904,2.828661,55.058244
19.151884,57.868832,2.830195,55.038637
19.155490,57.852599,2.831345,55.021254
19.158756,57.839818,2.832496,55.007323
19.161553,57.830896,2.832879,54.998017
19.164845,57.819217,2.833646,54.985571
19.169083,57.806430,2.834413,54.972017
19.171179,57.795129,2.836330,54.958799
19.174436,57.782258,2.836714,54.945544
19.177356,57.766996,2.837864,54.929132
19.180216,57.751243,2.839015,54.912228
19.183150,57.735897,2.840165,54.895732
19.186022,57.719497,2.840932,54.878564
19.189616,57.701550,2.842850,54.858700
19.192315,57.689296,2.844000,54.845296
19.195236,57.676731,2.844384,54.832347
19.198387,57.664693,2.845534,54.819158
19.201129,57.654087,2.845918,54.808169
19.204557,57.641797,2.847068,54.794729
19.208798,57.628974,2.847452,54.781522
19.209992,57.622287,2.847835,54.774451
19.213708,57.614059,2.848602,54.765457
19.216552,57.605706,2.848986,54.756721
19.219669,57.598108,2.850136,54.747972
19.222485,57.591565,2.850520,54.741045
19.225482,57.583326,2.851287,54.732039
19.228748,57.573103,2.851670,54.721433
19.231464,57.564409,2.852054,54.712355
19.234724,57.551933,2.853588,54.698345
19.237728,57.536623,2.853588,54.683036
19.240451,57.528636,2.855122,54.673514
19.243857,57.515777,2.855505,54.660272
19.248637,57.507921,2.855889,54.652032
19.249787,57.500275,2.856656,54.643619
19.253048,57.496854,2.857039,54.639814
19.256364,57.494655,2.857806,54.636848
19.259676,57.491982,2.857423,54.634559
19.262383,57.488525,2.857423,54.631102
19.265343,57.482401,2.858190,54.624211
19.268470,57.472849,2.858573,54.614276
19.270942,57.466456,2.859340,54.607115
19.274104,57.459924,2.859724,54.600201
19.278688,57.449228,2.860107,54.589121
19.280154,57.445969,2.860874,54.585094
19.283808,57.440929,2.861258,54.579672
19.288691,57.432349,2.860874,54.571474
19.289997,57.430078,2.862025,54.568053
19.293643,57.426686,2.861641,54.565045
19.296652,57.426818,2.861641,54.565177
19.299732,57.427387,2.861641,54.565746
19.302656,57.427417,2.861258,54.566159
19.305982,57.428106,2.862025,54.566081
19.309101,57.426566,2.862025,54.564542
19.312108,57.425230,2.861258,54.563972
19.315515,57.423570,2.861641,54.561929
19.318963,57.421916,2.862025,54.559892
19.322015,57.420994,2.862025,54.558969
19.325416,57.419945,2.862408,54.557537
19.328650,57.418914,2.862408,54.556506
19.331566,57.417967,2.862408,54.555559
19.334615,57.417458,2.862408,54.555050
19.337762,57.417147,2.862408,54.554738
19.340581,57.416499,2.862792,54.553708
19.344058,57.416493,2.862792,54.553702
19.348807,57.416817,2.862408,54.554409
19.349987,57.417332,2.862408,54.554924
19.353100,57.418075,2.862408,54.555667
19.356137,57.418423,2.862408,54.556015
19.359761,57.419645,2.862408,54.557237
19.362255,57.420688,2.862408,54.558280
19.365735,57.420730,2.862025,54.558705
19.369192,57.423402,2.862408,54.560994
19.372035,57.425320,2.862025,54.563295
19.375245,57.428160,2.861641,54.566519
19.378503,57.431953,2.861258,54.570695
19.381446,57.435099,2.861258,54.573841
19.384505,57.437250,2.861258,54.575992
19.388849,57.438916,2.860874,54.578042
19.390469,57.440054,2.860874,54.579180
19.393983,57.440983,2.860874,54.580109
19.398678,57.444435,2.860107,54.584327
19.400122,57.445280,2.860107,54.585172
19.403782,57.448593,2.860107,54.588486
19.406808,57.454394,2.860107,54.594286
19.409824,57.462165,2.859724,54.602442
19.412689,57.469829,2.858573,54.611256
19.415833,57.480279,2.857806,54.622473
19.419003,57.491029,2.857806,54.633223
19.421890,57.498472,2.856656,54.641816
19.425107,57.508275,2.856272,54.652002
19.428162,57.518857,2.855889,54.662968
19.430839,57.523794,2.855122,54.668672
19.434349,57.531218,2.854355,54.676864
19.438725,57.539482,2.854355,54.685127
19.440324,57.542579,2.853588,54.688992
19.444122,57.550321,2.853204,54.697117
19.448590,57.563624,2.852821,54.710803
19.450232,57.568328,2.852054,54.716274
19.453568,57.579233,2.850520,54.728713
19.456609,57.593279,2.850136,54.743142
19.459753,57.606887,2.848986,54.757901
19.462465,57.622047,2.848602,54.773445
19.465396,57.637141,2.847452,54.789689
19.468542,57.650779,2.845918,54.804861
19.471391,57.661954,2.845151,54.816803
19.474509,57.673627,2.844000,54.829627
19.478694,57.685485,2.843617,54.841868
19.480615,57.691909,2.843233,54.848676
19.484295,57.703108,2.842083,54.861025
19.488678,57.720971,2.841316,54.879655
19.489851,57.728724,2.840165,54.888559
19.493612,57.746317,2.838631,54.907686
19.496619,57.764581,2.837481,54.927100
19.499913,57.782576,2.836714,54.945862
19.502487,57.798724,2.835180,54.963544
19.505533,57.815886,2.834030,54.981856
19.508599,57.829937,2.832879,54.997058
19.511256,57.845828,2.831345,55.014483
19.514606,57.863403,2.830578,55.032825
19.518659,57.884573,2.829428,55.055146
19.520150,57.895611,2.828277,55.067334
19.523698,57.910040,2.827127,55.082913
19.526608,57.924223,2.826360,55.097863
19.529648,57.937969,2.825209,55.112760
19.532386,57.950193,2.824442,55.125751
19.535303,57.967031,2.823675,55.143356
19.538412,57.984198,2.822141,55.162057
19.541361,58.000880,2.820607,55.180273
19.545099,58.027263,2.819073,55.208190
19.548405,58.051148,2.817539,55.233609
19.551117,58.072756,2.815238,55.257517
19.554493,58.097090,2.812937,55.284152
19.558598,58.126990,2.812554,55.314436
19.560262,58.140610,2.811020,55.329590
19.563646,58.158275,2.809486,55.348789
19.566562,58.171871,2.808719,55.363152
19.569800,58.188643,2.807185,55.381458
19.572570,58.200436,2.806801,55.393634
19.575430,58.215835,2.805267,55.410568
19.578782,58.234333,2.804500,55.429833
19.581342,58.253819,2.802583,55.451236
19.584527,58.278375,2.800665,55.477709
19.588585,58.315388,2.798748,55.516640
19.589848,58.331717,2.797597,55.534119
19.593541,58.359077,2.795296,55.563780
19.596450,58.382680,2.793379,55.589301
19.599670,58.406223,2.791078,55.615145
19.602599,58.426925,2.789928,55.636998
19.605742,58.446436,2.788777,55.657659
19.608975,58.463315,2.787627,55.675689
19.611538,58.480896,2.786476,55.694420
19.614797,58.502072,2.784559,55.717514
19.617767,58.532824,2.783025,55.749799
19.620638,58.550668,2.781107,55.769561
19.624278,58.585015,2.778423,55.806593
19.628663,58.625180,2.776505,55.848675
19.629940,58.639699,2.774971,55.864728
19.633579,58.664812,2.772670,55.892142
19.638903,58.700969,2.770753,55.930216
19.640225,58.711928,2.769219,55.942709
19.643869,58.735351,2.767685,55.967667
19.648655,58.770064,2.766918,56.003146
19.650240,58.783324,2.764233,56.019091
19.653780,58.814256,2.761932,56.052323
19.656712,58.843132,2.760015,56.083117
19.659774,58.871085,2.758481,56.112604
19.662627,58.897540,2.756563,56.140976
19.665550,58.923594,2.754646,56.168948
19.668879,58.949306,2.751578,56.197728
19.671463,58.973724,2.750428,56.223296
19.674903,59.003433,2.748510,56.254922
19.678081,59.034741,2.746209,56.288532
19.681091,59.056199,2.744675,56.311524
19.684571,59.083865,2.742758,56.341107
19.688635,59.119044,2.740457,56.378588
19.690903,59.137782,2.738539,56.399242
19.694131,59.165202,2.737389,56.427813
19.698582,59.206146,2.735471,56.470674
19.700183,59.220689,2.732020,56.488669
19.703452,59.249954,2.730102,56.519852
19.706371,59.276056,2.727801,56.548254
19.709835,59.303565,2.726651,56.576915
19.712690,59.330842,2.723583,56.607259
19.715806,59.359676,2.721665,56.638010
19.718880,59.389774,2.720131,56.669643
19.721772,59.416391,2.718597,56.697793
19.724724,59.445584,2.716680,56.728905
19.727901,59.483179,2.713229,56.769950
19.730624,59.502054,2.711695,56.790360
19.734078,59.530816,2.709777,56.821039
19.737002,59.556582,2.708243,56.848339
19.740259,59.584619,2.706326,56.878294
19.742994,59.609025,2.704408,56.904617
19.745943,59.635942,2.701340,56.934602
19.749019,59.667802,2.699039,56.968763
19.752077,59.696420,2.697505,56.998915
19.755122,59.725973,2.695588,57.030386
19.758170,59.760830,2.692903,57.067926
19.760995,59.781568,2.691369,57.090199
19.764485,59.813314,2.689452,57.123863
19.767253,59.838973,2.687534,57.151438
19.770346,59.867184,2.686000,57.181183
19.773178,59.896137,2.684083,57.212055
19.776243,59.929597,2.681015,57.248582
19.779677,59.963243,2.677563,57.285680
19.781990,59.988284,2.675262,57.313022
19.785428,60.016741,2.674112,57.342629
19.788373,60.042764,2.670661,57.372104
19.791654,60.070574,2.669127,57.401447
19.794895,60.099791,2.666826,57.432966
19.797945,60.138357,2.664141,57.474215
19.801012,60.162972,2.662224,57.500749
19.804642,60.200675,2.660306,57.540368
19.808629,60.239348,2.658389,57.580959
19.810228,60.259319,2.655321,57.603999
19.813898,60.289016,2.653403,57.635613
19.816895,60.319228,2.651486,57.667743
19.820297,60.352916,2.649185,57.703731
19.823017,60.380845,2.647267,57.733578
19.826046,60.409470,2.643816,57.765654
19.829054,60.441306,2.641898,57.799407
19.831869,60.467851,2.640748,57.827103
19.834854,60.495654,2.638830,57.856824
19.837975,60.529240,2.637296,57.891944
19.841088,60.551267,2.634995,57.916272
19.845226,60.591127,2.631928,57.959199
19.848728,60.624353,2.629243,57.995110
19.851803,60.654667,2.627709,58.026958
19.854922,60.685634,2.623874,58.061760
19.858248,60.722582,2.621573,58.101008
19.861586,60.751811,2.619656,58.132155
19.864948,60.785822,2.617738,58.168084
19.869123,60.821541,2.615054,58.206488
19.870752,60.842100,2.613520,58.228580
19.873765,60.870413,2.611602,58.258811
19.876498,60.895915,2.610452,58.285464
19.879726,60.924731,2.608918,58.315814
19.882223,60.949778,2.606233,58.343545
19.884887,60.974855,2.605083,58.369773
19.887872,61.011198,2.602398,58.408799
19.890504,61.029563,2.600864,58.428699
19.893490,61.058955,2.598947,58.460008
19.896250,61.083996,2.596646,58.487350
19.899617,61.112243,2.594729,58.517514
19.901900,61.133664,2.593578,58.540086
19.904665,61.159161,2.590127,58.569034
19.908700,61.197307,2.588976,58.608331
19.909906,61.215289,2.586675,58.628614
19.913383,61.246017,2.585141,58.660875
19.916142,61.274215,2.582840,58.691375
19.919777,61.307442,2.581306,58.726136
19.921921,61.328114,2.579389,58.748726
19.924970,61.353455,2.577855,58.775600
19.927991,61.383853,2.575554,58.808299
19.931002,61.403100,2.573253,58.829847
19.934867,61.438387,2.570952,58.867436
19.937998,61.475598,2.568267,58.907331
19.940847,61.498123,2.566350,58.931773
19.944196,61.529917,2.564049,58.965868
19.949280,61.571418,2.561748,59.009670
19.950537,61.590060,2.559830,59.030229
19.954172,61.618942,2.557529,59.061412
19.957964,61.656320,2.554845,59.101475
19.961416,61.681547,2.552928,59.128620
19.964864,61.714150,2.551394,59.162757
19.969102,61.750463,2.549093,59.201370
19.970715,61.768876,2.546792,59.222085
19.973868,61.795421,2.544874,59.250547
19.976798,61.818239,2.542957,59.275283
19.979970,61.843490,2.541423,59.302067
19.982712,61.862845,2.540656,59.322189
19.985650,61.885621,2.539122,59.346499
19.988888,61.909967,2.536821,59.373146
19.991503,61.935241,2.534520,59.400722
19.995045,61.967862,2.532219,59.435644
19.998196,62.004606,2.530301,59.474305
20.001149,62.027628,2.528000,59.499627
20.004725,62.058020,2.526083,59.531937
20.007861,62.091576,2.524549,59.567027
20.010473,62.106208,2.522631,59.583577
20.013849,62.130986,2.519947,59.611039
20.016766,62.153444,2.518796,59.634648
20.020028,62.178964,2.516879,59.662086
20.022764,62.199374,2.515345,59.684029
20.025819,62.223276,2.513044,59.710232
20.028993,62.246945,2.511127,59.735818
20.031802,62.271081,2.509593,59.761489
20.035185,62.296254,2.508059,59.788196
20.038365,62.320258,2.506525,59.813734
20.041151,62.341459,2.503840,59.837618
20.044476,62.366080,2.502306,59.863774
20.048876,62.388005,2.500772,59.887233
20.050378,62.409775,2.500389,59.909386
20.053207,62.430915,2.498855,59.932060
20.056163,62.452864,2.497321,59.955543
20.059678,62.478504,2.494253,59.984251
20.062349,62.499003,2.492719,60.006284
20.065791,62.525992,2.491185,60.034807
20.069085,62.547102,2.488884,60.058218
20.071752,62.569794,2.487350,60.082444
20.075072,62.594919,2.485816,60.109103
20.078160,62.621314,2.484665,60.136649
20.080999,62.634509,2.482364,60.152144
20.084313,62.653726,2.481597,60.172128
20.088631,62.677233,2.480447,60.196786
20.090038,62.686646,2.479296,60.207350
20.093864,62.706139,2.477762,60.228376
20.098824,62.727333,2.475845,60.251488
20.100018,62.750870,2.475078,60.275792
20.103159,62.773897,2.473544,60.300353
20.106334,62.797992,2.470860,60.327132
20.109656,62.822421,2.470093,60.352329
20.112711,62.842189,2.468559,60.373631
20.115669,62.859609,2.467408,60.392200
20.118934,62.875931,2.465107,60.410824
20.121777,62.891403,2.464724,60.426679
20.124943,62.903015,2.463957,60.439059
20.128025,62.921651,2.463190,60.458461
20.130737,62.929435,2.461656,60.467779
20.134296,62.948957,2.460122,60.488835
20.138629,62.974501,2.459355,60.515147
20.139894,62.985713,2.457821,60.527892
20.143611,63.007392,2.455520,60.551872
20.146401,63.030270,2.453986,60.576284
20.149686,63.052591,2.452452,60.600139
20.152307,63.071208,2.451301,60.619907
20.155213,63.083971,2.450151,60.633820
20.158390,63.098808,2.449767,60.649040
20.161425,63.107412,2.449000,60.658412
20.164664,63.119750,2.447850,60.671900
20.169724,63.128259,2.447083,60.681176
20.170432,63.141597,2.445932,60.695665
20.174090,63.152863,2.445549,60.707314
20.177118,63.165260,2.444782,60.720478
20.180033,63.175974,2.444015,60.731959
20.183004,63.189115,2.443248,60.745867
20.185982,63.203268,2.442097,60.761171
20.189002,63.221376,2.440563,60.780813
20.192080,63.236800,2.439796,60.797004
20.195199,63.255388,2.438646,60.816742
20.198321,63.273927,2.437112,60.836815
20.200996,63.285150,2.436728,60.848422
20.204314,63.298201,2.435578,60.862623
20.208658,63.310227,2.434428,60.875800
20.210530,63.316130,2.434428,60.881702
20.213823,63.323242,2.433661,60.889582
20.218925,63.329330,2.432894,60.896437
20.220292,63.337803,2.432894,60.904910
20.223253,63.346617,2.432127,60.914491
20.226275,63.355318,2.431360,60.923958
20.229650,63.368003,2.430593,60.937411
20.232148,63.376386,2.429826,60.946561
20.235061,63.385356,2.429059,60.956298
20.238035,63.396490,2.428675,60.967815
20.240854,63.400756,2.427908,60.972848
20.244269,63.407917,2.427525,60.980392
20.248630,63.418008,2.426758,60.991250
20.250241,63.421573,2.426374,60.995199
20.253696,63.428757,2.425991,61.002767
20.256488,63.435337,2.425224,61.010113
20.259670,63.444595,2.424840,61.019754
20.262322,63.452894,2.424073,61.028820
20.265516,63.462984,2.423690,61.039295
20.268847,63.473470,2.422923,61.050548
20.271468,63.480248,2.422156,61.058092
20.274942,63.487732,2.421772,61.065960
20.278256,63.497163,2.421389,61.075775
20.281100,63.501160,2.421005,61.080155
20.284666,63.505019,2.421005,61.084014
20.287870,63.507326,2.421005,61.086321
20.290642,63.507530,2.420622,61.086908
20.294124,63.508470,2.420622,61.087849
20.296921,63.509591,2.420238,61.089353
20.300056,63.511083,2.420238,61.090845
20.303068,63.513276,2.420238,61.093038
20.306184,63.516524,2.420238,61.096286
20.309651,63.520646,2.419855,61.100792
20.312223,63.523924,2.419471,61.104453
20.315192,63.527723,2.419471,61.108252
20.318193,63.532235,2.419471,61.112764
20.321134,63.534854,2.418704,61.116149
20.324529,63.536298,2.418704,61.117594
20.328924,63.535135,2.419088,61.116048
20.330112,63.534554,2.418704,61.115850
20.333729,63.532852,2.418704,61.114148
20.338778,63.533979,2.418321,61.115658
20.340442,63.534554,2.418704,61.115850
20.343819,63.535519,2.418704,61.116815
20.346694,63.534015,2.418704,61.115311
20.350006,63.533296,2.419088,61.114208
20.352900,63.532559,2.418704,61.113855
20.356033,63.532487,2.418704,61.113783
20.359066,63.531906,2.418704,61.113201
20.362171,63.531660,2.418321,61.113339
20.365497,63.530084,2.419088,61.110996
20.368813,63.529029,2.419088,61.109942
20.371653,63.527394,2.419088,61.108306
20.374754,63.526758,2.419088,61.107671
20.377866,63.524889,2.419088,61.105801
20.380601,63.523894,2.419088,61.104806
20.384088,63.521797,2.419471,61.102326
20.388640,63.517411,2.419471,61.097939
20.390320,63.514804,2.419088,61.095716
20.393651,63.509297,2.419471,61.089826
20.396560,63.504917,2.419855,61.085062
20.399636,63.499824,2.420622,61.079202
20.402349,63.495156,2.420622,61.074534
20.405265,63.490428,2.421005,61.069423
20.408520,63.487366,2.421005,61.066361
20.411233,63.485029,2.421005,61.064024
20.414453,63.482519,2.421005,61.061513
20.418598,63.477258,2.421772,61.055485
20.420269,63.474267,2.422539,61.051728
20.424370,63.463224,2.422923,61.040301
20.428775,63.445529,2.423690,61.021840
20.429902,63.438752,2.424073,61.014679
20.433454,63.425887,2.425607,61.000280
20.436268,63.414424,2.425991,60.988434
20.439722,63.397832,2.427525,60.970307
20.441856,63.389413,2.428292,60.961122
20.445266,63.373606,2.429059,60.944547
20.448266,63.362293,2.429826,60.932467
20.451078,63.351189,2.430976,60.920213
20.454384,63.341788,2.431743,60.910045
20.458709,63.328150,2.432127,60.896023
20.460043,63.323086,2.433277,60.889809
20.463812,63.312870,2.433661,60.879209
20.466686,63.299627,2.434811,60.864816
20.469859,63.287673,2.435961,60.851712
20.472680,63.274502,2.436345,60.838157
20.475573,63.263045,2.437495,60.825550
20.478621,63.250486,2.438262,60.812224
20.481428,63.241372,2.439029,60.802343
20.484712,63.228441,2.440180,60.788261
20.488834,63.215252,2.440947,60.774305
20.491107,63.205048,2.442097,60.762950
20.494603,63.191925,2.443248,60.748677
20.498682,63.170545,2.443631,60.726914
20.500337,63.160670,2.445165,60.715505
20.503671,63.139416,2.447083,60.692333
20.506583,63.117203,2.449000,60.668203
20.509658,63.094829,2.449767,60.645062
20.512735,63.074120,2.451301,60.622819
20.515767,63.056869,2.452068,60.604801
20.519059,63.041937,2.453986,60.587951
20.522015,63.028514,2.454369,60.574145
20.525173,63.017716,2.455520,60.562197
20.528259,63.006092,2.456287,60.549805
20.531181,62.995216,2.457054,60.538162
20.534512,62.982848,2.458204,60.524644
20.538704,62.959467,2.459738,60.499729
20.540324,62.946129,2.460889,60.485240
20.543890,62.923484,2.462806,60.460678
20.546924,62.898030,2.465107,60.432923
20.550036,62.870904,2.467025,60.403879
20.552936,62.846072,2.468942,60.377130
20.555897,62.822781,2.470476,60.352305
20.559102,62.803355,2.471627,60.331728
20.561834,62.786439,2.473161,60.313278
20.564841,62.769925,2.473544,60.296381
20.569348,62.751139,2.475078,60.276061
20.570882,62.742690,2.476228,60.266462
20.574544,62.722737,2.477379,60.245358
20.577867,62.696527,2.478146,60.218381
20.580482,62.684974,2.480063,60.204911
20.583835,62.659466,2.481597,60.177869
20.586643,62.635635,2.483515,60.152120
20.589835,62.605944,2.485432,60.120512
20.592758,62.578992,2.487350,60.091642
20.595864,62.555107,2.489267,60.065840
20.598953,62.534728,2.490418,60.044310
20.602000,62.516962,2.491568,60.025393
20.604899,62.497553,2.493102,60.004451
20.608226,62.473956,2.495403,59.978553
20.610971,62.458293,2.496554,59.961739
20.614343,62.433665,2.498855,59.934811
20.618888,62.399840,2.500005,59.899835
20.620723,62.385345,2.501539,59.883806
20.624007,62.354096,2.504224,59.849872
20.628685,62.314500,2.505758,59.808742
20.630230,62.300676,2.507292,59.793385
20.633489,62.274215,2.509209,59.765006
20.636296,62.250564,2.510743,59.739821
20.639768,62.223935,2.513044,59.710891
20.642144,62.203221,2.514578,59.688643
20.645429,62.177844,2.516112,59.661732
20.648448,62.154906,2.517646,59.637260
20.651233,62.135779,2.519563,59.616216
20.654304,62.112572,2.521481,59.591091
20.658991,62.090107,2.523398,59.566709
20.660745,62.065971,2.525699,59.540272
20.663340,62.040649,2.526850,59.513799
20.666478,62.011647,2.528384,59.483263
20.669781,61.981926,2.530685,59.451241
20.672413,61.955315,2.532986,59.422329
20.675505,61.927050,2.535287,59.391763
20.678662,61.900799,2.536821,59.363978
20.681580,61.875835,2.539122,59.336714
20.685065,61.848284,2.540656,59.307628
20.688246,61.818916,2.541806,59.277110
20.691253,61.796086,2.544874,59.251212
20.694698,61.765700,2.546792,59.218909
20.698148,61.726230,2.549093,59.177138
20.700880,61.705120,2.551777,59.153343
20.704914,61.669168,2.553311,59.115857
20.708437,61.640483,2.555995,59.084488
20.711025,61.619870,2.557146,59.062724
20.714588,61.594452,2.558680,59.035772
20.718801,61.567967,2.560597,59.007369
20.720351,61.537898,2.562131,58.975767
20.723272,61.507141,2.564816,58.942325
20.726234,61.477456,2.567500,58.909956
20.729645,61.443319,2.569034,58.874285
20.732025,61.419776,2.571335,58.848441
20.735133,61.391948,2.574020,58.817929
20.738227,61.362575,2.574787,58.787788
20.740983,61.341842,2.577855,58.763988
20.744459,61.311061,2.580156,58.730905
20.748844,61.269122,2.582073,58.687049
20.750492,61.252081,2.583607,58.668473
20.753767,61.218195,2.585525,58.632671
20.756627,61.193190,2.588209,58.604981
20.759779,61.163427,2.589360,58.574068
20.762713,61.139639,2.591277,58.548362
20.765680,61.113177,2.593578,58.519599
20.769111,61.084547,2.596262,58.488285
20.772058,61.053334,2.597796,58.455538
20.775455,61.019377,2.600481,58.418896
20.778884,60.983196,2.603932,58.379264
20.781715,60.953619,2.605466,58.348153
20.784930,60.922532,2.607767,58.314765
20.788082,60.885891,2.610452,58.275439
20.791143,60.861994,2.611602,58.250392
20.794594,60.832177,2.613903,58.218274
20.798707,60.792773,2.615821,58.176952
20.800381,60.775330,2.618505,58.156825
20.804148,60.739186,2.620806,58.118380
20.808691,60.698673,2.622724,58.075949
20.810241,60.682746,2.625025,58.057721
20.813725,60.650065,2.626942,58.023123
20.816742,60.619883,2.629243,57.990640
20.819799,60.588957,2.631161,57.957797
20.822529,60.562898,2.633078,57.929820
20.825552,60.534753,2.636146,57.898607
20.829008,60.498405,2.637680,57.860725
20.832012,60.471182,2.639597,57.831585
20.835057,60.439760,2.641515,57.798245
20.838248,60.403472,2.644199,57.759272
20.841410,60.376076,2.646117,57.729959
20.844845,60.342586,2.648801,57.693784
20.847871,60.308616,2.651102,57.657514
20.851066,60.288387,2.653020,57.635367
20.854387,60.257821,2.654937,57.602884
20.858783,60.218201,2.657622,57.560580
20.860076,60.198086,2.659539,57.538547
20.863844,60.165507,2.661840,57.503667
20.869169,60.130729,2.663758,57.466971
20.870035,60.100978,2.667209,57.433769
20.873513,60.068644,2.668743,57.399901
20.876698,60.041063,2.671428,57.369635
20.880034,60.007818,2.672962,57.334857
20.882976,59.979745,2.674879,57.304866
20.886016,59.949749,2.677563,57.272185
20.889097,59.917643,2.680248,57.237395
20.892179,59.885963,2.682549,57.203414
20.895406,59.857392,2.684083,57.173310
20.898257,59.831339,2.686384,57.144955
20.901052,59.808437,2.688301,57.120136
20.904547,59.780999,2.690219,57.090780
20.908883,59.741044,2.691369,57.049674
20.910573,59.720664,2.694821,57.025844
20.914403,59.683058,2.697505,56.985553
20.917885,59.638542,2.699423,56.939120
20.920637,59.619134,2.702107,56.917027
20.924047,59.587262,2.703641,56.883621
20.926981,59.562479,2.705175,56.857304
20.930029,59.535628,2.707860,56.827768
20.933079,59.509131,2.710161,56.798970
20.936067,59.482160,2.712845,56.769315
20.939671,59.447118,2.714762,56.732356
20.942134,59.422581,2.716680,56.705901
20.944981,59.400008,2.718214,56.681795
20.948090,59.367909,2.719364,56.648544
20.950802,59.351790,2.722432,56.629358
20.954246,59.321026,2.723583,56.597444
20.958661,59.283330,2.725500,56.557830
20.960053,59.266762,2.727801,56.538961
20.963581,59.240139,2.729335,56.510804
20.966470,59.211587,2.732020,56.479567
20.966470,59.211587,2.735088,56.476499
20.973838,59.144127,2.736622,56.407506
20.978744,59.099995,2.738923,56.361073
20.979949,59.086273,2.741607,56.344666
20.983177,59.058680,2.743141,56.315539
20.986100,59.033105,2.744675,56.288430
20.989837,59.008370,2.746976,56.261394
20.992849,58.980249,2.748510,56.231739
20.996017,58.955633,2.750044,56.205589
20.999733,58.929736,2.751578,56.178157
21.002015,58.906989,2.753879,56.153110
21.005010,58.882062,2.755796,56.126266
21.008128,58.854463,2.758097,56.096365
21.010898,58.830219,2.759248,56.070971
21.014105,58.802595,2.761165,56.041429
21.016948,58.778537,2.762699,56.015837
21.020032,58.755719,2.764617,55.991102
21.022630,58.735184,2.766151,55.969033
21.025478,58.714679,2.767301,55.947377
21.028816,58.693928,2.769602,55.924326
21.031531,58.669097,2.770753,55.898344
21.035185,58.639100,2.774204,55.864896
21.038406,58.613136,2.776122,55.837015
21.041219,58.587820,2.777272,55.810547
21.044181,58.563054,2.778423,55.784631
21.048898,58.533124,2.779957,55.753167
21.050066,58.521984,2.781491,55.740494
21.053307,58.504403,2.783408,55.720995
21.056423,58.488422,2.784559,55.703864
21.059825,58.467342,2.785709,55.681633
21.062583,58.447706,2.787243,55.660463
21.065616,58.423168,2.789544,55.633624
21.069475,58.394376,2.791845,55.602531
21.071655,58.369641,2.793763,55.575878
21.074834,58.341124,2.795296,55.545828
21.077950,58.314016,2.797214,55.516802
21.080788,58.296968,2.798748,55.498220
21.084320,58.278417,2.799515,55.478902
21.088852,58.257612,2.801432,55.456180
21.090664,58.247917,2.802199,55.445718
21.093921,58.230923,2.803350,55.427573
21.098774,58.202994,2.804500,55.398494
21.100114,58.190411,2.806418,55.383993
21.103388,58.163075,2.808335,55.354739
21.106381,58.135817,2.810636,55.325180
21.109939,58.111836,2.812170,55.299666
21.112257,58.091547,2.813704,55.277843
21.115263,58.074290,2.815238,55.259051
21.118392,58.060352,2.816389,55.243963
21.121147,58.045995,2.817539,55.228456
21.124146,58.035203,2.818690,55.216513
21.128745,58.016657,2.819073,55.197584
21.130047,58.009449,2.820224,55.189225
21.133367,57.992102,2.822141,55.169961
21.136145,57.974149,2.823292,55.150858
21.139654,57.954669,2.824826,55.129843
21.142137,57.934464,2.825976,55.108488
21.145181,57.913449,2.827510,55.085939
21.148225,57.891434,2.828277,55.063157
21.150996,57.873062,2.830578,55.042484
21.154165,57.856524,2.831729,55.024796
21.159261,57.843743,2.832112,55.011631
21.160285,57.834479,2.833263,55.001217
21.163270,57.823747,2.833263,54.990485
21.166257,57.813711,2.834030,54.979681
21.166257,57.813711,2.834796,54.978914
21.173728,57.790449,2.836330,54.954119
21.175769,57.773563,2.837097,54.936466
21.178992,57.756654,2.839015,54.917639
21.181658,57.740487,2.839782,54.900705
21.184855,57.722529,2.841699,54.880829
21.187867,57.706314,2.841699,54.864615
21.190550,57.695438,2.842850,54.852588
21.193884,57.681285,2.844000,54.837284
21.196674,57.669145,2.844384,54.824761
21.199922,57.658581,2.845151,54.813430
21.202634,57.647274,2.846685,54.800589
21.205715,57.637872,2.847068,54.790804
21.209013,57.626721,2.847835,54.778885
21.211845,57.617798,2.848602,54.769196
21.215018,57.610200,2.848986,54.761215
21.218447,57.601728,2.849753,54.751975
21.220971,57.594333,2.849753,54.744581
21.224232,57.586268,2.850903,54.735365
21.228801,57.572372,2.851287,54.721085
21.230251,57.566680,2.852054,54.714626
21.233902,57.552395,2.853588,54.698807
21.238918,57.535539,2.853971,54.681567
21.240119,57.528013,2.854738,54.673274
21.243261,57.516544,2.855505,54.661038
21.246129,57.509036,2.856272,54.652763
21.249684,57.501324,2.856656,54.644668
21.252036,57.497507,2.857039,54.640468
21.255003,57.495146,2.857039,54.638107
21.258077,57.493576,2.857039,54.636537
21.261149,57.491209,2.857039,54.634170
21.264687,57.484648,2.857806,54.626842
21.269548,57.473562,2.858573,54.614989
21.270571,57.467049,2.858957,54.608092
21.273804,57.460535,2.859340,54.601195
21.278710,57.449270,2.860107,54.589163
21.280265,57.446160,2.860491,54.585670
21.283759,57.440953,2.860491,54.580463
21.288665,57.433151,2.861258,54.571894
21.290094,57.430443,2.861641,54.568802
21.293602,57.426926,2.862025,54.564901
21.296620,57.426069,2.862408,54.563661
21.299821,57.426332,2.862025,54.564308
21.302566,57.427483,2.861641,54.565842
21.305612,57.427153,2.861641,54.565512
21.308823,57.426147,2.862025,54.564122
21.311877,57.424499,2.862408,54.562091
21.314938,57.423456,2.862408,54.561048
21.318240,57.422114,2.862408,54.559706
21.321082,57.420670,2.862408,54.558262
21.324183,57.419310,2.862025,54.557285
21.328703,57.418315,2.862025,54.556290
21.330296,57.417422,2.862408,54.555014
21.333847,57.416122,2.862792,54.553330
21.338742,57.415996,2.862408,54.553588
21.340364,57.415121,2.862792,54.552330
21.343788,57.414708,2.862792,54.551916
21.346685,57.415457,2.862792,54.552665
21.349810,57.416026,2.862792,54.553234
21.352566,57.416895,2.862408,54.554487
21.355583,57.416170,2.862408,54.553762
21.358777,57.417153,2.862792,54.554361
21.361625,57.418261,2.862408,54.555853
21.364546,57.419040,2.862408,54.556632
21.369372,57.420328,2.862025,54.558304
21.370883,57.422024,2.862025,54.559999
21.374522,57.424673,2.862025,54.562648
21.378670,57.429784,2.861258,54.568526
21.380352,57.431659,2.861641,54.570018
21.384054,57.435782,2.861641,54.574141
21.388922,57.437753,2.860874,54.576879
21.390046,57.439263,2.860874,54.578389
21.393662,57.439725,2.860874,54.578851
21.399239,57.441744,2.860874,54.580870
21.400067,57.444614,2.860491,54.584124
21.403728,57.446760,2.860107,54.586652
21.406751,57.451859,2.859724,54.592135
21.409831,57.458978,2.859340,54.599637
21.412751,57.467265,2.858957,54.608308
21.415869,57.475743,2.858190,54.617554
21.419212,57.487901,2.857423,54.630479
21.422016,57.496764,2.857039,54.639725
21.425003,57.504853,2.856272,54.648581
21.428039,57.517173,2.855889,54.661284
21.431032,57.522752,2.855122,54.667630
21.434681,57.531320,2.854355,54.676966
21.438212,57.539613,2.853971,54.685642
21.441229,57.544377,2.853204,54.691173
21.444751,57.551394,2.853204,54.698190
21.447768,57.562989,2.852437,54.710551
21.450525,57.568669,2.851670,54.716999
21.454042,57.580438,2.850903,54.729534
21.456970,57.593297,2.849753,54.743544
21.460052,57.607043,2.848986,54.758057
21.463022,57.622454,2.847835,54.774619
21.465903,57.638303,2.846685,54.791619
21.469197,57.650623,2.846301,54.804322
21.471675,57.663350,2.844384,54.818967
21.475026,57.674178,2.844384,54.829794
21.478206,57.684401,2.843617,54.840784
21.481119,57.692598,2.843233,54.849365
21.484939,57.705139,2.841316,54.863824
21.488107,57.720875,2.841316,54.879559
21.490999,57.731337,2.839782,54.891555
21.494428,57.749499,2.838631,54.910868
21.498751,57.775529,2.837097,54.938431
21.500291,57.784110,2.835947,54.948163
21.503452,57.803093,2.834413,54.968680
21.506486,57.819888,2.832879,54.987009
21.509662,57.835953,2.832496,55.003458
21.512563,57.850832,2.831345,55.019487
21.515293,57.866915,2.830195,55.036720
21.518491,57.882063,2.829811,55.052252
21.521202,57.897876,2.827510,55.070366
21.524621,57.915025,2.826743,55.088282
21.528718,57.932606,2.825976,55.106630
21.530308,57.941480,2.825209,55.116271
21.533739,57.956419,2.824059,55.132360
21.536661,57.972166,2.822525,55.149641
21.539854,57.993019,2.820991,55.172028
21.542750,58.010599,2.819840,55.190759
21.545780,58.030080,2.818690,55.211390
21.548999,58.052802,2.817156,55.235646
21.551577,58.075374,2.814855,55.260519
21.554862,58.100511,2.813321,55.287190
21.558018,58.127002,2.812170,55.314832
21.560974,58.142204,2.811403,55.330801
21.564463,58.163069,2.810253,55.352816
21.567338,58.174825,2.807952,55.366873
21.570303,58.191148,2.807952,55.383196
21.573723,58.207219,2.806801,55.400417
21.576641,58.223032,2.805651,55.417381
21.579880,58.243693,2.803350,55.440343
21.582713,58.264845,2.802199,55.462645
21.585744,58.289724,2.799515,55.490209
21.588815,58.315808,2.797981,55.517827
21.591545,58.341921,2.796447,55.545474
21.594935,58.371247,2.794146,55.577101
21.597913,58.399266,2.792229,55.607037
21.600818,58.415043,2.790695,55.624348
21.604490,58.438143,2.789544,55.648599
21.608664,58.463519,2.788010,55.675509
21.610333,58.472178,2.786476,55.685702
21.613857,58.493683,2.785326,55.708358
21.616766,58.515021,2.783408,55.731613
21.619879,58.541231,2.781107,55.760124
21.622639,58.567333,2.778806,55.788526
21.625702,58.596958,2.777272,55.819685
21.628978,58.625360,2.776122,55.849238
21.631692,58.649898,2.774588,55.875310
21.634964,58.674603,2.771903,55.902700
21.637942,58.700591,2.770753,55.929838
21.641027,58.717417,2.769602,55.947815
21.644467,58.739672,2.768068,55.971603
21.648754,58.771706,2.765767,56.005938
21.650174,58.786021,2.763850,56.022171
21.653818,58.815388,2.762699,56.052689
21.656709,58.843857,2.760782,56.083075
21.659858,58.872882,2.757714,56.115168
21.662629,58.898085,2.755796,56.142289
21.665861,58.926955,2.753879,56.173076
21.669002,58.952026,2.752345,56.199681
21.671547,58.976840,2.750428,56.226412
21.674832,59.003259,2.749277,56.253982
21.677991,59.035688,2.746593,56.289095
21.680650,59.051957,2.744675,56.307282
21.684382,59.082516,2.741991,56.340526
21.688806,59.119775,2.740457,56.379319
21.691334,59.142240,2.738923,56.403317
21.694259,59.166754,2.736238,56.430515
21.698930,59.191369,2.734321,56.457048
21.700289,59.221306,2.732787,56.488519
21.703123,59.247527,2.730869,56.516658
21.705993,59.271753,2.728568,56.543185
21.709077,59.297723,2.727034,56.570689
21.711869,59.324795,2.724350,56.600446
21.715174,59.354414,2.723199,56.631215
21.718425,59.384507,2.720131,56.664375
21.721653,59.410579,2.717830,56.692748
21.724652,59.444092,2.715529,56.728563
21.728006,59.483928,2.713612,56.770316
21.730762,59.503978,2.710928,56.793050
21.734301,59.534561,2.709010,56.825551
21.738708,59.572018,2.707093,56.864925
21.740039,59.588179,2.704408,56.883771
21.744029,59.618493,2.702874,56.915619
21.747024,59.646961,2.700573,56.946388
21.750093,59.675556,2.699039,56.976517
21.752946,59.704558,2.696738,57.007819
21.755986,59.735027,2.695204,57.039823
21.759103,59.766935,2.691753,57.075183
21.761989,59.791971,2.690602,57.101368
21.765341,59.820673,2.689452,57.131221
21.768795,59.850160,2.686767,57.163393
21.771309,59.877993,2.684083,57.193910
21.774620,59.912897,2.680631,57.232266
21.778765,59.954357,2.679097,57.275259
21.780453,59.971452,2.677947,57.293505
21.784022,60.004457,2.674112,57.330345
21.786983,60.031140,2.672195,57.358945
21.790080,60.057906,2.669894,57.388013
21.792994,60.083049,2.668360,57.414690
21.795944,60.111206,2.666442,57.444764
21.799119,60.140873,2.663758,57.477116
21.802194,60.173962,2.662224,57.511738
21.805572,60.208237,2.659539,57.548697
21.808440,60.239102,2.657622,57.581480
21.811317,60.264461,2.654554,57.609907
21.814971,60.301744,2.652636,57.649107
21.818598,60.335569,2.649952,57.685617
21.821668,60.366554,2.647267,57.719287
21.825412,60.404041,2.644966,57.759074
21.828828,60.434822,2.642665,57.792157
21.831751,60.465017,2.641131,57.823885
21.835091,60.496409,2.638063,57.858346
21.838114,60.528203,2.636529,57.891674
21.840931,60.549170,2.634612,57.914558
21.844394,60.580185,2.633462,57.946723
21.849244,60.608162,2.631161,57.977002
21.850330,60.639315,2.627709,58.011606
21.853690,60.672727,2.626175,58.046552
21.856740,60.702538,2.623491,58.079047
21.859809,60.733523,2.621957,58.111566
21.862604,60.761632,2.619656,58.141976
21.865472,60.791683,2.616204,58.175478
21.868913,60.820223,2.615054,58.205169
21.871451,60.848572,2.612753,58.235819
21.875172,60.882865,2.610835,58.272029
21.878155,60.916444,2.608918,58.307527
21.881026,60.938603,2.607384,58.331219
21.884326,60.969181,2.605850,58.363331
21.888670,61.011425,2.603165,58.408260
21.890293,61.027328,2.600097,58.427231
21.893608,61.058332,2.598180,58.460152
21.896569,61.086590,2.597029,58.489561
21.899724,61.112566,2.594345,58.518221
21.902484,61.138536,2.592811,58.545725
21.905535,61.165770,2.591277,58.574493
21.908494,61.196066,2.588209,58.607857
21.911187,61.222024,2.585908,58.636116
21.914571,61.257294,2.584374,58.672920
21.918795,61.299466,2.582457,58.717010
21.920008,61.316664,2.580539,58.736124
21.923564,61.342076,2.577855,58.764221
21.926352,61.365691,2.576704,58.788987
21.929906,61.393974,2.575170,58.818804
21.932750,61.419189,2.572486,58.846703
21.935891,61.448232,2.570952,58.877281
21.938930,61.476180,2.567884,58.908296
21.941690,61.505181,2.565583,58.939599
21.945072,61.539966,2.563282,58.976684
21.948213,61.572149,2.561748,59.010401
21.950917,61.592157,2.559063,59.033093
21.954270,61.617785,2.557913,59.059872
21.958617,61.656620,2.556379,59.100241
21.960348,61.669815,2.553311,59.116504
21.963571,61.700968,2.551777,59.149191
21.966597,61.730994,2.549093,59.181902
21.966597,61.730994,2.547559,59.183436
21.973176,61.786877,2.545641,59.241235
21.975563,61.813326,2.543340,59.269986
21.978887,61.837959,2.541806,59.296153
21.981756,61.860592,2.540272,59.320319
21.984815,61.883955,2.538738,59.345217
21.987909,61.912280,2.536437,59.375842
21.990885,61.935295,2.534520,59.400775
21.994456,61.968947,2.532602,59.436345
21.999084,62.005217,2.529918,59.475299
22.000496,62.023877,2.527617,59.496260
22.003800,62.054029,2.526850,59.527179
22.006729,62.078069,2.524165,59.553904
22.009889,62.101702,2.523015,59.578687
22.012570,62.123909,2.521481,59.602428
22.015664,62.146152,2.518413,59.627739
22.018824,62.171378,2.517262,59.654116
22.021624,62.191188,2.515728,59.675460
22.024734,62.217380,2.514195,59.703185
22.028795,62.247442,2.511510,59.735932
22.030943,62.264502,2.509209,59.755293
22.034282,62.291197,2.508442,59.782755
22.038767,62.323566,2.506525,59.817042
22.040195,62.337348,2.504991,59.832357
22.043631,62.363725,2.502690,59.861036
22.048776,62.385399,2.501923,59.883476
22.049829,62.409157,2.500005,59.909152
22.052730,62.431352,2.498088,59.933265
22.055729,62.453409,2.496170,59.957239
22.058964,62.477665,2.494636,59.983029
22.061938,62.501286,2.493102,60.008184
22.065417,62.525590,2.490418,60.035172
22.069330,62.548420,2.488500,60.059920
22.071441,62.570843,2.487350,60.083493
22.074512,62.593385,2.486199,60.107186
22.078939,62.622722,2.483898,60.138824
22.080885,62.634820,2.482748,60.152073
22.084087,62.654013,2.481597,60.172416
22.088650,62.677538,2.480447,60.197091
22.090049,62.685124,2.478913,60.206211
22.093035,62.704551,2.477379,60.227172
22.095976,62.724217,2.476612,60.247605
22.099719,62.746879,2.474695,60.272184
22.101877,62.766126,2.473544,60.292582
22.104853,62.789063,2.472010,60.317053
22.108104,62.813439,2.470860,60.342580
22.110852,62.832159,2.468559,60.363600
22.114238,62.852909,2.467792,60.385118
22.118664,62.876105,2.466641,60.409464
22.120395,62.885045,2.465107,60.419938
22.124026,62.901074,2.464724,60.436350
22.128813,62.921819,2.463190,60.458629
22.130357,62.927709,2.461272,60.466437
22.133387,62.944685,2.460505,60.484179
22.136329,62.961043,2.459355,60.501688
22.139860,62.980493,2.458204,60.522289
22.142267,63.000825,2.456287,60.544538
22.145313,63.023930,2.454369,60.569561
22.148545,63.046365,2.452835,60.593529
22.151324,63.065480,2.451301,60.614178
22.154202,63.080658,2.450918,60.629740
22.158677,63.098748,2.449767,60.648980
22.159980,63.102643,2.449000,60.653642
22.163158,63.114879,2.448617,60.666262
22.166011,63.123957,2.447850,60.676107
22.169853,63.135683,2.447083,60.688600
22.172226,63.146517,2.446316,60.700201
22.175536,63.156500,2.445549,60.710951
22.178454,63.171132,2.444782,60.726351
22.181223,63.181085,2.443631,60.737454
22.184461,63.197959,2.443248,60.754711
22.188850,63.220088,2.441330,60.778758
22.190080,63.229472,2.439796,60.789675
22.193759,63.248107,2.439413,60.808694
22.196578,63.264603,2.437879,60.826724
22.199683,63.279512,2.437112,60.842400
22.202335,63.292862,2.435961,60.856901
22.205233,63.301209,2.435195,60.866015
22.208235,63.310533,2.434428,60.876105
22.211262,63.318215,2.434044,60.884171
22.214350,63.324680,2.433661,60.891020
22.218748,63.333537,2.432894,60.900643
22.220998,63.338115,2.432510,60.905605
22.224315,63.348918,2.431743,60.917175
22.228855,63.358476,2.431360,60.927116
22.230194,63.371101,2.430593,60.940509
22.234191,63.380689,2.429442,60.951247
22.238958,63.391834,2.428675,60.963159
22.240107,63.400103,2.427908,60.972195
22.243271,63.406041,2.427908,60.978133
22.246192,63.411854,2.427525,60.984329
22.249834,63.419925,2.426758,60.993167
22.252082,63.425588,2.425991,60.999597
22.255549,63.432976,2.425607,61.007369
22.258644,63.442258,2.425224,61.017034
22.261297,63.449802,2.424073,61.025729
22.264618,63.460426,2.423690,61.036736
22.267662,63.471415,2.422923,61.048493
22.270340,63.478312,2.422539,61.055773
22.273956,63.485760,2.422156,61.063605
22.276760,63.493538,2.421772,61.071766
22.279857,63.499734,2.421005,61.078729
22.282731,63.503215,2.420622,61.082594
22.285818,63.505972,2.420622,61.085350
22.289080,63.506948,2.420622,61.086327
22.292212,63.507386,2.421005,61.086381
22.295077,63.508339,2.420622,61.087717
22.298302,63.510142,2.420238,61.089904
22.300788,63.511131,2.420238,61.090893
22.304247,63.515014,2.420238,61.094776
22.308846,63.520916,2.419471,61.101445
22.310313,63.523157,2.419088,61.104069
22.313838,63.528214,2.419471,61.108743
22.316777,63.532343,2.419088,61.113255
22.319871,63.535854,2.417937,61.117917
22.323003,63.537676,2.418704,61.118972
22.325950,63.536825,2.418704,61.118121
22.329135,63.534944,2.418704,61.116239
22.332297,63.533949,2.418321,61.115628
22.335399,63.533823,2.418321,61.115502
22.338579,63.535363,2.418704,61.116659
22.341687,63.535854,2.418704,61.117150
22.344807,63.535219,2.418704,61.116515
22.347984,63.534320,2.418704,61.115616
22.350882,63.533218,2.419088,61.114130
22.354162,63.533446,2.418321,61.115125
22.356956,63.533368,2.418704,61.114663
22.360099,63.532864,2.418704,61.114160
22.363207,63.532271,2.418704,61.113567
22.366362,63.530336,2.419088,61.111248
22.369681,63.528808,2.418704,61.110103
22.372110,63.528232,2.419088,61.109145
22.375069,63.526992,2.419471,61.107521
22.378271,63.525812,2.419088,61.106724
22.381260,63.524775,2.419471,61.105304
22.384778,63.522846,2.419471,61.103374
22.388324,63.519052,2.419471,61.099581
22.391273,63.515283,2.419471,61.095812
22.394793,63.510526,2.419088,61.091438
22.397957,63.502706,2.419855,61.082851
22.400677,63.498835,2.420622,61.078213
22.404097,63.493352,2.420622,61.072731
22.408962,63.489266,2.421389,61.067877
22.410083,63.486036,2.420622,61.065414
22.413704,63.483741,2.421389,61.062352
22.418802,63.481074,2.421772,61.059302
22.420148,63.476149,2.421389,61.054760
22.423249,63.468952,2.422539,61.046413
22.426428,63.456758,2.423306,61.033452
22.429842,63.443198,2.424073,61.019125
22.432655,63.430903,2.424840,61.006062
22.435515,63.419182,2.425607,60.993575
22.438733,63.405334,2.427141,60.978193
22.441283,63.392247,2.427908,60.964339
22.444665,63.377986,2.429059,60.948928
22.448745,63.361670,2.429059,60.932611
22.450472,63.354102,2.430593,60.923509
22.453738,63.343861,2.430976,60.912885
22.456679,63.336125,2.431743,60.904382
22.459846,63.325657,2.432894,60.892764
22.462631,63.317526,2.433277,60.884249
22.465558,63.305530,2.433661,60.871869
22.468882,63.293953,2.434811,60.859142
22.471374,63.282166,2.436345,60.845821
22.474727,63.267186,2.437112,60.830074
22.477886,63.249563,2.437879,60.811684
22.481003,63.242576,2.439413,60.803163
22.484596,63.228549,2.440180,60.788369
22.488858,63.215534,2.440947,60.774587
22.490319,63.207774,2.441714,60.766060
22.494045,63.194034,2.443631,60.750403
22.497197,63.179048,2.444015,60.735033
22.500356,63.162492,2.444782,60.717710
22.503079,63.143910,2.446316,60.697594
22.506047,63.121488,2.448233,60.673254
22.509201,63.097543,2.450151,60.647393
22.512275,63.077506,2.451301,60.626204
22.515257,63.061165,2.452068,60.609097
22.518503,63.042440,2.454369,60.588071
22.521433,63.030168,2.454753,60.575415
22.524561,63.018915,2.455903,60.563012
22.528772,63.004108,2.455903,60.548205
22.530243,62.996576,2.457437,60.539139
22.533770,62.985167,2.458204,60.526963
22.539034,62.968228,2.459355,60.508873
22.540358,62.946776,2.460505,60.486271
22.543582,62.924263,2.462806,60.461457
22.546555,62.899852,2.464724,60.435128
22.549869,62.874259,2.466641,60.407618
22.552462,62.848595,2.468175,60.380420
22.555438,62.825975,2.469709,60.356266
22.558614,62.804571,2.471627,60.332944
22.561767,62.787475,2.472777,60.314698
22.564782,62.770518,2.473544,60.296974
22.567674,62.758456,2.474695,60.283761
22.570192,62.743535,2.475078,60.268457
22.573853,62.728687,2.476995,60.251691
22.578928,62.713257,2.477762,60.235495
22.580225,62.689708,2.479296,60.210412
22.583254,62.664356,2.481214,60.183142
22.586376,62.639273,2.483515,60.155758
22.589746,62.607418,2.485432,60.121986
22.592506,62.581718,2.486966,60.094752
22.595742,62.554958,2.488884,60.066074
22.598951,62.536879,2.490418,60.046462
22.601687,62.517267,2.491568,60.025699
22.604877,62.497421,2.493486,60.003936
22.607988,62.471787,2.494636,59.977151
22.610792,62.457861,2.497321,59.960541
22.614303,62.433258,2.498088,59.935170
22.618118,62.397802,2.500772,59.897030
22.621183,62.377453,2.502690,59.874764
22.624791,62.347792,2.504607,59.843185
22.627923,62.313128,2.506525,59.806603
22.630682,62.296098,2.508059,59.788040
22.633995,62.270009,2.509209,59.760800
22.638943,62.246376,2.511510,59.734866
22.640112,62.219753,2.513811,59.705942
22.643825,62.192051,2.516495,59.675556
22.648984,62.153708,2.518413,59.635295
22.651161,62.135066,2.519563,59.615503
22.654675,62.109031,2.521097,59.587933
22.658809,62.078261,2.524549,59.553712
22.660251,62.060554,2.525699,59.534855
22.664127,62.032523,2.528000,59.504523
22.667078,62.005073,2.529534,59.475539
22.670111,61.976281,2.532219,59.444062
22.673330,61.946902,2.533753,59.413149
22.676579,61.918865,2.535287,59.383578
22.679719,61.891775,2.537204,59.354570
22.682434,61.869202,2.538738,59.330464
22.685348,61.845683,2.540272,59.305411
22.688561,61.819054,2.543340,59.275714
22.691405,61.795086,2.544107,59.250979
22.694631,61.764358,2.546792,59.217567
22.698644,61.725272,2.547942,59.177330
22.700181,61.705462,2.551394,59.154068
22.703933,61.676903,2.553311,59.123592
22.706889,61.653666,2.555228,59.098437
22.709840,61.630033,2.555995,59.074038
22.712863,61.607587,2.557529,59.050057
22.716031,61.581257,2.560597,59.020660
22.719125,61.550662,2.561748,58.988914
22.722317,61.518622,2.564049,58.954573
22.725311,61.488092,2.566350,58.921742
22.728300,61.456525,2.568651,58.887875
22.731002,61.429531,2.571719,58.857812
22.734352,61.398282,2.572869,58.825413
22.738949,61.361509,2.574403,58.787105
22.740181,61.346522,2.576704,58.769818
22.743716,61.318665,2.579772,58.738893
22.746607,61.289375,2.581306,58.708069
22.749873,61.256946,2.583224,58.673723
22.752591,61.229772,2.585525,58.644247
22.755706,61.200788,2.588209,58.612579
22.759124,61.169575,2.589743,58.579832
22.762125,61.145373,2.590894,58.554479
22.765226,61.117420,2.593195,58.524225
22.768841,61.088502,2.595879,58.492623
22.771560,61.058559,2.597413,58.461146
22.774856,61.026735,2.600097,58.426638
22.778983,60.984293,2.603165,58.381128
22.780685,60.962925,2.605850,58.357075
22.784724,60.925600,2.607000,58.318600
22.788734,60.886100,2.609685,58.276415
22.790144,60.867285,2.611602,58.255683
22.794077,60.835803,2.613903,58.221899
22.798981,60.807466,2.615054,58.192412
22.800152,60.778949,2.618122,58.160828
22.803394,60.747850,2.620039,58.127811
22.806425,60.719172,2.622340,58.096832
22.809702,60.689086,2.623874,58.065212
22.812447,60.663200,2.626175,58.037025
22.815207,60.635043,2.627326,58.007717
22.818660,60.602368,2.630777,57.971591
22.821210,60.577614,2.632695,57.944920
22.824558,60.543771,2.634612,57.909159
22.827977,60.503899,2.637680,57.866219
22.830808,60.482412,2.639214,57.843198
22.834468,60.445039,2.641131,57.803907
22.838672,60.402028,2.644583,57.757445
22.840111,60.384974,2.646117,57.738857
22.843883,60.351107,2.648034,57.703072
22.848947,60.321793,2.649952,57.671841
22.850117,60.296129,2.652253,57.643876
22.853193,60.269644,2.654170,57.615474
22.856329,60.243320,2.656471,57.586849
22.859269,60.212725,2.658005,57.554719
22.862289,60.181566,2.661457,57.520109
22.865594,60.147908,2.663374,57.484534
22.869388,60.109624,2.666442,57.443182
22.872265,60.077650,2.668743,57.408907
22.875587,60.048271,2.669894,57.378378
22.878996,60.020965,2.671811,57.349154
22.881624,59.992245,2.674879,57.317366
22.884704,59.960744,2.676796,57.283948
22.889014,59.922245,2.679097,57.243148
22.890285,59.903813,2.680631,57.223182
22.893835,59.874770,2.682932,57.191837
22.896817,59.846894,2.684466,57.162428
22.899919,59.821416,2.687151,57.134265
22.902781,59.798556,2.688301,57.110255
22.905921,59.770279,2.690986,57.079293
22.909092,59.735794,2.692520,57.043275
22.912157,59.707290,2.695588,57.011702
22.915100,59.677042,2.697889,56.979153
22.918465,59.640208,2.699423,56.940786
22.921216,59.613118,2.701724,56.911394
22.924533,59.584464,2.704025,56.880439
22.928780,59.547115,2.706326,56.840789
22.930391,59.533423,2.708627,56.824796
22.933947,59.500448,2.710544,56.789904
22.936773,59.475180,2.712845,56.762335
22.939935,59.443361,2.715529,56.727832
22.942859,59.417272,2.717063,56.700208
22.945976,59.391422,2.718597,56.672824
22.949066,59.365284,2.719748,56.645536
22.951909,59.342460,2.722816,56.619644
22.955440,59.313728,2.724350,56.589378
22.958853,59.284600,2.726267,56.558333
22.961371,59.258457,2.727801,56.530655
22.964619,59.227076,2.731253,56.495823
22.967549,59.198859,2.733170,56.465689
22.970193,59.169696,2.734321,56.435375
22.973548,59.144295,2.737005,56.407290
22.976393,59.119715,2.738539,56.381176
22.979794,59.091744,2.740073,56.351671
22.982333,59.068285,2.741991,56.326294
22.985264,59.043987,2.744292,56.299695
22.988362,59.018275,2.746209,56.272066
22.991407,58.995541,2.747743,56.247798
22.994442,58.971207,2.748894,56.222313
22.999148,58.948035,2.750428,56.197608
23.000297,58.923312,2.753112,56.170200
23.003601,58.897576,2.754646,56.142930
23.006463,58.871450,2.756563,56.114887
23.009755,58.843161,2.758097,56.085064
23.012315,58.817749,2.759631,56.058117
23.015254,58.792486,2.761549,56.030937
23.018200,58.763412,2.764233,55.999179
23.021296,58.744885,2.765384,55.979501
23.024630,58.721797,2.767301,55.954496
23.028967,58.692232,2.769219,55.923013
23.030387,58.678768,2.771136,55.907632
23.033993,58.651827,2.773054,55.878774
23.036894,58.625678,2.774204,55.851473
23.040117,58.599372,2.776122,55.823251
23.042784,58.577837,2.777656,55.800181
23.045791,58.553994,2.779573,55.774421
23.049061,58.531530,2.781107,55.750423
23.051876,58.513362,2.782641,55.730720
23.055215,58.495020,2.783792,55.711228
23.058503,58.475659,2.785709,55.689950
23.061472,58.456610,2.787243,55.669367
23.064686,58.430934,2.789161,55.641774
23.069218,58.395125,2.791462,55.603664
23.070926,58.375843,2.793379,55.582464
23.074731,58.342778,2.794913,55.547865
23.077952,58.311877,2.796830,55.515046
23.080658,58.299803,2.798364,55.501438
23.083939,58.281215,2.799515,55.481700
23.089063,58.265378,2.800282,55.465096
23.090112,58.252129,2.801816,55.450314
23.093442,58.235328,2.803350,55.431978
23.096453,58.218304,2.804500,55.413804
23.099739,58.196223,2.805267,55.390956
23.102333,58.175125,2.807185,55.367940
23.105157,58.150785,2.809869,55.340916
23.108643,58.120417,2.812170,55.308247
23.111518,58.098444,2.813704,55.284740
23.114669,58.078041,2.814471,55.263569
23.118757,58.057985,2.816772,55.241213
23.120319,58.048679,2.816772,55.231907
23.124343,58.034604,2.818690,55.215914
23.128714,58.015597,2.819457,55.196140
23.130329,58.009245,2.820607,55.188638
23.133815,57.990873,2.821758,55.169116
23.136617,57.972358,2.822908,55.149450
23.139884,57.951577,2.824059,55.127518
23.142863,57.932079,2.826743,55.105336
23.145901,57.910082,2.827894,55.082188
23.149136,57.886826,2.828661,55.058166
23.152045,57.868640,2.830578,55.038062
23.155279,57.852737,2.831345,55.021392
23.158771,57.841095,2.832112,55.008982
23.161552,57.830656,2.832496,54.998161
23.164663,57.819858,2.834030,54.985829
23.167504,57.811194,2.835180,54.976014
23.170333,57.797364,2.835563,54.961801
23.173730,57.786045,2.835947,54.950098
23.176568,57.771388,2.837864,54.933524
23.179715,57.754982,2.839015,54.915967
23.182549,57.738737,2.839782,54.898955
23.185425,57.721792,2.840932,54.880859
23.188492,57.707111,2.842083,54.865028
23.191188,57.693089,2.843617,54.849472
23.194717,57.678331,2.844384,54.833947
23.198679,57.663093,2.844767,54.818325
23.200490,57.655770,2.845918,54.809853
23.204049,57.643187,2.846685,54.796502
23.208888,57.634373,2.847452,54.786921
23.210184,57.622688,2.848219,54.774469
23.213217,57.614251,2.848986,54.765265
23.216527,57.605766,2.848986,54.756780
23.219781,57.596700,2.849753,54.746947
23.222404,57.591289,2.850903,54.740386
23.225145,57.583050,2.850903,54.732147
23.228292,57.571366,2.851670,54.719695
23.230981,57.564127,2.852437,54.711690
23.234617,57.549824,2.853204,54.696620
23.238780,57.533801,2.853971,54.679830
23.240401,57.526724,2.854738,54.671986
23.243563,57.515100,2.855889,54.659211
23.246452,57.507118,2.856272,54.650846
23.249860,57.499676,2.856272,54.643404
23.252578,57.496938,2.856656,54.640282
23.255425,57.495511,2.856656,54.638856
23.258835,57.493013,2.857039,54.635973
23.261497,57.490340,2.857423,54.632918
23.264957,57.483258,2.857806,54.625451
23.269154,57.471974,2.858573,54.613401
23.270766,57.466558,2.858957,54.607601
23.274606,57.459007,2.859340,54.599667
23.278811,57.449055,2.860491,54.588564
23.280446,57.446202,2.860874,54.585328
23.284385,57.441762,2.861258,54.580505
23.288059,57.433912,2.861258,54.572655
23.291027,57.430407,2.861258,54.569149
23.294105,57.427866,2.861258,54.566609
23.299110,57.426117,2.862408,54.563709
23.300122,57.426590,2.861641,54.564949
23.303391,57.427034,2.861641,54.565392
23.306588,57.427675,2.861641,54.566034
23.309747,57.426608,2.862025,54.564583
23.312469,57.425565,2.862025,54.563541
23.315395,57.423960,2.862025,54.561935
23.318853,57.423306,2.862025,54.561282
23.321578,57.422210,2.862408,54.559802
23.324841,57.421017,2.862025,54.558993
23.328007,57.419921,2.862408,54.557513
23.331004,57.419777,2.862408,54.557369
23.334501,57.419064,2.862408,54.556656
23.338792,57.418489,2.862408,54.556081
23.340361,57.418147,2.862408,54.555739
23.343739,57.419118,2.862025,54.557093
23.346745,57.418854,2.862792,54.556063
23.349863,57.420035,2.862408,54.557627
23.352855,57.420508,2.862408,54.558100
23.355924,57.420730,2.862408,54.558322
23.358979,57.421383,2.862025,54.559358
23.361719,57.422456,2.862408,54.560047
23.365022,57.422791,2.862025,54.560766
23.369525,57.425458,2.861641,54.563816
23.371192,57.427297,2.861258,54.566040
23.374783,57.429670,2.861258,54.568412
23.378902,57.434230,2.861641,54.572589
23.380676,57.434847,2.861641,54.573206
23.384411,57.437082,2.861258,54.575825
23.388995,57.438928,2.861258,54.577670
23.390347,57.439779,2.861258,54.578521
23.393645,57.441205,2.861258,54.579947
23.396500,57.443632,2.860491,54.583141
23.399752,57.445190,2.860491,54.584699
23.402246,57.447503,2.860107,54.587395
23.405179,57.451601,2.859724,54.591878
23.408515,57.458906,2.859340,54.599565
23.411425,57.466821,2.858957,54.607864
23.414487,57.475803,2.858957,54.616847
23.418869,57.490292,2.858190,54.632103
23.420079,57.494876,2.857039,54.637837
23.423597,57.501917,2.856272,54.645645
23.426485,57.511373,2.855889,54.655484
23.429745,57.519941,2.855505,54.664436
23.432250,57.525550,2.855122,54.670428
23.435224,57.532579,2.854355,54.678224
23.438418,57.539278,2.853971,54.685307
23.441476,57.544137,2.853204,54.690933
23.444639,57.551274,2.853204,54.698070
23.448895,57.563450,2.852054,54.711396
23.450950,57.569376,2.851287,54.718089
23.454638,57.581984,2.851287,54.730697
23.458686,57.600319,2.850136,54.750183
23.460393,57.608559,2.848602,54.759956
23.463696,57.625594,2.848219,54.777375
23.466695,57.640994,2.846301,54.794693
23.469922,57.654968,2.845918,54.809050
23.472738,57.666317,2.845151,54.821166
23.475561,57.675544,2.844384,54.831161
23.478883,57.684503,2.843233,54.841269
23.481611,57.693898,2.842466,54.851432
23.484912,57.704618,2.842083,54.862535
23.487997,57.720875,2.841316,54.879559
23.490720,57.728491,2.840165,54.888325
23.494107,57.746695,2.839015,54.907680
23.498845,57.774882,2.837481,54.937401
23.500407,57.783948,2.835947,54.948001
23.503552,57.801445,2.834413,54.967032
23.506387,57.819355,2.832879,54.986476
23.509774,57.835887,2.832112,55.003775
23.512501,57.850568,2.831345,55.019223
23.515417,57.866441,2.829811,55.036630
23.518435,57.880954,2.829044,55.051910
23.521305,57.897319,2.828277,55.069041
23.524538,57.913156,2.826743,55.086413
23.528921,57.931671,2.825976,55.105695
23.530200,57.941708,2.825209,55.116499
23.533624,57.953806,2.823675,55.130131
23.536495,57.970698,2.822525,55.148173
23.539749,57.988926,2.820991,55.167935
23.542425,58.006219,2.820224,55.185995
23.545415,58.026790,2.819073,55.207717
23.548392,58.050177,2.817539,55.232638
23.551394,58.071305,2.815238,55.256067
23.554539,58.097413,2.813704,55.283709
23.558897,58.126984,2.812554,55.314430
23.560135,58.140239,2.811403,55.328835
23.563604,58.156609,2.810636,55.345973
23.566469,58.171733,2.809486,55.362247
23.569854,58.187714,2.807185,55.380529
23.572337,58.199477,2.806034,55.393442
23.575595,58.216818,2.805651,55.411167
23.579035,58.235501,2.803733,55.431768
23.582075,58.258571,2.801816,55.456755
23.584991,58.284007,2.800282,55.483726
23.588101,58.317072,2.798748,55.518324
23.590801,58.336972,2.796447,55.540525
23.594191,58.364793,2.794913,55.569880
23.598980,58.386173,2.792996,55.593177
23.600155,58.409039,2.791078,55.617961
23.603406,58.431641,2.789544,55.642097
23.606334,58.448371,2.788777,55.659594
23.609751,58.467780,2.787243,55.680537
23.612213,58.483305,2.786093,55.697213
23.615135,58.503415,2.784175,55.719240
23.618300,58.532560,2.781874,55.750686
23.621416,58.557062,2.779190,55.777872
23.625282,58.593956,2.777656,55.816300
23.628863,58.623982,2.776122,55.847860
23.631329,58.647861,2.773437,55.874423
23.634664,58.673111,2.772670,55.900441
23.637880,58.701927,2.771136,55.930791
23.640633,58.714523,2.769602,55.944920
23.643872,58.735291,2.768835,55.966456
23.646807,58.755659,2.766534,55.989124
23.649857,58.779507,2.765000,56.014507
23.652686,58.803943,2.762699,56.041244
23.655668,58.832729,2.761165,56.071564
23.658955,58.861461,2.759248,56.102213
23.661627,58.889283,2.756563,56.132719
23.664995,58.917805,2.754263,56.163543
23.669500,58.950630,2.752345,56.198285
23.670892,58.969835,2.750044,56.219791
23.674817,59.001976,2.748510,56.253466
23.677952,59.035059,2.746976,56.288083
23.680703,59.052244,2.744675,56.307569
23.683968,59.078562,2.742374,56.336187
23.686850,59.105221,2.740840,56.364380
23.690153,59.132347,2.739306,56.393041
23.692811,59.154721,2.737772,56.416949
23.695898,59.181446,2.735855,56.445591
23.699079,59.208447,2.733937,56.474509
23.701763,59.233775,2.730869,56.502906
23.705412,59.266049,2.728952,56.537097
23.708773,59.294398,2.727034,56.567363
23.711326,59.319121,2.725500,56.593621
23.714532,59.347781,2.723199,56.624582
23.718712,59.386646,2.720515,56.666131
23.720215,59.403795,2.718981,56.684815
23.723935,59.434817,2.715913,56.718904
