time_s,odrive_pos_rad,output_pos_rad,diff_rad
4.898397,61.734524,2.550243,59.184280
4.899251,61.734314,2.549860,59.184454
4.902603,61.734266,2.550243,59.184023
4.906276,61.734613,2.550243,59.184370
4.909219,61.734631,2.550243,59.184388
4.912072,61.735344,2.550627,59.184718
4.914913,61.736243,2.549860,59.186384
4.918041,61.737460,2.549860,59.187600
4.921006,61.739701,2.549860,59.189841
4.924318,61.743841,2.549476,59.194365
4.927568,61.750073,2.549093,59.200980
4.930454,61.754507,2.548326,59.206182
4.933965,61.761140,2.547559,59.213582
4.938211,61.781969,2.546792,59.235177
4.939926,61.789609,2.545641,59.243968
4.943248,61.811253,2.544107,59.267145
4.946313,61.831512,2.542573,59.288939
4.949528,61.851825,2.541806,59.310019
4.952552,61.870137,2.540272,59.329865
4.955518,61.890738,2.538738,59.352000
4.958668,61.915911,2.536437,59.379474
4.961491,61.939346,2.534520,59.404826
4.965159,61.971146,2.533369,59.437777
4.968257,61.998752,2.531068,59.467683
4.971070,62.027526,2.528384,59.499142
4.974487,62.060027,2.526466,59.533561
4.977882,62.093553,2.523398,59.570155
4.980859,62.123561,2.521097,59.602464
4.984118,62.156782,2.518796,59.637985
4.987220,62.202849,2.516879,59.685970
4.989969,62.225182,2.513428,59.711754
4.993232,62.264790,2.511894,59.752896
4.996061,62.299112,2.507675,59.791437
4.999314,62.339295,2.504607,59.834688
5.002393,62.379736,2.501923,59.877814
5.005378,62.419548,2.500005,59.919543
5.008748,62.462541,2.495787,59.966754
5.011463,62.502131,2.492719,60.009412
5.014971,62.549361,2.488117,60.061244
5.018411,62.595356,2.485816,60.109541
5.021309,62.641615,2.482364,60.159251
5.024513,62.688186,2.479296,60.208890
5.027576,62.740707,2.475078,60.265629
5.030367,62.774245,2.472777,60.301468
5.033874,62.826436,2.469326,60.357111
5.038264,62.893620,2.466641,60.426979
5.039594,62.920291,2.461656,60.458635
5.043154,62.968905,2.458204,60.510700
5.048370,63.015379,2.455136,60.560243
5.049580,63.070711,2.450534,60.620176
5.052721,63.122051,2.447850,60.674201
5.055890,63.174284,2.444398,60.729886
5.059162,63.223923,2.440947,60.782976
5.061869,63.270236,2.437879,60.832357
5.064788,63.317783,2.433277,60.884506
5.067886,63.371347,2.429442,60.941905
5.071060,63.420350,2.426374,60.993976
5.074262,63.472787,2.423306,61.049481
5.077375,63.537520,2.419088,61.118432
5.080197,63.573916,2.415636,61.158280
5.083576,63.628594,2.411418,61.217177
5.088432,63.677358,2.407966,61.269392
5.089792,63.731365,2.402597,61.328768
5.092789,63.782250,2.399146,61.383104
5.096104,63.836581,2.395694,61.440886
5.099164,63.886836,2.393010,61.493826
5.101981,63.935534,2.389559,61.545976
5.104761,63.984256,2.386491,61.597766
5.108163,64.037874,2.381505,61.656368
5.110723,64.084456,2.378054,61.706403
5.114128,64.139254,2.373835,61.765419
5.118222,64.209176,2.370767,61.838409
5.119909,64.237854,2.366549,61.871305
5.123492,64.298009,2.363481,61.934528
5.126709,64.350218,2.360796,61.989422
5.129774,64.403554,2.355427,62.048127
5.132818,64.454445,2.351976,62.102469
5.135760,64.503730,2.348525,62.155206
5.139296,64.555916,2.345457,62.210459
5.141649,64.599784,2.342005,62.257779
5.145147,64.655900,2.337403,62.318497
5.148133,64.703100,2.334719,62.368381
5.151181,64.755729,2.331651,62.424078
5.154229,64.805098,2.327816,62.477282
5.157343,64.868554,2.324364,62.544190
5.160105,64.901708,2.319762,62.581946
5.163437,64.952677,2.316311,62.636366
5.166391,65.001885,2.313243,62.688642
5.169575,65.050367,2.310559,62.739808
5.172536,65.099113,2.307107,62.792006
5.175561,65.146756,2.303656,62.843100
5.179149,65.201554,2.300204,62.901350
5.181693,65.242108,2.297520,62.944589
5.184662,65.288056,2.294452,62.993604
5.188005,65.339894,2.289850,63.050044
5.190689,65.380520,2.286782,63.093738
5.194198,65.431962,2.283714,63.148249
5.198107,65.493921,2.281413,63.212508
5.199703,65.522282,2.276811,63.245471
5.203423,65.572244,2.273360,63.298884
5.206455,65.615992,2.271059,63.344934
5.209804,65.665307,2.267991,63.397317
5.212719,65.707564,2.262622,63.444942
5.216259,65.761487,2.260704,63.500783
5.219346,65.805882,2.257253,63.548630
5.222347,65.848193,2.253418,63.594775
5.225342,65.889227,2.250733,63.638493
5.228527,65.936109,2.246898,63.689211
5.231429,65.976118,2.243063,63.733055
5.234764,66.023366,2.240762,63.782604
5.238148,66.061847,2.238078,63.823769
5.240748,66.101084,2.235777,63.865307
5.244217,66.144748,2.232709,63.912039
5.247257,66.199642,2.229258,63.970384
5.249974,66.225546,2.226573,63.998973
5.253509,66.272003,2.223505,64.048498
5.258266,66.308627,2.220437,64.088189
5.259509,66.347479,2.217753,64.129727
5.262607,66.384097,2.215068,64.169029
5.265653,66.423663,2.212000,64.211663
5.269255,66.466776,2.209699,64.257077
5.271796,66.499200,2.205864,64.293335
5.274944,66.537028,2.203563,64.333464
5.278172,66.571003,2.201646,64.369357
5.280973,66.605907,2.199345,64.406562
5.284152,66.642873,2.196660,64.446212
5.288292,66.690678,2.193209,64.497469
5.289862,66.713693,2.190525,64.523169
5.293520,66.750023,2.188607,64.561416
5.296537,66.783885,2.186690,64.597195
5.299576,66.814840,2.182855,64.631986
5.302663,66.847503,2.180937,64.666566
5.305943,66.881371,2.179020,64.702351
5.305943,66.881371,2.177102,64.704268
5.312355,66.942844,2.174418,64.768426
5.314796,66.976567,2.172117,64.804450
5.318073,67.006762,2.170583,64.836179
5.320676,67.035859,2.167898,64.867961
5.323996,67.068726,2.164830,64.903896
5.328095,67.104625,2.162913,64.941712
5.330418,67.125339,2.161379,64.963961
5.333809,67.156846,2.158694,64.998152
5.338442,67.191504,2.157544,65.033960
5.339999,67.208834,2.155243,65.053591
5.343358,67.237763,2.153326,65.084438
5.348356,67.275196,2.151408,65.123788
5.350387,67.295414,2.149107,65.146307
5.353817,67.325842,2.147190,65.178652
5.358155,67.356989,2.145272,65.211716
5.360322,67.372412,2.143738,65.228674
5.363447,67.395985,2.142588,65.253398
5.368178,67.425742,2.141437,65.284305
5.370022,67.439806,2.139136,65.300669
5.373057,67.463990,2.137602,65.326387
5.378439,67.486760,2.135685,65.351075
5.379437,67.510165,2.133767,65.376398
5.382654,67.533648,2.132233,65.401415
5.385627,67.554399,2.131466,65.422932
5.389163,67.571680,2.129932,65.441748
5.391534,67.585743,2.128398,65.457345
5.394671,67.598465,2.128015,65.470450
5.398019,67.609161,2.126864,65.482296
5.400760,67.621420,2.126481,65.494940
5.403821,67.632937,2.125330,65.507607
5.409229,67.647870,2.124947,65.522923
5.409835,67.662802,2.123029,65.539773
5.413161,67.681258,2.122262,65.558995
5.418598,67.701038,2.121495,65.579542
5.419396,67.719284,2.119578,65.599706
5.422686,67.738500,2.118427,65.620073
5.425877,67.752672,2.117660,65.635011
5.429354,67.767616,2.116510,65.651106
5.431874,67.774525,2.116126,65.658398
5.434969,67.779379,2.115743,65.663636
5.438240,67.786263,2.115360,65.670904
5.440937,67.792789,2.114593,65.678196
5.444113,67.798739,2.114593,65.684147
5.448097,67.807278,2.114209,65.693069
5.450529,67.815439,2.113059,65.702381
5.453823,67.823199,2.112675,65.710524
5.458592,67.832325,2.112292,65.720033
5.459989,67.839342,2.111141,65.728201
5.463260,67.844687,2.110758,65.733929
5.468197,67.845412,2.110758,65.734654
5.470277,67.845166,2.111525,65.733641
5.473139,67.844285,2.111141,65.733144
5.478386,67.844183,2.111141,65.733042
5.479329,67.844908,2.110758,65.734151
5.482450,67.845597,2.110758,65.734840
5.485628,67.845927,2.111141,65.734786
5.489193,67.846682,2.111141,65.735541
5.491528,67.846484,2.110758,65.735727
5.494488,67.846748,2.110758,65.735990
5.497599,67.845981,2.111141,65.734840
5.500510,67.844992,2.110374,65.734618
5.503713,67.844537,2.110758,65.733779
5.509037,67.843548,2.110758,65.732791
5.510066,67.843260,2.111141,65.732119
5.513874,67.841103,2.110758,65.730346
5.518208,67.837784,2.111141,65.726643
5.519610,67.836495,2.111525,65.724971
5.523169,67.832259,2.111141,65.721118
5.526251,67.829155,2.111141,65.718014
5.529652,67.826644,2.111525,65.715120
5.532350,67.823966,2.111525,65.712441
5.535334,67.821743,2.111525,65.710218
5.538682,67.818339,2.110758,65.707582
5.541620,67.811592,2.111525,65.700068
5.545101,67.798529,2.112292,65.686238
5.548380,67.789451,2.113442,65.676009
5.551234,67.774501,2.114209,65.660292
5.554388,67.761690,2.115360,65.646330
5.557505,67.744750,2.116126,65.628624
5.560276,67.738932,2.117277,65.621655
5.563729,67.725252,2.117660,65.607591
5.568483,67.717732,2.118427,65.599304
5.569848,67.707551,2.118427,65.589124
5.572977,67.697976,2.119961,65.578014
5.576002,67.689137,2.120728,65.568409
5.579285,67.673636,2.121112,65.552524
5.582156,67.661310,2.122646,65.538664
5.585089,67.642884,2.123796,65.519088
5.588362,67.621528,2.125714,65.495814
5.590931,67.598884,2.127631,65.471253
5.594418,67.570332,2.129165,65.441166
5.597530,67.538352,2.131466,65.406886
5.600643,67.521568,2.133000,65.388568
5.604850,67.495952,2.134534,65.361417
5.608558,67.479018,2.135301,65.343717
5.611111,67.463229,2.136452,65.326777
5.614334,67.448344,2.137986,65.310359
5.617252,67.424987,2.138753,65.286234
5.620204,67.409803,2.141054,65.268749
5.623836,67.380657,2.143355,65.237303
5.628256,67.338695,2.145272,65.193422
5.629841,67.317087,2.146423,65.170664
5.633614,67.283723,2.149107,65.134616
5.636398,67.256225,2.151792,65.104434
5.639524,67.228134,2.153326,65.074809
5.642203,67.206527,2.154860,65.051667
5.645495,67.181563,2.156777,65.024786
5.648475,67.155618,2.158311,64.997307
5.651247,67.130415,2.160612,64.969803
5.654573,67.099699,2.162529,64.937170
5.658337,67.068109,2.165214,64.902895
5.661648,67.034565,2.167515,64.867050
5.664771,67.000751,2.169816,64.830936
5.668130,66.967543,2.170966,64.796577
5.670779,66.937744,2.174418,64.763327
5.673989,66.900899,2.176335,64.724564
5.678186,66.856851,2.178636,64.678215
5.679396,66.837670,2.180937,64.656733
5.683092,66.802448,2.184005,64.618443
5.688286,66.744457,2.187073,64.557384
5.689801,66.725354,2.190141,64.535213
5.693304,66.685524,2.192442,64.493082
5.698529,66.648715,2.195127,64.453588
5.699548,66.606860,2.198578,64.408282
5.703028,66.571968,2.200112,64.371856
5.706012,66.536668,2.203563,64.333105
5.711341,66.509230,2.206631,64.302599
5.712677,66.453797,2.210083,64.243715
5.718271,66.380742,2.212767,64.167974
5.719552,66.357612,2.215452,64.142160
5.722828,66.316674,2.218136,64.098538
5.725676,66.280619,2.220437,64.060182
5.729255,66.239412,2.223122,64.016290
5.731079,66.207498,2.226573,63.980925
5.733895,66.166104,2.228491,63.937614
5.738164,66.114129,2.231175,63.882953
5.739496,66.091400,2.235394,63.856007
5.742856,66.048874,2.238078,63.810796
5.745713,66.009404,2.241146,63.768258
5.749142,65.965398,2.243830,63.721568
5.751176,65.929320,2.246898,63.682421
5.753920,65.889760,2.249583,63.640177
5.758248,65.835939,2.252651,63.583288
5.759532,65.808729,2.255335,63.553393
5.763215,65.758383,2.259937,63.498446
5.768457,65.710284,2.263005,63.447279
5.769470,65.661520,2.265690,63.395831
5.772532,65.617221,2.269141,63.348080
5.775554,65.571189,2.272976,63.298213
5.779301,65.521748,2.276427,63.245321
5.781593,65.476718,2.279112,63.197606
5.784994,65.426474,2.284097,63.142376
5.789359,65.365606,2.286782,63.078824
5.791291,65.324069,2.290233,63.033835
5.794424,65.276515,2.293301,62.983214
5.797554,65.223826,2.295602,62.928224
5.800325,65.182139,2.301355,62.880785
5.803555,65.130122,2.304423,62.825699
5.808809,65.079962,2.307491,62.772471
5.809515,65.028873,2.311326,62.717548
5.812913,64.977976,2.316311,62.661665
5.815953,64.923765,2.319762,62.604003
5.819230,64.875367,2.323214,62.552153
5.821511,64.828689,2.326665,62.502023
5.824311,64.783478,2.330500,62.452978
5.828090,64.725828,2.333568,62.392260
5.830616,64.683326,2.338937,62.344389
5.833729,64.627210,2.342772,62.284438
5.838096,64.553147,2.346224,62.206924
5.839632,64.521587,2.349675,62.171912
5.842910,64.465722,2.353127,62.112596
5.845825,64.416407,2.358495,62.057912
5.849320,64.359818,2.361947,61.997871
5.851888,64.309178,2.365398,61.943780
5.855067,64.252595,2.368850,61.883745
5.858401,64.195790,2.373835,61.821954
5.861083,64.146037,2.377287,61.768750
5.864405,64.087992,2.381122,61.706870
5.867964,64.026830,2.385340,61.641490
5.870980,63.968263,2.389175,61.579088
5.874074,63.911500,2.393010,61.518490
5.878249,63.842159,2.396078,61.446081
5.880360,63.797278,2.401447,61.395831
5.883596,63.739215,2.405665,61.333549
5.888205,63.659801,2.409500,61.250301
5.890216,63.620457,2.415253,61.205204
5.893603,63.552758,2.418321,61.134437
5.898463,63.473782,2.423306,61.050476
5.900341,63.432149,2.427908,61.004241
5.903613,63.370328,2.430976,60.939352
5.909538,63.311905,2.437112,60.874793
5.910321,63.252320,2.440563,60.811756
5.913933,63.180318,2.445932,60.734386
5.918193,63.100815,2.450151,60.650664
5.919792,63.064449,2.453986,60.610463
5.923472,62.998925,2.459738,60.539187
5.926414,62.943121,2.463573,60.479547
5.929549,62.885177,2.467792,60.417385
5.932461,62.829133,2.471627,60.357506
5.935441,62.771644,2.475078,60.296566
5.938567,62.709218,2.478529,60.230689
5.941438,62.657950,2.484282,60.173668
5.944569,62.597256,2.488117,60.109139
5.947716,62.527466,2.492335,60.035130
5.950803,62.476778,2.497704,59.979074
5.954234,62.412885,2.501539,59.911345
5.957274,62.336066,2.505374,59.830692
5.960012,62.298573,2.508826,59.789747
5.963316,62.236704,2.512277,59.724427
5.966376,62.177730,2.519180,59.658550
5.969602,62.115250,2.523398,59.591852
5.972486,62.060662,2.526850,59.533812
5.975531,62.000160,2.530685,59.469475
5.978690,61.936500,2.536054,59.400446
5.981771,61.878472,2.540272,59.338200
5.985234,61.814117,2.543724,59.270393
5.988612,61.743398,2.549093,59.194305
5.991462,61.691374,2.553311,59.138063
5.995043,61.623891,2.557913,59.065978
5.998256,61.567236,2.560981,59.006255
6.000795,61.511629,2.566733,58.944896
6.003964,61.450671,2.570185,58.880486
6.007033,61.390127,2.574403,58.815724
6.010214,61.333975,2.580923,58.753052
6.013682,61.264107,2.583991,58.680116
6.018341,61.176430,2.588209,58.588221
6.019552,61.142922,2.594345,58.548577
6.023112,61.083492,2.597413,58.486080
6.028314,61.021822,2.601248,58.420574
6.029601,60.958719,2.607384,58.351335
6.033151,60.888989,2.610835,58.278153
6.036226,60.831620,2.614670,58.216950
6.039283,60.773293,2.618505,58.154788
6.042079,60.720173,2.622340,58.097833
6.044955,60.665477,2.627709,58.037768
6.048250,60.608612,2.631544,57.977068
6.051293,60.544778,2.634612,57.910166
6.054282,60.490633,2.639214,57.851419
6.057410,60.414443,2.644966,57.769477
6.060279,60.373871,2.649185,57.724686
6.064092,60.303697,2.652636,57.651061
6.068179,60.226734,2.658005,57.568729
6.069760,60.192238,2.661840,57.530397
6.073596,60.125809,2.665675,57.460134
6.076658,60.068956,2.669127,57.399829
6.079785,60.011791,2.675262,57.336529
6.082726,59.958108,2.678714,57.279394
6.085780,59.901980,2.682549,57.219431
6.089217,59.839758,2.685233,57.154524
6.091743,59.792480,2.691753,57.100727
6.095040,59.730989,2.695588,57.035401
6.098441,59.674004,2.699423,56.974581
6.101037,59.620488,2.702491,56.917998
6.104098,59.565535,2.706326,56.859209
6.107025,59.512211,2.710161,56.802050
6.110087,59.458126,2.715529,56.742596
6.113192,59.404047,2.718981,56.685066
6.115998,59.353725,2.722432,56.631293
6.119329,59.294445,2.726267,56.568178
6.122122,59.246922,2.729719,56.517203
6.125111,59.193928,2.735088,56.458840
6.128344,59.140904,2.738539,56.402364
6.131037,59.088724,2.742374,56.346350
6.134237,59.033621,2.745826,56.287795
6.137316,58.964322,2.749277,56.215045
6.140004,58.932726,2.753879,56.178847
6.143500,58.875255,2.758097,56.117158
6.146409,58.826905,2.761165,56.065739
6.149812,58.766786,2.764233,56.002553
6.152628,58.721492,2.769602,55.951889
6.155671,58.669654,2.772670,55.896984
6.159217,58.613322,2.776122,55.837200
6.161961,58.564558,2.779573,55.784985
6.164747,58.519581,2.783408,55.736173
6.167814,58.466653,2.785709,55.680944
6.170702,58.425391,2.791078,55.634313
6.173674,58.374159,2.794530,55.579629
6.178363,58.324934,2.798364,55.526569
6.179583,58.278027,2.801432,55.476595
6.182660,58.230102,2.804500,55.425602
6.185922,58.181063,2.807185,55.373878
6.189190,58.129908,2.812170,55.317738
6.191832,58.087934,2.815622,55.272312
6.194816,58.038067,2.818690,55.219378
6.197974,57.989675,2.822141,55.167534
6.200788,57.951086,2.826743,55.124343
6.204245,57.897948,2.829428,55.068520
6.209266,57.852204,2.832496,55.019708
6.209956,57.805771,2.835180,54.970591
6.213574,57.757810,2.840165,54.917645
6.218451,57.713978,2.842850,54.871128
6.219786,57.666664,2.846301,54.820363
6.222761,57.625354,2.848602,54.776752
6.225817,57.580605,2.851670,54.728935
6.229302,57.534250,2.855122,54.679129
6.231650,57.497099,2.858190,54.638910
6.234984,57.451985,2.861258,54.590727
6.237962,57.409758,2.863559,54.546200
6.240698,57.375052,2.867394,54.507658
6.244073,57.329937,2.870462,54.459476
6.247546,57.275157,2.873146,54.402011
6.250499,57.242093,2.876981,54.365112
6.253906,57.198662,2.879282,54.319380
6.258288,57.143463,2.881583,54.261880
6.259595,57.123329,2.884651,54.238678
6.263283,57.080336,2.887335,54.193001
6.268164,57.042592,2.890020,54.152572
6.269677,57.000725,2.892704,54.108020
6.272523,56.964401,2.894622,54.069779
6.275622,56.928226,2.898840,54.029386
6.279195,56.887486,2.900758,53.986728
6.282165,56.855290,2.903442,53.951848
6.288526,56.816162,2.908428,53.907734
6.289522,56.763958,2.910729,53.853230
6.293152,56.725225,2.914947,53.810278
6.298279,56.675143,2.916864,53.758279
6.301902,56.636674,2.919932,53.716741
6.305024,56.605910,2.921466,53.684444
6.308550,56.570281,2.924151,53.646130
6.311036,56.536839,2.926452,53.610387
6.314459,56.500803,2.929136,53.571666
6.317680,56.460608,2.932204,53.528403
6.321276,56.432175,2.934505,53.497670
6.324132,56.405091,2.936039,53.469052
6.328411,56.380008,2.937573,53.442435
6.329753,56.354769,2.939874,53.414895
6.332713,56.327607,2.941408,53.386199
6.335518,56.299372,2.943326,53.356046
6.338776,56.270885,2.944860,53.326026
6.341795,56.246713,2.947161,53.299553
6.345763,56.215878,2.949845,53.266033
6.349550,56.184905,2.951379,53.233526
6.352865,56.159336,2.953297,53.206040
6.355634,56.135739,2.954830,53.180909
6.358596,56.111759,2.957131,53.154627
6.361266,56.089870,2.959049,53.130821
6.364619,56.063816,2.960583,53.103233
6.367780,56.036084,2.961733,53.074351
6.370401,56.019067,2.964034,53.055033
6.373867,55.996968,2.964801,53.032167
6.378307,55.969446,2.967102,53.002344
6.379667,55.959200,2.967486,52.991714
6.383283,55.937988,2.969403,52.968584
6.386172,55.920670,2.970170,52.950500
6.389571,55.901873,2.971704,52.930169
6.392102,55.886887,2.972471,52.914416
6.395087,55.870385,2.973622,52.896763
6.398310,55.855105,2.975156,52.879949
6.401041,55.842228,2.976306,52.865921
6.404573,55.824359,2.977073,52.847286
6.408709,55.806473,2.977840,52.828633
6.410619,55.794057,2.980141,52.813916
6.414055,55.776171,2.980908,52.795262
6.418380,55.755168,2.981292,52.773877
6.419917,55.747001,2.982826,52.764175
6.423419,55.731493,2.983976,52.747517
6.426376,55.718287,2.985127,52.733160
6.429524,55.705098,2.985894,52.719205
6.432374,55.695810,2.985894,52.709917
6.435277,55.687661,2.987428,52.700234
6.438478,55.678289,2.987428,52.690862
6.441097,55.671213,2.988195,52.683018
6.444524,55.665388,2.988578,52.676810
6.447726,55.659247,2.988962,52.670285
6.450746,55.654243,2.989729,52.664515
6.454418,55.646603,2.989729,52.656875
6.457767,55.639934,2.989729,52.650205
6.460580,55.636003,2.990879,52.645124
6.463892,55.632534,2.990879,52.641655
6.468219,55.629945,2.990879,52.639066
6.469761,55.629669,2.990496,52.639174
6.473283,55.629292,2.990879,52.638413
6.477383,55.627686,2.990879,52.636807
6.479515,55.627920,2.991263,52.636657
6.482280,55.626997,2.990879,52.636118
6.485207,55.625331,2.990879,52.634452
6.488375,55.624882,2.991263,52.633619
6.491049,55.624348,2.991646,52.632702
6.494416,55.623264,2.991263,52.632001
6.497628,55.623857,2.991263,52.632595
6.500427,55.624121,2.991263,52.632858
6.503815,55.625080,2.991263,52.633817
6.506918,55.626182,2.991263,52.634920
6.509756,55.627752,2.991646,52.636106
6.512979,55.630347,2.991263,52.639084
6.515825,55.632288,2.990496,52.641792
6.519258,55.636105,2.990112,52.645993
6.521956,55.639952,2.990496,52.649456
6.524971,55.643523,2.990496,52.653028
6.527968,55.647616,2.989345,52.658271
6.530774,55.650396,2.990112,52.660284
6.534194,55.653860,2.988962,52.664898
6.538214,55.658917,2.988578,52.670339
6.539639,55.662117,2.988578,52.673539
6.543567,55.667983,2.988195,52.679788
6.546453,55.675060,2.987044,52.688016
6.549593,55.686906,2.986661,52.700246
6.552576,55.697476,2.986277,52.711199
6.555477,55.707273,2.985510,52.721763
6.558570,55.719965,2.984360,52.735605
6.561384,55.731338,2.983593,52.747745
6.564704,55.743957,2.982826,52.761131
6.567994,55.755684,2.982059,52.773625
6.570681,55.766116,2.980908,52.785208
6.574137,55.779149,2.979758,52.799391
6.578310,55.799324,2.978607,52.820717
6.579763,55.807701,2.977840,52.829861
6.583321,55.826756,2.976690,52.850066
6.586113,55.842228,2.975923,52.866305
6.589172,55.860378,2.974772,52.885606
6.591918,55.878995,2.972855,52.906141
6.594853,55.899620,2.971321,52.928299
6.598294,55.920802,2.970170,52.950632
6.600779,55.938755,2.969020,52.969735
6.604070,55.959092,2.966719,52.992373
6.609124,55.987464,2.965568,53.021896
6.610934,56.002804,2.962884,53.039920
6.614163,56.026144,2.962500,53.063643
6.617364,56.053923,2.960966,53.092957
6.619984,56.069838,2.959816,53.110022
6.623241,56.094376,2.957898,53.136477
6.626120,56.116199,2.956364,53.159835
6.629251,56.139982,2.953297,53.186685
6.631945,56.163219,2.952146,53.211073
6.635188,56.190477,2.950229,53.240249
6.638397,56.218353,2.948311,53.270041
6.641252,56.245623,2.945243,53.300380
6.644484,56.276170,2.943326,53.332845
6.647547,56.314059,2.941792,53.372267
6.650415,56.336259,2.939874,53.396385
6.654011,56.369024,2.937573,53.431451
6.658201,56.407212,2.935272,53.471940
6.659972,56.422084,2.933738,53.488346
6.663323,56.454502,2.931437,53.523064
6.666279,56.483288,2.928369,53.554919
6.669326,56.516874,2.926452,53.590422
6.672317,56.546876,2.924151,53.622725
6.675337,56.581499,2.921850,53.659649
6.678547,56.617307,2.919165,53.698142
6.681566,56.648556,2.916864,53.731692
6.685138,56.683323,2.914947,53.768376
6.688216,56.717442,2.912646,53.804796
6.691148,56.754509,2.909195,53.845314
6.694282,56.795914,2.906510,53.889404
6.697570,56.844019,2.903826,53.940193
6.700219,56.868599,2.901141,53.967457
6.703573,56.906319,2.898457,54.007862
6.706686,56.942086,2.895772,54.046314
6.709998,56.985163,2.893471,54.091692
6.713324,57.026047,2.889253,54.136795
6.716269,57.063306,2.886568,54.176738
6.719307,57.102579,2.884267,54.218311
6.722268,57.138993,2.881583,54.257410
6.725204,57.176078,2.879665,54.296412
6.728475,57.216339,2.875063,54.341275
6.731103,57.256348,2.872763,54.383586
6.734563,57.303039,2.870462,54.432577
6.737614,57.355308,2.868161,54.487147
6.740397,57.385694,2.863175,54.522519
6.743857,57.431809,2.860491,54.571319
6.748243,57.493552,2.857806,54.635746
6.749741,57.520570,2.855122,54.665449
6.753329,57.565649,2.852437,54.713212
6.756220,57.607899,2.847452,54.760448
6.759336,57.654374,2.845151,54.809223
6.762250,57.696780,2.842466,54.854314
6.765299,57.739918,2.838631,54.901286
6.768477,57.784068,2.836330,54.947737
6.771159,57.827019,2.832112,54.994907
6.774300,57.876813,2.829044,55.047769
6.777414,57.936986,2.825976,55.111010
6.780150,57.967211,2.823675,55.143535
6.783570,58.016430,2.820224,55.196206
6.786346,58.060592,2.817156,55.243436
6.789333,58.108522,2.812554,55.295969
6.792256,58.155075,2.809102,55.345973
6.795662,58.208980,2.806034,55.402946
6.798801,58.260482,2.802966,55.457516
6.801600,58.303781,2.798364,55.505417
6.804932,58.360137,2.795296,55.564841
6.808335,58.409860,2.791078,55.618782
6.810764,58.456137,2.788010,55.668127
6.814125,58.507405,2.783408,55.723997
6.818013,58.573534,2.778039,55.795495
6.821156,58.624635,2.775355,55.849280
6.824355,58.681716,2.771136,55.910580
6.827587,58.746479,2.766918,55.979561
6.830908,58.792528,2.763850,56.028678
6.834800,58.856865,2.760015,56.096851
6.837863,58.912640,2.754263,56.158378
6.841316,58.965874,2.750811,56.215063
6.844160,59.018125,2.747360,56.270766
6.848489,59.090108,2.741991,56.348118
6.850494,59.130256,2.737005,56.393250
6.854872,59.207536,2.733170,56.474366
6.858221,59.262244,2.728185,56.534059
6.861264,59.319744,2.723966,56.595778
6.864283,59.375279,2.720515,56.654764
6.868326,59.445656,2.717830,56.727826
6.869854,59.483197,2.712078,56.771119
6.874163,59.551501,2.708243,56.843258
6.877337,59.624952,2.704408,56.920544
6.880125,59.659137,2.698272,56.960865
6.883817,59.728149,2.694821,57.033328
6.888306,59.809066,2.689835,57.119231
6.889878,59.846864,2.686384,57.160480
6.893754,59.909200,2.682549,57.226651
6.898368,59.993719,2.676413,57.317306
6.900236,60.026454,2.672195,57.354259
6.903082,60.085500,2.668743,57.416757
6.905988,60.138177,2.664525,57.473652
6.905988,60.138177,2.661073,57.477104
6.912930,60.252189,2.656088,57.596101
6.914830,60.311702,2.651869,57.659833
6.918129,60.365206,2.648034,57.717172
6.920851,60.424774,2.644199,57.780574
6.923962,60.482705,2.640364,57.842341
6.928101,60.558919,2.634995,57.923923
6.929892,60.599641,2.631161,57.968481
6.933650,60.665974,2.625408,58.040566
6.938592,60.749336,2.621190,58.128147
6.940377,60.792653,2.616971,58.175682
6.943676,60.856445,2.611986,58.244460
6.948402,60.940443,2.608151,58.332292
6.949821,60.977240,2.605083,58.372157
6.953062,61.042333,2.600481,58.441852
6.955914,61.095003,2.595112,58.499891
6.959294,61.154637,2.590127,58.564510
6.961756,61.206582,2.587059,58.619524
6.965183,61.275642,2.583607,58.692034
6.968466,61.335497,2.577855,58.757642
6.971112,61.387946,2.573636,58.814309
6.974636,61.455495,2.570185,58.885310
6.977805,61.514152,2.566350,58.947802
6.980556,61.572665,2.560214,59.012451
6.983741,61.632118,2.556379,59.075739
6.988280,61.711358,2.552928,59.158430
6.990423,61.757240,2.546792,59.210448
6.993651,61.822110,2.542573,59.279537
6.998278,61.905281,2.538738,59.366543
6.999956,61.938819,2.535287,59.403532
7.003094,62.004121,2.529534,59.474586
7.006128,62.064695,2.525699,59.538996
7.009484,62.128769,2.521481,59.607288
7.012532,62.186251,2.517262,59.668988
7.015477,62.243985,2.511127,59.732858
7.019190,62.307495,2.507292,59.800204
7.021448,62.358332,2.503457,59.854876
7.024395,62.415413,2.500005,59.915408
7.027583,62.477042,2.495787,59.981255
7.030366,62.529917,2.489651,60.040266
7.033488,62.586907,2.485432,60.101475
7.038521,62.646044,2.481597,60.164446
7.039474,62.705270,2.478146,60.227124
7.042542,62.764298,2.474695,60.289603
7.045666,62.822074,2.468942,60.353132
7.049258,62.881426,2.465107,60.416319
7.051741,62.934414,2.460889,60.473525
7.054744,62.992526,2.456670,60.535855
7.058049,63.049415,2.453219,60.596196
7.060551,63.104530,2.447850,60.656680
7.063963,63.165835,2.444398,60.721437
7.068121,63.239658,2.440563,60.799095
7.070477,63.282190,2.435195,60.846996
7.073876,63.353353,2.431360,60.921993
7.078426,63.427906,2.427525,61.000382
7.080386,63.468755,2.422156,61.046599
7.083341,63.527334,2.418704,61.108629
7.088797,63.585697,2.415253,61.170444
7.090019,63.642700,2.409500,61.233199
7.093073,63.707864,2.405282,61.302582
7.096182,63.762554,2.401447,61.361107
7.099370,63.819587,2.397995,61.421591
7.102154,63.872347,2.392627,61.479721
7.105218,63.929033,2.389559,61.539474
7.109413,63.991728,2.386107,61.605621
7.111662,64.038587,2.380355,61.658232
7.115298,64.100479,2.376520,61.723959
7.118637,64.165847,2.373068,61.792779
7.121505,64.213011,2.367699,61.845312
7.124846,64.271836,2.364631,61.907204
7.128051,64.328353,2.361947,61.966406
7.131173,64.383265,2.358879,62.024386
7.134293,64.436798,2.352360,62.084439
7.137560,64.505989,2.348908,62.157081
7.140448,64.543320,2.345073,62.198247
7.143927,64.602534,2.340088,62.262447
7.148472,64.676123,2.337403,62.338720
7.149884,64.712178,2.334335,62.377843
7.153636,64.765604,2.329350,62.436254
7.158486,64.842662,2.325898,62.516764
7.160564,64.878825,2.320913,62.557912
7.164454,64.948093,2.315927,62.632166
7.168000,65.005007,2.312093,62.692914
7.170966,65.053375,2.309792,62.743583
7.174433,65.107597,2.305957,62.801641
7.177699,65.169897,2.302505,62.867392
7.180712,65.208930,2.297903,62.911027
7.184101,65.261804,2.294835,62.966969
7.187551,65.325662,2.291767,63.033895
7.190684,65.365858,2.287165,63.078692
7.194215,65.418450,2.284481,63.133969
7.197318,65.481781,2.281413,63.200368
7.200077,65.510998,2.277578,63.233420
7.203850,65.566569,2.274127,63.292443
7.208650,65.632159,2.269525,63.362634
7.210096,65.661263,2.266840,63.394423
7.214381,65.719350,2.261855,63.457496
7.217456,65.780895,2.259170,63.521725
7.221081,65.819442,2.255335,63.564107
7.224323,65.867134,2.252267,63.614866
7.227523,65.922267,2.249199,63.673068
7.230719,65.956961,2.244597,63.712364
7.234190,66.005635,2.242296,63.763339
7.237345,66.061554,2.239228,63.822325
7.240163,66.085552,2.235010,63.850542
7.243970,66.135454,2.232326,63.903129
7.248171,66.195759,2.229641,63.966118
7.249927,66.224371,2.226573,63.997798
7.253899,66.271859,2.223122,64.048737
7.258479,66.325740,2.221204,64.104536
7.259787,66.348498,2.217369,64.131129
7.263350,66.388813,2.214301,64.174512
7.268332,66.450160,2.210850,64.239310
7.270082,66.470617,2.208549,64.262068
7.273299,66.512083,2.205481,64.306602
7.278350,66.547412,2.203947,64.343465
7.279397,66.583910,2.200495,64.383415
7.282687,66.623015,2.197811,64.425204
7.285774,66.660016,2.195127,64.464889
7.289194,66.699630,2.192442,64.507188
7.291764,66.730184,2.189374,64.540810
7.294628,66.762050,2.187073,64.574977
7.298094,66.798524,2.185156,64.613368
7.300826,66.827945,2.182471,64.645474
7.304119,66.859799,2.180554,64.679245
7.306976,66.888765,2.177869,64.710896
7.309596,66.922800,2.175952,64.746848
7.313136,66.953156,2.173651,64.779505
7.316047,66.982188,2.172117,64.810071
7.319373,67.016667,2.169816,64.846851
7.322181,67.044452,2.166748,64.877704
7.325189,67.075785,2.164447,64.911338
7.328386,67.103199,2.162529,64.940669
7.331068,67.128983,2.160995,64.967987
7.334280,67.155240,2.159078,64.996162
7.337339,67.191235,2.157160,65.034074
7.340090,67.206437,2.155627,65.050810
7.343863,67.238986,2.153326,65.085660
7.348167,67.275238,2.151408,65.123830
7.349599,67.291291,2.149107,65.142184
7.353261,67.318297,2.148340,65.169957
7.356208,67.343033,2.146806,65.196227
7.359387,67.365108,2.144889,65.220219
7.362001,67.382347,2.142971,65.239376
7.365148,67.403224,2.141821,65.261403
7.368369,67.422938,2.140670,65.282268
7.371126,67.444989,2.138369,65.306619
7.374375,67.469670,2.137219,65.332451
7.377655,67.498654,2.135301,65.363353
7.380522,67.516612,2.134151,65.382462
7.383956,67.540096,2.131850,65.408246
7.388208,67.567072,2.130316,65.436756
7.389767,67.577738,2.129165,65.448573
7.393400,67.592730,2.128015,65.464715
7.396364,67.605176,2.127631,65.477544
7.399342,67.616070,2.127248,65.488822
7.402297,67.627520,2.125714,65.501807
7.405233,67.640757,2.124947,65.515810
7.408689,67.655486,2.123796,65.531689
7.411308,67.672893,2.123029,65.549863
7.414749,67.691342,2.120728,65.570614
7.417816,67.711110,2.120345,65.590765
7.420621,67.727774,2.119194,65.608580
7.423971,67.746991,2.117660,65.629331
7.428264,67.763457,2.117277,65.646181
7.429743,67.771193,2.116510,65.654683
7.433431,67.777377,2.115743,65.661634
7.438592,67.782488,2.115743,65.666745
7.439658,67.790847,2.114593,65.676255
7.443104,67.796846,2.114593,65.682253
7.446431,67.803173,2.113826,65.689348
7.449551,67.813042,2.113059,65.699984
7.452279,67.820383,2.112675,65.707708
7.455229,67.825608,2.112292,65.713316
7.458588,67.833895,2.111525,65.722370
7.461238,67.842248,2.111141,65.731107
7.464594,67.845232,2.111141,65.734091
7.467863,67.845663,2.110758,65.734906
7.470620,67.844962,2.111141,65.733821
7.473996,67.844447,2.110758,65.733689
7.478397,67.844806,2.110758,65.734049
7.480462,67.845118,2.111141,65.733977
7.484079,67.846191,2.110758,65.735433
7.488230,67.846394,2.111525,65.734870
7.489758,67.846808,2.111141,65.735667
7.493449,67.846706,2.110758,65.735948
7.496362,67.846304,2.110374,65.735930
7.499326,67.845484,2.110758,65.734726
7.502366,67.844657,2.111141,65.733516
7.505230,67.844357,2.110758,65.733599
7.508617,67.843524,2.111141,65.732383
7.511176,67.841912,2.111141,65.730771
7.514504,67.840714,2.111525,65.729189
7.517741,67.837562,2.110758,65.726804
7.520789,67.834979,2.111141,65.723838
7.524378,67.831666,2.111141,65.720525
7.527746,67.828526,2.111141,65.717385
7.530806,67.826225,2.111525,65.714700
7.534349,67.822384,2.111141,65.711243
7.537395,67.817926,2.111525,65.706401
7.540087,67.814678,2.111908,65.702770
7.543326,67.803509,2.111908,65.691601
7.546350,67.793999,2.112675,65.681324
7.549383,67.782249,2.113826,65.668423
7.552323,67.770001,2.114976,65.655025
7.555747,67.755608,2.115360,65.640248
7.559439,67.742689,2.116510,65.626179
7.562091,67.732328,2.117277,65.615051
7.564867,67.723119,2.118044,65.605075
7.567973,67.714694,2.118811,65.595883
7.571421,67.703165,2.119578,65.583587
7.574334,67.694596,2.119578,65.575018
7.577416,67.678322,2.120728,65.557593
7.580152,67.669675,2.121879,65.547796
7.583374,67.652879,2.123413,65.529466
7.586325,67.634184,2.124563,65.509620
7.589419,67.611923,2.125714,65.486209
7.592128,67.589824,2.127248,65.462576
7.595053,67.565646,2.129549,65.436097
7.598522,67.540030,2.131850,65.408180
7.601218,67.518752,2.133000,65.385751
7.604610,67.498175,2.134151,65.364024
7.608915,67.479671,2.135685,65.343986
7.610917,67.465494,2.136452,65.329042
7.614270,67.449195,2.137602,65.311593
7.617304,67.424645,2.138369,65.286276
7.620073,67.411649,2.139903,65.271745
7.623107,67.385883,2.142971,65.242911
7.626168,67.358343,2.144505,65.213838
7.629380,67.326722,2.146039,65.180683
7.632290,67.296288,2.147573,65.148715
7.635358,67.263979,2.149874,65.114105
7.638530,67.237578,2.152942,65.084636
7.641179,67.211296,2.155243,65.056053
7.644586,67.184979,2.156393,65.028585
7.647784,67.152508,2.159078,64.993430
7.651114,67.128419,2.161379,64.967040
7.655200,67.091921,2.162913,64.929009
7.658493,67.064705,2.164830,64.899875
7.661181,67.036542,2.167131,64.869411
7.664302,67.006114,2.168665,64.837449
7.667479,66.965608,2.171733,64.793874
7.670188,66.943239,2.173651,64.769588
7.674017,66.901816,2.177102,64.724713
7.678339,66.854850,2.179403,64.675446
7.679758,66.832469,2.181704,64.650765
7.683549,66.795504,2.184005,64.611498
7.686480,66.762607,2.186306,64.576301
7.689655,66.725048,2.189374,64.535674
7.692274,66.695166,2.192442,64.502724
7.695185,66.660507,2.194743,64.465764
7.698657,66.617580,2.197044,64.420536
7.701536,66.586361,2.200112,64.386249
7.704832,66.548826,2.202029,64.346797
7.708346,66.509728,2.204330,64.305397
7.710667,66.477436,2.207398,64.270038
7.713923,66.437265,2.209316,64.227949
7.716698,66.400114,2.211617,64.188497
7.719877,66.359925,2.214685,64.145240
7.722609,66.325309,2.218136,64.107172
7.725668,66.285737,2.220821,64.064916
7.728657,66.241946,2.223505,64.018441
7.731627,66.204172,2.227340,63.976832
7.735043,66.157218,2.231175,63.926043
7.738381,66.113541,2.233860,63.879682
7.741204,66.072801,2.236160,63.836640
7.744450,66.031282,2.238845,63.792437
7.747546,65.975297,2.242680,63.732617
7.750276,65.945732,2.245748,63.699984
7.753747,65.895866,2.248816,63.647050
7.758332,65.832361,2.251500,63.580861
7.759897,65.809394,2.256102,63.553291
7.763222,65.762062,2.259554,63.502508
7.766229,65.713514,2.262622,63.450892
7.769496,65.667950,2.265306,63.402644
7.772010,65.628312,2.267991,63.360321
7.774857,65.585247,2.271059,63.314188
7.778003,65.538287,2.275660,63.262626
7.780707,65.495910,2.278345,63.217565
7.783928,65.447015,2.281796,63.165218
7.788535,65.378453,2.284481,63.093972
7.790205,65.353040,2.289466,63.063574
7.793476,65.295073,2.292918,63.002155
7.796597,65.248418,2.295986,62.952432
7.799621,65.198240,2.298670,62.899570
7.802578,65.152335,2.303656,62.848679
7.805884,65.096650,2.306724,62.789926
7.805884,65.096650,2.310175,62.786475
7.814499,64.993921,2.315544,62.678377
7.815154,64.935702,2.318612,62.617090
7.819331,64.874127,2.322063,62.552063
7.821749,64.826729,2.327432,62.499297
7.824787,64.774634,2.331267,62.443366
7.828307,64.725085,2.334719,62.390366
7.831042,64.670820,2.338170,62.332650
7.834302,64.616766,2.343539,62.273226
7.838150,64.551805,2.347374,62.204431
7.840669,64.511580,2.350826,62.160754
7.843285,64.460671,2.353510,62.107161
7.846129,64.410319,2.356961,62.053358
7.849383,64.354701,2.360796,61.993904
7.851933,64.306128,2.364631,61.941497
7.854991,64.256310,2.369233,61.887077
7.858098,64.203567,2.373068,61.830499
7.861066,64.146648,2.375753,61.770896
7.863933,64.094835,2.379588,61.715247
7.868412,64.022923,2.384957,61.637967
7.870053,63.987252,2.388025,61.599228
7.873399,63.923484,2.391860,61.531625
7.878330,63.841506,2.395311,61.446195
7.880535,63.812001,2.400680,61.411321
7.883847,63.731659,2.406049,61.325610
7.888435,63.658070,2.409884,61.248186
7.889944,63.621032,2.413335,61.207697
7.893349,63.559331,2.418704,61.140627
7.898613,63.500243,2.422923,61.077321
7.899611,63.442306,2.426758,61.015548
7.902591,63.385159,2.430209,60.954950
7.905720,63.329180,2.434044,60.895136
7.910442,63.255004,2.439413,60.815591
7.911423,63.219351,2.442864,60.776487
7.914788,63.157476,2.446699,60.710777
7.918126,63.100797,2.450534,60.650263
7.920712,63.040528,2.456287,60.584242
7.924058,62.980595,2.460505,60.520090
7.927561,62.913669,2.464340,60.449329
7.930633,62.857308,2.469709,60.387598
7.933525,62.801078,2.473544,60.327534
7.938456,62.716805,2.477762,60.239042
7.939831,62.676993,2.481214,60.195779
7.943192,62.618258,2.486583,60.131675
7.948492,62.556539,2.490801,60.065738
7.949711,62.493862,2.494253,59.999609
7.952624,62.434816,2.500005,59.934811
7.955743,62.377285,2.503457,59.873829
7.959393,62.312858,2.507675,59.805183
7.961841,62.259738,2.511894,59.747845
7.964642,62.203245,2.515728,59.687516
7.967856,62.148189,2.519947,59.628242
7.970524,62.090755,2.525699,59.565055
7.974103,62.023715,2.529534,59.494181
7.978171,61.947100,2.534903,59.412196
7.980865,61.891487,2.538738,59.352749
7.984083,61.829301,2.542190,59.287111
7.988254,61.754669,2.546025,59.208644
7.990440,61.709566,2.552544,59.157022
7.993548,61.646685,2.556379,59.090306
7.996433,61.588292,2.559830,59.028462
7.999526,61.530264,2.563665,58.966599
8.002222,61.477162,2.567117,58.910045
8.005217,61.421214,2.572869,58.848345
8.009100,61.361736,2.577088,58.784648
8.011139,61.303966,2.581690,58.722277
8.014304,61.244794,2.585141,58.659653
8.018349,61.174914,2.588976,58.585938
8.020543,61.129362,2.594345,58.535017
8.023645,61.067895,2.597796,58.470099
8.028206,60.982453,2.602782,58.379672
8.029679,60.946950,2.608151,58.338799
8.033095,60.884087,2.611986,58.272101
8.036164,60.827941,2.615437,58.212504
8.040230,60.792515,2.619272,58.173243
8.042367,60.711652,2.625025,58.086627
8.045725,60.642581,2.628476,58.014105
8.049403,60.580748,2.632695,57.948054
8.051684,60.528623,2.636529,57.892093
8.054803,60.474562,2.640364,57.834198
8.057945,60.416744,2.645350,57.771394
8.060775,60.360268,2.649568,57.710700
8.063895,60.298909,2.653020,57.645889
8.068346,60.224763,2.656471,57.568292
8.069727,60.188265,2.661457,57.526808
8.073117,60.128769,2.666442,57.462327
8.076074,60.071209,2.669894,57.401315
8.079420,60.014104,2.673729,57.340376
8.082125,59.963003,2.678330,57.284673
8.085262,59.904562,2.681398,57.223164
8.088459,59.843790,2.686767,57.157023
8.091294,59.792839,2.690986,57.101854
8.094501,59.733350,2.694437,57.038912
8.097616,59.675891,2.697889,56.978003
8.100287,59.625887,2.703258,56.922630
8.103746,59.565972,2.707476,56.858496
8.109114,59.513217,2.711311,56.801906
8.110217,59.456742,2.716680,56.740062
8.113503,59.396024,2.720131,56.675892
8.116448,59.344917,2.723583,56.621334
8.119574,59.288459,2.726651,56.561808
8.122277,59.242182,2.730102,56.512080
8.125286,59.189260,2.733554,56.455706
8.128531,59.138399,2.739306,56.399093
8.131464,59.079586,2.742758,56.336829
8.134849,59.022404,2.746209,56.276194
8.137981,58.967672,2.749661,56.218011
8.140857,58.920574,2.754646,56.165928
8.144163,58.863217,2.758481,56.104736
8.148335,58.792762,2.761549,56.031213
8.149876,58.759230,2.766918,55.992312
8.153669,58.705079,2.770753,55.934326
8.158453,58.654937,2.773821,55.881116
8.159665,58.601619,2.778806,55.822813
8.163304,58.542999,2.781874,55.761124
8.166449,58.489926,2.785326,55.704601
8.169630,58.439113,2.788394,55.650720
8.172534,58.394790,2.793763,55.601027
8.176259,58.332969,2.797214,55.535755
8.179420,58.281275,2.800282,55.480993
8.182218,58.235447,2.803350,55.432098
8.185186,58.192346,2.807952,55.384394
8.188308,58.146800,2.811787,55.335013
8.191299,58.094968,2.814855,55.280114
8.194767,58.041579,2.819457,55.222122
8.197950,57.990783,2.822908,55.167875
8.201012,57.946346,2.825209,55.121137
8.204291,57.897456,2.829811,55.067645
8.208781,57.836127,2.832879,55.003248
8.210096,57.804800,2.836330,54.968470
8.213859,57.753562,2.840932,54.912629
8.218393,57.689009,2.843617,54.845392
8.219576,57.658419,2.845918,54.812501
8.223396,57.614898,2.849369,54.765529
8.226483,57.569802,2.852054,54.717748
8.229393,57.529559,2.856272,54.673286
8.232252,57.489064,2.859340,54.629724
8.235481,57.445945,2.861641,54.584303
8.238594,57.406319,2.863942,54.542377
8.241715,57.362229,2.868544,54.493685
8.244744,57.320871,2.870845,54.450026
8.248148,57.275475,2.873913,54.401562
8.251015,57.236083,2.876214,54.359869
8.254166,57.194300,2.880049,54.314251
8.258442,57.143301,2.882350,54.260951
8.260633,57.114281,2.885801,54.228480
8.264316,57.067339,2.888102,54.179237
8.267467,57.018389,2.890787,54.127603
8.270191,56.995104,2.894238,54.100866
8.273579,56.952530,2.897306,54.055224
8.276610,56.915733,2.899607,54.016125
8.279620,56.882470,2.901525,53.980946
8.282509,56.849346,2.903826,53.945520
8.285576,56.812219,2.906510,53.905709
8.288462,56.773929,2.909962,53.863968
8.291127,56.742327,2.911879,53.830448
8.294205,56.706398,2.914563,53.791835
8.298266,56.670026,2.916864,53.753162
8.300466,56.648329,2.918398,53.729930
8.303926,56.613269,2.921466,53.691802
8.306722,56.582104,2.923384,53.658720
8.309880,56.547883,2.925685,53.622198
8.312994,56.512619,2.927602,53.585017
8.315758,56.482755,2.929520,53.553235
8.319232,56.450709,2.932204,53.518504
8.321647,56.427681,2.934889,53.492792
8.324779,56.399440,2.936423,53.463017
8.327949,56.369138,2.937957,53.431181
8.330593,56.345577,2.940258,53.405319
8.333935,56.312986,2.941792,53.371194
8.338322,56.273989,2.944476,53.329513
8.340010,56.258392,2.946010,53.312382
8.343804,56.229768,2.948311,53.281456
8.348259,56.192670,2.950612,53.242058
8.349577,56.180644,2.951763,53.228882
8.353107,56.156310,2.953297,53.203014
8.355784,56.134703,2.954830,53.179872
8.359285,56.107984,2.956748,53.151236
8.361681,56.087383,2.959432,53.127951
8.364859,56.061599,2.961350,53.100249
8.368008,56.036618,2.962500,53.074117
8.370843,56.016011,2.963267,53.052744
8.376317,56.016011,2.965185,53.050826
8.377428,55.968320,2.966335,53.001984
8.380632,55.953262,2.968636,52.984625
8.384153,55.931492,2.969787,52.961705
8.388459,55.907164,2.971321,52.935843
8.390467,55.893964,2.972471,52.921492
8.394005,55.874849,2.973238,52.901610
8.398228,55.852624,2.974772,52.877852
8.400195,55.845374,2.975923,52.869451
8.403105,55.830747,2.976690,52.854057
8.406337,55.816378,2.977840,52.838537
8.409654,55.798977,2.979374,52.819602
8.412602,55.784194,2.979758,52.804436
8.415440,55.768860,2.980525,52.788336
8.418471,55.755480,2.982059,52.773421
8.421158,55.742633,2.982826,52.759807
8.424319,55.727754,2.983976,52.743778
8.427506,55.710767,2.985127,52.725640
8.430338,55.702168,2.986277,52.715891
8.434008,55.691184,2.987044,52.704140
8.438234,55.678158,2.987428,52.690730
8.439759,55.672873,2.988195,52.684678
8.443306,55.666725,2.988578,52.678147
8.448503,55.661841,2.988962,52.672880
8.449643,55.654920,2.989345,52.665575
8.452841,55.648353,2.989729,52.658624
8.455820,55.642541,2.989729,52.652812
8.459286,55.637064,2.990112,52.646952
8.461732,55.634529,2.990879,52.643650
8.464663,55.631857,2.990879,52.640978
8.468112,55.631048,2.990496,52.640552
8.471222,55.630155,2.990496,52.639659
8.474404,55.630155,2.990879,52.639276
8.478330,55.628986,2.991263,52.637724
8.480059,55.627614,2.990879,52.636735
8.483598,55.626991,2.991263,52.635728
8.488392,55.625283,2.991263,52.634021
8.489666,55.624235,2.991263,52.632972
8.492658,55.623468,2.991263,52.632205
8.495739,55.623006,2.990879,52.632127
8.498769,55.622898,2.991646,52.631252
8.501716,55.623743,2.991263,52.632481
8.505127,55.624582,2.990879,52.633703
8.508357,55.626188,2.991263,52.634926
8.511007,55.627974,2.991646,52.636328
8.514388,55.630448,2.991263,52.639186
8.517552,55.634493,2.990879,52.643614
8.520209,55.637429,2.990496,52.646934
8.523646,55.641468,2.989729,52.651739
8.526531,55.645944,2.989345,52.656599
8.529970,55.649395,2.989729,52.659667
8.532591,55.652493,2.989345,52.663148
8.535527,55.656718,2.989345,52.667373
8.538496,55.659618,2.988578,52.671040
8.541266,55.663932,2.988578,52.675354
8.544609,55.671081,2.988195,52.682886
8.547691,55.681453,2.987428,52.694026
8.550848,55.691610,2.986277,52.705333
8.554615,55.703828,2.985894,52.717934
8.557615,55.718425,2.985127,52.733298
8.560380,55.726604,2.983976,52.742628
8.563533,55.740050,2.983209,52.756841
8.566371,55.750560,2.982826,52.767735
8.569705,55.761496,2.981675,52.779821
8.572373,55.773043,2.980908,52.792135
8.575300,55.785063,2.979758,52.805305
8.578475,55.800037,2.978991,52.821047
8.581302,55.815611,2.976690,52.838921
8.584515,55.833755,2.976306,52.857449
8.587664,55.856537,2.975156,52.881381
8.590596,55.873267,2.972855,52.900412
8.594196,55.895336,2.971321,52.924015
8.598361,55.924374,2.970170,52.954203
8.599875,55.933961,2.968636,52.965325
8.603321,55.956294,2.967486,52.988808
8.606349,55.975972,2.965952,53.010020
8.609436,55.995961,2.964801,53.031160
8.612361,56.012494,2.963267,53.049226
8.615153,56.031626,2.961733,53.069893
8.618613,56.053276,2.959816,53.093460
8.621531,56.078904,2.958665,53.120239
8.624728,56.103831,2.956748,53.147083
8.627733,56.132264,2.954830,53.177433
8.630481,56.151199,2.953297,53.197902
8.633893,56.179542,2.950612,53.228930
8.638349,56.220516,2.948695,53.271821
8.639705,56.238420,2.947161,53.291260
8.643311,56.266062,2.945243,53.320819
8.646161,56.295058,2.942559,53.352499
8.649379,56.325815,2.939874,53.385941
8.652236,56.353493,2.938340,53.415152
8.655315,56.380787,2.936806,53.443981
8.658700,56.412677,2.934122,53.478555
8.661582,56.437832,2.931821,53.506011
8.664930,56.470345,2.930287,53.540058
8.667914,56.501390,2.928369,53.573021
8.671008,56.534634,2.925301,53.609333
8.674190,56.569047,2.922617,53.646430
8.678184,56.614935,2.920316,53.694619
8.679936,56.633091,2.918015,53.715076
8.683281,56.667234,2.916097,53.751136
8.688413,56.698363,2.913413,53.784950
8.689645,56.738612,2.910729,53.827883
8.693217,56.780065,2.906894,53.873172
8.696141,56.819673,2.904209,53.915464
8.699374,56.858550,2.902292,53.956258
8.702003,56.889823,2.899607,53.990216
8.704955,56.922018,2.896923,54.025096
8.708256,56.961369,2.895005,54.066363
8.710917,56.995464,2.891170,54.104293
8.714618,57.043970,2.888102,54.155867
8.718155,57.089042,2.884267,54.204775
8.721172,57.126481,2.882350,54.244131
8.724344,57.165861,2.879665,54.286196
8.727494,57.219185,2.876214,54.342971
8.730403,57.247863,2.873530,54.374334
8.734152,57.299408,2.870845,54.428563
8.738331,57.355919,2.866627,54.489293
8.740448,57.386671,2.863942,54.522729
8.744100,57.434907,2.859724,54.575184
8.748345,57.494547,2.856656,54.637891
8.749918,57.523363,2.854355,54.669008
8.753653,57.572073,2.850136,54.721936
8.758329,57.638597,2.847835,54.790762
8.760736,57.675035,2.843617,54.831418
8.764073,57.722606,2.839782,54.882825
8.768335,57.784889,2.837481,54.947408
8.769672,57.811110,2.832879,54.978231
8.773382,57.862840,2.829811,55.033029
8.776310,57.906828,2.826360,55.080468
8.779419,57.954663,2.824059,55.130604
8.782345,57.997555,2.820991,55.176564
8.785413,58.046217,2.817923,55.228294
8.788639,58.096916,2.812937,55.283979
8.791631,58.146441,2.810253,55.336188
8.795076,58.199962,2.807185,55.392777
8.798240,58.247198,2.803733,55.443465
8.801060,58.291719,2.799131,55.492588
8.803870,58.341136,2.796063,55.545073
8.806939,58.390379,2.792229,55.598151
8.809910,58.440258,2.789544,55.650714
8.813004,58.488488,2.786093,55.702396
8.815930,58.537708,2.782641,55.755066
8.819298,58.593039,2.776889,55.816150
8.821775,58.637602,2.773437,55.864165
8.824728,58.685701,2.771136,55.914564
8.827963,58.742860,2.767685,55.975175
8.830741,58.786159,2.763850,56.022309
8.833949,58.842071,2.758864,56.083206
8.838208,58.917595,2.755413,56.162183
8.840761,58.948964,2.750428,56.198537
8.843777,59.011995,2.746976,56.265019
8.848479,59.090318,2.743141,56.347177
8.849976,59.121501,2.738156,56.383345
8.854214,59.194785,2.734321,56.460464
8.858544,59.267751,2.730486,56.537265
8.860110,59.298772,2.724733,56.574038
8.863662,59.362696,2.721282,56.641414
8.868682,59.419135,2.718214,56.700921
8.869863,59.476498,2.712845,56.763653
8.873108,59.532752,2.709010,56.823742
8.876009,59.587532,2.705559,56.881973
8.879261,59.643768,2.702107,56.941660
8.881880,59.694545,2.697505,56.997040
8.884819,59.746664,2.694437,57.052227
8.887943,59.805764,2.689068,57.116696
8.891220,59.862648,2.685233,57.177414
8.894402,59.923491,2.681015,57.242476
8.897703,59.995523,2.675646,57.319877
8.900813,60.042435,2.671428,57.371007
8.904345,60.107216,2.666059,57.441157
8.908916,60.182728,2.660690,57.522038
8.911648,60.243980,2.656855,57.587125
8.914883,60.305003,2.652636,57.652367
8.918086,60.368801,2.648418,57.720383
8.921001,60.424294,2.643049,57.781245
8.923989,60.480842,2.641131,57.839710
8.926613,60.531062,2.637680,57.893382
8.929315,60.582366,2.634229,57.948138
8.932138,60.633904,2.628860,58.005045
8.935202,60.691992,2.624641,58.067351
8.938405,60.748096,2.620423,58.127673
8.941206,60.806603,2.616588,58.190015
8.944386,60.867986,2.613136,58.254850
8.948385,60.942348,2.607384,58.334964
8.949950,60.980614,2.603549,58.377065
8.953731,61.046383,2.599714,58.446669
8.958411,61.106370,2.596262,58.510108
8.959876,61.165914,2.590127,58.575787
8.962793,61.221527,2.586292,58.635235
8.965913,61.280525,2.582457,58.698068
8.969351,61.346684,2.578238,58.768446
8.971854,61.396053,2.574403,58.821650
8.974760,61.452882,2.570952,58.881930
8.977855,61.522553,2.565199,58.957353
8.980702,61.570256,2.560981,59.009275
8.984104,61.631969,2.557146,59.074823
8.986876,61.687905,2.554078,59.133827
8.989872,61.745663,2.549860,59.195803
8.992675,61.799148,2.544107,59.255041
8.995889,61.859405,2.539505,59.319900
8.999278,61.923844,2.536437,59.387407
9.002027,61.976779,2.532219,59.444560
9.004794,62.032859,2.528767,59.504091
9.008812,62.099941,2.521864,59.578076
9.010642,62.145001,2.518413,59.626588
9.014129,62.213167,2.514195,59.698973
9.018437,62.292791,2.509976,59.782815
9.019628,62.326736,2.503840,59.822896
9.023487,62.389695,2.500772,59.888923
9.028444,62.484760,2.496937,59.987823
9.030507,62.517525,2.490801,60.026724
9.033937,62.592612,2.486583,60.106029
9.038357,62.676849,2.480447,60.196402
9.039881,62.707433,2.477379,60.230054
9.043143,62.766389,2.473544,60.292845
9.046160,62.825681,2.469709,60.355972
9.049500,62.887640,2.466258,60.421382
9.052235,62.939280,2.462423,60.476857
9.055095,62.992058,2.456287,60.535771
9.058156,63.046946,2.452452,60.594494
9.060935,63.104404,2.449384,60.655020
9.064230,63.165692,2.444782,60.720910
9.068370,63.241060,2.439796,60.801264
9.070011,63.279098,2.435961,60.843137
9.073767,63.343484,2.432510,60.910974
9.078953,63.401200,2.428292,60.972908
9.080034,63.458221,2.422923,61.035298
9.083429,63.523618,2.419855,61.103764
9.086508,63.579848,2.416403,61.163445
9.089642,63.639566,2.411034,61.228532
9.092496,63.688917,2.406432,61.282485
9.095408,63.743259,2.402597,61.340662
9.098592,63.795624,2.398762,61.396862
9.101244,63.850482,2.395311,61.455171
9.104371,63.905040,2.391476,61.513564
9.108963,63.976868,2.386491,61.590377
9.110355,64.012629,2.383806,61.628823
9.114092,64.079429,2.379204,61.700225
9.118354,64.155816,2.373835,61.781981
9.119929,64.189013,2.370000,61.819012
9.123613,64.248041,2.366932,61.881109
9.128775,64.302725,2.364248,61.938477
9.129651,64.354497,2.359262,61.995234
9.133209,64.417827,2.355427,62.062400
9.136379,64.472595,2.349675,62.122920
9.139406,64.525679,2.346607,62.179072
9.142462,64.575875,2.343156,62.232720
9.145525,64.629828,2.339321,62.290508
9.148660,64.683883,2.335102,62.348781
9.151621,64.734001,2.332034,62.401967
9.155112,64.789626,2.328583,62.461043
9.158284,64.841853,2.324364,62.517489
9.161005,64.888412,2.319379,62.569033
9.164680,64.950035,2.316694,62.633340
9.167842,65.009261,2.312093,62.697168
9.170963,65.052871,2.309025,62.743847
9.174381,65.105500,2.306724,62.798777
9.178328,65.170119,2.303656,62.866464
9.179658,65.198612,2.299821,62.898791
9.183123,65.247238,2.296753,62.950485
9.186062,65.290219,2.294452,62.995767
9.189329,65.341673,2.289466,63.052207
9.191972,65.384475,2.286398,63.098077
9.195180,65.435642,2.283714,63.151928
9.198392,65.479114,2.281413,63.197701
9.200921,65.522168,2.277961,63.244206
9.204023,65.567750,2.272976,63.294774
9.206894,65.611978,2.270292,63.341686
9.210196,65.660460,2.266840,63.393620
9.213058,65.702345,2.263772,63.438572
9.216016,65.744511,2.260704,63.483807
9.219424,65.793491,2.258403,63.535087
9.222015,65.832961,2.256102,63.576858
9.224921,65.873953,2.251500,63.622452
9.227958,65.919307,2.248049,63.671258
9.230644,65.956440,2.244597,63.711843
9.233936,66.003083,2.242296,63.760786
9.236657,66.040995,2.239995,63.800999
9.239650,66.080884,2.237694,63.843190
9.242497,66.119713,2.234627,63.885087
9.245528,66.156547,2.231942,63.924605
9.248557,66.198222,2.228107,63.970115
9.251440,66.240388,2.225806,64.014582
9.254684,66.282339,2.222355,64.059984
9.257908,66.327574,2.218903,64.108670
9.260735,66.358553,2.216602,64.141951
9.264108,66.398251,2.214301,64.183949
9.268345,66.451712,2.210466,64.241246
9.270120,66.476364,2.207398,64.268965
9.273808,66.519447,2.205481,64.313966
9.276821,66.555921,2.203180,64.352741
9.279871,66.591736,2.200495,64.391240
9.282699,66.623764,2.196660,64.427103
9.285807,66.661826,2.193976,64.467850
9.289273,66.701290,2.192059,64.509231
9.291867,66.732562,2.189374,64.543188
9.294835,66.763889,2.187457,64.576433
9.297930,66.798590,2.184389,64.614201
9.300826,66.828041,2.182471,64.645570
9.303983,66.860206,2.179787,64.680420
9.306939,66.889023,2.178253,64.710770
9.309935,66.921302,2.176719,64.744583
9.313327,66.955379,2.173651,64.781728
9.316034,66.985130,2.171350,64.813780
9.319283,67.016816,2.169049,64.847767
9.322088,67.047076,2.166364,64.880712
9.325100,67.075863,2.164830,64.911032
9.328104,67.104307,2.162146,64.942161
9.330803,67.128090,2.160612,64.967478
9.334276,67.157733,2.159078,64.998655
9.337488,67.193140,2.156777,65.036363
9.340088,67.207701,2.155627,65.052075
9.343444,67.235421,2.153326,65.082095
9.346402,67.261564,2.151025,65.110540
9.349672,67.288870,2.150258,65.138613
9.352292,67.311077,2.148340,65.162737
9.355319,67.336172,2.146423,65.189749
9.358367,67.357522,2.145272,65.212250
9.361100,67.377697,2.144122,65.233576
9.364270,67.399545,2.142204,65.257340
9.368499,67.427666,2.141054,65.286612
9.369997,67.443113,2.139136,65.303977
9.373635,67.465158,2.137602,65.327556
9.378508,67.489348,2.134918,65.354431
9.379693,67.511477,2.133767,65.377710
9.383033,67.535571,2.132617,65.402955
9.386075,67.554794,2.131083,65.423711
9.389279,67.572866,2.129549,65.443318
9.391986,67.586462,2.128782,65.457681
9.394818,67.598860,2.127631,65.471229
9.398597,67.610760,2.126864,65.483896
9.401341,67.624123,2.126097,65.498026
9.404450,67.637024,2.124947,65.512077
9.408783,67.656025,2.123796,65.532229
9.410028,67.666559,2.123413,65.543146
9.413439,67.684535,2.122646,65.561889
9.416379,67.702176,2.121495,65.580681
9.419444,67.721465,2.119578,65.601887
9.422466,67.736062,2.118811,65.617251
9.425798,67.753133,2.117660,65.635473
9.428808,67.766064,2.116893,65.649171
9.431744,67.774483,2.115743,65.658740
9.435071,67.779678,2.115360,65.664319
9.438237,67.786311,2.114976,65.671335
9.440855,67.793334,2.114593,65.678742
9.443912,67.798535,2.114209,65.684326
9.448532,67.805804,2.113442,65.692362
9.449927,67.815601,2.113059,65.702542
9.452865,67.821773,2.112292,65.709481
9.455762,67.827777,2.112292,65.715485
9.459408,67.838473,2.111908,65.726565
9.461756,67.844465,2.111141,65.733324
9.465060,67.845927,2.111141,65.734786
9.467883,67.846125,2.110758,65.735367
9.470774,67.845525,2.110758,65.734768
9.474201,67.844908,2.110758,65.734151
9.478396,67.845220,2.110758,65.734462
9.480148,67.845723,2.110374,65.735349
9.483899,67.846706,2.111141,65.735565
9.488436,67.847263,2.110758,65.736506
9.489974,67.847257,2.110374,65.736883
9.493754,67.847323,2.110758,65.736566
9.498366,67.846664,2.110758,65.735906
9.499825,67.845819,2.111141,65.734678
9.503416,67.845190,2.110374,65.734816
9.506418,67.844788,2.110758,65.734031
9.509874,67.843458,2.111141,65.732317
9.512902,67.842404,2.111141,65.731263
9.515773,67.840738,2.111141,65.729597
9.519293,67.836891,2.110758,65.726133
9.521764,67.834979,2.110758,65.724222
9.525001,67.831096,2.111141,65.719955
9.528000,67.829305,2.111141,65.718164
9.530771,67.826896,2.111525,65.715371
9.534163,67.823924,2.111141,65.712783
9.538517,67.819502,2.111141,65.708361
9.539816,67.816967,2.111525,65.705443
9.543474,67.807529,2.111525,65.696005
9.548905,67.795995,2.112675,65.683320
9.549720,67.785484,2.113826,65.671659
9.553332,67.768964,2.114976,65.653988
9.558614,67.755668,2.115360,65.640308
9.559681,67.742413,2.116893,65.625520
9.563344,67.728607,2.117660,65.610947
9.566264,67.720332,2.118427,65.601905
9.569434,67.709912,2.118811,65.591101
9.571908,67.701559,2.119578,65.581981
9.574824,67.693488,2.119961,65.573526
9.577884,67.680179,2.121112,65.559067
9.580696,67.668494,2.122262,65.546232
9.584017,67.649458,2.123796,65.525661
9.588346,67.620420,2.124947,65.495473
9.589921,67.602809,2.127631,65.475178
9.594094,67.572866,2.128398,65.444468
9.598301,67.538322,2.130699,65.407623
9.599725,67.523791,2.132617,65.391174
9.603385,67.503460,2.134151,65.369309
9.606462,67.487107,2.135301,65.351806
9.609700,67.471048,2.136068,65.334980
9.612534,67.457482,2.137602,65.319880
9.615655,67.440525,2.138753,65.301772
9.618867,67.419744,2.140287,65.279457
9.621699,67.399065,2.141821,65.257244
9.625168,67.368745,2.144122,65.224623
9.628289,67.340324,2.145656,65.194669
9.631094,67.310550,2.147573,65.162977
9.634416,67.276041,2.149874,65.126167
9.637605,67.239010,2.152559,65.086451
9.640742,67.217258,2.153709,65.063549
9.644287,67.188562,2.155627,65.032936
9.648317,67.154701,2.158311,64.996390
9.650091,67.138025,2.159845,64.978180
9.654008,67.103900,2.161379,64.942521
9.658536,67.063836,2.164063,64.899773
9.659866,67.046040,2.166364,64.879675
9.663417,67.014252,2.168282,64.845970
9.666421,66.984405,2.170199,64.814206
9.669460,66.952958,2.173267,64.779691
9.672307,66.920313,2.175568,64.744745
9.675475,66.886668,2.177869,64.708798
9.678578,66.855479,2.179787,64.675692
9.681321,66.821414,2.182471,64.638942
9.684560,66.786084,2.185923,64.600161
9.687601,66.742965,2.188224,64.554741
9.690380,66.718253,2.190525,64.527729
9.693728,66.678466,2.192059,64.486407
9.698298,66.622799,2.196660,64.426138
9.700158,66.602306,2.198578,64.403728
9.703688,66.562075,2.201262,64.360812
9.708830,66.530161,2.204330,64.325831
9.709752,66.490283,2.206631,64.283652
9.713284,66.446032,2.210466,64.235565
9.718357,66.402080,2.212767,64.189312
9.719682,66.361447,2.215068,64.146379
9.722674,66.324116,2.217753,64.106363
9.725791,66.285671,2.220054,64.065617
9.729271,66.238375,2.225039,64.013336
9.731669,66.204837,2.227724,63.977114
9.734644,66.162041,2.230408,63.931633
9.737692,66.112768,2.232709,63.880059
9.740625,66.082173,2.235394,63.846779
9.744161,66.037088,2.239995,63.797093
9.748370,65.974950,2.242296,63.732653
9.749946,65.947578,2.246515,63.701063
9.753720,65.895968,2.249966,63.646001
9.756681,65.854544,2.252267,63.602277
9.759627,65.812216,2.255719,63.556497
9.762500,65.771062,2.258403,63.512659
9.765560,65.723605,2.260704,63.462900
9.768660,65.683404,2.264923,63.418481
9.771189,65.641099,2.269141,63.371958
9.774495,65.592845,2.271059,63.321786
9.777732,65.533031,2.274127,63.258905
9.780619,65.499050,2.278728,63.220322
9.784058,65.443791,2.282180,63.161611
9.788277,65.377027,2.285631,63.091395
9.789840,65.349163,2.288316,63.060848
9.793389,65.295216,2.292151,63.003066
9.796379,65.249646,2.294452,62.955195
9.799413,65.200445,2.299821,62.900625
9.802108,65.157775,2.302505,62.855270
9.805067,65.110162,2.305957,62.804205
9.808331,65.057755,2.309025,62.748730
9.810766,65.015942,2.312476,62.703466
9.814092,64.962678,2.316311,62.646367
9.818286,64.891774,2.319762,62.572011
9.819996,64.864270,2.325131,62.539138
9.823155,64.808591,2.328199,62.480392
9.826107,64.760630,2.331651,62.428979
9.829296,64.709170,2.335869,62.373301
9.832205,64.660023,2.339321,62.320702
9.835053,64.606879,2.344306,62.262572
9.838253,64.557090,2.347758,62.209333
9.841166,64.502280,2.351593,62.150688
9.844330,64.448465,2.354661,62.093805
9.848283,64.376446,2.358112,62.018334
9.849917,64.345149,2.363481,61.981668
9.853378,64.288512,2.367316,61.921196
9.856437,64.236344,2.370384,61.865960
9.859483,64.180905,2.373835,61.807070
9.862551,64.126521,2.379204,61.747317
9.865875,64.066336,2.382656,61.683680
9.869449,64.005097,2.385724,61.619373
9.871897,63.958137,2.389175,61.568961
9.875037,63.902248,2.394928,61.507321
9.878356,63.844496,2.397995,61.446501
9.881427,63.783377,2.401830,61.381546
9.884504,63.728267,2.405282,61.322985
9.887418,63.657890,2.410651,61.247239
9.890748,63.613824,2.414486,61.199338
9.893926,63.553046,2.417937,61.135109
9.898271,63.471349,2.423690,61.047660
9.899454,63.438596,2.427141,61.011455
9.903197,63.381587,2.430976,60.950611
9.906032,63.328060,2.434044,60.894016
9.909404,63.267989,2.438646,60.829343
9.911549,63.223270,2.442481,60.780789
9.914696,63.164883,2.445549,60.719334
9.917599,63.097178,2.449767,60.647411
9.920152,63.061111,2.453219,60.607893
9.923421,62.997775,2.457437,60.540337
9.926174,62.947183,2.460889,60.486295
9.929346,62.890624,2.465107,60.425517
9.931839,62.840829,2.470860,60.369970
9.934738,62.784773,2.474311,60.310462
9.937907,62.714983,2.478146,60.236837
9.940575,62.672631,2.484282,60.188349
9.944355,62.600390,2.488117,60.112273
9.948317,62.523187,2.491952,60.031236
9.949885,62.482908,2.497704,59.985204
9.953983,62.415719,2.501156,59.914563
9.958400,62.332111,2.504991,59.827120
9.959992,62.300125,2.508442,59.791683
9.963218,62.237735,2.513044,59.724691
9.966110,62.182158,2.518796,59.663362
9.969316,62.121362,2.523015,59.598347
9.972158,62.066600,2.526850,59.539751
9.975094,62.009064,2.530301,59.478763
9.978051,61.948196,2.534136,59.414060
9.980714,61.897329,2.537204,59.360125
9.983655,61.844533,2.541423,59.303110
9.986431,61.789393,2.544874,59.244519
9.989479,61.729892,2.549476,59.180416
9.992201,61.676754,2.553311,59.123443
9.995129,61.621890,2.559830,59.062059
9.998308,61.564246,2.562898,59.001347
10.001150,61.506254,2.566350,58.939904
10.004164,61.445230,2.570185,58.875046
10.007115,61.389342,2.574020,58.815322
10.009974,61.330128,2.580539,58.749589
10.013386,61.270237,2.583991,58.686246
10.016316,61.211292,2.587826,58.623467
10.019476,61.150868,2.591661,58.559207
10.022166,61.098748,2.595112,58.503636
10.025229,61.041961,2.599330,58.442631
10.028371,60.985456,2.603165,58.382290
10.031036,60.930580,2.609301,58.321278
10.034335,60.866308,2.612753,58.253556
10.037764,60.789945,2.616588,58.173357
10.040648,60.744944,2.621573,58.123371
10.044008,60.682494,2.626175,58.056319
10.048239,60.599971,2.629627,57.970344
10.049919,60.568584,2.633845,57.934739
10.052930,60.512216,2.637296,57.874920
10.055853,60.460834,2.643432,57.817402
10.059392,60.394597,2.646117,57.748480
10.062198,60.339722,2.650335,57.689386
10.065076,60.284097,2.654170,57.629926
10.068458,60.227495,2.659923,57.567573
10.071193,60.169653,2.663374,57.506279
10.074490,60.108402,2.667593,57.440809
10.077582,60.036323,2.672578,57.363745
10.081043,59.995433,2.676413,57.319020
10.084559,59.921202,2.680248,57.240954
10.087553,59.850921,2.684083,57.166838
10.090137,59.817209,2.689452,57.127757
10.093520,59.758499,2.692903,57.065595
10.096418,59.706829,2.696738,57.010090
10.099312,59.653679,2.700573,56.953105
10.102221,59.599294,2.704408,56.894886
10.105266,59.545215,2.707860,56.837356
10.108683,59.489129,2.711695,56.777435
10.111253,59.436566,2.717063,56.719503
10.114733,59.375279,2.720898,56.654381
10.118034,59.315873,2.724350,56.591523
10.120829,59.267067,2.729335,56.537732
10.124233,59.208674,2.733170,56.475504
10.128252,59.136913,2.737005,56.399908
10.129888,59.106455,2.742758,56.363697
10.133666,59.041962,2.745826,56.296136
10.136571,58.991796,2.748894,56.242902
10.139643,58.938328,2.751962,56.186367
10.142512,58.891644,2.755413,56.136231
10.145558,58.837409,2.759248,56.078161
10.148748,58.788495,2.764233,56.024262
10.151308,58.739552,2.768068,55.971484
10.154722,58.683957,2.770753,55.913204
10.157818,58.622670,2.774588,55.848082
10.160508,58.585782,2.779573,55.806209
10.164353,58.522583,2.782641,55.739942
10.167522,58.459373,2.786093,55.673280
10.170274,58.427644,2.791078,55.636566
10.173615,58.374776,2.794530,55.580247
10.178313,58.326360,2.798364,55.527995
10.179752,58.275810,2.801049,55.474761
10.182659,58.229222,2.803733,55.425488
10.185623,58.185018,2.806801,55.378216
10.188479,58.133629,2.812170,55.321459
10.191173,58.090960,2.815238,55.275721
10.194451,58.040206,2.818306,55.221900
10.200586,57.989226,2.823675,55.165550
10.200586,57.940534,2.827510,55.113024
10.205333,57.880031,2.830962,55.049070
10.208766,57.828984,2.833646,54.995338
10.211388,57.787927,2.837097,54.950829
10.214510,57.744466,2.839782,54.904684
10.217542,57.688020,2.844384,54.843636
10.220200,57.661691,2.847068,54.814622
10.223581,57.612837,2.849753,54.763084
10.228496,57.572935,2.852821,54.720115
10.229720,57.527108,2.857423,54.669685
10.232847,57.484156,2.859340,54.624816
10.235794,57.441618,2.862025,54.579594
10.239388,57.396624,2.864709,54.531914
10.241748,57.362966,2.867010,54.495956
10.245360,57.317060,2.871229,54.445832
10.248353,57.276925,2.873530,54.403396
10.251227,57.234693,2.876981,54.357712
10.254459,57.190159,2.878515,54.311644
10.257585,57.142924,2.881199,54.261724
10.260160,57.120483,2.884267,54.236216
10.263435,57.081480,2.887335,54.194145
10.266428,57.043442,2.889636,54.153806
10.269566,57.004320,2.892321,54.111999
10.272624,56.967804,2.896156,54.071648
10.275596,56.928388,2.898840,54.029548
10.278736,56.890739,2.901141,53.989598
10.281551,56.860809,2.903442,53.957367
10.284788,56.820883,2.905743,53.915140
10.287812,56.778681,2.908044,53.870637
10.290361,56.753496,2.911496,53.842001
10.293741,56.717166,2.913413,53.803753
10.298520,56.671003,2.916097,53.754905
10.299993,56.654099,2.918782,53.735317
10.303791,56.617158,2.920316,53.696842
10.306786,56.583314,2.922617,53.660697
10.309671,56.552047,2.924918,53.627129
10.312267,56.524196,2.926835,53.597361
10.314935,56.493720,2.929903,53.563817
10.317903,56.462124,2.931437,53.530686
10.320671,56.436280,2.934122,53.502158
10.323881,56.406954,2.936039,53.470915
10.328394,56.366909,2.937190,53.429719
10.329917,56.352875,2.939491,53.413385
10.333204,56.322478,2.941025,53.381453
10.336104,56.293116,2.942942,53.350174
10.339322,56.265708,2.945243,53.320465
10.341895,56.243040,2.947928,53.295112
10.344780,56.222493,2.949078,53.273415
10.347975,56.195349,2.950612,53.244737
10.351012,56.172866,2.952146,53.220720
10.354192,56.147190,2.953297,53.193894
10.358367,56.114857,2.955597,53.159259
10.359624,56.099211,2.957515,53.141696
10.363316,56.075267,2.959816,53.115451
10.366208,56.050484,2.961350,53.089134
10.369359,56.028187,2.962884,53.065303
10.371984,56.010157,2.964801,53.045355
10.375171,55.988609,2.965952,53.022657
10.378406,55.968649,2.967102,53.001547
10.381110,55.949474,2.968253,52.981222
10.384190,55.930462,2.969403,52.961058
10.388318,55.906613,2.970937,52.935676
10.389821,55.895456,2.972088,52.923368
10.393712,55.877959,2.973238,52.904720
10.398541,55.852708,2.975156,52.877552
10.400353,55.845050,2.976306,52.868744
10.404092,55.826067,2.977073,52.848994
10.409126,55.810823,2.977840,52.832983
10.409783,55.795088,2.978991,52.816097
10.413411,55.779077,2.980525,52.798552
10.418510,55.764696,2.981292,52.783404
10.419361,55.750614,2.982059,52.768556
10.423176,55.732212,2.983976,52.748236
10.426233,55.719156,2.984743,52.734413
10.429411,55.706051,2.985510,52.720541
10.432103,55.697254,2.986277,52.710977
10.434918,55.689447,2.986661,52.702786
10.437966,55.679650,2.987428,52.692222
10.440797,55.672213,2.988195,52.684019
10.444103,55.666137,2.988578,52.677559
10.448338,55.659247,2.988962,52.670285
10.450054,55.655627,2.988962,52.666666
10.453449,55.648203,2.989729,52.658475
10.456378,55.642942,2.990112,52.652830
10.459423,55.637633,2.990112,52.647521
10.462397,55.633744,2.990496,52.643249
10.465423,55.631215,2.990879,52.640336
10.468660,55.630257,2.990879,52.639378
10.471426,55.629849,2.991263,52.638587
10.474588,55.629789,2.991263,52.638527
10.477831,55.628932,2.991263,52.637670
10.481103,55.627518,2.991263,52.636256
10.484776,55.625823,2.991646,52.634176
10.487932,55.624247,2.991263,52.632984
10.490492,55.623683,2.991263,52.632421
10.493879,55.623569,2.991263,52.632307
10.498572,55.623575,2.991646,52.631929
10.499931,55.623569,2.991646,52.631923
10.502950,55.624852,2.991263,52.633589
10.506013,55.626056,2.990879,52.635177
10.509313,55.627231,2.990879,52.636352
10.511982,55.628315,2.991646,52.636669
10.514924,55.631156,2.990879,52.640276
10.518136,55.634745,2.990879,52.643866
10.520802,55.638322,2.990112,52.648210
10.524268,55.642642,2.990112,52.652530
10.528342,55.648269,2.989729,52.658540
10.529804,55.650510,2.989729,52.660781
10.533670,55.653914,2.989345,52.664568
10.536637,55.657359,2.989345,52.668014
10.539686,55.661787,2.989345,52.672442
10.542597,55.666785,2.988578,52.678207
10.545550,55.673532,2.987811,52.685721
10.548697,55.682598,2.987044,52.695554
10.551214,55.692946,2.985894,52.707053
10.554511,55.703936,2.985510,52.718426
10.557714,55.718970,2.983976,52.734994
10.560591,55.727185,2.983209,52.743976
10.564123,55.740673,2.982442,52.758231
10.568464,55.755426,2.982059,52.773367
10.569886,55.762245,2.981292,52.780953
10.573520,55.776135,2.980525,52.795610
10.576456,55.789090,2.978991,52.810099
10.579579,55.804112,2.978224,52.825888
10.582457,55.821567,2.977073,52.844494
10.585527,55.837446,2.976306,52.861140
10.588685,55.856501,2.974772,52.881729
10.591423,55.876071,2.973238,52.902833
10.594541,55.896756,2.970937,52.925819
10.597591,55.923684,2.970170,52.953514
10.600412,55.936460,2.969403,52.967056
10.603888,55.958049,2.967486,52.990563
10.606821,55.977871,2.965185,53.012686
10.609949,55.999593,2.964418,53.035175
10.613051,56.018600,2.962884,53.055716
10.615923,56.037409,2.962117,53.075292
10.619403,56.062036,2.960583,53.101453
10.621806,56.081475,2.958665,53.122809
10.624951,56.104353,2.956364,53.147988
10.627939,56.129915,2.954447,53.175468
10.631042,56.152967,2.953297,53.199670
10.634035,56.180716,2.950996,53.229721
10.638530,56.205607,2.949078,53.256529
10.639940,56.234501,2.946394,53.288108
10.643227,56.262233,2.944860,53.317373
10.645845,56.290929,2.942559,53.348370
10.649433,56.323772,2.941025,53.382747
10.651795,56.348819,2.938724,53.410095
10.655117,56.378012,2.936423,53.441590
10.658306,56.405744,2.934505,53.471239
10.661116,56.432870,2.932971,53.499899
10.664320,56.465359,2.931054,53.534306
10.668453,56.504776,2.927602,53.577173
10.670033,56.526383,2.925301,53.601082
10.673685,56.562683,2.923000,53.639683
10.676567,56.595712,2.921466,53.674245
10.679720,56.627901,2.919165,53.708736
10.682487,56.658204,2.916864,53.741339
10.685519,56.690154,2.913797,53.776357
10.688677,56.722942,2.911879,53.811063
10.691473,56.759836,2.909195,53.850641
10.694700,56.800546,2.906894,53.893653
10.698171,56.842401,2.903059,53.939342
10.700797,56.874207,2.900758,53.973450
10.704154,56.912125,2.898073,54.014052
10.709267,56.947083,2.895772,54.051311
10.710351,56.986086,2.891937,54.094149
10.714113,57.035683,2.889253,54.146430
10.718315,57.090469,2.885801,54.204667
10.719588,57.112705,2.882733,54.229972
10.723244,57.152157,2.880816,54.271341
10.726060,57.188829,2.878515,54.310314
10.729418,57.230666,2.875830,54.354836
10.731804,57.267230,2.872763,54.394467
10.734766,57.306532,2.870462,54.436071
10.737889,57.356860,2.866627,54.490233
10.740926,57.390464,2.863559,54.526905
10.744605,57.443110,2.860874,54.582236
10.747633,57.495026,2.858190,54.636836
10.750276,57.523171,2.854355,54.668816
10.753473,57.568591,2.850903,54.717688
10.758836,57.611099,2.848602,54.762497
10.759754,57.659360,2.844000,54.815359
10.763250,57.710652,2.841316,54.869336
10.766566,57.758847,2.837864,54.920982
10.769738,57.807227,2.834796,54.972431
10.772510,57.848962,2.830195,55.018768
10.775452,57.895461,2.827510,55.067951
10.778672,57.944902,2.824442,55.120460
10.781456,57.985978,2.821374,55.164604
10.784677,58.033687,2.818690,55.214997
10.787583,58.092799,2.814471,55.278328
10.790407,58.127344,2.811020,55.316324
10.794108,58.185521,2.807185,55.378336
10.798501,58.252040,2.804884,55.447156
10.799671,58.279400,2.799898,55.479501
10.803325,58.330608,2.796447,55.534161
10.806352,58.381379,2.793379,55.588000
10.809501,58.433265,2.789928,55.643337
10.812232,58.478020,2.786476,55.691544
10.815183,58.524004,2.781874,55.742129
10.818454,58.575026,2.777656,55.797371
10.821660,58.634750,2.774971,55.859779
10.824717,58.687696,2.770369,55.917327
10.828149,58.744681,2.766918,55.977763
10.831310,58.797771,2.763466,56.034305
10.834378,58.849915,2.760015,56.089900
10.838304,58.919267,2.755029,56.164238
10.839856,58.950366,2.750811,56.199555
10.843545,59.008682,2.747360,56.261322
10.846558,59.058332,2.744675,56.313657
10.849722,59.115683,2.740840,56.374843
10.852395,59.163134,2.735471,56.427663
10.855439,59.218184,2.731636,56.486548
10.858815,59.271933,2.727801,56.544132
10.861549,59.326935,2.724350,56.602585
10.864927,59.384507,2.718981,56.665526
10.867975,59.443355,2.715529,56.727826
10.870858,59.494157,2.712078,56.782079
10.874424,59.556349,2.707860,56.848489
10.877571,59.627667,2.702491,56.925176
10.880273,59.665543,2.699039,56.966504
10.883860,59.727394,2.694821,57.032573
10.886676,59.781874,2.691753,57.090121
10.889715,59.836851,2.689068,57.147783
10.892584,59.889145,2.682165,57.206979
10.895617,59.945405,2.679097,57.266307
10.898772,60.006896,2.674879,57.332017
10.902009,60.056972,2.670661,57.386311
10.904715,60.114939,2.666826,57.448114
10.909006,60.184262,2.661840,57.522422
10.910795,60.227292,2.657622,57.569670
10.914476,60.299005,2.651869,57.647136
10.917721,60.372702,2.648034,57.724668
10.920447,60.413335,2.644199,57.769135
10.923937,60.480147,2.640364,57.839782
10.928652,60.537162,2.636529,57.900632
10.929927,60.594093,2.631928,57.962165
10.933079,60.650460,2.627709,58.022751
10.935933,60.707871,2.623491,58.084380
10.939377,60.769266,2.619272,58.149994
10.941788,60.820367,2.615821,58.204546
10.944757,60.874853,2.611986,58.262867
10.947838,60.945338,2.607000,58.338338
10.950700,60.991268,2.602782,58.388486
10.954121,61.056750,2.598947,58.457803
10.958468,61.138194,2.594729,58.543466
10.959797,61.171271,2.588976,58.582295
10.963384,61.234104,2.585525,58.648580
10.966311,61.293444,2.582073,58.711371
10.969587,61.353203,2.578238,58.774965
10.972171,61.402255,2.574020,58.828235
10.975139,61.457472,2.567884,58.889588
10.978693,61.523176,2.564432,58.958743
10.981857,61.589197,2.560214,59.028983
10.984961,61.647746,2.556762,59.090983
10.988098,61.711532,2.551010,59.160522
10.991394,61.775300,2.546792,59.228508
10.994626,61.837390,2.540656,59.296734
10.998233,61.902686,2.537204,59.365482
11.001100,61.960204,2.532602,59.427602
11.004111,62.020425,2.529534,59.490891
11.009186,62.075918,2.523782,59.552136
11.009947,62.133137,2.519180,59.613957
11.013541,62.200302,2.515345,59.684957
11.016653,62.260793,2.511510,59.749283
11.019859,62.320894,2.507292,59.813602
11.022473,62.373690,2.501923,59.871767
11.025330,62.428872,2.497704,59.931167
11.028386,62.483669,2.493869,59.989800
11.030914,62.535819,2.489267,60.046551
11.034041,62.593679,2.486199,60.107479
11.038828,62.652072,2.481981,60.170091
11.039877,62.712856,2.476612,60.236244
11.043218,62.770410,2.472394,60.298016
11.046268,62.828426,2.468942,60.359484
11.049529,62.890252,2.464724,60.425529
11.052548,62.946572,2.460889,60.485683
11.055492,63.001765,2.455903,60.545862
11.058641,63.056767,2.451301,60.605466
11.061555,63.118695,2.447850,60.670846
11.064510,63.173146,2.444398,60.728747
11.067575,63.243829,2.440180,60.803649
11.070294,63.281777,2.435195,60.846582
11.073882,63.348026,2.431743,60.916283
11.078417,63.431574,2.427908,61.003666
11.079673,63.462625,2.424457,61.038168
11.083212,63.518915,2.418704,61.100210
11.086102,63.574791,2.415253,61.159538
11.089391,63.632609,2.411801,61.220808
11.092120,63.684854,2.407583,61.277271
11.095035,63.736476,2.404131,61.332345
11.098149,63.795553,2.399913,61.395640
11.100971,63.843160,2.394544,61.448616
11.103984,63.899540,2.391093,61.508447
11.107151,63.956351,2.388792,61.567559
11.110032,64.012125,2.384573,61.627552
11.113666,64.067948,2.378821,61.689127
11.116355,64.121721,2.374219,61.747502
11.119482,64.177502,2.371151,61.806351
11.122206,64.227086,2.367699,61.859387
11.125199,64.276875,2.364248,61.912627
11.128740,64.335424,2.361563,61.973860
11.131426,64.386399,2.356961,62.029437
11.134717,64.446362,2.353127,62.093235
11.138067,64.504407,2.348908,62.155499
11.140705,64.548839,2.343923,62.204916
11.144070,64.604038,2.340471,62.263567
11.148358,64.679845,2.337403,62.342441
11.149940,64.707199,2.334335,62.372863
11.153208,64.759480,2.331267,62.428212
11.156051,64.805955,2.327432,62.478522
11.159337,64.860447,2.322447,62.538000
11.161957,64.905525,2.318612,62.586913
11.165030,64.956764,2.315544,62.641220
11.168246,65.009728,2.313243,62.696485
11.170863,65.051475,2.310559,62.740917
11.174134,65.104266,2.305957,62.798309
11.178789,65.150801,2.302889,62.847912
11.179669,65.200337,2.299054,62.901284
11.183075,65.247615,2.296369,62.951246
11.186042,65.292718,2.293685,62.999033
11.189342,65.344088,2.290617,63.053471
11.192073,65.387399,2.286015,63.101384
11.195016,65.434150,2.282947,63.151203
11.198293,65.479905,2.280646,63.199259
11.200817,65.523810,2.277578,63.246232
11.204111,65.571003,2.274127,63.296877
11.206925,65.613500,2.271442,63.342057
11.209993,65.660106,2.266840,63.393266
11.213201,65.705395,2.263772,63.441622
11.216213,65.752085,2.260321,63.491764
11.219775,65.804462,2.256486,63.547976
11.222562,65.845017,2.254185,63.590832
11.225619,65.885649,2.250350,63.635299
11.228700,65.932316,2.247665,63.684651
11.231503,65.970090,2.244597,63.725493
11.234738,66.013419,2.241913,63.771506
11.237692,66.064622,2.237694,63.826927
11.240958,66.099927,2.235394,63.864534
11.244447,66.144011,2.232709,63.911302
11.247471,66.199019,2.228874,63.970145
11.250153,66.224335,2.226190,63.998146
11.253731,66.271236,2.223505,64.047731
11.256643,66.307446,2.220821,64.086625
11.259718,66.346227,2.216986,64.129241
11.262760,66.382887,2.214685,64.168202
11.265901,66.422692,2.212767,64.209925
11.268968,66.463163,2.209316,64.253847
11.272015,66.498199,2.206248,64.291951
11.275491,66.539886,2.203563,64.336323
11.278781,66.582238,2.201646,64.380592
11.281757,66.612852,2.197427,64.415425
11.284778,66.649877,2.195510,64.454367
11.287760,66.690402,2.192059,64.498343
11.290472,66.714808,2.190525,64.524283
11.293943,66.755045,2.187840,64.567205
11.298425,66.801316,2.184772,64.616544
11.299875,66.821330,2.182471,64.638858
11.303425,66.853777,2.179787,64.673990
11.306835,66.888681,2.177869,64.710812
11.310086,66.923879,2.176335,64.747543
11.313341,66.956745,2.174034,64.782711
11.318393,67.007157,2.170583,64.836574
11.320098,67.021418,2.167515,64.853903
11.323673,67.059199,2.165597,64.893601
11.326555,67.088961,2.163296,64.925665
11.329520,67.115171,2.162146,64.953025
11.332566,67.143675,2.160228,64.983447
11.335515,67.167218,2.157927,65.009291
11.338640,67.197257,2.156010,65.041247
11.341618,67.220087,2.154476,65.065611
11.344981,67.248459,2.152942,65.095517
11.348012,67.274980,2.149874,65.125106
11.350968,67.299626,2.148724,65.150902
11.354295,67.327142,2.147573,65.179569
11.357485,67.357558,2.146039,65.211519
11.360165,67.371268,2.144122,65.227146
11.363638,67.393966,2.142588,65.251378
11.366544,67.413488,2.141437,65.272051
11.369743,67.436048,2.138369,65.297679
11.373484,67.462594,2.137219,65.325375
11.376242,67.483997,2.135685,65.348313
11.379342,67.507259,2.134534,65.372724
11.381994,67.527189,2.132617,65.394572
11.384907,67.547885,2.131850,65.416035
11.387884,67.566149,2.130699,65.435450
11.390785,67.580872,2.128782,65.452090
11.393975,67.595331,2.128398,65.466932
11.398458,67.610641,2.127248,65.483393
11.399957,67.617400,2.126864,65.490535
11.403291,67.630157,2.125714,65.504443
11.406129,67.643699,2.124563,65.519136
11.406129,67.643699,2.124180,65.519519
11.412995,67.677279,2.123029,65.554250
11.415160,67.696765,2.121495,65.575270
11.418441,67.713825,2.119961,65.593863
11.421190,67.730950,2.118811,65.612139
11.424386,67.749040,2.117660,65.631380
11.428570,67.763170,2.117277,65.645893
11.430521,67.771739,2.116510,65.655229
11.433607,67.777000,2.116126,65.660873
11.438404,67.783315,2.115360,65.667956
11.439780,67.790410,2.114976,65.675434
11.442967,67.796989,2.114593,65.682397
11.445925,67.802478,2.114209,65.688269
11.449494,67.812904,2.113059,65.699846
11.452072,67.820383,2.113059,65.707324
11.455194,67.825332,2.111908,65.713424
11.458539,67.835668,2.111141,65.724527
11.461529,67.843374,2.111141,65.732233
11.464323,67.845478,2.111141,65.734336
11.468317,67.846448,2.110758,65.735691
11.469757,67.845795,2.110758,65.735038
11.473274,67.845555,2.110758,65.734798
11.476290,67.845064,2.110758,65.734307
11.479525,67.845316,2.110758,65.734558
11.482318,67.846550,2.110758,65.735793
11.485479,67.846790,2.110758,65.736032
11.488486,67.847197,2.110758,65.736440
11.491120,67.847293,2.110374,65.736919
11.494204,67.846670,2.110758,65.735912
11.498440,67.846167,2.110758,65.735409
11.500605,67.845897,2.110374,65.735523
11.503832,67.844914,2.110758,65.734157
11.508482,67.843482,2.110758,65.732725
11.510656,67.842847,2.110758,65.732089
11.513774,67.841253,2.110758,65.730496
11.518340,67.838329,2.111141,65.727188
11.519926,67.836022,2.111141,65.724881
11.523556,67.832439,2.111141,65.721298
11.528458,67.827717,2.110758,65.716959
11.529857,67.826003,2.110758,65.715246
11.533098,67.823367,2.111141,65.712226
11.538299,67.821060,2.111141,65.709919
11.539455,67.817213,2.111141,65.706072
11.542209,67.807913,2.111908,65.696005
11.545515,67.796588,2.112675,65.683913
11.549438,67.784765,2.113442,65.671323
11.551506,67.772589,2.114593,65.657997
11.554635,67.761192,2.114976,65.646216
11.557590,67.746122,2.116510,65.629612
11.560613,67.736763,2.116893,65.619869
11.563763,67.724958,2.117660,65.607298
11.568424,67.713250,2.118044,65.595206
11.569653,67.706904,2.118811,65.588093
11.572771,67.697814,2.119961,65.577852
11.575733,67.688640,2.120345,65.568295
11.579412,67.673300,2.121495,65.551805
11.581873,67.660189,2.123029,65.537160
11.585032,67.642201,2.123796,65.518405
11.588265,67.619647,2.126097,65.493549
11.590931,67.596763,2.127248,65.469515
11.594053,67.571093,2.128782,65.442311
11.598721,67.538574,2.131466,65.407107
11.599971,67.524150,2.132233,65.391917
11.603290,67.503639,2.133767,65.369872
11.606129,67.487269,2.134918,65.352351
11.609734,67.471630,2.135685,65.335945
11.612451,67.457620,2.137986,65.319634
11.615397,67.442166,2.138369,65.303797
11.618492,67.424400,2.139520,65.284880
11.621249,67.401863,2.141821,65.260043
11.624562,67.374000,2.142971,65.231029
11.627554,67.336963,2.145656,65.191307
11.630564,67.313839,2.147957,65.165883
11.634074,67.279283,2.150258,65.129025
11.638354,67.237230,2.151792,65.085439
11.640044,67.223263,2.153709,65.069554
11.643330,67.193428,2.155627,65.037801
11.646297,67.169561,2.157927,65.011634
11.649489,67.141428,2.159461,64.981967
11.652497,67.117430,2.160995,64.956434
11.655745,67.088386,2.163680,64.924706
11.659012,67.057946,2.165214,64.892732
11.662017,67.027614,2.167898,64.859716
11.665051,66.998972,2.169432,64.829539
11.667966,66.966626,2.171350,64.795277
11.670738,66.938847,2.174801,64.764046
11.674121,66.900785,2.176335,64.724450
11.678530,66.853148,2.178636,64.674512
11.679924,66.834153,2.181321,64.652832
11.683552,66.795779,2.185156,64.610624
11.688468,66.740101,2.188991,64.551110
11.690153,66.715359,2.190525,64.524835
11.693793,66.674571,2.193593,64.480978
11.698599,66.640374,2.195510,64.444864
11.699712,66.604823,2.198578,64.406245
11.703198,66.565323,2.201262,64.364060
11.706295,66.530988,2.203180,64.327808
11.709444,66.491751,2.205481,64.286271
11.712065,66.459927,2.207782,64.252146
11.714844,66.423777,2.210466,64.213311
11.718221,66.381467,2.214301,64.167165
11.721005,66.344633,2.216986,64.127647
11.724387,66.304534,2.218903,64.085631
11.727814,66.248124,2.223505,64.024619
11.731094,66.210398,2.228107,63.982291
11.734935,66.155738,2.230408,63.925330
11.738039,66.112978,2.233476,63.879502
11.740813,66.077211,2.235394,63.841818
11.743885,66.037388,2.238078,63.799310
11.748338,65.973392,2.240762,63.732629
11.750076,65.949573,2.245364,63.704209
11.753494,65.899167,2.248432,63.650735
11.756522,65.857936,2.251884,63.606052
11.759529,65.815637,2.254568,63.561069
11.762426,65.775526,2.258787,63.516740
11.765459,65.727236,2.261471,63.465765
11.768983,65.674158,2.264923,63.409235
11.771694,65.632483,2.269141,63.363341
11.774997,65.584941,2.272593,63.312349
11.777978,65.535404,2.275277,63.260127
11.780689,65.497097,2.277961,63.219135
11.783733,65.448081,2.281029,63.167052
11.786572,65.403063,2.284097,63.118965
11.789580,65.358194,2.287165,63.071028
11.792394,65.312144,2.291000,63.021144
11.795455,65.264938,2.295602,62.969336
11.798570,65.219878,2.297903,62.921974
11.801504,65.170089,2.301355,62.868735
11.804726,65.114842,2.305190,62.809652
11.809334,65.055143,2.309408,62.745734
11.810789,65.014810,2.313243,62.701567
11.814456,64.957399,2.316311,62.641088
11.817611,64.890539,2.321296,62.569243
11.820327,64.856079,2.325131,62.530947
11.823942,64.797056,2.328583,62.468473
11.828617,64.749772,2.332034,62.417738
11.829936,64.695873,2.337403,62.358470
11.833340,64.638835,2.341238,62.297596
11.836198,64.586326,2.344690,62.241636
11.839431,64.534769,2.348141,62.186628
11.842245,64.484058,2.353510,62.130548
11.845416,64.429896,2.356961,62.072934
11.848627,64.375259,2.360029,62.015230
11.851379,64.322727,2.363481,61.959246
11.854714,64.263830,2.368850,61.894980
11.857987,64.200547,2.372301,61.828246
11.861193,64.148913,2.375369,61.773544
11.864123,64.097285,2.379204,61.718081
11.868503,64.020616,2.384573,61.636043
11.869900,63.989955,2.387641,61.602314
11.873196,63.932454,2.391860,61.540595
11.876139,63.880197,2.395311,61.484886
11.879360,63.822739,2.398762,61.423976
11.882258,63.770140,2.404131,61.366009
11.885133,63.715474,2.406816,61.308658
11.888554,63.658848,2.411034,61.247814
11.891131,63.605920,2.414869,61.191051
11.894510,63.545250,2.417937,61.127313
11.897478,63.470109,2.422539,61.047570
11.900284,63.435373,2.427908,61.007465
11.903769,63.371365,2.432127,60.939238
11.906985,63.312570,2.435195,60.877376
11.910026,63.251912,2.440947,60.810965
11.913282,63.191596,2.444398,60.747197
11.916364,63.134209,2.448617,60.685592
11.919498,63.074246,2.452068,60.622178
11.922174,63.023415,2.455903,60.567512
11.925053,62.968305,2.459738,60.508567
11.928025,62.911452,2.465491,60.445962
11.931005,62.856415,2.469326,60.387089
11.934237,62.793420,2.473161,60.320259
11.938521,62.714252,2.476995,60.237256
11.939805,62.681595,2.482748,60.198847
11.943470,62.619553,2.486199,60.133353
11.946480,62.558960,2.490034,60.068926
11.949512,62.500903,2.494253,60.006650
11.952260,62.448693,2.497704,59.950989
11.955339,62.390983,2.501539,59.889444
11.958535,62.333651,2.507675,59.825976
11.961542,62.272987,2.511127,59.761860
11.964611,62.209297,2.514578,59.694719
11.967763,62.137433,2.518796,59.618637
11.970454,62.096675,2.525316,59.571359
11.973798,62.034920,2.529151,59.505769
11.976731,61.976563,2.532219,59.444344
11.979975,61.912855,2.536437,59.376418
11.982752,61.860789,2.539889,59.320901
11.985898,61.803049,2.543340,59.259709
11.988898,61.739928,2.549093,59.190836
11.991610,61.688031,2.553695,59.134336
11.995005,61.623184,2.557913,59.065271
11.998255,61.563976,2.563282,59.000694
12.001219,61.502527,2.567117,58.935410
12.004281,61.443241,2.571335,58.871906
12.008857,61.364822,2.575170,58.789652
12.010125,61.331218,2.580539,58.750679
12.013862,61.259193,2.584758,58.674436
12.018614,61.197504,2.588209,58.609295
12.019964,61.140897,2.592044,58.548853
12.022941,61.086327,2.597413,58.488914
12.025973,61.026214,2.601248,58.424966
12.029392,60.963452,2.605850,58.357603
12.031953,60.913640,2.609685,58.303955
12.034900,60.856337,2.613136,58.243201
12.037982,60.794798,2.616588,58.178211
12.040777,60.744668,2.622340,58.122328
12.044124,60.681554,2.626559,58.054995
12.048424,60.599821,2.629627,57.970195
12.049683,60.565378,2.633845,57.931533
12.053107,60.511593,2.638063,57.873530
12.055875,60.456244,2.641131,57.815113
12.059477,60.392704,2.646500,57.746203
12.061865,60.343431,2.650719,57.692712
12.065330,60.280753,2.654554,57.626199
12.068382,60.227351,2.658005,57.569346
12.071047,60.173315,2.661840,57.511474
12.074295,60.113357,2.667593,57.445765
12.078876,60.036365,2.671428,57.364937
12.080743,59.998081,2.676796,57.321285
12.084946,59.918230,2.682932,57.235298
12.088320,59.855541,2.686384,57.169157
12.090999,59.803553,2.690219,57.113334
12.094210,59.745412,2.694054,57.051358
12.098479,59.668881,2.696738,56.972142
12.100113,59.638033,2.702874,56.935159
12.103449,59.577824,2.706709,56.871115
12.106377,59.524429,2.710161,56.814268
12.109537,59.467875,2.713229,56.754647
12.112436,59.415504,2.717447,56.698057
12.115310,59.364871,2.720898,56.643972
12.118385,59.314735,2.723583,56.591152
12.121218,59.262771,2.729335,56.533436
12.124217,59.207056,2.733170,56.473886
12.128376,59.134624,2.737005,56.397619
12.130196,59.101523,2.742758,56.358766
12.134080,59.039056,2.745826,56.293230
12.138655,58.960799,2.748894,56.211905
12.140124,58.928759,2.753879,56.174880
12.143760,58.869736,2.757714,56.112023
12.146702,58.819972,2.761165,56.058807
12.149772,58.766690,2.764233,56.002457
12.152831,58.716974,2.769986,55.946988
12.155778,58.667239,2.773437,55.893802
12.159424,58.608133,2.776122,55.832011
12.161975,58.561988,2.779573,55.782414
12.164821,58.516010,2.783025,55.732985
12.167880,58.458402,2.788394,55.670008
12.170955,58.419214,2.791462,55.627752
12.174228,58.363948,2.794913,55.569035
12.178566,58.296609,2.798364,55.498244
12.180001,58.268428,2.802966,55.465462
12.183625,58.216195,2.805651,55.410544
12.188490,58.140107,2.809486,55.330621
12.190039,58.113592,2.814471,55.299121
12.193363,58.059207,2.817923,55.241285
12.196420,58.014015,2.820607,55.193408
12.199486,57.967678,2.824059,55.143619
12.202528,57.923438,2.827894,55.095545
12.205482,57.876981,2.830962,55.046020
12.208772,57.828571,2.834796,54.993775
12.211584,57.785859,2.837097,54.948762
12.215117,57.736736,2.842083,54.894653
12.218375,57.691453,2.845151,54.846303
12.221155,57.647921,2.847835,54.800085
12.224252,57.602069,2.849753,54.752316
12.228445,57.543838,2.854738,54.689100
12.230563,57.511900,2.857039,54.654861
12.234178,57.462788,2.860491,54.602298
12.238354,57.404821,2.863559,54.541262
12.240157,57.379924,2.866627,54.513297
12.244073,57.327804,2.868928,54.458877
12.248484,57.291025,2.871996,54.419029
12.249707,57.252483,2.875063,54.377420
12.252831,57.212079,2.878131,54.333947
12.255884,57.172950,2.880816,54.292134
12.259460,57.132114,2.882733,54.249380
12.261854,57.100703,2.885418,54.215285
12.264990,57.061712,2.888486,54.173227
12.267755,57.017545,2.891554,54.125991
12.270590,56.988788,2.893855,54.094934
12.273913,56.948887,2.896539,54.052348
12.278898,56.913228,2.899224,54.014004
12.279982,56.878396,2.902292,53.976104
12.283383,56.839968,2.904593,53.935376
12.286397,56.802697,2.906894,53.895804
12.289517,56.764743,2.909578,53.855165
12.292286,56.733213,2.912646,53.820567
12.295449,56.700616,2.914947,53.785669
12.298610,56.670242,2.916864,53.753377
12.301293,56.641929,2.919165,53.722764
12.304596,56.607205,2.920699,53.686505
12.309357,56.576160,2.923767,53.652392
12.310009,56.543646,2.926452,53.617195
12.313698,56.507154,2.928753,53.578402
12.316639,56.476529,2.930287,53.546242
12.319869,56.445484,2.932204,53.513279
12.322506,56.420437,2.934505,53.485931
12.325589,56.392801,2.937190,53.455611
12.328684,56.366310,2.939107,53.427203
12.331688,56.336343,2.940641,53.395702
12.334858,56.305256,2.942175,53.363081
12.338053,56.276794,2.945243,53.331551
12.341041,56.252250,2.946394,53.305856
12.344300,56.225369,2.947928,53.277442
12.348357,56.192209,2.949845,53.242364
12.349997,56.178859,2.952146,53.226713
12.353659,56.151391,2.953680,53.197711
12.356987,56.125301,2.955597,53.169704
12.359983,56.101674,2.957131,53.144543
12.362770,56.080846,2.959816,53.121030
12.365650,56.055595,2.960966,53.094628
12.369393,56.028295,2.962884,53.065411
12.371850,56.010235,2.964034,53.046200
12.374919,55.990970,2.965185,53.025785
12.378043,55.969015,2.967486,53.001529
12.380926,55.950679,2.968636,52.982043
12.384126,55.931306,2.969787,52.961520
12.388629,55.913803,2.970937,52.942866
12.389963,55.895683,2.971704,52.923979
12.392967,55.880278,2.973238,52.907039
12.395944,55.865243,2.974772,52.890471
12.399423,55.848130,2.975156,52.872974
12.402142,55.836325,2.975923,52.860403
12.405089,55.821843,2.977073,52.844769
12.408390,55.806233,2.978607,52.827626
12.411250,55.792523,2.979374,52.813149
12.414549,55.774313,2.980141,52.794172
12.417687,55.756223,2.981675,52.774548
12.420469,55.746384,2.982826,52.763558
12.423902,55.731110,2.983593,52.747517
12.428782,55.717352,2.984743,52.732609
12.429741,55.705637,2.985894,52.719744
12.433286,55.694468,2.986661,52.707808
12.436262,55.685480,2.987044,52.698436
12.439397,55.675743,2.987811,52.687932
12.442275,55.669008,2.988195,52.680813
12.445295,55.663789,2.988195,52.675594
12.448499,55.658647,2.988578,52.670069
12.451082,55.651930,2.989729,52.662202
12.454362,55.645758,2.990112,52.655646
12.458415,55.638238,2.990496,52.647743
12.460322,55.635961,2.990879,52.645082
12.463748,55.632048,2.990496,52.641553
12.468620,55.631078,2.990879,52.640199
12.469974,55.630119,2.990879,52.639240
12.473000,55.630209,2.990879,52.639330
12.475916,55.628819,2.991263,52.637556
12.479450,55.628345,2.990879,52.637466
12.481826,55.627171,2.990879,52.636292
12.485096,55.625757,2.991646,52.634111
12.487957,55.624336,2.991263,52.633074
12.490884,55.623665,2.991646,52.632019
12.494091,55.622988,2.991263,52.631726
12.498553,55.623797,2.991263,52.632535
12.499942,55.624259,2.991646,52.632613
12.503607,55.625139,2.991263,52.633877
12.506507,55.626392,2.991263,52.635129
12.509988,55.628357,2.991263,52.637095
12.512901,55.629669,2.990879,52.638790
12.515769,55.631869,2.990496,52.641373
12.518843,55.635590,2.990112,52.645478
12.522036,55.639401,2.990496,52.648905
12.525044,55.643811,2.990112,52.653699
12.528300,55.646813,2.989729,52.657084
12.531105,55.651049,2.989345,52.661704
12.534245,55.654651,2.989345,52.665306
12.537570,55.661014,2.988962,52.672053
12.540326,55.663207,2.988962,52.674246
12.543644,55.668954,2.988578,52.680376
12.546480,55.675653,2.987428,52.688225
12.549538,55.686217,2.987044,52.699173
12.552406,55.696637,2.986277,52.710360
12.555553,55.707357,2.985510,52.721847
12.558837,55.719743,2.983593,52.736150
12.561873,55.732428,2.983209,52.749219
12.565175,55.745383,2.982826,52.762558
12.568186,55.756732,2.981292,52.775441
12.571036,55.767668,2.980525,52.787143
12.574223,55.780317,2.979374,52.800943
12.578472,55.800720,2.978991,52.821730
12.579761,55.809235,2.977840,52.831395
12.583446,55.827110,2.977073,52.850036
12.586438,55.845278,2.975156,52.870122
12.589519,55.864003,2.973622,52.890381
12.592420,55.883765,2.972471,52.911294
12.595437,55.903791,2.971321,52.932470
12.598632,55.924002,2.969403,52.954599
12.602076,55.947042,2.967486,52.979556
12.605706,55.972185,2.966335,53.005849
12.609382,55.995925,2.964418,53.031507
12.611828,56.010282,2.963267,53.047015
12.614693,56.028744,2.962117,53.066627
12.617719,56.055481,2.959816,53.095665
12.621191,56.075938,2.958282,53.117656
12.624831,56.104484,2.956748,53.147736
12.628197,56.131287,2.954064,53.177224
12.631099,56.156418,2.952530,53.203889
12.634284,56.184078,2.950612,53.233466
12.638381,56.222661,2.948695,53.273966
12.639792,56.239547,2.946010,53.293537
12.643208,56.268033,2.944476,53.323557
12.646231,56.294986,2.942559,53.352427
12.649430,56.324203,2.940641,53.383562
12.652073,56.351312,2.938724,53.412588
12.655006,56.377683,2.937573,53.440110
12.658194,56.406469,2.935272,53.471197
12.661016,56.431126,2.932588,53.498539
12.664182,56.460805,2.931054,53.529752
12.667515,56.504470,2.927986,53.576484
12.670473,56.526629,2.925301,53.601327
12.674000,56.566566,2.922233,53.644333
12.678406,56.614563,2.921083,53.693480
12.679997,56.631922,2.918782,53.713140
12.683113,56.664453,2.915330,53.749123
12.685990,56.696301,2.913413,53.782888
12.689458,56.733908,2.911112,53.822796
12.692134,56.769705,2.908044,53.861661
12.695054,56.804843,2.906127,53.898716
12.698420,56.843498,2.902675,53.940823
12.701275,56.879810,2.899991,53.979819
12.704599,56.918273,2.897306,54.020967
12.709083,56.963789,2.894622,54.069168
12.710958,56.996740,2.891554,54.105186
12.714529,57.040458,2.887335,54.153123
12.717902,57.092110,2.884651,54.207460
12.721156,57.126235,2.882350,54.243886
12.724341,57.168384,2.880049,54.288335
12.728460,57.219706,2.876214,54.343492
12.729676,57.246329,2.873530,54.372800
12.733397,57.289107,2.870845,54.418262
12.736248,57.328793,2.868161,54.460632
12.739411,57.370132,2.865860,54.504273
12.742117,57.408650,2.863175,54.545475
12.745108,57.448791,2.858957,54.589834
12.748361,57.492695,2.856272,54.636423
12.751446,57.538828,2.853588,54.685241
12.754497,57.583224,2.850520,54.732704
12.757668,57.639202,2.845918,54.793284
12.760691,57.675011,2.843233,54.831778
12.764063,57.722115,2.840932,54.881183
12.768487,57.786105,2.837481,54.948624
12.770044,57.810223,2.832879,54.977344
12.773393,57.862259,2.829811,55.032448
12.778439,57.908494,2.827127,55.081367
12.779520,57.956616,2.822525,55.134092
12.782851,58.005536,2.819840,55.185696
12.785874,58.053791,2.816772,55.237018
12.789412,58.108283,2.813321,55.294962
12.791871,58.150725,2.810253,55.340472
12.794786,58.196637,2.805651,55.390986
12.797945,58.247024,2.802583,55.444441
12.801466,58.300210,2.799515,55.500695
12.804475,58.351724,2.795680,55.556044
12.809103,58.415780,2.790695,55.625085
12.810586,58.452398,2.786093,55.666305
12.814440,58.512702,2.782641,55.730061
12.817616,58.580114,2.779573,55.800541
12.820509,58.616791,2.775738,55.841053
12.823888,58.674076,2.771136,55.902940
12.828452,58.748894,2.767685,55.981209
12.829606,58.778489,2.765000,56.013488
12.833301,58.832591,2.760015,56.072576
12.838726,58.888300,2.755796,56.132504
12.839519,58.939455,2.751962,56.187493
12.843115,59.001791,2.748894,56.252897
12.846052,59.051597,2.745826,56.305771
12.849395,59.109295,2.740073,56.369222
12.852129,59.155380,2.735855,56.419526
12.855014,59.210568,2.732787,56.477781
12.858226,59.267709,2.728952,56.538757
12.861053,59.313812,2.723199,56.590613
12.864203,59.371726,2.719748,56.651978
12.868574,59.448527,2.717063,56.731463
12.870084,59.482166,2.713612,56.768554
12.873580,59.542471,2.709777,56.832694
12.878779,59.595711,2.703641,56.892070
12.880002,59.659515,2.700190,56.959325
12.883119,59.715727,2.695588,57.020139
12.886028,59.770549,2.692520,57.078029
12.889475,59.828600,2.687534,57.141066
12.891990,59.879288,2.684083,57.195205
12.895127,59.936518,2.679864,57.256654
12.898163,59.996475,2.675646,57.320829
12.901199,60.049601,2.669510,57.380091
12.904480,60.112435,2.666059,57.446376
12.909126,60.186192,2.662607,57.523584
12.910679,60.230330,2.657238,57.573091
12.914445,60.298292,2.653403,57.644889
12.917878,60.374236,2.649568,57.724668
12.920546,60.414245,2.643432,57.770813
12.923542,60.472093,2.639597,57.832496
12.926579,60.531523,2.635762,57.895761
12.929814,60.591181,2.632695,57.958486
12.932653,60.645397,2.628860,58.016538
12.935674,60.702316,2.622724,58.079593
12.938890,60.767067,2.618505,58.148562
12.942060,60.824286,2.614670,58.209615
12.944865,60.878712,2.610835,58.267877
12.947935,60.945530,2.607767,58.337763
12.950866,60.993497,2.601631,58.391866
12.954500,61.059075,2.595879,58.463196
12.958574,61.132790,2.592044,58.540746
12.961545,61.197055,2.588593,58.608462
12.964375,61.253878,2.584374,58.669504
12.968435,61.332651,2.580923,58.751728
12.969637,61.365709,2.575554,58.790155
12.973316,61.424845,2.571335,58.853510
12.976377,61.486019,2.566733,58.919285
12.979564,61.546293,2.563282,58.983011
12.982122,61.596010,2.559447,59.036563
12.985111,61.650628,2.556379,59.094249
12.988035,61.711718,2.550243,59.161474
12.991356,61.772783,2.546025,59.226759
12.994416,61.832914,2.542190,59.290724
12.997596,61.909625,2.538355,59.371270
13.000337,61.948160,2.532219,59.415942
13.003868,62.013348,2.528767,59.484581
13.006732,62.071334,2.524549,59.546785
13.009919,62.129074,2.520714,59.608360
13.012568,62.181188,2.516495,59.664692
13.015364,62.237549,2.512661,59.724889
13.018547,62.292743,2.508059,59.784684
13.021161,62.348409,2.502306,59.846103
13.024460,62.410572,2.499238,59.911333
13.027634,62.486456,2.495020,59.991436
13.030371,62.524865,2.491185,60.033680
13.033684,62.586913,2.487350,60.099564
13.036571,62.643545,2.481597,60.161948
13.039805,62.705431,2.477762,60.227669
13.042501,62.754789,2.473928,60.280861
13.045419,62.812139,2.470093,60.342046
13.048714,62.869789,2.466258,60.403532
13.051247,62.924198,2.462423,60.461775
13.054572,62.983597,2.458588,60.525010
13.057555,63.057456,2.452835,60.604621
13.060347,63.096045,2.448617,60.647428
13.063890,63.162132,2.445165,60.716967
13.068539,63.215097,2.442481,60.772616
13.069980,63.276300,2.436345,60.839955
13.073010,63.330750,2.432510,60.898240
13.075960,63.386723,2.428675,60.958048
13.079398,63.448579,2.425224,61.023356
13.082062,63.496960,2.421772,61.075187
13.084918,63.552896,2.416020,61.136876
13.087940,63.617599,2.412185,61.205414
13.091007,63.665068,2.409117,61.255951
13.094305,63.723971,2.405665,61.318305
13.098404,63.798818,2.401063,61.397755
13.099701,63.830774,2.394928,61.435847
13.103279,63.887795,2.392243,61.495552
13.106306,63.942144,2.388792,61.553352
13.106306,63.942144,2.385724,61.556420
13.113010,64.051931,2.379588,61.672343
13.115316,64.109785,2.375369,61.734416
13.118493,64.165314,2.372301,61.793013
13.121145,64.214269,2.368466,61.845803
13.124546,64.271093,2.364248,61.906845
13.127658,64.329564,2.361563,61.968000
13.130704,64.382636,2.357345,62.025291
13.134020,64.440909,2.353510,62.087399
13.138604,64.509321,2.348141,62.161180
13.139847,64.541289,2.345457,62.195832
13.143144,64.593978,2.342005,62.251972
13.145996,64.646600,2.338554,62.308047
13.149525,64.699463,2.335486,62.363977
13.151766,64.743397,2.332418,62.410979
13.154770,64.790741,2.328583,62.462158
13.158034,64.840367,2.323597,62.516770
13.160731,64.891162,2.320146,62.571016
13.163993,64.947081,2.316694,62.630386
13.168628,65.011682,2.313627,62.698055
13.169912,65.041648,2.310559,62.731090
13.173165,65.092324,2.307107,62.785216
13.176009,65.141195,2.303272,62.837923
13.179554,65.191499,2.300588,62.890911
13.181869,65.233024,2.297136,62.935888
13.185008,65.280632,2.294452,62.986180
13.188211,65.327915,2.289850,63.038066
13.190969,65.374270,2.287165,63.087105
13.194256,65.427385,2.284097,63.143287
13.198842,65.484951,2.281413,63.203538
13.200069,65.515517,2.277961,63.237555
13.203242,65.562962,2.275277,63.287685
13.206106,65.604925,2.270675,63.334250
13.209604,65.650824,2.267991,63.382834
13.212183,65.694944,2.264539,63.430405
13.215267,65.739490,2.261471,63.478019
13.218424,65.784478,2.258403,63.526075
13.221087,65.825860,2.256102,63.569758
13.224027,65.867553,2.253034,63.614519
13.228483,65.924676,2.249199,63.675477
13.229970,65.951485,2.245748,63.705737
13.233255,65.997330,2.242680,63.754650
13.236265,66.040270,2.240379,63.799891
13.239735,66.081406,2.238078,63.843328
13.242032,66.116178,2.233860,63.882318
13.245090,66.154114,2.231175,63.922939
13.248241,66.198138,2.228491,63.969647
13.250940,66.234774,2.225806,64.008968
13.254034,66.276623,2.221971,64.054651
13.257903,66.327154,2.219287,64.107867
13.260981,66.366007,2.216986,64.149021
13.264852,66.415052,2.213151,64.201902
13.268405,66.459268,2.208932,64.250336
13.271221,66.493561,2.206631,64.286930
13.274108,66.530257,2.204714,64.325543
13.278498,66.574179,2.202029,64.372150
13.280233,66.597404,2.198961,64.398443
13.283577,66.638402,2.195893,64.442509
13.288422,66.691948,2.192826,64.499122
13.289819,66.713460,2.189758,64.523702
13.293272,66.752025,2.187840,64.564185
13.296392,66.785101,2.185539,64.599562
13.299589,66.816212,2.183622,64.632591
13.302574,66.849121,2.180170,64.668951
13.305703,66.881047,2.178636,64.702411
13.305703,66.881047,2.176719,64.704328
13.313390,66.948902,2.173651,64.775251
13.315543,66.982547,2.171733,64.810814
13.319403,67.018093,2.169432,64.848660
13.321542,67.043841,2.167131,64.876709
13.324403,67.072483,2.165214,64.907269
13.328307,67.104852,2.163296,64.941556
13.330017,67.124728,2.160995,64.963733
13.333700,67.154347,2.158694,64.995653
13.338631,67.179916,2.157160,65.022755
13.343455,67.206065,2.154860,65.051206
13.343455,67.232700,2.152559,65.080142
13.347986,67.275460,2.150641,65.124819
13.351344,67.303365,2.148340,65.155025
13.354056,67.328113,2.146806,65.181306
13.358617,67.358738,2.145272,65.213466
13.360646,67.373497,2.144505,65.228992
13.364182,67.396441,2.142204,65.254236
13.368483,67.427246,2.140670,65.286576
13.369837,67.439949,2.138369,65.301580
13.373476,67.465991,2.137219,65.328772
13.378508,67.501500,2.134918,65.366583
13.379874,67.516145,2.133767,65.382378
13.383950,67.543187,2.131850,65.411338
13.388674,67.568840,2.129932,65.438907
13.391513,67.585060,2.128398,65.456662
13.394563,67.599963,2.127631,65.472331
13.397883,67.611258,2.127248,65.484010
13.401045,67.623050,2.126481,65.496569
13.403943,67.634315,2.125330,65.508985
13.406882,67.651339,2.123796,65.527543
13.409612,67.664827,2.123029,65.541798
13.412496,67.680419,2.122262,65.558156
13.415252,67.697952,2.121112,65.576840
13.418236,67.713250,2.120728,65.592521
13.421018,67.729938,2.119194,65.610743
13.423800,67.746020,2.118044,65.627976
13.428555,67.763571,2.116893,65.646678
13.430659,67.771367,2.116510,65.654857
13.433996,67.777797,2.115743,65.662054
13.438648,67.786234,2.115360,65.670874
13.440613,67.791285,2.114593,65.676692
13.443612,67.797421,2.114209,65.683212
13.446506,67.803707,2.113442,65.690264
13.449676,67.814223,2.113059,65.701164
13.452440,67.821126,2.112675,65.708451
13.455526,67.826704,2.111525,65.715180
13.459534,67.838053,2.111525,65.726529
13.462095,67.844141,2.111141,65.733000
13.465555,67.845585,2.111141,65.734444
13.469416,67.845478,2.110758,65.734720
13.471593,67.845280,2.111141,65.734139
13.474636,67.845010,2.111525,65.733486
13.477732,67.844986,2.111525,65.733462
13.481327,67.845478,2.111141,65.734336
13.484148,67.846748,2.110374,65.736374
13.488523,67.847095,2.110758,65.736338
13.489649,67.847233,2.111141,65.736092
13.493104,67.847623,2.110374,65.737249
13.496007,67.846730,2.110758,65.735972
13.499587,67.846706,2.110758,65.735948
13.502005,67.845484,2.111141,65.734342
13.505074,67.845070,2.110758,65.734313
13.508954,67.843985,2.110758,65.733228
13.510868,67.843057,2.111141,65.731916
13.514455,67.841535,2.111141,65.730394
13.517874,67.838503,2.111525,65.726978
13.520849,67.835159,2.111525,65.723635
13.524259,67.832313,2.111525,65.720788
13.528402,67.827933,2.111525,65.716408
13.529733,67.826794,2.111141,65.715653
13.533502,67.824194,2.111525,65.712669
13.536273,67.821407,2.111908,65.709499
13.539392,67.816721,2.111908,65.704813
13.542124,67.810567,2.112292,65.698276
13.545094,67.798463,2.112675,65.685788
13.548459,67.789997,2.113826,65.676171
13.551068,67.775412,2.114209,65.661203
13.554455,67.762780,2.115360,65.647421
13.557649,67.744990,2.115743,65.629247
13.560713,67.737380,2.116893,65.620486
13.564164,67.725108,2.117660,65.607447
13.568662,67.712566,2.118427,65.594139
13.569894,67.706365,2.118811,65.587554
13.573511,67.697209,2.119961,65.577247
13.576310,67.687244,2.121495,65.565748
13.579590,67.672126,2.121879,65.550247
13.582441,67.659021,2.123029,65.535992
13.585718,67.639085,2.123796,65.515289
13.588755,67.615219,2.125330,65.489888
13.591706,67.592491,2.128015,65.464476
13.594950,67.565808,2.130316,65.435492
13.598069,67.539005,2.132233,65.406772
13.601524,67.514647,2.133384,65.381263
13.604563,67.497426,2.134918,65.362508
13.609433,67.482356,2.135685,65.346671
13.610231,67.467573,2.136452,65.331121
13.613803,67.450250,2.137986,65.312264
13.618472,67.422932,2.138753,65.284179
13.620046,67.412559,2.140287,65.272273
13.623350,67.383588,2.143355,65.240233
13.626429,67.355898,2.145272,65.210626
13.629527,67.324601,2.146806,65.177795
13.632297,67.296642,2.148724,65.147918
13.635231,67.267173,2.151025,65.116148
13.638433,67.238890,2.152559,65.086331
13.641196,67.213244,2.154860,65.058384
13.644402,67.185255,2.156777,65.028478
13.647656,67.152178,2.158311,64.993867
13.650635,67.133051,2.160995,64.972056
13.654259,67.101527,2.162146,64.939381
13.658551,67.062458,2.164063,64.898395
13.660082,67.042906,2.167515,64.875391
13.663779,67.009752,2.169049,64.840703
13.666948,66.977376,2.170966,64.806410
13.670047,66.944402,2.173267,64.771134
13.673356,66.913051,2.175568,64.737483
13.676092,66.880538,2.178636,64.701901
13.679376,66.843195,2.180554,64.662641
13.681881,66.814151,2.182855,64.631296
13.684726,66.783112,2.184772,64.598340
13.687836,66.740454,2.187840,64.552614
13.690600,66.715185,2.191292,64.523894
13.694297,66.671305,2.193593,64.477713
13.697673,66.622206,2.196277,64.425929
13.700412,66.599442,2.199728,64.399713
13.703963,66.560439,2.201262,64.359177
13.706942,66.524528,2.203563,64.320965
13.710075,66.485334,2.205864,64.279470
13.712859,66.451227,2.208549,64.242678
13.715986,66.411032,2.212767,64.198264
13.719397,66.365330,2.214301,64.151029
13.722091,66.333074,2.217369,64.115705
13.724726,66.296768,2.220437,64.076331
13.727815,66.248220,2.222355,64.025865
13.730485,66.218343,2.226190,63.992154
13.733763,66.173690,2.228491,63.945200
13.736559,66.135754,2.232326,63.903429
13.739822,66.091814,2.235010,63.856804
13.742632,66.056760,2.238078,63.818682
13.746070,66.007475,2.240379,63.767096
13.749469,65.959820,2.245364,63.714455
13.751956,65.920445,2.248049,63.672397
13.755001,65.879010,2.250733,63.628277
13.757905,65.829707,2.253418,63.576289
13.760654,65.796624,2.256486,63.540139
13.764065,65.746962,2.259554,63.487408
13.767115,65.703273,2.263772,63.439501
13.770036,65.656427,2.266457,63.389970
13.772961,65.614524,2.269525,63.345000
13.775752,65.571183,2.272976,63.298207
13.778737,65.525739,2.275277,63.250462
13.781548,65.483453,2.278728,63.204724
13.784923,65.431992,2.283330,63.148662
13.788218,65.377446,2.286782,63.090664
13.791223,65.330971,2.289850,63.041122
13.794580,65.277690,2.294452,62.983238
13.797935,65.215641,2.297903,62.917738
13.800859,65.177160,2.300971,62.876189
13.804372,65.121595,2.305957,62.815638
13.807249,65.071585,2.308258,62.763327
13.810304,65.021359,2.312093,62.709266
13.813806,64.966849,2.315544,62.651305
13.818477,64.921141,2.320913,62.600228
13.819760,64.865960,2.323981,62.541979
13.823154,64.810473,2.327432,62.483040
13.826195,64.759378,2.331267,62.428111
13.829484,64.707738,2.337403,62.370335
13.832173,64.658321,2.340471,62.317850
13.835216,64.606195,2.343923,62.262273
13.838709,64.548887,2.346991,62.201896
13.841486,64.497678,2.351976,62.145702
13.844706,64.441628,2.355811,62.085817
13.848071,64.374894,2.359262,62.015631
13.850868,64.330654,2.364631,61.966023
13.854252,64.274089,2.368083,61.906006
13.858415,64.199697,2.371151,61.828546
13.859957,64.168897,2.374602,61.794295
13.863497,64.107939,2.378437,61.729502
13.866468,64.056473,2.383423,61.673050
13.869560,64.000087,2.386874,61.613213
13.872682,63.946152,2.389942,61.556210
13.875494,63.893595,2.394161,61.499435
13.878950,63.836203,2.399146,61.437057
13.881817,63.776072,2.402597,61.373475
13.885158,63.717278,2.406049,61.311229
13.888390,63.659999,2.410267,61.249732
13.890995,63.609851,2.415636,61.194215
13.894798,63.537820,2.419471,61.118349
13.898168,63.473602,2.423306,61.050296
13.900935,63.423958,2.428292,60.995666
13.904099,63.365990,2.432127,60.933863
13.907030,63.309730,2.435961,60.873769
13.910061,63.252032,2.441330,60.810702
13.913413,63.188911,2.445549,60.743362
13.916362,63.135491,2.449384,60.686108
13.919595,63.073515,2.452835,60.620680
13.922443,63.020766,2.456670,60.564096
13.925519,62.962170,2.460889,60.501281
13.928742,62.906671,2.466258,60.440413
13.931314,62.851351,2.470093,60.381259
13.934627,62.788458,2.474311,60.314147
13.937698,62.713575,2.477762,60.235812
13.940518,62.673362,2.483515,60.189847
13.943912,62.609270,2.487350,60.121920
13.948690,62.550428,2.491185,60.059243
13.950023,62.491178,2.495020,59.996158
13.953032,62.436835,2.499622,59.937213
13.956019,62.376542,2.504607,59.871935
13.959518,62.313733,2.508059,59.805674
13.962053,62.260805,2.511894,59.748911
13.965012,62.205006,2.516112,59.688894
13.968134,62.142053,2.521864,59.620189
13.971332,62.082156,2.526466,59.555690
13.974762,62.017621,2.529918,59.487703
13.977988,61.944092,2.533369,59.410722
13.980978,61.895597,2.538738,59.356859
13.983947,61.837714,2.542573,59.295141
13.986904,61.779321,2.546408,59.232912
13.989807,61.723348,2.550243,59.173105
13.992540,61.669689,2.554845,59.114844
13.995771,61.612434,2.558296,59.054138
13.998717,61.557978,2.561748,58.996230
14.001588,61.497200,2.567500,58.929700
14.004948,61.431245,2.571719,58.859526
14.009050,61.363983,2.575937,58.788046
14.010878,61.316700,2.579005,58.737694
14.014168,61.256143,2.585141,58.671002
14.018386,61.171097,2.589360,58.581738
14.019816,61.137344,2.593195,58.544149
14.023544,61.073276,2.595879,58.477397
14.028560,61.017885,2.602015,58.415870
14.029597,60.957442,2.606233,58.351209
14.032867,60.895724,2.610068,58.285655
14.035910,60.835563,2.615437,58.220126
14.039549,60.771537,2.618889,58.152648
14.042417,60.711616,2.623107,58.088509
14.045464,60.655416,2.627326,58.028090
14.048570,60.600858,2.630777,57.970081
14.051249,60.547079,2.636529,57.910549
14.054542,60.483340,2.640364,57.842976
14.057727,60.409979,2.644199,57.765780
14.060386,60.371216,2.647651,57.723565
14.063943,60.308413,2.653020,57.655393
14.068830,60.252464,2.656855,57.595610
14.070018,60.192058,2.661073,57.530985
14.073205,60.132814,2.664908,57.467906
14.076097,60.078747,2.669127,57.409620
14.079504,60.019893,2.674112,57.345781
14.082160,59.968876,2.678330,57.290545
14.085307,59.907175,2.681782,57.225393
14.088506,59.847481,2.686767,57.160714
14.091521,59.793696,2.690602,57.103094
14.094722,59.736603,2.694821,57.041783
14.097809,59.667700,2.697889,56.969811
14.100664,59.627116,2.704025,56.923091
14.104416,59.558230,2.707476,56.850754
14.109584,59.504978,2.710928,56.794051
14.110585,59.448347,2.716680,56.731667
14.114264,59.383560,2.720131,56.663429
14.117534,59.309318,2.723966,56.585351
14.120247,59.277757,2.727034,56.550723
14.123171,59.225272,2.730486,56.494787
14.126099,59.173632,2.735855,56.437778
14.129419,59.117576,2.739690,56.377887
14.131955,59.071653,2.743908,56.327745
14.134789,59.021295,2.746976,56.274319
14.138134,58.963855,2.750428,56.213427
14.140670,58.921185,2.753496,56.167689
14.143743,58.870270,2.756180,56.114090
14.146639,58.821362,2.761932,56.059430
14.149813,58.765438,2.765000,56.000437
14.152472,58.722175,2.768835,55.953339
14.155467,58.672902,2.771903,55.900998
14.158732,58.622274,2.775355,55.846919
14.161464,58.571263,2.778806,55.792457
14.164715,58.517167,2.784175,55.732991
14.167813,58.457677,2.787243,55.670434
14.170788,58.422180,2.790311,55.631869
14.174124,58.364823,2.793763,55.571061
14.177028,58.320092,2.797597,55.522495
14.180076,58.269465,2.801432,55.468032
14.182765,58.228586,2.805267,55.423319
14.185705,58.182393,2.808335,55.374058
14.188772,58.131245,2.811020,55.320225
14.191555,58.089246,2.814088,55.275158
14.194827,58.038169,2.819457,55.218712
14.197963,57.984384,2.822908,55.161476
14.200782,57.949126,2.825976,55.123150
14.203974,57.902879,2.829044,55.073835
14.206891,57.856710,2.831345,55.025365
14.209851,57.813141,2.834413,54.978728
14.212734,57.770076,2.839015,54.931061
14.215912,57.724063,2.842466,54.881596
14.219422,57.673771,2.845151,54.828620
14.221846,57.637369,2.848219,54.789150
14.224800,57.593920,2.850903,54.743017
14.227866,57.542406,2.853588,54.688818
14.230818,57.509497,2.857806,54.651691
14.234107,57.463388,2.860107,54.603281
14.238839,57.422941,2.863175,54.559766
14.240092,57.382644,2.865476,54.517168
14.243308,57.339243,2.869695,54.469549
14.246225,57.301265,2.872379,54.428886
14.249410,57.258469,2.875063,54.383406
14.252163,57.222145,2.877748,54.344397
14.255036,57.183286,2.879665,54.303621
14.258117,57.144703,2.882733,54.261970
14.260753,57.112076,2.885801,54.226275
14.264141,57.071366,2.888102,54.183263
14.267023,57.033352,2.890403,54.142948
14.270145,56.994906,2.893471,54.101435
14.272976,56.959888,2.896156,54.063733
14.275789,56.926033,2.898840,54.027193
14.278986,56.887288,2.901525,53.985763
14.282047,56.854170,2.904209,53.949960
14.285477,56.813609,2.906510,53.907099
14.288275,56.777848,2.908811,53.869037
14.291026,56.745629,2.911112,53.834516
14.294289,56.711054,2.914180,53.796874
14.298548,56.669433,2.916097,53.753335
14.300388,56.652361,2.918398,53.733963
14.303552,56.617859,2.920699,53.697159
14.306485,56.586370,2.922617,53.663753
14.309606,56.552802,2.924534,53.628268
14.312282,56.522764,2.927219,53.595545
14.315086,56.491018,2.930287,53.560731
14.318309,56.458486,2.931821,53.526666
14.321310,56.430623,2.933738,53.496885
14.324534,56.402412,2.935656,53.466757
14.327605,56.364800,2.937190,53.427610
14.330259,56.348070,2.940258,53.407812
14.333418,56.318139,2.941792,53.376348
14.336592,56.290414,2.943709,53.346705
14.339582,56.263132,2.945243,53.317889
14.342517,56.239792,2.947928,53.291865
14.345549,56.214991,2.949462,53.265529
14.348830,56.192509,2.950612,53.241897
14.351284,56.169253,2.952146,53.217107
14.354612,56.143140,2.954064,53.189076
14.357596,56.112376,2.956364,53.156012
14.360304,56.096892,2.958282,53.138610
14.363888,56.068520,2.960199,53.108320
14.366876,56.044306,2.961350,53.082956
14.370070,56.020032,2.962884,53.057148
14.372960,56.002487,2.964418,53.038069
14.376003,55.983012,2.966335,53.016677
14.379469,55.962238,2.967486,52.994752
14.382137,55.943548,2.968253,52.975295
14.385066,55.925123,2.969787,52.955336
14.388235,55.906403,2.970554,52.935849
14.390962,55.891902,2.972855,52.919048
14.394222,55.872668,2.973622,52.899046
14.398618,55.851114,2.974389,52.876725
14.399840,55.843935,2.975923,52.868013
14.403465,55.828218,2.977457,52.850761
14.406490,55.814562,2.977840,52.836722
14.409597,55.797934,2.978607,52.819327
14.412566,55.782235,2.980525,52.801710
14.415496,55.768519,2.980525,52.787994
14.418615,55.753988,2.981675,52.772313
14.421344,55.741764,2.983593,52.758171
14.424760,55.725591,2.983976,52.741615
14.428077,55.710893,2.985510,52.725382
14.431039,55.700940,2.986277,52.714663
14.434538,55.690615,2.986661,52.703955
14.437697,55.677984,2.987428,52.690556
14.440574,55.671812,2.988195,52.683617
14.444224,55.665562,2.988578,52.676984
14.448541,55.657389,2.989345,52.668044
14.450113,55.653147,2.989729,52.663418
14.454033,55.645417,2.989729,52.655688
14.458453,55.638100,2.990496,52.647605
14.460113,55.634787,2.990496,52.644291
14.463659,55.632234,2.990879,52.641355
14.466500,55.630718,2.990496,52.640223
14.469603,55.630802,2.990496,52.640306
14.472459,55.630814,2.990879,52.639935
14.475578,55.629927,2.990496,52.639432
14.478825,55.628663,2.991263,52.637400
14.481440,55.626871,2.991646,52.635225
14.484974,55.625595,2.990879,52.634716
14.491476,55.623510,2.990879,52.632631
14.491476,55.622713,2.991646,52.631067
14.495953,55.622036,2.991646,52.630389
14.499435,55.622119,2.991263,52.630857
14.502070,55.623000,2.991646,52.631354
14.505091,55.623707,2.991646,52.632061
14.508330,55.625044,2.991263,52.633781
14.511535,55.626643,2.991263,52.635381
14.514694,55.629322,2.990879,52.638443
14.517848,55.633612,2.990496,52.643117
14.521352,55.637855,2.990112,52.647743
14.524319,55.642445,2.989729,52.652716
14.528621,55.648047,2.989729,52.658319
14.529871,55.650162,2.988962,52.661201
14.533381,55.653452,2.988962,52.664491
14.536325,55.657215,2.989345,52.667870
14.539521,55.660972,2.988962,52.672011
14.542263,55.665886,2.988195,52.677691
14.545182,55.672148,2.987428,52.684720
14.548546,55.681160,2.987044,52.694116
14.551199,55.692191,2.986277,52.705914
14.554443,55.703912,2.985510,52.718402
14.558537,55.719204,2.984743,52.734460
14.560135,55.726778,2.983209,52.743568
14.563954,55.740464,2.982442,52.758021
14.566961,55.751645,2.981675,52.769970
14.570071,55.763108,2.981675,52.781433
14.572841,55.774535,2.980525,52.794010
14.575916,55.787502,2.979758,52.807744
14.578955,55.803824,2.977840,52.825984
14.581746,55.818032,2.976690,52.841342
14.584975,55.835714,2.975156,52.860559
14.588058,55.856818,2.975156,52.881663
14.590764,55.873075,2.972855,52.900220
14.594237,55.894269,2.971321,52.922948
14.597932,55.924350,2.970170,52.954179
14.600590,55.935926,2.968253,52.967674
14.604313,55.961285,2.966719,52.994566
14.609179,55.989646,2.965185,53.024461
14.610034,56.001702,2.964418,53.037284
14.613800,56.024034,2.962884,53.061150
14.616475,56.043431,2.961350,53.082081
14.619417,56.062749,2.959816,53.102933
14.622072,56.083955,2.957898,53.126057
14.625044,56.106743,2.956364,53.150379
14.628035,56.131353,2.954830,53.176523
14.631052,56.154303,2.952530,53.201773
14.634347,56.183808,2.950229,53.233579
14.637731,56.222349,2.948695,53.273655
14.640319,56.239673,2.946777,53.292895
14.643697,56.270088,2.943326,53.326763
14.646588,56.298048,2.942175,53.355873
14.649857,56.329344,2.940258,53.389087
14.652485,56.354619,2.937957,53.416662
14.655494,56.381668,2.936806,53.444861
14.658696,56.408410,2.934122,53.474289
14.661523,56.435794,2.932204,53.503590
14.664830,56.468373,2.929903,53.538470
14.667935,56.505722,2.928369,53.577353
14.670631,56.529379,2.925301,53.604078
14.674028,56.566099,2.922233,53.643865
14.678443,56.615612,2.920316,53.695296
14.680087,56.632623,2.918015,53.714608
14.683451,56.668366,2.916097,53.752269
14.686424,56.698626,2.912646,53.785980
14.689626,56.736928,2.911112,53.825816
14.692392,56.770999,2.908428,53.862572
14.695721,56.812860,2.905743,53.907117
14.698957,56.852426,2.901908,53.950518
14.701780,56.886683,2.899607,53.987076
14.705127,56.923762,2.897306,54.026456
14.708382,56.962405,2.895005,54.067400
14.710994,56.996087,2.890787,54.105300
14.714495,57.041417,2.888486,54.152931
14.717864,57.092554,2.885418,54.207136
14.720783,57.122239,2.882733,54.239505
14.724140,57.163464,2.880049,54.283416
14.728357,57.220174,2.877364,54.342809
14.730203,57.243082,2.873530,54.369552
14.733488,57.289706,2.870845,54.418861
14.736507,57.330854,2.867777,54.463077
14.739577,57.373806,2.865476,54.508330
14.742441,57.410987,2.862792,54.548195
14.745456,57.453543,2.859724,54.593819
14.748722,57.494211,2.855505,54.638706
14.751228,57.535137,2.853588,54.681549
14.754648,57.584105,2.849753,54.734352
14.757550,57.639927,2.847452,54.792475
14.760317,57.668659,2.844384,54.824276
14.763825,57.719610,2.840165,54.879445
14.766898,57.762873,2.837097,54.925776
14.770048,57.811913,2.834030,54.977883
14.772856,57.852953,2.830962,55.021991
14.775820,57.899955,2.826743,55.073212
14.779458,57.953273,2.823675,55.129598
14.782050,57.995140,2.820224,55.174916
14.784844,58.037378,2.817923,55.219455
14.787922,58.094477,2.814471,55.280006
14.790894,58.133414,2.809869,55.323544
14.794304,58.188817,2.806801,55.382015
14.798548,58.253298,2.804117,55.449181
14.799825,58.281928,2.800282,55.481646
14.803437,58.331453,2.796830,55.534623
14.806395,58.381295,2.792229,55.589067
14.809690,58.435003,2.788777,55.646226
14.812615,58.483137,2.785709,55.697428
14.815893,58.536791,2.781874,55.754917
14.818771,58.588149,2.779190,55.808959
14.821643,58.635115,2.773821,55.861295
14.824828,58.689194,2.770369,55.918825
14.828182,58.744118,2.766918,55.977200
14.830816,58.790053,2.763850,56.026203
14.834258,58.847182,2.758481,56.088701
14.838633,58.920939,2.755029,56.165910
14.840467,58.953542,2.750044,56.203498
14.844197,59.020684,2.746209,56.274475
14.848506,59.095519,2.742758,56.352762
14.849970,59.129273,2.739306,56.389967
14.853643,59.185551,2.733937,56.451614
14.859062,59.238449,2.730102,56.508347
14.860117,59.300366,2.725117,56.575249
14.863605,59.360125,2.721665,56.638460
14.868610,59.450738,2.716296,56.734441
14.870190,59.487433,2.712462,56.774972
14.874069,59.550482,2.708627,56.841856
14.879011,59.603483,2.703641,56.899842
14.880157,59.660875,2.699423,56.961452
14.883487,59.723103,2.695588,57.027515
14.886613,59.780088,2.692136,57.087952
14.889537,59.834802,2.689068,57.145734
14.892154,59.880264,2.683316,57.196948
14.895450,59.943367,2.679481,57.263886
14.898427,59.994366,2.674879,57.319487
14.901581,60.057187,2.671428,57.385760
14.904509,60.109624,2.665675,57.443949
14.908980,60.185580,2.662224,57.523357
14.909939,60.223049,2.658772,57.564277
14.913945,60.288615,2.652636,57.635979
14.918461,60.374170,2.648801,57.725369
14.920757,60.420285,2.644966,57.775319
14.923884,60.475053,2.639214,57.835839
14.928474,60.564719,2.635762,57.928957
14.930086,60.595201,2.632311,57.962890
14.933126,60.652078,2.628476,58.023602
14.935944,60.707302,2.623874,58.083428
14.939617,60.771627,2.618122,58.153505
14.942593,60.831278,2.614287,58.216992
14.945686,60.890433,2.610452,58.279981
14.948990,60.955321,2.605466,58.349855
14.951769,61.008669,2.601248,58.407421
14.955234,61.073725,2.597413,58.476312
14.958248,61.136055,2.593578,58.542477
14.961264,61.188289,2.587826,58.600463
14.964136,61.246748,2.584374,58.662373
14.968557,61.332147,2.580923,58.751224
14.969895,61.372714,2.574787,58.797927
14.973966,61.437201,2.570568,58.866633
14.977015,61.495384,2.566350,58.929034
14.980225,61.556899,2.563282,58.993617
14.982969,61.611571,2.559447,59.052124
14.985988,61.669365,2.555995,59.113370
14.988937,61.728124,2.549476,59.178648
14.991763,61.781370,2.545641,59.235729
14.995095,61.846576,2.541039,59.305537
14.998331,61.908181,2.537204,59.370977
15.001021,61.958976,2.532219,59.426757
15.004532,62.026849,2.528767,59.498081
15.009245,62.103704,2.521864,59.581839
15.011216,62.156045,2.516112,59.639933
15.015257,62.233744,2.511894,59.721851
15.018898,62.296626,2.507675,59.788951
15.021729,62.359926,2.504224,59.855703
15.024775,62.417043,2.498471,59.918572
15.027964,62.487516,2.494253,59.993264
15.031093,62.537718,2.490034,60.047684
15.034173,62.597909,2.486583,60.111326
15.038583,62.679462,2.480447,60.199015
15.039857,62.713778,2.476995,60.236783
15.043521,62.773544,2.472777,60.300767
15.046450,62.830421,2.470093,60.360328
15.049661,62.890228,2.463957,60.426272
15.052585,62.946968,2.460122,60.486846
15.056057,63.009471,2.455903,60.553568
15.059429,63.074354,2.452452,60.621902
15.062052,63.125095,2.447083,60.678012
15.064838,63.179384,2.443248,60.736136
15.068033,63.245159,2.439029,60.806130
15.070671,63.287445,2.433661,60.853785
15.074507,63.357637,2.429826,60.927811
15.077856,63.431334,2.424457,61.006877
15.081552,63.486246,2.421389,61.064857
15.084567,63.544621,2.417937,61.126684
15.087740,63.616862,2.414102,61.202759
15.090921,63.662276,2.408733,61.253543
15.094631,63.728417,2.404515,61.323902
15.097869,63.799387,2.398379,61.401009
15.100602,63.837611,2.394161,61.443451
15.104233,63.903387,2.391860,61.511527
15.109583,63.955883,2.388792,61.567092
15.110370,64.013552,2.383039,61.630512
15.113998,64.076163,2.378821,61.697342
15.116992,64.131392,2.375369,61.756023
15.119855,64.182931,2.371918,61.811013
15.122562,64.231455,2.368466,61.862988
15.125657,64.282975,2.363481,61.919494
15.128796,64.341991,2.360413,61.981578
15.131854,64.392559,2.356961,62.035597
15.134949,64.448903,2.352743,62.096159
15.137995,64.508093,2.350059,62.158034
15.140683,64.546466,2.344690,62.201776
15.144034,64.602085,2.341622,62.260463
15.147055,64.656122,2.337403,62.318719
15.150129,64.707169,2.335102,62.372066
15.153082,64.755585,2.330500,62.425085
15.156414,64.810904,2.326665,62.484239
15.159602,64.864833,2.322830,62.542003
15.162407,64.911554,2.317845,62.593709
15.165772,64.966309,2.314777,62.651532
15.169054,65.019286,2.311709,62.707577
15.171806,65.065509,2.309025,62.756484
15.175152,65.118653,2.306724,62.811929
15.178091,65.168729,2.301738,62.866991
15.180868,65.210632,2.297903,62.912729
15.184323,65.265699,2.295219,62.970481
15.188621,65.329887,2.292918,63.036969
15.189976,65.359026,2.287932,63.071094
15.193554,65.408318,2.284864,63.123453
15.198560,65.485586,2.280646,63.204940
15.199930,65.514402,2.277961,63.236441
15.203608,65.562920,2.274510,63.288410
15.206495,65.605920,2.271442,63.334477
15.209592,65.651693,2.268374,63.383319
15.212389,65.691691,2.265690,63.426001
15.215168,65.735199,2.262238,63.472961
15.218164,65.780002,2.258403,63.521599
15.220792,65.816986,2.255335,63.561650
15.224155,65.862556,2.253034,63.609521
15.229102,65.903560,2.249199,63.654360
15.230213,65.948614,2.245364,63.703250
15.233546,65.996599,2.242296,63.754303
15.236518,66.038244,2.239612,63.798632
15.239599,66.079704,2.237311,63.842393
15.242352,66.113949,2.233860,63.880089
15.245223,66.154084,2.231942,63.922142
15.248565,66.195675,2.227724,63.967952
15.251228,66.234228,2.225423,64.008806
15.254936,66.280601,2.220821,64.059781
15.258487,66.326297,2.218903,64.107394
15.261245,66.363484,2.216986,64.146499
15.264302,66.402667,2.213918,64.188749
15.268726,66.438344,2.210466,64.227877
15.270030,66.475075,2.208549,64.266527
15.273119,66.511196,2.206248,64.304948
15.275876,66.544758,2.203563,64.341194
15.279031,66.582125,2.200879,64.381246
15.281811,66.614482,2.198961,64.415520
15.285193,66.652298,2.195893,64.456405
15.288252,66.690750,2.193209,64.497540
15.291119,66.722112,2.189758,64.532355
15.294475,66.760438,2.187073,64.573365
15.297660,66.803713,2.185156,64.618557
15.300266,66.822995,2.182855,64.640141
15.303660,66.855545,2.180937,64.674607
15.306386,66.884457,2.177869,64.706587
15.306386,66.884457,2.176335,64.708121
15.313040,66.948872,2.173651,64.775221
15.315382,66.981463,2.172500,64.808963
15.318576,67.013095,2.169432,64.843663
15.321290,67.038622,2.167131,64.871490
15.324339,67.070691,2.164830,64.905861
15.328961,67.104415,2.163296,64.941119
15.330240,67.123116,2.161379,64.961737
15.333698,67.153167,2.158694,64.994472
15.336621,67.179215,2.156777,65.022438
15.339759,67.205586,2.155243,65.050343
15.342563,67.230034,2.154093,65.075941
15.345643,67.253960,2.152559,65.101402
15.348692,67.282848,2.150641,65.132207
15.351509,67.305384,2.148340,65.157044
15.354584,67.332397,2.147190,65.185207
15.357693,67.359050,2.145272,65.213778
15.360679,67.376780,2.144122,65.232659
15.364015,67.398766,2.142204,65.256561
15.368500,67.427234,2.140287,65.286947
15.370126,67.440890,2.139136,65.301754
15.373482,67.465691,2.137986,65.327706
15.378822,67.487203,2.135301,65.351902
15.380023,67.510926,2.134151,65.376775
15.383255,67.537249,2.131466,65.405783
15.388540,67.557658,2.130316,65.427343
15.389638,67.576204,2.129549,65.446655
15.392517,67.591082,2.128782,65.462301
15.395463,67.601694,2.127631,65.474063
15.398556,67.613990,2.126864,65.487126
15.401340,67.624842,2.126097,65.498745
15.404487,67.637246,2.125330,65.511915
15.408858,67.655707,2.124180,65.531527
15.410681,67.668213,2.123413,65.544800
15.413857,67.686986,2.121879,65.565107
15.418397,67.714646,2.120345,65.594301
15.419788,67.725138,2.119578,65.605560
15.423367,67.743540,2.117660,65.625879
15.428562,67.755110,2.117660,65.637450
15.429611,67.768455,2.116510,65.651945
15.432517,67.775268,2.115743,65.659525
15.435515,67.779528,2.115360,65.664169
15.439455,67.786989,2.115360,65.671629
15.441482,67.792939,2.114593,65.678346
15.444658,67.798427,2.114209,65.684218
15.448495,67.806403,2.113826,65.692577
15.450893,67.814271,2.113442,65.700829
15.453736,67.822180,2.112675,65.709505
15.458782,67.827555,2.112292,65.715264
15.459797,67.836070,2.111525,65.724545
15.462892,67.843254,2.111141,65.732113
15.465796,67.844968,2.111141,65.733827
15.469559,67.845136,2.110758,65.734378
15.471874,67.844507,2.111141,65.733366
15.474942,67.843872,2.111141,65.732731
15.478242,67.844123,2.110374,65.733749
15.481206,67.845142,2.111525,65.733617
15.484130,67.845424,2.111141,65.734283
15.488836,67.846239,2.110758,65.735481
15.490228,67.845771,2.110758,65.735014
15.493668,67.845609,2.111141,65.734468
15.496490,67.845298,2.110758,65.734540
15.499642,67.844746,2.110758,65.733989
15.502423,67.844255,2.110758,65.733498
15.505612,67.843590,2.111141,65.732449
15.509329,67.842757,2.111141,65.731616
15.511648,67.841541,2.111141,65.730400
15.515352,67.839755,2.111525,65.728231
15.518574,67.836729,2.111141,65.725588
15.521300,67.834452,2.111141,65.723311
15.524739,67.831726,2.111525,65.720201
15.528064,67.828118,2.111908,65.716210
15.531048,67.825584,2.111908,65.713676
15.534410,67.822480,2.111525,65.710955
15.538659,67.818441,2.111525,65.706917
15.540419,67.814247,2.112292,65.701955
15.544609,67.799446,2.112292,65.687155
15.548475,67.787216,2.113826,65.673391
15.551179,67.775388,2.114593,65.660795
15.554829,67.761882,2.115360,65.646522
15.557898,67.745164,2.116126,65.629037
15.560773,67.738974,2.116893,65.622080
15.564348,67.725384,2.117660,65.607723
15.568648,67.714274,2.118427,65.595847
15.569702,67.707785,2.118811,65.588974
15.573536,67.697820,2.119961,65.577858
15.576416,67.688556,2.121112,65.567444
15.579506,67.674451,2.121495,65.552955
15.581855,67.663287,2.122646,65.540641
15.584646,67.646839,2.123796,65.523043
15.587657,67.618886,2.125330,65.493555
15.590435,67.603025,2.127248,65.475777
15.593671,67.577678,2.129165,65.448513
15.596615,67.551822,2.131083,65.420739
15.599937,67.527212,2.132233,65.394979
15.602758,67.508691,2.133767,65.374924
15.605789,67.492003,2.134151,65.357852
15.608984,67.475644,2.135685,65.339960
15.611763,67.461910,2.137219,65.324692
15.615115,67.444000,2.137986,65.306014
15.618183,67.424819,2.139136,65.285683
15.621086,67.404686,2.141054,65.263632
15.624284,67.376840,2.143355,65.233486
15.628479,67.336507,2.145272,65.191235
15.629833,67.318879,2.146423,65.172456
15.633518,67.285359,2.148724,65.136635
15.636325,67.258730,2.151792,65.106938
15.639464,67.230549,2.154093,65.076456
15.642399,67.204843,2.155243,65.049600
15.645407,67.179694,2.157160,65.022533
15.648550,67.155761,2.159078,64.996683
15.651341,67.129384,2.161379,64.968005
15.654996,67.095936,2.162913,64.933023
15.658144,67.064639,2.164447,64.900192
15.661039,67.038412,2.167898,64.870514
15.664242,67.005869,2.169432,64.836436
15.668674,66.963139,2.171733,64.791406
15.670704,66.938883,2.174418,64.764465
15.674334,66.899029,2.176719,64.722311
15.678437,66.852968,2.179020,64.673948
15.680027,66.831702,2.182471,64.649231
15.683745,66.794503,2.184772,64.609731
15.687021,66.757142,2.187457,64.569686
15.689812,66.723658,2.189758,64.533901
15.692741,66.690300,2.192826,64.497475
15.695755,66.653778,2.195510,64.458268
15.699453,66.610443,2.197044,64.413399
15.701813,66.582059,2.199728,64.382330
15.704754,66.550642,2.201646,64.348996
15.709481,66.505240,2.204330,64.300909
15.710762,66.477604,2.207782,64.269822
15.714592,66.427408,2.211233,64.216175
15.718128,66.377716,2.214301,64.163414
15.721003,66.344759,2.216219,64.128540
15.724267,66.304965,2.219287,64.085679
15.728622,66.248232,2.223505,64.024727
15.730529,66.222939,2.226957,63.995983
15.734458,66.163911,2.230792,63.933119
15.738587,66.109892,2.232709,63.877183
15.740674,66.080195,2.235777,63.844418
15.744080,66.036597,2.239612,63.796985
15.748531,65.971684,2.243063,63.728621
15.750140,65.948459,2.245748,63.702711
15.753587,65.901852,2.248049,63.653803
15.756317,65.861956,2.251500,63.610456
15.759490,65.817555,2.256102,63.561453
15.762286,65.775394,2.258403,63.516991
15.765231,65.729854,2.261471,63.468383
15.768311,65.683457,2.264539,63.418918
15.771276,65.641051,2.268374,63.372677
15.774559,65.592024,2.271826,63.320198
15.778013,65.530952,2.274894,63.256059
15.781181,65.490973,2.279495,63.211477
15.785326,65.425821,2.284097,63.141723
15.788820,65.375115,2.287165,63.087950
15.791566,65.325411,2.290233,63.035177
15.794923,65.274082,2.293301,62.980781
15.797868,65.217121,2.298287,62.918835
15.800674,65.181241,2.301738,62.879502
15.804281,65.124345,2.304423,62.819923
15.809097,65.054771,2.309025,62.745746
15.810672,65.018567,2.312476,62.706091
15.814421,64.961666,2.317845,62.643821
15.818504,64.889664,2.320913,62.568751
15.819982,64.857702,2.325131,62.532571
15.823685,64.800376,2.328583,62.471793
15.826710,64.752828,2.331651,62.421178
15.829861,64.699175,2.337403,62.361772
15.833182,64.642592,2.340855,62.301737
15.836259,64.588135,2.344306,62.243829
15.839464,64.533847,2.347374,62.186473
15.842115,64.487234,2.350826,62.136409
15.845009,64.437488,2.356194,62.081293
15.847976,64.375223,2.360029,62.015194
15.851238,64.326586,2.363481,61.963105
15.854605,64.267983,2.368850,61.899133
15.857696,64.199283,2.371534,61.827749
15.860741,64.158663,2.375369,61.783293
15.864025,64.100192,2.379204,61.720987
15.866873,64.047880,2.382656,61.665225
15.870023,63.994401,2.387258,61.607143
15.872989,63.940268,2.391476,61.548792
15.876263,63.878417,2.394928,61.483490
15.879451,63.822757,2.398379,61.424378
15.882206,63.771135,2.403364,61.367770
15.885051,63.718524,2.407199,61.311325
15.888168,63.659645,2.411034,61.248611
15.891062,63.606268,2.414486,61.191782
15.894260,63.547743,2.418321,61.129422
15.898682,63.468653,2.424073,61.044580
15.899935,63.436104,2.427908,61.008196
15.903505,63.376374,2.430976,60.945398
15.906507,63.319593,2.435195,60.884399
15.909653,63.260091,2.439029,60.821062
15.912596,63.206390,2.444782,60.761608
15.915843,63.143383,2.447850,60.695533
15.919509,63.077745,2.452068,60.625677
15.922252,63.022049,2.457437,60.564611
15.925277,62.965567,2.461656,60.503911
15.928444,62.910020,2.465107,60.444913
15.931243,62.854821,2.469326,60.385495
15.934596,62.787158,2.475078,60.312080
15.937768,62.712766,2.478913,60.233853
15.941005,62.665230,2.484665,60.180565
15.944579,62.598023,2.488117,60.109906
15.947648,62.520761,2.492335,60.028425
15.950573,62.481087,2.497704,59.983383
15.954103,62.413670,2.501539,59.912130
15.958697,62.330008,2.505374,59.824634
15.960366,62.288746,2.510743,59.778003
15.963799,62.227782,2.514962,59.712821
15.968739,62.167244,2.518796,59.648447
15.969880,62.109636,2.524549,59.585087
15.973468,62.040547,2.528384,59.512163
15.976407,61.984496,2.531835,59.452661
15.979491,61.926493,2.535670,59.390823
15.982373,61.871156,2.539505,59.331650
15.985581,61.809437,2.543724,59.265713
15.988853,61.750672,2.552161,59.198512
15.993675,61.650838,2.555995,59.094842
15.998526,61.558176,2.560981,58.997195
16.000162,61.526393,2.564816,58.961578
16.003583,61.460366,2.568651,58.891716
16.006386,61.404178,2.572486,58.831693
16.006386,61.404178,2.578622,58.825557
16.012306,61.287853,2.582457,58.705397
16.015371,61.226117,2.585908,58.640209
16.018499,61.164386,2.591277,58.573109
16.021366,61.109384,2.595112,58.514272
16.024489,61.052609,2.599330,58.453279
16.028644,60.980404,2.603165,58.377239
16.029791,60.942468,2.607384,58.335084
16.033338,60.880522,2.610835,58.269686
16.036216,60.825436,2.614287,58.211149
16.039600,60.768176,2.618505,58.149670
16.042117,60.714708,2.624258,58.090450
16.045638,60.646847,2.628093,58.018755
16.049665,60.582019,2.633462,57.948557
16.052249,60.520012,2.636913,57.883099
16.055541,60.462302,2.640364,57.821938
16.058559,60.400002,2.644966,57.755036
16.061249,60.350675,2.650335,57.700340
16.064404,60.291623,2.653403,57.638220
16.068701,60.222174,2.658005,57.564169
16.070680,60.180062,2.662224,57.517838
16.073765,60.116360,2.665292,57.451068
16.078719,60.062664,2.671044,57.391620
16.079671,60.010371,2.674879,57.335492
16.082787,59.949845,2.678714,57.271131
16.085860,59.893357,2.682165,57.211192
16.089512,59.832411,2.686000,57.146411
16.091764,59.783444,2.691753,57.091691
16.094799,59.728999,2.695588,57.033412
16.097952,59.668976,2.698656,56.970321
16.100688,59.618283,2.702491,56.915793
16.104070,59.559716,2.707860,56.851857
16.109222,59.485947,2.712462,56.773486
16.110533,59.449989,2.717447,56.732542
16.114004,59.380690,2.720898,56.659791
16.118726,59.307730,2.724350,56.583380
16.120542,59.270070,2.727801,56.542268
16.123686,59.211071,2.733554,56.477517
16.126633,59.158598,2.736622,56.421977
16.130117,59.105820,2.740840,56.364980
16.132712,59.051471,2.744292,56.307180
16.135805,58.999705,2.747360,56.252346
16.139502,58.944105,2.751962,56.192143
16.141700,58.899673,2.755413,56.144260
16.144591,58.851017,2.759631,56.091386
16.148522,58.787944,2.762316,56.025628
16.150823,58.748786,2.765767,55.983018
16.153938,58.693251,2.771136,55.922115
16.158427,58.621118,2.774204,55.846913
16.160336,58.591756,2.777656,55.814101
16.163483,58.530217,2.782641,55.747576
16.166470,58.484384,2.786476,55.697908
16.169638,58.435584,2.789544,55.646040
16.172477,58.388660,2.792612,55.596048
16.175479,58.337937,2.796830,55.541106
16.179477,58.281251,2.799515,55.481736
16.181363,58.244292,2.802583,55.441709
16.184439,58.198800,2.807568,55.391231
16.188567,58.138591,2.810636,55.327955
16.190751,58.102884,2.813704,55.289180
16.193771,58.049440,2.817156,55.232285
16.198810,57.982952,2.822141,55.160811
16.200053,57.957054,2.825593,55.131461
16.203244,57.908560,2.828277,55.080283
16.206294,57.860101,2.832496,55.027606
16.210271,57.807772,2.837097,54.970675
16.213741,57.753670,2.840549,54.913121
16.217075,57.707177,2.842850,54.864327
16.220079,57.661924,2.846301,54.815623
16.222838,57.623455,2.848602,54.774853
16.225768,57.580863,2.851287,54.729576
16.228929,57.540704,2.854355,54.686349
16.231464,57.500011,2.858190,54.641822
16.234594,57.458462,2.860874,54.597588
16.237679,57.404180,2.863559,54.540621
16.240325,57.378923,2.866627,54.512296
16.243893,57.331939,2.870845,54.461094
16.248729,57.291324,2.872763,54.418562
16.250100,57.249182,2.875830,54.373351
16.253124,57.208477,2.878131,54.330346
16.255973,57.169972,2.880432,54.289540
16.259481,57.129190,2.883117,54.246073
16.261869,57.098288,2.885034,54.213254
16.264769,57.061329,2.888869,54.172460
16.267861,57.014099,2.891170,54.122929
16.271000,56.982449,2.895005,54.087444
16.274602,56.939701,2.897306,54.042395
16.277692,56.895353,2.899607,53.995746
16.281008,56.866435,2.904209,53.962226
16.284594,56.825144,2.906510,53.918634
16.287606,56.777369,2.908428,53.868941
16.290449,56.753928,2.911496,53.842432
16.293999,56.713780,2.914180,53.799600
16.296948,56.683910,2.916097,53.767812
16.299881,56.655184,2.918015,53.737169
16.302965,56.625223,2.919932,53.705291
16.305903,56.592500,2.921850,53.670650
16.309180,56.557997,2.925301,53.632696
16.311800,56.525496,2.927219,53.598277
16.315171,56.490215,2.929903,53.560311
16.318661,56.457576,2.932204,53.525371
16.321417,56.430881,2.934122,53.496759
16.324743,56.400105,2.936039,53.464066
16.327953,56.365878,2.939107,53.426771
16.330963,56.342587,2.940641,53.401946
16.334406,56.310985,2.942559,53.368426
16.338462,56.272449,2.944093,53.328357
16.340078,56.256918,2.946777,53.310141
16.344007,56.226789,2.948311,53.278478
16.348498,56.190286,2.950229,53.240057
16.350181,56.178565,2.951763,53.226802
16.353222,56.154788,2.953680,53.201108
16.356139,56.131479,2.955981,53.175498
16.359607,56.106492,2.957131,53.149360
16.362102,56.083686,2.959049,53.124637
16.365119,56.060388,2.960583,53.099806
16.368146,56.035539,2.962884,53.072655
16.371159,56.014639,2.963651,53.050988
16.374456,55.992977,2.964801,53.028176
16.378518,55.966942,2.966335,53.000606
16.379956,55.955652,2.967102,52.988550
16.383551,55.935651,2.969787,52.965864
16.386500,55.917201,2.970554,52.946647
16.389757,55.898230,2.972088,52.926142
16.392424,55.883705,2.972855,52.910850
16.395375,55.867748,2.973622,52.894126
16.398655,55.851779,2.974389,52.877390
16.401237,55.840436,2.976306,52.864130
16.404552,55.823460,2.977457,52.846004
16.409039,55.804603,2.978224,52.826379
16.410288,55.794381,2.979758,52.814623
16.414149,55.775428,2.980908,52.794519
16.418825,55.754323,2.982059,52.772265
16.420267,55.745557,2.982826,52.762731
16.424558,55.726394,2.983976,52.742418
16.427598,55.710162,2.985510,52.724651
16.430344,55.703516,2.985510,52.718006
16.433295,55.694576,2.986277,52.708299
16.436458,55.685414,2.987044,52.698370
16.439771,55.674604,2.987811,52.686793
16.442484,55.668912,2.988195,52.680717
16.445512,55.663165,2.988578,52.674587
16.448716,55.657377,2.989345,52.668032
16.451218,55.651121,2.989729,52.661393
16.454570,55.644122,2.990112,52.654010
16.457699,55.637867,2.990496,52.647371
16.460360,55.635050,2.990496,52.644555
16.463927,55.632300,2.990496,52.641804
16.468608,55.630424,2.990879,52.639545
16.470294,55.630772,2.990879,52.639893
16.473547,55.630700,2.990879,52.639821
16.477620,55.628902,2.991646,52.637256
16.479766,55.628585,2.991263,52.637322
16.482488,55.627524,2.991263,52.636262
16.485564,55.625811,2.991263,52.634548
16.488759,55.624402,2.991263,52.633140
16.491561,55.624277,2.990879,52.633398
16.494726,55.623426,2.991263,52.632163
16.497940,55.623959,2.991263,52.632696
16.501057,55.624696,2.991263,52.633433
16.504712,55.625421,2.990879,52.634542
16.508477,55.627237,2.991263,52.635974
16.511327,55.628705,2.990879,52.637826
16.514449,55.631197,2.990496,52.640702
16.518515,55.635398,2.990879,52.644519
16.519830,55.638340,2.990879,52.647461
16.523848,55.642624,2.990112,52.652512
16.528651,55.647969,2.989345,52.658624
16.530370,55.650007,2.989345,52.660662
16.533832,55.654099,2.989345,52.664754
16.536802,55.657665,2.988578,52.669087
16.539823,55.662021,2.988578,52.673443
16.542910,55.667456,2.988195,52.679261
16.545845,55.674221,2.987428,52.686793
16.548850,55.684821,2.987044,52.697777
16.551805,55.695355,2.986661,52.708694
16.555102,55.706458,2.985127,52.721332
16.558182,55.719473,2.984743,52.734730
16.561054,55.729450,2.983976,52.745474
16.564262,55.743418,2.982442,52.760976
16.568765,55.758212,2.981675,52.776537
16.570414,55.766655,2.980908,52.785747
16.574055,55.780269,2.979374,52.800895
16.578575,55.802266,2.978607,52.823659
16.580143,55.809810,2.977840,52.831970
16.583503,55.829135,2.977073,52.852062
16.586307,55.845565,2.975156,52.870410
16.589516,55.863811,2.973238,52.890573
16.592341,55.882950,2.972471,52.910479
16.595291,55.903143,2.970554,52.932590
16.598535,55.923720,2.969787,52.953934
16.601767,55.947162,2.967869,52.979292
16.604704,55.965791,2.966335,52.999456
16.609265,55.991216,2.964801,53.026414
16.610441,56.004051,2.963651,53.040400
16.614205,56.027102,2.962117,53.064985
16.618534,56.057339,2.960199,53.097139
16.619985,56.073032,2.959049,53.113983
16.623612,56.096533,2.957131,53.139401
16.628611,56.121149,2.955214,53.165935
16.629711,56.144991,2.953297,53.191695
16.633046,56.173274,2.951763,53.221511
16.636080,56.200190,2.949845,53.250345
16.639461,56.229887,2.947928,53.281960
16.641806,56.252957,2.945243,53.307714
16.644862,56.282702,2.943709,53.338993
16.647982,56.319751,2.941408,53.378343
16.651075,56.345307,2.939107,53.406200
16.654465,56.374153,2.937190,53.436964
16.657649,56.411329,2.934889,53.476440
16.660351,56.427076,2.932971,53.494105
16.663754,56.459577,2.931054,53.528523
16.668580,56.488675,2.928369,53.560305
16.669842,56.522890,2.926452,53.596438
16.673318,56.559681,2.923384,53.636297
16.676287,56.593752,2.921850,53.671903
16.679528,56.626415,2.918782,53.707633
16.682153,56.655243,2.916864,53.738379
16.685232,56.687122,2.914563,53.772558
16.688281,56.723835,2.911879,53.811956
16.691089,56.755102,2.908428,53.846674
16.694401,56.797257,2.906127,53.891130
16.698678,56.848130,2.903442,53.944687
16.699944,56.870438,2.901141,53.969297
16.703592,56.906457,2.898840,54.007617
16.706560,56.941978,2.895389,54.046589
16.709754,56.979387,2.893088,54.086299
16.712554,57.016796,2.890020,54.126776
16.715421,57.053695,2.887335,54.166360
16.718729,57.092074,2.884651,54.207424
16.721515,57.130214,2.881966,54.248248
16.725017,57.173897,2.878898,54.294998
16.728201,57.218412,2.876981,54.341431
16.731167,57.257415,2.873913,54.383502
16.734145,57.299479,2.870845,54.428634
16.737101,57.338872,2.868544,54.470328
16.739908,57.378024,2.864326,54.513698
16.743070,57.419412,2.861641,54.557770
16.746051,57.463262,2.858573,54.604689
16.749589,57.510036,2.856272,54.653764
16.752162,57.550082,2.853588,54.696494
16.755095,57.591727,2.848986,54.742741
16.758183,57.639268,2.846301,54.792967
16.761095,57.679781,2.843233,54.836547
16.764130,57.724830,2.840549,54.884281
16.768787,57.767457,2.837481,54.929976
16.770126,57.812842,2.832879,54.979963
16.773623,57.865129,2.830195,55.034934
16.776928,57.917578,2.826743,55.090835
16.779952,57.962453,2.822525,55.139928
16.782917,58.008155,2.819840,55.188314
16.786306,58.057799,2.817156,55.240644
16.789524,58.110985,2.812937,55.298048
16.792181,58.155531,2.809869,55.345661
16.795111,58.200987,2.805651,55.395336
16.798089,58.255665,2.802583,55.453082
16.800852,58.293223,2.799131,55.494092
16.804222,58.346739,2.795680,55.551059
16.807151,58.395946,2.792612,55.603334
16.810232,58.445249,2.789161,55.656089
16.813048,58.491137,2.786093,55.705044
16.815958,58.538097,2.780724,55.757373
16.818951,58.592991,2.777272,55.815719
16.821937,58.640257,2.774588,55.865669
16.825149,58.696031,2.771520,55.924511
16.828255,58.748180,2.766151,55.982030
16.831248,58.798328,2.763083,56.035246
16.834510,58.851754,2.759248,56.092506
16.838555,58.922383,2.755796,56.166587
16.840219,58.955334,2.750428,56.204906
16.843748,59.013200,2.746976,56.266224
16.846881,59.065319,2.743525,56.321794
16.849883,59.120818,2.740073,56.380745
16.852693,59.169582,2.734321,56.435261
16.856011,59.230054,2.731253,56.498801
16.859501,59.289100,2.727034,56.562066
16.861994,59.334527,2.723583,56.610944
16.864849,59.383536,2.719748,56.663788
16.867873,59.451960,2.717447,56.734513
16.870816,59.493701,2.711311,56.782390
16.874188,59.553706,2.707476,56.846230
16.878775,59.633425,2.704025,56.929401
16.880206,59.667532,2.698272,56.969260
16.883740,59.726075,2.694437,57.031638
16.886647,59.781916,2.690602,57.091313
16.889651,59.835665,2.687918,57.147747
16.892533,59.888773,2.683699,57.205074
16.895434,59.942882,2.679481,57.263401
16.898685,59.999322,2.673345,57.325977
16.901565,60.057241,2.669510,57.387731
16.904737,60.117031,2.665675,57.451356
16.909288,60.189020,2.662224,57.526796
16.910294,60.229197,2.656855,57.572342
16.914028,60.289729,2.653403,57.636326
16.917032,60.348374,2.649185,57.699189
16.920373,60.407720,2.644966,57.762754
16.923167,60.465220,2.641515,57.823705
16.926195,60.522163,2.637680,57.884483
16.929494,60.583559,2.632311,57.951248
16.931993,60.631064,2.628476,58.002588
16.934888,60.688840,2.624641,58.064199
16.938160,60.757234,2.620039,58.137195
16.941039,60.802816,2.614287,58.188529
16.944449,60.870035,2.611219,58.258817
16.948497,60.949329,2.607767,58.341562
16.950018,60.983418,2.603549,58.379869
16.953546,61.046078,2.600097,58.445980
16.956492,61.101115,2.593962,58.507154
16.959688,61.162427,2.590510,58.571917
16.962656,61.217967,2.585908,58.632059
16.965926,61.284780,2.582457,58.702323
16.969207,61.344791,2.577088,58.767703
16.972008,61.401518,2.573253,58.828265
16.975392,61.464064,2.569418,58.894646
16.978562,61.522487,2.565199,58.957287
16.981257,61.578004,2.561364,59.016639
16.984287,61.637961,2.555612,59.082349
16.988507,61.720023,2.552161,59.167862
16.990044,61.754345,2.548326,59.206020
16.993523,61.817143,2.544107,59.273036
16.996456,61.873151,2.539889,59.333262
16.999536,61.930352,2.534136,59.396215
17.002399,61.985449,2.530301,59.455148
17.005803,62.053190,2.526850,59.526340
17.009150,62.113429,2.520714,59.592715
17.011775,62.167711,2.516112,59.651599
17.015417,62.235926,2.512277,59.723648
17.018275,62.296134,2.508442,59.787692
17.021058,62.346696,2.504607,59.842089
17.024177,62.406809,2.500772,59.906036
17.028666,62.489572,2.495020,59.994552
17.030161,62.520928,2.491568,60.029360
17.033455,62.583738,2.486966,60.096771
17.036386,62.641538,2.482748,60.158790
17.039593,62.698936,2.479296,60.219640
17.042164,62.750444,2.473928,60.276517
17.045115,62.805524,2.469709,60.335815
17.048340,62.870736,2.465491,60.405245
17.051431,62.926307,2.462423,60.463884
17.054552,62.984185,2.458588,60.525597
17.058716,63.059841,2.454369,60.605472
17.059776,63.096057,2.448617,60.647440
17.063323,63.151035,2.445549,60.705486
17.066269,63.206084,2.441714,60.764371
17.069599,63.263956,2.437879,60.826077
17.072129,63.315998,2.434044,60.881954
17.075067,63.369915,2.430976,60.938939
17.078026,63.434216,2.424840,61.009376
17.081207,63.480589,2.419855,61.060734
17.085138,63.557905,2.416020,61.141886
17.088525,63.613476,2.412568,61.200908
17.091117,63.668298,2.408350,61.259948
17.094254,63.722155,2.404898,61.317257
17.098818,63.776635,2.400680,61.375956
17.100184,63.831895,2.396078,61.435817
17.103144,63.885542,2.392243,61.493299
17.106189,63.940208,2.389175,61.551033
17.109539,63.998733,2.385340,61.613393
17.112227,64.047239,2.381505,61.665734
17.115353,64.102960,2.378054,61.724906
17.118621,64.156919,2.371918,61.785001
17.121149,64.207942,2.368466,61.839475
17.124484,64.265029,2.365782,61.899247
17.128483,64.336958,2.362714,61.974244
17.130165,64.370046,2.357728,62.012318
17.134039,64.432550,2.353510,62.079040
17.138489,64.512161,2.348525,62.163637
17.139756,64.541744,2.344690,62.197055
17.143432,64.594493,2.341622,62.252871
17.146227,64.645264,2.338554,62.306710
17.149589,64.698120,2.335102,62.363018
17.152464,64.748622,2.332418,62.416204
17.155475,64.796900,2.326665,62.470235
17.158652,64.847576,2.323597,62.523978
17.161431,64.898209,2.320146,62.578063
17.164512,64.949873,2.316694,62.633179
17.168636,65.014330,2.313243,62.701087
17.170217,65.044668,2.309408,62.735260
17.173801,65.097543,2.307107,62.790436
17.178527,65.175716,2.303656,62.872060
17.180192,65.201188,2.299054,62.902135
17.183767,65.257940,2.296369,62.961570
17.188794,65.309430,2.292918,63.016512
17.190139,65.358649,2.288316,63.070333
17.193146,65.403626,2.285248,63.118378
17.196175,65.451569,2.282563,63.169005
17.199671,65.501459,2.279495,63.221964
17.202241,65.544914,2.276427,63.268486
17.205095,65.585660,2.273360,63.312301
17.209143,65.637630,2.269141,63.368489
17.211105,65.674769,2.265306,63.409463
17.214394,65.724168,2.262238,63.461930
17.218582,65.785785,2.258403,63.527382
17.220115,65.811802,2.256102,63.555700
17.223910,65.861321,2.253034,63.608287
17.228601,65.902247,2.250350,63.651898
17.229980,65.945924,2.247282,63.698642
17.232844,65.987953,2.242296,63.745656
17.235810,66.029172,2.239995,63.789177
17.238803,66.071519,2.237694,63.833824
17.241718,66.106866,2.234627,63.872240
17.244979,66.149901,2.232326,63.917576
17.248049,66.200205,2.228107,63.972098
17.250990,66.233611,2.225423,64.008189
17.254412,66.277833,2.222355,64.055478
17.258627,66.330384,2.218903,64.111481
17.260844,66.358661,2.216602,64.142058
17.264608,66.406514,2.212384,64.194130
17.268629,66.455343,2.209699,64.245644
17.269957,66.482548,2.207398,64.275149
17.274039,66.520148,2.205481,64.314667
17.276799,66.555747,2.203180,64.352567
17.279966,66.591280,2.199728,64.391552
17.282679,66.622835,2.197044,64.425791
17.285849,66.660286,2.194743,64.465543
17.288754,66.697221,2.192059,64.505162
17.291527,66.727020,2.190141,64.536879
17.294761,66.763146,2.187073,64.576073
17.297998,66.804204,2.184389,64.619816
17.300838,66.828802,2.182088,64.646714
17.304132,66.860153,2.180170,64.679982
17.307032,66.890047,2.177869,64.712178
17.310159,66.922327,2.175568,64.746758
17.313425,66.956074,2.173651,64.782423
17.316524,66.985933,2.171733,64.814200
17.319500,67.016463,2.169049,64.847414
17.322240,67.043787,2.166748,64.877039
17.325090,67.072405,2.165597,64.906808
17.328264,67.102665,2.162529,64.940136
17.331016,67.127419,2.160612,64.966807
17.334540,67.155917,2.159078,64.996839
17.337758,67.193554,2.157927,65.035626
17.340346,67.208168,2.154860,65.053309
17.343803,67.236457,2.153326,65.083132
17.348796,67.263398,2.152175,65.111223
17.350157,67.291321,2.149107,65.142214
17.353265,67.316943,2.147957,65.168987
17.356303,67.341679,2.146806,65.194873
17.359663,67.364473,2.145272,65.219201
17.362335,67.384151,2.144122,65.240029
17.365285,67.404170,2.141437,65.262733
17.368437,67.424831,2.139903,65.284928
17.371440,67.447314,2.139136,65.308177
17.374525,67.469718,2.137219,65.332499
17.378641,67.500542,2.134918,65.365624
17.379771,67.513892,2.133384,65.380508
17.383399,67.536111,2.132233,65.403877
17.386284,67.555537,2.130699,65.424838
17.389823,67.573885,2.129932,65.443953
17.392297,67.587331,2.128398,65.458933
17.395338,67.600310,2.127248,65.473062
17.398840,67.613589,2.126864,65.486724
17.401906,67.625435,2.126097,65.499338
17.404933,67.637875,2.124947,65.512928
17.409271,67.655498,2.123796,65.531701
17.410405,67.668027,2.123413,65.544614
17.414248,67.685920,2.121879,65.564041
17.419076,67.705070,2.120345,65.584725
17.420129,67.724293,2.119194,65.605099
17.423522,67.742377,2.118427,65.623950
17.426634,67.754943,2.116893,65.638049
17.429702,67.768790,2.116510,65.652280
17.432598,67.775220,2.116510,65.658710
17.435655,67.779978,2.115743,65.664235
17.438843,67.785904,2.114976,65.670928
17.441484,67.792951,2.114593,65.678358
17.444809,67.797726,2.113826,65.683901
17.447795,67.807392,2.113826,65.693566
17.450840,67.814564,2.113059,65.701506
17.454216,67.822947,2.112675,65.710272
17.458842,67.832427,2.111908,65.720519
17.460137,67.839096,2.111525,65.727571
17.463621,67.844555,2.111141,65.733414
17.466758,67.845729,2.110758,65.734972
17.470134,67.845196,2.111141,65.734055
17.472739,67.844902,2.111141,65.733761
17.475657,67.844483,2.111141,65.733342
17.478683,67.845106,2.110758,65.734348
17.481509,67.845328,2.111141,65.734187
17.484602,67.845705,2.111141,65.734564
17.487701,67.846490,2.110374,65.736116
17.490505,67.846215,2.110374,65.735840
17.494288,67.845831,2.111141,65.734690
17.498002,67.845537,2.110758,65.734780
17.500904,67.844866,2.111141,65.733725
17.504364,67.844405,2.110758,65.733647
17.507323,67.843860,2.111141,65.732719
17.510703,67.843153,2.111141,65.732012
17.514132,67.841589,2.111141,65.730448
17.518565,67.837706,2.111141,65.726565
17.520117,67.836537,2.111141,65.725396
17.523364,67.833128,2.111141,65.721987
17.526418,67.829730,2.111525,65.718206
17.529530,67.827705,2.111908,65.715797
17.532394,67.825200,2.111908,65.713292
17.535349,67.822330,2.111908,65.710422
17.538616,67.819568,2.111908,65.707660
17.541435,67.814510,2.112292,65.702219
17.544632,67.801801,2.112292,65.689509
17.548000,67.789997,2.113826,65.676171
17.550970,67.779079,2.114209,65.664870
17.554212,67.765884,2.114976,65.650908
17.558851,67.745373,2.116126,65.629247
17.560649,67.740496,2.116893,65.623602
17.564018,67.725593,2.117277,65.608316
17.568779,67.712195,2.118427,65.593768
17.570166,67.706005,2.119578,65.586427
17.573856,67.696106,2.120345,65.575761
17.578507,67.676991,2.121112,65.555879
17.580227,67.670813,2.122262,65.548551
17.583666,67.651956,2.123796,65.528160
17.586578,67.634951,2.124947,65.510004
17.589688,67.610892,2.126481,65.484411
17.592574,67.587907,2.128015,65.459892
17.595955,67.559043,2.130699,65.428343
17.599529,67.530982,2.132233,65.398748
17.602004,67.513047,2.133384,65.379663
17.604857,67.497138,2.134534,65.362604
17.609060,67.477957,2.135685,65.342273
17.610573,67.467555,2.136835,65.330720
17.614275,67.448620,2.137602,65.311018
17.618657,67.423111,2.139136,65.283975
17.620084,67.408766,2.140670,65.268096
17.623737,67.381808,2.143355,65.238453
17.628757,67.335333,2.144889,65.190444
17.630846,67.317524,2.147573,65.169951
17.634033,67.279636,2.149874,65.129762
17.638487,67.235918,2.151792,65.084126
17.640149,67.221615,2.154093,65.067522
17.643080,67.197580,2.155627,65.041954
17.646146,67.171047,2.158311,65.012736
17.649612,67.143520,2.159078,64.984442
17.652058,67.121223,2.160612,64.960611
17.655105,67.094252,2.162529,64.931723
17.658186,67.064466,2.165597,64.898868
17.661263,67.036488,2.167131,64.869357
17.664546,67.003801,2.168665,64.835136
17.668781,66.962923,2.171733,64.791190
17.670724,66.938691,2.174418,64.764273
17.674239,66.899599,2.176719,64.722880
17.678686,66.869177,2.179020,64.690157
17.679945,66.837359,2.182088,64.655271
17.683553,66.796049,2.184389,64.611660
17.686459,66.764369,2.187073,64.577296
17.689630,66.726349,2.189374,64.536975
17.692370,66.695603,2.192059,64.503545
17.695169,66.661604,2.193593,64.468011
17.698258,66.624513,2.197427,64.427085
17.701057,66.592910,2.198961,64.393949
17.704329,66.555502,2.202029,64.353472
17.707182,66.522611,2.203947,64.318664
17.710172,66.484112,2.206248,64.277864
17.713336,66.444144,2.208932,64.235212
17.716245,66.406717,2.212767,64.193950
17.719555,66.364090,2.215068,64.149021
17.722241,66.330174,2.217369,64.112805
17.725112,66.293305,2.220054,64.073251
17.728245,66.250557,2.223122,64.027435
17.730924,66.213442,2.226573,63.986869
17.734242,66.168429,2.230025,63.938404
17.737182,66.128438,2.232709,63.895729
17.740433,66.086595,2.235010,63.851585
17.743196,66.047832,2.237694,63.810137
17.746130,66.008649,2.241146,63.767503
17.749524,65.958711,2.243830,63.714881
17.752012,65.921218,2.248432,63.672786
17.754924,65.878477,2.251117,63.627360
17.758344,65.830720,2.254185,63.576535
17.761416,65.786426,2.256486,63.529940
17.764506,65.740850,2.261855,63.478995
17.768644,65.677429,2.264539,63.412890
17.771024,65.642346,2.267991,63.374355
17.774662,65.587811,2.271442,63.316369
17.777930,65.528256,2.274894,63.253362
17.780454,65.497690,2.277578,63.220112
17.783624,65.451533,2.281029,63.170503
17.786447,65.405831,2.284097,63.121733
17.789566,65.359362,2.288699,63.070663
17.792324,65.312426,2.291384,63.021042
17.795493,65.263692,2.294835,62.968857
17.798686,65.218386,2.297903,62.920482
17.801612,65.166428,2.303272,62.863156
17.804822,65.113829,2.305957,62.807873
17.809114,65.052116,2.309792,62.742325
17.810141,65.017644,2.312476,62.705168
17.814094,64.964871,2.316311,62.648560
17.818897,64.912189,2.320529,62.591659
17.820162,64.859141,2.324748,62.534393
17.823649,64.799932,2.328199,62.471733
17.826731,64.750635,2.333568,62.417067
17.829941,64.696203,2.337020,62.359183
17.832921,64.646055,2.340855,62.305200
17.835825,64.594439,2.344690,62.249749
17.838865,64.540001,2.347758,62.192243
17.841762,64.491758,2.352743,62.139015
17.845065,64.437799,2.356194,62.081605
17.847896,64.372233,2.359646,62.012587
17.850913,64.332440,2.363097,61.969342
17.854288,64.271212,2.368083,61.903130
17.858581,64.196772,2.371151,61.825622
17.859889,64.165344,2.375369,61.789975
17.863550,64.109012,2.380738,61.728274
17.866948,64.046149,2.383806,61.662343
17.870151,63.987624,2.386874,61.600750
17.872749,63.940753,2.391093,61.549661
17.875614,63.890402,2.394928,61.495474
17.878770,63.835628,2.398379,61.437249
17.881615,63.780674,2.403364,61.377310
17.884788,63.721172,2.407199,61.313973
17.888235,63.657314,2.411034,61.246280
17.891035,63.607089,2.414869,61.192219
17.894230,63.548564,2.419855,61.128709
17.898470,63.466304,2.423690,61.042614
17.900152,63.436283,2.426758,61.009526
17.903538,63.374487,2.430976,60.943511
17.906352,63.322871,2.434428,60.888443
17.906352,63.322871,2.440947,60.881924
17.913400,63.209883,2.443631,60.766252
17.915815,63.137996,2.447466,60.690530
17.919610,63.076619,2.453219,60.623400
17.921614,63.025392,2.457437,60.567955
17.924690,62.970523,2.460889,60.509634
17.928443,62.903285,2.464724,60.438561
17.930061,62.863114,2.469326,60.393788
17.933699,62.797315,2.472777,60.324538
17.936637,62.741420,2.476612,60.264808
17.939834,62.680343,2.481981,60.198362
17.942474,62.630476,2.485816,60.144660
17.945524,62.569494,2.489267,60.080227
17.948743,62.510137,2.493486,60.016651
17.951257,62.457490,2.497704,59.959786
17.954775,62.395286,2.503457,59.891829
17.957730,62.333285,2.506908,59.826377
17.960719,62.282556,2.510360,59.772197
17.964075,62.214953,2.514578,59.700375
17.968864,62.134521,2.520714,59.613807
17.970750,62.099132,2.524165,59.574966
17.973861,62.027580,2.528384,59.499196
17.976862,61.968288,2.532219,59.436069
17.980200,61.909811,2.537971,59.371840
17.982774,61.852233,2.541423,59.310810
17.985881,61.794085,2.545258,59.248827
17.989552,61.730449,2.549476,59.180973
17.991758,61.678923,2.553311,59.125612
17.994641,61.622010,2.557146,59.064864
17.998544,61.555815,2.562515,58.993300
18.000762,61.511503,2.566350,58.945153
18.003921,61.445806,2.570185,58.875621
18.006870,61.387616,2.574020,58.813596
18.010329,61.331548,2.580156,58.751392
18.013025,61.271291,2.583607,58.687684
18.015985,61.212922,2.587826,58.625097
18.019554,61.152402,2.591277,58.561125
18.021971,61.099995,2.595112,58.504883
18.025110,61.038006,2.601248,58.436758
18.028478,60.979655,2.604699,58.374956
18.031345,60.917619,2.608918,58.308701
18.034478,60.855481,2.614287,58.241194
18.038091,60.793660,2.618505,58.175155
18.041046,60.734015,2.621957,58.112058
18.043973,60.677671,2.625408,58.052263
18.048690,60.596717,2.631161,57.965557
18.050276,60.556762,2.634995,57.921766
18.053862,60.492383,2.641131,57.851251
18.058654,60.407295,2.644199,57.763095
18.060285,60.366141,2.648034,57.718106
18.063617,60.303122,2.653787,57.649335
18.068488,60.219610,2.658005,57.561604
18.069785,60.189847,2.661073,57.528774
18.072656,60.135414,2.665292,57.470123
18.075621,60.079172,2.668743,57.410429
18.079640,60.017843,2.672578,57.345265
18.081558,59.971992,2.676413,57.295579
18.084632,59.915270,2.682165,57.233105
18.087781,59.854139,2.686000,57.168138
18.090707,59.801768,2.689452,57.112316
18.093754,59.747731,2.692903,57.054827
18.098693,59.664231,2.698656,56.965575
18.100053,59.631849,2.702874,56.928975
18.103347,59.571527,2.705559,56.865968
18.106671,59.510761,2.711311,56.799450
18.110539,59.450498,2.715529,56.734969
18.113683,59.392165,2.718981,56.673184
18.118783,59.341621,2.723966,56.617655
18.119720,59.287003,2.727034,56.559969
18.123535,59.220611,2.732403,56.488207
18.126598,59.165747,2.736238,56.429509
18.129690,59.111362,2.740457,56.370906
18.132678,59.058722,2.743908,56.314814
18.136076,59.001629,2.748894,56.252735
18.139551,58.942217,2.751962,56.190256
18.142274,58.896210,2.755029,56.141180
18.145350,58.842251,2.758864,56.083386
18.148605,58.791216,2.763850,56.027366
18.151392,58.738090,2.767685,55.970405
18.154464,58.688907,2.770753,55.918154
18.158611,58.620531,2.774204,55.846326
18.160501,58.589030,2.779190,55.809840
18.164465,58.521804,2.782641,55.739163
18.168774,58.456239,2.788010,55.668229
18.170407,58.423066,2.791078,55.631988
18.174229,58.365896,2.794530,55.571366
18.178617,58.294775,2.797597,55.497178
18.180232,58.268380,2.802583,55.465797
18.183751,58.214541,2.805651,55.408890
18.188549,58.137908,2.810636,55.327272
18.190017,58.115779,2.813704,55.302075
18.193599,58.060274,2.816389,55.243885
18.196468,58.013853,2.821758,55.192095
18.199874,57.965401,2.824826,55.140575
18.202665,57.920784,2.827510,55.093274
18.205656,57.876957,2.830195,55.046763
18.209018,57.831399,2.834030,54.997370
18.211593,57.786938,2.837864,54.949073
18.215051,57.738018,2.840549,54.897469
18.218173,57.689308,2.844000,54.845308
18.221011,57.651965,2.847068,54.804897
18.224385,57.602027,2.850136,54.751891
18.228695,57.541974,2.853588,54.688386
18.230069,57.517586,2.856656,54.660931
18.233776,57.470081,2.859724,54.610357
18.236562,57.429934,2.861641,54.568293
18.239733,57.388301,2.864709,54.523591
18.242422,57.351551,2.868928,54.482623
18.245523,57.311236,2.871612,54.439624
18.248830,57.268746,2.873913,54.394833
18.251468,57.229671,2.876214,54.353457
18.254674,57.187619,2.880049,54.307570
18.257877,57.139280,2.882733,54.256547
18.260742,57.112076,2.884651,54.227425
18.264139,57.071174,2.887335,54.183839
18.269062,57.032986,2.890020,54.142966
18.270181,56.993259,2.893855,54.099404
18.273505,56.953387,2.896156,54.057231
18.276490,56.918291,2.898073,54.020218
18.279560,56.884526,2.901141,53.983385
18.282459,56.850179,2.904209,53.945970
18.285330,56.815287,2.906894,53.908393
18.288781,56.779124,2.909195,53.869930
18.291352,56.744184,2.911496,53.832689
18.294659,56.707848,2.914563,53.793285
18.297846,56.667300,2.916481,53.750819
18.300970,56.644296,2.918398,53.725897
18.304258,56.609458,2.920699,53.688758
18.307179,56.580084,2.923000,53.657084
18.310302,56.545330,2.926068,53.619262
18.313533,56.508832,2.928369,53.580463
18.316560,56.477236,2.930670,53.546565
18.319831,56.445232,2.932204,53.513028
18.322440,56.420053,2.934505,53.485548
18.325390,56.393730,2.936806,53.456923
18.328796,56.364099,2.938724,53.425375
18.331415,56.337290,2.940641,53.396649
18.334426,56.308534,2.942175,53.366359
18.338593,56.271263,2.944476,53.326787
18.340044,56.257463,2.946777,53.310686
18.343634,56.230415,2.948311,53.282104
18.349078,56.203456,2.949462,53.253995
18.350267,56.178379,2.952146,53.226233
18.353429,56.152254,2.953297,53.198957
18.356397,56.129921,2.955214,53.174707
18.359550,56.104748,2.957131,53.147617
18.362280,56.083626,2.958665,53.124960
18.365115,56.059921,2.960199,53.099722
18.368267,56.034317,2.962500,53.071816
18.370960,56.015789,2.963651,53.052138
18.374438,55.992839,2.964801,53.028038
18.378676,55.965911,2.967102,52.998809
18.380399,55.952105,2.967869,52.984236
18.384283,55.928748,2.969020,52.959728
18.388734,55.904270,2.971704,52.932566
18.389946,55.893688,2.972471,52.921217
18.393531,55.877683,2.973238,52.904445
18.398708,55.850838,2.975539,52.875299
18.403464,55.829375,2.976690,52.852685
18.406432,55.815053,2.977457,52.837597
18.406432,55.815053,2.979374,52.835679
18.412484,55.784637,2.980141,52.804496
18.415103,55.768399,2.980525,52.787874
18.418088,55.754515,2.982059,52.772456
18.420910,55.741482,2.983209,52.758273
18.423809,55.728000,2.984360,52.743640
18.426732,55.715656,2.984743,52.730913
18.429737,55.704930,2.985127,52.719804
18.432391,55.696338,2.986277,52.710061
18.435264,55.687463,2.986661,52.700803
18.438512,55.678529,2.987811,52.690718
18.441238,55.670392,2.988578,52.681814
18.444181,55.665071,2.988962,52.676109
18.448497,55.656448,2.988578,52.667870
18.449997,55.652362,2.989345,52.663017
18.453417,55.646363,2.990112,52.656251
18.456320,55.640947,2.990496,52.650451
18.459777,55.636285,2.990879,52.645406
18.462141,55.633187,2.990879,52.642308
18.465255,55.631144,2.990879,52.640264
18.468517,55.630406,2.990879,52.639527
18.471256,55.630448,2.990879,52.639569
18.474559,55.629580,2.990879,52.638701
18.477887,55.627854,2.991646,52.636208
18.480645,55.626829,2.990879,52.635950
18.483988,55.625163,2.991263,52.633901
18.488491,55.622797,2.991263,52.631534
18.489908,55.622623,2.991263,52.631360
18.493232,55.621011,2.991646,52.629365
18.496130,55.620633,2.991263,52.629371
18.499593,55.620130,2.991646,52.628484
18.502177,55.620490,2.991646,52.628844
18.505202,55.621724,2.991646,52.630078
18.509227,55.622563,2.991263,52.631300
18.511011,55.624720,2.991263,52.633457
18.514440,55.627111,2.991263,52.635848
18.518521,55.631988,2.990879,52.641109
18.520136,55.635140,2.990112,52.645028
18.523633,55.640036,2.989729,52.650307
18.528514,55.647268,2.989345,52.657923
18.529835,55.649509,2.989345,52.660164
18.532950,55.653111,2.989345,52.663766
18.535740,55.657167,2.988962,52.668206
18.539690,55.661500,2.988578,52.672921
18.541660,55.666131,2.988578,52.677553
18.545115,55.672429,2.987811,52.684618
18.548402,55.682772,2.987428,52.695344
18.551091,55.693611,2.986661,52.706951
18.554139,55.703360,2.985127,52.718234
18.558858,55.719869,2.984743,52.735126
18.560178,55.726796,2.983593,52.743203
18.563533,55.740158,2.983209,52.756949
18.566450,55.751052,2.982442,52.768610
18.569701,55.762029,2.981292,52.780738
18.572186,55.772450,2.980525,52.791925
18.575283,55.785033,2.979374,52.805659
18.578495,55.800073,2.978607,52.821466
18.581375,55.817450,2.977073,52.840377
18.584401,55.833485,2.975539,52.857946
18.588516,55.857262,2.974389,52.882873
18.590749,55.872997,2.973622,52.899375
18.593806,55.894934,2.971704,52.923230
18.599270,55.915367,2.969787,52.945581
18.600295,55.934620,2.968253,52.966367
18.603282,55.957720,2.967486,52.990234
18.606607,55.976840,2.965568,53.011272
18.609750,55.997513,2.964801,53.032712
18.612519,56.014327,2.963267,53.051060
18.615483,56.033352,2.962117,53.071235
18.618759,56.054846,2.960199,53.094646
18.621332,56.077496,2.958282,53.119214
18.624640,56.103280,2.957131,53.146149
18.628603,56.135260,2.954447,53.180813
18.630324,56.150845,2.952530,53.198316
18.633992,56.181004,2.950996,53.230008
18.638654,56.224219,2.949078,53.275141
18.640342,56.239870,2.946010,53.293860
18.643666,56.271029,2.944093,53.326937
18.646690,56.300534,2.942559,53.357976
18.650020,56.331843,2.940258,53.391586
18.652585,56.357190,2.938724,53.418466
18.655429,56.380907,2.936039,53.444867
18.658368,56.409459,2.934505,53.474954
18.661367,56.435956,2.932588,53.503368
18.664522,56.465713,2.930287,53.535426
18.668774,56.507352,2.926835,53.580517
18.670314,56.527671,2.925685,53.601987
18.674033,56.566974,2.923000,53.643973
18.678689,56.599643,2.920699,53.678943
18.679948,56.632288,2.917631,53.714656
18.683064,56.666071,2.915714,53.750357
18.686209,56.697158,2.913413,53.783745
18.689597,56.736628,2.910729,53.825900
18.692003,56.767967,2.909578,53.858389
18.695362,56.809241,2.904976,53.904265
18.698760,56.846302,2.902675,53.943627
18.701579,56.884550,2.900758,53.983792
18.705124,56.922779,2.896539,54.026240
18.709141,56.966108,2.894622,54.071487
18.711038,56.995625,2.891937,54.103688
18.714335,57.039122,2.888869,54.150253
18.718757,57.094244,2.886568,54.207675
18.719921,57.116726,2.882733,54.233993
18.723430,57.154231,2.880816,54.273415
18.726437,57.194935,2.878131,54.316804
18.729589,57.235214,2.875447,54.359767
18.732318,57.275811,2.872379,54.403432
18.735241,57.315718,2.868928,54.446791
18.738595,57.357621,2.865860,54.491761
18.741348,57.399596,2.863175,54.536421
18.744455,57.441247,2.860107,54.581140
18.748822,57.499478,2.857423,54.642055
18.750157,57.523902,2.853588,54.670314
18.753763,57.572995,2.850520,54.722476
18.758600,57.643942,2.847835,54.796107
18.760203,57.667557,2.843617,54.823940
18.763582,57.714865,2.840549,54.874316
18.766565,57.758415,2.838248,54.920167
18.769698,57.806921,2.834796,54.972125
18.772493,57.848824,2.831729,55.017096
18.775332,57.892878,2.829044,55.063834
18.778406,57.941031,2.824442,55.116589
18.781219,57.981825,2.820991,55.160835
18.784503,58.031530,2.818306,55.213224
18.788709,58.097317,2.813704,55.283613
18.790368,58.125756,2.810636,55.315120
18.794299,58.189704,2.807568,55.382135
18.798675,58.255557,2.804117,55.451440
18.800157,58.281515,2.799898,55.481616
18.803402,58.332220,2.796830,55.535390
18.806510,58.384136,2.792996,55.591140
18.806510,58.384136,2.789544,55.594592
18.813998,58.483940,2.784559,55.699382
18.815981,58.542783,2.781107,55.761676
18.819698,58.598737,2.777656,55.821082
18.821969,58.647783,2.773437,55.874345
18.825010,58.698782,2.769986,55.928796
18.828074,58.750721,2.766534,55.984187
18.830831,58.796872,2.763083,56.033790
18.833952,58.847715,2.759248,56.088468
18.836930,58.900278,2.755796,56.144482
18.839861,58.950846,2.752345,56.198501
18.842757,59.000065,2.746976,56.253089
18.845843,59.053604,2.743525,56.310080
18.849591,59.112699,2.740457,56.372242
18.851884,59.160701,2.736622,56.424080
18.854891,59.213678,2.733170,56.480507
18.858071,59.270902,2.727418,56.543485
18.860829,59.319738,2.723966,56.595772
18.864324,59.379360,2.720515,56.658845
18.868579,59.451499,2.716680,56.734819
18.870136,59.486259,2.711695,56.774564
18.873495,59.548763,2.708243,56.840520
18.878575,59.633587,2.704408,56.929179
18.879878,59.664818,2.699806,56.965012
18.882957,59.719987,2.694437,57.025550
18.885880,59.774168,2.691369,57.082799
18.889633,59.832981,2.687534,57.145446
18.891817,59.884285,2.684466,57.199819
18.894740,59.937908,2.680631,57.257277
18.897866,59.997800,2.674496,57.323304
18.900770,60.053119,2.669894,57.383225
18.904098,60.111332,2.666059,57.445274
18.909182,60.189667,2.660690,57.528977
18.910387,60.230551,2.657238,57.573313
18.913959,60.295530,2.653403,57.642126
18.918498,60.378113,2.647651,57.730462
18.920329,60.418560,2.643432,57.775127
18.923883,60.484994,2.639981,57.845013
18.928683,60.568369,2.634612,57.933757
18.930168,60.608300,2.631161,57.977139
18.933839,60.672440,2.626942,58.045497
18.938900,60.729311,2.621573,58.107738
18.939811,60.784995,2.617355,58.167641
18.943243,60.853365,2.613136,58.240229
18.946151,60.909182,2.610068,58.299114
18.949579,60.966395,2.604699,58.361695
18.952070,61.021959,2.600481,58.421479
18.955017,61.080419,2.596262,58.484156
18.958314,61.134443,2.592428,58.542016
18.961105,61.194101,2.587442,58.606659
18.964455,61.265101,2.583224,58.681878
18.968045,61.333885,2.579772,58.754113
18.970945,61.388245,2.573636,58.814609
18.974016,61.445242,2.569418,58.875824
18.978909,61.528497,2.565966,58.962530
18.980246,61.564629,2.561748,59.002881
18.983619,61.628451,2.556379,59.072072
18.986664,61.688834,2.552544,59.136290
18.989834,61.752398,2.548326,59.204072
18.992777,61.808388,2.544491,59.263898
18.995752,61.865913,2.540656,59.325257
18.999566,61.931035,2.534520,59.396515
19.001816,61.981087,2.531452,59.449635
19.004818,62.040061,2.526850,59.513211
19.008862,62.104650,2.523015,59.581635
19.010980,62.152096,2.516495,59.635600
19.014497,62.219154,2.513044,59.706110
19.017963,62.299490,2.508442,59.791048
19.020935,62.344862,2.502690,59.842172
19.024435,62.409829,2.499238,59.910590
19.028820,62.490650,2.493486,59.997164
19.030811,62.534057,2.489651,60.044406
19.034498,62.603524,2.485432,60.118091
19.038589,62.682937,2.481214,60.201723
19.039824,62.714929,2.477762,60.237167
19.043410,62.771848,2.474695,60.297154
19.046217,62.824830,2.470476,60.354354
19.049285,62.883529,2.464724,60.418805
19.051816,62.932994,2.461272,60.471722
19.055317,62.995629,2.457437,60.538192
19.058205,63.054850,2.452835,60.602014
19.061030,63.105854,2.449384,60.656471
19.064060,63.164859,2.443631,60.721227
19.067012,63.217679,2.440563,60.777116
19.070208,63.278307,2.436345,60.841962
19.073117,63.330930,2.433277,60.897653
19.076015,63.386669,2.429442,60.957227
19.079081,63.444750,2.423690,61.021061
19.081945,63.496786,2.420238,61.076548
19.085138,63.555850,2.416787,61.139063
19.088241,63.615963,2.413335,61.202628
19.091476,63.670509,2.407199,61.263310
19.094459,63.727860,2.403364,61.324495
19.098663,63.803282,2.399913,61.403369
19.100744,63.843274,2.395694,61.447579
19.104156,63.901757,2.390326,61.511431
19.107162,63.959089,2.387258,61.571832
19.110186,64.011916,2.383806,61.628110
19.113598,64.072891,2.380355,61.692537
19.118837,64.124292,2.374219,61.750073
19.119956,64.186574,2.370384,61.816190
19.123507,64.248652,2.365782,61.882870
19.126456,64.300508,2.362714,61.937794
19.129745,64.357858,2.359646,61.998212
19.132484,64.406760,2.355427,62.051332
19.135523,64.459335,2.350442,62.108893
19.138838,64.512611,2.347758,62.164853
19.142363,64.575744,2.343539,62.232204
19.145299,64.627036,2.340471,62.286565
19.148438,64.680851,2.335869,62.344982
19.151164,64.727686,2.333185,62.394501
19.154374,64.778720,2.329350,62.449371
19.157247,64.826202,2.325515,62.500687
19.160363,64.877003,2.322830,62.554173
19.163263,64.927097,2.318995,62.608102
19.166189,64.974291,2.314010,62.660281
19.169576,65.028843,2.310942,62.717901
19.172017,65.070926,2.309025,62.761901
19.174848,65.115393,2.305957,62.809437
19.177770,65.176447,2.302505,62.873942
19.180469,65.206276,2.299054,62.907222
19.183826,65.258940,2.295986,62.962955
19.186924,65.306284,2.292151,63.014133
19.190056,65.355413,2.289083,63.066330
19.193080,65.402493,2.285631,63.116862
19.195804,65.446403,2.283330,63.163073
19.199011,65.491033,2.280262,63.210770
19.201558,65.534679,2.277194,63.257485
19.204930,65.583719,2.274127,63.309592
19.209418,65.638133,2.269525,63.368609
19.210837,65.673013,2.266073,63.406940
19.214347,65.723137,2.263005,63.460132
19.218675,65.786516,2.258787,63.527729
19.219989,65.813061,2.256102,63.556959
19.223661,65.857522,2.253801,63.603721
19.226463,65.898598,2.250350,63.648248
19.229718,65.945247,2.247282,63.697965
19.232584,65.985933,2.242680,63.743253
19.235553,66.026841,2.240762,63.786079
19.238779,66.069751,2.238078,63.831673
19.241670,66.106974,2.235394,63.871580
19.244704,66.149542,2.231942,63.917600
19.247780,66.201901,2.228491,63.973410
19.250535,66.228931,2.226573,64.002358
19.254052,66.273998,2.223122,64.050876
19.256805,66.310412,2.220437,64.089975
19.259853,66.346083,2.218136,64.127947
19.262516,66.379387,2.215452,64.163936
19.265425,66.418042,2.213151,64.204892
19.268732,66.454001,2.208932,64.245069
19.271255,66.490709,2.206631,64.284077
19.274567,66.529346,2.204330,64.325016
19.278623,66.577630,2.202413,64.375218
19.280149,66.597668,2.200112,64.397556
19.283453,66.634951,2.197427,64.437523
19.286387,66.668609,2.193593,64.475016
19.289564,66.705640,2.190908,64.514732
19.292283,66.736967,2.189374,64.547593
19.295141,66.768347,2.185923,64.582425
19.298354,66.804102,2.184389,64.619714
19.301183,66.832619,2.182471,64.650148
19.304368,66.864461,2.179787,64.684674
19.307213,66.894164,2.177486,64.716678
19.310178,66.927762,2.175568,64.752193
19.313452,66.957878,2.174034,64.783844
19.316311,66.985705,2.172117,64.813588
19.319579,67.018620,2.169049,64.849571
19.322292,67.046214,2.167515,64.878699
19.325135,67.075120,2.164447,64.910673
19.328160,67.107141,2.162146,64.944995
19.330890,67.129354,2.160228,64.969126
19.334193,67.156025,2.159461,64.996564
19.339131,67.181336,2.157544,65.023792
19.340269,67.207851,2.154860,65.052991
19.343601,67.237164,2.153326,65.083839
19.346652,67.262319,2.151408,65.110911
19.349799,67.288888,2.150258,65.138631
19.352804,67.314678,2.147573,65.167105
19.355815,67.338952,2.146423,65.192530
19.359049,67.363041,2.144889,65.218152
19.361788,67.380915,2.143738,65.237177
19.365053,67.402199,2.141437,65.260762
19.368061,67.428007,2.140287,65.287720
19.370947,67.444078,2.139136,65.304942
19.374391,67.468909,2.136835,65.332074
19.378724,67.502537,2.135685,65.366852
19.379882,67.516187,2.133384,65.382803
19.383521,67.537962,2.131850,65.406113
19.386486,67.557473,2.130699,65.426773
19.389651,67.575497,2.129549,65.445948
19.392355,67.588542,2.128398,65.460143
19.395322,67.600328,2.128015,65.472313
19.398675,67.610053,2.126864,65.483189
19.401451,67.622253,2.126097,65.496156
19.404850,67.635885,2.125714,65.510172
19.409167,67.654695,2.123413,65.531282
19.410339,67.665690,2.123029,65.542661
19.414166,67.684595,2.121879,65.562716
19.418532,67.713124,2.120345,65.592779
19.420325,67.726804,2.119194,65.607609
19.424103,67.745020,2.117660,65.627359
19.428911,67.763769,2.117277,65.646492
19.430356,67.771379,2.116510,65.654869
19.434191,67.777305,2.115360,65.661946
19.437204,67.784274,2.115360,65.668915
19.440220,67.791483,2.114976,65.676507
19.442954,67.796055,2.114593,65.681462
19.445919,67.801436,2.114209,65.687226
19.449058,67.810831,2.113442,65.697389
19.452059,67.818867,2.113059,65.705808
19.455361,67.825272,2.112292,65.712981
19.458693,67.834164,2.111141,65.723023
19.461210,67.842206,2.110758,65.731448
19.464604,67.845639,2.111141,65.734498
19.468673,67.846179,2.110374,65.735805
19.470681,67.845771,2.110374,65.735397
19.473981,67.845178,2.111525,65.733653
19.478663,67.845166,2.111141,65.734025
19.480211,67.845160,2.110758,65.734402
19.483263,67.846233,2.110758,65.735475
19.486219,67.846922,2.110758,65.736164
19.489723,67.846970,2.110374,65.736595
19.493178,67.846964,2.110758,65.736206
19.496568,67.846622,2.110374,65.736248
19.499683,67.846077,2.110758,65.735319
19.502252,67.845394,2.110758,65.734636
19.505054,67.845058,2.110758,65.734301
19.509321,67.843830,2.111141,65.732689
19.510555,67.843308,2.110758,65.732551
19.514357,67.840953,2.110758,65.730196
19.518582,67.837802,2.110758,65.727044
19.519979,67.836399,2.111141,65.725258
19.523549,67.832798,2.111525,65.721274
19.526402,67.830515,2.111141,65.719374
19.529616,67.827082,2.111525,65.715557
19.532384,67.824871,2.111525,65.713346
19.535332,67.822552,2.111525,65.711027
19.538679,67.819088,2.111908,65.707180
19.541755,67.811946,2.112675,65.699271
19.545009,67.798332,2.112292,65.686040
19.548097,67.787738,2.113442,65.674296
19.550693,67.776508,2.114209,65.662299
19.553936,67.765633,2.114976,65.650657
19.556734,67.751785,2.116126,65.635658
19.559777,67.741586,2.116893,65.624693
19.562627,67.730705,2.117660,65.613044
19.565739,67.720698,2.118427,65.602270
19.569720,67.709858,2.118811,65.591047
19.572067,67.700636,2.119194,65.581442
19.575074,67.692864,2.119961,65.572903
19.577980,67.676901,2.121112,65.555789
19.580752,67.667955,2.122262,65.545693
19.584236,67.648151,2.123413,65.524738
19.588659,67.618107,2.124947,65.493160
19.590190,67.605092,2.126864,65.478228
19.593378,67.580542,2.128782,65.451760
19.596317,67.553817,2.130699,65.423118
19.599612,67.529543,2.131466,65.398077
19.602162,67.512172,2.133000,65.379172
19.605267,67.494466,2.134918,65.359548
19.608821,67.477772,2.136068,65.341703
19.611673,67.463037,2.136835,65.326202
19.614981,67.444863,2.138369,65.306494
19.618404,67.424616,2.139520,65.285096
19.621478,67.401055,2.141054,65.260001
19.624550,67.375037,2.142971,65.232066
19.628739,67.335585,2.146039,65.189546
19.630800,67.314858,2.148340,65.166518
19.634601,67.273369,2.150641,65.122728
19.638201,67.235606,2.152559,65.083048
19.640993,67.214448,2.155243,65.059205
19.644454,67.186327,2.156777,65.029550
19.647750,67.150398,2.158311,64.992088
19.650639,67.134244,2.160612,64.973632
19.654185,67.103756,2.162529,64.941226
19.659041,67.074203,2.164063,64.910139
19.660268,67.045309,2.165597,64.879711
19.663373,67.015180,2.167515,64.847666
19.666188,66.986940,2.170966,64.815973
19.669660,66.953096,2.173267,64.779829
19.672202,66.922788,2.175185,64.747603
19.675056,66.892390,2.176719,64.715671
19.678091,66.852393,2.179403,64.672990
19.681022,66.824314,2.182855,64.641459
19.684444,66.786048,2.185156,64.600892
19.688623,66.737925,2.187457,64.550469
19.689842,66.717912,2.190525,64.527387
19.693562,66.679329,2.192059,64.487270
19.696474,66.644508,2.195127,64.449382
19.699597,66.608801,2.198194,64.410607
19.702405,66.576720,2.200495,64.376224
19.705819,66.538035,2.202796,64.335238
19.709176,66.498181,2.205481,64.292700
19.711951,66.462893,2.208549,64.254345
19.715346,66.417959,2.210466,64.207492
19.718413,66.378501,2.215068,64.163432
19.721384,66.341218,2.216986,64.124232
19.724529,66.301831,2.220054,64.081778
19.728683,66.246339,2.222738,64.023600
19.730690,66.218050,2.227340,63.990710
19.734347,66.164930,2.229641,63.935289
19.738748,66.107681,2.231942,63.875739
19.740413,66.081729,2.236544,63.845185
19.744401,66.031342,2.239612,63.791730
19.748551,65.969275,2.243830,63.725445
19.750651,65.942281,2.246515,63.695766
19.754246,65.889101,2.249199,63.639901
19.760038,65.827436,2.253801,63.573635
19.760038,65.800621,2.258020,63.542601
19.764419,65.743193,2.261471,63.481722
19.768608,65.677196,2.264156,63.413040
19.770279,65.650273,2.268374,63.381899
19.774020,65.597896,2.271442,63.326454
19.778676,65.527603,2.274510,63.253093
19.780182,65.505162,2.277194,63.227968
19.783440,65.453894,2.281796,63.172097
19.786616,65.404105,2.285248,63.118857
19.789741,65.354395,2.287932,63.066462
19.792738,65.306829,2.291000,63.015829
19.795965,65.256897,2.295986,62.960911
19.798867,65.207995,2.299437,62.908558
19.801788,65.164612,2.302889,62.861724
19.804851,65.113428,2.305573,62.807855
19.809476,65.052075,2.308641,62.743433
19.810566,65.013479,2.314010,62.699469
19.814435,64.958118,2.317461,62.640657
19.818790,64.886896,2.322447,62.564449
19.820468,64.850686,2.326282,62.524404
19.824342,64.788805,2.330117,62.458688
19.828711,64.719021,2.333568,62.385453
19.829918,64.688671,2.336253,62.352418
19.833424,64.637426,2.341622,62.295805
19.836338,64.584911,2.345457,62.239455
19.839604,64.531132,2.348908,62.182224
19.842216,64.484675,2.351976,62.132699
19.845206,64.435079,2.355811,62.079268
19.848244,64.376817,2.359646,62.017171
19.851140,64.327988,2.364631,61.963356
19.854427,64.271860,2.368083,61.903777
19.858734,64.197078,2.371534,61.825544
19.860467,64.158399,2.376520,61.781879
19.864321,64.094775,2.379971,61.714803
19.868150,64.015841,2.385340,61.630500
19.871070,63.972512,2.388792,61.583720
19.874508,63.912189,2.392627,61.519562
19.878792,63.834945,2.396078,61.438867
19.879915,63.802557,2.401063,61.401494
19.883541,63.747532,2.404515,61.343017
19.886389,63.693321,2.407966,61.285355
19.889631,63.636863,2.412185,61.224679
19.892217,63.586134,2.415253,61.170881
19.895007,63.534314,2.419471,61.114843
19.897955,63.466058,2.423306,61.042752
19.900619,63.429992,2.426758,61.003234
19.903480,63.377027,2.430593,60.946435
19.906202,63.325028,2.434428,60.890600
19.909713,63.263429,2.437879,60.825550
19.911806,63.217715,2.441714,60.776001
19.914739,63.164775,2.445932,60.718842
19.918653,63.091989,2.449000,60.642988
19.919878,63.058259,2.455136,60.603123
19.923351,62.999500,2.459355,60.540146
19.926259,62.945122,2.462423,60.482699
19.929567,62.885369,2.466258,60.419111
19.931963,62.839721,2.470476,60.369245
19.934708,62.786163,2.473928,60.312236
19.937675,62.709446,2.477762,60.231684
19.940577,62.670857,2.483515,60.187342
19.944104,62.607269,2.487733,60.119535
19.948938,62.539013,2.491185,60.047828
19.950047,62.491417,2.495020,59.996397
19.953447,62.426690,2.498471,59.928219
19.956357,62.371641,2.504607,59.867034
19.959656,62.309077,2.508442,59.800635
19.962432,62.254022,2.511894,59.742128
19.965296,62.197774,2.516112,59.681662
19.968395,62.134743,2.519947,59.614796
19.971351,62.082785,2.526466,59.556319
19.974545,62.020036,2.530301,59.489734
19.979113,61.939705,2.533369,59.406336
19.980816,61.895532,2.538738,59.356793
19.984135,61.834304,2.542957,59.291348
19.988745,61.778068,2.546408,59.231660
19.989947,61.719543,2.551394,59.168150
19.993132,61.658693,2.555612,59.103081
19.996033,61.603602,2.560597,59.043004
19.999646,61.536670,2.564049,58.972621
20.002225,61.485000,2.568267,58.916733
20.005652,61.417595,2.572102,58.845492
20.009163,61.360598,2.577855,58.782743
20.011972,61.295913,2.581690,58.714223
20.015561,61.227237,2.587059,58.640179
20.018662,61.170055,2.591277,58.578777
20.021651,61.110846,2.595112,58.515734
20.024899,61.048439,2.600097,58.448341
20.028196,60.976419,2.603932,58.372487
20.031202,60.926116,2.608151,58.317965
20.034401,60.866548,2.611986,58.254562
20.039232,60.809821,2.615821,58.194000
20.040223,60.754669,2.621190,58.133480
20.043655,60.690680,2.625408,58.065271
20.046584,60.636043,2.629243,58.006800
20.049824,60.574253,2.632695,57.941558
20.052849,60.517154,2.638063,57.879091
20.055754,60.461547,2.642282,57.819265
20.059399,60.394549,2.646117,57.748432
20.062027,60.341939,2.649568,57.692370
20.065336,60.281766,2.653403,57.628363
20.068291,60.223403,2.659156,57.564247
20.071135,60.172128,2.662991,57.509137
20.074385,60.110547,2.666826,57.443722
20.078827,60.032494,2.671811,57.360683
20.080375,59.993443,2.675646,57.317797
20.084174,59.929651,2.679864,57.249787
20.089016,59.872708,2.683316,57.189392
20.090275,59.816664,2.688685,57.127979
20.093461,59.761375,2.692520,57.068855
20.096450,59.706163,2.696738,57.009425
20.099649,59.648909,2.699806,56.949103
20.102504,59.595519,2.705559,56.889961
20.105396,59.542507,2.709394,56.833113
20.108915,59.487901,2.712845,56.775056
20.111217,59.436992,2.716680,56.720312
20.114424,59.381265,2.720515,56.660750
20.118647,59.306142,2.723583,56.582559
20.120164,59.275480,2.728952,56.546529
20.123874,59.214199,2.732403,56.481796
20.128775,59.130190,2.737389,56.392801
20.130033,59.097287,2.741224,56.356063
20.133691,59.042375,2.745059,56.297317
20.136490,58.993066,2.748127,56.244940
20.139622,58.941408,2.751195,56.190214
20.142492,58.890397,2.756563,56.133834
20.145558,58.839243,2.760398,56.078844
20.148760,58.787986,2.763466,56.024520
20.151400,58.739192,2.766918,55.972274
20.154766,58.684005,2.770753,55.913252
20.158009,58.618571,2.775738,55.842833
20.161018,58.577987,2.778806,55.799180
20.164448,58.522835,2.784175,55.738660
20.168827,58.455406,2.787243,55.668163
20.170305,58.425427,2.790311,55.635116
20.174050,58.368796,2.796063,55.572732
20.178705,58.293367,2.799131,55.494236
20.180200,58.261675,2.802199,55.459475
20.184155,58.209088,2.806418,55.402670
20.188920,58.162038,2.809869,55.352169
20.190196,58.109230,2.812937,55.296292
20.193325,58.060502,2.816772,55.243729
20.196343,58.015597,2.820224,55.195373
20.199689,57.967708,2.824059,55.143649
20.202625,57.923792,2.829428,55.094364
20.206236,57.867969,2.831729,55.036241
20.206236,57.867969,2.834796,55.033173
20.212343,57.775631,2.838248,54.937383
20.215004,57.731744,2.840932,54.890812
20.218155,57.688134,2.844000,54.844133
20.220912,57.646932,2.848219,54.798713
20.223850,57.602135,2.851287,54.750848
20.228708,57.540878,2.853971,54.686906
20.230154,57.513997,2.857423,54.656574
20.233651,57.467187,2.860491,54.606696
20.236702,57.422719,2.863559,54.559161
20.239747,57.383765,2.865860,54.517905
20.242666,57.343683,2.868544,54.475139
20.245510,57.305591,2.870462,54.435130
20.248863,57.261771,2.875063,54.386708
20.251953,57.221198,2.877364,54.343834
20.255450,57.174790,2.881199,54.293590
20.259329,57.133186,2.883500,54.249686
20.261676,57.097665,2.885418,54.212247
20.264718,57.059633,2.887719,54.171914
20.268528,57.014045,2.890787,54.123258
20.270886,56.984941,2.894622,54.090320
20.273860,56.943446,2.896923,54.046523
20.278560,56.893130,2.900758,53.992373
20.280970,56.865477,2.903059,53.962418
20.284282,56.825042,2.906127,53.918915
20.288628,56.775200,2.909195,53.866005
20.290874,56.749068,2.911112,53.837956
20.293990,56.710083,2.913413,53.796670
20.298660,56.666599,2.916481,53.750118
20.300234,56.649779,2.918398,53.731380
20.303429,56.615516,2.920699,53.694816
20.306308,56.583578,2.922617,53.660961
20.309869,56.550346,2.925301,53.625044
20.312213,56.519145,2.928369,53.590775
20.315331,56.484312,2.930287,53.554026
20.318553,56.456833,2.932204,53.524628
20.321180,56.428969,2.934122,53.494848
20.324277,56.400980,2.935272,53.465708
20.328676,56.362960,2.938724,53.424237
20.330392,56.346254,2.940258,53.405997
20.333905,56.310367,2.941792,53.368576
20.338789,56.269663,2.944860,53.324803
20.340231,56.256235,2.946394,53.309841
20.343587,56.228395,2.949078,53.279317
20.348841,56.202959,2.949845,53.253114
20.349920,56.178241,2.951763,53.226479
20.353257,56.150600,2.953297,53.197303
20.356258,56.129118,2.955981,53.173137
20.359800,56.102932,2.957898,53.145034
20.362710,56.076465,2.959432,53.117033
20.365462,56.053198,2.960583,53.092615
20.368632,56.032417,2.962500,53.069917
20.371172,56.011649,2.964418,53.047231
20.374581,55.989879,2.965185,53.024694
20.378548,55.965527,2.966335,52.999192
20.380960,55.949079,2.968253,52.980826
20.383763,55.929605,2.969020,52.960585
20.386608,55.914079,2.970554,52.943525
20.389817,55.895156,2.972088,52.923068
20.392340,55.881350,2.972855,52.908495
20.395388,55.864746,2.974005,52.890741
20.398567,55.849352,2.975539,52.873813
20.401943,55.837164,2.975923,52.861242
20.404460,55.820644,2.976690,52.843954
20.409427,55.801883,2.978224,52.823659
20.410943,55.790570,2.979758,52.810812
20.414137,55.773193,2.980141,52.793051
20.418560,55.753233,2.981675,52.771558
20.419916,55.744928,2.982442,52.762486
20.423501,55.731032,2.983976,52.747056
20.426414,55.718389,2.984360,52.734029
20.429704,55.706584,2.985510,52.721074
20.432344,55.696739,2.985894,52.710846
20.435295,55.688009,2.987044,52.700965
20.438511,55.678607,2.987811,52.690796
20.441437,55.670488,2.988578,52.681910
20.445131,55.664813,2.988578,52.676235
20.447979,55.658402,2.988962,52.669440
20.450995,55.652661,2.988962,52.663700
20.454333,55.646172,2.990112,52.656060
20.458613,55.639305,2.990496,52.648809
20.460240,55.636147,2.990496,52.645651
20.463300,55.632869,2.990496,52.642374
20.466236,55.631617,2.990879,52.640738
20.469661,55.630424,2.991263,52.639162
20.472104,55.630436,2.990879,52.639557
20.475191,55.629795,2.990879,52.638916
20.478109,55.629232,2.991263,52.637970
20.481026,55.628058,2.990879,52.637179
20.484716,55.626799,2.990496,52.636304
20.488775,55.625523,2.990879,52.634644
20.490380,55.624906,2.991263,52.633643
20.494195,55.624540,2.991263,52.633278
20.497100,55.624744,2.991263,52.633481
20.500275,55.625924,2.991263,52.634662
20.502957,55.626542,2.991263,52.635279
20.506003,55.627752,2.990879,52.636873
20.509156,55.628861,2.990879,52.637981
20.511808,55.631299,2.990496,52.640804
20.515509,55.633594,2.990496,52.643099
20.518984,55.636926,2.990496,52.646430
20.521513,55.640389,2.990112,52.650277
20.525016,55.643901,2.990112,52.653789
20.527866,55.647939,2.989729,52.658211
20.530677,55.649911,2.989345,52.660566
20.533939,55.653961,2.989345,52.664616
20.536767,55.656922,2.988962,52.667960
20.539855,55.661260,2.988578,52.672682
20.542517,55.666880,2.988578,52.678302
20.545474,55.673376,2.988195,52.685181
20.548539,55.683706,2.987044,52.696662
20.551241,55.694067,2.985894,52.708173
20.554546,55.704906,2.985510,52.719396
20.558737,55.721672,2.984743,52.736929
20.560140,55.728366,2.983976,52.744389
20.563652,55.741117,2.982826,52.758291
20.566609,55.751723,2.981292,52.770431
20.569791,55.763569,2.980908,52.782661
20.572908,55.774786,2.980141,52.794645
20.575791,55.788143,2.979758,52.808385
20.579039,55.803656,2.977840,52.825816
20.581609,55.818900,2.976306,52.842594
20.585032,55.836655,2.975156,52.861499
20.587903,55.859575,2.974389,52.885186
20.590798,55.874106,2.972855,52.901251
20.594153,55.896798,2.970937,52.925861
20.598615,55.926914,2.969787,52.957127
20.599926,55.937305,2.968636,52.968668
20.603559,55.957612,2.967869,52.989742
20.606519,55.978494,2.966335,53.012159
20.606519,55.978494,2.964034,53.014460
20.613368,56.017383,2.962500,53.054883
20.616431,56.045816,2.961350,53.084466
20.619751,56.069988,2.959432,53.110555
20.622349,56.089079,2.958282,53.130797
20.625360,56.112046,2.956364,53.155682
20.628665,56.136380,2.953680,53.182700
20.631578,56.163327,2.951763,53.211564
20.634727,56.191993,2.950229,53.241765
20.638550,56.224752,2.948695,53.276058
20.640977,56.245191,2.945243,53.299948
20.643884,56.276290,2.944093,53.332198
20.648939,56.304160,2.942175,53.361984
20.649916,56.335510,2.939874,53.395636
20.652974,56.364734,2.938340,53.426394
20.655833,56.390081,2.936039,53.454041
20.659719,56.419771,2.933738,53.486033
20.661779,56.443986,2.931821,53.512165
20.665130,56.476241,2.929136,53.547105
20.668763,56.513638,2.926452,53.587186
20.671664,56.544012,2.924151,53.619861
20.674709,56.578808,2.922233,53.656575
20.678720,56.618847,2.919549,53.699298
20.680829,56.643463,2.916864,53.726599
20.683803,56.675820,2.914947,53.760873
20.688817,56.726160,2.913030,53.813131
20.690365,56.749320,2.909195,53.840125
20.693606,56.793488,2.906894,53.886594
20.698704,56.849100,2.903826,53.945275
20.699862,56.869228,2.900374,53.968854
20.703323,56.907703,2.897690,54.010013
20.706453,56.943416,2.895772,54.047644
20.709846,56.983419,2.893855,54.089565
20.712392,57.018629,2.889636,54.128993
20.715487,57.056787,2.887335,54.169452
20.718902,57.100248,2.884267,54.215980
20.721514,57.135350,2.881966,54.253383
20.724679,57.174820,2.880049,54.294771
20.729094,57.223158,2.877364,54.345793
20.730420,57.252429,2.873146,54.379283
20.733750,57.297832,2.870462,54.427370
20.736694,57.338680,2.868161,54.470519
20.740360,57.379157,2.865093,54.514064
20.742483,57.418621,2.862408,54.556212
20.745377,57.456503,2.860491,54.596012
20.748558,57.498376,2.856272,54.642103
20.751273,57.539733,2.852821,54.686912
20.755004,57.595700,2.849753,54.745947
20.758493,57.641168,2.845918,54.795250
20.761139,57.685857,2.843233,54.842623
20.764222,57.729653,2.840549,54.889104
20.768584,57.790677,2.836714,54.953963
20.770465,57.817402,2.832112,54.985290
20.773805,57.874387,2.829428,55.044959
20.776970,57.922635,2.826360,55.096276
20.779925,57.967846,2.822908,55.144938
20.782625,58.007298,2.820607,55.186691
20.785582,58.053970,2.816389,55.237582
20.788936,58.105323,2.812554,55.292769
20.791739,58.154434,2.809486,55.344948
20.794732,58.200250,2.806418,55.393832
20.797787,58.256522,2.802966,55.453555
20.800546,58.294428,2.797981,55.496447
20.803923,58.347548,2.794530,55.553018
20.806940,58.396342,2.791845,55.604497
20.810006,58.450019,2.788394,55.661625
20.813357,58.493845,2.785326,55.708520
20.816165,58.541273,2.779957,55.761316
20.819721,58.599720,2.777272,55.822448
20.822436,58.648466,2.773437,55.875028
20.825332,58.697170,2.769986,55.927184
20.828468,58.751458,2.765384,55.986074
20.831623,58.801582,2.761932,56.039650
20.834764,58.857555,2.758481,56.099074
20.837975,58.924241,2.754646,56.169595
20.840825,58.962920,2.749277,56.213643
20.844223,59.018712,2.745826,56.272887
20.848668,59.097724,2.742374,56.355350
20.850244,59.126546,2.738923,56.387624
20.853503,59.184304,2.735471,56.448833
20.856395,59.235309,2.730102,56.505207
20.859597,59.290497,2.726267,56.564229
20.862281,59.336864,2.722432,56.614431
20.865178,59.390469,2.719364,56.671105
20.868206,59.453320,2.715913,56.737407
20.871382,59.504355,2.710161,56.794195
20.874749,59.562287,2.706326,56.855961
20.877919,59.634606,2.702874,56.931732
20.881110,59.678144,2.697505,56.980639
20.884387,59.741217,2.693670,57.047547
20.888734,59.817293,2.689835,57.127458
20.889868,59.848896,2.686767,57.162128
20.893315,59.904460,2.682549,57.221912
20.896121,59.953895,2.678714,57.275181
20.899136,60.012612,2.672578,57.340034
20.902131,60.065367,2.669127,57.396240
20.905726,60.130465,2.664908,57.465557
20.909340,60.193089,2.659539,57.533549
20.911840,60.251446,2.655704,57.595741
20.915513,60.315010,2.649952,57.665058
20.919069,60.380953,2.646117,57.734836
20.922200,60.445620,2.642665,57.802955
20.925443,60.507153,2.638830,57.868323
20.928442,60.566086,2.633462,57.932624
20.931224,60.615245,2.629627,57.985618
20.934593,60.680433,2.625408,58.055025
20.938153,60.758456,2.619656,58.138801
20.941548,60.801827,2.615437,58.186390
20.944557,60.870581,2.612753,58.257828
20.948823,60.949539,2.607000,58.342538
20.949862,60.983346,2.602782,58.380564
20.953413,61.044280,2.598947,58.445333
20.956191,61.094272,2.595495,58.498777
20.958902,61.148980,2.591661,58.557320
20.961832,61.202190,2.587442,58.614748
20.965095,61.265791,2.583991,58.681800
20.968006,61.336503,2.580539,58.755964
20.970602,61.374607,2.574020,58.800588
20.974290,61.441216,2.569801,58.871414
20.979019,61.499759,2.566733,58.933025
20.980300,61.560063,2.560597,58.999466
20.983770,61.624335,2.557146,59.067189
20.986985,61.687132,2.552928,59.134204
20.990045,61.748275,2.548709,59.199566
20.992918,61.801389,2.543340,59.258049
20.996315,61.869346,2.539505,59.329841
20.999657,61.931370,2.535287,59.396084
21.002316,61.984586,2.531452,59.453135
21.005370,62.043411,2.527617,59.515794
21.008698,62.100312,2.521481,59.578831
21.011302,62.157519,2.517262,59.640256
21.014712,62.222473,2.513811,59.708662
21.018774,62.300598,2.509593,59.791006
21.020066,62.340698,2.503840,59.836857
21.023949,62.400798,2.499622,59.901177
21.026843,62.458371,2.496170,59.962200
21.029859,62.512989,2.491952,60.021037
21.032617,62.562975,2.488117,60.074858
21.035213,62.618810,2.484282,60.134528
21.038305,62.677334,2.480447,60.196888
21.041526,62.737819,2.474695,60.263124
21.044582,62.795403,2.470860,60.324543
21.047911,62.873768,2.467792,60.405976
21.050889,62.916342,2.461656,60.454686
21.054101,62.976041,2.457437,60.518604
21.056966,63.028047,2.453602,60.574445
21.060022,63.088513,2.449767,60.638746
21.062970,63.143083,2.446316,60.696768
21.065915,63.199170,2.442481,60.756689
21.069109,63.256838,2.437495,60.819342
21.071909,63.311228,2.433661,60.877568
21.075195,63.372905,2.429826,60.943079
21.078167,63.436937,2.425607,61.011329
21.081150,63.482027,2.420238,61.061789
21.084659,63.547365,2.417170,61.130195
21.087975,63.621709,2.413335,61.208374
21.090852,63.662731,2.407966,61.254765
21.094225,63.721130,2.404131,61.316999
21.098690,63.802911,2.400296,61.402614
21.100140,63.835094,2.395694,61.439400
21.103498,63.891300,2.392627,61.498674
21.106345,63.941754,2.389559,61.552196
21.109644,64.000561,2.384573,61.615988
21.112224,64.047371,2.380738,61.666633
21.115401,64.105261,2.376903,61.728358
21.118669,64.156685,2.373452,61.783233
21.121247,64.209751,2.369617,61.840134
21.124472,64.262865,2.365398,61.897467
21.128622,64.337503,2.361563,61.975940
21.130175,64.370675,2.358495,62.012180
21.133784,64.428967,2.354661,62.074306
21.136688,64.479306,2.351209,62.128097
21.139648,64.528148,2.345840,62.182308
21.142530,64.579273,2.342389,62.236884
21.145617,64.630829,2.339321,62.291508
21.148645,64.680815,2.336253,62.344563
21.151326,64.729543,2.333185,62.396358
21.154674,64.784880,2.327816,62.457064
21.157879,64.851501,2.324364,62.527136
21.161108,64.893751,2.319379,62.574372
21.164614,64.950101,2.315544,62.634557
21.167768,65.017009,2.313243,62.703766
21.171126,65.054663,2.309025,62.745639
21.174388,65.109365,2.307107,62.802258
21.178885,65.177196,2.303272,62.873924
21.180002,65.207396,2.299821,62.907575
21.183492,65.252672,2.295602,62.957070
21.188829,65.308267,2.292918,63.015350
21.190096,65.357600,2.288699,63.068901
21.193158,65.406322,2.286398,63.119924
21.196097,65.449813,2.281796,63.168017
21.199627,65.503814,2.279112,63.224702
21.202264,65.543398,2.276044,63.267354
21.205200,65.588626,2.272976,63.315650
21.208714,65.636156,2.269525,63.366631
21.211215,65.676788,2.264923,63.411866
21.214496,65.724857,2.262238,63.462619
21.218718,65.788248,2.259170,63.529077
21.219999,65.813426,2.256869,63.556557
21.223549,65.857846,2.253801,63.604045
21.226479,65.898131,2.249199,63.648932
21.229653,65.941981,2.246515,63.695466
21.232611,65.984238,2.243063,63.741174
21.235559,66.027860,2.240762,63.787098
21.238848,66.065646,2.238078,63.827568
21.241550,66.105608,2.234243,63.871365
21.244832,66.149614,2.231559,63.918055
21.247999,66.201362,2.228874,63.972488
21.250887,66.232653,2.226573,64.006079
21.253906,66.273183,2.223889,64.049295
21.256804,66.310478,2.220437,64.090041
21.259764,66.346730,2.217753,64.128978
21.262802,66.381748,2.214685,64.167064
21.265902,66.423226,2.212000,64.211225
21.269084,66.463217,2.209699,64.253518
21.271731,66.496305,2.205864,64.290441
21.275132,66.536231,2.203180,64.333051
21.278321,66.574778,2.201262,64.373516
21.281121,66.605865,2.198961,64.406904
21.284531,66.646048,2.195510,64.450538
21.288742,66.695819,2.192826,64.502993
21.289875,66.715773,2.190141,64.525632
21.293578,66.751390,2.187840,64.563550
21.296503,66.783316,2.185923,64.597393
21.299660,66.813612,2.183238,64.630374
21.302211,66.839725,2.181704,64.658021
21.305266,66.871310,2.179020,64.692290
21.308654,66.904806,2.176719,64.728087
21.311436,66.935461,2.174034,64.761427
21.315093,66.974326,2.172117,64.802209
21.318690,67.005258,2.169816,64.835442
21.321386,67.035602,2.167515,64.868087
21.324718,67.069984,2.164447,64.905537
21.327814,67.106968,2.163296,64.943671
21.330850,67.126406,2.160995,64.965411
21.334298,67.155696,2.158694,64.997001
21.338681,67.194225,2.156777,65.037448
21.340271,67.207276,2.155243,65.052033
21.343315,67.232880,2.153326,65.079554
21.346313,67.258868,2.152175,65.106693
21.349650,67.287864,2.149874,65.137989
21.352392,67.311832,2.148340,65.163492
21.355452,67.337568,2.146423,65.191145
21.358656,67.360188,2.144889,65.215300
21.361320,67.379171,2.143738,65.235433
21.364540,67.401108,2.141821,65.259288
21.368774,67.430056,2.139903,65.290153
21.370298,67.441909,2.138753,65.303156
21.373987,67.467219,2.136452,65.330768
21.378731,67.503789,2.134918,65.368872
21.380304,67.516187,2.133384,65.382803
21.383780,67.539754,2.131850,65.407904
21.386733,67.558431,2.130699,65.427732
21.389761,67.576725,2.128782,65.447943
21.392486,67.589147,2.128015,65.461132
21.395448,67.600604,2.127631,65.472973
21.398587,67.611510,2.126864,65.484645
21.401330,67.624614,2.125714,65.498900
21.404542,67.637072,2.124947,65.512125
21.407544,67.651735,2.123796,65.527938
21.410443,67.668345,2.123029,65.545315
21.413996,67.686267,2.121879,65.564388
21.416758,67.704789,2.120728,65.584060
21.419791,67.723232,2.119578,65.603654
21.422472,67.736163,2.118427,65.617736
21.425379,67.751198,2.117660,65.633537
21.428420,67.764081,2.116510,65.647571
21.431312,67.772589,2.116126,65.656463
21.434668,67.778174,2.115360,65.662815
21.439072,67.786108,2.115360,65.670748
21.440471,67.791411,2.114976,65.676435
21.444206,67.798110,2.114209,65.683901
21.449037,67.804006,2.113826,65.690181
21.450367,67.814085,2.112675,65.701410
21.453403,67.821725,2.112292,65.709433
21.456528,67.827196,2.111908,65.715288
21.459784,67.838251,2.111141,65.727110
21.462626,67.843920,2.111141,65.732779
21.465686,67.845478,2.111141,65.734336
21.469179,67.845370,2.110758,65.734612
21.471906,67.845585,2.111141,65.734444
21.475184,67.844489,2.110374,65.734115
21.478161,67.844998,2.110758,65.734241
21.481122,67.845627,2.110758,65.734870
21.484397,67.845681,2.110758,65.734924
21.488763,67.846712,2.110374,65.736338
21.489958,67.846862,2.110374,65.736488
21.493471,67.847107,2.110374,65.736733
21.496408,67.846382,2.111141,65.735241
21.499650,67.845675,2.110758,65.734918
21.502348,67.845340,2.110758,65.734582
21.505339,67.844543,2.110758,65.733785
21.508549,67.843944,2.111141,65.732802
21.511204,67.842625,2.111141,65.731484
21.514569,67.840396,2.110758,65.729639
21.518745,67.837724,2.110758,65.726966
21.520166,67.835746,2.110758,65.724989
21.523639,67.832559,2.111141,65.721417
21.526555,67.829784,2.110758,65.719027
21.529975,67.826399,2.111141,65.715258
21.532910,67.823954,2.111525,65.712429
21.539066,67.817446,2.111525,65.705922
21.540403,67.813342,2.111525,65.701817
21.544076,67.800926,2.112292,65.688635
21.546997,67.792645,2.112675,65.679970
21.549743,67.781386,2.114593,65.666793
21.552665,67.769587,2.114976,65.654611
21.555564,67.757735,2.115360,65.642376
21.558733,67.745265,2.116126,65.629139
21.561590,67.736205,2.116893,65.619312
21.564785,67.724359,2.118044,65.606315
21.567881,67.713771,2.118427,65.595343
21.570717,67.706502,2.119194,65.587308
21.574220,67.695807,2.119961,65.575845
21.578852,67.685081,2.120728,65.564352
21.580096,67.671353,2.122262,65.549090
21.583646,67.652555,2.123029,65.529526
21.586576,67.634112,2.124180,65.509932
21.589680,67.612187,2.126097,65.486089
21.592344,67.590393,2.127248,65.463145
21.595289,67.564394,2.129932,65.434461
21.598365,67.538591,2.132233,65.406358
21.601222,67.518530,2.132617,65.385913
21.604470,67.499409,2.134151,65.365258
21.609181,67.477076,2.135301,65.341775
21.610183,67.467807,2.136452,65.331355
21.614159,67.449189,2.137602,65.311587
21.618817,67.421566,2.139520,65.282046
21.620250,67.407125,2.141054,65.266071
21.623727,67.381586,2.142588,65.238998
21.626783,67.352950,2.144505,65.208445
21.630132,67.320545,2.147190,65.173355
21.632783,67.291465,2.148724,65.142741
21.635873,67.261462,2.151792,65.109671
21.639010,67.230801,2.152942,65.077859
21.641943,67.206634,2.155627,65.051008
21.645166,67.179832,2.157160,65.022671
21.648332,67.151705,2.159078,64.992627
21.650981,67.130067,2.160612,64.969455
21.654323,67.102539,2.162146,64.940394
21.657088,67.075024,2.164063,64.910960
21.660068,67.046369,2.165981,64.880389
21.662963,67.017164,2.168665,64.848499
21.666006,66.989396,2.170583,64.818814
21.669293,66.953995,2.172117,64.781878
21.672089,66.922674,2.175568,64.747106
21.675563,66.884528,2.178253,64.706276
21.678844,66.850547,2.180554,64.669993
21.681373,66.818447,2.182855,64.635593
21.684684,66.783184,2.185156,64.598028
21.688750,66.736230,2.188224,64.548006
21.690303,66.715886,2.190908,64.524978
21.693909,66.673978,2.192442,64.481536
21.697109,66.638295,2.195893,64.442401
21.700033,66.602198,2.197811,64.404387
21.702845,66.571638,2.200495,64.371143
21.705922,66.535050,2.203180,64.331871
21.709228,66.496533,2.205864,64.290669
21.711844,66.461174,2.208549,64.252625
21.715213,66.419894,2.210850,64.209044
21.718245,66.374893,2.213151,64.161743
21.720960,66.345268,2.217369,64.127899
21.724485,66.301220,2.220054,64.081167
21.728978,66.243942,2.223889,64.020053
21.730463,66.217019,2.226957,63.990062
21.734155,66.169112,2.229641,63.939471
21.737060,66.128845,2.231942,63.896903
21.740108,66.088279,2.235010,63.853269
21.743057,66.048737,2.238461,63.810275
21.745982,66.009638,2.241913,63.767725
21.749200,65.960059,2.244981,63.715078
21.752166,65.920062,2.247665,63.672397
21.755153,65.874929,2.250350,63.624580
21.758214,65.825788,2.254952,63.570836
21.761173,65.790039,2.258020,63.532019
21.764512,65.741413,2.260704,63.480709
21.768647,65.676207,2.263389,63.412818
21.770338,65.647894,2.267607,63.380287
21.773817,65.599772,2.271059,63.328713
21.776776,65.556269,2.273743,63.282526
21.779801,65.508602,2.276044,63.232558
21.782616,65.465452,2.279879,63.185573
21.785568,65.419882,2.282563,63.137319
21.788739,65.374774,2.286015,63.088759
21.791251,65.328868,2.291000,63.037868
21.794339,65.281560,2.294068,62.987492
21.798962,65.234654,2.296753,62.937901
21.800318,65.186999,2.300204,62.886795
21.803284,65.138097,2.303656,62.834442
21.806397,65.088794,2.306724,62.782071
21.809662,65.035842,2.311709,62.724133
21.812228,64.992765,2.315544,62.677221
21.815157,64.943282,2.318612,62.624670
21.818410,64.888688,2.322063,62.566624
21.821096,64.844184,2.325515,62.518669
21.824363,64.788553,2.330884,62.457670
21.828621,64.716348,2.334335,62.382013
21.830267,64.686616,2.338170,62.348445
21.833677,64.630577,2.342005,62.288572
21.836483,64.582455,2.345073,62.237382
21.839682,64.528693,2.348525,62.180169
21.842352,64.481949,2.351976,62.129973
21.845221,64.432406,2.356961,62.075445
21.848361,64.374474,2.360796,62.013678
21.851131,64.326034,2.363864,61.962170
21.854483,64.269253,2.367699,61.901554
21.858622,64.194723,2.371534,61.823189
21.860142,64.160508,2.376520,61.783988
21.863814,64.101732,2.379204,61.722527
21.867108,64.043338,2.383039,61.660299
21.870029,63.989751,2.386491,61.603260
21.872932,63.939058,2.392243,61.546815
21.875836,63.883960,2.395311,61.488649
21.879258,63.820881,2.398762,61.422119
21.882017,63.769463,2.402214,61.367249
21.885214,63.713652,2.407583,61.306069
21.888224,63.649968,2.411418,61.238550
21.891344,63.601630,2.414869,61.186761
21.894693,63.538635,2.421005,61.117630
21.898050,63.463542,2.424073,61.039468
21.901003,63.420243,2.427525,60.992718
21.904203,63.361957,2.431360,60.930598
21.907121,63.305410,2.435961,60.869448
21.910051,63.251115,2.441330,60.809785
21.913607,63.185256,2.445165,60.740091
21.916584,63.129811,2.449000,60.680811
21.919649,63.072520,2.452452,60.620068
21.922509,63.016925,2.458588,60.558338
21.925428,62.959683,2.462039,60.497644
21.928997,62.904663,2.466258,60.438406
21.931397,62.847067,2.470476,60.376591
21.934632,62.786349,2.473544,60.312805
21.937811,62.708182,2.477379,60.230803
21.940488,62.672804,2.482364,60.190440
21.943755,62.610852,2.486966,60.123886
21.946695,62.554334,2.490801,60.063533
21.949785,62.494791,2.494253,60.000538
21.952510,62.444325,2.498088,59.946237
21.955397,62.387262,2.501156,59.886107
21.958484,62.326976,2.505758,59.821218
21.961112,62.276468,2.511894,59.764575
21.964228,62.218608,2.515728,59.702880
21.969054,62.160431,2.519180,59.641251
21.970318,62.100438,2.523398,59.577039
21.973424,62.041080,2.527233,59.513847
21.976341,61.985491,2.532602,59.452889
21.979666,61.921591,2.536821,59.384771
21.982559,61.866757,2.540272,59.326485
21.985683,61.803816,2.543724,59.260093
21.988995,61.748227,2.550243,59.197984
21.991665,61.686527,2.554078,59.132449
21.995095,61.621315,2.557913,59.063402
21.997947,61.552968,2.561364,58.991604
22.000751,61.511982,2.565199,58.946783
22.004097,61.448850,2.570952,58.877898
22.007096,61.390480,2.575170,58.815310
22.010291,61.329385,2.579005,58.750380
22.013042,61.278206,2.582840,58.695366
22.016038,61.216631,2.586675,58.629956
22.019167,61.156554,2.590510,58.566044
22.021966,61.104573,2.595879,58.508694
22.025216,61.043208,2.599330,58.443877
22.028278,60.980536,2.603932,58.376604
22.031105,60.929291,2.608151,58.321141
22.034322,60.867165,2.611219,58.255946
22.038782,60.784420,2.616971,58.167449
22.040229,60.750049,2.621190,58.128860
22.043900,60.686251,2.624641,58.061610
22.046876,60.626432,2.628093,57.998340
22.049799,60.571994,2.634229,57.937765
22.052712,60.517250,2.638063,57.879186
22.055758,60.461224,2.641898,57.819325
22.058901,60.406839,2.645733,57.761106
22.062056,60.341783,2.651102,57.690681
22.065124,60.284522,2.654554,57.629968
22.068244,60.217009,2.658772,57.558237
22.071015,60.172362,2.662224,57.510138
22.074430,60.111350,2.666059,57.445292
22.078779,60.029654,2.671811,57.357843
22.080490,59.995493,2.675262,57.320230
22.084201,59.928027,2.681398,57.246629
22.087070,59.874188,2.684466,57.189722
22.090249,59.814285,2.688301,57.125984
22.092992,59.768068,2.692136,57.075932
22.095811,59.714912,2.695971,57.018941
22.099179,59.653667,2.699806,56.953860
22.101860,59.606005,2.705559,56.900447
22.105386,59.545431,2.709010,56.836421
22.108721,59.487565,2.712462,56.775104
22.111472,59.433079,2.717830,56.715248
22.114939,59.370288,2.721282,56.649006
22.118006,59.304392,2.724733,56.579659
22.121126,59.260746,2.730486,56.530260
22.124508,59.203413,2.733170,56.470243
22.128654,59.128116,2.737772,56.390344
22.130371,59.099917,2.741224,56.358694
22.133431,59.045269,2.744292,56.300978
22.138830,58.993935,2.749661,56.244274
22.139831,58.936177,2.752345,56.183832
22.143427,58.875087,2.758097,56.116990
22.146349,58.826270,2.761165,56.065104
22.149795,58.766409,2.765000,56.001408
22.152493,58.723403,2.768835,55.954568
22.155824,58.666909,2.773437,55.893472
22.159704,58.603537,2.778423,55.825114
22.163157,58.544335,2.782258,55.762077
22.166191,58.495313,2.784942,55.710371
22.169711,58.440881,2.788394,55.652487
22.172198,58.398211,2.791462,55.606750
22.175090,58.351509,2.794913,55.556596
22.178079,58.292570,2.799898,55.492672
22.180859,58.257151,2.803350,55.453801
22.184203,58.207111,2.806034,55.401076
22.187153,58.159635,2.809486,55.350149
22.190089,58.114658,2.812937,55.301721
22.192942,58.068753,2.815622,55.253131
22.195862,58.025112,2.819073,55.206039
22.198962,57.981268,2.823675,55.157593
22.201748,57.936657,2.827127,55.109530
22.204961,57.886850,2.830578,55.056272
22.209126,57.829811,2.834030,54.995782
22.210756,57.794949,2.837097,54.957852
22.214887,57.739396,2.840549,54.898847
22.218157,57.683029,2.845151,54.837878
22.221223,57.646998,2.847835,54.799163
22.224546,57.598738,2.850520,54.748218
22.228817,57.540009,2.852821,54.687188
22.230296,57.517790,2.857806,54.659984
22.233773,57.470219,2.860491,54.609728
22.236827,57.430149,2.862792,54.567358
22.239866,57.387444,2.865476,54.521968
22.242615,57.351761,2.868161,54.483600
22.245789,57.309247,2.871229,54.438018
22.248927,57.268308,2.874297,54.394012
22.251964,57.224800,2.876981,54.347819
22.254912,57.184772,2.879665,54.305107
22.258142,57.138286,2.883500,54.254785
22.261062,57.108996,2.885418,54.223578
22.264565,57.066452,2.887719,54.178733
22.269050,57.028492,2.890787,54.137705
22.270321,56.992510,2.892321,54.100189
22.273443,56.953004,2.896539,54.056464
22.278752,56.892441,2.898840,53.993601
22.280344,56.874309,2.902292,53.972017
22.283372,56.838704,2.904976,53.933728
22.286484,56.800612,2.907661,53.892952
22.289737,56.763167,2.909962,53.853206
22.292451,56.730864,2.912263,53.818601
22.295457,56.700490,2.914947,53.785543
22.298707,56.668612,2.916864,53.751747
22.301593,56.638130,2.919165,53.718965
22.304823,56.604982,2.920699,53.684282
22.309349,56.561988,2.924918,53.637070
22.311141,56.533592,2.927602,53.605989
22.314971,56.494637,2.929903,53.564734
22.318216,56.455586,2.931821,53.523766
22.321230,56.431720,2.934505,53.497214
22.324590,56.401220,2.936039,53.465181
22.328984,56.362517,2.938340,53.424177
22.330423,56.343761,2.940641,53.403120
22.334250,56.311128,2.942559,53.368570
22.338684,56.269046,2.944476,53.324570
22.340287,56.257163,2.946394,53.310770
22.343552,56.231877,2.947544,53.284333
22.346495,56.208735,2.950229,53.258507
22.349685,56.183946,2.951763,53.232183
22.352650,56.160079,2.952913,53.207166
22.355852,56.134906,2.954830,53.180076
22.359310,56.108170,2.957515,53.150655
22.362098,56.083644,2.959432,53.124211
22.365495,56.056679,2.960966,53.095713
22.368420,56.031638,2.962117,53.069521
22.371428,56.013404,2.964034,53.049370
22.374512,55.991371,2.965568,53.025803
22.378965,55.965138,2.967486,52.997652
22.381061,55.949001,2.968253,52.980748
22.384622,55.926273,2.969787,52.956486
22.388863,55.903006,2.970937,52.932068
22.390225,55.892537,2.972855,52.919683
22.393809,55.874915,2.973622,52.901293
22.398678,55.860072,2.974772,52.885300
22.399829,55.844960,2.975923,52.869037
22.403094,55.830357,2.976690,52.853668
22.406047,55.816180,2.977840,52.838340
22.409436,55.799294,2.978607,52.820687
22.412016,55.785297,2.979758,52.805539
22.415414,55.768884,2.981675,52.787209
22.418920,55.753065,2.982059,52.771006
22.421946,55.739385,2.983209,52.756176
22.425216,55.723518,2.984360,52.739158
22.428384,55.710102,2.985510,52.724591
22.431185,55.700035,2.986277,52.713758
22.434496,55.690040,2.986661,52.703379
22.438650,55.676492,2.987044,52.689448
22.440245,55.672591,2.987811,52.684780
22.444263,55.665167,2.988578,52.676589
22.449037,55.659696,2.988578,52.671118
22.450143,55.653967,2.989345,52.664622
22.453973,55.645399,2.990496,52.654903
22.458832,55.638256,2.990879,52.647377
22.460272,55.635596,2.990496,52.645100
22.463984,55.632270,2.990879,52.641391
22.468621,55.630514,2.990879,52.639635
22.470304,55.630652,2.990879,52.639773
22.473679,55.630460,2.990879,52.639581
22.477773,55.628998,2.990496,52.638503
22.480104,55.628297,2.991263,52.637035
22.482839,55.626392,2.991263,52.635129
22.485898,55.625589,2.991263,52.634326
22.489032,55.624181,2.991263,52.632918
22.491705,55.623605,2.991263,52.632343
22.495140,55.622533,2.991263,52.631270
22.498151,55.623126,2.991263,52.631864
22.501044,55.624289,2.991263,52.633026
22.504358,55.625038,2.991263,52.633775
22.509221,55.627249,2.991263,52.635986
22.510293,55.627956,2.990879,52.637077
22.514059,55.631179,2.990879,52.640300
22.518920,55.636081,2.989729,52.646352
22.520087,55.638172,2.989729,52.648444
22.523757,55.642373,2.989729,52.652644
22.529054,55.646603,2.989729,52.656875
22.530057,55.649803,2.989729,52.660074
22.533563,55.653614,2.988962,52.664652
22.536525,55.657281,2.988962,52.668320
22.539681,55.661883,2.988578,52.673305
22.542515,55.666665,2.987811,52.678854
22.545867,55.674143,2.987428,52.686715
22.549224,55.686181,2.987044,52.699137
22.552053,55.696188,2.986277,52.709911
22.555275,55.707225,2.984743,52.722482
22.558368,55.719743,2.983976,52.735767
22.561625,55.731631,2.983593,52.748039
22.564601,55.743448,2.982826,52.760622
22.568727,55.757589,2.981675,52.775914
22.570268,55.765229,2.981292,52.783937
22.574183,55.779191,2.979758,52.799433
22.578839,55.792775,2.978991,52.813784
22.580187,55.808852,2.977840,52.831011
22.583185,55.826708,2.976306,52.850402
22.586179,55.842437,2.975156,52.867282
22.589663,55.864237,2.974389,52.889848
22.592167,55.880721,2.972088,52.908633
22.595298,55.902754,2.970937,52.931817
22.598539,55.925176,2.969787,52.955390
22.601231,55.942362,2.968636,52.973726
22.604501,55.963304,2.967102,52.996202
22.607437,55.982701,2.965185,53.017516
22.610518,56.003164,2.964034,53.039129
22.613821,56.024442,2.962884,53.061558
22.618819,56.045486,2.961350,53.084136
22.620087,56.069754,2.958665,53.111089
22.623154,56.092129,2.957131,53.134997
22.626034,56.113922,2.955981,53.157941
22.629129,56.141000,2.954064,53.186937
22.632064,56.164400,2.951379,53.213021
22.635401,56.192796,2.949078,53.243718
22.638741,56.222781,2.947928,53.274853
22.641589,56.249859,2.946010,53.303849
22.644774,56.280185,2.944093,53.336093
22.648736,56.320422,2.941025,53.379398
22.650218,56.341652,2.939491,53.402162
22.654053,56.370414,2.937190,53.433225
22.656944,56.397025,2.935272,53.461753
22.659816,56.422114,2.934505,53.487609
22.662684,56.447042,2.931821,53.515221
22.665639,56.476019,2.928753,53.547267
22.668735,56.506873,2.926835,53.580037
22.671784,56.541268,2.924918,53.616350
22.674993,56.576945,2.921466,53.655478
22.678492,56.615498,2.919549,53.695949
22.681557,56.648185,2.916864,53.731320
22.684760,56.681052,2.915330,53.765721
22.688785,56.725908,2.912263,53.813646
22.690450,56.750440,2.909962,53.840479
22.694186,56.794566,2.906894,53.887672
22.698698,56.849921,2.904209,53.945712
22.700295,56.869803,2.901141,53.968662
22.703354,56.904108,2.898457,54.005651
22.706344,56.939078,2.896156,54.042922
22.709761,56.978650,2.893855,54.084795
22.712151,57.011744,2.891170,54.120574
22.715234,57.050609,2.887335,54.163274
22.718416,57.092458,2.884651,54.207807
22.721674,57.131898,2.882733,54.249165
22.724560,57.170379,2.880049,54.290330
22.728759,57.224458,2.876214,54.348244
22.730284,57.252148,2.873146,54.379002
22.734040,57.297706,2.870462,54.427244
22.737148,57.341712,2.868161,54.473551
22.740082,57.381158,2.865093,54.516065
22.742930,57.419891,2.861641,54.558250
22.745865,57.458852,2.858573,54.600278
22.749064,57.504829,2.855889,54.648940
22.751877,57.544815,2.852821,54.691994
22.755222,57.593435,2.849753,54.743682
22.758273,57.644769,2.845918,54.798851
22.761052,57.679290,2.842850,54.836440
22.764537,57.728898,2.839782,54.889116
22.768643,57.791576,2.837481,54.954095
22.770471,57.817516,2.832496,54.985020
22.774071,57.873686,2.829428,55.044258
22.779074,57.921958,2.826360,55.095598
22.780344,57.969356,2.822141,55.147215
22.783612,58.014356,2.819457,55.194900
22.786575,58.065577,2.816389,55.249188
22.789782,58.113867,2.812554,55.301314
22.792477,58.160049,2.807952,55.352097
22.795502,58.207758,2.805267,55.402491
22.798980,58.264647,2.801816,55.462831
22.801996,58.310439,2.797597,55.512841
22.805272,58.363948,2.793763,55.570186
22.808864,58.417188,2.790695,55.626494
22.811556,58.467923,2.787243,55.680680
22.814855,58.519827,2.782258,55.737569
22.817796,58.585465,2.778806,55.806658
22.820499,58.617690,2.774971,55.842719
22.823768,58.671242,2.772287,55.898955
22.826555,58.716770,2.768835,55.947935
22.829720,58.769027,2.765767,56.003260
22.832523,58.818528,2.762316,56.056212
22.835355,58.867591,2.756947,56.110644
22.838763,58.919639,2.753112,56.166527
22.841553,58.975078,2.750044,56.225034
22.844916,59.031212,2.746593,56.284619
22.847902,59.099288,2.742758,56.356531
22.850688,59.135349,2.737772,56.397577
22.853705,59.187438,2.734321,56.453118
22.856698,59.241122,2.730102,56.511019
22.859714,59.292055,2.726267,56.565787
22.862591,59.345163,2.722432,56.622730
22.865634,59.398648,2.718214,56.680434
22.868924,59.453069,2.714379,56.738690
22.872249,59.519695,2.710544,56.809151
22.875472,59.577195,2.707093,56.870103
22.878504,59.633311,2.701724,56.931588
22.881676,59.690902,2.697505,56.993396
22.885013,59.750589,2.693670,57.056919
22.888049,59.818623,2.688685,57.129939
22.891084,59.861287,2.685617,57.175670
22.894420,59.924378,2.681398,57.242980
22.898984,60.004055,2.675262,57.328793
22.900308,60.041320,2.671044,57.370276
22.904073,60.101217,2.667209,57.434008
22.906973,60.158616,2.663758,57.494858
22.910107,60.217518,2.658005,57.559513
22.913192,60.276265,2.654170,57.622095
22.916231,60.332112,2.650719,57.681393
22.919718,60.396191,2.646884,57.749307
22.922279,60.446333,2.641131,57.805202
22.925775,60.513181,2.636913,57.876268
22.929089,60.576937,2.633845,57.943092
22.931774,60.628757,2.630010,57.998747
22.934876,60.685658,2.624258,58.061401
22.937840,60.759613,2.620423,58.139190
22.941090,60.805057,2.616588,58.188469
22.944397,60.869976,2.612369,58.257606
22.948916,60.951468,2.607000,58.344468
22.950313,60.983053,2.603549,58.379504
22.953648,61.046251,2.599330,58.446921
22.956564,61.103434,2.595495,58.507939
22.959757,61.160863,2.591277,58.569586
22.962440,61.215750,2.585525,58.630226
22.965505,61.275156,2.582457,58.692700
22.968806,61.336641,2.578238,58.758403
22.971598,61.392943,2.574020,58.818923
22.974917,61.457221,2.570185,58.887036
22.977965,61.529977,2.565199,58.964777
22.980556,61.567116,2.560981,59.006135
22.983915,61.628175,2.557529,59.070646
22.986693,61.683483,2.553695,59.129788
22.989865,61.744998,2.549093,59.195905
22.992757,61.801719,2.544874,59.256845
22.995638,61.856265,2.539889,59.316377
22.998944,61.914113,2.536054,59.378059
23.001971,61.979050,2.531835,59.447214
23.004856,62.034626,2.528000,59.506626
23.007726,62.089724,2.524165,59.565559
23.010945,62.147146,2.518029,59.629117
23.014058,62.212604,2.513811,59.698793
23.017071,62.267714,2.509593,59.758121
23.020057,62.328659,2.506141,59.822518
23.023024,62.384242,2.502690,59.881553
23.025934,62.441161,2.498471,59.942690
23.028947,62.503174,2.492719,60.010455
23.031385,62.552776,2.488117,60.064660
23.034886,62.618240,2.484665,60.133575
23.037900,62.680738,2.480447,60.200291
23.040789,62.727950,2.475078,60.252872
23.044710,62.798861,2.471627,60.327234
23.048200,62.875865,2.465874,60.409991
23.050894,62.917708,2.462039,60.455669
23.054412,62.979930,2.458204,60.521726
23.057215,63.034506,2.454753,60.579754
23.060322,63.094709,2.450151,60.644558
23.063069,63.146972,2.446316,60.700656
23.066134,63.202040,2.440947,60.761093
23.069215,63.260451,2.437495,60.822955
23.072268,63.316998,2.433661,60.883338
23.075522,63.378100,2.430209,60.947891
23.078917,63.432808,2.424457,61.008351
23.081697,63.491950,2.421389,61.070561
23.085203,63.556096,2.416787,61.139309
23.088094,63.623124,2.411418,61.211706
23.090975,63.663121,2.407583,61.255538
23.094319,63.724989,2.404515,61.320475
23.098830,63.804451,2.401063,61.403387
23.100288,63.834429,2.394544,61.439885
23.103508,63.890162,2.391860,61.498302
23.106761,63.950365,2.386874,61.563491
23.110523,64.015229,2.383423,61.631807
23.113967,64.080268,2.379204,61.701064
23.118965,64.133897,2.373452,61.760445
23.120046,64.189294,2.369617,61.819677
23.123555,64.248862,2.366932,61.881929
23.126585,64.303282,2.363864,61.939418
23.129752,64.355030,2.359262,61.995768
23.132584,64.408659,2.355427,62.053232
23.135652,64.460995,2.351593,62.109402
23.138889,64.514486,2.348141,62.166345
23.141696,64.564946,2.344690,62.220256
23.144820,64.619043,2.340088,62.278955
23.148204,64.684452,2.336636,62.347816
23.151160,64.727452,2.334335,62.393117
23.154468,64.779907,2.328199,62.451707
23.158759,64.850584,2.324748,62.525836
23.160282,64.882893,2.320146,62.562747
23.164173,64.942838,2.316694,62.626144
23.168636,65.016398,2.314010,62.702387
23.170281,65.042445,2.310559,62.731887
23.173259,65.088812,2.308258,62.780555
23.176439,65.142052,2.303272,62.838780
23.179747,65.191523,2.299821,62.891702
23.182326,65.234193,2.296753,62.937440
23.185529,65.283658,2.294452,62.989206
23.188825,65.332074,2.289850,63.042224
23.191758,65.381185,2.286782,63.094403
23.194947,65.432172,2.283714,63.148458
23.197978,65.489295,2.281029,63.208266
23.200913,65.524115,2.277194,63.246921
23.204165,65.570506,2.273360,63.297147
23.206933,65.612786,2.270675,63.342111
23.210382,65.663576,2.267224,63.396352
23.213185,65.705736,2.263772,63.441964
23.216141,65.749425,2.261088,63.488337
23.219669,65.800813,2.256486,63.544327
23.222257,65.837287,2.254568,63.582719
23.225596,65.884019,2.251884,63.632136
23.228486,65.927312,2.248049,63.679264
23.231159,65.963235,2.245364,63.717871
23.234382,66.008320,2.242296,63.766023
23.238932,66.048245,2.239612,63.808633
23.240142,66.085510,2.236160,63.849350
23.243336,66.127904,2.233476,63.894428
23.246407,66.167962,2.231175,63.936787
23.249869,66.217295,2.227340,63.989955
23.252835,66.255255,2.224272,64.030983
23.255879,66.297865,2.220821,64.077044
23.259038,66.337149,2.218903,64.118246
23.261824,66.371064,2.215068,64.155996
23.265148,66.411110,2.212767,64.198342
23.268093,66.456344,2.210466,64.245878
23.270985,66.485094,2.207782,64.277312
23.274648,66.528777,2.204330,64.324446
23.279021,66.575995,2.202029,64.373965
23.280462,66.601281,2.199728,64.401553
23.284195,66.639199,2.195893,64.443306
23.288865,66.675224,2.193209,64.482015
23.290292,66.711986,2.190525,64.521461
23.293208,66.745368,2.188607,64.556761
23.296203,66.777030,2.186690,64.590340
23.299077,66.808680,2.184005,64.624675
23.302039,66.837460,2.180554,64.656907
23.305456,66.874558,2.179403,64.695154
23.308926,66.906549,2.177486,64.729064
23.311300,66.934820,2.175185,64.759635
23.314551,66.967621,2.172117,64.795504
23.319510,66.997306,2.170199,64.827107
23.320435,67.026925,2.167898,64.859027
23.323833,67.060031,2.165981,64.894051
23.326798,67.089039,2.164063,64.924976
23.329882,67.117795,2.162146,64.955649
23.332753,67.142135,2.159461,64.982674
23.335625,67.168830,2.158311,65.010519
23.339167,67.198695,2.156777,65.041918
23.341797,67.221980,2.154093,65.067888
23.344756,67.246937,2.152942,65.093995
23.348663,67.280062,2.151025,65.129037
23.350962,67.299668,2.149491,65.150177
23.354599,67.329946,2.146806,65.183140
23.358840,67.360949,2.144889,65.216061
23.360347,67.374779,2.144122,65.230657
23.364214,67.396536,2.142588,65.253949
23.368980,67.417317,2.140670,65.276647
23.370113,67.438164,2.139136,65.299027
23.373832,67.465410,2.136835,65.328575
23.377023,67.488270,2.135301,65.352968
23.379819,67.511393,2.134151,65.377243
23.382730,67.532498,2.132617,65.399881
23.386101,67.555280,2.130699,65.424580
23.389224,67.573945,2.129165,65.444780
23.391975,67.587235,2.128398,65.458837
23.395292,67.601635,2.127631,65.474003
23.398398,67.612624,2.127248,65.485376
23.401377,67.624243,2.125714,65.498529
23.404487,67.637389,2.124947,65.512443
23.407387,67.651729,2.124180,65.527549
23.410331,67.668770,2.123029,65.545741
23.413937,67.685656,2.122262,65.563393
23.416698,67.703327,2.120345,65.582982
23.419724,67.721291,2.119578,65.601713
23.422453,67.735834,2.118044,65.617790
23.425689,67.752384,2.117660,65.634724
23.428773,67.764069,2.116510,65.647559
23.431447,67.773039,2.115743,65.657296
23.435066,67.779624,2.115743,65.663881
23.438453,67.787480,2.115360,65.672120
23.441307,67.793945,2.114593,65.679353
23.444486,67.798733,2.113826,65.684908
23.448681,67.809117,2.113826,65.695292
23.450434,67.814271,2.113059,65.701212
23.453837,67.822144,2.112292,65.709853
23.458814,67.827267,2.112292,65.714976
23.459874,67.837556,2.111525,65.726031
23.463127,67.844027,2.110758,65.733270
23.465910,67.845310,2.110758,65.734552
23.469259,67.845364,2.110758,65.734606
23.471635,67.844752,2.111141,65.733611
23.475183,67.843968,2.111141,65.732826
23.478661,67.844764,2.110374,65.734390
23.481681,67.844962,2.110374,65.734588
23.484849,67.846532,2.110374,65.736158
23.487901,67.847077,2.110758,65.736320
23.490898,67.846514,2.110758,65.735757
23.494302,67.846670,2.110758,65.735912
23.498756,67.845603,2.110374,65.735229
23.500347,67.845040,2.111141,65.733899
23.503570,67.844788,2.110758,65.734031
23.506517,67.844231,2.110758,65.733474
23.506517,67.844231,2.111141,65.733090
23.513160,67.841691,2.110758,65.730933
23.515181,67.839983,2.111141,65.728842
23.518187,67.838023,2.110758,65.727266
23.520926,67.834536,2.111141,65.723395
23.524215,67.832145,2.110758,65.721388
23.528793,67.828112,2.110758,65.717355
23.530428,67.826183,2.110758,65.715425
23.533803,67.823672,2.110758,65.712915
23.538782,67.818345,2.111525,65.706821
23.539996,67.815487,2.111525,65.703962
23.543123,67.805894,2.111908,65.693986
23.546124,67.793832,2.112675,65.681156
23.549766,67.782908,2.113826,65.669082
23.552536,67.768671,2.114593,65.654078
23.555668,67.755260,2.116126,65.639134
23.558800,67.743096,2.116510,65.626586
23.561564,67.733617,2.117277,65.616340
23.564576,67.722280,2.118044,65.604236
23.569043,67.711368,2.118811,65.592557
23.570460,67.703345,2.119961,65.583383
23.574288,67.693709,2.120345,65.573364
23.578650,67.676146,2.121112,65.555034
23.580487,67.668027,2.122262,65.545765
23.584144,67.647654,2.124180,65.523474
23.588737,67.618257,2.124947,65.493310
23.590936,67.599861,2.127248,65.472613
23.593989,67.574143,2.129165,65.444977
23.598775,67.536428,2.130699,65.405729
23.600447,67.524774,2.133000,65.391773
23.603477,67.503118,2.133767,65.369351
23.606526,67.485897,2.135301,65.350596
23.609843,67.471348,2.135685,65.335663
23.612281,67.457410,2.136452,65.320959
23.615231,67.440800,2.138369,65.302431
23.618504,67.422374,2.139903,65.282471
23.621430,67.398496,2.141821,65.256675
23.624581,67.371759,2.144122,65.227637
23.628335,67.335950,2.146039,65.189911
23.631243,67.306343,2.147957,65.158387
23.634242,67.273644,2.149874,65.123770
23.639017,67.234749,2.152559,65.082191
23.640405,67.217318,2.154476,65.062842
23.643818,67.188742,2.156010,65.032732
23.648990,67.164132,2.157927,65.006205
23.649863,67.139133,2.160228,64.978905
23.652982,67.111234,2.161762,64.949472
23.655946,67.084827,2.163680,64.921147
23.659742,67.052260,2.165597,64.886662
23.661876,67.024282,2.166748,64.857535
23.665047,66.993867,2.170199,64.823667
23.668172,66.961737,2.172117,64.789620
23.671175,66.928013,2.175185,64.752828
23.674256,66.896033,2.176719,64.719315
23.678777,66.849840,2.178636,64.671204
23.680234,66.830042,2.182471,64.647571
23.683581,66.792088,2.184389,64.607699
23.688825,66.738033,2.188607,64.549426
23.690320,66.717660,2.190141,64.527519
23.693640,66.676410,2.192442,64.483968
23.699049,66.640721,2.195127,64.445595
23.699997,66.601821,2.198961,64.402859
23.703214,66.562159,2.200879,64.361280
23.706260,66.527405,2.204330,64.323074
23.709884,66.487701,2.206631,64.281069
23.712830,66.451383,2.209316,64.242067
23.715852,66.411972,2.211233,64.200739
23.719025,66.374054,2.213918,64.160137
23.721686,66.335567,2.218136,64.117431
23.725049,66.295348,2.220821,64.074527
23.728074,66.244601,2.223122,64.021479
23.730856,66.215174,2.226190,63.988984
23.734212,66.168147,2.229641,63.938506
23.739046,66.129666,2.233476,63.896190
23.740295,66.085360,2.235777,63.849583
23.743703,66.041342,2.238461,63.802881
23.746457,66.000979,2.241146,63.759834
23.749755,65.955853,2.244214,63.711639
23.752383,65.915556,2.248049,63.667507
23.755257,65.874360,2.251117,63.623243
23.758738,65.830150,2.254568,63.575582
23.761411,65.787085,2.257253,63.529832
23.764669,65.738651,2.261471,63.477180
23.769085,65.676027,2.264156,63.411872
23.770309,65.647193,2.267607,63.379586
23.774031,65.598369,2.270292,63.328078
23.776996,65.556047,2.273743,63.282304
23.779871,65.509734,2.276427,63.233307
23.782727,65.465375,2.281029,63.184345
23.785913,65.415784,2.283714,63.132070
23.789149,65.365234,2.287549,63.077685
23.792072,65.318466,2.290617,63.027849
23.795088,65.269169,2.293301,62.975868
23.798101,65.211357,2.298287,62.913070
23.800780,65.177951,2.301355,62.876596
23.804299,65.125148,2.304806,62.820342
23.809599,65.075540,2.307874,62.767666
23.810167,65.026590,2.312860,62.713731
23.814289,64.960006,2.317845,62.642161
23.818002,64.884295,2.321680,62.562615
23.820617,64.852142,2.325515,62.526627
23.823590,64.800544,2.328199,62.472344
23.826308,64.755381,2.332034,62.423347
23.829798,64.702375,2.335486,62.366889
23.832178,64.656673,2.339321,62.317352
23.835275,64.604338,2.344306,62.260032
23.838345,64.548060,2.348141,62.199919
23.841406,64.499728,2.351976,62.147752
23.844737,64.441514,2.356194,62.085320
23.848114,64.370010,2.360029,62.009981
23.850930,64.329887,2.363864,61.966023
23.854285,64.273627,2.366932,61.906695
23.859167,64.221406,2.370000,61.851406
23.860111,64.169772,2.374986,61.794786
23.863578,64.106735,2.378437,61.728298
23.866506,64.054592,2.382272,61.672319
23.869778,63.998469,2.385724,61.612746
23.872406,63.948849,2.389559,61.559290
23.875286,63.896292,2.394928,61.501364
23.878586,63.837342,2.397995,61.439346
23.881506,63.782226,2.401447,61.380779
23.884817,63.722760,2.406816,61.315944
23.887979,63.650070,2.411418,61.238652
23.891099,63.606603,2.414869,61.191734
23.894541,63.541361,2.420622,61.120739
23.898820,63.464506,2.423690,61.040817
23.900496,63.424377,2.427908,60.996469
23.904304,63.362814,2.432894,60.929921
23.907315,63.303115,2.436345,60.866770
23.910482,63.245962,2.440563,60.805399
23.913159,63.194268,2.444782,60.749486
23.916044,63.140651,2.447850,60.692801
23.919153,63.079040,2.451685,60.627355
23.922060,63.026387,2.457437,60.568950
23.925210,62.964698,2.461272,60.503426
23.928348,62.900397,2.465491,60.434906
23.931315,62.850285,2.471243,60.379042
23.934760,62.787565,2.474695,60.312871
23.937984,62.708404,2.478146,60.230258
23.941196,62.662822,2.483898,60.178923
23.944811,62.589874,2.488117,60.101757
23.948023,62.515374,2.491568,60.023805
23.950853,62.474561,2.496170,59.978391
23.954125,62.415569,2.501156,59.914413
23.956999,62.357961,2.504991,59.852970
23.959896,62.302863,2.509209,59.793654
23.962739,62.247502,2.512661,59.734842
23.965895,62.185951,2.516879,59.669072
23.968951,62.131333,2.520714,59.610619
23.971495,62.079076,2.526850,59.552226
23.974747,62.016578,2.530685,59.485893
23.978133,61.938489,2.534136,59.404353
23.980841,61.896652,2.539889,59.356763
23.984582,61.827353,2.543340,59.284013
23.988846,61.744794,2.547559,59.197235
23.990443,61.709488,2.551777,59.157711
23.993618,61.649058,2.555228,59.093830
23.996521,61.594769,2.559063,59.035706
23.999724,61.534669,2.562898,58.971770
24.002447,61.480841,2.568651,58.912191
24.005374,61.422550,2.572486,58.850064
24.008908,61.365110,2.576321,58.788789
24.011205,61.310809,2.580539,58.730270
24.014481,61.249606,2.586292,58.663314
24.018876,61.165519,2.591661,58.573858
24.021833,61.107599,2.595112,58.512487
24.025337,61.039564,2.598947,58.440617
24.028519,60.975964,2.603165,58.372799
24.031006,60.927554,2.607000,58.320553
24.033923,60.875722,2.610835,58.264887
24.036847,60.820529,2.616588,58.203941
24.040338,60.755586,2.620423,58.135163
24.043139,60.698823,2.623491,58.075332
24.046157,60.641742,2.628093,58.013649
24.049249,60.582516,2.633462,57.949054
24.052170,60.528048,2.637296,57.890751
24.055354,60.466796,2.641131,57.825665
24.058359,60.409344,2.644966,57.764377
24.061338,60.352778,2.648418,57.704361
24.064755,60.294577,2.654554,57.640023
24.068918,60.215607,2.658005,57.557602
24.071072,60.171535,2.664141,57.507394
24.074527,60.107006,2.667593,57.439413
24.078682,60.028791,2.671428,57.357363
24.079944,59.997332,2.675262,57.322070
24.083789,59.935548,2.680631,57.254916
24.086717,59.880126,2.684466,57.195660
24.089943,59.822980,2.688301,57.134678
24.092609,59.773593,2.691369,57.082223
24.095670,59.719220,2.695588,57.023633
24.098693,59.666100,2.698656,56.967445
24.101351,59.612998,2.702491,56.910507
24.104310,59.559632,2.705942,56.853690
24.107213,59.510845,2.710544,56.800301
24.110212,59.456334,2.715913,56.740421
24.113337,59.399553,2.718981,56.680572
24.116675,59.340357,2.723966,56.616391
24.120054,59.282731,2.727801,56.554930
24.122906,59.230623,2.730869,56.499754
24.126193,59.172752,2.734704,56.438047
24.129695,59.111662,2.740457,56.371205
24.132173,59.068243,2.744292,56.323952
24.135257,59.013260,2.747360,56.265900
24.138328,58.954231,2.750428,56.203804
24.140992,58.915696,2.754263,56.161433
24.144309,58.860563,2.757330,56.103232
24.147223,58.809390,2.760782,56.048608
24.150205,58.760614,2.766534,55.994080
24.153019,58.713384,2.769602,55.943782
24.156060,58.663434,2.773054,55.890380
24.159295,58.606042,2.776122,55.829920
24.162450,58.555972,2.781874,55.774097
24.165785,58.500137,2.784175,55.715962
24.169202,58.451301,2.787627,55.663675
24.172062,58.399218,2.792612,55.606606
24.175056,58.351922,2.796830,55.555092
24.178156,58.290713,2.799898,55.490814
24.180818,58.256665,2.802966,55.453699
24.184289,58.204834,2.805651,55.399183
24.188853,58.158994,2.809102,55.349892
24.190160,58.111632,2.814471,55.297161
24.193313,58.062066,2.817539,55.244526
24.196234,58.016262,2.820224,55.196038
24.199752,57.966300,2.823675,55.142625
24.202247,57.927159,2.826360,55.100800
24.205414,57.883243,2.831345,55.051898
24.209178,57.828104,2.833646,54.994458
24.211557,57.788741,2.838631,54.950110
24.215148,57.734369,2.842083,54.892286
24.218603,57.685162,2.844000,54.841161
24.221652,57.639766,2.848986,54.790780
24.224840,57.594291,2.851287,54.743005
24.227958,57.537306,2.854738,54.682568
24.230555,57.511906,2.857039,54.654867
24.233734,57.467960,2.859724,54.608236
24.236491,57.430934,2.862408,54.568526
24.240055,57.382153,2.865093,54.517060
24.242677,57.348944,2.868928,54.480017
24.245612,57.308629,2.871612,54.437017
24.249027,57.267865,2.873913,54.393952
24.251590,57.227748,2.876597,54.351150
24.254954,57.184736,2.879282,54.305455
24.257929,57.136854,2.882733,54.254120
24.260689,57.112184,2.884651,54.227533
24.264113,57.069706,2.887719,54.181987
24.267033,57.033627,2.890403,54.143224
24.270113,56.994499,2.892704,54.101795
24.272801,56.961135,2.896156,54.064979
24.276223,56.921617,2.898840,54.022777
24.279839,56.882410,2.901141,53.981269
24.282242,56.852396,2.903826,53.948570
24.285315,56.815844,2.907661,53.908183
24.288387,56.775991,2.909578,53.866412
24.291416,56.742513,2.911879,53.830634
24.294611,56.707453,2.913797,53.793656
24.298970,56.664304,2.916864,53.747439
24.300400,56.648772,2.918782,53.729990
24.304004,56.613269,2.921083,53.692186
24.306837,56.580887,2.923384,53.657503
24.309966,56.547547,2.925301,53.622246
24.312803,56.515436,2.927219,53.588217
24.315659,56.484097,2.930287,53.553810
24.318916,56.453908,2.932204,53.521704
24.322166,56.423313,2.934505,53.488808
24.325477,56.391938,2.935656,53.456282
24.328483,56.363715,2.938724,53.424992
24.331092,56.340783,2.940258,53.400526
24.334218,56.310961,2.942175,53.368786
24.337073,56.285314,2.943709,53.341605
24.340094,56.259123,2.945627,53.313496
24.342961,56.236611,2.947161,53.289450
24.345894,56.212714,2.949078,53.263636
24.349364,56.188716,2.951379,53.237337
24.352006,56.163998,2.952913,53.211085
24.355277,56.138160,2.954447,53.183713
24.358084,56.110590,2.956364,53.154226
24.361063,56.091667,2.959049,53.132618
24.364734,56.062258,2.960199,53.102059
24.368097,56.031489,2.962117,53.069372
24.370955,56.015262,2.964418,53.050844
24.374303,55.993433,2.965568,53.027864
24.378930,55.964994,2.966335,52.998659
24.380260,55.953022,2.967869,52.985152
24.383877,55.932499,2.969403,52.963096
24.387037,55.913917,2.970937,52.942980
24.390090,55.894952,2.972088,52.922864
24.392802,55.881680,2.973238,52.908441
24.395749,55.866334,2.975156,52.891178
24.399216,55.847794,2.975539,52.872255
24.402096,55.836038,2.975923,52.860115
24.405179,55.821303,2.976690,52.844613
24.408526,55.805202,2.978991,52.826212
24.410993,55.791984,2.979758,52.812226
24.414366,55.773582,2.980141,52.793441
24.418748,55.752789,2.981292,52.771498
24.420112,55.746785,2.982826,52.763960
24.423607,55.731290,2.983593,52.747697
24.429230,55.709766,2.985127,52.724639
24.430413,55.703295,2.985894,52.717401
24.434000,55.691286,2.986661,52.704626
24.438850,55.677127,2.987811,52.689316
24.440320,55.672501,2.988195,52.684307
24.443727,55.666173,2.988578,52.677595
24.446491,55.661332,2.989345,52.671987
24.449778,55.655280,2.988962,52.666318
24.452516,55.649048,2.989729,52.659319
24.455436,55.643367,2.990112,52.653255
24.458762,55.638088,2.990112,52.647976
24.461580,55.634511,2.990879,52.643632
24.464943,55.631203,2.990879,52.640324
24.468161,55.630430,2.990496,52.639935
24.470972,55.629604,2.990879,52.638725
24.474324,55.629634,2.990879,52.638754
24.478764,55.627896,2.990879,52.637017
24.480619,55.627584,2.991263,52.636322
24.483659,55.626116,2.990879,52.635237
24.486572,55.625601,2.991263,52.634338
24.489883,55.624025,2.991646,52.632379
24.492865,55.623306,2.991646,52.631660
24.495859,55.622353,2.991263,52.631091
24.499077,55.622803,2.991263,52.631540
24.501851,55.622785,2.991263,52.631522
24.505198,55.624696,2.991263,52.633433
24.509274,55.626398,2.991263,52.635135
24.511134,55.627614,2.990879,52.636735
24.514532,55.630317,2.991263,52.639054
24.519042,55.635326,2.990496,52.644830
24.520386,55.638430,2.990496,52.647934
24.524357,55.642858,2.990112,52.652746
24.527191,55.646124,2.989729,52.656395
24.530183,55.649593,2.989345,52.660248
24.533116,55.652691,2.989345,52.663346
24.536211,55.656286,2.988578,52.667708
24.539700,55.661212,2.988578,52.672634
24.542063,55.666012,2.988578,52.677434
24.544912,55.671950,2.988195,52.683755
24.549041,55.684138,2.987044,52.697094
24.550944,55.692587,2.986661,52.705926
24.554381,55.704080,2.985510,52.718569
24.558861,55.714997,2.984743,52.730254
24.560177,55.726874,2.982826,52.744048
24.563254,55.739109,2.982826,52.756284
24.566334,55.750129,2.982442,52.767687
24.569764,55.761616,2.982059,52.779557
24.572361,55.772090,2.980525,52.791565
24.575416,55.785261,2.979374,52.805886
24.578428,55.801176,2.977840,52.823336
24.581487,55.816468,2.977073,52.839394
24.584623,55.832946,2.975923,52.857023
24.589486,55.850952,2.974772,52.876180
24.590410,55.871919,2.973238,52.898680
24.593901,55.893268,2.971704,52.921564
24.597017,55.912090,2.970554,52.941536
24.600107,55.932241,2.968636,52.963605
24.603157,55.952902,2.966719,52.986183
24.606209,55.974498,2.965952,53.008546
24.609823,55.997549,2.964801,53.032748
24.612553,56.015148,2.963267,53.051881
24.615442,56.033406,2.962500,53.070906
24.618495,56.055811,2.960199,53.095611
24.621218,56.078179,2.958282,53.119897
24.624631,56.102927,2.956748,53.146179
24.629280,56.137004,2.955214,53.181790
24.630927,56.151960,2.951763,53.200197
24.634895,56.189872,2.949845,53.240027
24.638325,56.224998,2.947928,53.277070
24.641194,56.248709,2.946010,53.302699
24.644285,56.275242,2.944476,53.330766
24.647273,56.305550,2.941025,53.364525
24.650326,56.336637,2.939107,53.397530
24.653203,56.364290,2.937573,53.426717
24.656019,56.388654,2.936423,53.452232
24.659175,56.414391,2.934505,53.479885
24.661974,56.441894,2.930670,53.511224
24.665287,56.473329,2.929136,53.544193
24.669026,56.506603,2.927602,53.579001
24.671759,56.542724,2.924151,53.618573
24.675050,56.577598,2.921850,53.655748
24.678166,56.618931,2.919549,53.699382
24.680893,56.642444,2.917631,53.724813
24.684088,56.675365,2.915714,53.759651
24.688674,56.727910,2.911879,53.816031
24.690366,56.747516,2.909962,53.837554
24.693681,56.788700,2.907277,53.881423
24.696814,56.825725,2.903826,53.921899
24.700401,56.868365,2.900758,53.967607
24.703134,56.902718,2.898457,54.004261
24.706040,56.935327,2.896539,54.038788
24.709142,56.970590,2.894238,54.076352
24.711662,57.004650,2.891554,54.113096
24.714618,57.042957,2.888869,54.154088
24.719054,57.079617,2.886568,54.193049
24.720392,57.116570,2.882733,54.233837
24.723781,57.158904,2.880049,54.278856
24.726932,57.199639,2.877748,54.321891
24.729914,57.241038,2.875063,54.365975
24.732844,57.279921,2.872379,54.407542
24.735655,57.320560,2.868544,54.452016
24.738847,57.359712,2.865476,54.494236
24.741462,57.398823,2.862792,54.536031
24.744612,57.443530,2.860491,54.583039
24.748953,57.500605,2.857806,54.642799
24.750333,57.526275,2.853204,54.673071
24.754150,57.576111,2.850520,54.725592
24.759018,57.620830,2.847452,54.773379
24.760149,57.665681,2.843233,54.822448
24.763500,57.715224,2.840932,54.874292
24.766592,57.759051,2.837864,54.921186
24.769794,57.805292,2.834413,54.970879
24.772572,57.849220,2.831729,55.017491
24.775502,57.894664,2.828277,55.066387
24.778772,57.938886,2.824442,55.114444
24.781624,57.987542,2.821374,55.166168
24.784996,58.037486,2.818690,55.218796
24.787917,58.099618,2.813704,55.285914
24.791308,58.140472,2.809869,55.330603
24.794632,58.194294,2.807185,55.387109
24.799018,58.259632,2.804117,55.455515
24.800282,58.287093,2.799515,55.487578
24.803916,58.341130,2.796063,55.545067
24.807171,58.395868,2.792229,55.603640
24.810311,58.445069,2.787627,55.657443
24.813191,58.493282,2.784559,55.708723
24.816278,58.544790,2.780724,55.764067
24.819712,58.602105,2.777656,55.824449
24.822041,58.642593,2.774588,55.868006
24.825078,58.693131,2.771520,55.921611
24.828115,58.756030,2.765767,55.990263
24.830950,58.793439,2.763466,56.029973
24.834510,58.851425,2.759631,56.091793
24.838882,58.926853,2.754263,56.172591
24.840622,58.960960,2.750044,56.210916
24.844174,59.018988,2.746976,56.272012
24.847081,59.069406,2.743908,56.325498
24.850117,59.126073,2.740073,56.386000
24.853038,59.172015,2.734321,56.437694
24.856570,59.237131,2.730869,56.506262
24.859813,59.292330,2.725117,56.567213
24.862882,59.347829,2.721665,56.626164
24.866173,59.407337,2.718214,56.689123
24.869772,59.471722,2.714762,56.756960
24.872438,59.522367,2.709010,56.813357
24.875561,59.575679,2.705559,56.870121
24.879014,59.635103,2.701340,56.933763
24.881958,59.694701,2.697889,56.996812
