time_s,odrive_pos_rad,output_pos_rad,diff_rad,odrive_disp_rad,output_disp_rad,motor_on_output_side_rad,backlash_rad
5.147198,0.226229,0.681854,-0.455625,0.0,-0.0,0.0,0.0
5.149636,0.225349,0.682238,-0.456889,-0.0008800000000000197,-0.00038400000000005097,-6.285714285714426e-05,0.00032114285714290674
5.151902,0.225403,0.682238,-0.456835,-0.0008260000000000212,-0.00038400000000005097,-5.900000000000151e-05,0.0003250000000000495
5.155716,0.226746,0.681471,-0.454725,0.0005169999999999897,0.0003829999999999112,3.692857142857069e-05,-0.0003460714285713405
5.158735,0.22839,0.681471,-0.453081,0.0021609999999999963,0.0003829999999999112,0.00015435714285714258,-0.0002286428571427686
5.161498,0.229972,0.681854,-0.451882,0.0037429999999999963,-0.0,0.0002673571428571426,0.0002673571428571426
5.16491,0.233395,0.681854,-0.448459,0.007165999999999978,-0.0,0.0005118571428571413,0.0005118571428571413
5.16984,0.238799,0.681471,-0.442672,0.012569999999999998,0.0003829999999999112,0.0008978571428571427,0.0005148571428572315
5.171292,0.241239,0.680704,-0.439465,0.015009999999999996,0.0011499999999999844,0.0010721428571428568,-7.785714285712757e-05
5.174528,0.245886,0.680704,-0.434818,0.01965699999999998,0.0011499999999999844,0.001404071428571427,0.0002540714285714427
5.180043,0.256854,0.679937,-0.423083,0.030625000000000013,0.0019169999999999465,0.002187500000000001,0.00027050000000005455
5.180824,0.268144,0.67917,-0.411026,0.04191499999999998,0.0026839999999999087,0.00299392857142857,0.00030992857142866145
5.184052,0.279734,0.678403,-0.398669,0.05350499999999997,0.003450999999999982,0.003821785714285712,0.00037078571428573017
5.187112,0.292732,0.677636,-0.384904,0.06650299999999998,0.004217999999999944,0.004750214285714284,0.0005322142857143398
5.191758,0.300757,0.676869,-0.376112,0.07452799999999998,0.004984999999999906,0.00532342857142857,0.00033842857142866393
5.193264,0.318012,0.675719,-0.357706,0.091783,0.0061350000000000016,0.006555928571428572,0.00042092857142857036
5.196594,0.330465,0.674568,-0.344103,0.104236,0.007286000000000015,0.007445428571428571,0.00015942857142855604
5.199661,0.343307,0.673801,-0.330494,0.11707799999999996,0.008052999999999977,0.008362714285714282,0.0003097142857143055
5.202559,0.356638,0.673034,-0.316396,0.130409,0.008819999999999939,0.009314928571428571,0.0004949285714286322
5.20558,0.372086,0.671884,-0.299798,0.14585699999999996,0.009969999999999923,0.01041835714285714,0.0004483571428572173
5.208892,0.395024,0.671117,-0.276092,0.16879499999999997,0.010736999999999997,0.012056785714285713,0.001319785714285716
5.212238,0.413584,0.668816,-0.255231,0.187355,0.013037999999999994,0.0133825,0.00034450000000000626
5.215299,0.437925,0.667282,-0.229357,0.211696,0.014571999999999918,0.015121142857142857,0.000549142857142939
5.219589,0.470509,0.665748,-0.195239,0.24428,0.016105999999999954,0.017448571428571428,0.0013425714285714742
5.221098,0.486627,0.664214,-0.177586,0.26039799999999996,0.01763999999999999,0.01859985714285714,0.0009598571428571512
5.224644,0.51198,0.661146,-0.149166,0.285751,0.02070799999999995,0.02041078571428571,-0.0002972142857142375
5.229989,0.5351,0.660379,-0.125279,0.308871,0.02147499999999991,0.022062214285714286,0.0005872142857143749
5.2308,0.559698,0.658845,-0.099147,0.333469,0.023008999999999946,0.023819214285714287,0.0008102142857143411
5.234008,0.58457,0.656927,-0.072358,0.358341,0.02492699999999992,0.025595785714285717,0.0006687857142857953
5.237094,0.607328,0.655777,-0.048448,0.38109899999999997,0.026076999999999906,0.02722135714285714,0.001144357142857235
5.240625,0.631481,0.653476,-0.021995,0.40525199999999995,0.028378000000000014,0.028946571428571426,0.0005685714285714114
5.242976,0.656678,0.651175,0.005503,0.43044899999999997,0.030679000000000012,0.03074635714285714,6.735714285712943e-05
5.246021,0.686774,0.650024,0.03675,0.460545,0.031829999999999914,0.03289607142857143,0.0010660714285715134
5.249312,0.716152,0.647723,0.068428,0.489923,0.03413099999999991,0.0349945,0.0008635000000000864
5.251985,0.74968,0.645806,0.103874,0.523451,0.03604799999999997,0.03738935714285714,0.0013413571428571719
5.255157,0.782176,0.642354,0.139821,0.555947,0.03949999999999998,0.039710499999999996,0.00021050000000001623
5.262204,0.827817,0.638903,0.188914,0.601588,0.04295099999999996,0.04297057142857143,1.9571428571465987e-05
5.262204,0.864204,0.637753,0.226451,0.637975,0.044100999999999946,0.04556964285714286,0.0014686428571429114
5.266124,0.903551,0.634301,0.26925,0.677322,0.047552999999999956,0.04838014285714286,0.0008271428571429013
5.269381,0.935409,0.632384,0.303026,0.70918,0.049470000000000014,0.05065571428571429,0.001185714285714276
5.272071,0.973203,0.630083,0.34312,0.746974,0.05177100000000001,0.053355285714285716,0.0015842857142857047
5.274997,1.008653,0.627398,0.381254,0.782424,0.05445599999999995,0.055887428571428574,0.0014314285714286251
5.279651,1.061145,0.625097,0.436048,0.834916,0.056756999999999946,0.059636857142857144,0.002879857142857198
5.281406,1.085377,0.622029,0.463348,0.859148,0.059824999999999906,0.06136771428571429,0.0015427142857143833
5.284814,1.132695,0.618961,0.513733,0.906466,0.06289299999999998,0.06474757142857143,0.0018545714285714554
5.290471,1.17467,0.61551,0.55916,0.9484410000000001,0.06634399999999996,0.06774578571428572,0.0014017857142857582
5.29111,1.218614,0.612442,0.606172,0.9923850000000001,0.06941199999999992,0.07088464285714287,0.00147264285714295
5.29439,1.262507,0.609757,0.65275,1.036278,0.07209699999999997,0.07401985714285715,0.0019228571428571845
5.297375,1.308247,0.606689,0.701557,1.082018,0.07516499999999993,0.077287,0.0021220000000000683
5.300808,1.352583,0.604005,0.748578,1.126354,0.07784899999999995,0.08045385714285715,0.0026048571428572004
5.303194,1.392651,0.60017,0.792481,1.166422,0.08168399999999998,0.08331585714285715,0.001631857142857171
5.306373,1.438869,0.597102,0.841767,1.21264,0.08475199999999994,0.08661714285714285,0.0018651428571429124
5.309686,1.489246,0.594801,0.894444,1.263017,0.08705299999999994,0.0902155,0.003162500000000068
5.312526,1.534667,0.59135,0.943318,1.308438,0.09050399999999992,0.09345985714285714,0.0029558571428572183
5.315573,1.582385,0.588665,0.99372,1.356156,0.09318899999999997,0.09686828571428571,0.003679285714285746
5.319968,1.643637,0.584447,1.059191,1.417408,0.09740699999999991,0.10124342857142857,0.0038364285714286572
5.321602,1.677641,0.581379,1.096262,1.451412,0.10047499999999998,0.1036722857142857,0.003197285714285722
5.325256,1.735268,0.577927,1.157341,1.509039,0.10392699999999999,0.1077885,0.003861500000000004
5.32966,1.810272,0.575243,1.235029,1.584043,0.10661100000000001,0.11314592857142858,0.0065349285714285665
5.331527,1.840822,0.570641,1.270181,1.614593,0.111213,0.11532807142857142,0.004115071428571412
5.334741,1.905599,0.566422,1.339176,1.67937,0.11543199999999998,0.119955,0.004523000000000027
5.339699,1.984266,0.562204,1.422062,1.758037,0.11964999999999992,0.12557407142857144,0.005924071428571515
5.341165,2.017935,0.558369,1.459566,1.791706,0.12348499999999996,0.127979,0.0044940000000000535
5.344513,2.077722,0.555301,1.522421,1.851493,0.12655299999999992,0.1322495,0.0056965000000000765
5.347497,2.1357,0.551083,1.584618,1.909471,0.13077099999999997,0.1363907857142857,0.00561978571428573
5.350831,2.194041,0.546097,1.647944,1.967812,0.1357569999999999,0.140558,0.004801000000000083
5.353461,2.245068,0.542646,1.702422,2.018839,0.139208,0.14420278571428571,0.0049947857142857155
5.35659,2.304733,0.539961,1.764772,2.078504,0.14189299999999994,0.14846457142857145,0.00657157142857151
5.359916,2.371356,0.535743,1.835613,2.145127,0.146111,0.15322335714285715,0.007112357142857156
5.36276,2.425255,0.52999,1.895264,2.199026,0.151864,0.15707328571428572,0.005209285714285722
5.365811,2.486986,0.526155,1.96083,2.260757,0.15569899999999992,0.16148264285714284,0.005783642857142918
5.369151,2.554535,0.522704,2.031831,2.328306,0.15915,0.16630757142857142,0.007157571428571402
5.371881,2.611603,0.519252,2.092351,2.385374,0.1626019999999999,0.17038385714285714,0.007781857142857229
5.374976,2.673749,0.514651,2.159098,2.44752,0.167203,0.17482285714285714,0.0076198571428571504
5.379773,2.765033,0.508515,2.256518,2.538804,0.1733389999999999,0.18134314285714284,0.008004142857142932
5.381698,2.804654,0.50468,2.299974,2.578425,0.17717399999999994,0.1841732142857143,0.006999214285714345
5.384725,2.878272,0.500078,2.378194,2.652043,0.18177599999999994,0.18943164285714284,0.0076556428571429025
5.390334,2.941046,0.494325,2.446721,2.714817,0.18752899999999995,0.1939155,0.006386500000000045
5.390923,3.008371,0.490107,2.518264,2.782142,0.19174699999999995,0.19872442857142855,0.006977428571428607
5.394285,3.08814,0.485888,2.602251,2.861911,0.19596599999999997,0.2044222142857143,0.00845621428571433
5.397563,3.152102,0.48167,2.670432,2.925873,0.20018399999999997,0.2089909285714286,0.008806928571428618
5.400641,3.220021,0.475534,2.744487,2.993792,0.20631999999999995,0.2138422857142857,0.007522285714285759
5.403404,3.281168,0.470932,2.810236,3.054939,0.21092199999999994,0.21820992857142857,0.007287928571428626
5.406402,3.352496,0.467097,2.885399,3.126267,0.21475699999999998,0.22330478571428572,0.008547785714285744
5.409733,3.422157,0.462495,2.959662,3.195928,0.21935899999999997,0.22828057142857142,0.008921571428571445
5.41225,3.488703,0.457126,3.031577,3.262474,0.22472799999999998,0.23303385714285715,0.00830585714285717
5.415617,3.564825,0.45099,3.113834,3.338596,0.23086399999999996,0.23847114285714285,0.007607142857142896
5.419738,3.66237,0.447155,3.215214,3.436141,0.23469899999999994,0.24543864285714287,0.010739642857142934
5.421543,3.710076,0.442553,3.267522,3.483847,0.23930099999999999,0.24884621428571427,0.009545214285714282
5.424897,3.787433,0.437568,3.349865,3.561204,0.24428599999999995,0.2543717142857143,0.010085714285714364
5.427878,3.857845,0.432966,3.424879,3.631616,0.24888799999999994,0.2594011428571429,0.010513142857142943
5.431045,3.937398,0.427981,3.509417,3.711169,0.25387299999999996,0.26508349999999997,0.011210500000000012
5.433732,4.003443,0.420311,3.583132,3.777214,0.26154299999999997,0.269801,0.008258000000000043
5.436651,4.077118,0.415325,3.661793,3.8508889999999996,0.26652899999999996,0.27506349999999996,0.0085345
5.43992,4.149961,0.41034,3.739621,3.923732,0.271514,0.2802665714285714,0.008752571428571443
5.442663,4.224771,0.404971,3.8198,3.9985419999999996,0.27688299999999993,0.2856101428571428,0.008727142857142878
5.445842,4.308147,0.397685,3.910462,4.081918,0.28416899999999995,0.2915655714285714,0.0073965714285714745
5.449067,4.406897,0.392699,4.014198,4.180668,0.28915499999999994,0.29861914285714286,0.009464142857142921
5.452082,4.469031,0.384646,4.084386,4.242802,0.29720799999999997,0.30305728571428575,0.005849285714285779
5.456021,4.572212,0.380044,4.192168,4.345983,0.30180999999999997,0.3104273571428572,0.008617357142857218
5.459497,4.663069,0.375058,4.28801,4.43684,0.30679599999999996,0.31691714285714284,0.010121142857142884
5.462152,4.732832,0.369306,4.363526,4.506603,0.31254799999999994,0.3219002142857143,0.009352214285714366
5.465463,4.819574,0.362019,4.457555,4.593345,0.319835,0.32809607142857145,0.008261071428571465
5.46967,4.932453,0.357418,4.575036,4.706224,0.32443599999999995,0.33615885714285715,0.011722857142857201
5.471167,4.982888,0.351282,4.631607,4.756659,0.330572,0.33976135714285716,0.00918935714285718
5.474775,5.070759,0.346296,4.724463,4.84453,0.33555799999999997,0.3460378571428571,0.010479857142857152
5.479905,5.151965,0.337859,4.814105,4.925736,0.34399499999999994,0.3518382857142857,0.007843285714285775
5.481038,5.241253,0.332874,4.908379,5.015024,0.34897999999999996,0.35821600000000003,0.009236000000000077
5.484378,5.326892,0.327121,4.999771,5.100663,0.35473299999999997,0.3643330714285714,0.009600071428571444
5.487207,5.409413,0.319068,5.090345,5.183184,0.36278599999999994,0.37022742857142854,0.007441428571428599
5.487207,5.409413,0.313699,5.095714,5.183184,0.36815499999999995,0.37022742857142854,0.002072428571428586
5.494249,5.589398,0.309097,5.2803,5.363169,0.37275699999999995,0.3830835,0.010326500000000072
5.496517,5.67697,0.303345,5.373625,5.450741,0.378509,0.38933864285714287,0.010829642857142885
5.499868,5.772292,0.295291,5.477001,5.546063,0.38656299999999993,0.39614735714285715,0.009584357142857214
5.502683,5.853336,0.289539,5.563797,5.627107,0.39231499999999997,0.40193621428571424,0.009621214285714275
5.505913,5.94484,0.284553,5.660286,5.718611,0.39730099999999996,0.4084722142857143,0.011171214285714326
5.509427,6.034492,0.275733,5.758759,5.808263,0.40612099999999995,0.4148759285714286,0.008754928571428622
5.512031,6.120538,0.269981,5.850557,5.894309,0.41187299999999993,0.4210220714285714,0.009149071428571465
5.515348,6.214272,0.264228,5.950044,5.988043,0.41762599999999994,0.42771735714285714,0.010091357142857194
5.51956,6.329804,0.259626,6.070178,6.103575,0.42222799999999994,0.43596964285714285,0.01374164285714291
5.521264,6.388038,0.250806,6.137232,6.161809,0.431048,0.4401292142857143,0.00908121428571429
5.524791,6.48951,0.244286,6.245224,6.263281,0.43756799999999996,0.4473772142857143,0.009809214285714352
5.529715,6.621574,0.238534,6.38304,6.395345,0.44331999999999994,0.4568103571428571,0.013490357142857179
5.531252,6.676577,0.230481,6.446097,6.450348,0.45137299999999997,0.46073914285714285,0.009366142857142878
5.534474,6.772408,0.224345,6.548064,6.546179,0.45750899999999994,0.46758421428571434,0.010075214285714396
5.537482,6.861784,0.218209,6.643576,6.635555,0.463645,0.4739682142857143,0.01032321428571431
5.54085,6.957763,0.211689,6.746074,6.731534,0.47016499999999994,0.48082385714285714,0.010658857142857192
5.543309,7.036441,0.20632,6.830121,6.810212,0.47553399999999996,0.48644371428571426,0.0109097142857143
5.546313,7.126154,0.200184,6.92597,6.899925,0.48166999999999993,0.4928517857142857,0.011181785714285741
5.549484,7.212036,0.190597,7.021439,6.985807,0.49125699999999994,0.4989862142857143,0.007729214285714381
5.552238,7.30174,0.184078,7.117663,7.075511,0.497776,0.5053936428571428,0.007617642857142837
5.55538,7.400104,0.178709,7.221395,7.173875,0.503145,0.5124196428571428,0.009274642857142856
5.559899,7.518154,0.172956,7.345197,7.291925,0.508898,0.5208517857142857,0.011953785714285736
5.561403,7.58253,0.163752,7.418778,7.356301,0.518102,0.5254500714285715,0.007348071428571523
5.564899,7.685637,0.157617,7.52802,7.459408,0.524237,0.5328148571428571,0.008577857142857193
5.569744,7.821851,0.152248,7.669604,7.595622,0.529606,0.5425444285714286,0.012938428571428573
5.571187,7.879847,0.143427,7.73642,7.653618,0.538427,0.546687,0.008260000000000045
5.574767,7.990498,0.136908,7.853591,7.764269,0.5449459999999999,0.5545906428571429,0.009644642857142949
5.579664,8.128462,0.130772,7.99769,7.902233000000001,0.551082,0.5644452142857144,0.013363214285714409
5.580944,8.177395,0.121951,8.055443,7.951166000000001,0.5599029999999999,0.5679404285714286,0.00803742857142864
5.584155,8.273331,0.116199,8.157132,8.047102,0.565655,0.574793,0.00913799999999998
5.587023,8.365937,0.11083,8.255107,8.139708,0.571024,0.5814077142857144,0.010383714285714385
5.59112,8.435373,0.103927,8.331446,8.209144,0.577927,0.5863674285714285,0.008440428571428571
5.593098,8.546416,0.095107,8.451309,8.320187,0.5867469999999999,0.5942990714285715,0.007552071428571616
5.596488,8.654536,0.089354,8.565182,8.428307,0.5924999999999999,0.6020219285714286,0.00952192857142864
5.600627,8.76986,0.082835,8.687025,8.543631,0.599019,0.6102593571428571,0.011240357142857094
5.602658,8.847415,0.076316,8.7711,8.621186,0.6055379999999999,0.615799,0.010261000000000076
5.60565,8.941068,0.07018,8.870889,8.714839,0.6116739999999999,0.6224885,0.01081450000000006
5.609747,9.05253,0.061743,8.990787,8.826301,0.620111,0.6304500714285715,0.010339071428571489
5.61185,9.12191,0.055223,9.066687,8.895681,0.6266309999999999,0.6354057857142857,0.008774785714285804
5.615031,9.227744,0.049471,9.178273,9.001515,0.6323829999999999,0.6429653571428571,0.010582357142857157
5.619714,9.363234,0.043718,9.319516,9.137005,0.6381359999999999,0.6526432142857143,0.014507214285714332
5.621006,9.414212,0.034515,9.379698,9.187983,0.647339,0.6562844999999999,0.00894549999999994
5.624528,9.522739,0.027612,9.495127,9.29651,0.654242,0.6640364285714285,0.009794428571428537
5.627475,9.615887,0.021476,9.594412,9.389658,0.6603779999999999,0.6706898571428572,0.010311857142857317
5.630814,9.709621,0.015723,9.693897,9.483392,0.6661309999999999,0.6773851428571429,0.01125414285714299
5.633374,9.799367,0.006519,9.792848,9.573138,0.6753349999999999,0.6837955714285714,0.008460571428571484
5.636413,9.892318,2.262238,7.63008,9.666089,-1.580384,0.6904349285714285,2.2708189285714284
5.639969,9.987234,5.930753,4.056481,9.761005,-5.248899,0.697214642857143,5.946113642857143
5.642276,10.080107,6.234098,3.846009,9.853878,-5.552244,0.7038484285714286,6.256092428571429
5.645854,10.189082,6.260176,3.928907,9.962853,-5.578322,0.7116323571428572,6.289954357142857
5.649442,10.29467,6.254807,4.039863,10.068441,-5.572953,0.7191743571428572,6.292127357142857
5.652505,10.396098,6.247904,4.148194,10.169869,-5.566050000000001,0.7264192142857143,6.292469214285715
5.65542,10.489804,6.239083,4.250721,10.263575,-5.5572289999999995,0.7331125,6.290341499999999
5.659683,10.610502,6.232564,4.377938,10.384273,-5.5507100000000005,0.7417337857142857,6.292443785714286
5.66117,10.677061,6.226428,4.450633,10.450832,-5.544574000000001,0.746488,6.291062000000001
5.664625,10.774561,6.219525,4.555036,10.548332,-5.537671,0.7534522857142857,6.291123285714285
5.669676,10.921898,6.210321,4.711577,10.695669,-5.528467000000001,0.7639763571428572,6.292443357142858
5.671581,10.98046,6.204569,4.775891,10.754231,-5.522715,0.7681593571428572,6.290874357142857
5.674557,11.086165,6.194214,4.89195,10.859936,-5.512359999999999,0.7757097142857142,6.288069714285713
5.67973,11.232802,6.189229,5.043573,11.006573,-5.507375,0.7861837857142857,6.293558785714286
5.68127,11.298733,6.179642,5.119092,11.072504,-5.497788,0.7908931428571429,6.2886811428571425
5.684931,11.403189,6.173122,5.230067,11.17696,-5.491268,0.7983542857142857,6.289622285714286
5.6902,11.495342,6.168137,5.327205,11.269113,-5.486283,0.804936642857143,6.291219642857143
5.690886,11.592407,6.158166,5.434242,11.366178,-5.476312,0.8118698571428571,6.288181857142857
5.694211,11.691641,6.151646,5.539994,11.465412,-5.469792,0.8189580000000001,6.28875
5.697445,11.787252,6.145511,5.641742,11.561023,-5.4636569999999995,0.8257873571428572,6.289444357142857
5.700816,11.891015,6.139375,5.75164,11.664786,-5.457521,0.8331989999999999,6.290719999999999
5.703598,11.974741,6.129787,5.844954,11.748512,-5.447933000000001,0.8391794285714286,6.2871124285714295
5.706926,12.082801,6.123651,5.95915,11.856572,-5.441796999999999,0.846898,6.288695
5.710693,12.180771,6.117132,6.06364,11.954542,-5.435278,0.8538958571428571,6.289173857142857
5.712811,12.261007,6.111763,6.149244,12.034778,-5.429909,0.8596269999999999,6.289536
5.715686,12.348586,6.105627,6.242959,12.122357,-5.423773000000001,0.8658826428571428,6.289655642857143
5.718864,12.459654,6.09604,6.363614,12.233425,-5.414186000000001,0.8738160714285714,6.288002071428572
5.721719,12.531001,6.08952,6.44148,12.304772,-5.407666000000001,0.8789122857142857,6.2865782857142865
5.725224,12.636797,6.083384,6.553413,12.410568,-5.401529999999999,0.8864691428571428,6.287999142857142
5.729961,12.760022,6.077248,6.682774,12.533793,-5.395394,0.8952709285714285,6.290664928571428
5.731258,12.816323,6.068428,6.747895,12.590094,-5.3865739999999995,0.8992924285714287,6.2858664285714285
5.734535,12.914773,6.062292,6.852481,12.688544,-5.380438,0.9063245714285715,6.2867625714285715
5.739904,13.011508,6.057307,6.954202,12.785279,-5.375453,0.9132342142857143,6.288687214285715
5.741045,13.100777,6.047719,7.053058,12.874548,-5.365864999999999,0.9196105714285715,6.285475571428571
5.744121,13.205516,6.041967,7.163549,12.979287,-5.360113,0.9270919285714285,6.287204928571429
5.747347,13.29437,6.03468,7.25969,13.068141,-5.352826,0.933438642857143,6.286264642857144
5.750793,13.390837,6.028928,7.361909,13.164608,-5.347073999999999,0.9403291428571429,6.287403142857142
5.753201,13.467833,6.023176,7.444657,13.241604,-5.341322,0.9458288571428571,6.287150857142857
5.756031,13.556726,6.01704,7.539686,13.330497,-5.335186,0.9521783571428571,6.287364357142858
5.759489,13.644738,6.007836,7.636902,13.418509,-5.325982,0.9584649285714286,6.284446928571429
5.762475,13.736784,6.002083,7.734701,13.510555,-5.320228999999999,0.9650396428571428,6.285268642857142
5.766119,13.845911,5.993263,7.852648,13.619682,-5.311408999999999,0.9728344285714285,6.284243428571428
5.769275,13.937367,5.987127,7.95024,13.711138,-5.305273,0.979367,6.28464
5.772087,14.023558,5.980991,8.042567,13.797329,-5.299137,0.9855235,6.2846605
5.774981,14.108934,5.974855,8.134078,13.882705,-5.293001,0.9916217857142857,6.284622785714286
5.779725,14.231243,5.968719,8.262524,14.005014,-5.286865000000001,1.0003581428571429,6.287223142857144
5.781191,14.280068,5.959899,8.320169,14.053839,-5.2780450000000005,1.003845642857143,6.281890642857143
5.784569,14.375296,5.95453,8.420767,14.149067,-5.272676000000001,1.010647642857143,6.283323642857144
5.787502,14.463593,5.948777,8.514816,14.237364,-5.266923,1.0169545714285715,6.2838775714285715
5.791057,14.550668,5.943409,8.607259,14.324439,-5.2615549999999995,1.0231742142857143,6.284729214285714
5.793654,14.624458,5.937273,8.687185,14.398229,-5.255419,1.0284449285714286,6.283863928571428
5.7967,14.705057,5.929603,8.775455,14.478828,-5.247749000000001,1.034202,6.281951000000001
5.799715,14.787286,5.924617,8.862668,14.561057,-5.242763,1.0400755,6.2828385
5.802566,14.86908,5.918865,8.950215,14.642851,-5.237011000000001,1.0459179285714286,6.28292892857143
5.805523,14.9508,5.912729,9.038071,14.724571,-5.230874999999999,1.0517550714285713,6.282630071428571
5.809758,15.062261,5.907744,9.154517,14.836032,-5.22589,1.0597165714285715,6.285606571428572
5.810961,15.109538,5.901991,9.207547,14.883309,-5.220136999999999,1.0630935000000001,6.283230499999999
5.814487,15.190664,5.896622,9.294042,14.964435,-5.214767999999999,1.0688882142857143,6.283656214285713
5.817405,15.270581,5.888569,9.382012,15.044352,-5.206715000000001,1.0745965714285715,6.2813115714285725
5.82099,15.352469,5.883583,9.468886,15.12624,-5.201729,1.0804457142857142,6.2821747142857145
5.823392,15.428199,5.877831,9.550368,15.20197,-5.195976999999999,1.085855,6.281832
5.826657,15.512032,5.869394,9.642638,15.285803,-5.18754,1.0918430714285714,6.279383071428572
5.830704,15.614789,5.863642,9.751147,15.38856,-5.181787999999999,1.0991828571428572,6.280970857142856
5.833842,15.6956,5.855972,9.839628,15.469371,-5.174118,1.1049550714285714,6.279073071428572
5.837042,15.78362,5.850603,9.933017,15.557391,-5.168749,1.1112422142857143,6.279991214285714
5.840361,15.865689,5.845617,10.020072,15.63946,-5.163762999999999,1.1171042857142857,6.280867285714285
5.843016,15.936099,5.837564,10.098536,15.70987,-5.155710000000001,1.1221335714285714,6.277843571428573
5.84646,16.021421,5.832195,10.189226,15.795192,-5.150340999999999,1.128228,6.278568999999999
5.849772,16.095747,5.827593,10.268154,15.869518,-5.145739000000001,1.133537,6.279276000000001
5.852978,16.18251,5.822224,10.360286,15.956281,-5.140370000000001,1.139734357142857,6.280104357142858
5.855901,16.256633,5.816472,10.440161,16.030404,-5.134618,1.1450288571428573,6.279646857142857
5.858965,16.347361,5.809185,10.538175,16.121132,-5.127331,1.1515094285714285,6.278840428571428
5.861728,16.398794,5.804583,10.594211,16.172565,-5.122729,1.1551832142857141,6.277912214285713
5.865201,16.48039,5.799214,10.681176,16.254161,-5.11736,1.1610115,6.2783714999999995
5.869847,16.548645,5.794229,10.754416,16.322416,-5.112375,1.1658868571428571,6.278261857142857
5.871302,16.626138,5.786943,10.839195,16.399909,-5.1050889999999995,1.1714220714285715,6.276511071428571
5.874518,16.702714,5.783108,10.919606,16.476485,-5.101254000000001,1.1768917857142858,6.278145785714287
5.877636,16.772458,5.778506,10.993952,16.546229,-5.096652000000001,1.1818735,6.278525500000001
5.880797,16.847443,5.773904,11.073539,16.621214,-5.09205,1.1872295714285712,6.279279571428572
5.883554,16.907291,5.766617,11.140673,16.681062,-5.084763000000001,1.1915044285714287,6.27626742857143
5.886548,16.974937,5.762015,11.212922,16.748708,-5.080161,1.1963362857142859,6.276497285714286
5.890157,17.048558,5.75703,11.291528,16.822329,-5.075176000000001,1.2015949285714285,6.2767709285714295
5.89304,17.122788,5.750894,11.371894,16.896559,-5.069039999999999,1.2068970714285714,6.2759370714285705
5.89638,17.193546,5.746292,11.447254,16.967317,-5.064438000000001,1.2119512142857143,6.276389214285715
5.899527,17.264483,5.74169,11.522793,17.038254,-5.059836000000001,1.2170181428571427,6.276854142857143
5.902298,17.322261,5.737088,11.585173,17.096032,-5.0552340000000004,1.221145142857143,6.276379142857143
5.905576,17.393173,5.73287,11.660303,17.166944,-5.051016000000001,1.2262102857142858,6.277226285714287
5.90974,17.479009,5.72635,11.752658,17.25278,-5.0444960000000005,1.2323414285714287,6.2768374285714295
5.911024,17.518751,5.722515,11.796236,17.292522,-5.040661,1.235180142857143,6.275841142857143
5.914727,17.584199,5.718297,11.865902,17.35797,-5.036443,1.2398550000000002,6.276298000000001
5.91765,17.644485,5.714078,11.930407,17.418256,-5.032223999999999,1.2441611428571429,6.276385142857142
5.92088,17.706584,5.70986,11.996724,17.480355,-5.0280059999999995,1.2485967857142857,6.276602785714285
5.923537,17.762961,5.705258,12.057703,17.536732,-5.023403999999999,1.2526237142857144,6.276027714285714
5.926476,17.819795,5.699506,12.120289,17.593566,-5.017652,1.2566832857142856,6.274335285714286
5.929683,17.877459,5.695287,12.182171,17.65123,-5.013433000000001,1.260802142857143,6.274235142857144
5.932612,17.936891,5.691452,12.245439,17.710662,-5.009598,1.2650472857142856,6.274645285714286
5.935856,17.998719,5.687617,12.311102,17.77249,-5.005763,1.2694635714285716,6.275226571428572
5.938998,18.071817,5.682632,12.389185,17.845588,-5.000778,1.274684857142857,6.275462857142857
5.941937,18.11267,5.676879,12.43579,17.886441,-4.995025,1.2776029285714288,6.272627928571429
5.950693,18.185702,5.671127,12.514575,17.959473,-4.989273000000001,1.2828195,6.272092500000001
5.950693,18.268486,5.664224,12.604262,18.042257,-4.9823699999999995,1.2887326428571428,6.271102642857143
5.955721,18.356589,5.660773,12.695817,18.13036,-4.978918999999999,1.2950257142857142,6.273944714285713
5.959629,18.422888,5.65502,12.767867,18.196659,-4.973166000000001,1.2997613571428572,6.2729273571428585
5.962631,18.475617,5.651952,12.823664,18.249388,-4.970098,1.3035277142857142,6.273625714285714
5.966038,18.53037,5.645816,12.884553,18.304141,-4.963962,1.307438642857143,6.271400642857143
5.969499,18.590423,5.643132,12.947291,18.364194,-4.961278,1.311728142857143,6.2730061428571435
5.972895,18.644211,5.63968,13.00453,18.417982,-4.957826000000001,1.3155701428571427,6.273396142857143
5.975992,18.693834,5.634695,13.059139,18.467605,-4.952840999999999,1.3191146428571427,6.271955642857142
5.979111,18.750222,5.631243,13.118978,18.523993,-4.949389,1.323142357142857,6.272531357142857
5.982537,18.793928,5.628176,13.165753,18.567699,-4.946322,1.3262642142857144,6.272586214285715
5.986029,18.845183,5.623574,13.22161,18.618954,-4.94172,1.3299252857142856,6.2716452857142855
5.990345,18.899518,5.620122,13.279396,18.673289,-4.938268000000001,1.3338063571428571,6.272074357142857
5.991277,18.929026,5.617821,13.311205,18.702797,-4.935967,1.3359140714285715,6.271881071428571
5.995146,18.975618,5.615137,13.360481,18.749389,-4.933282999999999,1.3392420714285715,6.272525071428571
5.998026,19.011782,5.612069,13.399713,18.785553,-4.9302150000000005,1.3418252142857143,6.272040214285715
6.000944,19.05124,5.609768,13.441472,18.825011,-4.9279139999999995,1.3446436428571429,6.272557642857143
6.003533,19.089778,5.6067,13.483078,18.863549,-4.9248460000000005,1.347396357142857,6.272242357142858
6.006574,19.129178,5.602865,13.526313,18.902949,-4.921011,1.3502106428571428,6.271221642857142
6.009712,19.167689,5.60018,13.567509,18.94146,-4.918326,1.3529614285714284,6.271287428571429
6.012637,19.201486,5.597496,13.60399,18.975257,-4.915642,1.3553754999999998,6.2710175
6.015687,19.239301,5.595578,13.643722,19.013072,-4.913724,1.3580765714285714,6.271800571428572
6.019708,19.286511,5.592894,13.693617,19.060282,-4.91104,1.3614487142857143,6.272488714285714
6.02126,19.304976,5.589059,13.715917,19.078747,-4.907204999999999,1.362767642857143,6.269972642857143
6.024488,19.342911,5.586758,13.756152,19.116682,-4.904904,1.3654772857142858,6.270381285714286
6.027803,19.3788,5.584457,13.794343,19.152571,-4.902602999999999,1.3680407857142856,6.2706437857142845
6.030884,19.413325,5.582156,13.831169,19.187096,-4.900302,1.3705068571428571,6.270808857142857
6.033989,19.445151,5.578705,13.866446,19.218922,-4.896851,1.372780142857143,6.2696311428571425
6.037377,19.47724,5.577171,13.90007,19.251011,-4.895317,1.3750722142857141,6.270389214285714
6.040718,19.509,5.574103,13.934897,19.282771,-4.892249,1.3773407857142856,6.2695897857142855
6.04338,19.537106,5.572569,13.964537,19.310877,-4.890715,1.3793483571428573,6.270063357142858
6.046217,19.564762,5.571035,13.993728,19.338533,-4.889181000000001,1.381323785714286,6.270504785714286
6.049354,19.595677,5.5672,14.028478,19.369448,-4.885346,1.383532,6.268878
6.052178,19.617963,5.566433,14.051531,19.391734,-4.8845790000000004,1.385123857142857,6.269702857142858
6.05549,19.645121,5.564132,14.080989,19.418892,-4.8822779999999995,1.3870637142857143,6.269341714285714
6.059891,19.677163,5.563365,14.113798,19.450934,-4.881511,1.3893524285714285,6.270863428571428
6.061733,19.689442,5.56068,14.128762,19.463213,-4.878826,1.3902295,6.2690555
6.065037,19.712459,5.559913,14.152546,19.48623,-4.878059,1.3918735714285713,6.269932571428572
6.069664,19.74746,5.557996,14.189465,19.521231,-4.876142,1.394373642857143,6.270515642857143
6.071246,19.756682,5.555695,14.200987,19.530453,-4.8738410000000005,1.3950323571428573,6.268873357142858
6.074295,19.77916,5.554161,14.224999,19.552931,-4.872306999999999,1.3966379285714285,6.268944928571428
6.07719,19.800101,5.552627,14.247474,19.573872,-4.870773,1.3981337142857144,6.268906714285714
6.080118,19.820735,5.551476,14.269259,19.594506,-4.869622,1.3996075714285714,6.269229571428571
6.082984,19.837852,5.549559,14.288293,19.611623,-4.867705000000001,1.4008302142857143,6.268535214285715
6.085942,19.853817,5.549176,14.304642,19.627588,-4.867322,1.4019705714285713,6.269292571428571
6.090102,19.872564,5.547642,14.324922,19.646335,-4.865788,1.403309642857143,6.269097642857143
6.092097,19.880361,5.546108,14.334254,19.654132,-4.864254000000001,1.4038665714285714,6.268120571428572
6.095429,19.896182,5.545724,14.350458,19.669953,-4.86387,1.4049966428571428,6.268866642857143
6.099746,19.91245,5.544574,14.367877,19.686221,-4.8627199999999995,1.4061586428571429,6.268878642857143
6.101773,19.922549,5.54419,14.378358,19.69632,-4.862336000000001,1.40688,6.269216000000001
6.105426,19.935981,5.54304,14.392942,19.709752,-4.861186,1.4078394285714286,6.269025428571428
6.109848,19.950174,5.542656,14.407518,19.723945,-4.860802,1.4088532142857144,6.269655214285714
6.111124,19.95446,5.541506,14.412954,19.728231,-4.8596520000000005,1.4091593571428571,6.268811357142858
6.114683,19.965115,5.540739,14.424376,19.738886,-4.858885000000001,1.4099204285714286,6.268805428571429
6.119789,19.97028,5.539972,14.430309,19.744051,-4.858117999999999,1.410289357142857,6.2684073571428565
6.121065,19.972427,5.540355,14.432072,19.746198,-4.858501,1.4104427142857143,6.268943714285715
6.124074,19.973519,5.539972,14.433547,19.74729,-4.858117999999999,1.4105207142857143,6.268638714285713
6.127302,19.974587,5.539588,14.434999,19.748358,-4.857734000000001,1.4105969999999999,6.268331000000001
6.130806,19.975779,5.540355,14.435424,19.74955,-4.858501,1.4106821428571428,6.269183142857143
6.133606,19.97612,5.539588,14.436531,19.749891,-4.857734000000001,1.4107065,6.2684405000000005
6.136862,19.977436,5.539588,14.437848,19.751207,-4.857734000000001,1.4108005000000001,6.268534500000001
6.139995,19.978711,5.539205,14.439506,19.752482,-4.8573509999999995,1.4108915714285715,6.268242571428571
6.143201,19.979222,5.539588,14.439634,19.752993,-4.857734000000001,1.4109280714285715,6.268662071428572
6.145993,19.979802,5.539205,14.440597,19.753573,-4.8573509999999995,1.4109695,6.2683205
6.149058,19.979068,5.539588,14.43948,19.752839,-4.857734000000001,1.4109170714285715,6.268651071428572
6.152116,19.977475,5.539588,14.437887,19.751246,-4.857734000000001,1.4108032857142856,6.268537285714286
6.155464,19.974695,5.539972,14.434723,19.748466,-4.858117999999999,1.4106047142857143,6.268722714285714
6.159713,19.971612,5.540355,14.431257,19.745383,-4.858501,1.4103845,6.2688855000000006
6.161505,19.970174,5.540355,14.429819,19.743945,-4.858501,1.4102817857142858,6.268782785714286
6.165295,19.965164,5.539972,14.425193,19.738935,-4.858117999999999,1.4099239285714287,6.268041928571428
6.169839,19.956527,5.540739,14.415788,19.730298,-4.858885000000001,1.409307,6.268192000000001
6.171947,19.95089,5.541506,14.409384,19.724661,-4.8596520000000005,1.4089043571428572,6.268556357142858
6.175862,19.946956,5.541889,14.405067,19.720727,-4.860035,1.4086233571428572,6.268658357142857
6.179294,19.94405,5.542273,14.401777,19.717821,-4.860419,1.4084157857142858,6.2688347857142865
6.182116,19.938308,5.542656,14.395652,19.712079,-4.860802,1.4080056428571428,6.268807642857142
6.185438,19.926279,5.543807,14.382472,19.70005,-4.861953,1.4071464285714286,6.269099428571428
6.188403,19.918342,5.54419,14.374152,19.692113,-4.862336000000001,1.4065794999999999,6.2689155
6.19109,19.905709,5.544957,14.360752,19.67948,-4.863103000000001,1.405677142857143,6.2687801428571435
6.194623,19.895121,5.545341,14.349781,19.668892,-4.863486999999999,1.404920857142857,6.268407857142856
6.197573,19.884328,5.546491,14.337837,19.658099,-4.864637,1.4041499285714285,6.268786928571428
6.200905,19.868783,5.547258,14.321525,19.642554,-4.865404,1.4030395714285715,6.268443571428572
6.203707,19.853907,5.548792,14.305115,19.627678,-4.866937999999999,1.401977,6.268915
6.206784,19.836809,5.550326,14.286483,19.61058,-4.868472000000001,1.400755714285714,6.269227714285715
6.210115,19.811769,5.551476,14.260293,19.58554,-4.869622,1.398967142857143,6.2685891428571425
6.213414,19.790977,5.553394,14.237583,19.564748,-4.8715399999999995,1.3974820000000001,6.269022
6.216377,19.76978,5.554928,14.214852,19.543551,-4.873074000000001,1.3959679285714286,6.269041928571429
6.219335,19.749574,5.556078,14.193496,19.523345,-4.874224,1.3945246428571427,6.268748642857142
6.222413,19.731667,5.557996,14.173671,19.505438,-4.876142,1.3932455714285716,6.269387571428571
6.225577,19.712592,5.559146,14.153446,19.486363,-4.877292000000001,1.3918830714285715,6.269175071428572
6.229757,19.685382,5.560297,14.125085,19.459153,-4.878443000000001,1.3899395,6.268382500000001
6.231205,19.670639,5.562981,14.107657,19.44441,-4.881126999999999,1.3888864285714286,6.270013428571428
6.234816,19.645929,5.563748,14.08218,19.4197,-4.881894000000001,1.3871214285714284,6.2690154285714295
6.239802,19.62186,5.566433,14.055427,19.395631,-4.8845790000000004,1.3854022142857143,6.269981214285715
6.241071,19.592331,5.569117,14.023213,19.366102,-4.887263000000001,1.383293,6.270556000000001
6.244231,19.562815,5.570651,13.992164,19.336586,-4.888797,1.3811847142857143,6.269981714285715
6.24728,19.530113,5.572952,13.957161,19.303884,-4.8910979999999995,1.3788488571428572,6.269946857142857
6.250768,19.497811,5.575253,13.922558,19.271582,-4.8933990000000005,1.3765415714285714,6.269940571428572
6.253411,19.471732,5.577171,13.894561,19.245503,-4.895317,1.3746787857142857,6.269995785714286
6.256382,19.444387,5.580239,13.864148,19.218158,-4.898384999999999,1.3727255714285713,6.27111057142857
6.259364,19.413342,5.581773,13.831569,19.187113,-4.899919000000001,1.3705080714285713,6.270427071428572
6.26257,19.381694,5.584457,13.797237,19.155465,-4.902602999999999,1.3682475,6.270850499999999
6.265687,19.346912,5.586758,13.760154,19.120683,-4.904904,1.3657630714285713,6.270667071428571
6.269016,19.299725,5.590593,13.709132,19.073496,-4.908739000000001,1.3623925714285714,6.2711315714285725
6.271988,19.271582,5.593277,13.678304,19.045353,-4.911422999999999,1.360382357142857,6.271805357142856
6.275594,19.230648,5.596729,13.633919,19.004419,-4.914875,1.3574585,6.2723335
6.278915,19.184172,5.59903,13.585142,18.957943,-4.9171759999999995,1.3541387857142857,6.271314785714285
6.281876,19.157446,5.603248,13.554197,18.931217,-4.921393999999999,1.3522297857142858,6.273623785714285
6.285462,19.111068,5.605933,13.505135,18.884839,-4.924079000000001,1.3489170714285714,6.272996071428572
6.290325,19.052366,5.608617,13.443749,18.826137,-4.926762999999999,1.3447240714285713,6.27148707142857
6.291867,19.021554,5.612836,13.408718,18.795325,-4.930982,1.3425232142857142,6.273505214285715
6.29545,18.97723,5.61552,13.36171,18.751001,-4.9336660000000006,1.3393572142857142,6.273023214285715
6.299125,18.917294,5.619739,13.297555,18.691065,-4.937885,1.3350760714285712,6.272961071428571
6.30222,18.882878,5.622807,13.260071,18.656649,-4.940953,1.3326177857142858,6.273570785714286
6.305804,18.828317,5.625491,13.202826,18.602088,-4.943637000000001,1.3287205714285713,6.2723575714285715
6.30908,18.769684,5.630476,13.139208,18.543455,-4.948622,1.3245325000000001,6.2731545
6.311996,18.734513,5.633928,13.100585,18.508284,-4.952074,1.3220202857142858,6.274094285714286
6.315352,18.68612,5.637379,13.04874,18.459891,-4.955525,1.3185636428571428,6.2740886428571425
6.319726,18.616346,5.640064,12.976282,18.390117,-4.958209999999999,1.3135797857142857,6.271789785714285
6.321302,18.589175,5.645049,12.944125,18.362946,-4.963195000000001,1.311639,6.274834
6.324531,18.53638,5.648117,12.888262,18.310151,-4.966263,1.3078679285714288,6.274130928571428
6.327516,18.490023,5.652336,12.837687,18.263794,-4.9704820000000005,1.3045567142857144,6.275038714285715
6.330818,18.434094,5.65502,12.779074,18.207865,-4.973166000000001,1.300561785714286,6.273727785714287
6.333798,18.387338,5.660389,12.726949,18.161109,-4.978535000000001,1.2972220714285714,6.275757071428572
6.336573,18.335541,5.664608,12.670933,18.109312,-4.982754,1.2935222857142856,6.276276285714285
6.339926,18.281117,5.668443,12.612675,18.054888,-4.986589,1.289634857142857,6.276223857142858
6.342511,18.229179,5.67151,12.557669,18.00295,-4.989656,1.285925,6.275581
6.346122,18.169838,5.675345,12.494492,17.943609,-4.993491000000001,1.281686357142857,6.275177357142858
6.34898,18.099537,5.681098,12.418439,17.873308,-4.999244000000001,1.2766648571428572,6.275908857142858
6.35187,18.060994,5.684549,12.376445,17.834765,-5.002694999999999,1.2739117857142859,6.276606785714285
6.355291,17.995096,5.688384,12.306711,17.768867,-5.00653,1.2692047857142856,6.275734785714286
6.359615,17.911185,5.692603,12.218582,17.684956,-5.010749000000001,1.2632111428571429,6.273960142857144
6.361289,17.880183,5.697972,12.182212,17.653954,-5.0161180000000005,1.2609967142857141,6.277114714285714
6.364425,17.822258,5.702574,12.119684,17.596029,-5.020720000000001,1.2568592142857145,6.277579214285716
6.367281,17.763057,5.705642,12.057416,17.536828,-5.023788,1.2526305714285715,6.276418571428572
6.370839,17.695721,5.70986,11.985861,17.469492,-5.0280059999999995,1.247820857142857,6.275826857142857
6.373326,17.640752,5.714078,11.926674,17.414523,-5.032223999999999,1.2438945,6.276118499999999
6.376531,17.5784,5.720598,11.857802,17.352171,-5.0387439999999994,1.2394407857142855,6.278184785714285
6.379699,17.515969,5.724816,11.791153,17.28974,-5.042961999999999,1.2349814285714285,6.277943428571428
6.38262,17.450212,5.728651,11.721561,17.223983,-5.046797,1.2302845,6.2770814999999995
6.385772,17.38187,5.733253,11.648617,17.155641,-5.051399,1.2254029285714285,6.2768019285714285
6.390509,17.300379,5.74054,11.55984,17.07415,-5.058686,1.2195821428571427,6.278268142857143
6.391638,17.25091,5.744375,11.506535,17.024681,-5.062521,1.2160486428571429,6.278569642857143
6.395416,17.176939,5.748976,11.427962,16.95071,-5.0671219999999995,1.210765,6.277887
6.398192,17.114763,5.753578,11.361185,16.888534,-5.071724,1.2063238571428572,6.278047857142857
6.401325,17.04546,5.760481,11.284978,16.819231,-5.078627000000001,1.2013736428571427,6.280000642857144
6.404279,16.976669,5.765083,11.211585,16.75044,-5.083228999999999,1.19646,6.279688999999999
6.407565,16.906142,5.769685,11.136456,16.679913,-5.0878309999999995,1.191422357142857,6.279253357142856
6.410682,16.835244,5.774287,11.060957,16.609015,-5.092433,1.1863582142857143,6.2787912142857145
6.41361,16.766024,5.778889,10.987134,16.539795,-5.097035,1.1814139285714287,6.278448928571429
6.416604,16.697668,5.785025,10.912643,16.471439,-5.103171,1.176531357142857,6.279702357142857
6.419851,16.63007,5.790777,10.839293,16.403841,-5.108923000000001,1.1717029285714287,6.280625928571429
6.422647,16.552528,5.795379,10.757148,16.326299,-5.113524999999999,1.1661642142857143,6.279689214285714
6.425744,16.482038,5.799598,10.68244,16.255809,-5.117744,1.1611292142857141,6.278873214285714
6.428881,16.385599,5.807268,10.578332,16.15937,-5.125413999999999,1.1542407142857143,6.279654714285714
6.431695,16.336485,5.812253,10.524232,16.110256,-5.130399000000001,1.1507325714285714,6.281131571428572
6.435032,16.255866,5.818006,10.43786,16.029637,-5.136151999999999,1.1449740714285714,6.28112607142857
6.437948,16.184837,5.822991,10.361845,15.958608000000002,-5.1411370000000005,1.1399005714285715,6.2810375714285716
6.441029,16.106362,5.82836,10.278002,15.880133,-5.1465060000000005,1.1342952142857143,6.280801214285715
6.444048,16.034024,5.834112,10.199912,15.807794999999999,-5.152258,1.1291282142857142,6.281386214285714
6.446899,15.959211,5.841015,10.118196,15.732982,-5.159160999999999,1.1237844285714285,6.282945428571428
6.450093,15.884801,5.846001,10.0388,15.658572,-5.164147,1.1184694285714285,6.282616428571428
6.452865,15.80593,5.85137,9.95456,15.579701,-5.169516,1.1128357857142857,6.282351785714285
6.456033,15.729373,5.857122,9.872251,15.503144,-5.175268000000001,1.1073674285714286,6.28263542857143
6.459018,15.631099,5.865176,9.765924,15.40487,-5.183322,1.100347857142857,6.283669857142858
6.461867,15.572801,5.870161,9.70264,15.346572,-5.188307,1.0961837142857143,6.284490714285714
6.465721,15.474323,5.875913,9.59841,15.248094,-5.194058999999999,1.0891495714285715,6.28320857142857
6.468907,15.367839,5.88435,9.483489,15.14161,-5.202496,1.0815435714285715,6.284039571428572
6.471728,15.31102,5.889719,9.421301,15.084791,-5.207865,1.0774850714285713,6.285350071428571
6.475371,15.217233,5.895088,9.322145,14.991004,-5.213234,1.070786,6.28402
6.479653,15.100436,5.900457,9.199979,14.874207,-5.218603,1.062443357142857,6.281046357142857
6.481233,15.048593,5.908894,9.139699,14.822364,-5.227040000000001,1.0587402857142858,6.285780285714287
6.484919,14.956451,5.914263,9.042188,14.730222,-5.2324090000000005,1.0521587142857143,6.284567714285715
6.488,14.874827,5.923467,8.951361,14.648598,-5.241612999999999,1.0463284285714285,6.287941428571427
6.491554,14.774409,5.928452,8.845956,14.54818,-5.2465980000000005,1.0391557142857144,6.285753714285715
6.495197,14.677922,5.937273,8.740649,14.451693,-5.255419,1.0322637857142858,6.287682785714286
6.49982,14.547258,5.942642,8.604617,14.321029,-5.260788,1.0229306428571427,6.283718642857142
6.501251,14.487891,5.951078,8.536813,14.261662,-5.2692239999999995,1.0186901428571429,6.287914142857142
6.505232,14.390464,5.956447,8.434017,14.164235,-5.274592999999999,1.0117310714285714,6.286324071428571
6.509676,14.26713,5.961433,8.305697,14.040901,-5.279579,1.0029215,6.2825005
6.511263,14.22129,5.967185,8.254105,13.995061,-5.285330999999999,0.9996472142857142,6.284978214285713
6.51438,14.132282,5.973321,8.158961,13.906053,-5.291467000000001,0.9932895,6.284756500000001
6.5173,14.052528,5.981758,8.07077,13.826299,-5.299904,0.9875927857142858,6.287496785714286
6.520659,13.956857,5.987511,7.969346,13.730628,-5.305657,0.9807591428571428,6.286416142857143
6.523485,13.873381,5.993646,7.879734,13.647152,-5.3117920000000005,0.9747965714285715,6.286588571428572
6.526645,13.779186,5.999399,7.779787,13.552957,-5.317545000000001,0.9680683571428571,6.285613357142858
6.529994,13.691896,6.008603,7.683293,13.465667,-5.3267489999999995,0.9618333571428571,6.2885823571428565
6.532873,13.597465,6.013588,7.583877,13.371236,-5.331734000000001,0.9550882857142857,6.286822285714287
6.536087,13.506642,6.019341,7.487302,13.280413,-5.337486999999999,0.9486009285714285,6.286087928571428
6.539189,13.399499,6.025477,7.374022,13.17327,-5.343623000000001,0.9409478571428572,6.2845708571428585
6.541871,13.334005,6.03468,7.299325,13.107776,-5.352826,0.9362697142857143,6.289095714285715
6.545509,13.226346,6.040816,7.18553,13.000117,-5.358962,0.9285797857142857,6.287541785714286
6.548834,13.104298,6.050787,7.05351,12.878069,-5.368933,0.9198620714285715,6.288795071428572
6.551802,13.041277,6.055773,6.985504,12.815047999999999,-5.373919000000001,0.9153605714285714,6.2892795714285725
6.555085,12.943679,6.061525,6.882154,12.71745,-5.379671,0.9083892857142857,6.288060285714286
6.558022,12.854443,6.067278,6.787165,12.628214,-5.385424,0.9020152857142857,6.287439285714286
6.561441,12.755757,6.073413,6.682344,12.529527999999999,-5.391559000000001,0.8949662857142856,6.286525285714286
6.56418,12.672943,6.08185,6.591093,12.446714,-5.399996,0.889051,6.289047
6.567721,12.564381,6.088753,6.475628,12.338152,-5.406898999999999,0.8812965714285713,6.28819557142857
6.571044,12.46076,6.094506,6.366254,12.234531,-5.412652,0.8738950714285715,6.286547071428571
6.573885,12.377799,6.104093,6.273706,12.15157,-5.422238999999999,0.8679692857142857,6.290208285714285
6.57736,12.270558,6.110229,6.160329,12.044329,-5.428375000000001,0.8603092142857143,6.288684214285715
6.580756,12.171374,6.117132,6.054242,11.945145,-5.435278,0.8532246428571428,6.288502642857143
6.583419,12.083702,6.122884,5.960818,11.857473,-5.44103,0.8469623571428572,6.287992357142857
6.586211,11.999553,6.132472,5.867081,11.773324,-5.450618,0.8409517142857144,6.291569714285715
6.589505,11.898695,6.138608,5.760087,11.672466,-5.456754,0.8337475714285715,6.290501571428572
6.592206,11.814764,6.145127,5.669637,11.588535,-5.463272999999999,0.8277525,6.291025499999999
6.595524,11.71151,6.151263,5.560247,11.485281,-5.469409000000001,0.8203772142857143,6.289786214285715
6.599718,11.584084,6.160467,5.423618,11.357855,-5.478612999999999,0.8112753571428571,6.289888357142856
6.601451,11.526387,6.166603,5.359784,11.300158,-5.484749000000001,0.8071541428571428,6.2919031428571435
6.605274,11.413192,6.173122,5.240069,11.186963,-5.491268,0.7990687857142857,6.290336785714286
6.609643,11.275132,6.183093,5.092039,11.048903,-5.501239,0.7892073571428571,6.290446357142857
6.611244,11.21606,6.188078,5.027982,10.989831,-5.506224,0.7849879285714286,6.291211928571428
6.614769,11.11525,6.194598,4.920652,10.889021,-5.512744,0.7777872142857143,6.290531214285714
6.617768,11.027818,6.201501,4.826317,10.801589,-5.519647000000001,0.7715420714285715,6.2911890714285725
6.62078,10.930588,6.207637,4.722952,10.704359,-5.5257830000000006,0.7645970714285715,6.290380071428572
6.623614,10.845672,6.216074,4.629598,10.619443,-5.5342199999999995,0.7585316428571429,6.292751642857143
6.626783,10.745198,6.22336,4.521838,10.518969,-5.541506,0.7513549285714286,6.292860928571429
6.630043,10.652217,6.230263,4.421954,10.425988,-5.5484089999999995,0.7447134285714286,6.2931224285714285
6.632648,10.563856,6.236015,4.327841,10.337627,-5.554161000000001,0.7384019285714285,6.292562928571429
6.635889,10.466229,6.245603,4.220626,10.24,-5.563749,0.7314285714285714,6.295177571428571
6.639054,10.346068,6.251739,4.09433,10.119839,-5.569884999999999,0.7228456428571429,6.292730642857142
6.642219,10.268085,6.258258,4.009827,10.041856,-5.576404,0.7172754285714286,6.293679428571429
6.645509,10.163671,6.264011,3.899661,9.937442,-5.5821570000000005,0.7098172857142858,6.291974285714287
6.64976,10.034699,6.273598,3.761101,9.80847,-5.591744,0.700605,6.292349000000001
6.651046,9.977176,5.023404,4.953772,9.750947,-4.34155,0.6964962142857143,5.038046214285714
6.65467,9.880565,0.435267,9.445298,9.654336,0.24658699999999995,0.6895954285714286,0.4430084285714287
6.657651,9.785429,0.056757,9.728672,9.5592,0.625097,0.6828000000000001,0.05770300000000006
6.660805,9.689933,0.020709,9.669225,9.463704,0.661145,0.6759788571428571,0.014833857142857121
6.663563,9.603936,0.026078,9.577858,9.377707,0.6557759999999999,0.6698362142857143,0.014060214285714356
6.666621,9.510813,0.032214,9.478599,9.284584,0.64964,0.6631845714285715,0.013544571428571461
6.669919,9.413639,0.038733,9.374906,9.18741,0.6431209999999999,0.6562435714285714,0.013122571428571428
6.672705,9.319273,0.044869,9.274404,9.093044,0.6369849999999999,0.649503142857143,0.012518142857143033
6.675908,9.219292,0.051005,9.168287,8.993063,0.630849,0.6423616428571428,0.011512642857142819
6.679028,9.102506,0.061359,9.041146,8.876277,0.620495,0.6340197857142857,0.013524785714285725
6.681596,9.041882,0.066728,8.975154,8.815653,0.615126,0.6296894999999999,0.014563499999999951
6.685005,8.940806,0.073248,8.867558,8.714577,0.608606,0.6224697857142857,0.013863785714285703
6.687916,8.847551,0.079384,8.768168,8.621322,0.60247,0.6158087142857143,0.013338714285714315
6.691141,8.750422,0.085136,8.665286,8.524193,0.596718,0.6088709285714285,0.012152928571428578
6.69404,8.661751,0.094723,8.567028,8.435522,0.587131,0.6025372857142858,0.015406285714285817
6.697119,8.565847,0.100092,8.465755,8.339618,0.581762,0.595687,0.013924999999999965
6.700703,8.457835,0.106228,8.351606,8.231606,0.575626,0.587971857142857,0.012345857142857075
6.703288,8.377453,0.112364,8.265088,8.151224,0.5694899999999999,0.5822302857142857,0.01274028571428576
6.706294,8.281201,0.121184,8.160017,8.054972,0.56067,0.5753551428571428,0.014685142857142841
6.709531,8.181723,0.126937,8.054786,7.955494,0.554917,0.5682495714285715,0.013332571428571471
6.712294,8.097891,0.132689,7.965202,7.871662000000001,0.5491649999999999,0.5622615714285715,0.013096571428571568
6.715669,7.998674,0.138442,7.860232,7.772445,0.543412,0.5551746428571429,0.011762642857142902
6.719609,7.87497,0.147262,7.727708,7.648741,0.534592,0.5463386428571428,0.011746642857142886
6.721934,7.806605,0.153015,7.65359,7.580376,0.528839,0.5414554285714286,0.01261642857142864
6.725555,7.697649,0.161835,7.535814,7.47142,0.520019,0.5336728571428572,0.013653857142857162
6.728888,7.573973,0.167971,7.406002,7.347744,0.513883,0.5248388571428572,0.010955857142857184
6.731605,7.514335,0.17334,7.340995,7.288106,0.5085139999999999,0.520579,0.012065000000000103
6.735041,7.417661,0.179476,7.238185,7.191432,0.502378,0.5136737142857143,0.011295714285714298
6.737902,7.327557,0.185228,7.142328,7.101328,0.49662599999999996,0.5072377142857143,0.010611714285714335
6.741053,7.235053,0.194049,7.041005,7.008824,0.48780499999999993,0.5006302857142857,0.012825285714285761
6.743947,7.153721,0.199418,6.954303,6.927492,0.482436,0.4948208571428571,0.012384857142857142
6.746981,7.062244,0.20517,6.857074,6.836015,0.476684,0.4882867857142857,0.01160278571428569
6.750128,6.96231,0.211306,6.751005,6.736081,0.47054799999999997,0.48114864285714287,0.010600642857142906
6.753071,6.881396,0.219743,6.661653,6.655167,0.46211099999999994,0.4753690714285714,0.013258071428571438
6.756263,6.787567,0.224728,6.562839,6.561338,0.4571259999999999,0.468667,0.011541000000000079
6.759505,6.692186,0.231248,6.460938,6.465957,0.45060599999999995,0.46185407142857143,0.011248071428571482
6.761569,6.617012,0.236617,6.380395,6.390783,0.445237,0.4564845,0.011247500000000021
6.765481,6.522166,0.245437,6.276729,6.295937,0.43641699999999994,0.4497097857142857,0.01329278571428577
6.768795,6.398986,0.250806,6.14818,6.172757,0.431048,0.4409112142857143,0.009863214285714295
6.771523,6.345741,0.257709,6.088032,6.119512,0.42414499999999994,0.437108,0.012963000000000058
6.774961,6.253154,0.263078,5.990076,6.026925,0.418776,0.4304946428571429,0.011718642857142914
6.780018,6.170328,0.270748,5.89958,5.944099,0.41110599999999997,0.42457849999999997,0.013472499999999998
6.781276,6.068922,0.276117,5.792805,5.842693,0.40573699999999996,0.41733521428571424,0.011598214285714281
6.784398,5.983949,0.282636,5.701313,5.75772,0.39921799999999996,0.4112657142857143,0.012047714285714328
6.787261,5.902779,0.288005,5.614775,5.67655,0.39384899999999995,0.4054678571428571,0.011618857142857153
6.790724,5.809374,0.296058,5.513316,5.583145,0.385796,0.39879607142857143,0.013000071428571458
6.793577,5.725648,0.301811,5.423838,5.499419,0.38004299999999996,0.3928156428571428,0.012772642857142857
6.79701,5.632034,0.306796,5.325238,5.405805,0.37505799999999995,0.38612892857142855,0.011070928571428607
6.799971,5.54542,0.312165,5.233255,5.319191,0.36968899999999993,0.3799422142857143,0.010253214285714352
6.802882,5.470644,0.320218,5.150426,5.244415,0.36163599999999996,0.3746010714285714,0.01296507142857145
6.80617,5.378682,0.325587,5.053094,5.152453,0.35626699999999994,0.36803235714285715,0.011765357142857202
6.809391,5.291092,0.330956,4.960135,5.064863,0.350898,0.36177592857142854,0.010877928571428552
6.812029,5.220608,0.336325,4.884282,4.994379,0.345529,0.35674135714285715,0.011212357142857177
6.815524,5.129146,0.343995,4.785151,4.902917,0.33785899999999996,0.3502083571428572,0.012349357142857231
6.819764,5.017281,0.348597,4.668684,4.791052,0.33325699999999997,0.34221799999999997,0.008960999999999997
6.821296,4.971175,0.353966,4.617209,4.744946,0.32788799999999996,0.33892471428571425,0.011036714285714289
6.825143,4.872658,0.362019,4.510639,4.646429,0.319835,0.33188778571428573,0.012052785714285752
6.829806,4.757003,0.367005,4.389998,4.530774,0.31484899999999993,0.32362671428571427,0.008777714285714333
6.831316,4.715082,0.37199,4.343091,4.488853,0.309864,0.32063235714285715,0.010768357142857177
6.834751,4.630681,0.379277,4.251405,4.404452,0.302577,0.31460371428571426,0.01202671428571428
6.839784,4.552195,0.384646,4.167549,4.325966,0.29720799999999997,0.3089975714285714,0.011789571428571455
6.841005,4.46732,0.390015,4.077306,4.241091,0.29183899999999996,0.3029350714285714,0.011096071428571441
6.844256,4.383909,0.396534,3.987375,4.15768,0.28531999999999996,0.2969771428571429,0.011657142857142921
6.847383,4.310238,0.400752,3.909486,4.084009,0.28110199999999996,0.29171492857142856,0.010612928571428593
6.850662,4.230203,0.406121,3.824082,4.003974,0.27573299999999995,0.28599814285714287,0.010265142857142917
6.853207,4.166421,0.411107,3.755315,3.9401919999999997,0.27074699999999996,0.2814422857142857,0.01069528571428574
6.856056,4.096616,0.415325,3.68129,3.870387,0.26652899999999996,0.27645621428571426,0.009927214285714303
6.859214,4.008764,0.420311,3.588453,3.782535,0.26154299999999997,0.27018107142857145,0.008638071428571481
6.861939,3.955241,0.427981,3.527261,3.729012,0.25387299999999996,0.266358,0.012485000000000024
6.86572,3.86932,0.432966,3.436354,3.643091,0.24888799999999994,0.2602207857142857,0.011332785714285754
6.868852,3.77201,0.437185,3.334825,3.545781,0.24466899999999997,0.25327007142857144,0.008601071428571472
6.871525,3.72861,0.444087,3.284523,3.502381,0.23776699999999995,0.25017007142857145,0.0124030714285715
6.874927,3.650742,0.448306,3.202436,3.424513,0.23354799999999998,0.24460807142857144,0.01106007142857146
6.877939,3.581865,0.452524,3.129341,3.355636,0.22932999999999998,0.23968828571428571,0.010358285714285737
6.881088,3.509362,0.456743,3.052619,3.283133,0.22511099999999995,0.23450949999999998,0.009398500000000032
6.883881,3.448218,0.460961,2.987257,3.2219889999999998,0.22089299999999995,0.2301420714285714,0.009249071428571454
6.886924,3.377572,0.465563,2.912009,3.151343,0.21629099999999996,0.22509592857142854,0.008804928571428589
6.890685,3.307113,0.472083,2.83503,3.080884,0.20977099999999999,0.22006314285714287,0.010292142857142889
6.8932,3.238685,0.475534,2.763151,3.012456,0.20631999999999995,0.21517542857142855,0.008855428571428597
6.896824,3.162295,0.482053,2.680242,2.936066,0.19980099999999995,0.209719,0.009918000000000038
6.900071,3.097266,0.486272,2.610994,2.871037,0.19558199999999998,0.20507407142857143,0.009492071428571447
6.903479,3.017505,0.49049,2.527015,2.791276,0.19136399999999998,0.19937685714285713,0.008012857142857155
6.90645,2.954908,0.493942,2.460967,2.728679,0.18791199999999997,0.19490564285714287,0.0069936428571429066
6.909828,2.89354,0.500078,2.393462,2.6673109999999998,0.18177599999999994,0.19052221428571428,0.008746214285714343
6.912517,2.827019,0.50468,2.322339,2.60079,0.17717399999999994,0.1857707142857143,0.008596714285714346
6.915591,2.764885,0.508898,2.255987,2.538656,0.172956,0.18133257142857143,0.008376571428571428
6.919721,2.682079,0.51235,2.16973,2.45585,0.169504,0.17541785714285713,0.005913857142857137
6.921445,2.64401,0.518486,2.125524,2.417781,0.16336799999999996,0.17269864285714287,0.009330642857142912
6.925414,2.567899,0.52232,2.045579,2.34167,0.15953399999999995,0.16726214285714286,0.007728142857142906
6.929865,2.484909,0.527689,1.957219,2.25868,0.154165,0.1613342857142857,0.007169285714285711
6.931684,2.449063,0.531524,1.917539,2.222834,0.15032999999999996,0.15877385714285716,0.008443857142857197
6.934967,2.385182,0.534976,1.850207,2.158953,0.14687799999999995,0.15421092857142857,0.007332928571428615
6.940108,2.331965,0.538811,1.793154,2.105736,0.14304299999999992,0.15040971428571429,0.007366714285714365
6.941049,2.27114,0.543413,1.727728,2.044911,0.13844099999999993,0.14606507142857142,0.007624071428571494
6.944428,2.208872,0.547248,1.661625,1.982643,0.134606,0.14161735714285714,0.007011357142857139
6.947485,2.156646,0.550316,1.60633,1.9304169999999998,0.13153799999999993,0.13788692857142856,0.00634892857142863
6.950655,2.100786,0.553767,1.547019,1.8745569999999998,0.12808699999999995,0.13389692857142857,0.005809928571428619
6.95347,2.052282,0.559136,1.493146,1.826053,0.122718,0.13043235714285714,0.007714357142857148
6.956291,1.998771,0.562587,1.436183,1.772542,0.11926700000000001,0.12661014285714287,0.007343142857142854
6.959847,1.944318,0.565272,1.379046,1.718089,0.11658199999999996,0.12272064285714286,0.006138642857142898
6.96267,1.893918,0.567573,1.326345,1.667689,0.11428099999999997,0.11912064285714286,0.0048396428571428896
6.965959,1.840788,0.572942,1.267846,1.614559,0.10891200000000001,0.11532564285714286,0.006413642857142854
6.969269,1.782814,0.57601,1.206805,1.5565849999999999,0.10584399999999994,0.11118464285714284,0.005340642857142905
6.972172,1.741087,0.579078,1.16201,1.514858,0.10277599999999998,0.10820414285714286,0.005428142857142881
6.975266,1.691624,0.581762,1.109862,1.465395,0.10009199999999996,0.10467107142857143,0.004579071428571474
6.978616,1.651379,0.585981,1.065398,1.42515,0.09587299999999999,0.10179642857142857,0.0059234285714285795
6.981392,1.600088,0.589049,1.011039,1.373859,0.09280499999999992,0.09813278571428571,0.005327785714285799
6.984798,1.550237,0.592117,0.958121,1.324008,0.08973699999999996,0.094572,0.004835000000000048
6.987526,1.507567,0.594034,0.913533,1.281338,0.08782000000000001,0.09152414285714286,0.0037041428571428503
6.987526,1.507567,0.597102,0.910465,1.281338,0.08475199999999994,0.09152414285714286,0.006772142857142921
6.994508,1.44544,0.600937,0.844503,1.219211,0.0809169999999999,0.0870865,0.006169500000000092
6.996441,1.384014,0.603238,0.780776,1.157785,0.07861599999999991,0.08269892857142858,0.004082928571428668
7.000666,1.331195,0.606306,0.724889,1.104966,0.07554799999999995,0.07892614285714285,0.003378142857142899
7.002981,1.295429,0.609757,0.685672,1.0692,0.07209699999999997,0.07637142857142856,0.004274428571428596
7.005781,1.256458,0.612442,0.644016,1.030229,0.06941199999999992,0.07358778571428572,0.0041757857142857985
7.009082,1.216213,0.614743,0.60147,0.989984,0.06711099999999992,0.07071314285714285,0.0036021428571429287
7.011702,1.183791,0.617044,0.566747,0.957562,0.06480999999999992,0.06839728571428572,0.003587285714285793
7.015295,1.145692,0.619345,0.526347,0.9194629999999999,0.06250899999999993,0.06567592857142857,0.00316692857142864
7.020144,1.111226,0.621646,0.48958,0.884997,0.06020799999999993,0.06321407142857143,0.003006071428571497
7.021037,1.074726,0.624714,0.450012,0.8484970000000001,0.05713999999999997,0.060606928571428575,0.003466928571428607
7.02416,1.037749,0.626631,0.411118,0.81152,0.05522299999999991,0.05796571428571429,0.002742714285714376
7.027258,1.00764,0.628932,0.378708,0.7814110000000001,0.052921999999999914,0.055815071428571436,0.0028930714285715226
7.030815,0.97226,0.63085,0.341411,0.746031,0.05100399999999994,0.05328792857142857,0.002283928571428631
7.033143,0.944993,0.633151,0.311842,0.718764,0.04870299999999994,0.05134028571428571,0.0026372857142857725
7.036028,0.914726,0.635452,0.279274,0.688497,0.04640199999999994,0.04917835714285714,0.0027763571428571984
7.039155,0.885523,0.637369,0.248154,0.6592939999999999,0.044485,0.04709242857142857,0.002607428571428573
7.042059,0.858328,0.640053,0.218274,0.632099,0.04180099999999998,0.04514992857142857,0.003348928571428593
7.045329,0.825203,0.64082,0.184383,0.598974,0.041034000000000015,0.042783857142857144,0.0017498571428571294
7.049006,0.795556,0.643505,0.152051,0.569327,0.038348999999999966,0.040666214285714285,0.0023172142857143183
7.051906,0.773057,0.644655,0.128402,0.546828,0.03719899999999998,0.039059142857142855,0.0018601428571428727
7.054945,0.745397,0.646573,0.098825,0.519168,0.03528100000000001,0.037083428571428566,0.001802428571428559
7.057808,0.720361,0.64849,0.071871,0.494132,0.03336399999999995,0.03529514285714286,0.001931142857142909
7.060919,0.695245,0.649641,0.045604,0.469016,0.032212999999999936,0.033501142857142854,0.0012881428571429182
7.063598,0.675123,0.651558,0.023565,0.448894,0.03029599999999999,0.032063857142857144,0.0017678571428571543
7.06652,0.655553,0.652325,0.003228,0.42932400000000004,0.029528999999999916,0.030666000000000002,0.0011370000000000859
7.069824,0.637485,0.653859,-0.016375,0.41125599999999995,0.027994999999999992,0.02937542857142857,0.0013804285714285776
7.07263,0.62269,0.654626,-0.031936,0.39646099999999995,0.02722799999999992,0.028318642857142855,0.0010906428571429358
7.075895,0.606046,0.656544,-0.050498,0.37981699999999996,0.025309999999999944,0.02712978571428571,0.0018197857142857668
7.079167,0.588363,0.657311,-0.068948,0.36213399999999996,0.02454299999999998,0.02586671428571428,0.0013237142857142996
7.082195,0.572498,0.659228,-0.086731,0.34626899999999994,0.022625999999999924,0.024733499999999995,0.002107500000000071
7.085535,0.553091,0.660762,-0.107672,0.326862,0.021092,0.023347285714285713,0.002255285714285713
7.090629,0.527671,0.661529,-0.133859,0.301442,0.020324999999999926,0.021531571428571428,0.0012065714285715012
7.093124,0.511919,0.663063,-0.151144,0.28569,0.018791000000000002,0.020406428571428572,0.0016154285714285697
7.095003,0.493503,0.664214,-0.170711,0.267274,0.01763999999999999,0.019091,0.0014510000000000113
7.099902,0.473708,0.664981,-0.191272,0.247479,0.016872999999999916,0.017677071428571427,0.0008040714285715116
7.101383,0.464594,0.666515,-0.201921,0.238365,0.015338999999999992,0.01702607142857143,0.001687071428571437
7.105198,0.45394,0.666898,-0.212958,0.227711,0.01495599999999997,0.016265071428571427,0.001309071428571458
7.109927,0.441372,0.667282,-0.225909,0.21514299999999997,0.014571999999999918,0.015367357142857141,0.0007953571428572226
7.111343,0.438043,0.668816,-0.230772,0.211814,0.013037999999999994,0.015129571428571428,0.002091571428571434
7.114901,0.433338,0.668432,-0.235094,0.207109,0.013421999999999934,0.0147935,0.0013715000000000654
7.118,0.431186,0.668816,-0.23763,0.204957,0.013037999999999994,0.014639785714285715,0.0016017857142857205
7.120939,0.430133,0.668816,-0.238682,0.20390399999999997,0.013037999999999994,0.014564571428571427,0.0015265714285714327
7.123572,0.430374,0.668432,-0.238058,0.20414499999999997,0.013421999999999934,0.014581785714285712,0.001159785714285778
7.12634,0.430657,0.668816,-0.238158,0.204428,0.013037999999999994,0.014602,0.0015640000000000064
7.129462,0.430636,0.668816,-0.238179,0.204407,0.013037999999999994,0.0146005,0.0015625000000000066
7.132069,0.430682,0.668816,-0.238133,0.204453,0.013037999999999994,0.014603785714285713,0.0015657857142857192
7.135115,0.430459,0.668816,-0.238356,0.20422999999999997,0.013037999999999994,0.01458785714285714,0.0015498571428571462
7.139685,0.430688,0.668816,-0.238128,0.204459,0.013037999999999994,0.014604214285714286,0.0015662142857142923
7.141998,0.431656,0.668816,-0.23716,0.20542699999999997,0.013037999999999994,0.01467335714285714,0.0016353571428571467
7.144515,0.43254,0.668816,-0.236275,0.20631099999999997,0.013037999999999994,0.014736499999999998,0.0016985000000000038
7.147444,0.433523,0.668049,-0.234526,0.20729399999999998,0.013804999999999956,0.014806714285714284,0.001001714285714328
7.150792,0.434826,0.668432,-0.233606,0.20859699999999998,0.013421999999999934,0.014899785714285713,0.0014777857142857787
7.15326,0.435981,0.668432,-0.232451,0.209752,0.013421999999999934,0.014982285714285714,0.0015602857142857796
7.1562,0.437288,0.668049,-0.230761,0.211059,0.013804999999999956,0.015075642857142857,0.0012706428571429007
7.159461,0.439034,0.668049,-0.229014,0.21280499999999997,0.013804999999999956,0.01520035714285714,0.0013953571428571843
7.162141,0.44134,0.667665,-0.226325,0.215111,0.014189000000000007,0.015365071428571428,0.0011760714285714204
7.165457,0.443942,0.667665,-0.223723,0.217713,0.014189000000000007,0.015550928571428571,0.0013619285714285643
7.169712,0.449587,0.666898,-0.217311,0.223358,0.01495599999999997,0.015954142857142858,0.0009981428571428884
7.17258,0.454852,0.666515,-0.211662,0.22862299999999997,0.015338999999999992,0.016330214285714285,0.0009912142857142932
7.175992,0.460973,0.666131,-0.205158,0.234744,0.01572299999999993,0.016767428571428572,0.0010444285714286405
7.179608,0.465925,0.666131,-0.200206,0.23969599999999996,0.01572299999999993,0.017121142857142856,0.0013981428571429241
7.182168,0.472398,0.665364,-0.192967,0.24616899999999997,0.016490000000000005,0.0175835,0.0010934999999999938
7.18539,0.484091,0.664214,-0.180123,0.257862,0.01763999999999999,0.018418714285714285,0.0007787142857142958
7.188361,0.493695,0.664214,-0.170519,0.267466,0.01763999999999999,0.019104714285714284,0.0014647142857142949
7.19161,0.505535,0.663063,-0.157528,0.27930599999999994,0.018791000000000002,0.019950428571428567,0.0011594285714285647
7.194977,0.518608,0.662296,-0.143688,0.29237899999999994,0.019557999999999964,0.02088421428571428,0.001326214285714316
7.199878,0.531825,0.661529,-0.129705,0.305596,0.020324999999999926,0.021828285714285713,0.0015032857142857868
7.201036,0.546774,0.660379,-0.113604,0.32054499999999997,0.02147499999999991,0.022896071428571425,0.0014210714285715145
7.204572,0.564311,0.658845,-0.094533,0.338082,0.023008999999999946,0.024148714285714284,0.0011397142857143376
7.207542,0.578041,0.657694,-0.079653,0.351812,0.02415999999999996,0.025129428571428573,0.0009694285714286141
7.210869,0.593691,0.656927,-0.063237,0.36746199999999996,0.02492699999999992,0.026247285714285713,0.0013202857142857911
7.213571,0.607968,0.655777,-0.047809,0.38173899999999994,0.026076999999999906,0.027267071428571425,0.0011900714285715194
7.216684,0.625526,0.654626,-0.0291,0.399297,0.02722799999999992,0.028521214285714285,0.0012932142857143662
7.219764,0.644878,0.653476,-0.008598,0.41864899999999994,0.028378000000000014,0.029903499999999996,0.0015254999999999817
7.222614,0.669452,0.651175,0.018277,0.44322300000000003,0.030679000000000012,0.031658785714285716,0.0009797857142857039
7.225698,0.696013,0.648874,0.047139,0.469784,0.03298000000000001,0.033555999999999996,0.0005759999999999862
7.228898,0.729937,0.648107,0.081831,0.5037079999999999,0.03374699999999997,0.035979142857142855,0.002232142857142884
7.231636,0.746636,0.645806,0.10083,0.520407,0.03604799999999997,0.03717192857142857,0.001123928571428602
7.234979,0.775557,0.643888,0.131668,0.549328,0.037965999999999944,0.039237714285714285,0.0012717142857143413
7.239934,0.799757,0.642354,0.157402,0.573528,0.03949999999999998,0.04096628571428572,0.0014662857142857394
7.241367,0.826784,0.64082,0.185964,0.600555,0.041034000000000015,0.042896785714285714,0.0018627857142856988
7.244352,0.852211,0.639286,0.212924,0.625982,0.04256799999999994,0.044713,0.0021450000000000635
7.247496,0.878665,0.636602,0.242063,0.652436,0.04525199999999996,0.04660257142857143,0.0013505714285714718
7.250797,0.907325,0.634301,0.273023,0.681096,0.047552999999999956,0.04864971428571429,0.0010967142857143328
7.253655,0.933199,0.633151,0.300049,0.70697,0.04870299999999994,0.05049785714285714,0.0017948571428572022
7.256774,0.966082,0.631233,0.334849,0.739853,0.050620999999999916,0.052846642857142856,0.00222564285714294
7.260072,1.000525,0.628165,0.37236,0.7742960000000001,0.05368899999999999,0.05530685714285715,0.001617857142857164
7.262763,1.032756,0.626248,0.406508,0.806527,0.05560599999999993,0.057609071428571426,0.002003071428571493
7.265982,1.068009,0.62433,0.443679,0.84178,0.05752399999999991,0.06012714285714286,0.0026031428571429496
7.269023,1.110903,0.621646,0.489257,0.884674,0.06020799999999993,0.063191,0.002983000000000069
7.271635,1.134243,0.618578,0.515665,0.9080139999999999,0.063276,0.06485814285714285,0.0015821428571428514
7.275299,1.176627,0.615893,0.560733,0.9503980000000001,0.06596099999999994,0.06788557142857143,0.0019245714285714977
7.279827,1.228702,0.613976,0.614726,1.002473,0.067878,0.07160521428571429,0.003727214285714292
7.281382,1.254154,0.610524,0.643629,1.027925,0.07133,0.07342321428571429,0.0020932142857142816
7.285261,1.300088,0.607456,0.692632,1.073859,0.07439799999999996,0.07670421428571428,0.002306214285714314
7.288296,1.341621,0.604772,0.736849,1.115392,0.07708199999999998,0.07967085714285714,0.0025888571428571566
7.291339,1.381186,0.60132,0.779866,1.154957,0.080534,0.08249692857142857,0.001962928571428574
7.294786,1.427086,0.598636,0.82845,1.200857,0.08321800000000001,0.0857755,0.0025574999999999903
7.297869,1.468527,0.596719,0.871809,1.242298,0.08513499999999996,0.08873557142857143,0.003600571428571467
7.301048,1.514264,0.593651,0.920613,1.288035,0.08820299999999992,0.0920025,0.0037995000000000806
7.303959,1.556794,0.589432,0.967362,1.330565,0.092422,0.09504035714285715,0.0026183571428571445
7.30721,1.605762,0.587131,1.018631,1.379533,0.094723,0.09853807142857142,0.0038150714285714177
7.310701,1.656124,0.58368,1.072445,1.429895,0.09817399999999998,0.10213535714285714,0.003961357142857155
7.313298,1.696814,0.581379,1.115435,1.470585,0.10047499999999998,0.10504178571428571,0.0045667857142857315
7.316115,1.739596,0.578311,1.161286,1.513367,0.10354299999999994,0.10809764285714285,0.00455464285714291
7.319287,1.793505,0.574092,1.219413,1.567276,0.10776199999999991,0.11194828571428571,0.004186285714285795
7.322323,1.835678,0.570257,1.26542,1.609449,0.11159699999999995,0.11496064285714284,0.0033636428571428983
7.325328,1.888657,0.567573,1.321084,1.662428,0.11428099999999997,0.11874485714285714,0.004463857142857172
7.329867,1.960047,0.564505,1.395542,1.733818,0.11734899999999993,0.12384414285714286,0.006495142857142935
7.331297,1.991596,0.559519,1.432076,1.765367,0.12233499999999997,0.12609764285714284,0.003762642857142867
7.334759,2.045428,0.556452,1.488977,1.8191989999999998,0.125402,0.1299427857142857,0.004540785714285678
7.337787,2.100202,0.553384,1.546819,1.8739729999999999,0.12846999999999997,0.13385521428571429,0.005385214285714313
7.340863,2.153126,0.550316,1.60281,1.9268969999999999,0.13153799999999993,0.1376355,0.006097500000000061
7.343851,2.206328,0.546481,1.659847,1.980099,0.13537299999999997,0.14143564285714286,0.006062642857142891
7.346915,2.259414,0.541879,1.717536,2.033185,0.13997499999999996,0.1452275,0.005252500000000049
7.350039,2.321519,0.538044,1.783475,2.09529,0.14381,0.14966357142857142,0.00585357142857143
7.35317,2.375645,0.534592,1.841053,2.149416,0.147262,0.1535297142857143,0.006267714285714293
7.356198,2.434576,0.531141,1.903435,2.208347,0.15071299999999999,0.1577390714285714,0.007026071428571423
7.359524,2.498517,0.525772,1.972745,2.272288,0.15608199999999994,0.1623062857142857,0.0062242857142857655
7.362435,2.555187,0.521937,2.03325,2.328958,0.15991699999999998,0.16635414285714287,0.006437142857142891
7.365601,2.616369,0.518869,2.0975,2.39014,0.16298499999999994,0.17072428571428572,0.007739285714285782
7.369715,2.69854,0.514651,2.183889,2.472311,0.167203,0.17659364285714285,0.009390642857142861
7.371498,2.732861,0.508898,2.223963,2.506632,0.172956,0.17904514285714287,0.006089142857142876
7.375171,2.808337,0.505063,2.303274,2.582108,0.17679099999999992,0.1844362857142857,0.007645285714285771
7.379915,2.901706,0.498927,2.402778,2.675477,0.18292699999999995,0.19110549999999998,0.008178500000000033
7.381319,2.942317,0.495092,2.447225,2.716088,0.18676199999999998,0.19400628571428571,0.007244285714285731
7.385135,3.015018,0.488956,2.526061,2.788789,0.19289799999999996,0.19919921428571427,0.006301214285714313
7.390424,3.113126,0.485121,2.628005,2.886897,0.19673299999999994,0.20620692857142855,0.00947392857142862
7.392068,3.164609,0.479369,2.68524,2.93838,0.20248499999999997,0.20988428571428572,0.007399285714285747
7.39543,3.237181,0.474384,2.762797,3.010952,0.20747,0.215068,0.007598000000000021
7.399721,3.330407,0.470549,2.859858,3.104178,0.21130499999999997,0.221727,0.010422000000000042
7.401706,3.373124,0.464029,2.909095,3.1468949999999998,0.21782499999999994,0.22477821428571426,0.006953214285714326
7.405135,3.452453,0.459811,2.992643,3.226224,0.22204299999999993,0.23044457142857144,0.008401571428571508
7.409786,3.556469,0.454825,3.101644,3.33024,0.22702899999999998,0.2378742857142857,0.010845285714285724
7.411408,3.594216,0.45099,3.143226,3.367987,0.23086399999999996,0.2405705,0.009706500000000035
7.414567,3.669537,0.444471,3.225066,3.443308,0.23738299999999996,0.24595057142857144,0.00856757142857148
7.417563,3.739049,0.439869,3.29918,3.51282,0.24198499999999995,0.2509157142857143,0.008930714285714347
7.420657,3.809071,0.434884,3.374187,3.582842,0.24696999999999997,0.2559172857142857,0.008947285714285713
7.423518,3.878038,0.431049,3.44699,3.651809,0.25080499999999994,0.2608435,0.010038500000000061
7.426322,3.947615,0.425296,3.522319,3.721386,0.25655799999999995,0.2658132857142857,0.009255285714285744
7.429476,4.023094,0.420311,3.602783,3.7968650000000004,0.26154299999999997,0.2712046428571429,0.009661642857142938
7.432297,4.093,0.413024,3.679976,3.866771,0.26882999999999996,0.27619792857142855,0.007367928571428595
7.435653,4.173736,0.408422,3.765314,3.947507,0.27343199999999995,0.2819647857142857,0.008532785714285729
7.439799,4.275567,0.403437,3.87213,4.049338,0.27841699999999997,0.28923842857142856,0.010821428571428593
7.44146,4.321623,0.396534,3.925089,4.095394,0.28531999999999996,0.29252814285714285,0.007208142857142885
7.445069,4.410679,0.391549,4.019131,4.18445,0.290305,0.2988892857142857,0.008584285714285711
7.449718,4.528296,0.386563,4.141733,4.302067,0.29529099999999997,0.3072905,0.011999500000000052
7.451285,4.569523,0.381578,4.187945,4.343294,0.300276,0.3102352857142857,0.009959285714285726
7.454628,4.648797,0.373908,4.274889,4.422568,0.30794599999999994,0.3158977142857143,0.00795171428571434
7.457408,4.727038,0.368922,4.358116,4.500809,0.31293199999999993,0.32148635714285717,0.008554357142857238
7.460688,4.808867,0.363937,4.44493,4.582638,0.31791699999999995,0.3273312857142857,0.009414285714285764
7.463434,4.883531,0.358568,4.524963,4.657302,0.32328599999999996,0.3326644285714285,0.009378428571428565
7.466433,4.959812,0.352816,4.606996,4.733583,0.32903799999999994,0.33811307142857144,0.009075071428571502
7.469445,5.045857,0.34783,4.698027,4.819628,0.334024,0.3442591428571428,0.010235142857142832
7.472279,5.115445,0.34016,4.775284,4.889216,0.34169399999999994,0.3492297142857143,0.007535714285714368
7.475602,5.2062,0.334791,4.871409,4.979971,0.34706299999999995,0.35571221428571426,0.008649214285714302
7.479263,5.318008,0.329422,4.988586,5.091779,0.35243199999999997,0.3636985,0.011266500000000013
7.481515,5.368255,0.324053,5.044202,5.142026,0.357801,0.36728757142857144,0.009486571428571455
7.484937,5.4561,0.316384,5.139717,5.229871,0.36546999999999996,0.3735622142857143,0.008092214285714328
7.48787,5.539472,0.311015,5.228457,5.313243,0.370839,0.3795173571428571,0.00867835714285714
7.491084,5.628033,0.305262,5.322771,5.401804,0.376592,0.3858431428571429,0.009251142857142902
7.494052,5.708027,0.300277,5.40775,5.481798,0.38157699999999994,0.39155700000000004,0.0099800000000001
7.497051,5.792085,0.294908,5.497177,5.565856,0.38694599999999996,0.3975611428571429,0.010615142857142934
7.500679,5.891351,0.286854,5.604497,5.665122,0.39499999999999996,0.40465157142857144,0.009651571428571482
7.503366,5.965615,0.281102,5.684513,5.739386,0.40075199999999994,0.4099561428571428,0.009204142857142883
7.506305,6.05439,0.27535,5.77904,5.828161,0.406504,0.41629721428571426,0.00979321428571428
7.509702,6.139107,0.269981,5.869127,5.912878,0.41187299999999993,0.42234842857142857,0.010475428571428635
7.51228,6.224135,0.262694,5.961441,5.997906,0.41916,0.4284218571428572,0.00926185714285721
7.515674,6.314197,0.256558,6.057639,6.087968,0.42529599999999995,0.43485485714285715,0.009558857142857202
7.519756,6.434997,0.250806,6.184191,6.208768,0.431048,0.4434834285714286,0.012435428571428597
7.521515,6.488819,0.24467,6.244149,6.26259,0.43718399999999996,0.44732785714285717,0.010143857142857204
7.524929,6.587628,0.236233,6.351395,6.361399,0.44562099999999993,0.45438564285714284,0.008764642857142901
7.529936,6.670448,0.230864,6.439584,6.444219,0.45098999999999995,0.4603013571428572,0.009311357142857246
7.53104,6.765787,0.225495,6.540292,6.539558,0.45635899999999996,0.46711128571428573,0.01075228571428577
7.53431,6.857409,0.218592,6.638817,6.63118,0.46326199999999995,0.47365571428571424,0.010393714285714284
7.537449,6.94908,0.210155,6.738924,6.722851,0.471699,0.4802036428571429,0.008504642857142919
7.540693,7.045325,0.203636,6.841689,6.819096,0.4782179999999999,0.48707828571428574,0.00886028571428582
7.543304,7.12759,0.198267,6.929323,6.901361,0.483587,0.4929543571428571,0.009367357142857136
7.546213,7.212726,0.191748,7.020978,6.986497,0.49010599999999993,0.4990355,0.00892950000000009
7.549574,7.305662,0.182927,7.122735,7.079433,0.49892699999999995,0.5056737857142857,0.006746785714285719
7.552709,7.406749,0.176791,7.229958,7.18052,0.5050629999999999,0.5128942857142856,0.007831285714285707
7.55567,7.496097,0.170655,7.325442,7.269868,0.511199,0.5192762857142857,0.008077285714285787
7.559903,7.616611,0.165286,7.451324,7.390382,0.5165679999999999,0.5278844285714286,0.011316428571428672
7.561891,7.68466,0.156466,7.528193,7.458431,0.525388,0.5327450714285714,0.007357071428571449
7.565372,7.786046,0.150714,7.635332,7.559817,0.53114,0.5399869285714286,0.008846928571428658
7.569669,7.918539,0.144961,7.773578,7.69231,0.536893,0.5494507142857142,0.012557714285714283
7.571298,7.967995,0.138825,7.82917,7.741766,0.543029,0.5529832857142857,0.009954285714285693
7.5744,8.062434,0.132689,7.929744,7.836205,0.5491649999999999,0.5597289285714285,0.010563928571428627
7.577255,8.146926,0.123485,8.02344,7.9206970000000005,0.558369,0.5657640714285714,0.007395071428571431
7.580669,8.249249,0.1185,8.130749,8.02302,0.5633539999999999,0.5730728571428572,0.009718857142857251
7.583505,8.337467,0.111597,8.22587,8.111238,0.570257,0.5793741428571428,0.009117142857142824
7.586451,8.427995,0.105461,8.322533,8.201766,0.5763929999999999,0.5858404285714285,0.009447428571428551
7.589918,8.520284,0.097408,8.422877,8.294055,0.584446,0.5924325,0.007986500000000007
7.592495,8.612149,0.091655,8.520494,8.38592,0.5901989999999999,0.5989942857142857,0.008795285714285783
7.596067,8.719538,0.085136,8.634402,8.493309,0.596718,0.6066649285714286,0.009946928571428648
7.599191,8.834491,0.075932,8.758559,8.608262,0.605922,0.6148758571428571,0.008953857142857125
7.602198,8.91216,0.069029,8.843131,8.685931,0.612825,0.6204236428571429,0.0075986428571429565
7.605699,9.020319,0.06366,8.956658,8.79409,0.6181939999999999,0.6281492857142857,0.009955285714285833
7.609241,9.14311,0.055223,9.087886,8.916881,0.6266309999999999,0.6369200714285714,0.010289071428571495
7.612427,9.228357,0.048704,9.179653,9.002128,0.63315,0.643009142857143,0.009859142857142955
7.615825,9.328998,0.042568,9.28643,9.102769,0.6392859999999999,0.6501977857142858,0.01091178571428586
7.618811,9.453594,0.033364,9.42023,9.227365,0.64849,0.6590975,0.010607499999999992
7.621655,9.515507,0.027612,9.487895,9.289278,0.654242,0.6635198571428571,0.009277857142857115
7.625143,9.623683,0.021476,9.602207,9.397454,0.6603779999999999,0.6712467142857143,0.010868714285714343
7.629907,9.709506,0.014573,9.694933,9.483277,0.667281,0.6773769285714285,0.010095928571428492
7.631025,9.806727,0.004985,9.801742,9.580498,0.6768689999999999,0.6843212857142857,0.0074522857142858
7.634226,9.903731,3.709166,6.194565,9.677502,-3.0273120000000002,0.6912501428571429,3.7185621428571434
7.637393,10.005157,6.055006,3.950151,9.778928,-5.373151999999999,0.6984948571428572,6.071646857142857
7.640763,10.102925,6.250588,3.852337,9.876696,-5.568733999999999,0.7054782857142857,6.274212285714285
7.643283,10.18887,6.259409,3.929462,9.962641,-5.577555,0.7116172142857142,6.289172214285714
7.646499,10.285838,6.254423,4.031415,10.059609,-5.572569,0.7185435,6.2911125
7.649846,10.387662,6.24752,4.140141,10.161433,-5.565666,0.7258166428571429,6.291482642857143
7.652708,10.48162,6.241384,4.240236,10.255391,-5.5595300000000005,0.7325279285714286,6.292057928571429
7.655641,10.574813,6.235632,4.339181,10.348584,-5.553777999999999,0.7391845714285715,6.292962571428571
7.659821,10.699676,6.225661,4.474015,10.473447,-5.543806999999999,0.7481033571428571,6.291910357142856
7.661863,10.770573,6.218758,4.551815,10.544344,-5.536904,0.7531674285714286,6.290071428571428
7.66554,10.879023,6.210321,4.668702,10.652794,-5.528467000000001,0.7609138571428572,6.289380857142858
7.668929,11.011879,6.203418,4.808461,10.78565,-5.521564,0.7704035714285714,6.291967571428571
7.671874,11.081957,6.196899,4.885058,10.855728,-5.515045000000001,0.7754091428571428,6.290454142857143
7.675297,11.186438,6.19153,4.994908,10.960209,-5.509676000000001,0.7828720714285715,6.292548071428572
7.679756,11.322024,6.18271,5.139314,11.095795,-5.500856000000001,0.7925567857142858,6.2934127857142865
7.681004,11.376171,6.175423,5.200748,11.149942,-5.493569000000001,0.7964244285714285,6.289993428571429
7.684792,11.476408,6.170054,5.306354,11.250179,-5.488200000000001,0.8035842142857142,6.291784214285715
7.687644,11.568843,6.163918,5.404924,11.342614,-5.482063999999999,0.8101867142857142,6.292250714285713
7.687644,11.568843,6.153947,5.414895,11.342614,-5.472092999999999,0.8101867142857142,6.282279714285713
7.694721,11.754332,6.144744,5.609588,11.528103,-5.46289,0.8234359285714286,6.286325928571428
7.697312,11.876523,6.138608,5.737915,11.650294,-5.456754,0.8321638571428572,6.288917857142858
7.70085,11.980511,6.132472,5.84804,11.754282,-5.450618,0.8395915714285714,6.290209571428572
7.703546,12.069272,6.125569,5.943704,11.843043,-5.443714999999999,0.8459316428571428,6.289646642857142
7.706407,12.157409,6.119433,6.037976,11.93118,-5.4375789999999995,0.8522271428571428,6.289806142857143
7.709513,12.244375,6.114064,6.130312,12.018146,-5.4322099999999995,0.858439,6.290648999999999
7.712071,12.332175,6.104477,6.227698,12.105946,-5.422623,0.8647104285714285,6.287333428571428
7.715582,12.434439,6.097574,6.336866,12.20821,-5.41572,0.872015,6.2877350000000005
7.718949,12.540747,6.088753,6.451994,12.314518,-5.406898999999999,0.8796084285714285,6.2865074285714275
7.722056,12.627607,6.082234,6.545373,12.401378,-5.40038,0.8858127142857143,6.286192714285715
7.725253,12.725033,6.076865,6.648168,12.498804,-5.395011,0.8927717142857142,6.287782714285714
7.729767,12.849998,6.070729,6.779269,12.623769,-5.3888750000000005,0.9016977857142857,6.290572785714287
7.731282,12.910602,6.061525,6.849077,12.684373,-5.379671,0.906026642857143,6.285697642857143
7.734723,13.010677,6.055006,6.955671,12.784448,-5.373151999999999,0.9131748571428571,6.286326857142856
7.739959,13.148648,6.046569,7.102079,12.922419,-5.364715,0.9230299285714285,6.287744928571429
7.741747,13.204451,6.040816,7.163635,12.978222,-5.358962,0.9270158571428572,6.285977857142857
7.745075,13.320331,6.03353,7.286801,13.094102,-5.351675999999999,0.9352929999999999,6.286968999999999
7.749706,13.445641,6.025477,7.420165,13.219412,-5.343623000000001,0.9442437142857143,6.287866714285715
7.751485,13.499994,6.018574,7.481421,13.273765,-5.33672,0.9481260714285714,6.284846071428571
7.754568,13.599901,6.012821,7.587079,13.373672,-5.330966999999999,0.9552622857142856,6.286229285714285
7.757558,13.688127,6.006685,7.681442,13.461898,-5.324831,0.9615641428571429,6.286395142857143
7.760906,13.779212,6.000549,7.778662,13.552983,-5.318695,0.9680702142857143,6.286765214285714
7.76338,13.855569,5.991345,7.864224,13.62934,-5.3094909999999995,0.9735242857142856,6.283015285714285
7.766597,13.946529,5.98636,7.960169,13.7203,-5.304506,0.9800214285714286,6.284527428571429
7.769901,14.042421,5.979457,8.062964,13.816192,-5.2976030000000005,0.986870857142857,6.284473857142857
7.772747,14.125547,5.973705,8.151842,13.899318,-5.291850999999999,0.9928084285714285,6.284659428571428
7.775673,14.211421,5.967952,8.243469,13.985192,-5.286098000000001,0.9989422857142857,6.285040285714286
7.77966,14.313891,5.959515,8.354375,14.087662,-5.277661,1.0062615714285714,6.283922571428572
7.78132,14.374134,5.953379,8.420755,14.147905,-5.2715250000000005,1.0105646428571429,6.2820896428571436
7.784745,14.465416,5.947627,8.517789,14.239187,-5.265772999999999,1.0170847857142857,6.282857785714285
7.787628,14.549,5.942642,8.606359,14.322771,-5.260788,1.0230550714285713,6.283843071428571
7.790824,14.632992,5.936889,8.696103,14.406763,-5.2550349999999995,1.0290545,6.284089499999999
7.793422,14.705763,5.931137,8.774626,14.479534,-5.249283,1.0342524285714285,6.283535428571429
7.796508,14.791832,5.923083,8.868749,14.565603,-5.241229000000001,1.0404002142857143,6.281629214285715
7.799746,14.874086,5.918098,8.955988,14.647857,-5.236243999999999,1.0462755,6.282519499999999
7.802586,14.962582,5.911962,9.05062,14.736353,-5.2301079999999995,1.0525966428571427,6.2827046428571425
7.80581,15.046735,5.906977,9.139759,14.820506,-5.225123,1.0586075714285714,6.283730571428571
7.809086,15.135225,5.89854,9.236686,14.908996,-5.216685999999999,1.0649282857142857,6.281614285714285
7.811971,15.211926,5.893554,9.318372,14.985697,-5.2117,1.0704069285714286,6.282106928571429
7.815259,15.299035,5.887802,9.411233,15.072806,-5.205947999999999,1.076629,6.282577
7.819676,15.408031,5.882049,9.525982,15.181802,-5.200195000000001,1.0844144285714286,6.28460942857143
7.821027,15.453649,5.877447,9.576202,15.22742,-5.195593000000001,1.087672857142857,6.283265857142858
7.824161,15.5365,5.871311,9.665189,15.310271,-5.189457000000001,1.0935907857142857,6.283047785714286
7.827096,15.607525,5.863258,9.744267,15.381296,-5.181404000000001,1.098664,6.280068000000001
7.830662,15.691494,5.857889,9.833605,15.465265,-5.176035000000001,1.1046617857142857,6.280696785714286
7.832918,15.759669,5.852904,9.906766,15.53344,-5.171049999999999,1.1095314285714286,6.280581428571428
7.835799,15.835537,5.847151,9.988386,15.609308,-5.165297000000001,1.1149505714285715,6.280247571428572
7.839021,15.918555,5.841782,10.076772,15.692326,-5.159928000000001,1.1208804285714284,6.280808428571429
7.841856,15.987726,5.834112,10.153614,15.761497,-5.152258,1.1258212142857142,6.2780792142857145
7.845139,16.069926,5.82951,10.240415,15.843696999999999,-5.147656,1.1316926428571428,6.279348642857142
7.849725,16.17557,5.824142,10.351428,15.949341,-5.142288000000001,1.1392386428571428,6.281526642857143
7.851337,16.221745,5.816472,10.405273,15.995515999999999,-5.134618,1.1425368571428571,6.277154857142857
7.854666,16.30421,5.811103,10.493107,16.077981,-5.129249,1.1484272142857144,6.277676214285714
7.85994,16.37952,5.806501,10.57302,16.153291,-5.1246469999999995,1.1538065,6.2784534999999995
7.860957,16.459007,5.801132,10.657875,16.232778,-5.1192779999999996,1.1594841428571427,6.2787621428571425
7.863946,16.528114,5.796146,10.731968,16.301885,-5.114292000000001,1.164420357142857,6.278712357142858
7.867055,16.602407,5.78886,10.813547,16.376178,-5.107006,1.169727,6.276733
7.870746,16.679288,5.785025,10.894263,16.453059,-5.103171,1.1752185,6.278389499999999
7.873096,16.746354,5.78004,10.966315,16.520125,-5.098186,1.1800089285714286,6.278194928571429
7.87604,16.813725,5.775054,11.038671,16.587496,-5.0931999999999995,1.184821142857143,6.278021142857142
7.879062,16.887568,5.770452,11.117115,16.661339,-5.088597999999999,1.190095642857143,6.278693642857142
7.881889,16.947917,5.763933,11.183984,16.721688,-5.082079,1.1944062857142856,6.276485285714286
7.88502,17.017749,5.758947,11.258802,16.79152,-5.077093,1.1993942857142856,6.2764872857142855
7.88799,17.085888,5.753962,11.331927,16.859659,-5.072108,1.204261357142857,6.276369357142857
7.891157,17.157713,5.749743,11.407969,16.931484,-5.067888999999999,1.2093917142857145,6.277280714285713
7.894796,17.225837,5.745525,11.480312,16.999608,-5.063670999999999,1.2142577142857143,6.277928714285713
7.89754,17.289156,5.740923,11.548233,17.062927,-5.059069000000001,1.2187804999999998,6.2778495
7.900881,17.353528,5.734404,11.619124,17.127299,-5.05255,1.2233785000000001,6.2759285
7.903279,17.410979,5.730185,11.680793,17.18475,-5.048330999999999,1.227482142857143,6.275813142857142
7.906872,17.476655,5.72635,11.750305,17.250426,-5.0444960000000005,1.2321732857142857,6.276669285714286
7.909817,17.540447,5.721748,11.818699,17.314218,-5.039894,1.236729857142857,6.276623857142857
7.913191,17.605246,5.714462,11.890784,17.379017,-5.032608,1.2413583571428572,6.273966357142857
7.915649,17.667937,5.710627,11.95731,17.441708,-5.028772999999999,1.2458362857142855,6.274609285714285
7.919818,17.749741,5.706792,12.042949,17.523512,-5.024938000000001,1.2516794285714286,6.276617428571429
7.920905,17.784385,5.702574,12.081811,17.558156,-5.020720000000001,1.254154,6.2748740000000005
7.924652,17.846398,5.699122,12.147276,17.620169,-5.017268,1.2585835,6.2758515
7.927439,17.902231,5.695287,12.206944,17.676002,-5.013433000000001,1.2625715714285715,6.276004571428572
7.930745,17.962202,5.689151,12.273051,17.735973,-5.007296999999999,1.2668552142857143,6.274152214285714
7.933786,18.022081,5.684549,12.337532,17.795852,-5.002694999999999,1.2711322857142857,6.273827285714285
7.937138,18.083306,5.681481,12.401824,17.857077,-4.999627,1.2755055,6.2751325
7.940693,18.149397,5.675729,12.473668,17.923168,-4.993874999999999,1.2802262857142857,6.274101285714285
7.943498,18.202749,5.671894,12.530855,17.97652,-4.9900400000000005,1.2840371428571429,6.274077142857143
7.946554,18.259057,5.668826,12.590231,18.032828,-4.986972,1.2880591428571428,6.275031142857142
7.94968,18.310721,5.664991,12.64573,18.084492,-4.983136999999999,1.2917494285714286,6.274886428571428
7.95214,18.359103,5.660773,12.69833,18.132874,-4.978918999999999,1.2952052857142857,6.274124285714285
7.955346,18.412467,5.656938,12.75553,18.186238,-4.975084000000001,1.2990169999999999,6.274101000000001
7.959797,18.48597,5.651952,12.834017,18.259740999999998,-4.970098,1.3042672142857141,6.274365214285714
7.961277,18.517737,5.648884,12.868852,18.291508,-4.967029999999999,1.3065362857142857,6.273566285714285
7.964802,18.572687,5.645433,12.927255,18.346458,-4.963578999999999,1.3104612857142857,6.274040285714285
7.97003,18.621588,5.63968,12.981907,18.395359,-4.957826000000001,1.3139542142857141,6.271780214285715
7.971075,18.67409,5.636612,13.037478,18.447861,-4.954758,1.317704357142857,6.272462357142857
7.974533,18.726223,5.633544,13.092679,18.499994,-4.951689999999999,1.3214281428571428,6.273118142857142
7.977689,18.776045,5.628943,13.147102,18.549816,-4.947089,1.3249868571428571,6.272075857142857
7.980834,18.823292,5.626258,13.197034,18.597063,-4.9444040000000005,1.3283616428571428,6.272765642857143
7.983774,18.868854,5.622807,13.246047,18.642625,-4.940953,1.3316160714285714,6.272569071428572
7.986752,18.910301,5.619739,13.290562,18.684072,-4.937885,1.3345765714285716,6.272461571428571
7.990242,18.959501,5.61552,13.343981,18.733272,-4.9336660000000006,1.3380908571428571,6.271756857142858
7.993097,18.997202,5.612836,13.384366,18.770973,-4.930982,1.340783785714286,6.271765785714286
7.99683,19.051349,5.609001,13.442349,18.82512,-4.927147,1.3446514285714284,6.271798428571428
8.0,19.096886,5.605166,13.491721,18.870657,-4.923311999999999,1.3479040714285715,6.2712160714285705
8.002788,19.133886,5.602481,13.531405,18.907657,-4.920627,1.3505469285714287,6.271173928571429
8.006035,19.174468,5.599797,13.574671,18.948239,-4.917942999999999,1.3534456428571429,6.271388642857142
8.009054,19.220591,5.595962,13.624629,18.994362,-4.914108000000001,1.3567401428571428,6.270848142857144
8.012161,19.247518,5.593661,13.653857,19.021289,-4.911807,1.3586635,6.2704705
8.015817,19.293598,5.591743,13.701855,19.067369,-4.909889,1.3619549285714285,6.271843928571428
8.019098,19.340635,5.589059,13.751576,19.114406,-4.907204999999999,1.3653147142857143,6.272519714285714
8.021732,19.364593,5.584841,13.779752,19.138364,-4.9029869999999995,1.3670259999999999,6.270013
8.024943,19.399912,5.58254,13.817372,19.173683,-4.900686,1.3695487857142858,6.270234785714286
8.027818,19.430756,5.579855,13.850901,19.204527,-4.898001000000001,1.3717519285714286,6.269752928571429
8.030803,19.462282,5.577938,13.884345,19.236053,-4.896084,1.3740037857142855,6.270087785714286
8.033674,19.491142,5.575637,13.915505,19.264913,-4.893783000000001,1.3760652142857144,6.269848214285715
8.036673,19.52037,5.573719,13.946651,19.294141,-4.891864999999999,1.3781529285714285,6.270017928571428
8.039954,19.552246,5.570651,13.981595,19.326017,-4.888797,1.3804297857142858,6.269226785714286
8.042745,19.582608,5.568734,14.013875,19.356379,-4.88688,1.3825985,6.2694785
8.046078,19.613925,5.566816,14.047108,19.387696,-4.884962,1.3848354285714284,6.269797428571428
8.049449,19.642991,5.564515,14.078476,19.416762,-4.882661000000001,1.3869115714285714,6.269572571428572
8.05216,19.663539,5.562598,14.100942,19.43731,-4.880744,1.3883792857142858,6.269123285714286
8.055578,19.688853,5.561447,14.127406,19.462624,-4.879593,1.3901874285714286,6.269780428571428
8.059597,19.720354,5.559913,14.16044,19.494125,-4.878059,1.3924375,6.2704965
8.060931,19.732967,5.557612,14.175355,19.506738,-4.875757999999999,1.3933384285714285,6.269096428571428
8.064679,19.756456,5.556078,14.200378,19.530227,-4.874224,1.3950162142857143,6.269240214285714
8.067945,19.781091,5.554161,14.22693,19.554862,-4.872306999999999,1.3967758571428572,6.269082857142856
8.071108,19.80587,5.55301,14.25286,19.579641,-4.871155999999999,1.3985457857142856,6.269701785714284
8.074033,19.827614,5.551093,14.276521,19.601385,-4.869239,1.4000989285714287,6.269337928571429
8.077066,19.849269,5.549176,14.300094,19.62304,-4.867322,1.4016457142857142,6.268967714285714
8.080822,19.869881,5.548025,14.321856,19.643652,-4.866171,1.4031179999999999,6.269289
8.083157,19.882192,5.546875,14.335317,19.655963,-4.8650210000000005,1.4039973571428572,6.2690183571428575
8.08651,19.899423,5.545341,14.354083,19.673194,-4.863486999999999,1.4052281428571427,6.2687151428571415
8.089884,19.9145,5.544574,14.369926,19.688271,-4.8627199999999995,1.4063050714285714,6.269025071428571
8.092595,19.928259,5.543423,14.384836,19.70203,-4.861568999999999,1.407287857142857,6.268856857142857
8.095925,19.945952,5.541889,14.404063,19.719723,-4.860035,1.4085516428571427,6.268586642857143
8.098985,19.958891,5.541122,14.417769,19.732662,-4.859268,1.4094758571428572,6.268743857142857
8.102182,19.968584,5.540355,14.428229,19.742355,-4.858501,1.4101682142857144,6.2686692142857146
8.105805,19.976295,5.539588,14.436707,19.750066,-4.857734000000001,1.410719,6.268453000000001
8.109097,19.986029,5.539205,14.446824,19.7598,-4.8573509999999995,1.4114142857142855,6.268765285714285
8.112207,19.992518,5.539205,14.453314,19.766289,-4.8573509999999995,1.4118777857142857,6.269228785714285
8.115677,19.998454,5.538438,14.460016,19.772225,-4.856584,1.4123017857142857,6.268885785714286
8.119801,20.00762,5.537671,14.469949,19.781391,-4.855817,1.4129565,6.2687735
8.121233,20.011897,5.53652,14.475377,19.785668,-4.854666,1.413262,6.2679279999999995
8.12482,20.016822,5.536904,14.479919,19.790593,-4.85505,1.4136137857142859,6.268663785714287
8.127675,20.020274,5.53652,14.483754,19.794045,-4.854666,1.4138603571428572,6.268526357142857
8.130832,20.022497,5.53652,14.485977,19.796268,-4.854666,1.414019142857143,6.268685142857143
8.133555,20.02553,5.535753,14.489777,19.799301,-4.853899,1.4142357857142858,6.268134785714286
8.136598,20.028802,5.535753,14.493049,19.802573,-4.853899,1.4144694999999998,6.2683685
8.139677,20.033337,5.53537,14.497967,19.807108,-4.853516000000001,1.4147934285714285,6.268309428571429
8.142578,20.036713,5.534986,14.501727,19.810484,-4.8531320000000004,1.4150345714285713,6.268166571428572
8.145784,20.037354,5.535753,14.501601,19.811125,-4.853899,1.4150803571428572,6.268979357142857
8.148995,20.034911,5.53537,14.499541,19.808682,-4.853516000000001,1.4149058571428572,6.268421857142858
8.151647,20.0332,5.535753,14.497447,19.806971,-4.853899,1.414783642857143,6.268682642857144
8.154759,20.030087,5.535753,14.494334,19.803858,-4.853899,1.4145612857142857,6.268460285714286
8.157807,20.029395,5.535753,14.493642,19.803166,-4.853899,1.4145118571428572,6.268410857142857
8.161084,20.029455,5.535753,14.493702,19.803226,-4.853899,1.4145161428571427,6.268415142857143
8.163869,20.028113,5.535753,14.49236,19.801884,-4.853899,1.4144202857142858,6.268319285714286
8.166864,20.02599,5.536137,14.489854,19.799761,-4.854283000000001,1.414268642857143,6.268551642857144
8.169963,20.022618,5.536904,14.485715,19.796389,-4.85505,1.4140277857142858,6.269077785714286
8.173136,20.018198,5.53652,14.481677,19.791969,-4.854666,1.4137120714285716,6.268378071428572
8.176414,20.010149,5.536904,14.473245,19.78392,-4.85505,1.4131371428571426,6.268187142857143
8.179444,19.997535,5.538438,14.459098,19.771306,-4.856584,1.4122361428571428,6.268820142857143
8.182214,19.989068,5.538821,14.450247,19.762839,-4.856967000000001,1.4116313571428571,6.268598357142858
8.185621,19.973814,5.539588,14.434226,19.747585,-4.857734000000001,1.4105417857142857,6.268275785714287
8.190448,19.964012,5.540355,14.423657,19.737783,-4.858501,1.409841642857143,6.268342642857143
8.191118,19.9489,5.542273,14.406628,19.722671,-4.860419,1.4087622142857141,6.269181214285714
8.194818,19.938754,5.54304,14.395715,19.712525,-4.861186,1.4080375,6.2692235
8.200131,19.924006,5.543423,14.380583,19.697777,-4.861568999999999,1.4069840714285713,6.26855307142857
8.201046,19.912659,5.54419,14.368468,19.68643,-4.862336000000001,1.4061735714285715,6.268509571428572
8.204556,19.897398,5.545341,14.352058,19.671169,-4.863486999999999,1.4050835,6.268570499999999
8.207577,19.886311,5.546108,14.340204,19.660082,-4.864254000000001,1.4042915714285713,6.268545571428572
8.210705,19.870227,5.547642,14.322585,19.643998,-4.865788,1.4031427142857142,6.268930714285714
8.213467,19.854273,5.548792,14.305481,19.628044,-4.866937999999999,1.402003142857143,6.268941142857142
8.216466,19.835258,5.549942,14.285316,19.609029,-4.868088,1.4006449285714286,6.268732928571429
8.219465,19.809046,5.552627,14.256419,19.582817,-4.870773,1.3987726428571428,6.2695456428571426
8.222567,19.786427,5.554928,14.231499,19.560198,-4.873074000000001,1.397157,6.270231000000001
8.225795,19.759746,5.556462,14.203284,19.533517,-4.874608,1.3952512142857143,6.269859214285715
8.228878,19.728985,5.558379,14.170606,19.502756,-4.876525000000001,1.393054,6.269579000000001
8.23173,19.713424,5.560297,14.153127,19.487195,-4.878443000000001,1.3919425,6.270385500000001
8.234868,19.689093,5.561831,14.127262,19.462864,-4.879977,1.3902045714285713,6.270181571428571
8.240038,19.66331,5.563365,14.099945,19.437081,-4.881511,1.3883629285714285,6.269873928571428
8.241471,19.636455,5.566433,14.070022,19.410226,-4.8845790000000004,1.3864447142857144,6.271023714285715
8.244471,19.60881,5.567967,14.040844,19.382581,-4.886113,1.3844700714285714,6.270583071428572
8.247582,19.580363,5.569501,14.010862,19.354134,-4.887646999999999,1.3824381428571428,6.270085142857142
8.250674,19.548572,5.571802,13.97677,19.322343,-4.889948,1.3801673571428572,6.270115357142858
8.253357,19.520184,5.574103,13.946081,19.293955,-4.892249,1.3781396428571429,6.270388642857142
8.256254,19.490698,5.575637,13.915062,19.264469,-4.893783000000001,1.3760335,6.269816500000001
8.259263,19.460787,5.578321,13.882466,19.234558,-4.8964669999999995,1.373897,6.270363999999999
8.26225,19.432849,5.581006,13.851844,19.20662,-4.899152000000001,1.3719014285714286,6.271053428571429
8.265568,19.397734,5.583307,13.814427,19.171505,-4.901453,1.3693932142857144,6.270846214285714
8.269907,19.349845,5.585608,13.764237,19.123616,-4.903753999999999,1.3659725714285713,6.269726571428571
8.271257,19.326582,5.589059,13.737523,19.100353,-4.907204999999999,1.3643109285714285,6.271515928571428
8.274901,19.28535,5.592127,13.693223,19.059121,-4.910273,1.3613657857142858,6.271638785714286
8.277948,19.247799,5.594428,13.653371,19.02157,-4.912573999999999,1.3586835714285714,6.2712575714285705
8.281059,19.209791,5.597112,13.612679,18.983562,-4.915258,1.3559687142857142,6.271226714285714
8.284039,19.176111,5.599797,13.576314,18.949882,-4.917942999999999,1.3535629999999998,6.271505999999999
8.286889,19.138615,5.604015,13.5346,18.912386,-4.922161000000001,1.3508847142857143,6.273045714285715
8.290223,19.091293,5.607467,13.483826,18.865064,-4.925613,1.3475045714285714,6.273117571428571
8.293131,19.050891,5.610151,13.44074,18.824662,-4.928297000000001,1.3446187142857142,6.272915714285714
8.296637,19.001953,5.613603,13.388351,18.775724,-4.931749,1.3411231428571428,6.272872142857143
8.299805,18.962563,5.616671,13.345892,18.736334,-4.934817000000001,1.3383095714285713,6.2731265714285716
8.302689,18.918101,5.619355,13.298746,18.691872,-4.937500999999999,1.3351337142857143,6.272634714285713
8.305933,18.871174,5.622807,13.248367,18.644945,-4.940953,1.3317817857142857,6.272734785714286
8.309025,18.811452,5.627409,13.184044,18.585223,-4.945555000000001,1.3275159285714284,6.273070928571429
8.311931,18.778853,5.63086,13.147994,18.552624,-4.949006000000001,1.3251874285714287,6.274193428571429
8.315782,18.719299,5.633544,13.085755,18.49307,-4.951689999999999,1.3209335714285715,6.2726235714285705
8.31981,18.657808,5.638913,13.018895,18.431579,-4.957058999999999,1.316541357142857,6.273600357142856
8.321723,18.624324,5.641981,12.982343,18.398095,-4.960127,1.3141496428571429,6.274276642857143
8.325612,18.563227,5.645433,12.917795,18.336998,-4.963578999999999,1.3097855714285715,6.273364571428571
8.32824,18.516868,5.649651,12.867217,18.290639,-4.967797000000001,1.3064742142857142,6.274271214285715
8.331341,18.464107,5.654637,12.809471,18.237878,-4.972783,1.3027055714285714,6.275488571428571
8.334207,18.414824,5.658088,12.756736,18.188595,-4.976234,1.299185357142857,6.275419357142857
8.33751,18.35817,5.661923,12.696247,18.131941,-4.980069,1.295138642857143,6.2752076428571435
8.340835,18.297922,5.665758,12.632164,18.071693,-4.983904000000001,1.2908352142857142,6.274739214285715
8.343655,18.249411,5.67151,12.577901,18.023182,-4.989656,1.2873701428571427,6.277026142857142
8.346947,18.18723,5.674578,12.512651,17.961001,-4.992724000000001,1.282928642857143,6.2756526428571435
8.350156,18.12727,5.678797,12.448473,17.901041,-4.996943,1.2786457857142857,6.275588785714286
8.353075,18.075099,5.684166,12.390934,17.84887,-5.002312,1.274919285714286,6.277231285714286
8.356371,18.016712,5.688001,12.328711,17.790483,-5.006147,1.2707487857142856,6.276895785714286
8.359514,17.950808,5.691836,12.258972,17.724579,-5.009982000000001,1.266041357142857,6.276023357142858
8.362512,17.899728,5.697205,12.202524,17.673499,-5.015351000000001,1.2623927857142856,6.277743785714287
8.36573,17.831766,5.701807,12.129959,17.605536999999998,-5.019952999999999,1.257538357142857,6.277491357142856
8.369123,17.750477,5.706025,12.044452,17.524248,-5.024171000000001,1.251732,6.275903000000001
8.372039,17.701947,5.711777,11.990169,17.475718,-5.029923,1.2482655714285715,6.278188571428572
8.375624,17.63118,5.715612,11.915567,17.404951,-5.033758000000001,1.2432107857142858,6.276968785714287
8.378797,17.547796,5.720214,11.827582,17.321567,-5.038360000000001,1.237254785714286,6.2756147857142865
8.381523,17.507155,5.724433,11.782722,17.280926,-5.042579,1.2343518571428571,6.276930857142857
8.384862,17.43748,5.728651,11.708829,17.211251,-5.046797,1.2293750714285714,6.276172071428571
8.387812,17.37829,5.735171,11.643119,17.152061,-5.053317,1.2251472142857143,6.278464214285714
8.390857,17.310663,5.739773,11.57089,17.084434,-5.057919,1.2203167142857143,6.278235714285715
8.393947,17.24436,5.744758,11.499602,17.018131,-5.062904,1.2155807857142857,6.278484785714285
8.397367,17.167254,5.750894,11.41636,16.941025,-5.069039999999999,1.2100732142857142,6.279113214285713
8.400727,17.095722,5.755879,11.339842,16.869493,-5.074025000000001,1.2049637857142856,6.2789887857142865
8.403398,17.032135,5.760481,11.271653,16.805906,-5.078627000000001,1.200421857142857,6.2790488571428575
8.406229,16.969565,5.765083,11.204482,16.743336,-5.083228999999999,1.1959525714285715,6.279181571428571
8.409343,16.895413,5.769302,11.126111,16.669184,-5.087448,1.1906560000000002,6.278104000000001
8.41211,16.834632,5.776205,11.058427,16.608403,-5.094351,1.1863145,6.2806655
8.415583,16.752439,5.78119,10.971249,16.52621,-5.099335999999999,1.1804435714285713,6.279779571428571
8.419868,16.656817,5.786559,10.870258,16.430588,-5.104704999999999,1.1736134285714286,6.278318428571428
8.421405,16.608283,5.793462,10.814821,16.382054,-5.111608,1.1701467142857143,6.281754714285714
8.425286,16.526663,5.79768,10.728982,16.300434,-5.115826,1.1643167142857143,6.280142714285715
8.430146,16.450659,5.802666,10.647993,16.22443,-5.120812000000001,1.1588878571428574,6.279699857142858
8.431313,16.377011,5.808418,10.568593,16.150782,-5.126564,1.1536272857142857,6.280191285714286
8.434554,16.298472,5.816088,10.482384,16.072243,-5.134233999999999,1.1480173571428571,6.282251357142856
8.437509,16.227833,5.82069,10.407143,16.001604,-5.1388359999999995,1.1429717142857143,6.281807714285714
8.440821,16.143113,5.826059,10.317054,15.916884,-5.1442049999999995,1.1369202857142857,6.281125285714285
8.443656,16.074586,5.831428,10.243158,15.848357,-5.149573999999999,1.1320255,6.2815995
8.446847,15.993408,5.836413,10.156995,15.767179,-5.154559000000001,1.1262270714285714,6.280786071428572
8.450123,15.915752,5.844083,10.071668,15.689523,-5.162229,1.1206802142857142,6.282909214285715
8.453069,15.83207,5.849452,9.982618,15.605841,-5.167598,1.1147029285714285,6.282300928571429
8.456414,15.748897,5.855205,9.893692,15.522668,-5.173351,1.108762,6.282113000000001
8.459304,15.667531,5.863258,9.804273,15.441302,-5.181404000000001,1.1029501428571429,6.284354142857143
8.462389,15.593213,5.868627,9.724586,15.366984,-5.1867730000000005,1.0976417142857142,6.284414714285715
8.465459,15.510472,5.873996,9.636476,15.284243,-5.1921420000000005,1.0917316428571429,6.283873642857143
8.469709,15.397217,5.880132,9.517085,15.170988,-5.198278,1.083642,6.28192
8.471303,15.353507,5.885117,9.46839,15.127278,-5.203263,1.0805198571428571,6.283782857142857
8.474521,15.271059,5.89087,9.380189,15.04483,-5.209016,1.0746307142857143,6.283646714285714
8.477465,15.189873,5.899307,9.290567,14.963644,-5.217453000000001,1.0688317142857142,6.286284714285715
8.480757,15.105032,5.905059,9.199973,14.878803,-5.223205,1.0627716428571428,6.285976642857143
8.483438,15.026005,5.910044,9.115961,14.799776,-5.22819,1.0571268571428571,6.285316857142857
8.486496,14.943762,5.915797,9.027965,14.717533,-5.233943,1.0512523571428571,6.285195357142857
8.489876,14.861291,5.921166,8.940125,14.635062,-5.239312,1.0453615714285713,6.284673571428572
8.492413,14.777465,5.929986,8.847478,14.551236,-5.248132,1.039374,6.2875060000000005
8.495554,14.691335,5.935355,8.75598,14.465106,-5.253501,1.033221857142857,6.286722857142857
8.498466,14.611059,5.941108,8.669952,14.38483,-5.259254,1.0274878571428572,6.286741857142857
8.50141,14.529664,5.946093,8.583571,14.303435,-5.264239,1.0216739285714287,6.285912928571428
8.504492,14.446096,5.951845,8.494251,14.219867,-5.269990999999999,1.0157047857142858,6.285695785714285
8.507345,14.361784,5.957598,8.404186,14.135555,-5.2757439999999995,1.0096825,6.2854265
8.510704,14.268566,5.96335,8.305216,14.042337,-5.281496000000001,1.0030240714285714,6.284520071428572
8.513344,14.190278,5.971787,8.218491,13.964049,-5.2899329999999996,0.9974320714285714,6.287365071428571
8.516279,14.108075,5.97754,8.130536,13.881846,-5.295686,0.9915604285714286,6.287246428571429
8.519436,14.010612,5.982909,8.027703,13.784383,-5.301055,0.9845987857142857,6.285653785714286
8.522177,13.935652,5.989044,7.946608,13.709423,-5.30719,0.9792445,6.2864345
8.525465,13.841444,5.994797,7.846647,13.615215,-5.312943000000001,0.9725153571428571,6.285458357142858
8.529668,13.717695,6.003234,7.714461,13.491466,-5.3213799999999996,0.9636761428571429,6.285056142857142
8.531031,13.66209,6.009753,7.652337,13.435861,-5.327899,0.9597043571428571,6.287603357142857
8.534662,13.57508,6.015889,7.559191,13.348851,-5.334035,0.9534893571428571,6.287524357142857
8.537427,13.490013,6.021642,7.468371,13.263784,-5.339788,0.9474131428571428,6.2872011428571435
8.54071,13.398304,6.027011,7.371293,13.172075,-5.345157,0.9408624999999999,6.2860195
8.543253,13.32084,6.03353,7.287311,13.094611,-5.351675999999999,0.9353293571428571,6.287005357142856
8.546421,13.228192,6.043501,7.184691,13.001963,-5.361647,0.9287116428571428,6.290358642857142
8.549649,13.135286,6.049253,7.086033,12.909057,-5.367399000000001,0.9220755,6.289474500000001
8.552728,13.038873,6.054622,6.98425,12.812644,-5.372768000000001,0.9151888571428571,6.2879568571428575
8.555834,12.944528,6.059991,6.884537,12.718299,-5.378137000000001,0.9084499285714286,6.286586928571429
8.559014,12.82772,6.069195,6.758525,12.601491,-5.387340999999999,0.9001064999999999,6.287447499999999
8.561795,12.763229,6.075331,6.687899,12.537,-5.393477000000001,0.8955000000000001,6.288977000000001
8.565271,12.661298,6.081467,6.579831,12.435069,-5.399613,0.8882192142857143,6.287832214285714
8.569776,12.575025,6.087603,6.487422,12.348796,-5.405749,0.8820568571428572,6.287805857142858
8.571054,12.482487,6.09719,6.385297,12.256258,-5.415336,0.8754470000000001,6.290783
8.574185,12.389282,6.102559,6.286723,12.163053,-5.420705,0.8687895,6.2894945
8.577577,12.28906,6.108695,6.180365,12.062831,-5.426841,0.8616307857142856,6.288471785714285
8.580685,12.193902,6.115981,6.07792,11.967673,-5.434127,0.8548337857142857,6.288960785714286
8.583411,12.109578,6.12135,5.988228,11.883349,-5.439496,0.8488106428571429,6.288306642857143
8.58636,12.017489,6.131321,5.886168,11.79126,-5.449467,0.8422328571428571,6.2916998571428575
8.589893,11.917166,6.137841,5.779325,11.690937,-5.455987,0.8350669285714286,6.291053928571429
8.592658,11.820857,6.14436,5.676497,11.594628,-5.462505999999999,0.8281877142857142,6.290693714285713
8.595764,11.72934,6.150112,5.579227,11.503111,-5.4682580000000005,0.8216507857142857,6.289908785714286
8.599682,11.605499,6.156248,5.449251,11.37927,-5.474394,0.812805,6.287199
8.600957,11.551551,6.165452,5.386099,11.325322,-5.483598000000001,0.8089515714285714,6.292549571428572
8.604566,11.4538,6.171972,5.281828,11.227571,-5.490118000000001,0.8019693571428571,6.292087357142858
8.60761,11.360663,6.178108,5.182556,11.134434,-5.496254,0.7953167142857144,6.291570714285715
8.610853,11.261292,6.184244,5.077048,11.035063,-5.50239,0.7882187857142856,6.290608785714285
8.613553,11.179262,6.190763,4.9885,10.953033,-5.508908999999999,0.7823595,6.291268499999999
8.616471,11.085889,6.196515,4.889374,10.85966,-5.514661,0.77569,6.290351
8.619805,10.993151,6.203418,4.789733,10.766922,-5.521564,0.7690658571428571,6.290629857142857
8.622343,10.903859,6.213006,4.690853,10.67763,-5.5311520000000005,0.7626878571428571,6.293839857142857
8.625498,10.807211,6.218758,4.588453,10.580982,-5.536904,0.7557844285714286,6.292688428571428
8.629704,10.675323,6.224894,4.450429,10.449094,-5.5430399999999995,0.7463638571428571,6.289403857142856
8.631346,10.616867,6.234865,4.382002,10.390638,-5.553011,0.7421884285714285,6.295199428571428
8.634955,10.51228,6.241384,4.270896,10.286051,-5.5595300000000005,0.7347179285714286,6.294247928571429
8.639779,10.365786,6.248287,4.117499,10.139557,-5.566433,0.7242540714285715,6.290687071428572
8.641313,10.314616,6.257491,4.057125,10.088386999999999,-5.575637,0.7205990714285714,6.296236071428572
8.644595,10.213956,6.26286,3.951096,9.987727,-5.581006,0.7134090714285714,6.294415071428571
8.648268,10.109185,6.269763,3.839422,9.882956,-5.587909,0.7059254285714286,6.2938344285714285
8.651066,10.011835,6.275899,3.735936,9.785606,-5.5940449999999995,0.6989718571428571,6.293016857142857
8.654031,9.918406,0.543029,9.375377,9.692177,0.13882499999999998,0.692298357142857,0.5534733571428571
8.65707,9.82488,0.066728,9.758151,9.598651,0.615126,0.6856179285714286,0.07049192857142861
8.660096,9.723963,0.020709,9.703255,9.497734,0.661145,0.6784095714285714,0.017264571428571407
8.662996,9.645503,0.022243,9.623261,9.419274,0.659611,0.6728052857142857,0.013194285714285714
8.666049,9.543596,0.027612,9.515984,9.317367,0.654242,0.6655262142857143,0.011284214285714356
8.669256,9.430957,0.037583,9.393375,9.204728,0.6442709999999999,0.6574805714285714,0.013209571428571487
8.67227,9.348898,0.044102,9.304796,9.122669,0.637752,0.6516192142857143,0.013867214285714358
8.675677,9.248108,0.050621,9.197487,9.021879,0.6312329999999999,0.6444199285714286,0.013186928571428669
8.679779,9.119326,0.059825,9.059501,8.893097,0.6220289999999999,0.6352212142857142,0.013192214285714265
8.681578,9.057893,0.066345,8.991548,8.831664,0.615509,0.6308331428571429,0.015324142857142897
8.685549,8.9376,0.072097,8.865503,8.711371,0.609757,0.6222407857142856,0.012483785714285656
8.690661,8.844735,0.081301,8.763435,8.618506,0.600553,0.6156075714285715,0.015054571428571473
8.69134,8.7476,0.088204,8.659396,8.521371,0.59365,0.6086693571428572,0.015019357142857181
8.695398,8.635469,0.093189,8.54228,8.40924,0.588665,0.6006600000000001,0.011995000000000089
8.699627,8.499835,0.102393,8.397442,8.273606,0.579461,0.590971857142857,0.011510857142857045
8.701675,8.449957,0.108146,8.341811,8.223728,0.573708,0.5874091428571429,0.013701142857142856
8.705094,8.334855,0.114665,8.22019,8.108626,0.5671889999999999,0.5791875714285714,0.011998571428571414
8.707889,8.250334,0.123485,8.126849,8.024105,0.558369,0.5731503571428572,0.014781357142857221
8.711015,8.151376,0.128854,8.022522,7.925147000000001,0.5529999999999999,0.5660819285714286,0.013081928571428647
8.714003,8.063597,0.135374,7.928223,7.837368,0.54648,0.559812,0.01333200000000001
8.717076,7.968745,0.141126,7.827619,7.742516,0.540728,0.5530368571428571,0.012308857142857121
8.720176,7.874347,0.149947,7.724401,7.648118,0.5319069999999999,0.5462941428571428,0.014387142857142932
8.72343,7.775611,0.154932,7.620679,7.549382,0.526922,0.5392415714285714,0.01231957142857143
8.726675,7.6823,0.161451,7.520849,7.456071,0.520403,0.5325765,0.01217350000000006
8.729756,7.591928,0.167204,7.424724,7.365699,0.5146499999999999,0.5261213571428571,0.011471357142857186
8.732592,7.502194,0.176024,7.32617,7.275965,0.50583,0.5197117857142858,0.013881785714285777
8.735847,7.405847,0.18101,7.224838,7.179618,0.500844,0.5128298571428571,0.01198585714285716
8.739,7.290348,0.187529,7.102819,7.064119,0.49432499999999996,0.5045799285714285,0.010254928571428568
8.742137,7.215893,0.195966,7.019927,6.989664,0.485888,0.4992617142857143,0.013373714285714322
8.745396,7.123585,0.202102,6.921483,6.897356,0.47975199999999996,0.4926682857142857,0.012916285714285769
8.749646,6.994936,0.207087,6.787849,6.768707,0.47476699999999994,0.48347907142857144,0.0087120714285715
8.751321,6.946867,0.213223,6.733644,6.720638,0.46863099999999996,0.48004557142857146,0.011414571428571496
8.754701,6.848087,0.221277,6.62681,6.621858,0.46057699999999996,0.47298985714285713,0.01241285714285717
8.757764,6.760587,0.227413,6.533174,6.534358,0.454441,0.46673985714285715,0.012298857142857167
8.76108,6.662732,0.233165,6.429567,6.436503,0.44868899999999995,0.4597502142857143,0.011061214285714327
8.763969,6.57951,0.238918,6.340593,6.353281,0.442936,0.4538057857142857,0.010869785714285707
8.76706,6.489525,0.245053,6.244472,6.263296,0.436801,0.44737828571428573,0.010577285714285733
8.77008,6.399055,0.25349,6.145564,6.172826,0.42836399999999997,0.4409161428571428,0.012552142857142845
8.772881,6.320652,0.259243,6.061409,6.094423,0.42261099999999996,0.4353159285714286,0.01270492857142863
8.77618,6.230236,0.264228,5.966008,6.004007,0.41762599999999994,0.42885764285714284,0.011231642857142898
8.779194,6.126983,0.270364,5.856618,5.900754,0.41148999999999997,0.4214824285714286,0.009992428571428624
8.7822,6.056829,0.278801,5.778028,5.8306,0.40305299999999994,0.41647142857142855,0.013418428571428609
8.785578,5.960915,0.28417,5.676745,5.734686,0.397684,0.40962042857142855,0.01193642857142857
8.790364,5.84527,0.290306,5.554965,5.619041,0.39154799999999995,0.40136007142857144,0.00981207142857149
8.791856,5.782464,0.298359,5.484105,5.556235,0.383495,0.39687392857142856,0.013378928571428583
8.795301,5.691754,0.303728,5.388026,5.465525,0.37812599999999996,0.39039464285714287,0.012268642857142908
8.799725,5.56756,0.308714,5.258846,5.341331,0.37313999999999997,0.38152364285714285,0.008383642857142881
8.801398,5.516272,0.316384,5.199889,5.290043,0.36546999999999996,0.37786021428571426,0.012390214285714296
8.805281,5.41416,0.322136,5.092025,5.187931,0.359718,0.37056649999999997,0.010848499999999983
8.809745,5.295872,0.330573,4.965299,5.069643,0.35128099999999995,0.36211735714285714,0.01083635714285719
8.811133,5.245703,0.335942,4.909761,5.019474,0.34591199999999994,0.3585338571428571,0.012621857142857185
8.814809,5.161193,0.340544,4.820649,4.934964,0.34130999999999995,0.3524974285714286,0.011187428571428626
8.817715,5.080408,0.345529,4.734879,4.854179,0.336325,0.34672707142857145,0.010402071428571469
8.820825,4.999253,0.350898,4.648355,4.773024,0.330956,0.34093028571428574,0.009974285714285769
8.823686,4.923548,0.359335,4.564213,4.697319,0.32251899999999994,0.33552278571428573,0.013003785714285787
8.826842,4.841659,0.363937,4.477722,4.61543,0.31791699999999995,0.3296735714285714,0.01175657142857145
8.829988,4.758406,0.368539,4.389867,4.532177,0.31331499999999995,0.32372692857142854,0.010411928571428586
8.832837,4.687223,0.373908,4.313315,4.460994,0.30794599999999994,0.3186424285714286,0.010696428571428662
8.836038,4.603438,0.37851,4.224928,4.377209,0.30334399999999995,0.3126577857142857,0.00931378571428576
8.839123,4.512544,0.38618,4.126364,4.286315,0.29567399999999994,0.30616535714285714,0.010491357142857205
8.842275,4.446056,0.391165,4.054891,4.2198269999999996,0.290689,0.30141621428571425,0.01072721428571427
8.845721,4.361057,0.396534,3.964523,4.134828,0.28531999999999996,0.29534485714285713,0.010024857142857169
8.848795,4.261672,0.40382,3.857852,4.035443,0.27803399999999995,0.28824592857142856,0.010211928571428608
8.851554,4.216339,0.408422,3.807917,3.9901099999999996,0.27343199999999995,0.2850078571428571,0.011575857142857138
8.85508,4.131215,0.413024,3.718191,3.904986,0.26882999999999996,0.27892757142857144,0.010097571428571483
8.860034,4.058438,0.417626,3.640812,3.8322089999999998,0.26422799999999996,0.2737292142857143,0.009501214285714321
8.861316,3.98057,0.425296,3.555274,3.754341,0.25655799999999995,0.2681672142857143,0.01160921428571432
8.864551,3.906046,0.430282,3.475765,3.679817,0.25157199999999996,0.2628440714285714,0.01127207142857145
8.867321,3.838373,0.4345,3.403873,3.612144,0.24735399999999996,0.2580102857142857,0.01065628571428573
8.870802,3.761596,0.439102,3.322494,3.535367,0.24275199999999997,0.25252621428571426,0.009774214285714289
8.873349,3.698038,0.44332,3.254718,3.471809,0.23853399999999997,0.24798635714285713,0.009452357142857165
8.876427,3.629619,0.448306,3.181313,3.40339,0.23354799999999998,0.2430992857142857,0.009551285714285734
8.879333,3.557117,0.454442,3.102675,3.330888,0.22741199999999995,0.23792057142857143,0.010508571428571478
8.882108,3.497384,0.45866,3.038724,3.271155,0.22319399999999995,0.23365392857142855,0.010459928571428606
8.885825,3.413236,0.46518,2.948056,3.187007,0.21667399999999998,0.22764335714285713,0.010969357142857156
8.890408,3.325657,0.469015,2.856642,3.099428,0.21283899999999994,0.2213877142857143,0.008548714285714354
8.892249,3.267397,0.473233,2.794164,3.041168,0.20862099999999995,0.2172262857142857,0.00860528571428576
8.895718,3.197754,0.479369,2.718385,2.971525,0.20248499999999997,0.21225178571428574,0.00976678571428577
8.899972,3.106482,0.484354,2.622128,2.880253,0.19749999999999995,0.20573235714285715,0.008232357142857194
8.901487,3.063883,0.487806,2.576077,2.837654,0.19404799999999994,0.20268957142857144,0.008641571428571498
8.905164,2.990146,0.492024,2.498121,2.763917,0.18982999999999994,0.19742264285714287,0.007592642857142923
8.908101,2.930698,0.497777,2.432921,2.704469,0.18407699999999994,0.19317635714285714,0.0090993571428572
8.911044,2.866886,0.501995,2.364891,2.640657,0.179859,0.18861835714285716,0.008759357142857166
8.914005,2.808568,0.506214,2.302354,2.582339,0.1756399999999999,0.18445278571428572,0.008812785714285815
8.917189,2.743206,0.509665,2.233541,2.516977,0.17218899999999993,0.17978407142857142,0.007595071428571493
8.920723,2.674595,0.514267,2.160328,2.448366,0.16758699999999993,0.1748832857142857,0.007296285714285783
8.923066,2.624684,0.517719,2.106966,2.398455,0.16413499999999992,0.17131821428571428,0.007183214285714362
8.926108,2.566251,0.523471,2.04278,2.340022,0.15838299999999994,0.16714442857142855,0.008761428571428614
8.92915,2.495419,0.527306,1.968113,2.26919,0.1545479999999999,0.162085,0.007537000000000099
8.932049,2.452456,0.530757,1.921699,2.226227,0.15109699999999993,0.1590162142857143,0.007919214285714377
8.935161,2.39354,0.534209,1.859331,2.1673109999999998,0.14764499999999992,0.15480792857142855,0.0071629285714286395
8.939818,2.307347,0.539578,1.767769,2.081118,0.14227599999999996,0.1486512857142857,0.00637528571428575
8.941366,2.272264,0.543029,1.729235,2.046035,0.13882499999999998,0.14614535714285712,0.007320357142857142
8.944793,2.213113,0.546481,1.666633,1.9868839999999999,0.13537299999999997,0.1419202857142857,0.006547285714285728
8.947605,2.164644,0.549549,1.615095,1.938415,0.132305,0.13845821428571428,0.006153214285714276
8.950752,2.111145,0.553384,1.557761,1.884916,0.12846999999999997,0.13463685714285714,0.006166857142857168
8.953539,2.060795,0.556835,1.50396,1.8345660000000001,0.125019,0.13104042857142859,0.006021428571428594
8.956344,2.010099,0.560286,1.449813,1.7838699999999998,0.12156800000000001,0.1274192857142857,0.005851285714285698
8.959424,1.955956,0.565272,1.390684,1.729727,0.11658199999999996,0.12355192857142858,0.006969928571428613
8.962188,1.911745,0.567956,1.343789,1.685516,0.11389799999999994,0.120394,0.006496000000000057
8.965663,1.856558,0.570641,1.285917,1.630329,0.111213,0.11645207142857142,0.005239071428571412
8.969693,1.78968,0.573709,1.215972,1.563451,0.10814499999999994,0.11167507142857143,0.0035300714285714935
8.971017,1.758943,0.577544,1.1814,1.532714,0.10431000000000001,0.10947957142857143,0.005169571428571412
8.974459,1.71423,0.581762,1.132467,1.488001,0.10009199999999996,0.10628578571428571,0.006193785714285749
8.977298,1.67371,0.584447,1.089263,1.447481,0.09740699999999991,0.1033915,0.005984500000000087
8.980691,1.623138,0.587131,1.036007,1.396909,0.094723,0.09977921428571428,0.005056214285714275
8.98328,1.583086,0.590199,0.992887,1.356857,0.09165499999999993,0.09691835714285714,0.0052633571428572085
8.9861,1.539447,0.592884,0.946564,1.313218,0.08897,0.09380128571428571,0.0048312857142857185
8.989651,1.490044,0.594801,0.895243,1.263815,0.08705299999999994,0.09027249999999999,0.0032195000000000557
8.992033,1.454534,0.599019,0.855514,1.228305,0.08283499999999999,0.08773607142857143,0.004901071428571435
8.995388,1.410147,0.601704,0.808443,1.183918,0.08014999999999994,0.08456557142857143,0.004415571428571491
8.999959,1.370243,0.604005,0.766238,1.144014,0.07784899999999995,0.08171528571428573,0.0038662857142857804
9.001413,1.329063,0.607073,0.72199,1.102834,0.07478099999999999,0.07877385714285715,0.003992857142857159
9.004564,1.286053,0.609374,0.67668,1.0598239999999999,0.07247999999999999,0.07570171428571427,0.003221714285714286
9.007492,1.249004,0.612825,0.636178,1.022775,0.06902900000000001,0.07305535714285714,0.004026357142857137
9.010694,1.210604,0.61551,0.595094,0.984375,0.06634399999999996,0.0703125,0.0039685000000000414
9.013422,1.176935,0.617811,0.559124,0.950706,0.06404299999999996,0.06790757142857143,0.003864571428571467
9.016258,1.141905,0.619345,0.52256,0.9156759999999999,0.06250899999999993,0.06540542857142857,0.002896428571428647
9.019555,1.103449,0.622029,0.48142,0.8772199999999999,0.059824999999999906,0.06265857142857142,0.0028335714285715186
9.022218,1.072621,0.62433,0.448291,0.846392,0.05752399999999991,0.06045657142857143,0.0029325714285715204
9.025492,1.037634,0.627015,0.410619,0.8114049999999999,0.05483899999999997,0.057957499999999995,0.003118500000000024
9.029758,0.993193,0.629316,0.363877,0.766964,0.052537999999999974,0.05478314285714286,0.002245142857142883
9.031352,0.976341,0.631233,0.345107,0.750112,0.050620999999999916,0.05357942857142857,0.0029584285714286535
9.034677,0.940792,0.633534,0.307258,0.714563,0.04831999999999992,0.05104021428571428,0.0027202142857143605
9.037608,0.912592,0.634685,0.277908,0.686363,0.047168999999999905,0.04902592857142857,0.001856928571428662
9.040701,0.884037,0.636602,0.247435,0.657808,0.04525199999999996,0.04698628571428571,0.0017342857142857507
9.043532,0.856872,0.640053,0.216819,0.630643,0.04180099999999998,0.04504592857142857,0.003244928571428593
9.046506,0.829609,0.64082,0.188789,0.60338,0.041034000000000015,0.04309857142857143,0.0020645714285714156
9.05013,0.801802,0.643121,0.158681,0.575573,0.038732999999999906,0.041112357142857145,0.0023793571428572385
9.052586,0.775976,0.645422,0.130554,0.549747,0.03643199999999991,0.039267642857142855,0.0028356428571429462
9.055996,0.747458,0.646573,0.100885,0.5212289999999999,0.03528100000000001,0.03723064285714285,0.0019496428571428442
9.05911,0.715816,0.648874,0.066942,0.489587,0.03298000000000001,0.0349705,0.0019904999999999923
9.06207,0.696532,0.649641,0.046891,0.470303,0.032212999999999936,0.03359307142857143,0.0013800714285714943
9.065456,0.671664,0.651175,0.02049,0.445435,0.030679000000000012,0.031816785714285714,0.0011377857142857023
9.069684,0.644134,0.653476,-0.009341,0.41790499999999997,0.028378000000000014,0.02985035714285714,0.001472357142857126
9.071302,0.635391,0.654243,-0.018852,0.409162,0.02761099999999994,0.029225857142857144,0.0016148571428572026
9.074493,0.620066,0.65501,-0.034944,0.393837,0.02684399999999998,0.028131214285714284,0.0012872142857143047
9.077305,0.606399,0.65616,-0.049761,0.38017,0.025693999999999995,0.027155000000000002,0.0014610000000000074
9.08079,0.589354,0.656927,-0.067573,0.36312500000000003,0.02492699999999992,0.025937500000000002,0.0010105000000000808
9.083178,0.576244,0.658078,-0.081834,0.35001499999999997,0.02377599999999991,0.025001071428571425,0.0012250714285715163
9.086288,0.558741,0.659995,-0.101254,0.33251200000000003,0.021858999999999962,0.023750857142857146,0.0018918571428571847
9.089542,0.536491,0.661146,-0.124655,0.31026200000000004,0.02070799999999995,0.02216157142857143,0.0014535714285714811
9.092444,0.518206,0.66268,-0.144473,0.29197700000000004,0.019173999999999913,0.020855500000000003,0.0016815000000000892
9.095681,0.500404,0.66383,-0.163426,0.27417499999999995,0.01802399999999993,0.019583928571428568,0.0015599285714286391
9.099981,0.481986,0.664597,-0.182611,0.255757,0.017256999999999967,0.018268357142857145,0.0010113571428571784
9.10158,0.472243,0.665748,-0.193505,0.246014,0.016105999999999954,0.017572428571428572,0.0014664285714286185
9.105604,0.460674,0.666131,-0.205457,0.23444499999999996,0.01572299999999993,0.016746071428571426,0.0010230714285714947
9.109609,0.44731,0.667282,-0.219971,0.22108099999999997,0.014571999999999918,0.015791499999999997,0.0012195000000000782
9.111408,0.443222,0.667665,-0.224444,0.216993,0.014189000000000007,0.0154995,0.0013104999999999922
9.114809,0.437644,0.668049,-0.230405,0.21141499999999996,0.013804999999999956,0.015101071428571426,0.0012960714285714693
9.117763,0.434772,0.668432,-0.23366,0.20854299999999998,0.013421999999999934,0.01489592857142857,0.0014739285714286364
9.120801,0.433335,0.668816,-0.235481,0.207106,0.013037999999999994,0.014793285714285715,0.0017552857142857214
9.123519,0.433377,0.668432,-0.235055,0.207148,0.013421999999999934,0.014796285714285715,0.001374285714285781
9.12642,0.434192,0.668816,-0.234623,0.207963,0.013037999999999994,0.014854500000000001,0.0018165000000000073
9.129537,0.433665,0.668432,-0.234768,0.207436,0.013421999999999934,0.014816857142857144,0.0013948571428572098
9.132472,0.434388,0.668432,-0.234044,0.20815899999999998,0.013421999999999934,0.014868499999999998,0.001446500000000064
9.135668,0.433433,0.668049,-0.234616,0.207204,0.013804999999999956,0.014800285714285714,0.0009952857142857575
9.139764,0.433695,0.668432,-0.234737,0.20746599999999998,0.013421999999999934,0.014818999999999999,0.0013970000000000649
9.141405,0.43412,0.668816,-0.234696,0.207891,0.013037999999999994,0.014849357142857142,0.0018113571428571475
9.145122,0.435374,0.668432,-0.233058,0.20914499999999997,0.013421999999999934,0.01493892857142857,0.001516928571428636
9.149809,0.437001,0.668049,-0.231047,0.21077199999999996,0.013804999999999956,0.015055142857142854,0.0012501428571428976
9.151303,0.437345,0.668049,-0.230703,0.21111599999999997,0.013804999999999956,0.015079714285714283,0.001274714285714327
9.154782,0.4388,0.667665,-0.228865,0.212571,0.014189000000000007,0.015183642857142857,0.0009946428571428502
9.157568,0.440134,0.668049,-0.227915,0.213905,0.013804999999999956,0.015278928571428572,0.0014739285714286156
9.160666,0.441098,0.668049,-0.226951,0.21486899999999998,0.013804999999999956,0.015347785714285713,0.001542785714285757
9.163287,0.442932,0.668049,-0.225117,0.21670299999999998,0.013804999999999956,0.015478785714285712,0.001673785714285756
9.166217,0.445152,0.667282,-0.22213,0.21892299999999998,0.014571999999999918,0.01563735714285714,0.001065357142857222
9.169252,0.44965,0.667282,-0.217632,0.22342099999999998,0.014571999999999918,0.015958642857142855,0.001386642857142937
9.17256,0.455551,0.666898,-0.211347,0.22932199999999997,0.01495599999999997,0.016380142857142854,0.0014241428571428842
9.175523,0.460307,0.666515,-0.206208,0.234078,0.015338999999999992,0.016719857142857144,0.0013808571428571524
9.178973,0.467442,0.666131,-0.198689,0.241213,0.01572299999999993,0.017229500000000002,0.0015065000000000703
9.181693,0.472252,0.665748,-0.193495,0.246023,0.016105999999999954,0.017573071428571427,0.0014670714285714738
9.184964,0.484545,0.665364,-0.180819,0.258316,0.016490000000000005,0.018451142857142857,0.0019611428571428523
9.187714,0.492981,0.664214,-0.171233,0.266752,0.01763999999999999,0.019053714285714285,0.001413714285714296
9.190796,0.503976,0.663447,-0.159471,0.27774699999999997,0.01840699999999995,0.019839071428571425,0.0014320714285714735
9.193573,0.515386,0.662296,-0.14691,0.289157,0.019557999999999964,0.020654071428571428,0.0010960714285714636
9.196387,0.527275,0.661529,-0.134254,0.30104600000000004,0.020324999999999926,0.021503285714285718,0.0011782857142857914
9.199605,0.543415,0.659995,-0.11658,0.31718599999999997,0.021858999999999962,0.022656142857142854,0.0007971428571428921
9.202312,0.556292,0.659228,-0.102937,0.330063,0.022625999999999924,0.02357592857142857,0.0009499285714286466
9.205796,0.572002,0.658461,-0.086459,0.345773,0.023392999999999997,0.024698071428571427,0.0013050714285714297
9.208985,0.590774,0.657694,-0.06692,0.364545,0.02415999999999996,0.02603892857142857,0.0018789285714286112
9.211792,0.600973,0.655777,-0.054804,0.37474399999999997,0.026076999999999906,0.02676742857142857,0.0006904285714286647
9.215339,0.621123,0.65501,-0.033887,0.39489399999999997,0.02684399999999998,0.028206714285714283,0.0013627142857143039
9.219811,0.6504,0.653859,-0.003459,0.42417099999999996,0.027994999999999992,0.03029792857142857,0.0023029285714285773
9.221153,0.664083,0.651175,0.012908,0.43785399999999997,0.030679000000000012,0.031275285714285714,0.000596285714285702
9.224633,0.689729,0.650408,0.039321,0.4635,0.031445999999999974,0.033107142857142856,0.0016611428571428818
9.227695,0.716778,0.648107,0.068671,0.490549,0.03374699999999997,0.035039214285714285,0.0012922142857143132
9.230995,0.741144,0.646573,0.094571,0.514915,0.03528100000000001,0.03677964285714286,0.0014986428571428512
9.233709,0.767614,0.645039,0.122575,0.541385,0.03681499999999993,0.038670357142857145,0.001855357142857214
9.236677,0.790181,0.642738,0.147443,0.563952,0.03911599999999993,0.040282285714285715,0.0011662857142857863
9.239724,0.817213,0.641587,0.175626,0.590984,0.04026699999999994,0.04221314285714285,0.0019461428571429101
9.242731,0.840125,0.640053,0.200071,0.613896,0.04180099999999998,0.043849714285714284,0.0020487142857143065
9.245704,0.865589,0.63852,0.22707,0.63936,0.043333999999999984,0.04566857142857143,0.0023345714285714497
9.248909,0.900979,0.636602,0.264377,0.67475,0.04525199999999996,0.04819642857142857,0.0029444285714286117
9.251665,0.917332,0.633918,0.283415,0.691103,0.04793599999999998,0.0493645,0.00142850000000002
9.25545,0.95398,0.632,0.32198,0.727751,0.049853999999999954,0.05198221428571429,0.0021282142857143374
9.259717,1.002107,0.628932,0.373175,0.7758780000000001,0.052921999999999914,0.055419857142857146,0.002497857142857232
9.261692,1.024645,0.626631,0.398014,0.798416,0.05522299999999991,0.05702971428571429,0.0018067142857143767
9.265108,1.060987,0.625097,0.43589,0.8347579999999999,0.056756999999999946,0.059625571428571424,0.0028685714285714772
9.267995,1.0947,0.622413,0.472287,0.868471,0.059440999999999966,0.06203364285714286,0.0025926428571428906
9.271075,1.130877,0.620495,0.510382,0.9046479999999999,0.06135899999999994,0.06461771428571428,0.003258714285714337
9.273928,1.161866,0.617044,0.544822,0.935637,0.06480999999999992,0.06683121428571429,0.0020212142857143622
9.276805,1.197942,0.615126,0.582815,0.971713,0.06672800000000001,0.06940807142857143,0.0026800714285714206
9.280137,1.234107,0.612058,0.622049,1.007878,0.06979599999999997,0.07199128571428572,0.002195285714285747
9.282712,1.271511,0.609374,0.662138,1.045282,0.07247999999999999,0.07466300000000001,0.0021830000000000183
9.286011,1.31312,0.607073,0.706047,1.086891,0.07478099999999999,0.07763507142857143,0.002854071428571442
9.290344,1.363471,0.603238,0.760234,1.137242,0.07861599999999991,0.08123157142857143,0.0026155714285715226
9.292009,1.393161,0.600553,0.792608,1.166932,0.08130099999999996,0.08335228571428573,0.0020512857142857693
9.295854,1.443976,0.599403,0.844573,1.217747,0.08245099999999994,0.08698192857142857,0.00453092857142863
9.299067,1.497296,0.594801,0.902495,1.271067,0.08705299999999994,0.0907905,0.0037375000000000602
9.301784,1.528636,0.591733,0.936903,1.302407,0.090121,0.09302907142857143,0.0029080714285714265
9.305412,1.581024,0.589049,0.991976,1.354795,0.09280499999999992,0.09677107142857143,0.003966071428571513
9.308306,1.625308,0.586748,1.03856,1.399079,0.09510599999999991,0.09993421428571428,0.004828214285714366
9.311304,1.671348,0.582146,1.089202,1.445119,0.09970799999999991,0.10322278571428571,0.0035147857142858036
9.314202,1.71418,0.579078,1.135103,1.487951,0.10277599999999998,0.10628221428571429,0.003506214285714307
9.317287,1.761974,0.57601,1.185965,1.535745,0.10584399999999994,0.10969607142857142,0.0038520714285714824
9.32074,1.8157,0.573325,1.242375,1.589471,0.10852899999999999,0.11353364285714286,0.005004642857142874
9.323109,1.856592,0.570257,1.286335,1.630363,0.11159699999999995,0.1164545,0.004857500000000056
9.326196,1.907156,0.567189,1.339966,1.680927,0.1146649999999999,0.12006621428571429,0.005401214285714384
9.32942,1.960436,0.56182,1.398616,1.734207,0.12003399999999997,0.12387192857142858,0.0038379285714286032
9.332078,2.004684,0.559519,1.445165,1.7784550000000001,0.12233499999999997,0.12703250000000002,0.004697500000000049
9.335535,2.063118,0.556068,1.50705,1.8368889999999998,0.12578599999999995,0.13120635714285714,0.005420357142857185
9.339712,2.136984,0.552617,1.584367,1.910755,0.12923699999999994,0.1364825,0.007245500000000071
9.34144,2.166261,0.549549,1.616713,1.940032,0.132305,0.13857371428571427,0.006268714285714266
9.344424,2.218914,0.544563,1.674351,1.9926849999999998,0.13729099999999994,0.14233464285714284,0.005043642857142899
9.347286,2.270135,0.541112,1.729024,2.043906,0.14074199999999992,0.1459932857142857,0.005251285714285764
9.350679,2.33235,0.53766,1.794689,2.106121,0.14419399999999993,0.15043721428571427,0.006243214285714338
9.35328,2.38229,0.534592,1.847698,2.156061,0.147262,0.15400435714285712,0.006742357142857119
9.356221,2.438418,0.531141,1.907277,2.212189,0.15071299999999999,0.1580135,0.007300500000000015
9.359536,2.500744,0.525772,1.974972,2.274515,0.15608199999999994,0.16246535714285715,0.0063833571428572045
9.36249,2.558739,0.521553,2.037185,2.33251,0.16030099999999992,0.16660785714285714,0.006306857142857225
9.365753,2.622769,0.518102,2.104667,2.39654,0.163752,0.17118142857142857,0.007429428571428559
9.36974,2.702338,0.514267,2.188071,2.476109,0.16758699999999993,0.17686492857142858,0.009277928571428645
9.371097,2.736521,0.508515,2.228006,2.510292,0.1733389999999999,0.17930657142857145,0.005967571428571544
9.374976,2.807452,0.504296,2.303155,2.581223,0.177558,0.18437307142857143,0.006815071428571434
9.379987,2.868842,0.500461,2.368381,2.642613,0.18139299999999992,0.18875807142857143,0.007365071428571512
9.381334,2.939245,0.496243,2.443002,2.713016,0.18561099999999997,0.19378685714285715,0.008175857142857179
9.384476,3.002325,0.49049,2.511835,2.776096,0.19136399999999998,0.19829257142857143,0.006928571428571451
9.387436,3.06909,0.486272,2.582818,2.842861,0.19558199999999998,0.2030615,0.007479500000000028
9.387436,3.06909,0.482437,2.586653,2.842861,0.19941699999999996,0.2030615,0.0036445000000000505
9.393872,3.19821,0.477835,2.720375,2.971981,0.20401899999999995,0.21228435714285715,0.0082653571428572
9.396079,3.263938,0.474,2.789938,3.037709,0.20785399999999998,0.2169792142857143,0.009125214285714306
9.39907,3.332871,0.470165,2.862706,3.106642,0.21168899999999996,0.221903,0.010214000000000029
9.401958,3.391402,0.463646,2.927756,3.165173,0.21820799999999996,0.2260837857142857,0.007875785714285738
9.405045,3.462326,0.459044,3.003282,3.236097,0.22280999999999995,0.2311497857142857,0.008339785714285758
9.409876,3.561299,0.453675,3.107624,3.33507,0.22817899999999997,0.23821928571428572,0.010040285714285752
9.411041,3.604811,0.450223,3.154588,3.378582,0.23163099999999998,0.24132728571428572,0.00969628571428574
9.414233,3.673917,0.446388,3.227529,3.447688,0.23546599999999995,0.24626342857142855,0.010797428571428597
9.417237,3.743851,0.439102,3.304749,3.517622,0.24275199999999997,0.2512587142857143,0.008506714285714312
9.420703,3.814305,0.4345,3.379805,3.588076,0.24735399999999996,0.2562911428571429,0.008937142857142921
9.42315,3.882911,0.429898,3.453012,3.656682,0.25195599999999996,0.2611915714285714,0.009235571428571454
9.426147,3.954223,0.424529,3.529694,3.727994,0.25732499999999997,0.2662852857142857,0.008960285714285754
9.42906,4.030523,0.419544,3.61098,3.8042939999999996,0.26231,0.2717352857142857,0.009425285714285692
9.43191,4.095889,0.415325,3.680564,3.8696599999999997,0.26652899999999996,0.2764042857142857,0.009875285714285753
9.43498,4.172147,0.409956,3.76219,3.945918,0.271898,0.2818512857142857,0.00995328571428572
9.439792,4.280561,0.40267,3.877891,4.054332,0.279184,0.28959514285714283,0.010411142857142841
9.441072,4.320281,0.397685,3.922596,4.094052,0.28416899999999995,0.2924322857142857,0.00826328571428575
9.444261,4.401577,0.39385,4.007727,4.175348,0.288004,0.2982391428571428,0.010235142857142832
9.447158,4.478275,0.388481,4.089794,4.252046,0.29337299999999994,0.3037175714285714,0.01034457142857148
9.450757,4.554768,0.382728,4.17204,4.328539,0.29912599999999995,0.30918135714285716,0.010055357142857213
9.452837,4.621391,0.377359,4.244032,4.395162,0.30449499999999996,0.31394014285714283,0.009445142857142874
9.455879,4.696042,0.370456,4.325586,4.469813,0.31139799999999995,0.3192723571428572,0.007874357142857225
9.459656,4.790761,0.365854,4.424907,4.564532,0.31599999999999995,0.326038,0.010038000000000047
9.462121,4.851851,0.360485,4.491366,4.625622,0.32136899999999996,0.3304015714285714,0.009032571428571445
9.465399,4.947832,0.3555,4.592332,4.721603,0.326354,0.33725735714285715,0.010903357142857173
9.469982,5.0531,0.347063,4.706037,4.826871,0.33479099999999995,0.3447765,0.009985500000000036
9.471395,5.103262,0.341694,4.761568,4.877033,0.34015999999999996,0.3483595,0.008199500000000026
9.474801,5.192937,0.337092,4.855845,4.966708,0.34476199999999996,0.3547648571428571,0.010002857142857147
9.479866,5.322195,0.329039,4.993156,5.095966,0.35281499999999993,0.3639975714285714,0.011182571428571486
9.481219,5.365937,0.324053,5.041884,5.139708,0.357801,0.367122,0.009321000000000024
9.484402,5.456962,0.318301,5.138661,5.230733,0.36355299999999996,0.3736237857142857,0.010070785714285768
9.487216,5.535999,0.312932,5.223067,5.30977,0.36892199999999997,0.37926928571428575,0.010347285714285781
9.491766,5.642364,0.30833,5.334034,5.416135,0.37352399999999997,0.3868667857142857,0.01334278571428571
9.49296,5.694166,0.299893,5.394273,5.467937,0.38196099999999994,0.39056692857142855,0.008605928571428612
9.496356,5.789162,0.294524,5.494638,5.562933,0.38732999999999995,0.39735235714285716,0.010022357142857208
9.499701,5.868754,0.288772,5.579982,5.642525,0.393082,0.4030375,0.009955500000000006
9.502176,5.951442,0.283403,5.66804,5.725213,0.39845099999999994,0.40894378571428575,0.010492785714285802
9.505476,6.040107,0.27535,5.764757,5.813878,0.406504,0.415277,0.00877300000000003
9.509621,6.152894,0.269597,5.883297,5.926665,0.412257,0.4233332142857143,0.011076214285714314
9.511221,6.212638,0.263845,5.948794,5.986409,0.41800899999999996,0.4276006428571429,0.009591642857142924
9.514699,6.306784,0.259243,6.047541,6.080555,0.42261099999999996,0.4343253571428572,0.011714357142857235
9.517674,6.388843,0.25349,6.135352,6.162614,0.42836399999999997,0.44018671428571426,0.011822714285714297
9.520888,6.478823,0.246971,6.231852,6.252594,0.43488299999999996,0.4466138571428572,0.01173085714285721
9.523624,6.558578,0.238151,6.320427,6.332349,0.44370299999999996,0.45231064285714284,0.008607642857142883
9.526536,6.648187,0.233549,6.414639,6.421958,0.44830499999999995,0.4587112857142857,0.010406285714285757
9.529928,6.743574,0.227029,6.516545,6.517345,0.4548249999999999,0.46552464285714285,0.010699642857142921
9.532527,6.823881,0.22051,6.603371,6.597652,0.461344,0.47126085714285715,0.009916857142857172
9.536119,6.923493,0.211689,6.711804,6.697264,0.47016499999999994,0.47837599999999997,0.008211000000000024
9.539509,7.019483,0.206704,6.812779,6.793254,0.47514999999999996,0.48523242857142856,0.010082428571428603
9.542247,7.109108,0.200184,6.908924,6.882879,0.48166999999999993,0.4916342142857143,0.009964214285714368
9.545396,7.200971,0.194049,7.006922,6.974742,0.48780499999999993,0.49819585714285713,0.010390857142857202
9.549849,7.320142,0.184845,7.135297,7.093913,0.4970089999999999,0.5067080714285714,0.009699071428571515
9.552011,7.398972,0.175641,7.223331,7.172743,0.506213,0.5123387857142857,0.006125785714285681
9.555542,7.503725,0.170655,7.33307,7.277496,0.511199,0.5198211428571429,0.008622142857142912
9.559603,7.620266,0.164519,7.455747,7.394037,0.517335,0.5281455,0.010810500000000056
9.562023,7.692498,0.158767,7.533731,7.466269,0.523087,0.5333049285714285,0.010217928571428558
9.564837,7.785511,0.153015,7.632497,7.559282,0.528839,0.5399487142857142,0.011109714285714278
9.567709,7.873274,0.144961,7.728313,7.647045,0.536893,0.5462175,0.009324500000000069
9.57096,7.970866,0.138442,7.832424,7.744637,0.543412,0.5531883571428572,0.009776357142857184
9.573686,8.050698,0.131922,7.918776,7.824469000000001,0.549932,0.5588906428571428,0.008958642857142873
9.576692,8.145911,0.12617,8.019741,7.919682,0.555684,0.5656915714285714,0.010007571428571449
9.579975,8.240675,0.120417,8.120258,8.014446,0.561437,0.5724604285714285,0.011023428571428573
9.582616,8.324574,0.11083,8.213744,8.098345,0.571024,0.5784532142857143,0.007429214285714303
9.586243,8.43253,0.104694,8.327836,8.206301,0.57716,0.5861643571428571,0.009004357142857078
9.590362,8.531659,0.099325,8.432334,8.30543,0.582529,0.5932449999999999,0.010715999999999948
9.592521,8.626877,0.090888,8.535988,8.400648,0.590966,0.6000462857142858,0.009080285714285763
9.595458,8.719258,0.084752,8.634505,8.493029,0.597102,0.6066449285714286,0.009542928571428577
9.600156,8.838017,0.07785,8.760167,8.611788,0.604004,0.6151277142857143,0.011123714285714348
9.601303,8.899479,0.072097,8.827382,8.67325,0.609757,0.6195178571428571,0.009760857142857127
9.604545,8.996087,0.066345,8.929743,8.769858,0.615509,0.6264184285714285,0.010909428571428514
9.607382,9.084503,0.059442,9.025061,8.858274,0.622412,0.6327338571428571,0.01032185714285716
9.610871,9.180896,0.050621,9.130275,8.954667,0.6312329999999999,0.6396190714285714,0.008386071428571507
9.61321,9.266008,0.044869,9.221139,9.039779,0.6369849999999999,0.6456985,0.00871350000000004
9.616522,9.361892,0.039117,9.322776,9.135663,0.642737,0.652547357142857,0.009810357142857051
9.619738,9.459427,0.032597,9.42683,9.233198,0.649257,0.6595141428571428,0.010257142857142854
9.622498,9.551831,0.026461,9.52537,9.325602,0.655393,0.6661144285714286,0.010721428571428548
9.625541,9.644724,0.017257,9.627467,9.418495,0.664597,0.6727496428571429,0.0081526428571429
9.629776,9.765971,0.010738,9.755233,9.539742,0.6711159999999999,0.6814101428571429,0.010294142857142918
9.631938,9.836144,0.004602,9.831542,9.609915,0.677252,0.6864225,0.009170500000000081
9.634994,9.937768,4.223433,5.714335,9.711539,-3.541579,0.6936813571428572,4.235260357142857
9.640058,10.03136,6.098724,3.932635,9.805131,-5.416869999999999,0.7003665,6.1172365
9.641236,10.127985,6.26171,3.866276,9.901756,-5.5798559999999995,0.7072682857142858,6.2871242857142855
9.644428,10.233993,6.258642,3.975351,10.007764,-5.5767880000000005,0.7148402857142857,6.291628285714286
9.64756,10.33066,6.253273,4.077387,10.104431,-5.571419000000001,0.7217450714285715,6.293164071428572
9.650851,10.432115,6.247137,4.184978,10.205886,-5.565283000000001,0.7289918571428571,6.294274857142858
9.653395,10.513272,6.237549,4.275723,10.287043,-5.555695,0.7347887857142857,6.290483785714286
9.656456,10.606833,6.23103,4.375803,10.380604,-5.549175999999999,0.7414717142857142,6.290647714285713
9.659795,10.700845,6.224511,4.476335,10.474616,-5.542657,0.748186857142857,6.290843857142857
9.662528,10.803247,6.21569,4.587557,10.577018,-5.533836000000001,0.7555012857142858,6.289337285714287
9.666289,10.899844,6.209554,4.69029,10.673615,-5.527699999999999,0.7624010714285714,6.290101071428571
9.669313,11.000825,6.202651,4.798174,10.774596,-5.520797,0.769614,6.290411
9.672099,11.098317,6.193447,4.90487,10.872088,-5.5115929999999995,0.7765777142857143,6.288170714285714
9.675397,11.198714,6.187695,5.011019,10.972485,-5.505841,0.7837489285714286,6.289589928571429
9.679902,11.323193,6.180792,5.142401,11.096964,-5.498938000000001,0.7926402857142857,6.291578285714286
9.681861,11.392943,6.174656,5.218287,11.166714,-5.492801999999999,0.7976224285714286,6.290424428571428
9.684721,11.489375,6.169287,5.320087,11.263146,-5.487432999999999,0.8045104285714286,6.291943428571428
9.687726,11.582126,6.160083,5.422043,11.355897,-5.478229000000001,0.8111355,6.2893645000000005
9.69085,11.673594,6.15318,5.520413,11.447365,-5.4713259999999995,0.8176689285714286,6.288994928571428
9.69418,11.77731,6.146661,5.630649,11.551081,-5.464807,0.8250772142857142,6.289884214285714
9.697317,11.873275,6.137841,5.735434,11.647046,-5.455987,0.8319318571428571,6.2879188571428575
9.700872,11.972954,6.131321,5.841633,11.746725,-5.449467,0.8390517857142857,6.288518785714286
9.703753,12.061167,6.125185,5.935981,11.834938,-5.443331000000001,0.8453527142857142,6.288683714285715
9.706749,12.152289,6.118666,6.033623,11.92606,-5.436812,0.8518614285714285,6.288673428571428
9.710135,12.247342,6.109462,6.13788,12.021113,-5.427607999999999,0.8586509285714286,6.286258928571428
9.712974,12.342295,6.10371,6.238585,12.116066,-5.421856,0.8654332857142857,6.2872892857142855
9.716657,12.448557,6.097574,6.350983,12.222328,-5.41572,0.8730234285714286,6.288743428571429
9.719832,12.543273,6.091054,6.452218,12.317044,-5.4092,0.879788857142857,6.288988857142857
9.722462,12.630705,6.08185,6.548855,12.404476,-5.399996,0.8860340000000001,6.28603
9.725825,12.732094,6.076098,6.655997,12.505865,-5.3942440000000005,0.8932760714285715,6.287520071428572
9.729008,12.848006,6.069578,6.778427,12.621777,-5.387724,0.9015555,6.2892795
9.73179,12.911993,6.060758,6.851235,12.685764,-5.378904,0.9061260000000001,6.285030000000001
9.73515,13.009649,6.055389,6.95426,12.78342,-5.373535,0.9131014285714285,6.286636428571429
9.739752,13.147646,6.049637,7.098009,12.921417,-5.367782999999999,0.9229583571428571,6.290741357142856
9.741203,13.199602,6.043501,7.156101,12.973373,-5.361647,0.9266695,6.2883165
9.744822,13.296066,6.033146,7.26292,13.069837,-5.351292000000001,0.9335597857142857,6.284851785714286
9.747648,13.38169,6.027778,7.353913,13.155461,-5.345924,0.9396757857142858,6.285599785714286
9.751135,13.483558,6.021642,7.461916,13.257329,-5.339788,0.9469520714285714,6.2867400714285715
9.753856,13.564487,6.015506,7.548982,13.338258,-5.333652000000001,0.9527327142857143,6.286384714285715
9.7569,13.656845,6.008986,7.647859,13.430616,-5.327132000000001,0.9593297142857143,6.286461714285715
9.759921,13.737147,6.00285,7.734297,13.510918,-5.320995999999999,0.9650655714285714,6.28606157142857
9.761826,13.82092,5.994413,7.826506,13.594691,-5.312559,0.9710493571428571,6.283608357142858
9.765578,13.904397,5.988661,7.915736,13.678168,-5.306806999999999,0.977012,6.283818999999999
9.76889,14.026502,5.981758,8.044744,13.800273,-5.299904,0.9857337857142857,6.285637785714285
9.771584,14.080224,5.976773,8.103451,13.853995,-5.294919,0.9895710714285714,6.284490071428571
9.774948,14.177786,5.967569,8.210217,13.951557,-5.285715,0.9965397857142857,6.282254785714286
9.779737,14.311698,5.961816,8.349881,14.085469,-5.279961999999999,1.0061049285714285,6.286066928571428
9.781323,14.357418,5.956064,8.401354,14.131189,-5.27421,1.0093706428571427,6.283580642857142
9.784612,14.446589,5.950695,8.495894,14.22036,-5.268841,1.0157399999999999,6.284581
9.787444,14.529174,5.942642,8.586532,14.302945,-5.260788,1.0216389285714285,6.282426928571429
9.787444,14.529174,5.936889,8.592285,14.302945,-5.2550349999999995,1.0216389285714285,6.276673928571428
9.793817,14.703646,5.931137,8.77251,14.477417,-5.249283,1.0341012142857144,6.283384214285714
9.796559,14.789795,5.926151,8.863644,14.563566,-5.2442969999999995,1.0402547142857144,6.284551714285714
9.799704,14.877957,5.917714,8.960242,14.651728,-5.235860000000001,1.046552,6.282412000000001
9.802388,14.950508,5.912345,9.038162,14.724279,-5.230491000000001,1.0517342142857142,6.282225214285715
9.805423,15.030519,5.90621,9.124309,14.80429,-5.224356,1.0574492857142856,6.281805285714286
9.809967,15.139279,5.901224,9.238055,14.91305,-5.21937,1.0652178571428572,6.284587857142856
9.811155,15.189732,5.895472,9.294261,14.963503,-5.213618,1.0688216428571429,6.282439642857144
9.814549,15.27681,5.890103,9.386707,15.050581,-5.208249,1.0750415,6.2832905000000006
9.817607,15.358855,5.881666,9.477189,15.132626,-5.199812,1.0809018571428572,6.280713857142857
9.820875,15.44224,5.87668,9.56556,15.216011,-5.194826000000001,1.0868579285714286,6.28168392857143
9.82379,15.521327,5.871311,9.650015,15.295098,-5.189457000000001,1.092507,6.281964
9.826879,15.601669,5.865176,9.736494,15.37544,-5.183322,1.0982457142857143,6.281567714285715
9.830765,15.689151,5.857122,9.832029,15.462922,-5.175268000000001,1.1044944285714287,6.27976242857143
9.833129,15.764153,5.85252,9.911633,15.537924,-5.170666000000001,1.1098517142857143,6.280517714285715
9.836462,15.845974,5.847535,9.998439,15.619745,-5.165680999999999,1.1156960714285715,6.281377071428571
9.839762,15.925823,5.838714,10.087109,15.699594,-5.15686,1.1213995714285714,6.278259571428571
9.84303,16.0046,5.834112,10.170487,15.778371,-5.152258,1.1270265,6.279284499999999
9.84623,16.094771,5.826443,10.268328,15.868542000000001,-5.144589,1.1334672857142858,6.278056285714285
9.849655,16.173345,5.821841,10.351505,15.947116000000001,-5.139987,1.1390797142857143,6.2790667142857135
9.852685,16.253551,5.815705,10.437846,16.027322,-5.133851,1.1448087142857144,6.278659714285714
9.855939,16.326737,5.810336,10.516402,16.100508,-5.128482,1.1500362857142858,6.278518285714286
9.859788,16.418641,5.805734,10.612908,16.192412,-5.12388,1.1566008571428572,6.280480857142857
9.861316,16.462922,5.801132,10.66179,16.236693,-5.1192779999999996,1.1597637857142857,6.279041785714285
9.864364,16.538437,5.795379,10.743058,16.312208,-5.113524999999999,1.1651577142857141,6.278682714285713
9.867234,16.606973,5.788477,10.818497,16.380744,-5.106623000000001,1.1700531428571428,6.276676142857143
9.870751,16.682946,5.784642,10.898304,16.456717,-5.102788,1.1754797857142858,6.278267785714286
9.873206,16.747327,5.779273,10.968054,16.521098,-5.097419,1.1800784285714285,6.277497428571429
9.87608,16.813701,5.774671,11.039031,16.587471999999998,-5.092817,1.1848194285714284,6.277636428571428
9.878982,16.883124,5.770452,11.112672,16.656895,-5.088597999999999,1.1897782142857143,6.278376214285713
9.881745,16.945236,5.765083,11.180152,16.719007,-5.083228999999999,1.1942147857142857,6.277443785714285
9.884809,17.010421,5.760865,11.249556,16.784192,-5.0790109999999995,1.1988708571428572,6.277881857142857
9.887667,17.078136,5.756263,11.321873,16.851907,-5.074408999999999,1.203707642857143,6.278116642857142
9.890835,17.143928,5.751661,11.392267,16.917699,-5.069807000000001,1.2084070714285713,6.278214071428572
9.893428,17.204414,5.747059,11.457355,16.978185,-5.065205000000001,1.2127275,6.2779325
9.896291,17.266738,5.74054,11.526198,17.040509,-5.058686,1.2171792142857143,6.275865214285714
9.899353,17.327131,5.735938,11.591193,17.100902,-5.054084,1.2214930000000002,6.275577
9.901933,17.388086,5.731719,11.656366,17.161857,-5.0498650000000005,1.2258469285714286,6.275711928571429
9.90527,17.456369,5.727501,11.728868,17.23014,-5.045647000000001,1.2307242857142857,6.276371285714286
9.908016,17.515229,5.723666,11.791564,17.289,-5.041812,1.2349285714285716,6.276740571428572
9.910983,17.577499,5.719447,11.858052,17.35127,-5.037592999999999,1.2393764285714286,6.276969428571428
9.913861,17.636245,5.714845,11.921399,17.410016,-5.032991000000001,1.2435725714285712,6.276563571428572
9.917003,17.697854,5.708326,11.989528,17.471625,-5.026472,1.2479732142857143,6.274445214285715
9.920827,17.76907,5.704491,12.064579,17.542841,-5.022637,1.2530600714285713,6.275697071428571
9.923538,17.824506,5.700273,12.124234,17.598277,-5.018419,1.2570197857142857,6.275438785714286
9.926194,17.880607,5.696438,12.18417,17.654378,-5.014583999999999,1.2610270000000001,6.275611
9.929619,17.942801,5.690685,12.252116,17.716572,-5.008831000000001,1.2654694285714285,6.274300428571429
9.932667,18.004893,5.68685,12.318042,17.778664,-5.004996,1.2699045714285713,6.274900571428572
9.935836,18.064099,5.682632,12.381468,17.83787,-5.000778,1.2741335714285713,6.2749115714285715
9.938963,18.126949,5.677263,12.449686,17.90072,-4.995409,1.278622857142857,6.274031857142857
9.94199,18.179605,5.673428,12.506177,17.953376,-4.991574,1.282384,6.273958
9.945159,18.235967,5.669976,12.56599,18.009738,-4.988122000000001,1.286409857142857,6.274531857142858
9.949753,18.312938,5.666142,12.646797,18.086709,-4.984287999999999,1.2919077857142856,6.276195785714285
9.950938,18.346242,5.661923,12.684319,18.120013,-4.980069,1.294286642857143,6.274355642857143
9.954047,18.396369,5.659239,12.737131,18.17014,-4.977385,1.2978671428571429,6.275252142857143
9.956888,18.443704,5.65502,12.788684,18.217475,-4.973166000000001,1.3012482142857142,6.274414214285715
9.959987,18.49532,5.650035,12.845285,18.269091,-4.9681809999999995,1.3049350714285715,6.273116071428571
9.962574,18.539144,5.646583,12.89256,18.312915,-4.964729,1.308065357142857,6.272794357142857
9.965744,18.590993,5.643132,12.947861,18.364764,-4.961278,1.3117688571428572,6.273046857142857
9.969066,18.646486,5.638913,13.007573,18.420257,-4.957058999999999,1.3157326428571428,6.2727916428571415
9.971874,18.689869,5.636229,13.05364,18.46364,-4.954375000000001,1.3188314285714287,6.273206428571429
9.974981,18.737426,5.630476,13.106949,18.511197,-4.948622,1.322228357142857,6.270850357142857
9.979755,18.80393,5.628176,13.175755,18.577701,-4.946322,1.3269786428571428,6.273300642857143
9.981311,18.832483,5.625491,13.206992,18.606254,-4.943637000000001,1.3290181428571428,6.272655142857143
9.984552,18.881802,5.621656,13.260146,18.655573,-4.939802,1.3325409285714287,6.272342928571429
9.98776,18.923334,5.617821,13.305513,18.697105,-4.935967,1.3355075,6.2714745
9.990881,18.967554,5.613219,13.354335,18.741325,-4.9313649999999996,1.3386660714285714,6.270031071428571
9.994833,19.020279,5.610918,13.40936,18.79405,-4.929064,1.3424321428571429,6.271496142857143
9.999782,19.06604,5.60785,13.45819,18.839811,-4.925996,1.3457007857142858,6.271696785714285
10.001116,19.109414,5.603248,13.506166,18.883185,-4.921393999999999,1.3487989285714286,6.2701929285714275
10.004481,19.153766,5.600564,13.553203,18.927537,-4.918710000000001,1.3519669285714286,6.270676928571429
10.007368,19.189878,5.598646,13.591232,18.963649,-4.916791999999999,1.354546357142857,6.271338357142856
10.010713,19.228242,5.595578,13.632664,19.002013,-4.913724,1.357286642857143,6.271010642857143
10.013255,19.259324,5.593277,13.666046,19.033095,-4.911422999999999,1.3595067857142857,6.270929785714285
10.016116,19.29467,5.590976,13.703693,19.068441,-4.909122,1.3620315,6.2711535000000005
10.019285,19.3387,5.588292,13.750408,19.112471,-4.906438,1.3651765,6.2716145
10.022196,19.368137,5.584841,13.783297,19.141908,-4.9029869999999995,1.367279142857143,6.2702661428571425
10.025545,19.404229,5.582156,13.822073,19.178,-4.900302,1.3698571428571429,6.270159142857143
10.029838,19.448977,5.579088,13.869889,19.222748,-4.897233999999999,1.3730534285714284,6.270287428571428
10.031539,19.47096,5.576787,13.894173,19.244731,-4.894933,1.374623642857143,6.269556642857143
10.035303,19.50635,5.574486,13.931864,19.280121,-4.892632000000001,1.3771515,6.269783500000001
10.039884,19.55207,5.572569,13.979501,19.325841,-4.890715,1.3804172142857143,6.271132214285714
10.041354,19.571402,5.568734,14.002668,19.345173,-4.88688,1.3817980714285714,6.268678071428571
10.044973,19.602523,5.5672,14.035323,19.376294,-4.885346,1.3840210000000002,6.269367000000001
10.047947,19.630575,5.564899,14.065677,19.404346,-4.883044999999999,1.3860247142857143,6.269069714285713
10.051129,19.655282,5.563748,14.091534,19.429053,-4.881894000000001,1.3877895,6.269683500000001
10.053858,19.676473,5.561447,14.115026,19.450244,-4.879593,1.389303142857143,6.268896142857143
10.056898,19.700756,5.560297,14.14046,19.474527,-4.878443000000001,1.3910376428571427,6.269480642857143
10.060069,19.72576,5.558379,14.167381,19.499531,-4.876525000000001,1.392823642857143,6.269348642857144
10.063008,19.745613,5.557229,14.188385,19.519384,-4.875375,1.3942417142857142,6.269616714285714
10.066254,19.770135,5.554928,14.215207,19.543906,-4.873074000000001,1.3959932857142856,6.269067285714287
10.069762,19.793666,5.553777,14.239888,19.567437,-4.871923000000001,1.3976740714285716,6.2695970714285725
10.072516,19.816004,5.55186,14.264144,19.589775,-4.870006,1.3992696428571427,6.269275642857143
10.075755,19.839794,5.550326,14.289468,19.613565,-4.868472000000001,1.4009689285714286,6.269440928571429
10.079687,19.863651,5.548409,14.315242,19.637422,-4.866555,1.402673,6.269228
10.081427,19.874156,5.547642,14.326515,19.647927,-4.865788,1.4034233571428572,6.269211357142858
10.08528,19.89251,5.546491,14.346019,19.666281,-4.864637,1.4047343571428572,6.269371357142857
10.088295,19.906045,5.544957,14.361088,19.679816,-4.863103000000001,1.4057011428571429,6.268804142857143
10.091324,19.922781,5.543807,14.378974,19.696552,-4.861953,1.4068965714285715,6.2688495714285715
10.094167,19.93515,5.542656,14.392494,19.708921,-4.860802,1.4077800714285715,6.268582071428571
10.097344,19.949925,5.541506,14.408419,19.723696,-4.8596520000000005,1.4088354285714286,6.268487428571429
10.100739,19.962192,5.541122,14.42107,19.735963,-4.859268,1.409711642857143,6.268979642857143
10.103192,19.971221,5.539972,14.431249,19.744992,-4.858117999999999,1.4103565714285715,6.268474571428571
10.106109,19.976681,5.539588,14.437093,19.750452,-4.857734000000001,1.4107465714285714,6.268480571428572
10.109215,19.986134,5.538821,14.447313,19.759905,-4.856967000000001,1.4114217857142857,6.268388785714286
10.112077,19.992112,5.538054,14.454058,19.765883,-4.856199999999999,1.4118487857142856,6.268048785714285
10.115576,19.9981,5.538054,14.460046,19.771871,-4.856199999999999,1.4122765000000002,6.268476499999999
10.119801,20.007598,5.537671,14.469927,19.781369,-4.855817,1.4129549285714287,6.268771928571429
10.121139,20.011901,5.536904,14.474998,19.785672,-4.85505,1.4132622857142858,6.268312285714286
10.124776,20.016944,5.536904,14.48004,19.790715,-4.85505,1.4136225,6.2686725
10.127807,20.020687,5.53652,14.484167,19.794458,-4.854666,1.413889857142857,6.268555857142857
10.130893,20.023722,5.535753,14.487969,19.797493,-4.853899,1.4141066428571427,6.268005642857143
10.133733,20.027812,5.535753,14.492059,19.801583,-4.853899,1.4143987857142857,6.268297785714286
10.136873,20.03356,5.535753,14.497807,19.807331,-4.853899,1.4148093571428573,6.268708357142858
10.140049,20.038129,5.53537,14.502759,19.8119,-4.853516000000001,1.4151357142857144,6.268651714285715
10.143084,20.039548,5.53537,14.504178,19.813319,-4.853516000000001,1.4152370714285714,6.268753071428572
10.146084,20.038763,5.53537,14.503393,19.812534,-4.853516000000001,1.415181,6.268697000000001
10.149244,20.035603,5.535753,14.49985,19.809374,-4.853899,1.4149552857142855,6.268854285714285
10.15257,20.033274,5.53537,14.497904,19.807045,-4.853516000000001,1.4147889285714286,6.268304928571429
10.156364,20.032406,5.534986,14.49742,19.806177,-4.8531320000000004,1.4147269285714288,6.267858928571429
10.159794,20.032185,5.534986,14.497199,19.805956,-4.8531320000000004,1.4147111428571428,6.267843142857143
10.16248,20.031627,5.535753,14.495874,19.805398,-4.853899,1.4146712857142858,6.268570285714286
10.165677,20.029493,5.535753,14.49374,19.803264,-4.853899,1.414518857142857,6.2684178571428575
10.169871,20.024795,5.536137,14.488658,19.798566,-4.854283000000001,1.4141832857142858,6.268466285714286
10.171333,20.021803,5.53652,14.485283,19.795574,-4.854666,1.4139695714285714,6.268635571428572
10.175209,20.017263,5.53652,14.480743,19.791034,-4.854666,1.4136452857142856,6.268311285714286
10.179653,20.001538,5.537671,14.463867,19.775309,-4.855817,1.4125220714285713,6.268339071428572
10.181411,19.995341,5.538054,14.457287,19.769112,-4.856199999999999,1.4120794285714287,6.268279428571428
10.184859,19.982699,5.539205,14.443494,19.75647,-4.8573509999999995,1.4111764285714286,6.268527428571428
10.187742,19.969399,5.539972,14.429428,19.74317,-4.858117999999999,1.4102264285714285,6.268344428571428
10.190805,19.957554,5.541506,14.416049,19.731325,-4.8596520000000005,1.409380357142857,6.269032357142858
10.193671,19.944552,5.542273,14.402279,19.718323,-4.860419,1.408451642857143,6.268870642857143
10.196887,19.933268,5.54304,14.390229,19.707039,-4.861186,1.4076456428571429,6.268831642857143
10.200101,19.919737,5.54419,14.375547,19.693508,-4.862336000000001,1.406679142857143,6.269015142857144
10.202969,19.906633,5.545341,14.361293,19.680404,-4.863486999999999,1.4057431428571427,6.2692301428571415
10.206568,19.892243,5.546108,14.346136,19.666014,-4.864254000000001,1.4047152857142857,6.268969285714286
10.209793,19.877701,5.546491,14.33121,19.651472,-4.864637,1.4036765714285713,6.268313571428571
10.212541,19.863646,5.548409,14.315238,19.637417,-4.866555,1.4026726428571428,6.2692276428571425
10.215734,19.842151,5.550326,14.291825,19.615922,-4.868472000000001,1.4011372857142859,6.269609285714287
10.218946,19.812773,5.551476,14.261297,19.586544,-4.869622,1.3990388571428571,6.268660857142857
10.221645,19.794994,5.553394,14.2416,19.568765,-4.8715399999999995,1.3977689285714285,6.269308928571428
10.225001,19.770118,5.554928,14.21519,19.543889,-4.873074000000001,1.3959920714285714,6.269066071428572
10.227824,19.746418,5.556845,14.189572,19.520189,-4.874991,1.3942992142857142,6.269290214285714
10.23113,19.721925,5.558379,14.163546,19.495696,-4.876525000000001,1.3925497142857142,6.269074714285715
10.233914,19.700604,5.559913,14.14069,19.474375,-4.878059,1.3910267857142855,6.269085785714286
10.236934,19.676689,5.562214,14.114475,19.45046,-4.88036,1.3893185714285714,6.269678571428571
10.24004,19.65003,5.563748,14.086282,19.423801,-4.881894000000001,1.3874143571428572,6.269308357142858
10.242992,19.62711,5.566049,14.061061,19.400881,-4.884195,1.385777214285714,6.269972214285714
10.246243,19.595844,5.567967,14.027877,19.369615,-4.886113,1.3835439285714286,6.269656928571429
10.24974,19.564348,5.570268,13.99408,19.338119,-4.888414000000001,1.3812942142857143,6.269708214285715
10.252285,19.534742,5.572569,13.962173,19.308513,-4.890715,1.3791795,6.2698945
10.255462,19.502723,5.57602,13.926703,19.276494,-4.894166,1.3768924285714286,6.271058428571429
10.259627,19.459947,5.577554,13.882393,19.233718,-4.8957,1.373837,6.269537
10.261165,19.441701,5.579472,13.862229,19.215472,-4.897618,1.3725337142857141,6.2701517142857135
10.265092,19.40622,5.581389,13.824831,19.179991,-4.899535,1.3699993571428573,6.269534357142858
10.269873,19.372817,5.585608,13.78721,19.146588,-4.903753999999999,1.3676134285714288,6.271367428571428
10.271075,19.334671,5.588676,13.745996,19.108442,-4.906822,1.3648887142857142,6.271710714285714
10.27412,19.297917,5.59136,13.706557,19.071688,-4.909506,1.3622634285714288,6.271769428571429
10.277185,19.258275,5.593277,13.664997,19.032046,-4.911422999999999,1.3594318571428572,6.270854857142856
10.280171,19.222195,5.595962,13.626233,18.995966,-4.914108000000001,1.3568547142857141,6.270962714285715
10.282972,19.189057,5.599797,13.58926,18.962828,-4.917942999999999,1.3544877142857141,6.272430714285713
10.286293,19.149533,5.602865,13.546668,18.923304,-4.921011,1.3516645714285715,6.272675571428572
10.289569,19.105412,5.605549,13.499862,18.879183,-4.923695,1.3485130714285716,6.272208071428572
10.292097,19.067162,5.609768,13.457395,18.840933,-4.9279139999999995,1.3457809285714286,6.2736949285714285
10.295746,19.016128,5.612452,13.403675,18.789899,-4.930598,1.3421356428571427,6.272733642857142
10.299107,18.961652,5.615137,13.346515,18.735423,-4.933282999999999,1.3382445,6.2715274999999995
10.301712,18.934929,5.618205,13.316724,18.7087,-4.936351,1.3363357142857144,6.272686714285714
10.305057,18.887988,5.620506,13.267482,18.661759,-4.938651999999999,1.3329827857142857,6.271634785714285
10.308016,18.841525,5.625875,13.21565,18.615296,-4.944020999999999,1.329664,6.2736849999999995
10.311361,18.789452,5.629326,13.160126,18.563223,-4.947471999999999,1.3259445,6.2734165
10.313933,18.748948,5.63201,13.116938,18.522719,-4.950156,1.323051357142857,6.273207357142857
10.316897,18.705663,5.636229,13.069434,18.479434,-4.954375000000001,1.3199595714285715,6.274334571428572
10.319974,18.659968,5.639297,13.020672,18.433739,-4.957443,1.3166956428571428,6.274138642857142
10.322612,18.612538,5.644282,12.968256,18.386309,-4.962427999999999,1.3133077857142859,6.275735785714285
10.326213,18.551779,5.648117,12.903662,18.32555,-4.966263,1.3089678571428571,6.275230857142857
10.329889,18.497714,5.652719,12.844995,18.271485,-4.970865,1.3051060714285714,6.275971071428572
10.333034,18.438747,5.656171,12.782577,18.212518,-4.974316999999999,1.3008941428571428,6.275211142857142
10.336259,18.382712,5.660773,12.721939,18.156483,-4.978918999999999,1.2968916428571429,6.2758106428571425
10.339314,18.325901,5.663457,12.662444,18.099672,-4.981603,1.2928337142857145,6.274436714285715
10.342149,18.27967,5.667292,12.612378,18.053441,-4.985438,1.2895315,6.2749695
10.345164,18.222776,5.671127,12.551649,17.996547,-4.989273000000001,1.2854676428571428,6.274740642857143
10.348053,18.172019,5.674962,12.497057,17.94579,-4.993107999999999,1.2818421428571427,6.274950142857142
10.350897,18.119108,5.680331,12.438778,17.892879,-4.998476999999999,1.2780627857142857,6.276539785714285
10.353809,18.065774,5.684549,12.381225,17.839545,-5.002694999999999,1.2742532142857144,6.276948214285714
10.356973,18.00693,5.688384,12.318546,17.780701,-5.00653,1.2700500714285714,6.276580071428571
10.360115,17.940972,5.691836,12.249136,17.714743,-5.009982000000001,1.2653387857142857,6.275320785714286
10.363122,17.884781,5.697588,12.187193,17.658552,-5.015734,1.2613251428571428,6.2770591428571425
10.36609,17.826144,5.70219,12.123953,17.599915,-5.020336,1.2571367857142857,6.277472785714286
10.369346,17.758427,5.706409,12.052018,17.532198,-5.024554999999999,1.2522998571428572,6.276854857142856
10.372102,17.703744,5.70986,11.993884,17.477515,-5.0280059999999995,1.2483939285714285,6.276399928571428
10.375466,17.636194,5.715996,11.920198,17.409965,-5.034141999999999,1.2435689285714286,6.277710928571428
10.379913,17.549088,5.720214,11.828873,17.322859,-5.038360000000001,1.2373470714285715,6.275707071428572
10.382149,17.496535,5.726734,11.769802,17.270306,-5.044880000000001,1.2335932857142857,6.278473285714287
10.385555,17.427286,5.730952,11.696334,17.201057,-5.049098000000001,1.2286469285714285,6.27774492857143
10.388382,17.367671,5.734787,11.632883,17.141442,-5.0529329999999995,1.2243887142857144,6.277321714285714
10.39142,17.297635,5.740156,11.557479,17.071406,-5.058301999999999,1.2193861428571429,6.2776881428571425
10.394724,17.22815,5.744758,11.483392,17.001921,-5.062904,1.2144229285714285,6.277326928571428
10.397661,17.16508,5.751277,11.413803,16.938851,-5.0694230000000005,1.2099179285714285,6.279340928571429
10.400868,17.093,5.755879,11.33712,16.866771,-5.074025000000001,1.204769357142857,6.278794357142858
10.403818,17.028794,5.760098,11.268696,16.802565,-5.078244,1.2001832142857143,6.278427214285714
10.406723,16.960199,5.76585,11.194349,16.73397,-5.083996000000001,1.1952835714285714,6.279279571428573
10.409931,16.894993,5.769685,11.125308,16.668764,-5.0878309999999995,1.190626,6.2784569999999995
10.4125,16.829013,5.775054,11.053958,16.602784,-5.0931999999999995,1.1859131428571428,6.279113142857142
10.415853,16.752601,5.781574,10.971028,16.526372,-5.09972,1.1804551428571428,6.280175142857143
10.418906,16.659682,5.786559,10.873122,16.433453,-5.104704999999999,1.1738180714285715,6.2785230714285705
10.422163,16.600484,5.793845,10.806638,16.374255,-5.111991,1.169589642857143,6.281580642857143
10.425441,16.522862,5.798447,10.724415,16.296633,-5.116593,1.1640452142857143,6.280638214285714
10.429824,16.420153,5.803433,10.61672,16.193924,-5.1215790000000005,1.156708857142857,6.278287857142858
10.430971,16.374388,5.808035,10.566353,16.148159,-5.126181000000001,1.1534399285714285,6.279620928571429
10.434669,16.300538,5.813787,10.486751,16.074309,-5.131933,1.1481649285714286,6.280097928571429
10.43757,16.227959,5.819156,10.408803,16.00173,-5.137302,1.1429807142857142,6.280282714285715
10.440727,16.153339,5.824142,10.329197,15.927109999999999,-5.142288000000001,1.1376507142857142,6.279938714285715
10.443214,16.086901,5.831811,10.25509,15.860672000000001,-5.149957000000001,1.1329051428571428,6.282862142857144
10.446289,16.011889,5.836413,10.175476,15.78566,-5.154559000000001,1.1275471428571429,6.282106142857144
10.449467,15.925928,5.842166,10.083762,15.699699,-5.160311999999999,1.1214070714285715,6.2817190714285704
10.452296,15.858266,5.847535,10.010732,15.632037,-5.165680999999999,1.1165740714285715,6.282255071428571
10.455483,15.774727,5.852137,9.922591,15.548498,-5.1702829999999995,1.1106070000000001,6.280889999999999
10.459768,15.663342,5.86019,9.803151,15.437113,-5.178336,1.1026509285714285,6.280986928571428
10.461203,15.618043,5.865943,9.7521,15.391814,-5.184089,1.0994152857142858,6.283504285714286
10.464805,15.532853,5.872462,9.660391,15.306624,-5.190607999999999,1.0933302857142857,6.283938285714285
10.467721,15.452529,5.877447,9.575081,15.2263,-5.195593000000001,1.0875928571428572,6.283185857142858
10.47091,15.369875,5.8832,9.486675,15.143646,-5.201346000000001,1.0816890000000001,6.283035000000001
10.473654,15.296774,5.888569,9.408205,15.070545,-5.206715000000001,1.0764675,6.283182500000001
10.476549,15.21928,5.897389,9.32189,14.993051,-5.215535000000001,1.0709322142857143,6.286467214285715
10.479481,15.134589,5.901991,9.232597,14.90836,-5.220136999999999,1.0648828571428572,6.285019857142856
10.48256,15.055863,5.907744,9.148119,14.829634,-5.22589,1.0592595714285715,6.285149571428571
10.486017,14.959189,5.913496,9.045693,14.73296,-5.231642000000001,1.0523542857142858,6.283996285714286
10.49071,14.856487,5.922316,8.934171,14.630258,-5.240462000000001,1.0450184285714286,6.28548042857143
10.492164,14.786544,5.927685,8.858859,14.560315,-5.245831000000001,1.0400224999999998,6.285853500000001
10.495587,14.696484,5.933054,8.76343,14.470255,-5.251200000000001,1.033589642857143,6.2847896428571435
10.498323,14.616007,5.93919,8.676817,14.389778,-5.2573360000000005,1.0278412857142858,6.285177285714286
10.501333,14.531387,5.944176,8.587211,14.305158,-5.262321999999999,1.021797,6.284119
10.504127,14.454416,5.952229,8.502187,14.228187,-5.270375,1.0162990714285713,6.286674071428571
10.507291,14.365928,5.957981,8.407946,14.139699,-5.276127000000001,1.0099785000000001,6.286105500000001
10.510701,14.270509,5.964117,8.306392,14.04428,-5.282263,1.0031628571428572,6.285425857142858
10.513288,14.196751,5.969486,8.227265,13.970522,-5.287632,0.9978944285714286,6.285526428571429
10.516063,14.113471,5.974855,8.138616,13.887242,-5.293001,0.9919458571428572,6.284946857142858
10.519022,14.009148,5.980991,8.028157,13.782919,-5.299137,0.9844942142857143,6.283631214285714
10.521785,13.948531,5.989811,7.958719,13.722301999999999,-5.307957,0.9801644285714285,6.288121428571428
10.525058,13.858276,5.99518,7.863096,13.632047,-5.313326,0.9737176428571429,6.287043642857143
10.530079,13.767001,6.000933,7.766068,13.540772,-5.319079,0.967198,6.286277
10.531385,13.672898,6.010137,7.662761,13.446669,-5.328283000000001,0.9604763571428572,6.288759357142858
10.53458,13.577484,6.016656,7.560828,13.351255,-5.334802,0.9536610714285715,6.288463071428572
10.537642,13.48946,6.021642,7.467818,13.263231,-5.339788,0.9473736428571428,6.287161642857143
10.540692,13.401012,6.027778,7.373234,13.174783,-5.345924,0.9410559285714285,6.286979928571428
10.543403,13.3199,6.034297,7.285603,13.093671,-5.352442999999999,0.9352622142857143,6.2877052142857135
10.546632,13.226526,6.040433,7.186093,13.000297,-5.358579000000001,0.9285926428571428,6.287171642857143
10.550047,13.133964,6.05002,7.083944,12.907735,-5.368166,0.9219810714285714,6.290147071428572
10.552718,13.041481,6.055006,6.986475,12.815252,-5.373151999999999,0.9153751428571428,6.288527142857142
10.555951,12.947088,6.060375,6.886714,12.720859,-5.378520999999999,0.9086327857142857,6.287153785714285
10.558934,12.830665,6.066511,6.764154,12.604436,-5.384657000000001,0.9003168571428571,6.284973857142858
10.56173,12.774074,6.075714,6.698359,12.547845,-5.39386,0.8962746428571429,6.290134642857143
10.565683,12.652924,6.082234,6.57069,12.426695,-5.40038,0.8876210714285715,6.288001071428572
10.569802,12.52783,6.08837,6.43946,12.301601,-5.406516,0.8786857857142857,6.2852017857142854
10.571621,12.466894,6.097957,6.368937,12.240665,-5.416103,0.8743332142857143,6.290436214285714
10.575387,12.356787,6.10371,6.253078,12.130558,-5.421856,0.8664684285714286,6.288324428571428
10.579763,12.223076,6.11253,6.110547,11.996847,-5.430676,0.8569176428571429,6.287593642857143
10.581394,12.165798,6.119433,6.046365,11.939569,-5.4375789999999995,0.8528263571428571,6.290405357142856
10.585179,12.058963,6.125952,5.933011,11.832734,-5.444098,0.8451952857142857,6.289293285714286
10.588071,11.970292,6.132088,5.838204,11.744063,-5.450234,0.8388616428571429,6.289095642857143
10.591223,11.873953,6.140909,5.733044,11.647724,-5.459054999999999,0.8319802857142857,6.291035285714285
10.594296,11.777184,6.147812,5.629372,11.550955,-5.4659580000000005,0.8250682142857143,6.291026214285715
10.597356,11.681023,6.154331,5.526692,11.454794,-5.472477,0.8181995714285714,6.290676571428571
10.600782,11.580716,6.160083,5.420633,11.354487,-5.478229000000001,0.8110347857142858,6.289263785714287
10.603216,11.49911,6.166219,5.332891,11.272881,-5.484365,0.8052057857142857,6.289570785714286
10.606314,11.405649,6.17619,5.229459,11.17942,-5.4943360000000006,0.7985300000000001,6.292866000000001
10.609426,11.30558,6.182326,5.123254,11.079351,-5.500472,0.7913822142857143,6.291854214285714
10.61228,11.220364,6.187695,5.032669,10.994135,-5.505841,0.7852953571428571,6.291136357142857
10.615645,11.116237,6.194214,4.922022,10.890008,-5.512359999999999,0.7778577142857143,6.290217714285713
10.619865,10.988695,6.204185,4.78451,10.762466,-5.522330999999999,0.7687475714285714,6.291078571428571
10.621197,10.930003,6.211088,4.718914,10.703774,-5.529234000000001,0.7645552857142857,6.293789285714286
10.624858,10.829432,6.216074,4.613359,10.603203,-5.5342199999999995,0.7573716428571429,6.291591642857142
10.627729,10.740035,6.222977,4.517059,10.513806,-5.541123000000001,0.7509861428571429,6.292109142857144
10.630872,10.643649,6.229879,4.41377,10.41742,-5.548025000000001,0.7441014285714286,6.29212642857143
10.633603,10.558337,6.236015,4.322322,10.332108,-5.554161000000001,0.7380077142857143,6.292168714285715
10.63655,10.468937,6.245219,4.223717,10.242708,-5.563364999999999,0.731622,6.294986999999999
10.639735,10.374929,6.251739,4.123191,10.1487,-5.569884999999999,0.7249071428571429,6.294792142857142
10.642678,10.278473,6.258258,4.020215,10.052244,-5.576404,0.7180174285714286,6.294421428571429
10.64574,10.181165,6.264394,3.916771,9.954936,-5.58254,0.7110668571428571,6.293606857142857
10.64981,10.056276,6.27053,3.785746,9.830047,-5.5886759999999995,0.7021462142857143,6.290822214285714
10.651242,9.993867,3.214457,6.77941,9.767638,-2.532603,0.6976884285714285,3.2302914285714284
10.654911,9.897362,0.279951,9.617411,9.671133,0.40190299999999995,0.6907952142857142,0.28889221428571427
10.657878,9.802937,0.039117,9.763821,9.576708,0.642737,0.6840505714285714,0.041313571428571394
10.661107,9.702667,0.018408,9.684259,9.476438,0.663446,0.6768884285714286,0.013442428571428633
10.663795,9.619973,0.022626,9.597347,9.393744,0.6592279999999999,0.6709817142857143,0.011753714285714367
10.666904,9.522838,0.032597,9.490241,9.296609,0.649257,0.6640435,0.014786500000000036
10.670001,9.422201,0.038733,9.383468,9.195972,0.6431209999999999,0.6568551428571429,0.013734142857142917
10.672853,9.336442,0.044869,9.291573,9.110213,0.6369849999999999,0.6507295,0.013744500000000048
10.67606,9.235482,0.051388,9.184094,9.009253,0.630466,0.6435180714285714,0.013052071428571455
10.679229,9.121643,0.060592,9.061051,8.895414,0.621262,0.6353867142857144,0.01412471428571438
10.682313,9.040082,0.067112,8.97297,8.813853,0.6147419999999999,0.6295609285714285,0.014818928571428636
10.685736,8.939852,0.072864,8.866988,8.713623,0.6089899999999999,0.6224016428571428,0.013411642857142914
10.690383,8.812797,0.079,8.733797,8.586568,0.602854,0.6133262857142857,0.010472285714285712
10.691402,8.745524,0.088971,8.656553,8.519295,0.5928829999999999,0.6085210714285714,0.01563807142857143
10.695064,8.645837,0.093956,8.551881,8.419608,0.5878979999999999,0.6014005714285714,0.013502571428571475
10.698026,8.557116,0.099709,8.457408,8.330887,0.5821449999999999,0.5950633571428572,0.012918357142857273
10.70106,8.460452,0.106228,8.354224,8.234223,0.575626,0.5881587857142857,0.012532785714285732
10.703779,8.380798,0.112364,8.268434,8.154569,0.5694899999999999,0.5824692142857143,0.012979214285714358
10.706704,8.287689,0.118117,8.169573,8.06146,0.5637369999999999,0.5758185714285714,0.01208157142857147
10.709997,8.199718,0.126553,8.073164,7.973489000000001,0.5553009999999999,0.5695349285714286,0.014233928571428689
10.712621,8.108815,0.132689,7.976126,7.882586,0.5491649999999999,0.5630418571428571,0.013876857142857246
10.715903,8.009482,0.138442,7.87104,7.783253,0.543412,0.5559466428571429,0.012534642857142897
10.719011,7.892355,0.144578,7.747777,7.666126,0.537276,0.5475804285714286,0.010304428571428659
10.721792,7.828309,0.153398,7.674911,7.60208,0.5284559999999999,0.5430057142857143,0.014549714285714388
10.725258,7.726854,0.159534,7.56732,7.500625,0.5223199999999999,0.5357589285714286,0.013438928571428699
10.72974,7.591834,0.164903,7.426931,7.365605,0.5169509999999999,0.5261146428571429,0.009163642857142995
10.731313,7.542884,0.171039,7.371845,7.316655,0.510815,0.5226182142857143,0.011803214285714292
10.734568,7.450387,0.176024,7.274362,7.224158,0.50583,0.5160112857142857,0.01018128571428567
10.737446,7.359915,0.185228,7.174687,7.133686,0.49662599999999996,0.509549,0.012923000000000073
10.74078,7.267383,0.190597,7.076786,7.041154,0.49125699999999994,0.5029395714285714,0.011682571428571431
10.743312,7.186099,0.196733,6.989366,6.95987,0.48512099999999997,0.4971335714285714,0.012012571428571428
10.746257,7.101509,0.202869,6.89864,6.87528,0.478985,0.49109142857142857,0.012106428571428574
10.74935,7.006161,0.207854,6.798306,6.779932,0.474,0.4842808571428571,0.010280857142857147
10.752623,6.917128,0.216291,6.700836,6.690899,0.46556299999999995,0.47792135714285716,0.012358357142857213
10.755449,6.830388,0.222044,6.608344,6.604159,0.45980999999999994,0.47172564285714286,0.011915642857142916
10.759838,6.706345,0.22818,6.478165,6.480116,0.45367399999999997,0.46286542857142854,0.009191428571428573
10.76135,6.644043,0.237,6.407043,6.417814,0.44485399999999997,0.4584152857142857,0.01356128571428572
10.765243,6.547425,0.242369,6.305056,6.321196,0.43948499999999996,0.45151399999999997,0.012029000000000012
10.769828,6.416152,0.248505,6.167647,6.189923,0.433349,0.4421373571428572,0.008788357142857195
10.77143,6.37001,0.255024,6.114986,6.143781,0.42683,0.4388415,0.012011500000000008
10.774439,6.280853,0.26001,6.020844,6.054624,0.42184399999999994,0.43247314285714283,0.010629142857142893
10.777354,6.201262,0.264995,5.936267,5.975033,0.416859,0.4267880714285714,0.009929071428571412
10.780722,6.106202,0.273432,5.83277,5.879973,0.40842199999999995,0.41999807142857143,0.011576071428571477
10.78328,6.03164,0.279568,5.752072,5.805411,0.402286,0.4146722142857143,0.012386214285714348
10.786186,5.947068,0.28532,5.661748,5.720839,0.39653399999999994,0.40863135714285714,0.012097357142857201
10.790724,5.870248,0.291073,5.579175,5.644019,0.39078099999999993,0.4031442142857143,0.012363214285714352
10.791793,5.790187,0.296442,5.493745,5.563958,0.385412,0.39742557142857143,0.012013571428571457
10.795061,5.699795,0.301427,5.398368,5.473566,0.38042699999999996,0.390969,0.010542000000000051
10.799987,5.619751,0.309481,5.310271,5.393522,0.37237299999999995,0.3852515714285714,0.012878571428571461
10.801099,5.533999,0.315233,5.218766,5.30777,0.366621,0.37912642857142853,0.012505428571428556
10.804356,5.448597,0.320602,5.127995,5.222368,0.36125199999999996,0.37302628571428575,0.011774285714285793
10.807265,5.36717,0.325971,5.041199,5.140941,0.35588299999999995,0.3672100714285714,0.011327071428571478
10.810745,5.275871,0.33134,4.944531,5.049642,0.35051399999999994,0.3606887142857143,0.01017471428571437
10.813364,5.201374,0.33901,4.862364,4.975145,0.342844,0.3553675,0.01252350000000002
10.816271,5.12389,0.343612,4.780278,4.897661,0.338242,0.3498329285714286,0.011590928571428627
10.819495,5.034835,0.348981,4.685854,4.808606,0.332873,0.34347185714285716,0.010598857142857188
10.822488,4.959861,0.356651,4.603211,4.733632,0.32520299999999996,0.33811657142857143,0.012913571428571469
10.825988,4.87082,0.362403,4.508417,4.644591,0.319451,0.3317565,0.012305500000000025
10.829164,4.771612,0.367005,4.404607,4.545383,0.31484899999999993,0.3246702142857143,0.009821214285714364
10.832214,4.707592,0.374675,4.332917,4.481363,0.307179,0.32009735714285714,0.012918357142857162
10.835673,4.620147,0.379277,4.24087,4.393918,0.302577,0.3138512857142857,0.011274285714285737
10.839614,4.516401,0.384262,4.132139,4.290172,0.29759199999999997,0.3064408571428571,0.008848857142857158
10.841318,4.46675,0.391932,4.074818,4.240521,0.28992199999999996,0.3028943571428572,0.012972357142857216
10.8455,4.374423,0.397301,3.977122,4.148194,0.28455299999999994,0.29629957142857144,0.011746571428571495
10.849216,4.266219,0.40382,3.862398,4.03999,0.27803399999999995,0.2885707142857143,0.010536714285714344
10.852515,4.202399,0.408806,3.793593,3.9761699999999998,0.27304799999999996,0.2840121428571428,0.010964142857142867
10.856063,4.114222,0.415709,3.698513,3.887993,0.26614499999999996,0.2777137857142857,0.011568785714285712
10.859111,4.02282,0.420311,3.60251,3.7965910000000003,0.26154299999999997,0.27118507142857146,0.009642071428571486
10.862423,3.960606,0.426063,3.534543,3.734377,0.25579099999999994,0.2667412142857143,0.010950214285714355
10.8655,3.887085,0.432966,3.454119,3.660856,0.24888799999999994,0.26148971428571427,0.012601714285714327
10.869171,3.786131,0.437185,3.348947,3.559902,0.24466899999999997,0.2542787142857143,0.009609714285714333
10.872566,3.722525,0.443704,3.278821,3.496296,0.23814999999999997,0.24973542857142858,0.011585428571428608
10.875969,3.642137,0.448689,3.193447,3.415908,0.23316499999999996,0.24399342857142856,0.0108284285714286
10.878893,3.554855,0.452908,3.101947,3.328626,0.22894599999999998,0.237759,0.008813000000000015
10.88157,3.511959,0.456743,3.055216,3.28573,0.22511099999999995,0.23469500000000001,0.009584000000000065
10.884611,3.445462,0.460961,2.984501,3.219233,0.22089299999999995,0.2299452142857143,0.009052214285714344
10.887492,3.379366,0.465947,2.91342,3.153137,0.21590699999999996,0.22522407142857143,0.009317071428571466
10.887492,3.379366,0.472083,2.907284,3.153137,0.20977099999999999,0.22522407142857143,0.015453071428571441
10.894095,3.241252,0.475534,2.765718,3.015023,0.20631999999999995,0.2153587857142857,0.009038785714285763
10.896649,3.170595,0.479752,2.690843,2.944366,0.20210199999999995,0.21031185714285713,0.008209857142857185
10.899923,3.100049,0.486272,2.613777,2.87382,0.19558199999999998,0.20527285714285712,0.00969085714285714
10.902729,3.0383,0.490107,2.548193,2.812071,0.19174699999999995,0.2008622142857143,0.009115214285714351
10.906054,2.969959,0.493942,2.476018,2.74373,0.18791199999999997,0.19598071428571426,0.00806871428571429
10.909037,2.902519,0.49816,2.404359,2.67629,0.18369399999999997,0.1911635714285714,0.0074695714285714365
10.911725,2.85037,0.501995,2.348374,2.624141,0.179859,0.18743864285714285,0.007579642857142854
10.914753,2.789186,0.50583,2.283356,2.562957,0.17602399999999996,0.18306835714285713,0.007044357142857172
10.919877,2.726697,0.510049,2.216649,2.500468,0.17180499999999999,0.17860485714285715,0.006799857142857163
10.921021,2.6649,0.515801,2.149098,2.438671,0.166053,0.1741907857142857,0.008137785714285695
10.923952,2.604842,0.520403,2.084439,2.378613,0.161451,0.16990092857142858,0.008449928571428567
10.926916,2.54635,0.523854,2.022495,2.320121,0.15799999999999992,0.16572292857142856,0.007722928571428644
10.930819,2.482722,0.52884,1.953883,2.256493,0.15301399999999998,0.1611780714285714,0.008164071428571423
10.933365,2.424935,0.533058,1.891877,2.198706,0.14879599999999993,0.15705042857142856,0.008254428571428635
10.936488,2.366676,0.536893,1.829783,2.140447,0.144961,0.15288907142857142,0.00792807142857141
10.939655,2.307497,0.539961,1.767536,2.081268,0.14189299999999994,0.14866200000000002,0.0067690000000000805
10.942457,2.252085,0.543413,1.708673,2.025856,0.13844099999999993,0.144704,0.006263000000000074
10.945462,2.197611,0.548398,1.649213,1.9713820000000002,0.1334559999999999,0.14081300000000002,0.0073570000000001134
10.949824,2.128918,0.55185,1.577068,1.902689,0.130004,0.13590635714285715,0.00590235714285714
10.952133,2.08726,0.556835,1.530425,1.861031,0.125019,0.1329307857142857,0.007911785714285718
10.955417,2.025646,0.559903,1.465743,1.799417,0.12195099999999992,0.12852978571428572,0.006578785714285801
10.95971,1.954556,0.563354,1.391201,1.728327,0.11849999999999994,0.12345192857142857,0.004951928571428635
10.962084,1.916143,0.567956,1.348187,1.689914,0.11389799999999994,0.12070814285714285,0.0068101428571429035
10.966634,1.857947,0.571024,1.286922,1.631718,0.11082999999999998,0.11655128571428572,0.005721285714285734
10.969832,1.792154,0.575626,1.216528,1.565925,0.10622799999999999,0.11185178571428571,0.00562378571428572
10.972128,1.748453,0.578694,1.169759,1.522224,0.10315999999999992,0.10873028571428571,0.0055702857142857914
10.975217,1.701044,0.582146,1.118899,1.474815,0.09970799999999991,0.10534392857142857,0.005635928571428667
10.979912,1.63806,0.584063,1.053997,1.411831,0.09779099999999996,0.10084507142857144,0.0030540714285714754
10.981291,1.611609,0.588665,1.022943,1.38538,0.09318899999999997,0.09895571428571429,0.005766714285714319
10.984755,1.556189,0.591733,0.964456,1.32996,0.090121,0.09499714285714286,0.004876142857142857
10.987791,1.511357,0.594801,0.916556,1.285128,0.08705299999999994,0.09179485714285715,0.004741857142857214
10.990988,1.46536,0.597869,0.867491,1.239131,0.08398499999999998,0.08850935714285714,0.004524357142857163
10.994002,1.425505,0.600553,0.824951,1.199276,0.08130099999999996,0.08566257142857144,0.0043615714285714785
10.996878,1.38713,0.602854,0.784275,1.160901,0.07899999999999996,0.0829215,0.003921500000000036
10.999935,1.347073,0.606306,0.740767,1.120844,0.07554799999999995,0.08006028571428571,0.00451228571428576
11.002421,1.311563,0.608607,0.702956,1.085334,0.07324699999999995,0.07752385714285714,0.004276857142857193
11.00547,1.272,0.611291,0.660708,1.045771,0.07056299999999993,0.07469792857142857,0.004134928571428637
11.009963,1.22401,0.613209,0.610801,0.997781,0.06864499999999996,0.07127007142857143,0.0026250714285714766
11.011492,1.197212,0.616277,0.580935,0.9709829999999999,0.065577,0.06935592857142857,0.003778928571428572
11.014837,1.158492,0.618961,0.539531,0.9322630000000001,0.06289299999999998,0.0665902142857143,0.0036972142857143175
11.019836,1.103977,0.621262,0.482715,0.877748,0.06059199999999998,0.06269628571428572,0.002104285714285739
11.021221,1.085048,0.623563,0.461484,0.858819,0.05829099999999998,0.06134421428571429,0.003053214285714305
11.024127,1.049259,0.625097,0.424161,0.8230299999999999,0.056756999999999946,0.058787857142857135,0.0020308571428571884
11.02714,1.018709,0.628165,0.390544,0.7924800000000001,0.05368899999999999,0.056605714285714294,0.002916714285714307
11.030711,0.985246,0.630083,0.355164,0.7590169999999999,0.05177100000000001,0.05421549999999999,0.0024444999999999814
11.033147,0.9555,0.632384,0.323117,0.729271,0.049470000000000014,0.052090785714285714,0.0026207857142857005
11.036006,0.925378,0.633918,0.29146,0.699149,0.04793599999999998,0.04993921428571429,0.0020032142857143095
11.039011,0.894508,0.635452,0.259056,0.668279,0.04640199999999994,0.04773421428571428,0.0013322142857143393
11.041851,0.86949,0.638903,0.230587,0.643261,0.04295099999999996,0.045947214285714286,0.0029962142857143242
11.045165,0.840791,0.640437,0.200355,0.6145619999999999,0.041416999999999926,0.04389728571428571,0.002480285714285782
11.049811,0.803681,0.641971,0.16171,0.577452,0.039883,0.041246571428571424,0.0013635714285714223
11.051514,0.788336,0.643505,0.144831,0.562107,0.038348999999999966,0.0401505,0.0018015000000000322
11.054588,0.761114,0.645806,0.115308,0.5348849999999999,0.03604799999999997,0.03820607142857142,0.0021580714285714536
11.057507,0.734785,0.646956,0.087829,0.508556,0.034897999999999985,0.03632542857142857,0.0014274285714285864
11.060899,0.707086,0.648874,0.058212,0.480857,0.03298000000000001,0.03434692857142857,0.0013669285714285606
11.063499,0.685793,0.650024,0.035768,0.459564,0.031829999999999914,0.032826,0.000996000000000087
11.066633,0.66434,0.651942,0.012398,0.43811100000000003,0.02991199999999994,0.03129364285714286,0.0013816428571429215
11.069835,0.645092,0.653476,-0.008384,0.418863,0.028378000000000014,0.029918785714285714,0.0015407857142856994
11.072567,0.629007,0.654243,-0.025236,0.40277799999999997,0.02761099999999994,0.028769857142857142,0.001158857142857201
11.076131,0.612485,0.655393,-0.042908,0.38625599999999993,0.026460999999999957,0.02758971428571428,0.0011287142857143231
11.079493,0.596526,0.656927,-0.060402,0.370297,0.02492699999999992,0.026449785714285714,0.0015227857142857924
11.082191,0.582164,0.658078,-0.075914,0.355935,0.02377599999999991,0.025423928571428573,0.0016479285714286647
11.085307,0.563982,0.659228,-0.095246,0.33775299999999997,0.022625999999999924,0.024125214285714285,0.0014992142857143606
11.090201,0.537478,0.660379,-0.122901,0.311249,0.02147499999999991,0.022232071428571427,0.0007570714285715166
11.091109,0.525742,0.661913,-0.136171,0.29951300000000003,0.019940999999999987,0.021393785714285716,0.0014527857142857294
11.094769,0.507618,0.663063,-0.155445,0.281389,0.018791000000000002,0.020099214285714286,0.001308214285714284
11.097731,0.490512,0.664597,-0.174085,0.264283,0.017256999999999967,0.018877357142857144,0.0016203571428571768
11.100926,0.478,0.664981,-0.18698,0.25177099999999997,0.016872999999999916,0.017983642857142854,0.0011106428571429384
11.103727,0.465768,0.666131,-0.200364,0.239539,0.01572299999999993,0.01710992857142857,0.0013869285714286396
11.106769,0.458454,0.666131,-0.207677,0.23222499999999996,0.01572299999999993,0.016587499999999998,0.0008645000000000666
11.109818,0.44907,0.666898,-0.217828,0.222841,0.01495599999999997,0.015917214285714288,0.0009612142857143187
11.112516,0.442397,0.667282,-0.224885,0.21616799999999997,0.014571999999999918,0.015440571428571427,0.0008685714285715084
11.115701,0.437858,0.668816,-0.230957,0.211629,0.013037999999999994,0.015116357142857143,0.002078357142857149
11.118958,0.435526,0.668432,-0.232906,0.209297,0.013421999999999934,0.014949785714285716,0.0015277857142857818
11.12205,0.433756,0.668432,-0.234677,0.20752699999999996,0.013421999999999934,0.01482335714285714,0.0014013571428572059
11.125584,0.433676,0.668432,-0.234756,0.207447,0.013421999999999934,0.014817642857142857,0.0013956428571429234
11.129067,0.434748,0.668432,-0.233684,0.208519,0.013421999999999934,0.014894214285714287,0.0014722142857143527
11.131799,0.434393,0.668432,-0.234039,0.20816399999999996,0.013421999999999934,0.01486885714285714,0.0014468571428572063
11.135072,0.434415,0.668432,-0.234017,0.20818599999999998,0.013421999999999934,0.014870428571428571,0.001448428571428637
11.139702,0.434333,0.668816,-0.234483,0.208104,0.013037999999999994,0.01486457142857143,0.001826571428571436
11.141328,0.434863,0.668432,-0.23357,0.208634,0.013421999999999934,0.01490242857142857,0.001480428571428636
11.144861,0.435352,0.668432,-0.23308,0.209123,0.013421999999999934,0.014937357142857143,0.0015153571428572089
11.147995,0.436295,0.668816,-0.232521,0.21006599999999997,0.013037999999999994,0.015004714285714284,0.0019667142857142904
11.151137,0.437475,0.667665,-0.23019,0.211246,0.014189000000000007,0.015089,0.0008999999999999928
11.153831,0.438306,0.667665,-0.229359,0.21207699999999996,0.014189000000000007,0.01514835714285714,0.0009593571428571333
11.156892,0.439499,0.667665,-0.228166,0.21326999999999996,0.014189000000000007,0.015233571428571426,0.001044571428571419
11.159917,0.441201,0.668049,-0.226847,0.214972,0.013804999999999956,0.015355142857142857,0.001550142857142901
11.162601,0.443281,0.667665,-0.224384,0.21705199999999997,0.014189000000000007,0.015503714285714284,0.0013147142857142767
11.16569,0.445746,0.667282,-0.221536,0.21951699999999996,0.014571999999999918,0.015679785714285712,0.0011077857142857937
11.169817,0.45146,0.666898,-0.215439,0.22523099999999996,0.01495599999999997,0.01608792857142857,0.0011319285714285997
11.172006,0.454386,0.666898,-0.212512,0.228157,0.01495599999999997,0.01629692857142857,0.0013409285714286005
11.175701,0.459867,0.666515,-0.206647,0.233638,0.015338999999999992,0.016688428571428573,0.0013494285714285813
11.17899,0.467272,0.666131,-0.198859,0.241043,0.01572299999999993,0.017217357142857142,0.0014943571428572104
11.181542,0.471268,0.665364,-0.194096,0.245039,0.016490000000000005,0.017502785714285714,0.0010127857142857091
11.185243,0.484501,0.664214,-0.179713,0.258272,0.01763999999999999,0.018448,0.0008080000000000101
11.190511,0.494252,0.66383,-0.169578,0.268023,0.01802399999999993,0.019144500000000002,0.0011205000000000728
11.191333,0.505415,0.663447,-0.158032,0.27918599999999993,0.01840699999999995,0.01994185714285714,0.0015348571428571885
11.194904,0.520019,0.662296,-0.142277,0.29379,0.019557999999999964,0.020985,0.0014270000000000359
11.197846,0.534584,0.660762,-0.126178,0.30835499999999993,0.021092,0.022025357142857138,0.0009333571428571386
11.20088,0.54789,0.659995,-0.112106,0.321661,0.021858999999999962,0.022975785714285712,0.0011167857142857507
11.203458,0.561191,0.659228,-0.098037,0.334962,0.022625999999999924,0.02392585714285714,0.0012998571428572171
11.206388,0.574047,0.658461,-0.084415,0.34781799999999996,0.023392999999999997,0.024844142857142853,0.0014511428571428557
11.209321,0.589659,0.657311,-0.067652,0.36343000000000003,0.02454299999999998,0.025959285714285716,0.0014162857142857345
11.212152,0.602494,0.655777,-0.053283,0.37626499999999996,0.026076999999999906,0.026876071428571426,0.0007990714285715204
11.215436,0.622006,0.65501,-0.033004,0.39577699999999993,0.02684399999999998,0.02826978571428571,0.0014257857142857301
11.220054,0.651169,0.653092,-0.001923,0.42494,0.028761999999999954,0.030352857142857143,0.001590857142857189
11.221494,0.666124,0.651175,0.01495,0.43989500000000004,0.030679000000000012,0.03142107142857143,0.0007420714285714183
11.225064,0.693409,0.649641,0.043768,0.46718000000000004,0.032212999999999936,0.033370000000000004,0.0011570000000000677
11.229867,0.733864,0.646956,0.086908,0.507635,0.034897999999999985,0.03625964285714285,0.0013616428571428668
11.231934,0.752668,0.645806,0.106862,0.526439,0.03604799999999997,0.037602785714285714,0.0015547857142857446
11.235342,0.780805,0.644272,0.136533,0.554576,0.037582000000000004,0.03961257142857143,0.0020305714285714233
11.239887,0.816186,0.641587,0.174599,0.589957,0.04026699999999994,0.04213978571428571,0.0018727857142857712
11.241059,0.830976,0.63967,0.191306,0.604747,0.042184,0.04319621428571429,0.00101221428571429
11.244885,0.857145,0.638136,0.219009,0.630916,0.043717999999999924,0.045065428571428576,0.0013474285714286521
11.249906,0.901185,0.636219,0.264966,0.674956,0.04563499999999998,0.048211142857142855,0.002576142857142874
11.251484,0.916889,0.633918,0.282972,0.6906599999999999,0.04793599999999998,0.04933285714285714,0.001396857142857158
11.254914,0.951221,0.632384,0.318838,0.724992,0.049470000000000014,0.051785142857142856,0.002315142857142842
11.257734,0.980077,0.630466,0.349611,0.753848,0.05138799999999999,0.053846285714285715,0.0024582857142857253
11.260796,1.014366,0.627782,0.386585,0.7881370000000001,0.05407200000000001,0.056295500000000005,0.0022234999999999963
11.263474,1.042079,0.624714,0.417365,0.81585,0.05713999999999997,0.058275,0.0011350000000000318
11.266292,1.074321,0.622796,0.451525,0.8480920000000001,0.059057999999999944,0.06057800000000001,0.001520000000000063
11.269933,1.111986,0.620879,0.491107,0.8857569999999999,0.060975,0.06326835714285714,0.0022933571428571387
11.272455,1.147141,0.618578,0.528564,0.920912,0.063276,0.06577942857142857,0.002503428571428573
11.275758,1.183964,0.617044,0.56692,0.957735,0.06480999999999992,0.06840964285714286,0.00359964285714294
11.279716,1.232906,0.612825,0.62008,1.006677,0.06902900000000001,0.0719055,0.00287649999999999
11.281439,1.256974,0.610141,0.646833,1.030745,0.07171299999999992,0.07362464285714286,0.001911642857142945
11.284692,1.297344,0.607456,0.689888,1.071115,0.07439799999999996,0.07650821428571429,0.0021102142857143263
11.287497,1.333372,0.605539,0.727833,1.107143,0.07631499999999991,0.07908164285714285,0.0027666428571429397
11.287497,1.333372,0.602471,0.730901,1.107143,0.07938299999999998,0.07908164285714285,-0.000301357142857131
11.294283,1.413561,0.599403,0.814158,1.187332,0.08245099999999994,0.08480942857142858,0.0023584285714286363
11.296394,1.457635,0.596335,0.8613,1.231406,0.08551900000000001,0.08795757142857143,0.002438571428571415
11.299879,1.500701,0.594034,0.906667,1.274472,0.08782000000000001,0.09103371428571429,0.003213714285714278
11.302494,1.546905,0.589432,0.957473,1.320676,0.092422,0.094334,0.001911999999999997
11.306201,1.599025,0.586748,1.012278,1.372796,0.09510599999999991,0.09805685714285714,0.0029508571428572272
11.309517,1.645523,0.584063,1.06146,1.419294,0.09779099999999996,0.10137814285714286,0.0035871428571429
11.312288,1.690888,0.581762,1.109126,1.464659,0.10009199999999996,0.10461849999999999,0.0045265000000000305
11.315254,1.736405,0.577927,1.158478,1.510176,0.10392699999999999,0.10786971428571428,0.0039427142857142855
11.319756,1.801724,0.574476,1.227248,1.575495,0.10737799999999997,0.11253535714285715,0.005157357142857172
11.321032,1.83072,0.571024,1.259696,1.604491,0.11082999999999998,0.11460649999999999,0.003776500000000002
11.324468,1.88412,0.56834,1.31578,1.657891,0.113514,0.11842078571428571,0.004906785714285711
11.327261,1.931162,0.564505,1.366657,1.704933,0.11734899999999993,0.12178092857142857,0.004431928571428642
11.330766,1.980279,0.561437,1.418842,1.7540499999999999,0.120417,0.12528928571428571,0.004872285714285718
11.333088,2.029372,0.558753,1.470619,1.803143,0.1231009999999999,0.12879592857142858,0.00569492857142867
11.336059,2.07925,0.555301,1.523949,1.853021,0.12655299999999992,0.13235864285714286,0.00580564285714294
11.339089,2.136786,0.549549,1.587238,1.9105569999999998,0.132305,0.13646835714285713,0.0041633571428571214
11.342005,2.185408,0.546864,1.638544,1.9591789999999998,0.13498999999999994,0.13994135714285713,0.004951357142857188
11.345194,2.243341,0.543796,1.699545,2.017112,0.13805800000000001,0.14407942857142858,0.0060214285714285665
11.34999,2.318288,0.539961,1.778327,2.092059,0.14189299999999994,0.1494327857142857,0.007539785714285763
11.351169,2.353514,0.534976,1.818538,2.127285,0.14687799999999995,0.15194892857142858,0.005070928571428629
11.354517,2.411842,0.531141,1.880701,2.185613,0.15071299999999999,0.1561152142857143,0.005402214285714302
11.357538,2.470673,0.528073,1.9426,2.244444,0.15378099999999995,0.16031742857142858,0.006536428571428637
11.360924,2.533137,0.524238,2.008899,2.306908,0.15761599999999998,0.16477914285714285,0.007163142857142868
11.363466,2.587404,0.520786,2.066618,2.361175,0.161068,0.16865535714285712,0.007587357142857132
11.366537,2.646317,0.515034,2.131283,2.420088,0.16681999999999997,0.17286342857142856,0.0060434285714285885
11.369727,2.706401,0.511199,2.195202,2.480172,0.170655,0.17715514285714287,0.006500142857142871
11.372545,2.765796,0.506981,2.258816,2.539567,0.17487299999999995,0.18139764285714285,0.006524642857142909
11.375554,2.828999,0.502762,2.326237,2.60277,0.17909199999999992,0.18591214285714286,0.006820142857142941
11.379748,2.907064,0.498927,2.408137,2.680835,0.18292699999999995,0.1914882142857143,0.008561214285714353
11.382027,2.956485,0.493175,2.46331,2.730256,0.18867899999999999,0.1950182857142857,0.006339285714285714
11.385064,3.024905,0.488956,2.535949,2.798676,0.19289799999999996,0.19990542857142857,0.007007428571428609
11.390483,3.091388,0.485121,2.606267,2.865159,0.19673299999999994,0.20465421428571426,0.007921214285714323
11.391063,3.153214,0.478986,2.674228,2.926985,0.20286799999999994,0.20907035714285715,0.006202357142857218
11.394709,3.235425,0.475151,2.760274,3.009196,0.20670299999999997,0.21494257142857146,0.008239571428571485
11.399976,3.299843,0.470932,2.828911,3.073614,0.21092199999999994,0.21954385714285715,0.008621857142857209
11.401007,3.373109,0.464796,2.908313,3.14688,0.21705799999999997,0.22477714285714284,0.007719142857142869
11.403964,3.437411,0.459811,2.977601,3.211182,0.22204299999999993,0.22937014285714286,0.007327142857142921
11.406966,3.507946,0.455592,3.052354,3.281717,0.22626199999999996,0.23440835714285715,0.008146357142857191
11.410839,3.582381,0.451757,3.130624,3.356152,0.23009699999999994,0.23972514285714283,0.00962814285714289
11.412902,3.642764,0.447155,3.195609,3.416535,0.23469899999999994,0.2440382142857143,0.009339214285714353
11.415959,3.712448,0.442937,3.269511,3.486219,0.23891699999999993,0.24901564285714287,0.010098642857142931
11.419013,3.788183,0.436034,3.352149,3.561954,0.24581999999999998,0.25442528571428574,0.00860528571428576
11.42218,3.855895,0.431432,3.424463,3.629666,0.250422,0.25926185714285716,0.008839857142857177
11.425401,3.937343,0.42568,3.511663,3.711114,0.25617399999999996,0.2650795714285714,0.008905571428571457
11.429758,4.034426,0.418393,3.616033,3.808197,0.26346099999999995,0.2720140714285714,0.00855307142857148
11.4319,4.089652,0.414175,3.675477,3.863423,0.26767899999999994,0.2759587857142857,0.008279785714285781
11.435066,4.172999,0.409189,3.763809,3.94677,0.27266499999999994,0.28191214285714283,0.009247142857142898
11.437948,4.247455,0.404204,3.843251,4.021226,0.27764999999999995,0.2872304285714286,0.009580428571428656
11.441042,4.321321,0.399602,3.921719,4.095092,0.28225199999999995,0.29250657142857145,0.010254571428571502
11.443701,4.390358,0.395,3.995357,4.164129,0.28685399999999994,0.2974377857142857,0.010583785714285754
11.44668,4.464371,0.389631,4.07474,4.238142,0.29222299999999996,0.30272442857142856,0.010501428571428606
11.449792,4.536829,0.381578,4.155252,4.3106,0.300276,0.3079,0.00762400000000002
11.452532,4.613364,0.376592,4.236772,4.387135,0.305262,0.3133667857142857,0.008104785714285745
11.455566,4.69017,0.37199,4.31818,4.463941,0.309864,0.3188529285714286,0.008988928571428634
11.459636,4.790556,0.367005,4.423551,4.564327,0.31484899999999993,0.32602335714285713,0.011174357142857194
11.461441,4.846393,0.359335,4.487058,4.620164,0.32251899999999994,0.3300117142857143,0.0074927142857143525
11.465037,4.937756,0.35435,4.583407,4.711527,0.32750399999999996,0.3365376428571429,0.00903364285714292
11.469686,5.053465,0.348214,4.705251,4.827236,0.33363999999999994,0.34480257142857146,0.011162571428571522
11.471091,5.103065,0.343228,4.759837,4.876836,0.338626,0.3483454285714286,0.009719428571428601
11.47437,5.187439,0.335175,4.852264,4.96121,0.34667899999999996,0.35437214285714286,0.007693142857142898
11.477299,5.265035,0.330573,4.934462,5.038806,0.35128099999999995,0.3599147142857143,0.008633714285714356
11.480917,5.353213,0.325204,5.028009,5.126984,0.35664999999999997,0.36621314285714285,0.009563142857142881
11.48324,5.427164,0.319451,5.107712,5.200935,0.362403,0.37149535714285714,0.009092357142857166
11.486224,5.505804,0.314466,5.191338,5.279575,0.36738799999999994,0.3771125,0.00972450000000008
11.489972,5.591978,0.309481,5.282498,5.365749,0.37237299999999995,0.3832677857142857,0.01089478571428576
11.492585,5.671121,0.301044,5.370077,5.444892,0.38081,0.3889208571428572,0.008110857142857197
11.495979,5.769002,0.296058,5.472943,5.542773,0.385796,0.39591235714285716,0.01011635714285719
11.499192,5.871822,0.291073,5.580749,5.645593,0.39078099999999993,0.40325664285714286,0.012475642857142921
11.501937,5.93488,0.283019,5.65186,5.708651,0.39883499999999994,0.4077607857142857,0.008925785714285761
11.505451,6.030244,0.276884,5.75336,5.804015,0.40496999999999994,0.41457249999999995,0.009602500000000014
11.508368,6.115081,0.270748,5.844333,5.888852,0.41110599999999997,0.42063228571428574,0.009526285714285765
11.511348,6.200357,0.265762,5.934595,5.974128,0.41609199999999996,0.4267234285714286,0.010631428571428625
11.514098,6.279395,0.260393,6.019002,6.053166,0.421461,0.432369,0.010908000000000029
11.517095,6.361354,0.255024,6.10633,6.135125,0.42683,0.4382232142857143,0.011393214285714326
11.520406,6.457554,0.245053,6.212501,6.231325,0.436801,0.44509464285714284,0.008293642857142847
11.523169,6.53669,0.240451,6.296238,6.310461,0.441403,0.4507472142857143,0.009344214285714303
11.526642,6.638043,0.235083,6.40296,6.411814,0.446771,0.45798671428571425,0.011215714285714273
11.529846,6.72269,0.226262,6.496427,6.496461,0.455592,0.4640329285714286,0.008440928571428585
11.532621,6.813934,0.219743,6.594191,6.587705,0.46211099999999994,0.47055035714285715,0.008439357142857207
11.535913,6.909857,0.213607,6.69625,6.683628,0.46824699999999997,0.477402,0.009155000000000024
11.539034,7.023829,0.208238,6.815591,6.7976,0.4736159999999999,0.48554285714285716,0.011926857142857239
11.541876,7.086543,0.199418,6.887126,6.860314,0.482436,0.4900224285714286,0.007586428571428605
11.545655,7.197494,0.192131,7.005363,6.971265,0.48972299999999996,0.4979475,0.008224500000000023
11.5491,7.320386,0.183694,7.136692,7.094157,0.49815999999999994,0.5067255,0.008565500000000115
11.551937,7.387706,0.177942,7.209764,7.161477,0.5039119999999999,0.5115340714285714,0.00762207142857152
11.555661,7.488706,0.172189,7.316517,7.262477,0.5096649999999999,0.5187483571428572,0.00908335714285724
11.558377,7.579023,0.166053,7.41297,7.352794,0.515801,0.5251995714285714,0.009398571428571478
11.561421,7.669395,0.160301,7.509094,7.443166,0.5215529999999999,0.5316547142857143,0.01010171428571438
11.564413,7.759553,0.154549,7.605004,7.533324,0.5273049999999999,0.5380945714285714,0.01078957142857151
11.567276,7.846408,0.145728,7.700679,7.620179,0.536126,0.5442985,0.008172500000000027
11.570754,7.949802,0.139592,7.81021,7.723573,0.542262,0.5516837857142857,0.009421785714285646
11.573462,8.031995,0.13384,7.898155,7.805766,0.548014,0.5575547142857143,0.009540714285714347
11.576241,8.120139,0.128471,7.991668,7.89391,0.553383,0.5638507142857143,0.010467714285714358
11.579558,8.21879,0.119267,8.099523,7.992561,0.562587,0.5708972142857143,0.008310214285714324
11.582629,8.314648,0.112748,8.2019,8.088419,0.569106,0.5777442142857143,0.008638214285714318
11.586107,8.417727,0.107762,8.309965,8.191498,0.5740919999999999,0.5851069999999999,0.011014999999999997
11.590271,8.532099,0.101243,8.430857,8.30587,0.580611,0.5932764285714286,0.012665428571428605
11.591952,8.601215,0.092039,8.509176,8.374986,0.589815,0.5982132857142857,0.008398285714285691
11.595339,8.704832,0.085903,8.618929,8.478603,0.595951,0.6056145,0.009663499999999936
11.599761,8.838973,0.080534,8.758439,8.612744,0.60132,0.615196,0.013876
11.601315,8.889239,0.074015,8.815224,8.66301,0.607839,0.6187864285714285,0.010947428571428497
11.604425,8.981444,0.064811,8.916633,8.755215,0.617043,0.6253725,0.00832949999999999
11.607237,9.069222,0.058675,9.010548,8.842993,0.6231789999999999,0.6316423571428571,0.008463357142857175
11.610753,9.173867,0.052539,9.121328,8.947638,0.629315,0.6391169999999999,0.009801999999999977
11.613652,9.267087,0.046403,9.220684,9.040858,0.635451,0.6457755714285714,0.01032457142857146
11.61669,9.359844,0.037583,9.322262,9.133615,0.6442709999999999,0.6524010714285715,0.008130071428571584
11.62011,9.473134,0.031447,9.441688,9.246905,0.650407,0.6604932142857143,0.010086214285714323
11.623001,9.556826,0.025694,9.531132,9.330597,0.65616,0.6664712142857142,0.010311214285714243
11.626079,9.654199,0.019175,9.635024,9.42797,0.6626789999999999,0.6734264285714285,0.01074742857142863
11.62899,9.76716,0.009587,9.757572,9.540931,0.672267,0.6814950714285715,0.009228071428571516
11.632369,9.848612,0.002684,9.845928,9.622383,0.6791699999999999,0.6873130714285713,0.008143071428571402
11.63587,9.953624,4.633772,5.319851,9.727395,-3.9519179999999996,0.6948139285714285,4.646731928571429
11.638871,10.078275,6.225278,3.852998,9.852046,-5.543424,0.7037175714285714,6.247141571428571
11.641713,10.141097,6.260559,3.880538,9.914868,-5.578704999999999,0.7082048571428572,6.286909857142857
11.645365,10.254149,6.257875,3.996275,10.02792,-5.576021000000001,0.71628,6.292301000000001
11.649914,10.39079,6.252506,4.138284,10.164561,-5.570652000000001,0.7260400714285715,6.296692071428573
11.651336,10.442023,6.242535,4.199488,10.215794,-5.560681000000001,0.7296995714285714,6.290380571428572
11.65486,10.54696,6.236399,4.310561,10.320731,-5.554544999999999,0.7371950714285714,6.2917400714285705
11.657772,10.64002,6.229496,4.410524,10.413791,-5.547642,0.7438422142857143,6.291484214285714
11.66089,10.738841,6.224127,4.514714,10.512612,-5.542273,0.7509008571428571,6.293173857142857
11.663814,10.832265,6.214156,4.618109,10.606036,-5.532302,0.757574,6.289876
11.666789,10.922115,6.20802,4.714095,10.695886,-5.526166,0.7639918571428571,6.290157857142857
11.66999,11.027085,6.201117,4.825968,10.800856,-5.5192630000000005,0.7714897142857142,6.2907527142857145
11.672887,11.11211,6.194981,4.917129,10.885881,-5.513127000000001,0.7775629285714285,6.290689928571429
11.675831,11.205316,6.189612,5.015704,10.979087,-5.507758000000001,0.7842205,6.291978500000001
11.678908,11.325102,6.179642,5.14546,11.098873,-5.497788,0.7927766428571428,6.2905646428571425
11.681822,11.390673,6.173506,5.217168,11.164444,-5.491652,0.7974602857142857,6.289112285714286
11.685476,11.498987,6.16852,5.330466,11.272758,-5.486666,0.8051969999999999,6.291862999999999
11.690386,11.634166,6.158549,5.475616,11.407937,-5.476694999999999,0.8148526428571429,6.291547642857142
11.691697,11.695129,6.15203,5.543099,11.4689,-5.470176,0.8192071428571428,6.289383142857143
11.695454,11.81059,6.14321,5.66738,11.584361,-5.461356,0.8274543571428571,6.288810357142857
11.69987,11.940536,6.136307,5.80423,11.714307,-5.454453000000001,0.8367362142857143,6.2911892142857155
11.701249,12.002424,6.129787,5.872637,11.776195,-5.447933000000001,0.8411567857142856,6.289089785714286
11.705016,12.101979,6.120967,5.981012,11.87575,-5.439113000000001,0.8482678571428571,6.287380857142858
11.709796,12.24699,6.114447,6.132542,12.020761,-5.432593000000001,0.8586257857142857,6.291218785714286
11.711406,12.296766,6.108695,6.188071,12.070537,-5.426841,0.8621812142857143,6.289022214285714
11.71449,12.392177,6.102943,6.289234,12.165948,-5.421089,0.8689962857142858,6.290085285714286
11.717472,12.478709,6.093355,6.385354,12.25248,-5.4115009999999995,0.8751771428571429,6.286678142857142
11.720851,12.576953,6.086452,6.4905,12.350724,-5.404598,0.8821945714285714,6.286792571428571
11.723697,12.668604,6.079933,6.588671,12.442375,-5.398078999999999,0.8887410714285714,6.28682007142857
11.726863,12.765474,6.074564,6.69091,12.539245,-5.392709999999999,0.8956603571428571,6.288370357142856
11.730015,12.852792,6.065744,6.787049,12.626563,-5.383889999999999,0.9018973571428572,6.285787357142857
11.732916,12.946007,6.059608,6.886399,12.719778,-5.3777539999999995,0.9085555714285715,6.286309571428571
11.736134,13.043313,6.053855,6.989458,12.817084,-5.372001000000001,0.9155059999999999,6.287507000000001
11.73925,13.151908,6.044268,7.10764,12.925679,-5.362413999999999,0.9232627857142858,6.285676785714285
11.742659,13.237766,6.038515,7.19925,13.011537,-5.356661000000001,0.9293955,6.286056500000001
11.745762,13.329713,6.031996,7.297717,13.103484,-5.350142,0.9359631428571429,6.286105142857143
11.749786,13.448583,6.025477,7.423107,13.222354,-5.343623000000001,0.9444538571428571,6.288076857142858
11.751956,13.514468,6.016273,7.498195,13.288239,-5.3344190000000005,0.9491599285714286,6.283578928571429
11.755463,13.614494,6.01052,7.603974,13.388265,-5.328666,0.9563046428571429,6.284970642857143
11.759685,13.742342,6.004001,7.738341,13.516113,-5.322146999999999,0.9654366428571429,6.287583642857142
11.761376,13.790135,5.995564,7.794571,13.563906,-5.31371,0.9688504285714286,6.282560428571429
11.764736,13.88779,5.989428,7.898362,13.661561,-5.307574000000001,0.9758257857142858,6.283399785714287
11.767756,13.974092,5.983676,7.990416,13.747863,-5.301822,0.9819902142857143,6.283812214285714
11.770839,14.06317,5.977923,8.085247,13.836941,-5.296068999999999,0.9883529285714285,6.284421928571428
11.77414,14.156486,5.968719,8.187766,13.930257,-5.286865000000001,0.9950183571428571,6.281883357142858
11.777118,14.24172,5.962583,8.279137,14.015491,-5.280729000000001,1.0011065000000001,6.2818355000000015
11.780793,14.340401,5.957214,8.383187,14.114172,-5.275359999999999,1.008155142857143,6.2835151428571425
11.783354,14.414904,5.951462,8.463442,14.188675,-5.269608,1.0134767857142857,6.283084785714285
11.786204,14.495396,5.946093,8.549303,14.269167,-5.264239,1.0192262142857142,6.283465214285714
11.789757,14.586354,5.937656,8.648698,14.360125,-5.255801999999999,1.0257232142857142,6.281525214285713
11.792509,14.670493,5.932671,8.737823,14.444264,-5.250817,1.0317331428571428,6.282550142857143
11.795721,14.763356,5.927302,8.836054,14.537127,-5.245448,1.0383662142857142,6.283814214285714
11.79973,14.873201,5.920782,8.952418,14.646972,-5.238928,1.0462122857142857,6.285140285714285
11.801337,14.924129,5.912345,9.011784,14.6979,-5.230491000000001,1.04985,6.280341000000001
11.805289,15.022409,5.90736,9.115049,14.79618,-5.225505999999999,1.05687,6.282375999999999
11.810112,15.106628,5.901991,9.204637,14.880399,-5.220136999999999,1.062885642857143,6.2830226428571425
11.811395,15.187682,5.893938,9.293744,14.961453,-5.212084000000001,1.0686752142857143,6.280759214285715
11.814743,15.277662,5.888185,9.389477,15.051433,-5.2063310000000005,1.075102357142857,6.281433357142857
11.817717,15.354038,5.8832,9.470838,15.127809,-5.201346000000001,1.0805577857142856,6.281903785714286
11.820866,15.439081,5.877831,9.56125,15.212852,-5.195976999999999,1.0866322857142856,6.282609285714285
11.823818,15.515473,5.872078,9.643394,15.289244,-5.190224000000001,1.092088857142857,6.282312857142857
11.826648,15.590229,5.864025,9.726204,15.364,-5.182171,1.0974285714285714,6.279599571428571
11.829973,15.66783,5.858656,9.809173,15.441601,-5.176802,1.1029715,6.2797735
11.832838,15.752795,5.853287,9.899508,15.526566,-5.171433,1.1090404285714286,6.280473428571429
11.836017,15.831652,5.847918,9.983734,15.605423,-5.166064,1.1146730714285715,6.280737071428572
11.839103,15.926902,5.840248,10.086653,15.700673,-5.1583939999999995,1.1214766428571428,6.2798706428571425
11.841901,15.980985,5.834879,10.146105,15.754756,-5.1530249999999995,1.1253397142857142,6.278364714285714
11.845514,16.071553,5.829894,10.241659,15.845324000000002,-5.14804,1.1318088571428573,6.2798488571428575
11.849828,16.176927,5.824525,10.352402,15.950698,-5.142671,1.1393355714285713,6.282006571428571
11.850999,16.220836,5.817239,10.403597,15.994606999999998,-5.135384999999999,1.1424719285714284,6.277856928571428
11.854537,16.294471,5.81187,10.482602,16.068242,-5.1300159999999995,1.1477315714285716,6.277747571428571
11.857464,16.367183,5.806884,10.560298,16.140954,-5.125030000000001,1.1529252857142858,6.277955285714286
11.860745,16.443302,5.801899,10.641403,16.217073,-5.120044999999999,1.1583623571428572,6.278407357142856
11.863246,16.506499,5.797297,10.709202,16.28027,-5.115443000000001,1.1628764285714286,6.27831942857143
11.866125,16.57461,5.792311,10.782299,16.348381,-5.110457,1.1677415,6.2781985
11.869129,16.660865,5.78771,10.873155,16.434636,-5.105855999999999,1.1739025714285716,6.279758571428571
11.87184,16.710565,5.782724,10.927841,16.484336,-5.1008700000000005,1.1774525714285713,6.278322571428571
11.875104,16.786774,5.775821,11.010953,16.560545,-5.093966999999999,1.1828960714285714,6.27686307142857
11.879818,16.892948,5.771603,11.121346,16.666719,-5.089748999999999,1.1904799285714287,6.280228928571428
11.881342,16.929412,5.766617,11.162795,16.703183,-5.084763000000001,1.1930844999999999,6.2778475
11.884564,17.000504,5.762399,11.238105,16.774275,-5.080545000000001,1.1981625,6.278707500000001
11.88765,17.068135,5.755112,11.313023,16.841906,-5.073257999999999,1.2029932857142858,6.2762512857142845
11.88765,17.068135,5.75051,11.317625,16.841906,-5.068656000000001,1.2029932857142858,6.271649285714286
11.894496,17.213646,5.743608,11.470039,16.987417,-5.0617540000000005,1.2133869285714287,6.275140928571429
11.897045,17.284499,5.739389,11.545109,17.05827,-5.057535,1.2184478571428572,6.275982857142857
11.900699,17.355586,5.735171,11.620415,17.129357,-5.053317,1.2235254999999998,6.2768425
11.902819,17.408033,5.730569,11.677465,17.181804,-5.048715,1.2272717142857144,6.275986714285714
11.905571,17.466698,5.726734,11.739964,17.240469,-5.044880000000001,1.2314620714285716,6.276342071428573
11.909663,17.547743,5.722515,11.825227,17.321514,-5.040661,1.237251,6.277912000000001
11.911513,17.592613,5.715612,11.877001,17.366384,-5.033758000000001,1.240456,6.274214000000001
11.915189,17.665628,5.711394,11.954234,17.439399,-5.029540000000001,1.2456713571428573,6.275211357142858
11.919824,17.750998,5.707176,12.043822,17.524769,-5.025321999999999,1.2517692142857142,6.277091214285713
11.921374,17.791365,5.70104,12.090326,17.565136,-5.0191859999999995,1.2546525714285715,6.273838571428571
11.924796,17.858137,5.697588,12.160549,17.631908,-5.015734,1.259422,6.275156
11.929986,17.918406,5.69337,12.225036,17.692177,-5.011516,1.2637269285714285,6.275242928571429
11.931001,17.978662,5.688001,12.290662,17.752433,-5.006147,1.2680309285714286,6.274177928571429
11.934211,18.038049,5.683399,12.35465,17.81182,-5.001545,1.2722728571428572,6.273817857142857
11.937242,18.09712,5.679947,12.417173,17.870891,-4.998093000000001,1.2764922142857142,6.274585214285715
11.940707,18.152022,5.676496,12.475526,17.925793,-4.994642000000001,1.2804137857142857,6.275055785714287
11.942989,18.202065,5.672661,12.529404,17.975836,-4.990807,1.2839882857142857,6.274795285714286
11.946021,18.257676,5.669209,12.588467,18.031447,-4.987355000000001,1.2879605,6.275315500000001
11.949632,18.315021,5.663457,12.651563,18.088792,-4.981603,1.2920565714285714,6.2736595714285714
11.951977,18.362924,5.659622,12.703302,18.136695,-4.977767999999999,1.2954782142857142,6.273246214285713
11.955327,18.419908,5.656171,12.763737,18.193679,-4.974316999999999,1.2995485,6.273865499999999
11.959796,18.488711,5.652719,12.835992,18.262482,-4.970865,1.304463,6.275328
11.961323,18.522635,5.64735,12.875285,18.296406,-4.965496,1.306886142857143,6.272382142857143
11.964684,18.576059,5.644282,12.931777,18.34983,-4.962427999999999,1.3107021428571428,6.273130142857142
11.969918,18.62464,5.640447,12.984193,18.398411,-4.9585930000000005,1.3141722142857142,6.272765214285714
11.970909,18.67572,5.637379,13.038341,18.449491,-4.955525,1.3178207857142856,6.273345785714286
11.974189,18.727789,5.632394,13.095395,18.50156,-4.95054,1.3215400000000002,6.272080000000001
11.977218,18.775484,5.628943,13.146542,18.549255,-4.947089,1.3249467857142856,6.272035785714285
11.98073,18.821471,5.625491,13.19598,18.595242,-4.943637000000001,1.3282315714285713,6.271868571428572
11.983001,18.863399,5.62319,13.240209,18.63717,-4.941336,1.3312264285714286,6.272562428571428
11.985972,18.90513,5.619739,13.285391,18.678901,-4.937885,1.3342072142857142,6.272092214285713
11.989883,18.951999,5.617054,13.334944,18.72577,-4.9352,1.337555,6.272755
11.991822,18.989207,5.613219,13.375987,18.762978,-4.9313649999999996,1.3402127142857143,6.271577714285714
11.995125,19.033646,5.610535,13.423111,18.807417,-4.928680999999999,1.3433869285714286,6.272067928571428
11.999808,19.094845,5.6067,13.488145,18.868616,-4.9248460000000005,1.3477582857142856,6.272604285714286
12.00111,19.119962,5.604399,13.515563,18.893733,-4.9225449999999995,1.3495523571428572,6.272097357142856
12.004421,19.160973,5.602098,13.558876,18.934744,-4.920244,1.3524817142857142,6.2727257142857145
12.007268,19.196498,5.597496,13.599002,18.970269,-4.915642,1.3550192142857143,6.270661214285714
12.010777,19.231806,5.595195,13.636611,19.005577,-4.913341000000001,1.3575412142857142,6.270882214285715
12.01336,19.26951,5.592127,13.677383,19.043281,-4.910273,1.3602343571428572,6.270507357142858
12.016672,19.307458,5.590209,13.717249,19.081229,-4.908355,1.3629449285714286,6.271299928571429
12.019977,19.349271,5.586375,13.762897,19.123042,-4.904521000000001,1.3659315714285716,6.270452571428573
12.022583,19.377758,5.58369,13.794068,19.151529,-4.901835999999999,1.367966357142857,6.269802357142856
12.025708,19.414642,5.581389,13.833253,19.188413,-4.899535,1.3706009285714287,6.270135928571429
12.029776,19.452105,5.579088,13.873017,19.225876,-4.897233999999999,1.373276857142857,6.270510857142856
12.03195,19.477784,5.57602,13.901764,19.251555,-4.894166,1.3751110714285715,6.269277071428572
12.035221,19.510174,5.574103,13.936072,19.283945,-4.892249,1.3774246428571428,6.269673642857143
12.039717,19.554464,5.571802,13.982662,19.328235,-4.889948,1.3805882142857142,6.270536214285714
12.041524,19.573187,5.569884,14.003303,19.346958,-4.8880300000000005,1.3819255714285714,6.2699555714285715
12.044473,19.60378,5.567583,14.036197,19.377551,-4.8857289999999995,1.3841107857142858,6.269839785714286
12.047272,19.628688,5.564899,14.063789,19.402459,-4.883044999999999,1.3858899285714286,6.2689349285714275
12.050832,19.653214,5.563365,14.089849,19.426985,-4.881511,1.3876417857142855,6.269152785714285
12.053559,19.678927,5.561064,14.117863,19.452698,-4.8792100000000005,1.3894784285714288,6.268688428571429
12.057081,19.705086,5.55953,14.145556,19.478857,-4.877675999999999,1.3913469285714286,6.269022928571427
12.060756,19.729544,5.558379,14.171165,19.503315,-4.876525000000001,1.3930939285714286,6.269618928571429
12.063027,19.751652,5.556845,14.194807,19.525423,-4.874991,1.3946730714285713,6.269664071428571
12.065982,19.773582,5.555311,14.21827,19.547353,-4.873457,1.3962395,6.2696965
12.06899,19.796564,5.553394,14.24317,19.570335,-4.8715399999999995,1.3978810714285714,6.269421071428571
12.07178,19.815697,5.55186,14.263837,19.589468,-4.870006,1.3992477142857143,6.269253714285714
12.074833,19.837973,5.549942,14.28803,19.611744,-4.868088,1.4008388571428572,6.268926857142858
12.077734,19.856626,5.548792,14.307834,19.630397,-4.866937999999999,1.4021712142857141,6.269109214285713
12.080867,19.874162,5.546875,14.327288,19.647933,-4.8650210000000005,1.4034237857142855,6.268444785714286
12.08359,19.887703,5.546491,14.341212,19.661474,-4.864637,1.404391,6.2690280000000005
12.086553,19.90292,5.545341,14.357579,19.676691,-4.863486999999999,1.4054779285714287,6.268964928571428
12.09021,19.918273,5.54419,14.374083,19.692044,-4.862336000000001,1.4065745714285713,6.268910571428572
12.09281,19.932119,5.543423,14.388696,19.70589,-4.861568999999999,1.4075635714285715,6.269132571428571
12.096003,19.947468,5.542273,14.405196,19.721239,-4.860419,1.4086599285714285,6.269078928571429
12.099191,19.960747,5.541122,14.419625,19.734518,-4.859268,1.4096084285714288,6.268876428571429
12.102128,19.969859,5.540355,14.429504,19.74363,-4.858501,1.4102592857142857,6.268760285714286
12.105523,19.976872,5.539972,14.4369,19.750643,-4.858117999999999,1.4107602142857143,6.268878214285714
12.109894,19.988746,5.539205,14.449542,19.762517,-4.8573509999999995,1.411608357142857,6.268959357142856
12.111497,19.993239,5.538438,14.454801,19.76701,-4.856584,1.4119292857142856,6.268513285714286
12.115399,19.999652,5.538054,14.461598,19.773423,-4.856199999999999,1.4123873571428571,6.268587357142857
12.121512,20.010968,5.537287,14.473681,19.784739,-4.855433,1.4131956428571428,6.268628642857142
12.121512,20.014187,5.536904,14.477284,19.787958,-4.85505,1.4134255714285715,6.268475571428572
12.125827,20.020373,5.53652,14.483853,19.794144,-4.854666,1.4138674285714286,6.268533428571429
12.12895,20.024828,5.536137,14.488691,19.798599,-4.854283000000001,1.4141856428571429,6.268468642857144
12.131701,20.02836,5.53537,14.492991,19.802131,-4.853516000000001,1.4144379285714286,6.26795392857143
12.134894,20.035257,5.534986,14.500271,19.809028,-4.8531320000000004,1.4149305714285716,6.2680625714285725
12.137966,20.04021,5.534986,14.505223,19.813981,-4.8531320000000004,1.415284357142857,6.268416357142858
12.14115,20.041789,5.53537,14.506419,19.81556,-4.853516000000001,1.415397142857143,6.268913142857144
12.143747,20.041618,5.53537,14.506248,19.815389,-4.853516000000001,1.4153849285714286,6.26890092857143
12.146775,20.039377,5.53537,14.504007,19.813148,-4.853516000000001,1.4152248571428572,6.268740857142858
12.15003,20.037266,5.534986,14.50228,19.811037,-4.8531320000000004,1.4150740714285714,6.268206071428572
12.152788,20.036163,5.53537,14.500794,19.809934,-4.853516000000001,1.4149952857142856,6.268511285714286
12.156083,20.034899,5.53537,14.499529,19.80867,-4.853516000000001,1.4149049999999999,6.268421000000001
12.159165,20.035621,5.53537,14.500252,19.809392,-4.853516000000001,1.4149565714285715,6.268472571428572
12.161957,20.034268,5.53537,14.498899,19.808039,-4.853516000000001,1.4148599285714287,6.268375928571429
12.165467,20.032009,5.535753,14.496256,19.80578,-4.853899,1.4146985714285714,6.268597571428572
12.169837,20.026035,5.535753,14.490282,19.799806,-4.853899,1.4142718571428572,6.268170857142858
12.17139,20.02371,5.53652,14.48719,19.797481,-4.854666,1.4141057857142858,6.268771785714286
12.174774,20.01954,5.536904,14.482636,19.793311,-4.85505,1.4138079285714285,6.268857928571428
12.179816,20.013539,5.537287,14.476252,19.78731,-4.855433,1.4133792857142857,6.268812285714286
12.181085,20.000491,5.537671,14.46282,19.774262,-4.855817,1.4124472857142858,6.268264285714286
12.184175,19.990385,5.538821,14.451564,19.764156,-4.856967000000001,1.4117254285714285,6.26869242857143
12.187216,19.974994,5.539972,14.435023,19.748765,-4.858117999999999,1.4106260714285714,6.2687440714285705
12.187216,19.974994,5.540739,14.434256,19.748765,-4.858885000000001,1.4106260714285714,6.269511071428572
12.19429,19.947206,5.541506,14.4057,19.720977,-4.8596520000000005,1.4086412142857143,6.268293214285714
12.196544,19.935438,5.542656,14.392781,19.709209,-4.860802,1.407800642857143,6.268602642857143
12.200735,19.918633,5.543423,14.37521,19.692404,-4.861568999999999,1.4066002857142856,6.2681692857142846
12.203343,19.906175,5.545341,14.360835,19.679946,-4.863486999999999,1.4057104285714286,6.269197428571427
12.206449,19.892925,5.545724,14.347201,19.666696,-4.86387,1.4047640000000001,6.2686340000000005
12.209682,19.880352,5.546491,14.333861,19.654123,-4.864637,1.4038659285714286,6.268502928571428
12.212359,19.865342,5.548025,14.317317,19.639113,-4.866171,1.4027937857142856,6.268964785714285
12.2155,19.844813,5.549942,14.29487,19.618584,-4.868088,1.4013274285714286,6.2694154285714285
12.219783,19.815616,5.551476,14.26414,19.589387,-4.869622,1.3992419285714284,6.268863928571428
12.222337,19.795812,5.553394,14.242418,19.569583,-4.8715399999999995,1.3978273571428572,6.2693673571428565
12.225,19.770015,5.554928,14.215087,19.543786,-4.873074000000001,1.3959847142857142,6.269058714285715
12.229824,19.736586,5.557612,14.178974,19.510357,-4.875757999999999,1.3935969285714285,6.269354928571428
12.230972,19.722246,5.558763,14.163483,19.496017,-4.8769089999999995,1.3925726428571428,6.2694816428571425
12.234292,19.696328,5.560297,14.136031,19.470099,-4.878443000000001,1.3907213571428572,6.2691643571428575
12.237176,19.67354,5.562214,14.111326,19.447311,-4.88036,1.3890936428571428,6.269453642857142
12.240761,19.647945,5.563748,14.084197,19.421716,-4.881894000000001,1.3872654285714285,6.269159428571429
12.242983,19.624454,5.565666,14.058789,19.398225,-4.883812000000001,1.3855875,6.2693995000000005
12.246091,19.597559,5.568734,14.028825,19.37133,-4.88688,1.3836664285714286,6.2705464285714285
12.249308,19.568133,5.570268,13.997865,19.341904,-4.888414000000001,1.3815645714285714,6.269978571428572
12.252074,19.536674,5.572952,13.963722,19.310445,-4.8910979999999995,1.3793175000000002,6.2704154999999995
12.255133,19.504982,5.57487,13.930112,19.278753,-4.893015999999999,1.3770537857142855,6.270069785714285
12.259832,19.462049,5.577554,13.884495,19.23582,-4.8957,1.3739871428571429,6.269687142857142
12.261919,19.440372,5.579855,13.860517,19.214143,-4.898001000000001,1.3724387857142857,6.270439785714286
12.265046,19.407681,5.582156,13.825525,19.181452,-4.900302,1.3701037142857142,6.270405714285714
12.270331,19.373436,5.584457,13.788979,19.147207,-4.902602999999999,1.367657642857143,6.270260642857142
12.27119,19.33599,5.588676,13.747314,19.109761,-4.906822,1.3649829285714286,6.271804928571429
12.274363,19.295441,5.590976,13.704465,19.069212,-4.909122,1.3620865714285715,6.271208571428572
12.277322,19.257996,5.593661,13.664335,19.031767,-4.911807,1.3594119285714286,6.271218928571428
12.280923,19.218793,5.597496,13.621297,18.992564,-4.915642,1.3566117142857144,6.272253714285714
12.28347,19.184434,5.60018,13.584254,18.958205,-4.918326,1.3541575,6.2724835
12.286937,19.139293,5.603248,13.536044,18.913064,-4.921393999999999,1.3509331428571427,6.272327142857142
12.291976,19.081979,5.607467,13.474513,18.85575,-4.925613,1.3468392857142857,6.2724522857142855
12.292941,19.051261,5.610151,13.44111,18.825032,-4.928297000000001,1.3446451428571429,6.2729421428571435
12.296431,19.006088,5.613219,13.392869,18.779859,-4.9313649999999996,1.3414184999999998,6.272783499999999
12.299741,18.959189,5.615904,13.343285,18.73296,-4.934049999999999,1.3380685714285714,6.272118571428571
12.302427,18.923946,5.618205,13.305742,18.697717,-4.936351,1.3355512142857144,6.271902214285714
12.305329,18.879379,5.621656,13.257723,18.65315,-4.939802,1.3323678571428572,6.272169857142858
12.309808,18.817293,5.626642,13.190651,18.591064,-4.944788000000001,1.3279331428571428,6.272721142857144
12.311489,18.78682,5.629709,13.157111,18.560591,-4.947855000000001,1.3257565,6.2736115
12.314916,18.733953,5.634695,13.099258,18.507724,-4.952840999999999,1.3219802857142857,6.274821285714285
12.319754,18.664006,5.638146,13.025859,18.437777,-4.9562919999999995,1.3169840714285714,6.273276071428571
12.321631,18.635152,5.640831,12.994321,18.408923,-4.958977000000001,1.3149230714285716,6.273900071428573
12.324494,18.578626,5.644282,12.934343,18.352397,-4.962427999999999,1.3108855,6.273313499999999
12.327364,18.530931,5.64735,12.883581,18.304702,-4.965496,1.3074787142857143,6.272974714285715
12.330906,18.478229,5.651569,12.82666,18.252,-4.969715000000001,1.3037142857142856,6.273429285714286
12.33327,18.433458,5.656938,12.77652,18.207229,-4.975084000000001,1.3005163571428573,6.275600357142858
12.336089,18.384162,5.66154,12.722622,18.157933,-4.979685999999999,1.2969952142857142,6.276681214285714
12.339267,18.32694,5.664224,12.662716,18.100711,-4.9823699999999995,1.2929079285714287,6.275277928571429
12.342026,18.278108,5.668059,12.610049,18.051879,-4.986205,1.2894199285714285,6.275624928571428
12.345406,18.218151,5.671894,12.546257,17.991922,-4.9900400000000005,1.2851372857142855,6.275177285714286
12.349772,18.141762,5.677263,12.464499,17.915533,-4.995409,1.2796809285714286,6.275089928571429
12.351401,18.107365,5.681098,12.426268,17.881136,-4.999244000000001,1.2772240000000001,6.276468000000001
12.354735,18.041684,5.684549,12.357135,17.815455,-5.002694999999999,1.2725325,6.2752275
12.359904,17.98632,5.688768,12.297552,17.760091,-5.006914,1.2685779285714285,6.275491928571428
12.360922,17.926721,5.694904,12.231817,17.700492,-5.01305,1.2643208571428572,6.2773708571428575
12.363899,17.866082,5.698355,12.167727,17.639853,-5.016501,1.2599894999999999,6.2764904999999995
12.366888,17.807267,5.70219,12.105077,17.581038,-5.020336,1.2557884285714285,6.276124428571428
12.370756,17.737746,5.706792,12.030954,17.511517,-5.024938000000001,1.250822642857143,6.2757606428571435
12.372879,17.684024,5.71101,11.973014,17.457795,-5.029156,1.2469853571428573,6.2761413571428575
12.376016,17.623406,5.716763,11.906644,17.397177,-5.034909000000001,1.2426555,6.2775645
12.379083,17.557423,5.720981,11.836441,17.331194,-5.039127000000001,1.2379424285714287,6.277069428571429
12.382064,17.495614,5.7252,11.770414,17.269385,-5.043346,1.2335274999999999,6.2768735
12.384736,17.436924,5.729418,11.707506,17.210695,-5.0475639999999995,1.2293353571428571,6.276899357142857
12.3876,17.377038,5.73402,11.643018,17.150809,-5.052166,1.2250577857142857,6.277223785714286
12.390907,17.309788,5.738622,11.571166,17.083559,-5.056768,1.2202542142857145,6.277022214285714
12.39341,17.254992,5.743224,11.511768,17.028763,-5.06137,1.2163402142857145,6.277710214285714
12.39659,17.182949,5.749743,11.433205,16.95672,-5.067888999999999,1.2111942857142857,6.279083285714285
12.399836,17.120499,5.754345,11.366153,16.89427,-5.072490999999999,1.2067335714285714,6.279224571428571
12.402532,17.050757,5.758947,11.291809,16.824528,-5.077093,1.2017520000000002,6.278845
12.405677,16.978811,5.763933,11.214878,16.752582,-5.082079,1.196613,6.278692
12.409736,16.893964,5.768918,11.125046,16.667735,-5.087064,1.1905525000000001,6.2776165
12.411596,16.845886,5.775821,11.070065,16.619657,-5.093966999999999,1.1871183571428572,6.281085357142857
12.415065,16.764409,5.780423,10.983986,16.53818,-5.0985689999999995,1.1812985714285715,6.279867571428571
12.419889,16.661533,5.787326,10.874207,16.435304,-5.105472000000001,1.1739502857142856,6.279422285714286
12.421589,16.613909,5.791928,10.821981,16.38768,-5.110074000000001,1.1705485714285715,6.280622571428572
12.42519,16.526568,5.796913,10.729655,16.300339,-5.1150590000000005,1.1643099285714287,6.279368928571429
12.429881,16.421807,5.801899,10.619908,16.195578,-5.120044999999999,1.156827,6.276871999999999
12.431303,16.379682,5.809185,10.570497,16.153453,-5.127331,1.1538180714285713,6.281149071428571
12.434435,16.299591,5.814554,10.485037,16.073362,-5.1327,1.1480972857142857,6.280797285714286
12.439848,16.22288,5.81954,10.403341,15.996651,-5.137686,1.1426179285714286,6.2803039285714295
12.440896,16.141382,5.827593,10.313789,15.915153,-5.145739000000001,1.1367966428571428,6.282535642857144
12.443796,16.066461,5.832962,10.233499,15.840232,-5.151108000000001,1.1314451428571428,6.282553142857143
12.446766,15.991389,5.837564,10.153825,15.76516,-5.155710000000001,1.1260828571428572,6.281792857142858
12.450003,15.910736,5.843316,10.06742,15.684507,-5.161462,1.1203219285714285,6.2817839285714285
12.452686,15.836392,5.850986,9.985406,15.610163,-5.169131999999999,1.1150116428571428,6.284143642857142
12.456241,15.750184,5.856355,9.893829,15.523955,-5.174500999999999,1.1088539285714287,6.283354928571428
12.45959,15.668899,5.861724,9.807175,15.44267,-5.179869999999999,1.103047857142857,6.2829178571428566
12.462246,15.590347,5.869777,9.72057,15.364118,-5.187923,1.097437,6.28536
12.465743,15.497994,5.875913,9.62208,15.271765,-5.194058999999999,1.090840357142857,6.284899357142857
12.46911,15.407585,5.881282,9.526302,15.181356,-5.199427999999999,1.0843825714285713,6.283810571428571
12.471693,15.337327,5.886651,9.450676,15.111098,-5.204796999999999,1.0793641428571428,6.284161142857142
12.47491,15.25737,5.892404,9.364966,15.031141,-5.21055,1.0736529285714285,6.284202928571428
12.47765,15.179543,5.898156,9.281387,14.953314,-5.216302000000001,1.068093857142857,6.284395857142858
12.480954,15.094841,5.903142,9.1917,14.868612,-5.2212879999999995,1.0620437142857144,6.283331714285714
12.483455,15.022287,5.911195,9.111092,14.796058,-5.229341,1.0568612857142858,6.286202285714285
12.486551,14.937379,5.916947,9.020432,14.71115,-5.235093000000001,1.0507964285714286,6.28588942857143
12.49018,14.847876,5.923083,8.924793,14.621647,-5.241229000000001,1.044403357142857,6.285632357142857
12.49287,14.771769,5.928452,8.843317,14.54554,-5.2465980000000005,1.038967142857143,6.285565142857143
12.496572,14.67046,5.936889,8.733571,14.444231,-5.2550349999999995,1.0317307857142857,6.286765785714286
12.49983,14.586163,5.942258,8.643905,14.359934,-5.260403999999999,1.0257095714285716,6.2861135714285705
12.502868,14.489993,5.948011,8.541983,14.263764,-5.266157,1.0188402857142858,6.284997285714286
12.505821,14.409913,5.956064,8.453849,14.183684,-5.27421,1.0131202857142856,6.287330285714286
12.50916,14.295639,5.961816,8.333823,14.06941,-5.279961999999999,1.004957857142857,6.284919857142857
12.512699,14.218354,5.96987,8.248484,13.992125,-5.288016000000001,0.9994375,6.287453500000001
12.515821,14.121823,5.976006,8.145817,13.895594,-5.294152,0.9925424285714285,6.286694428571429
12.519035,14.00976,5.981758,8.028002,13.783531,-5.299904,0.9845379285714285,6.284441928571428
12.521735,13.956815,5.987894,7.968921,13.730586,-5.306039999999999,0.9807561428571429,6.286796142857142
12.52518,13.854341,5.996331,7.85801,13.628112,-5.314477,0.9734365714285714,6.287913571428572
12.530142,13.763464,6.002467,7.760998,13.537235,-5.320613,0.9669453571428572,6.287558357142857
12.531548,13.672838,6.008603,7.664235,13.446609,-5.3267489999999995,0.9604720714285715,6.287221071428571
12.534852,13.570887,6.013972,7.556915,13.344658,-5.3321179999999995,0.9531898571428572,6.285307857142857
12.537888,13.486377,6.022792,7.463585,13.260148,-5.3409379999999995,0.9471534285714285,6.288091428571428
12.540875,13.393779,6.028928,7.364851,13.16755,-5.347073999999999,0.9405392857142857,6.287613285714285
12.543774,13.309461,6.035064,7.274398,13.083232,-5.353210000000001,0.9345165714285715,6.287726571428572
12.546602,13.223115,6.041583,7.181532,12.996886,-5.359729,0.928349,6.288078
12.549823,13.137404,6.048103,7.089301,12.911175,-5.366249,0.9222267857142857,6.288475785714286
12.552454,13.052049,6.053855,6.998194,12.82582,-5.372001000000001,0.91613,6.288131000000001
12.55558,12.958315,6.058841,6.899474,12.732086,-5.376987,0.9094347142857143,6.286421714285714
12.559688,12.830861,6.067661,6.7632,12.604632,-5.385807,0.9003308571428572,6.286137857142857
12.561199,12.777314,6.074564,6.70275,12.551085,-5.392709999999999,0.8965060714285714,6.28921607142857
12.564749,12.679554,6.080316,6.599238,12.453325,-5.398462,0.8895232142857142,6.287985214285714
12.567798,12.593482,6.086452,6.50703,12.367253,-5.404598,0.8833752142857143,6.2879732142857145
12.57086,12.493632,6.092588,6.401044,12.267403,-5.410734,0.8762430714285714,6.286977071428571
12.573708,12.411101,6.101792,6.309309,12.184872,-5.419938,0.870348,6.290286
12.57661,12.319242,6.107928,6.211314,12.093013,-5.426074,0.8637866428571428,6.289860642857143
12.579931,12.227075,6.114064,6.113012,12.000846,-5.4322099999999995,0.8572032857142856,6.289413285714285
12.582481,12.139364,6.1202,6.019165,11.913135,-5.438345999999999,0.8509382142857144,6.289284214285714
12.585792,12.039158,6.127103,5.912055,11.812929,-5.4452490000000004,0.8437806428571429,6.289029642857144
12.590293,11.915799,6.13669,5.779109,11.68957,-5.454836,0.8349692857142857,6.289805285714286
12.591564,11.853724,6.142826,5.710898,11.627495,-5.460972,0.8305353571428571,6.291507357142857
12.595473,11.739205,6.149345,5.58986,11.512976,-5.467491000000001,0.8223554285714286,6.28984642857143
12.600082,11.650403,6.155865,5.494538,11.424174,-5.474011000000001,0.8160124285714286,6.29002342857143
12.60133,11.557355,6.164685,5.39267,11.331126,-5.482831000000001,0.8093661428571428,6.292197142857144
12.604441,11.464396,6.170054,5.294341,11.238167,-5.488200000000001,0.8027262142857143,6.290926214285715
12.607347,11.371696,6.177341,5.194356,11.145467,-5.495487000000001,0.7961047857142857,6.291591785714286
12.610898,11.27177,6.18386,5.08791,11.045541,-5.502006,0.7889672142857143,6.290973214285714
12.613224,11.189609,6.189229,5.00038,10.96338,-5.507375,0.7830985714285715,6.2904735714285716
12.616708,11.088567,6.198433,4.890134,10.862338,-5.516579,0.7758812857142857,6.292460285714286
12.619853,10.996311,6.205336,4.790975,10.770082,-5.523482,0.7692915714285714,6.292773571428571
12.622703,10.898569,6.214923,4.683646,10.67234,-5.533068999999999,0.76231,6.295379
12.62625,10.787378,6.221443,4.565936,10.561149,-5.539588999999999,0.7543677857142858,6.293956785714285
12.629431,10.686294,6.227579,4.458716,10.460065,-5.545725000000001,0.7471475,6.2928725000000005
12.632099,10.603871,6.234098,4.369773,10.377642,-5.552244,0.7412601428571428,6.2935041428571425
12.635502,10.503278,6.240617,4.262661,10.277049,-5.558763000000001,0.7340749285714285,6.292837928571429
12.63975,10.368209,6.24637,4.121839,10.14198,-5.564515999999999,0.7244271428571428,6.288943142857142
12.641433,10.317323,6.255574,4.061749,10.091094,-5.57372,0.7207924285714286,6.294512428571428
12.64502,10.207979,6.265545,3.942434,9.98175,-5.583691,0.7129821428571429,6.296673142857143
12.649866,10.055758,6.272064,3.783694,9.829529,-5.590210000000001,0.7021092142857144,6.292319214285715
12.651151,9.99802,6.278583,3.719437,9.771791,-5.596729,0.6979850714285715,6.294714071428571
12.654815,9.90174,1.107918,8.793822,9.675511,-0.426064,0.6911079285714286,1.1171719285714286
12.657865,9.803915,0.042184,9.761731,9.577686,0.63967,0.6841204285714285,0.04445042857142856
12.6609,9.710567,0.020325,9.690242,9.484338,0.6615289999999999,0.6774527142857142,0.015923714285714263
12.663858,9.616829,0.023393,9.593436,9.3906,0.658461,0.6707571428571428,0.012296142857142867
12.666776,9.527706,0.029529,9.498177,9.301477,0.6523249999999999,0.6643912142857143,0.012066214285714416
12.669974,9.435183,0.036432,9.39875,9.208954,0.6454219999999999,0.6577824285714285,0.012360428571428606
12.672794,9.340372,0.043335,9.297037,9.114143,0.638519,0.6510102142857143,0.012491214285714314
12.675865,9.244005,0.053306,9.190699,9.017776,0.628548,0.6441268571428571,0.015578857142857117
12.678918,9.122931,0.058675,9.064256,8.896702,0.6231789999999999,0.6354787142857142,0.012299714285714303
12.682088,9.049592,0.065194,8.984398,8.823363,0.61666,0.6302402142857143,0.01358021428571432
12.685472,8.948484,0.074398,8.874086,8.722255,0.607456,0.6230182142857144,0.01556221428571436
12.690473,8.812941,0.08015,8.73279,8.586712,0.601704,0.6133365714285715,0.011632571428571437
12.691565,8.746967,0.089354,8.657613,8.520738,0.5924999999999999,0.6086241428571428,0.01612414285714292
12.695349,8.638927,0.095107,8.543821,8.412698,0.5867469999999999,0.6009070000000001,0.014160000000000172
12.699721,8.503915,0.104311,8.399604,8.277686,0.5775429999999999,0.5912632857142857,0.01372028571428574
12.70196,8.434636,0.110063,8.324573,8.208407,0.5717909999999999,0.5863147857142856,0.014523785714285697
12.705528,8.330928,0.116583,8.214345,8.104699,0.565271,0.5789070714285715,0.013636071428571483
12.710159,8.239093,0.121951,8.117142,8.012864,0.5599029999999999,0.5723474285714286,0.01244442857142869
12.711377,8.147857,0.131155,8.016702,7.921628,0.5506989999999999,0.5658305714285714,0.015131571428571466
12.714875,8.041007,0.137291,7.903715,7.8147780000000004,0.5445629999999999,0.5581984285714287,0.013635428571428743
12.718024,7.950422,0.143044,7.807378,7.724193,0.53881,0.5517280714285714,0.012918071428571376
12.721081,7.852454,0.148413,7.704042,7.626225,0.5334409999999999,0.5447303571428571,0.01128935714285717
12.723791,7.77218,0.154549,7.617632,7.545951,0.5273049999999999,0.5389965,0.011691500000000077
12.726774,7.682405,0.161068,7.521337,7.456176,0.520786,0.5325840000000001,0.011798000000000086
12.73002,7.595561,0.169121,7.426439,7.369332,0.512733,0.5263808571428571,0.0136478571428571
12.733147,7.490932,0.174874,7.316058,7.264703,0.50698,0.5189073571428572,0.011927357142857198
12.736412,7.398242,0.180243,7.217999,7.172013,0.501611,0.5122866428571429,0.010675642857142842
12.739336,7.29422,0.186379,7.107842,7.067991,0.495475,0.5048565,0.009381500000000043
12.741896,7.230269,0.195583,7.034686,7.00404,0.48627099999999995,0.5002885714285714,0.014017571428571463
12.74537,7.127129,0.200951,6.926178,6.9009,0.48090299999999997,0.49292142857142857,0.012018428571428597
12.749737,6.99853,0.20632,6.792209,6.772301,0.47553399999999996,0.4837357857142857,0.008201785714285759
12.751113,6.943259,0.214757,6.728502,6.71703,0.467097,0.47978785714285715,0.01269085714285717
12.75471,6.855434,0.220126,6.635307,6.629205,0.46172799999999997,0.47351464285714284,0.01178664285714287
12.759847,6.704748,0.225879,6.478869,6.478519,0.45597499999999996,0.46275135714285714,0.006776357142857181
12.761514,6.657784,0.235083,6.422701,6.431555,0.446771,0.4593967857142857,0.012625785714285742
12.765129,6.550236,0.240835,6.309401,6.324007,0.44101899999999994,0.4517147857142857,0.010695785714285755
12.769915,6.416786,0.249272,6.167514,6.190557,0.43258199999999997,0.44218264285714287,0.009600642857142905
12.771266,6.363312,0.255791,6.107521,6.137083,0.42606299999999997,0.4383630714285714,0.012300071428571424
12.774952,6.270208,0.264228,6.00598,6.043979,0.41762599999999994,0.43171278571428573,0.014086785714285788
12.779873,6.131402,0.26883,5.862572,5.905173,0.41302399999999995,0.4217980714285714,0.00877407142857145
12.781312,6.078843,0.277651,5.801193,5.852614,0.404203,0.41804385714285713,0.013840857142857155
12.785239,5.975414,0.283786,5.691627,5.749185,0.398068,0.4106560714285714,0.012588071428571435
12.788364,5.891421,0.289155,5.602266,5.665192,0.39269899999999996,0.4046565714285714,0.011957571428571456
12.791347,5.80378,0.294141,5.509639,5.577551,0.387713,0.3983965,0.010683500000000012
12.794427,5.720784,0.299893,5.420891,5.494555,0.38196099999999994,0.39246821428571427,0.010507214285714328
12.797353,5.637592,0.307947,5.329645,5.411363,0.37390699999999993,0.38652592857142853,0.0126189285714286
12.800798,5.547984,0.313699,5.234285,5.321755,0.36815499999999995,0.3801253571428571,0.011970357142857158
12.803242,5.476393,0.318301,5.158092,5.250164,0.36355299999999996,0.3750117142857143,0.011458714285714322
12.806393,5.390885,0.324437,5.066448,5.164656,0.357417,0.368904,0.011487000000000025
12.809481,5.303434,0.329806,4.973629,5.077205,0.35204799999999997,0.3626575,0.01060950000000005
12.812526,5.228712,0.337476,4.891237,5.002483,0.34437799999999996,0.35732021428571425,0.012942214285714293
12.815389,5.148408,0.342078,4.80633,4.922179,0.33977599999999997,0.3515842142857143,0.011808214285714325
12.81991,5.032444,0.347063,4.685381,4.806215,0.33479099999999995,0.3433010714285714,0.008510071428571464
12.821944,4.977379,0.355117,4.622262,4.75115,0.32673699999999994,0.33936785714285717,0.012630857142857221
12.825491,4.884484,0.361252,4.523232,4.658255,0.32060199999999994,0.3327325,0.012130500000000044
12.831223,4.772421,0.365471,4.40695,4.546192,0.31638299999999997,0.32472799999999996,0.008344999999999991
12.831223,4.727054,0.372757,4.354297,4.500825,0.30909699999999996,0.3214875,0.012390500000000026
12.835485,4.623916,0.377359,4.246557,4.397687,0.30449499999999996,0.3141205,0.009625500000000065
12.839903,4.516582,0.385796,4.130786,4.290353,0.296058,0.30645378571428566,0.010395785714285677
12.841406,4.465991,0.390398,4.075593,4.239762,0.29145599999999994,0.30284014285714284,0.011384142857142898
12.845292,4.377432,0.395,3.982432,4.151203,0.28685399999999994,0.29651449999999996,0.009660500000000016
12.849801,4.266553,0.402286,3.864267,4.040324,0.279568,0.2885945714285714,0.00902657142857144
12.85138,4.227336,0.407655,3.819681,4.001107,0.27419899999999997,0.28579335714285714,0.01159435714285717
12.854747,4.144559,0.412257,3.732301,3.91833,0.269597,0.2798807142857143,0.01028371428571434
12.85994,4.075001,0.418777,3.656224,3.8487720000000003,0.26307699999999995,0.2749122857142857,0.01183528571428577
12.861163,3.989987,0.423762,3.566224,3.763758,0.25809199999999993,0.26883985714285713,0.010747857142857198
12.864279,3.916116,0.429131,3.486985,3.689887,0.252723,0.26356335714285717,0.010840357142857193
12.867111,3.848636,0.433733,3.414903,3.622407,0.24812099999999998,0.2587433571428571,0.010622357142857142
12.870141,3.775251,0.437952,3.337299,3.549022,0.24390199999999995,0.25350157142857144,0.009599571428571485
12.872989,3.711516,0.444471,3.267045,3.485287,0.23738299999999996,0.24894907142857142,0.011566071428571467
12.876558,3.634083,0.449073,3.18501,3.407854,0.23278099999999996,0.24341814285714286,0.0106371428571429
12.879718,3.564374,0.453291,3.111083,3.338145,0.22856299999999996,0.23843892857142857,0.009875928571428605
12.88261,3.490844,0.459811,3.031034,3.264615,0.22204299999999993,0.23318678571428572,0.011143785714285787
12.885935,3.417548,0.463646,2.953902,3.191319,0.21820799999999996,0.22795135714285714,0.009743357142857179
12.890426,3.328964,0.468631,2.860333,3.102735,0.21322299999999994,0.22162392857142857,0.008400928571428629
12.891602,3.279546,0.474767,2.804779,3.053317,0.20708699999999997,0.21809407142857143,0.011007071428571463
12.89562,3.204093,0.478986,2.725108,2.977864,0.20286799999999994,0.2127045714285714,0.009836571428571472
12.899694,3.111227,0.48282,2.628406,2.884998,0.19903399999999993,0.2060712857142857,0.007037285714285774
12.90148,3.071344,0.486655,2.584689,2.845115,0.19519899999999996,0.2032225,0.008023500000000044
12.905098,2.997102,0.492791,2.504311,2.770873,0.18906299999999998,0.1979195,0.008856500000000017
12.908016,2.93774,0.497393,2.440347,2.711511,0.18446099999999999,0.19367935714285714,0.009218357142857153
12.911151,2.87168,0.501228,2.370451,2.645451,0.18062599999999995,0.1889607857142857,0.008334785714285753
12.913965,2.815163,0.505063,2.310099,2.588934,0.17679099999999992,0.18492385714285714,0.00813285714285722
12.916795,2.757574,0.509282,2.248292,2.531345,0.17257199999999995,0.18081035714285715,0.0082383571428572
12.920372,2.694066,0.514651,2.179416,2.467837,0.167203,0.1762740714285714,0.009071071428571414
12.923072,2.629593,0.518869,2.110724,2.403364,0.16298499999999994,0.17166885714285712,0.008683857142857188
12.926539,2.5632,0.52232,2.04088,2.336971,0.15953399999999995,0.1669265,0.007392500000000052
12.929773,2.504826,0.526155,1.978671,2.278597,0.15569899999999992,0.16275692857142857,0.0070579285714286455
12.932558,2.446922,0.531908,1.915015,2.220693,0.1499459999999999,0.15862092857142857,0.008674928571428653
12.935494,2.390613,0.534976,1.855637,2.164384,0.14687799999999995,0.15459885714285715,0.007720857142857196
12.939748,2.311627,0.538811,1.772817,2.085398,0.14304299999999992,0.148957,0.005914000000000086
12.940963,2.279493,0.542646,1.736848,2.053264,0.139208,0.14666171428571428,0.007453714285714286
12.944674,2.223953,0.545714,1.678239,1.9977239999999998,0.13613999999999993,0.14269457142857142,0.006554571428571493
12.947456,2.170351,0.548782,1.621569,1.9441220000000001,0.13307199999999997,0.13886585714285715,0.005793857142857184
12.950731,2.115278,0.552617,1.562661,1.889049,0.12923699999999994,0.13493207142857142,0.00569507142857148
12.953208,2.068562,0.556068,1.512494,1.842333,0.12578599999999995,0.13159521428571427,0.00580921428571432
12.956152,2.018684,0.561053,1.45763,1.792455,0.12080099999999994,0.1280325,0.007231500000000057
12.959251,1.955872,0.564505,1.391367,1.729643,0.11734899999999993,0.12354592857142857,0.006196928571428645
12.962257,1.915595,0.567573,1.348022,1.689366,0.11428099999999997,0.120669,0.0063880000000000325
12.965519,1.862641,0.570257,1.292384,1.636412,0.11159699999999995,0.11688657142857142,0.005289571428571477
12.969835,1.793586,0.574859,1.218727,1.567357,0.10699499999999995,0.11195407142857142,0.0049590714285714654
12.97121,1.763323,0.577927,1.185396,1.537094,0.10392699999999999,0.10979242857142857,0.005865428571428577
12.974866,1.71476,0.580995,1.133764,1.488531,0.10085899999999992,0.10632364285714287,0.005464642857142946
12.977739,1.670511,0.583296,1.087215,1.444282,0.09855799999999992,0.103163,0.004605000000000081
12.98091,1.623552,0.586364,1.037188,1.397323,0.09548999999999996,0.09980878571428572,0.004318785714285761
12.983686,1.58156,0.589049,0.992511,1.355331,0.09280499999999992,0.09680935714285714,0.004004357142857226
12.986559,1.538021,0.594034,0.943987,1.311792,0.08782000000000001,0.09369942857142857,0.005879428571428563
12.989747,1.494165,0.596335,0.89783,1.267936,0.08551900000000001,0.09056685714285714,0.005047857142857132
12.992491,1.455199,0.598253,0.856946,1.22897,0.08360099999999993,0.08778357142857142,0.004182571428571494
12.995764,1.409761,0.601704,0.808057,1.183532,0.08014999999999994,0.084538,0.0043880000000000585
12.998947,1.357066,0.605155,0.751911,1.130837,0.07669899999999996,0.08077407142857143,0.0040750714285714695
13.001943,1.325952,0.607456,0.718496,1.099723,0.07439799999999996,0.07855164285714286,0.004153642857142897
13.005424,1.281224,0.611291,0.669932,1.054995,0.07056299999999993,0.07535678571428571,0.004793785714285778
13.009769,1.225908,0.613592,0.612316,0.999679,0.06826199999999993,0.07140564285714286,0.003143642857142928
13.011344,1.202671,0.616277,0.586394,0.976442,0.065577,0.06974585714285715,0.004168857142857155
13.015189,1.158579,0.617811,0.540768,0.93235,0.06404299999999996,0.06659642857142857,0.0025534285714286092
13.020046,1.122977,0.621262,0.501715,0.8967479999999999,0.06059199999999998,0.06405342857142857,0.0034614285714285875
13.021322,1.087366,0.623563,0.463802,0.861137,0.05829099999999998,0.06150978571428572,0.0032187857142857365
13.024427,1.053447,0.625481,0.427967,0.827218,0.056373000000000006,0.059087,0.002713999999999994
13.027185,1.023264,0.627398,0.395866,0.7970349999999999,0.05445599999999995,0.05693107142857142,0.0024750714285714723
13.030201,0.991008,0.629316,0.361693,0.764779,0.052537999999999974,0.05462707142857143,0.002089071428571454
13.032941,0.96359,0.631617,0.331974,0.7373609999999999,0.050236999999999976,0.05266864285714285,0.0024316428571428753
13.036074,0.931261,0.633534,0.297727,0.705032,0.04831999999999992,0.05035942857142857,0.0020394285714286503
13.039037,0.894957,0.635835,0.259122,0.668728,0.04601899999999992,0.04776628571428571,0.0017472857142857914
13.041916,0.873896,0.637753,0.236144,0.647667,0.044100999999999946,0.04626192857142857,0.002160928571428626
13.045443,0.843086,0.63967,0.203416,0.616857,0.042184,0.04406121428571429,0.0018772142857142876
13.049928,0.818283,0.641204,0.177079,0.592054,0.040649999999999964,0.042289571428571426,0.0016395714285714624
13.051408,0.791492,0.643505,0.147987,0.565263,0.038348999999999966,0.04037592857142857,0.002026928571428603
13.054408,0.766226,0.645422,0.120803,0.539997,0.03643199999999991,0.038571214285714285,0.002139214285714376
13.057561,0.739638,0.646956,0.092681,0.513409,0.034897999999999985,0.03667207142857143,0.0017740714285714443
13.060743,0.713185,0.648107,0.065078,0.48695599999999994,0.03374699999999997,0.03478257142857143,0.0010355714285714551
13.063298,0.69285,0.650024,0.042826,0.46662099999999995,0.031829999999999914,0.033330071428571424,0.0015000714285715103
13.066245,0.669267,0.651175,0.018092,0.44303799999999993,0.030679000000000012,0.031645571428571426,0.0009665714285714139
13.069637,0.648056,0.653476,-0.00542,0.42182699999999995,0.028378000000000014,0.030130499999999998,0.0017524999999999832
13.072368,0.634258,0.653859,-0.019602,0.408029,0.027994999999999992,0.029144928571428568,0.001149928571428576
13.075668,0.617973,0.654626,-0.036653,0.391744,0.02722799999999992,0.027981714285714283,0.0007537142857143644
13.079829,0.598536,0.655777,-0.05724,0.37230699999999994,0.026076999999999906,0.026593357142857137,0.0005163571428572315
13.08168,0.588548,0.657694,-0.069146,0.36231899999999995,0.02415999999999996,0.025879928571428568,0.0017199285714286083
13.085056,0.570208,0.658845,-0.088637,0.34397900000000003,0.023008999999999946,0.024569928571428572,0.0015609285714286263
13.087927,0.553657,0.660379,-0.106721,0.32742799999999994,0.02147499999999991,0.023387714285714283,0.0019127142857143717
13.090952,0.533272,0.661529,-0.128257,0.30704299999999995,0.020324999999999926,0.021931642857142854,0.001606642857142928
13.094187,0.514088,0.663063,-0.148975,0.287859,0.018791000000000002,0.02056135714285714,0.0017703571428571395
13.097418,0.495196,0.664214,-0.169017,0.268967,0.01763999999999999,0.01921192857142857,0.0015719285714285818
13.10097,0.480807,0.664597,-0.18379,0.25457799999999997,0.017256999999999967,0.018184142857142854,0.0009271428571428868
13.10362,0.468294,0.665748,-0.197454,0.24206499999999997,0.016105999999999954,0.017290357142857142,0.0011843571428571883
13.106577,0.460566,0.666131,-0.205565,0.23433699999999996,0.01572299999999993,0.01673835714285714,0.0010153571428572102
13.109563,0.451873,0.666898,-0.215025,0.225644,0.01495599999999997,0.01611742857142857,0.0011614285714286014
13.112453,0.444698,0.667665,-0.222967,0.21846899999999997,0.014189000000000007,0.01560492857142857,0.0014159285714285628
13.116016,0.438835,0.667665,-0.22883,0.21260599999999996,0.014189000000000007,0.015186142857142855,0.0009971428571428475
13.120078,0.435937,0.668432,-0.232495,0.209708,0.013421999999999934,0.014979142857142858,0.0015571428571429236
13.122011,0.434105,0.668432,-0.234327,0.207876,0.013421999999999934,0.014848285714285715,0.001426285714285781
13.125627,0.43391,0.668432,-0.234522,0.207681,0.013421999999999934,0.014834357142857144,0.00141235714285721
13.129739,0.435572,0.668432,-0.232861,0.209343,0.013421999999999934,0.014953071428571428,0.0015310714285714944
13.131366,0.435436,0.668432,-0.232996,0.20920699999999998,0.013421999999999934,0.014943357142857142,0.001521357142857208
13.13471,0.434945,0.668049,-0.233104,0.208716,0.013804999999999956,0.014908285714285716,0.0011032857142857597
13.137673,0.434516,0.668816,-0.234299,0.208287,0.013037999999999994,0.014877642857142857,0.0018396428571428626
13.140761,0.435171,0.668049,-0.232877,0.20894199999999996,0.013804999999999956,0.01492442857142857,0.0011194285714286132
13.143611,0.435676,0.668049,-0.232373,0.209447,0.013804999999999956,0.0149605,0.0011555000000000436
13.146645,0.436665,0.667665,-0.231,0.210436,0.014189000000000007,0.015031142857142857,0.0008421428571428503
13.149899,0.437517,0.668049,-0.230532,0.21128799999999998,0.013804999999999956,0.015091999999999998,0.0012870000000000416
13.15255,0.438442,0.668049,-0.229607,0.21221299999999998,0.013804999999999956,0.015158071428571427,0.0013530714285714708
13.15554,0.439363,0.668049,-0.228686,0.213134,0.013804999999999956,0.015223857142857141,0.0014188571428571852
13.159827,0.441403,0.667665,-0.226262,0.21517399999999998,0.014189000000000007,0.015369571428571427,0.0011805714285714197
13.161381,0.442474,0.667665,-0.225191,0.21624499999999997,0.014189000000000007,0.015446071428571425,0.0012570714285714182
13.164607,0.444092,0.667282,-0.223189,0.21786299999999997,0.014571999999999918,0.015561642857142855,0.0009896428571429371
13.167532,0.447345,0.667665,-0.22032,0.22111599999999998,0.014189000000000007,0.015794,0.0016049999999999918
13.170717,0.451747,0.666898,-0.215151,0.225518,0.01495599999999997,0.016108428571428572,0.0011524285714286028
13.173564,0.45663,0.666515,-0.209885,0.23040099999999997,0.015338999999999992,0.016457214285714283,0.0011182142857142918
13.176422,0.461441,0.666131,-0.20469,0.23521199999999998,0.01572299999999993,0.01680085714285714,0.0010778571428572102
13.179838,0.467179,0.666131,-0.198952,0.24095,0.01572299999999993,0.017210714285714284,0.0014877142857143526
13.182434,0.473315,0.664981,-0.191666,0.24708599999999997,0.016872999999999916,0.017648999999999998,0.0007760000000000822
13.185801,0.485603,0.664597,-0.178994,0.259374,0.017256999999999967,0.018526714285714285,0.0012697142857143184
13.190339,0.499221,0.66383,-0.164609,0.272992,0.01802399999999993,0.019499428571428574,0.0014754285714286448
13.191251,0.507935,0.663447,-0.155511,0.281706,0.01840699999999995,0.020121857142857143,0.0017148571428571915
13.194804,0.519513,0.662296,-0.142783,0.293284,0.019557999999999964,0.02094885714285714,0.0013908571428571763
13.197627,0.53245,0.661146,-0.128695,0.30622099999999997,0.02070799999999995,0.021872928571428567,0.0011649285714286188
13.200734,0.546517,0.660379,-0.113862,0.320288,0.02147499999999991,0.022877714285714286,0.0014027142857143751
13.203276,0.559771,0.659228,-0.099457,0.333542,0.022625999999999924,0.023824428571428573,0.0011984285714286488
13.206126,0.57215,0.657694,-0.085545,0.34592100000000003,0.02415999999999996,0.02470864285714286,0.0005486428571429003
13.209563,0.589008,0.656927,-0.067919,0.36277899999999996,0.02492699999999992,0.02591278571428571,0.0009857857142857897
13.212219,0.601635,0.656544,-0.054909,0.375406,0.025309999999999944,0.026814714285714285,0.0015047142857143418
13.215539,0.620183,0.655393,-0.035211,0.393954,0.026460999999999957,0.02813957142857143,0.0016785714285714737
13.219688,0.648404,0.653476,-0.005072,0.42217499999999997,0.028378000000000014,0.03015535714285714,0.0017773571428571257
13.221158,0.66188,0.651558,0.010321,0.435651,0.03029599999999999,0.03111792857142857,0.0008219285714285811
13.224858,0.689765,0.650408,0.039357,0.46353599999999995,0.031445999999999974,0.033109714285714284,0.00166371428571431
13.227774,0.713992,0.648107,0.065885,0.48776299999999995,0.03374699999999997,0.03484021428571428,0.0010932142857143085
13.230926,0.741033,0.646956,0.094077,0.514804,0.034897999999999985,0.03677171428571429,0.001873714285714305
13.233769,0.764885,0.644655,0.12023,0.538656,0.03719899999999998,0.03847542857142857,0.001276428571428588
13.236657,0.79001,0.642738,0.147272,0.563781,0.03911599999999993,0.040270071428571426,0.0011540714285714973
13.239977,0.816262,0.641971,0.174291,0.590033,0.039883,0.042145214285714286,0.002262214285714284
13.242603,0.840797,0.639286,0.201511,0.614568,0.04256799999999994,0.04389771428571428,0.0013297142857143437
13.245785,0.865353,0.638136,0.227217,0.639124,0.043717999999999924,0.04565171428571429,0.001933714285714365
13.248877,0.90159,0.636602,0.264988,0.675361,0.04525199999999996,0.04824007142857143,0.002988071428571472
13.251584,0.917649,0.633918,0.283732,0.69142,0.04793599999999998,0.04938714285714286,0.00145114285714288
13.254868,0.950375,0.632,0.318375,0.724146,0.049853999999999954,0.051724714285714284,0.0018707142857143297
13.257946,0.981672,0.629699,0.351973,0.755443,0.05215499999999995,0.053960214285714285,0.0018052142857143336
13.260972,1.014878,0.627782,0.387096,0.7886489999999999,0.05407200000000001,0.056332071428571426,0.002260071428571417
13.26384,1.046486,0.624714,0.421772,0.820257,0.05713999999999997,0.05858978571428571,0.0014497857142857437
13.266864,1.081038,0.622796,0.458242,0.8548089999999999,0.059057999999999944,0.06105778571428571,0.0019997857142857664
13.270115,1.11958,0.620495,0.499085,0.893351,0.06135899999999994,0.06381078571428571,0.0024517857142857674
13.273205,1.154776,0.618194,0.536582,0.928547,0.06365999999999994,0.06632478571428571,0.0026647857142857723
13.276553,1.192364,0.614359,0.578005,0.966135,0.06749499999999997,0.06900964285714285,0.001514642857142881
13.279502,1.231749,0.612442,0.619307,1.00552,0.06941199999999992,0.07182285714285715,0.0024108571428572284
13.282432,1.266894,0.609757,0.657137,1.040665,0.07209699999999997,0.07433321428571428,0.0022362142857143136
13.285472,1.306992,0.607073,0.699919,1.080763,0.07478099999999999,0.07719735714285714,0.0024163571428571506
13.288451,1.345633,0.604772,0.740861,1.119404,0.07708199999999998,0.07995742857142858,0.002875428571428598
13.291217,1.388195,0.60132,0.786875,1.161966,0.080534,0.08299757142857143,0.00246357142857144
13.294717,1.427503,0.599019,0.828484,1.201274,0.08283499999999999,0.08580528571428571,0.002970285714285717
13.297615,1.467878,0.596335,0.871543,1.241649,0.08551900000000001,0.08868921428571429,0.003170214285714276
13.300768,1.510467,0.593651,0.916816,1.284238,0.08820299999999992,0.09173128571428571,0.0035282857142857893
13.30347,1.553185,0.590966,0.962219,1.326956,0.09088799999999997,0.09478257142857142,0.0038945714285714556
13.306399,1.596408,0.587898,1.00851,1.370179,0.09395599999999993,0.09786992857142858,0.0039139285714286515
13.309345,1.642764,0.585597,1.057167,1.4165349999999999,0.09625699999999993,0.10118107142857143,0.0049240714285715
13.31203,1.680937,0.580995,1.099942,1.454708,0.10085899999999992,0.10390771428571428,0.003048714285714363
13.315237,1.729322,0.578694,1.150628,1.503093,0.10315999999999992,0.10736378571428572,0.004203785714285799
13.319822,1.801802,0.574859,1.226942,1.575573,0.10699499999999995,0.11254092857142857,0.005545928571428618
13.321341,1.82784,0.571791,1.256049,1.601611,0.11006299999999991,0.1144007857142857,0.004337785714285794
13.324749,1.879276,0.569107,1.310169,1.653047,0.11274699999999993,0.11807478571428572,0.005327785714285785
13.327486,1.927555,0.564505,1.363051,1.701326,0.11734899999999993,0.12152328571428571,0.004174285714285783
13.330747,1.979411,0.561053,1.418357,1.753182,0.12080099999999994,0.1252272857142857,0.0044262857142857714
13.333488,2.028223,0.558369,1.469854,1.801994,0.12348499999999996,0.12871385714285716,0.005228857142857202
13.336292,2.075953,0.554918,1.521036,1.8497240000000001,0.12693599999999994,0.13212314285714286,0.005187142857142918
13.339339,2.133454,0.550699,1.582755,1.907225,0.1311549999999999,0.13623035714285714,0.005075357142857229
13.342195,2.180753,0.548015,1.632738,1.9545240000000002,0.13383899999999993,0.13960885714285715,0.005769857142857215
13.345476,2.239883,0.543413,1.69647,2.013654,0.13844099999999993,0.14383242857142856,0.00539142857142863
13.349914,2.318283,0.539194,1.779089,2.092054,0.14266,0.14943242857142858,0.006772428571428568
13.351137,2.352308,0.53651,1.815798,2.126079,0.14534399999999992,0.15186278571428571,0.006518785714285796
13.354719,2.408725,0.533442,1.875283,2.182496,0.148412,0.15589257142857144,0.0074805714285714475
13.357638,2.465322,0.529223,1.936099,2.239093,0.15263099999999996,0.15993521428571428,0.007304214285714317
13.36084,2.522975,0.525388,1.997587,2.296746,0.156466,0.16405328571428573,0.007587285714285741
13.363434,2.577255,0.520019,2.057236,2.351026,0.16183499999999995,0.16793042857142856,0.006095428571428613
13.366374,2.633457,0.516185,2.117272,2.407228,0.16566899999999996,0.17194485714285715,0.006275857142857194
13.369398,2.698386,0.512733,2.185653,2.472157,0.16912099999999997,0.17658264285714287,0.007461642857142903
13.372221,2.75056,0.508515,2.242046,2.524331,0.1733389999999999,0.18030935714285715,0.006970357142857236
13.375374,2.816177,0.505063,2.311114,2.589948,0.17679099999999992,0.18499628571428572,0.008205285714285804
13.380073,2.875937,0.500845,2.375092,2.649708,0.18100899999999998,0.18926485714285715,0.008255857142857176
13.381438,2.941323,0.494325,2.446997,2.715094,0.18752899999999995,0.19393528571428573,0.006406285714285781
13.384451,3.00409,0.49049,2.5136,2.777861,0.19136399999999998,0.19841864285714286,0.007054642857142884
13.387357,3.068062,0.486655,2.581407,2.841833,0.19519899999999996,0.20298807142857142,0.007789071428571465
13.390882,3.137243,0.482437,2.654806,2.9110139999999998,0.19941699999999996,0.2079295714285714,0.008512571428571453
13.393238,3.194512,0.478219,2.716293,2.968283,0.20363499999999995,0.2120202142857143,0.008385214285714343
13.396621,3.26552,0.472083,2.793437,3.039291,0.20977099999999999,0.2170922142857143,0.007321214285714306
13.399746,3.330261,0.468248,2.862013,3.104032,0.21360599999999996,0.22171657142857143,0.008110571428571467
13.402533,3.398063,0.463262,2.9348,3.171834,0.21859199999999995,0.22655957142857144,0.00796757142857149
13.405843,3.474719,0.45866,3.016059,3.24849,0.22319399999999995,0.232035,0.008841000000000043
13.408945,3.563068,0.452524,3.110543,3.336839,0.22932999999999998,0.23834564285714285,0.009015642857142875
13.411681,3.609005,0.448306,3.160699,3.382776,0.23354799999999998,0.24162685714285712,0.008078857142857138
13.41496,3.680748,0.444471,3.236277,3.454519,0.23738299999999996,0.24675135714285715,0.009368357142857192
13.417893,3.751061,0.439869,3.311192,3.524832,0.24198499999999995,0.25177371428571427,0.009788714285714317
13.421221,3.826517,0.435651,3.390867,3.600288,0.24620299999999995,0.25716342857142854,0.010960428571428593
13.424169,3.898709,0.427981,3.470729,3.67248,0.25387299999999996,0.26232,0.008447000000000038
13.427064,3.969256,0.422995,3.546261,3.743027,0.25885899999999995,0.26735907142857146,0.00850007142857151
13.430772,4.057605,0.417626,3.639979,3.8313759999999997,0.26422799999999996,0.27366971428571424,0.009441714285714276
13.433439,4.124738,0.413408,3.71133,3.898509,0.26844599999999996,0.27846492857142857,0.01001892857142861
13.43637,4.198953,0.408039,3.790914,3.9727240000000004,0.273815,0.283766,0.009951000000000043
13.439314,4.273099,0.400752,3.872346,4.04687,0.28110199999999996,0.2890621428571429,0.007960142857142916
13.442065,4.341945,0.396151,3.945794,4.115716,0.285703,0.2939797142857143,0.008276714285714304
13.445455,4.422683,0.391549,4.031134,4.196454,0.290305,0.2997467142857143,0.009441714285714331
13.448201,4.496064,0.38618,4.109884,4.269835,0.29567399999999994,0.30498821428571427,0.009314214285714328
13.451382,4.574483,0.380811,4.193672,4.348254,0.30104299999999995,0.3105895714285714,0.00954657142857146
13.454518,4.655234,0.373524,4.28171,4.429005,0.30832999999999994,0.3163575,0.008027500000000076
13.457511,4.73358,0.368922,4.364658,4.507351,0.31293199999999993,0.32195364285714284,0.009021642857142909
13.460718,4.814485,0.363937,4.450548,4.588256,0.31791699999999995,0.32773257142857143,0.009815571428571479
13.463459,4.883616,0.358568,4.525048,4.657387,0.32328599999999996,0.3326705,0.009384500000000018
13.466179,4.959901,0.353199,4.606702,4.733672,0.328655,0.33811942857142857,0.009464428571428596
13.469649,5.052208,0.347447,4.704761,4.825979,0.33440699999999995,0.3447127857142857,0.010305785714285753
13.472448,5.124432,0.339777,4.784655,4.898203,0.34207699999999996,0.34987164285714284,0.007794642857142875
13.475824,5.215308,0.334408,4.880901,4.989079,0.347446,0.35636278571428576,0.00891678571428578
13.478985,5.323623,0.329422,4.9942,5.097394,0.35243199999999997,0.36409957142857147,0.0116675714285715
13.481704,5.377486,0.32367,5.053816,5.151257,0.35818399999999995,0.3679469285714286,0.00976292857142863
13.484979,5.465622,0.315617,5.150006,5.239393,0.366237,0.37424235714285714,0.008005357142857161
13.487834,5.541623,0.311015,5.230608,5.315394,0.370839,0.37967100000000004,0.008832000000000062
13.490877,5.627402,0.306029,5.321373,5.401173,0.37582499999999996,0.3857980714285714,0.009973071428571456
13.493667,5.703888,0.299893,5.403995,5.477659,0.38196099999999994,0.39126135714285715,0.009300357142857207
13.49654,5.783356,0.294524,5.488832,5.557127,0.38732999999999995,0.3969376428571429,0.00960764285714294
13.500025,5.869527,0.290306,5.579221,5.643298,0.39154799999999995,0.40309271428571425,0.011544714285714297
13.502623,5.953297,0.281485,5.671812,5.727068,0.400369,0.4090762857142857,0.00870728571428575
13.50603,6.048276,0.27535,5.772926,5.822047,0.406504,0.4158605,0.009356500000000045
13.509282,6.144366,0.269597,5.874769,5.918137,0.412257,0.42272407142857144,0.01046707142857145
13.512176,6.222278,0.264612,5.957666,5.996049,0.41724199999999995,0.4282892142857143,0.011047214285714368
13.515254,6.312469,0.259626,6.052843,6.08624,0.42222799999999994,0.4347314285714286,0.012503428571428665
13.518061,6.391025,0.250806,6.140219,6.164796,0.431048,0.4403425714285714,0.00929457142857143
13.521126,6.48044,0.24467,6.23577,6.254211,0.43718399999999996,0.4467293571428571,0.009545357142857147
13.524038,6.563657,0.238918,6.324739,6.337428,0.442936,0.45267342857142856,0.009737428571428564
13.527233,6.658068,0.233549,6.42452,6.431839,0.44830499999999995,0.4594170714285714,0.011112071428571457
13.530762,6.756628,0.227796,6.528832,6.530399,0.45405799999999996,0.46645707142857146,0.012399071428571495
13.533109,6.82975,0.218209,6.611541,6.603521,0.463645,0.47168007142857143,0.00803507142857146
13.536392,6.921595,0.21284,6.708756,6.695366,0.46901399999999993,0.47824042857142857,0.009226428571428635
13.539362,7.017809,0.207471,6.810338,6.79158,0.474383,0.4851128571428571,0.010729857142857124
13.542181,7.095798,0.200568,6.89523,6.869569,0.481286,0.4906835,0.009397500000000003
13.545135,7.184426,0.194816,6.98961,6.958197,0.48703799999999997,0.49701407142857146,0.009976071428571487
13.547979,7.269136,0.18868,7.080456,7.042907,0.493174,0.5030647857142857,0.0098907857142857
13.551117,7.363432,0.182544,7.180888,7.137203,0.4993099999999999,0.5098002142857143,0.010490214285714394
13.55374,7.442222,0.17334,7.268883,7.215993,0.5085139999999999,0.5154280714285714,0.006914071428571478
13.556825,7.531822,0.167971,7.363851,7.305593,0.513883,0.5218280714285715,0.007945071428571482
13.560084,7.622341,0.161835,7.460506,7.396112,0.520019,0.5282937142857143,0.008274714285714246
13.562783,7.712554,0.156083,7.556471,7.486325,0.525771,0.5347375,0.008966499999999988
13.566187,7.814452,0.147646,7.666807,7.588223,0.534208,0.5420159285714286,0.007807928571428535
13.569432,7.91675,0.141893,7.774857,7.690521,0.5399609999999999,0.5493229285714286,0.009361928571428701
13.572071,7.995863,0.135757,7.860106,7.769634,0.5460969999999999,0.5549738571428572,0.008876857142857242
13.575475,8.094914,0.129621,7.965293,7.868684999999999,0.552233,0.5620489285714285,0.009815928571428545
13.580224,8.186148,0.123869,8.062279,7.959918999999999,0.557985,0.5685656428571428,0.010580642857142886
13.58135,8.277032,0.115049,8.161984,8.050803,0.566805,0.5750573571428571,0.008252357142857103
13.584605,8.376608,0.109296,8.267312,8.150379,0.5725579999999999,0.5821699285714285,0.009611928571428563
13.587731,8.469193,0.102777,8.366416,8.242964,0.579077,0.588783142857143,0.009706142857142996
13.587731,8.469193,0.097024,8.372168,8.242964,0.58483,0.588783142857143,0.003953142857142988
13.595312,8.656722,0.088204,8.568518,8.430493,0.59365,0.6021780714285715,0.008528071428571482
13.596712,8.75949,0.082068,8.677422,8.533261,0.5997859999999999,0.6095186428571429,0.009732642857142926
13.600748,8.867555,0.075549,8.792006,8.641326,0.606305,0.6172375714285714,0.010932571428571403
13.602762,8.945122,0.069413,8.875709,8.718893,0.612441,0.6227780714285714,0.010337071428571432
13.605597,9.029809,0.06366,8.966148,8.80358,0.6181939999999999,0.6288271428571429,0.010633142857143008
13.609664,9.149028,0.057141,9.091888,8.922799,0.624713,0.6373427857142857,0.012629785714285746
13.611746,9.214812,0.047937,9.166875,8.988583,0.633917,0.6420416428571428,0.008124642857142872
13.614999,9.319022,0.042951,9.27607,9.092793,0.638903,0.6494852142857143,0.010582214285714264
13.619861,9.45837,0.033364,9.425006,9.232141,0.64849,0.6594386428571429,0.01094864285714292
13.621225,9.51282,0.027228,9.485592,9.286591,0.6546259999999999,0.6633279285714285,0.008701928571428597
13.624565,9.612852,0.020709,9.592143,9.386623,0.661145,0.6704730714285715,0.009328071428571505
13.62757,9.71025,0.014573,9.695677,9.484021,0.667281,0.6774300714285715,0.010149071428571466
13.630883,9.803858,0.008437,9.795421,9.577629,0.6734169999999999,0.6841163571428571,0.010699357142857191
13.633344,9.889386,0.001917,9.887469,9.663157,0.679937,0.6902255,0.010288500000000034
13.636404,9.983399,6.099108,3.884292,9.75717,-5.417254,0.6969407142857144,6.1141947142857145
13.639625,10.081323,6.250972,3.830352,9.855094,-5.569118,0.7039352857142857,6.273053285714285
13.642426,10.174575,6.26171,3.912865,9.948346,-5.5798559999999995,0.7105961428571429,6.290452142857142
13.645434,10.268086,6.256341,4.011746,10.041857,-5.5744869999999995,0.7172755000000001,6.2917625
13.649956,10.392756,6.250588,4.142168,10.166527,-5.568733999999999,0.7261805,6.294914499999999
13.651358,10.45919,6.241384,4.217805,10.232961,-5.5595300000000005,0.7309257857142857,6.290455785714286
13.654649,10.553042,6.234865,4.318177,10.326813,-5.553011,0.7376294999999999,6.290640499999999
13.659836,10.705722,6.228345,4.477376,10.479493,-5.546491,0.7485352142857142,6.295026214285714
13.661269,10.755196,6.219142,4.536055,10.528967,-5.537288,0.7520690714285714,6.289357071428571
13.664549,10.865324,6.213389,4.651935,10.639095,-5.531535,0.7599353571428571,6.291470357142857
13.667575,10.957647,6.20687,4.750777,10.731418,-5.525016000000001,0.7665298571428572,6.291545857142858
13.670887,11.060108,6.199583,4.860524,10.833879,-5.517728999999999,0.7738484999999999,6.291577499999999
13.673459,11.139997,6.193447,4.946549,10.913768,-5.5115929999999995,0.7795548571428571,6.291147857142857
13.676471,11.234092,6.185778,5.048314,11.007863,-5.503924,0.7862759285714286,6.290199928571428
13.679705,11.322953,6.178875,5.144079,11.096724,-5.497021,0.7926231428571429,6.289644142857143
13.682489,11.426302,6.172739,5.253563,11.200073,-5.4908850000000005,0.8000052142857143,6.290890214285715
13.686189,11.535276,6.163535,5.371742,11.309047,-5.481681,0.8077890714285714,6.289470071428571
13.690152,11.628138,6.157015,5.471122,11.401909,-5.475161,0.8144220714285714,6.289583071428571
13.692454,11.728028,6.150879,5.577148,11.501799,-5.469025,0.8215570714285715,6.290582071428572
13.695313,11.816339,6.14436,5.671979,11.59011,-5.462505999999999,0.827865,6.2903709999999995
13.700029,11.942349,6.13554,5.806809,11.71612,-5.453685999999999,0.8368657142857143,6.290551714285714
13.701374,12.000246,6.128637,5.87161,11.774017,-5.446783,0.8410012142857143,6.287784214285714
13.704804,12.10729,6.122501,5.984789,11.881061,-5.440647,0.8486472142857143,6.2892942142857144
13.707754,12.198308,6.116365,6.081943,11.972079,-5.4345110000000005,0.8551485000000001,6.289659500000001
13.71094,12.290706,6.107161,6.183545,12.064477,-5.425307,0.8617483571428571,6.287055357142857
13.713806,12.381932,6.101792,6.28014,12.155703,-5.419938,0.8682645000000001,6.288202500000001
13.717186,12.48062,6.094889,6.385731,12.254391,-5.413035000000001,0.8753136428571429,6.288348642857144
13.720763,12.579403,6.08837,6.491034,12.353174,-5.406516,0.8823695714285714,6.288885571428572
13.723229,12.665768,6.078782,6.586985,12.439539,-5.396928000000001,0.8885385,6.285466500000001
13.726513,12.766663,6.07303,6.693633,12.540434,-5.391176,0.8957452857142857,6.2869212857142855
13.729641,12.854236,6.067278,6.786959,12.628007,-5.385424,0.9020005,6.2874245
13.732358,12.939769,6.060758,6.879011,12.71354,-5.378904,0.90811,6.287014
13.735517,13.03357,6.056156,6.977413,12.807341,-5.374302,0.9148100714285714,6.289112071428572
13.739683,13.152777,6.046952,7.105824,12.926548,-5.365098,0.9233248571428572,6.288422857142857
13.742181,13.223343,6.040433,7.18291,12.997114,-5.358579000000001,0.9283652857142857,6.286944285714286
13.745283,13.323261,6.030845,7.292416,13.097032,-5.348991,0.9355022857142857,6.2844932857142854
13.749882,13.449821,6.024326,7.425495,13.223592,-5.342472000000001,0.9445422857142857,6.287014285714286
13.752218,13.522321,6.015122,7.507199,13.296092,-5.333268,0.9497208571428571,6.282988857142858
13.755401,13.625818,6.01052,7.615298,13.399589,-5.328666,0.9571135000000001,6.2857795
13.760041,13.743262,6.003617,7.739645,13.517033,-5.321763000000001,0.9655023571428571,6.287265357142858
13.76206,13.797747,5.994413,7.803333,13.571518,-5.312559,0.9693941428571428,6.281953142857143
13.76585,13.928418,5.987894,7.940524,13.702189,-5.306039999999999,0.9787277857142858,6.284767785714285
13.769261,14.028773,5.979457,8.049316,13.802544,-5.2976030000000005,0.985896,6.283499000000001
13.772181,14.111059,5.974088,8.136971,13.88483,-5.2922340000000005,0.9917735714285714,6.284007571428572
13.775323,14.201503,5.967569,8.233934,13.975274,-5.285715,0.9982338571428572,6.283948857142857
13.779788,14.317476,5.9622,8.355276,14.091247,-5.280346,1.0065176428571427,6.286863642857142
13.781407,14.367531,5.953379,8.414151,14.141302,-5.2715250000000005,1.010093,6.281618
13.784579,14.463009,5.948394,8.514615,14.23678,-5.266540000000001,1.0169128571428572,6.2834528571428585
13.787586,14.546677,5.942642,8.604035,14.320448,-5.260788,1.022889142857143,6.283677142857143
13.790978,14.630959,5.936889,8.69407,14.40473,-5.2550349999999995,1.0289092857142859,6.283944285714285
13.793751,14.706815,5.93152,8.775294,14.480586,-5.2496659999999995,1.0343275714285716,6.283993571428571
13.796657,14.78936,5.925768,8.863593,14.563131,-5.243914,1.040223642857143,6.284137642857143
13.800079,14.871004,5.917714,8.95329,14.644775,-5.235860000000001,1.046055357142857,6.281915357142857
13.802743,14.956741,5.912345,9.044396,14.730512,-5.230491000000001,1.0521794285714285,6.282670428571429
13.806089,15.044242,5.903909,9.140334,14.818013,-5.222054999999999,1.0584295000000001,6.280484499999999
13.809515,15.142497,5.898923,9.243573,14.916268,-5.217069,1.0654477142857144,6.282516714285714
13.812865,15.226185,5.893171,9.333015,14.999956,-5.211316999999999,1.0714254285714284,6.282742428571428
13.815751,15.306385,5.887802,9.418584,15.080156,-5.205947999999999,1.077154,6.2831019999999995
13.819889,15.411351,5.879365,9.531986,15.185122,-5.197511,1.0846515714285714,6.282162571428572
13.821719,15.468051,5.873996,9.594055,15.241822,-5.1921420000000005,1.0887015714285715,6.280843571428572
13.825657,15.566554,5.865943,9.700611,15.340325,-5.184089,1.0957375,6.2798265
13.828919,15.67378,5.86019,9.81359,15.447551,-5.178336,1.1033965000000001,6.2817325
13.833043,15.74803,5.85252,9.895509,15.521801,-5.170666000000001,1.1087000714285715,6.279366071428572
13.835859,15.830875,5.846768,9.984107,15.604646,-5.164914,1.1146175714285715,6.279531571428571
13.838927,15.929661,5.842166,10.087495,15.703432,-5.160311999999999,1.1216737142857143,6.281985714285714
13.841561,15.97725,5.836797,10.140453,15.751021,-5.154942999999999,1.1250729285714285,6.280015928571428
13.844873,16.055733,5.831811,10.223922,15.829504,-5.149957000000001,1.1306788571428572,6.280635857142858
13.847621,16.12718,5.826443,10.300738,15.900951,-5.144589,1.1357822142857141,6.280371214285714
13.850795,16.201247,5.821457,10.37979,15.975017999999999,-5.139602999999999,1.1410727142857142,6.280675714285714
13.853499,16.272648,5.813404,10.459244,16.046419,-5.131550000000001,1.1461727857142858,6.277722785714286
13.856468,16.342489,5.808035,10.534454,16.11626,-5.126181000000001,1.1511614285714287,6.27734242857143
13.859478,16.422009,5.803433,10.618576,16.19578,-5.1215790000000005,1.1568414285714286,6.27842042857143
13.862442,16.48799,5.798447,10.689542,16.261761,-5.116593,1.161554357142857,6.278147357142857
13.865529,16.563123,5.793078,10.770045,16.336894,-5.111224,1.166921,6.278145
13.869762,16.663394,5.785792,10.877602,16.437165,-5.103937999999999,1.1740832142857143,6.2780212142857135
13.871278,16.707132,5.781957,10.925174,16.480903,-5.100103000000001,1.1772073571428572,6.2773103571428575
13.875188,16.789216,5.777739,11.011477,16.562987,-5.095885000000001,1.1830705,6.2789555
13.879998,16.894018,5.770069,11.123949,16.667789,-5.088215,1.190556357142857,6.2787713571428565
13.88198,16.937713,5.763166,11.174547,16.711484,-5.0813120000000005,1.1936774285714284,6.274989428571429
13.885347,17.023087,5.758564,11.264523,16.796858,-5.07671,1.1997755714285714,6.276485571428571
13.890472,17.120992,5.751661,11.369331,16.894763,-5.069807000000001,1.2067687857142857,6.276575785714287
13.891975,17.170416,5.747443,11.422974,16.944187,-5.065588999999999,1.2102990714285713,6.275888071428571
13.895568,17.246787,5.742457,11.50433,17.020558,-5.060603,1.215754142857143,6.276357142857144
13.899804,17.33977,5.737855,11.601915,17.113541,-5.056001,1.2223957857142858,6.2783967857142855
13.901458,17.37434,5.731336,11.643004,17.148111,-5.049481999999999,1.2248650714285714,6.27434707142857
13.90547,17.445635,5.728268,11.717368,17.219406,-5.046414,1.2299575714285713,6.276371571428571
13.907858,17.508713,5.723282,11.785431,17.282484,-5.041428,1.2344631428571429,6.275891142857143
13.910872,17.574607,5.719064,11.855543,17.348378,-5.03721,1.239169857142857,6.276379857142857
13.913902,17.633434,5.714845,11.918589,17.407205,-5.032991000000001,1.2433717857142859,6.276362785714287
13.916763,17.69327,5.710243,11.983026,17.467041,-5.028389000000001,1.2476457857142855,6.276034785714286
13.919878,17.752035,5.706409,12.045626,17.525806,-5.024554999999999,1.2518432857142856,6.276398285714285
13.922472,17.809864,5.700273,12.109592,17.583635,-5.018419,1.2559739285714286,6.274392928571428
13.925711,17.871356,5.696438,12.174918,17.645127,-5.014583999999999,1.2603662142857142,6.274950214285713
13.929857,17.950326,5.692603,12.257723,17.724097,-5.010749000000001,1.2660069285714286,6.276755928571429
13.931239,17.984085,5.688384,12.295701,17.757856,-5.00653,1.2684182857142858,6.274948285714285
13.934652,18.043211,5.684933,12.358278,17.816982,-5.003079,1.2726415714285715,6.275720571428571
13.937637,18.096935,5.680714,12.41622,17.870706,-4.9988600000000005,1.276479,6.275339000000001
13.940737,18.154243,5.675345,12.478898,17.928014,-4.993491000000001,1.2805724285714286,6.274063428571429
13.943484,18.206809,5.67151,12.535299,17.98058,-4.989656,1.2843271428571428,6.273983142857142
13.94673,18.258759,5.667676,12.591084,18.03253,-4.985822000000001,1.2880378571428572,6.273859857142858
13.949988,18.320064,5.664224,12.65584,18.093835,-4.9823699999999995,1.2924167857142856,6.274786785714285
13.952724,18.370048,5.658472,12.711576,18.143819,-4.976618,1.2959870714285715,6.272605071428572
13.955737,18.423927,5.654637,12.769291,18.197698,-4.972783,1.2998355714285714,6.272618571428572
13.958976,18.491217,5.651952,12.839265,18.264988,-4.970098,1.3046419999999999,6.2747399999999995
13.961589,18.522554,5.648117,12.874437,18.296325,-4.966263,1.306880357142857,6.273143357142857
13.964817,18.574403,5.644282,12.93012,18.348174,-4.962427999999999,1.3105838571428572,6.273011857142857
13.96764,18.622335,5.641598,12.980737,18.396106,-4.959744000000001,1.3140075714285715,6.273751571428572
13.970939,18.675175,5.638146,13.037029,18.448946,-4.9562919999999995,1.317781857142857,6.274073857142857
13.973644,18.717306,5.634695,13.082611,18.491077,-4.952840999999999,1.3207912142857143,6.273632214285714
13.976563,18.761532,5.629709,13.131822,18.535303,-4.947855000000001,1.3239502142857142,6.271805214285715
13.979631,18.804597,5.626642,13.177956,18.578368,-4.944788000000001,1.3270262857142858,6.271814285714287
13.982533,18.85352,5.623574,13.229946,18.627291,-4.94172,1.3305207857142858,6.272240785714286
13.985628,18.900342,5.620506,13.279836,18.674113,-4.938651999999999,1.3338652142857141,6.272517214285713
13.988508,18.938632,5.617821,13.320811,18.712403,-4.935967,1.336600214285714,6.272567214285714
13.991146,18.982978,5.613986,13.368992,18.756749,-4.932131999999999,1.3397677857142856,6.271899785714285
13.994617,19.023138,5.610918,13.41222,18.796909,-4.929064,1.342636357142857,6.271700357142858
13.997506,19.065209,5.60785,13.457359,18.83898,-4.925996,1.3456414285714284,6.271637428571428
14.000764,19.108584,5.604782,13.503802,18.882355,-4.922928000000001,1.348739642857143,6.271667642857143
14.003263,19.144413,5.602098,13.542315,18.918184,-4.920244,1.3512988571428572,6.271542857142857
14.006184,19.180069,5.599413,13.580655,18.95384,-4.917559000000001,1.3538457142857143,6.271404714285715
14.009275,19.224285,5.597112,13.627172,18.998056,-4.915258,1.3570039999999999,6.272262
14.012178,19.252218,5.593661,13.658557,19.025989,-4.911807,1.3589992142857141,6.270806214285714
14.015226,19.290796,5.590976,13.699819,19.064567,-4.909122,1.3617547857142858,6.270876785714286
14.019836,19.345008,5.587909,13.757099,19.118779,-4.906055,1.3656270714285714,6.271682071428572
14.021358,19.363637,5.585608,13.77803,19.137408,-4.903753999999999,1.3669577142857143,6.270711714285714
14.024684,19.400189,5.583307,13.816883,19.17396,-4.901453,1.3695685714285715,6.271021571428571
14.027494,19.431887,5.579472,13.852416,19.205658,-4.897618,1.3718327142857143,6.269450714285714
14.030716,19.463253,5.577554,13.885699,19.237024,-4.8957,1.3740731428571429,6.269773142857143
14.033416,19.491254,5.57602,13.915234,19.265025,-4.894166,1.3760732142857144,6.270239214285715
14.036437,19.520347,5.573336,13.947012,19.294118,-4.891482,1.3781512857142857,6.269633285714286
14.039247,19.556778,5.571418,13.98536,19.330549,-4.889564,1.3807535000000002,6.2703175
14.042157,19.580868,5.567967,14.012901,19.354639,-4.886113,1.3824742142857143,6.268587214285715
14.045727,19.6134,5.566433,14.046968,19.387171,-4.8845790000000004,1.3847979285714285,6.269376928571429
14.049936,19.649001,5.564899,14.084102,19.422772,-4.883044999999999,1.387340857142857,6.270385857142856
14.051791,19.664339,5.562598,14.101742,19.438109999999998,-4.880744,1.3884364285714283,6.2691804285714285
14.055508,19.692648,5.56068,14.131967,19.466419,-4.878826,1.3904584999999998,6.2692844999999995
14.060042,19.714459,5.559146,14.155313,19.48823,-4.877292000000001,1.3920164285714287,6.26930842857143
14.061391,19.737997,5.557996,14.180002,19.511768,-4.876142,1.3936977142857143,6.269839714285714
14.064517,19.758817,5.556462,14.202355,19.532588,-4.874608,1.3951848571428571,6.269792857142857
14.067457,19.782204,5.553777,14.228427,19.555975,-4.871923000000001,1.3968553571428572,6.268778357142858
14.070767,19.80632,5.552627,14.253693,19.580091,-4.870773,1.3985779285714286,6.269350928571429
14.073676,19.828439,5.550709,14.27773,19.60221,-4.868855,1.400157857142857,6.269012857142857
14.076543,19.850526,5.548792,14.301734,19.624297,-4.866937999999999,1.4017354999999998,6.268673499999999
14.079976,19.869307,5.548409,14.320899,19.643078,-4.866555,1.403077,6.269632
14.082565,19.884714,5.546491,14.338223,19.658485,-4.864637,1.4041774999999999,6.2688144999999995
14.085637,19.900192,5.544957,14.355235,19.673963,-4.863103000000001,1.4052830714285716,6.268386071428572
14.088495,19.914578,5.54419,14.370387,19.688349,-4.862336000000001,1.4063106428571428,6.268646642857144
14.091172,19.929071,5.543423,14.385648,19.702842,-4.861568999999999,1.4073458571428572,6.268914857142857
14.094567,19.944231,5.542273,14.401958,19.718002,-4.860419,1.4084287142857141,6.268847714285714
14.097476,19.953309,5.541122,14.412187,19.72708,-4.859268,1.409077142857143,6.268345142857143
14.100742,19.967269,5.541122,14.426147,19.74104,-4.859268,1.4100742857142858,6.269342285714286
14.103434,19.974133,5.539972,14.434162,19.747904,-4.858117999999999,1.4105645714285713,6.26868257142857
14.106246,19.980835,5.539205,14.441631,19.754606,-4.8573509999999995,1.4110432857142856,6.268394285714285
14.109568,19.990087,5.539205,14.450882,19.763858,-4.8573509999999995,1.4117041428571429,6.269055142857143
14.112124,19.996073,5.538438,14.457636,19.769844,-4.856584,1.4121317142857142,6.2687157142857135
14.115365,20.002152,5.538054,14.464098,19.775923,-4.856199999999999,1.4125659285714285,6.268765928571428
14.118233,20.010236,5.537287,14.472948,19.784007,-4.855433,1.413143357142857,6.268576357142857
14.121471,20.017519,5.537287,14.480232,19.79129,-4.855433,1.4136635714285715,6.269096571428571
14.124073,20.020941,5.536904,14.484037,19.794712,-4.85505,1.413908,6.2689580000000005
14.127154,20.024569,5.536137,14.488432,19.79834,-4.854283000000001,1.4141671428571427,6.2684501428571435
14.130202,20.032101,5.53537,14.496731,19.805872,-4.853516000000001,1.4147051428571429,6.2682211428571435
14.133159,20.038601,5.535753,14.502848,19.812372,-4.853899,1.4151694285714285,6.269068428571429
14.136462,20.043158,5.534603,14.508555,19.816929,-4.852748999999999,1.4154949285714284,6.268243928571428
14.139552,20.044149,5.534986,14.509163,19.81792,-4.8531320000000004,1.4155657142857143,6.2686977142857145
14.142247,20.04299,5.534986,14.508004,19.816761,-4.8531320000000004,1.4154829285714285,6.268614928571429
14.145553,20.04138,5.534603,14.506777,19.815151,-4.852748999999999,1.4153679285714287,6.268116928571428
14.149765,20.039188,5.53537,14.503818,19.812959,-4.853516000000001,1.415211357142857,6.268727357142858
14.151368,20.039399,5.53537,14.50403,19.81317,-4.853516000000001,1.4152264285714284,6.2687424285714295
14.154895,20.039059,5.53537,14.503689,19.81283,-4.853516000000001,1.415202142857143,6.268718142857144
14.159785,20.037447,5.534986,14.502461,19.811218,-4.8531320000000004,1.415087,6.268219
14.161383,20.036101,5.53537,14.500731,19.809872,-4.853516000000001,1.414990857142857,6.268506857142858
14.164798,20.03317,5.534986,14.498184,19.806941,-4.8531320000000004,1.4147815,6.267913500000001
14.167876,20.0303,5.535753,14.494547,19.804071,-4.853899,1.4145765000000001,6.2684755
14.170919,20.025902,5.535753,14.490149,19.799673,-4.853899,1.414262357142857,6.268161357142857
14.173846,20.022684,5.53652,14.486164,19.796455,-4.854666,1.4140325,6.2686985
14.176938,20.017991,5.53652,14.481471,19.791762,-4.854666,1.4136972857142855,6.268363285714285
14.180737,20.006926,5.537671,14.469256,19.780697,-4.855817,1.4129069285714286,6.268723928571429
14.183416,19.996204,5.538821,14.457382,19.769975,-4.856967000000001,1.4121410714285714,6.2691080714285725
14.186469,19.98475,5.539205,14.445545,19.758521,-4.8573509999999995,1.4113229285714284,6.2686739285714275
14.189823,19.96987,5.540355,14.429515,19.743641,-4.858501,1.4102600714285713,6.268761071428572
14.192572,19.957163,5.541122,14.416041,19.730934,-4.859268,1.4093524285714287,6.268620428571429
14.195657,19.94277,5.541889,14.400881,19.716541,-4.860035,1.4083243571428572,6.268359357142857
14.199703,19.923348,5.543423,14.379925,19.697119,-4.861568999999999,1.4069370714285714,6.268506071428571
14.201402,19.91639,5.544574,14.371817,19.690161,-4.8627199999999995,1.4064400714285714,6.269160071428571
14.205124,19.899973,5.544957,14.355016,19.673744,-4.863103000000001,1.4052674285714286,6.268370428571429
14.208031,19.889802,5.546491,14.343311,19.663573,-4.864637,1.4045409285714285,6.269177928571429
14.211123,19.873599,5.547642,14.325957,19.64737,-4.865788,1.4033835714285714,6.269171571428572
14.214043,19.858739,5.548409,14.31033,19.63251,-4.866555,1.4023221428571429,6.268877142857143
14.217279,19.837432,5.549942,14.28749,19.611203,-4.868088,1.4008002142857143,6.268888214285715
14.220796,19.811341,5.55186,14.259481,19.585112,-4.870006,1.3989365714285713,6.268942571428571
14.22325,19.789637,5.554161,14.235477,19.563408,-4.872306999999999,1.3973862857142856,6.269693285714284
14.226314,19.766196,5.555695,14.210501,19.539967,-4.8738410000000005,1.3957119285714286,6.269552928571429
14.229797,19.739094,5.557229,14.181865,19.512865,-4.875375,1.3937760714285716,6.269151071428571
14.232446,19.716893,5.558763,14.15813,19.490664,-4.8769089999999995,1.3921902857142856,6.269099285714285
14.235614,19.691759,5.56068,14.131079,19.46553,-4.878826,1.390395,6.269221
14.241027,19.65791,5.563365,14.094545,19.431681,-4.881511,1.3879772142857143,6.269488214285714
14.241027,19.640958,5.564899,14.076059,19.414729,-4.883044999999999,1.3867663571428572,6.269811357142856
14.245437,19.609133,5.566433,14.0427,19.382904,-4.8845790000000004,1.3844931428571428,6.269072142857143
14.249982,19.581448,5.568734,14.012714,19.355219,-4.88688,1.382515642857143,6.269395642857143
14.251375,19.549147,5.571802,13.977345,19.322918,-4.889948,1.3802084285714287,6.270156428571429
14.254622,19.515744,5.574486,13.941258,19.289515,-4.892632000000001,1.3778225000000002,6.270454500000001
14.25771,19.484712,5.57602,13.908692,19.258483,-4.894166,1.3756059285714284,6.269771928571428
14.260899,19.45336,5.577938,13.875422,19.227131,-4.896084,1.3733665,6.2694505
14.263635,19.428174,5.581389,13.846785,19.201945,-4.899535,1.3715674999999998,6.2711025
14.266619,19.394441,5.58369,13.810751,19.168212,-4.901835999999999,1.369158,6.270994
14.269864,19.360199,5.586758,13.773441,19.13397,-4.904904,1.366712142857143,6.271616142857143
14.272485,19.324419,5.588676,13.735743,19.09819,-4.906822,1.3641564285714285,6.2709784285714285
14.275822,19.282892,5.592127,13.690765,19.056663,-4.910273,1.3611902142857144,6.271463214285714
14.279812,19.233367,5.595578,13.637789,19.007138,-4.913724,1.3576527142857144,6.271376714285715
14.281564,19.210678,5.597879,13.612799,18.984449,-4.916024999999999,1.3560320714285716,6.272057071428571
14.285322,19.166801,5.60018,13.56662,18.940572,-4.918326,1.352898,6.271224
14.288353,19.12747,5.603632,13.523838,18.901241,-4.921778,1.3500886428571428,6.271866642857143
14.291111,19.086575,5.606316,13.480259,18.860346,-4.924462,1.3471675714285714,6.271629571428571
14.294032,19.045341,5.610151,13.435189,18.819112,-4.928297000000001,1.3442222857142858,6.272519285714287
14.297009,19.002966,5.613986,13.38898,18.776737,-4.932131999999999,1.3411955,6.273327499999999
14.300167,18.958648,5.616671,13.341978,18.732419,-4.934817000000001,1.3380299285714286,6.272846928571429
14.303133,18.919478,5.620506,13.298972,18.693249,-4.938651999999999,1.3352320714285715,6.27388407142857
14.306583,18.869237,5.623574,13.245663,18.643008,-4.94172,1.3316434285714285,6.273363428571429
14.309875,18.82021,5.627025,13.193185,18.593981,-4.945171,1.3281414999999999,6.2733125
14.312694,18.773944,5.630093,13.143851,18.547715,-4.948238999999999,1.3248367857142858,6.273075785714285
14.316019,18.723149,5.635078,13.088071,18.49692,-4.9532240000000005,1.3212085714285713,6.274432571428572
14.319304,18.664386,5.638146,13.02624,18.438157,-4.9562919999999995,1.3170112142857142,6.273303214285714
14.322548,18.619159,5.643515,12.975644,18.39293,-4.961660999999999,1.3137807142857143,6.275441714285714
14.326107,18.560392,5.646967,12.913425,18.334163,-4.9651130000000006,1.3095830714285714,6.274696071428572
14.329861,18.500692,5.650802,12.84989,18.274463,-4.968947999999999,1.3053187857142858,6.2742667857142855
14.332448,18.454733,5.656171,12.798562,18.228504,-4.974316999999999,1.302036,6.276352999999999
14.335809,18.395573,5.659622,12.73595,18.169344,-4.977767999999999,1.2978102857142857,6.275578285714285
14.338874,18.32545,5.663074,12.662376,18.099221,-4.98122,1.2928015,6.2740215
14.341738,18.289846,5.666909,12.622938,18.063617,-4.985055000000001,1.2902583571428572,6.275313357142858
14.345035,18.231395,5.67036,12.561035,18.005166,-4.988505999999999,1.2860832857142857,6.274589285714285
14.347875,18.177798,5.675729,12.502069,17.951569,-4.993874999999999,1.2822549285714284,6.276129928571428
14.350902,18.12244,5.679947,12.442493,17.896211,-4.998093000000001,1.2783007857142858,6.276393785714287
14.353868,18.069691,5.683782,12.385909,17.843462,-5.0019279999999995,1.274533,6.276460999999999
14.356669,18.015172,5.687617,12.327555,17.788943,-5.005763,1.2706387857142858,6.2764017857142855
14.359795,17.956815,5.691452,12.265363,17.730586,-5.009598,1.2664704285714286,6.276068428571429
14.362485,17.903141,5.696821,12.20632,17.676912,-5.014967,1.2626365714285714,6.277603571428572
14.366157,17.830314,5.701423,12.128891,17.604085,-5.019569000000001,1.257434642857143,6.277003642857144
14.369058,17.757537,5.705258,12.052279,17.531308,-5.023403999999999,1.2522362857142857,6.275640285714285
14.372112,17.708888,5.709476,11.999412,17.482659,-5.027622000000001,1.2487613571428573,6.276383357142858
14.375193,17.648179,5.713695,11.934484,17.42195,-5.031841,1.244425,6.276266
14.380192,17.590249,5.719447,11.870802,17.36402,-5.037592999999999,1.240287142857143,6.277880142857143
14.38133,17.519404,5.723666,11.795739,17.293175,-5.041812,1.2352267857142858,6.277038785714286
14.384545,17.452365,5.728268,11.724097,17.226136,-5.046414,1.2304382857142857,6.276852285714286
14.387453,17.391524,5.732486,11.659037,17.165295,-5.050632,1.2260925,6.2767245
14.387453,17.391524,5.739389,11.652135,17.165295,-5.057535,1.2260925,6.2836275
14.393817,17.253885,5.743608,11.510277,17.027656,-5.0617540000000005,1.2162611428571428,6.278015142857143
14.396899,17.176661,5.75051,11.426151,16.950432,-5.068656000000001,1.2107451428571427,6.279401142857143
14.401219,17.102795,5.755496,11.347299,16.876566,-5.0736419999999995,1.2054690000000001,6.279110999999999
14.403018,17.040274,5.760098,11.280176,16.814045,-5.078244,1.2010032142857143,6.279247214285714
14.406328,16.966169,5.764316,11.201853,16.73994,-5.082462,1.19571,6.278172
14.409848,16.884321,5.771219,11.113102,16.658092,-5.089365000000001,1.1898637142857142,6.279228714285715
14.412723,16.819422,5.776205,11.043218,16.593193,-5.094351,1.1852280714285715,6.2795790714285715
14.415645,16.750032,5.78119,10.968842,16.523803,-5.099335999999999,1.180271642857143,6.279607642857142
14.420342,16.663075,5.785409,10.877666,16.436846,-5.103555,1.1740604285714284,6.277615428571428
14.421475,16.611815,5.792695,10.81912,16.385586,-5.110841000000001,1.170399,6.28124
14.424987,16.531527,5.797297,10.73423,16.305298,-5.115443000000001,1.164664142857143,6.280107142857144
14.429828,16.423579,5.804967,10.618612,16.19735,-5.123113,1.1569535714285715,6.280066571428572
14.432126,16.367559,5.810336,10.557223,16.14133,-5.128482,1.1529521428571428,6.281434142857143
14.435256,16.282328,5.815321,10.467007,16.056099,-5.133467,1.1468642142857142,6.280331214285714
14.439965,16.177462,5.82069,10.356772,15.951232999999998,-5.1388359999999995,1.1393737857142856,6.278209785714285
14.441088,16.130109,5.829127,10.300982,15.903880000000001,-5.147273,1.1359914285714285,6.283264428571429
14.444372,16.054689,5.833345,10.221344,15.82846,-5.151491,1.1306042857142857,6.282095285714286
14.447234,15.979288,5.838331,10.140957,15.753059,-5.156477000000001,1.1252185000000001,6.2816955000000005
14.450842,15.901886,5.844083,10.057803,15.675657,-5.162229,1.1196897857142856,6.281918785714286
14.453473,15.82174,5.849836,9.971904,15.595511,-5.167982,1.1139650714285714,6.281947071428572
14.456229,15.751157,5.854821,9.896336,15.524928,-5.172967,1.1089234285714284,6.281890428571428
14.459405,15.672545,5.862491,9.810054,15.446316,-5.180637000000001,1.1033082857142857,6.283945285714287
14.462219,15.596496,5.868244,9.728253,15.370267,-5.186389999999999,1.0978762142857144,6.284266214285713
14.465196,15.514867,5.874379,9.640488,15.288638,-5.192525,1.0920455714285715,6.284570571428572
14.468057,15.438306,5.878981,9.559325,15.212077,-5.197127,1.0865769285714286,6.283703928571429
14.471468,15.358848,5.885117,9.473731,15.132619,-5.203263,1.0809013571428572,6.284164357142857
14.473932,15.282293,5.890486,9.391806,15.056064,-5.208632,1.0754331428571429,6.284065142857143
14.476959,15.200696,5.895855,9.304841,14.974467,-5.214001,1.0696047857142859,6.283605785714285
14.480904,15.110015,5.903909,9.206106,14.883786,-5.222054999999999,1.0631275714285715,6.285182571428571
14.482785,15.040586,5.910044,9.130541,14.814357,-5.22819,1.058168357142857,6.2863583571428565
14.486045,14.954416,5.915413,9.039003,14.728187,-5.233559,1.0520133571428572,6.285572357142857
14.489885,14.868852,5.921166,8.947686,14.642623,-5.239312,1.0459016428571428,6.285213642857142
14.491698,14.795884,5.926535,8.86935,14.569655,-5.244681,1.0406896428571428,6.285370642857143
14.494973,14.706295,5.932671,8.773624,14.480066,-5.250817,1.0342904285714287,6.285107428571428
14.497769,14.629428,5.937656,8.691772,14.403199,-5.255801999999999,1.0287999285714287,6.284601928571428
14.500911,14.540486,5.94571,8.594776,14.314257,-5.2638560000000005,1.0224469285714286,6.286302928571429
14.50363,14.459641,5.951462,8.508179,14.233412,-5.269608,1.0166722857142856,6.286280285714286
14.506541,14.379073,5.957214,8.421859,14.152844,-5.275359999999999,1.0109174285714286,6.286277428571427
14.509683,14.292655,5.962583,8.330071,14.066426,-5.280729000000001,1.0047447142857142,6.285473714285715
14.51245,14.21242,5.968336,8.244085,13.986191,-5.2864819999999995,0.9990136428571429,6.285495642857143
14.515476,14.125407,5.974088,8.151319,13.899178,-5.2922340000000005,0.9927984285714285,6.285032428571429
14.51978,14.010351,5.983292,8.027059,13.784122,-5.301437999999999,0.9845801428571429,6.286018142857142
14.522045,13.946246,5.989044,7.957202,13.720017,-5.30719,0.9800012142857143,6.2871912142857145
14.525293,13.84717,5.994413,7.852756,13.620941,-5.312559,0.9729243571428572,6.285483357142858
14.529978,13.764091,6.000549,7.763541,13.537862,-5.318695,0.9669901428571429,6.285685142857143
14.530973,13.680391,6.009753,7.670638,13.454162,-5.327899,0.9610115714285714,6.288910571428572
14.534374,13.57826,6.015889,7.562371,13.352031,-5.334035,0.9537165,6.2877515
14.537255,13.489719,6.021642,7.468078,13.26349,-5.339788,0.9473921428571428,6.287180142857143
14.540805,13.401905,6.027394,7.374511,13.175676,-5.34554,0.9411197142857143,6.286659714285714
14.542955,13.324636,6.032379,7.292257,13.098407,-5.350524999999999,0.9356005,6.286125499999999
14.545758,13.239328,6.039666,7.199662,13.013099,-5.357812000000001,0.9295070714285715,6.2873190714285725
14.549715,13.13165,6.046185,7.085465,12.905421,-5.364331,0.9218157857142858,6.286146785714286
14.551285,13.068204,6.054622,7.013582,12.841975,-5.372768000000001,0.9172839285714286,6.29005192857143
14.554777,12.970426,6.059608,6.910819,12.744197,-5.3777539999999995,0.9102997857142857,6.288053785714285
14.55981,12.832284,6.066127,6.766157,12.606055,-5.384273,0.9004325,6.2847055
14.56108,12.782624,6.072263,6.710362,12.556395,-5.390409,0.8968853571428571,6.287294357142857
14.564403,12.684369,6.081467,6.602902,12.45814,-5.399613,0.8898671428571429,6.289480142857143
14.567053,12.598234,6.086836,6.511398,12.372005,-5.404982,0.8837146428571429,6.288696642857143
14.570821,12.502668,6.093739,6.40893,12.276439,-5.411885,0.8768885,6.2887735
14.572586,12.430156,6.100258,6.329898,12.203927,-5.418404000000001,0.8717090714285715,6.290113071428572
14.575702,12.339123,6.105627,6.233496,12.112894,-5.423773000000001,0.8652067142857144,6.288979714285715
14.579679,12.223676,6.111763,6.111913,11.997447,-5.429909,0.8569604999999999,6.2868695
14.581708,12.159127,6.122117,6.03701,11.932898,-5.440263,0.8523498571428572,6.292612857142857
14.585108,12.052038,6.12787,5.924168,11.825809,-5.446016,0.8447006428571429,6.290716642857143
14.590586,11.917047,6.134773,5.782275,11.690818,-5.452919,0.8350584285714285,6.287977428571428
14.591679,11.847632,6.143977,5.703655,11.621403,-5.462123,0.8301002142857143,6.292223214285714
14.595474,11.748299,6.150496,5.597803,11.52207,-5.468642000000001,0.823005,6.291647000000001
14.599875,11.60823,6.156632,5.451598,11.382001,-5.474778000000001,0.8130000714285714,6.287778071428572
14.601446,11.550481,6.165836,5.384645,11.324252,-5.483981999999999,0.8088751428571428,6.292857142857142
14.605149,11.441641,6.171588,5.270052,11.215412,-5.489734,0.8011008571428572,6.290834857142857
14.608403,11.345057,6.178491,5.166566,11.118828,-5.496637,0.7942020000000001,6.290839
14.611335,11.248693,6.184627,5.064066,11.022464,-5.5027729999999995,0.7873188571428571,6.290091857142857
14.61417,11.167102,6.194214,4.972887,10.940873,-5.512359999999999,0.7814909285714285,6.293850928571428
14.617467,11.063405,6.199583,4.863822,10.837176,-5.517728999999999,0.774084,6.291812999999999
14.620801,10.961924,6.206486,4.755438,10.735695,-5.524632,0.7668353571428571,6.291467357142857
14.623661,10.868746,6.213773,4.654973,10.642517,-5.531919,0.7601797857142857,6.292098785714286
14.626667,10.775879,6.22221,4.55367,10.54965,-5.540355999999999,0.7535464285714285,6.293902428571427
14.629694,10.686278,6.228345,4.457932,10.460049,-5.546491,0.7471463571428572,6.293637357142857
14.632548,10.593273,6.234865,4.358408,10.367044,-5.553011,0.7405031428571428,6.293514142857142
14.635521,10.500256,6.241768,4.258488,10.274027,-5.559914000000001,0.7338590714285714,6.293773071428572
14.639951,10.368868,6.246753,4.122115,10.142639,-5.5648990000000005,0.7244742142857143,6.289373214285715
14.64129,10.309397,6.256724,4.052673,10.083168,-5.574870000000001,0.7202262857142857,6.295096285714286
14.644935,10.209662,6.26286,3.946802,9.983433,-5.581006,0.7131023571428571,6.294108357142857
14.647979,10.111439,6.27053,3.840909,9.88521,-5.5886759999999995,0.7060864285714287,6.2947624285714285
14.651132,10.013891,6.275899,3.737992,9.787662,-5.5940449999999995,0.6991187142857143,6.293163714285714
14.653934,9.928596,2.057835,7.870761,9.702367,-1.375981,0.6930262142857143,2.069007214285714
14.656956,9.834687,0.067112,9.767575,9.608458,0.6147419999999999,0.6863184285714287,0.07157642857142876
14.66015,9.730635,0.020709,9.709926,9.504406,0.661145,0.6788861428571428,0.01774114285714279
14.663038,9.644669,0.022626,9.622043,9.41844,0.6592279999999999,0.6727457142857143,0.013517714285714355
14.666532,9.535184,0.028379,9.506805,9.308955,0.6534749999999999,0.664925357142857,0.011450357142857137
14.669617,9.439043,0.037583,9.40146,9.212814,0.6442709999999999,0.6580581428571428,0.013787142857142887
14.672513,9.348025,0.044485,9.30354,9.121796,0.637369,0.6515568571428572,0.014187857142857196
14.675663,9.252145,0.049854,9.202291,9.025916,0.632,0.6447082857142857,0.012708285714285728
14.679856,9.123086,0.059442,9.063645,8.896857,0.622412,0.6354897857142857,0.01307778571428575
14.682163,9.049553,0.065961,8.983592,8.823324,0.6158929999999999,0.6302374285714285,0.014344428571428591
14.685982,8.932782,0.075549,8.857234,8.706553,0.606305,0.6218966428571429,0.015591642857142873
14.690425,8.812997,0.081684,8.731312,8.586768,0.60017,0.6133405714285713,0.013170571428571365
14.692192,8.734915,0.08667,8.648245,8.508686,0.5951839999999999,0.6077632857142857,0.012579285714285793
14.695554,8.634839,0.095874,8.538965,8.40861,0.58598,0.600615,0.014635000000000065
14.699702,8.503927,0.10201,8.401917,8.277698,0.5798439999999999,0.5912641428571428,0.011420142857142879
14.701257,8.442299,0.108913,8.333387,8.21607,0.5729409999999999,0.5868621428571429,0.013921142857142965
14.705123,8.338753,0.113898,8.224854,8.112524,0.5679559999999999,0.579466,0.011510000000000131
14.71023,8.249599,0.123102,8.126497,8.02337,0.5587519999999999,0.5730978571428571,0.014345857142857188
14.711417,8.147338,0.129621,8.017717,7.9211089999999995,0.552233,0.5657935,0.013560499999999975
14.714948,8.043888,0.138442,7.905446,7.817659000000001,0.543412,0.5584042142857143,0.01499221428571429
14.72001,7.949773,0.143811,7.805962,7.723544,0.5380429999999999,0.5516817142857143,0.013638714285714393
14.721376,7.84311,0.149563,7.693547,7.616881,0.532291,0.5440629285714286,0.011771928571428614
14.724222,7.756497,0.155316,7.601182,7.530268,0.526538,0.5378762857142857,0.011338285714285745
14.727078,7.674634,0.161451,7.513182,7.448405,0.520403,0.5320289285714286,0.011625928571428634
14.730208,7.577003,0.170272,7.406731,7.350774,0.511582,0.5250552857142857,0.013473285714285743
14.733056,7.493981,0.175641,7.31834,7.267752,0.506213,0.5191251428571428,0.012912142857142817
14.736392,7.397027,0.181393,7.215634,7.170798,0.5004609999999999,0.5121998571428571,0.011738857142857162
14.739333,7.293556,0.187913,7.105643,7.067327,0.49394099999999996,0.5048090714285715,0.01086807142857149
14.742198,7.219634,0.194049,7.025586,6.993405,0.48780499999999993,0.49952892857142855,0.011723928571428621
14.745574,7.12262,0.201335,6.921285,6.896391,0.480519,0.4925993571428572,0.012080357142857212
14.74989,6.998159,0.207854,6.790305,6.77193,0.474,0.48370928571428573,0.009709285714285754
14.751409,6.950038,0.21284,6.737198,6.723809,0.46901399999999993,0.4802720714285714,0.011258071428571492
14.754791,6.851074,0.218592,6.632482,6.624845,0.46326199999999995,0.47320321428571427,0.009941214285714317
14.76001,6.764195,0.227029,6.537165,6.537966,0.4548249999999999,0.4669975714285714,0.012172571428571477
14.761121,6.665073,0.233549,6.431525,6.438844,0.44830499999999995,0.45991742857142853,0.011612428571428579
14.764478,6.571715,0.238918,6.332798,6.345486,0.442936,0.453249,0.010313000000000017
14.767259,6.488449,0.244286,6.244162,6.26222,0.43756799999999996,0.44730142857142857,0.009733428571428615
14.77079,6.391427,0.25349,6.137937,6.165198,0.42836399999999997,0.44037128571428574,0.012007285714285776
14.773266,6.316711,0.259243,6.057468,6.090482,0.42261099999999996,0.43503442857142854,0.012423428571428585
14.77639,6.230618,0.264995,5.965622,6.004389,0.416859,0.42888492857142857,0.01202592857142859
14.779366,6.138143,0.270364,5.867779,5.911914,0.41148999999999997,0.4222795714285715,0.01078957142857151
14.782301,6.060162,0.278801,5.781361,5.833933,0.40305299999999994,0.4167095,0.013656500000000071
14.785529,5.967619,0.284937,5.682682,5.74139,0.39691699999999996,0.4100992857142857,0.013182285714285757
14.790258,5.84871,0.289922,5.558787,5.622481,0.39193199999999995,0.4016057857142857,0.009673785714285732
14.791263,5.789755,0.295675,5.494081,5.563526,0.38617899999999994,0.3973947142857143,0.011215714285714384
14.795025,5.702874,0.303345,5.39953,5.476645,0.378509,0.3911889285714286,0.012679928571428634
14.799886,5.570965,0.309481,5.261484,5.344736,0.37237299999999995,0.38176685714285713,0.009393857142857176
14.801406,5.526621,0.314466,5.212155,5.3003919999999995,0.36738799999999994,0.37859942857142853,0.011211428571428594
14.80449,5.441571,0.319451,5.12212,5.215342,0.362403,0.37252442857142853,0.010121428571428559
14.80761,5.363226,0.325204,5.038022,5.136997,0.35664999999999997,0.36692835714285715,0.010278357142857186
14.810721,5.27563,0.333257,4.942373,5.049401,0.34859699999999993,0.3606715,0.012074500000000044
14.813322,5.204745,0.338626,4.866119,4.978516,0.343228,0.3556082857142857,0.012380285714285733
14.816641,5.113925,0.343228,4.770697,4.887696,0.338626,0.34912114285714285,0.01049514285714287
14.819802,5.037885,0.350898,4.686987,4.811656,0.330956,0.3436897142857143,0.012733714285714348
14.822631,4.956564,0.356651,4.599913,4.730335,0.32520299999999996,0.33788107142857143,0.012678071428571469
14.825794,4.873437,0.361636,4.511801,4.647208,0.32021799999999995,0.33194342857142856,0.011725428571428609
14.829241,4.770718,0.366238,4.40448,4.544489,0.31561599999999995,0.3246063571428571,0.008990357142857175
14.831743,4.719283,0.374291,4.344992,4.493054,0.307563,0.32093242857142856,0.013369428571428588
14.835399,4.62882,0.378893,4.249927,4.402591,0.302961,0.3144707857142857,0.011509785714285736
14.839099,4.516265,0.383879,4.132387,4.290036,0.29797499999999993,0.30643114285714285,0.008456142857142912
14.841686,4.464675,0.391932,4.072743,4.238446,0.28992199999999996,0.30274614285714285,0.012824142857142895
14.845466,4.373939,0.395767,3.978172,4.14771,0.286087,0.296265,0.01017800000000002
14.848382,4.302708,0.401519,3.901188,4.076479,0.28033499999999995,0.2911770714285714,0.010842071428571465
14.851629,4.226334,0.406121,3.820212,4.000105,0.27573299999999995,0.2857217857142857,0.009988785714285742
14.854394,4.15626,0.413408,3.742852,3.9300309999999996,0.26844599999999996,0.2807165,0.012270500000000018
14.857474,4.080025,0.417243,3.662782,3.853796,0.264611,0.2752711428571429,0.010660142857142896
14.86076,4.001441,0.422228,3.579213,3.775212,0.25962599999999997,0.269658,0.010032000000000041
14.863169,3.941938,0.427981,3.513958,3.715709,0.25387299999999996,0.2654077857142857,0.011534785714285734
14.865973,3.873445,0.432199,3.441245,3.647216,0.24965499999999996,0.26051542857142856,0.010860428571428604
14.869024,3.785823,0.437185,3.348639,3.559594,0.24466899999999997,0.2542567142857143,0.00958771428571431
14.871575,3.742202,0.441403,3.300799,3.515973,0.24045099999999997,0.25114092857142856,0.010689928571428586
14.874568,3.676437,0.446005,3.230432,3.450208,0.23584899999999998,0.24644342857142856,0.010594428571428588
14.877427,3.610482,0.450223,3.160258,3.384253,0.23163099999999998,0.24173235714285715,0.010101357142857176
14.880809,3.535287,0.454825,3.080462,3.309058,0.22702899999999998,0.2363612857142857,0.00933228571428571
14.883007,3.481629,0.458277,3.023352,3.2554,0.22357699999999997,0.23252857142857142,0.008951571428571448
14.885941,3.416925,0.462879,2.954046,3.190696,0.21897499999999998,0.22790685714285713,0.008931857142857158
14.890314,3.328709,0.467097,2.861612,3.10248,0.21475699999999998,0.22160571428571427,0.006848714285714291
14.891322,3.282113,0.473233,2.80888,3.055884,0.20862099999999995,0.21827742857142857,0.009656428571428621
14.895123,3.211573,0.477068,2.734505,2.985344,0.20478599999999997,0.21323885714285715,0.008452857142857179
14.899725,3.149863,0.48167,2.668193,2.923634,0.20018399999999997,0.208831,0.008647000000000016
14.901194,3.080805,0.485888,2.594916,2.854576,0.19596599999999997,0.2038982857142857,0.007932285714285725
14.904593,3.014583,0.492024,2.522559,2.788354,0.18982999999999994,0.19916814285714285,0.009338142857142906
14.907376,2.952486,0.495476,2.45701,2.726257,0.18637799999999993,0.19473264285714284,0.008354642857142908
14.91091,2.882042,0.500078,2.381964,2.655813,0.18177599999999994,0.1897009285714286,0.007924928571428652
14.913134,2.829914,0.50468,2.325234,2.603685,0.17717399999999994,0.1859775,0.008803500000000047
14.916535,2.764558,0.508515,2.256043,2.538329,0.1733389999999999,0.18130921428571428,0.007970214285714372
14.919577,2.699415,0.513884,2.185532,2.473186,0.16796999999999995,0.17665614285714287,0.00868614285714292
14.922673,2.639206,0.517719,2.121488,2.412977,0.16413499999999992,0.17235550000000002,0.008220500000000103
14.925873,2.577912,0.521553,2.056358,2.351683,0.16030099999999992,0.16797735714285714,0.007676357142857221
14.931796,2.500122,0.525005,1.975117,2.273893,0.1568489999999999,0.1624209285714286,0.005571928571428686
14.931796,2.464176,0.532675,1.931501,2.237947,0.14917899999999995,0.15985335714285714,0.010674357142857194
14.936612,2.372061,0.536126,1.835934,2.145832,0.14572799999999997,0.1532737142857143,0.007545714285714322
14.939788,2.315856,0.539578,1.776278,2.089627,0.14227599999999996,0.14925907142857145,0.006983071428571491
14.942713,2.257557,0.544563,1.712994,2.031328,0.13729099999999994,0.14509485714285714,0.007803857142857196
14.946209,2.195633,0.548015,1.647618,1.969404,0.13383899999999993,0.1406717142857143,0.006832714285714359
14.949361,2.12938,0.551083,1.578298,1.9031509999999998,0.13077099999999997,0.13593935714285713,0.005168357142857155
14.951993,2.089602,0.554918,1.534684,1.8633730000000002,0.12693599999999994,0.13309807142857144,0.006162071428571503
14.955235,2.031395,0.558369,1.473026,1.8051659999999998,0.12348499999999996,0.12894042857142857,0.005455428571428611
14.959998,1.984078,0.563354,1.420724,1.757849,0.11849999999999994,0.12556064285714286,0.007060642857142918
14.961071,1.932053,0.566806,1.365247,1.705824,0.11504799999999993,0.12184457142857143,0.006796571428571499
14.964421,1.881816,0.56949,1.312325,1.655587,0.11236399999999991,0.11825621428571428,0.0058922142857143756
14.96713,1.835004,0.572558,1.262445,1.608775,0.10929599999999995,0.1149125,0.005616500000000052
14.970777,1.778569,0.57716,1.201409,1.55234,0.10469399999999995,0.11088142857142858,0.0061874285714286215
14.973307,1.736379,0.579845,1.156534,1.5101499999999999,0.1020089999999999,0.10786785714285714,0.005858857142857235
14.976299,1.691229,0.582529,1.1087,1.465,0.099325,0.10464285714285715,0.005317857142857152
14.979486,1.641696,0.585597,1.056099,1.415467,0.09625699999999993,0.10110478571428572,0.0048477857142857905
14.982324,1.601759,0.588282,1.013477,1.37553,0.09357199999999999,0.09825214285714286,0.004680142857142869
14.985271,1.556031,0.59135,0.964681,1.329802,0.09050399999999992,0.09498585714285714,0.004481857142857218
14.988106,1.515178,0.594418,0.920761,1.288949,0.08743599999999996,0.09206778571428571,0.004631785714285755
14.99119,1.471129,0.598253,0.872876,1.2449,0.08360099999999993,0.08892142857142857,0.0053204285714286426
14.994161,1.430405,0.60017,0.830235,1.204176,0.08168399999999998,0.08601257142857142,0.0043285714285714455
14.997352,1.388546,0.602854,0.785691,1.162317,0.07899999999999996,0.08302264285714286,0.004022642857142905
15.000801,1.343118,0.605539,0.737579,1.116889,0.07631499999999991,0.07977778571428572,0.003462785714285807
15.003476,1.30578,0.608223,0.697557,1.079551,0.073631,0.07711078571428572,0.003479785714285713
15.006276,1.267292,0.610908,0.656384,1.041063,0.07094599999999995,0.07436164285714286,0.0034156428571429087
15.009506,1.227756,0.614359,0.613397,1.001527,0.06749499999999997,0.07153764285714286,0.0040426428571428835
15.012094,1.195229,0.61666,0.578569,0.9690000000000001,0.06519399999999997,0.06921428571428571,0.00402028571428574
15.01561,1.155218,0.618961,0.536257,0.9289890000000001,0.06289299999999998,0.06635635714285715,0.0034633571428571708
15.019785,1.10566,0.620879,0.484781,0.8794310000000001,0.060975,0.06281650000000001,0.0018415000000000098
15.021237,1.085769,0.623947,0.461822,0.85954,0.05790699999999993,0.06139571428571428,0.003488714285714352
15.024566,1.051168,0.626248,0.42492,0.8249390000000001,0.05560599999999993,0.058924214285714295,0.0033182142857143618
15.027468,1.019815,0.627782,0.392033,0.7935859999999999,0.05407200000000001,0.056684714285714276,0.002612714285714267
15.030809,0.987402,0.63085,0.356553,0.761173,0.05100399999999994,0.0543695,0.003365500000000063
15.033646,0.957503,0.632384,0.325119,0.731274,0.049470000000000014,0.052233857142857144,0.0027638571428571304
15.036574,0.92626,0.633534,0.292726,0.700031,0.04831999999999992,0.05000221428571428,0.0016822142857143632
15.039741,0.896859,0.636602,0.260257,0.67063,0.04525199999999996,0.04790214285714285,0.0026501428571428925
15.042396,0.869233,0.63852,0.230714,0.643004,0.043333999999999984,0.045928857142857146,0.0025948571428571626
15.045877,0.83903,0.640053,0.198977,0.612801,0.04180099999999998,0.043771500000000005,0.001970500000000028
15.049824,0.804747,0.641971,0.162776,0.578518,0.039883,0.04132271428571428,0.0014397142857142803
15.051358,0.789301,0.643888,0.145412,0.563072,0.037965999999999944,0.04021942857142857,0.0022534285714286284
15.055177,0.760899,0.645806,0.115093,0.53467,0.03604799999999997,0.038190714285714286,0.002142714285714317
15.05832,0.732003,0.646956,0.085047,0.505774,0.034897999999999985,0.03612671428571428,0.0012287142857142982
15.061331,0.707098,0.648874,0.058224,0.480869,0.03298000000000001,0.03434778571428571,0.0013677857142857033
15.064062,0.686328,0.650408,0.03592,0.46009900000000004,0.031445999999999974,0.03286421428571429,0.0014182142857143143
15.066953,0.66567,0.651942,0.013728,0.43944099999999997,0.02991199999999994,0.03138864285714286,0.0014766428571429194
15.070057,0.645911,0.653092,-0.007182,0.419682,0.028761999999999954,0.029977285714285713,0.001215285714285759
15.072826,0.631502,0.654243,-0.022741,0.405273,0.02761099999999994,0.028948071428571427,0.001337071428571486
15.076161,0.613783,0.65501,-0.041226,0.38755399999999995,0.02684399999999998,0.02768242857142857,0.0008384285714285906
15.079186,0.597094,0.65616,-0.059066,0.370865,0.025693999999999995,0.026490357142857142,0.0007963571428571473
15.082266,0.583937,0.658078,-0.074141,0.357708,0.02377599999999991,0.02555057142857143,0.0017745714285715211
15.085622,0.565749,0.659228,-0.093479,0.33951999999999993,0.022625999999999924,0.024251428571428566,0.0016254285714286422
15.09053,0.547139,0.660762,-0.113624,0.32091000000000003,0.021092,0.02292214285714286,0.00183014285714286
15.091278,0.527722,0.66268,-0.134957,0.301493,0.019173999999999913,0.021535214285714286,0.0023612142857143727
15.094897,0.508036,0.663447,-0.15541,0.28180700000000003,0.01840699999999995,0.02012907142857143,0.001722071428571479
15.099918,0.484984,0.66383,-0.178846,0.258755,0.01802399999999993,0.018482500000000002,0.00045850000000007343
15.101446,0.477817,0.665364,-0.187547,0.251588,0.016490000000000005,0.017970571428571426,0.0014805714285714214
15.105071,0.463546,0.666131,-0.202585,0.237317,0.01572299999999993,0.016951214285714285,0.0012282142857143533
15.109836,0.45079,0.667282,-0.216492,0.224561,0.014571999999999918,0.016040071428571428,0.0014680714285715095
15.111356,0.445199,0.667282,-0.222083,0.21897,0.014571999999999918,0.015640714285714286,0.0010687142857143672
15.115284,0.439092,0.668049,-0.228957,0.21286299999999997,0.013804999999999956,0.015204499999999998,0.0013995000000000413
15.120052,0.434791,0.668049,-0.233258,0.20856199999999997,0.013804999999999956,0.014897285714285712,0.0010922857142857557
15.121427,0.433944,0.668432,-0.234488,0.20771499999999998,0.013421999999999934,0.014836785714285714,0.0014147857142857798
15.125004,0.433999,0.668049,-0.23405,0.20777,0.013804999999999956,0.014840714285714287,0.0010357142857143307
15.127905,0.43433,0.668049,-0.233719,0.20810099999999998,0.013804999999999956,0.014864357142857141,0.0010593571428571848
15.130881,0.435217,0.668049,-0.232831,0.208988,0.013804999999999956,0.014927714285714285,0.0011227142857143293
15.133712,0.434974,0.668049,-0.233075,0.208745,0.013804999999999956,0.014910357142857144,0.0011053571428571874
15.136702,0.433512,0.668432,-0.23492,0.207283,0.013421999999999934,0.01480592857142857,0.0013839285714286366
15.13985,0.434518,0.668049,-0.233531,0.208289,0.013804999999999956,0.014877785714285715,0.0010727857142857587
15.142675,0.434893,0.668432,-0.233539,0.20866399999999996,0.013421999999999934,0.014904571428571425,0.001482571428571491
15.14593,0.43638,0.668432,-0.232052,0.21015099999999998,0.013421999999999934,0.015010785714285713,0.0015887857142857786
15.149218,0.437563,0.668049,-0.230485,0.21133399999999997,0.013804999999999956,0.015095285714285712,0.001290285714285756
15.15208,0.438337,0.668049,-0.229711,0.21210799999999996,0.013804999999999956,0.015150571428571426,0.0013455714285714702
15.155427,0.439498,0.668049,-0.22855,0.213269,0.013804999999999956,0.015233499999999999,0.0014285000000000426
15.160275,0.440332,0.667665,-0.227333,0.214103,0.014189000000000007,0.015293071428571428,0.0011040714285714213
15.161452,0.4422,0.667665,-0.225465,0.21597099999999997,0.014189000000000007,0.015426499999999998,0.0012374999999999903
15.164903,0.445147,0.667282,-0.222135,0.218918,0.014571999999999918,0.015637,0.0010650000000000832
15.167884,0.448223,0.667665,-0.219442,0.22199399999999997,0.014189000000000007,0.015856714285714283,0.0016677142857142759
15.173429,0.451576,0.666898,-0.215322,0.22534699999999996,0.01495599999999997,0.016096214285714283,0.0011402142857143138
15.174447,0.458397,0.666515,-0.208117,0.23216799999999999,0.015338999999999992,0.016583428571428572,0.0012444285714285803
15.177869,0.46406,0.666131,-0.202071,0.23783099999999996,0.01572299999999993,0.016987928571428567,0.0012649285714286355
15.180938,0.469527,0.666131,-0.196605,0.24329800000000001,0.01572299999999993,0.017378428571428572,0.001655428571428641
15.183922,0.47959,0.664981,-0.185391,0.253361,0.016872999999999916,0.018097214285714286,0.00122421428571437
15.186847,0.489889,0.664597,-0.174709,0.26366,0.017256999999999967,0.018832857142857144,0.0015758571428571774
15.190073,0.498462,0.66383,-0.165368,0.272233,0.01802399999999993,0.019445214285714284,0.0014212142857143555
15.19268,0.510892,0.66268,-0.151788,0.284663,0.019173999999999913,0.02033307142857143,0.0011590714285715162
15.19592,0.523685,0.661146,-0.137461,0.29745599999999994,0.02070799999999995,0.02124685714285714,0.0005388571428571916
15.198979,0.542909,0.660762,-0.117853,0.31667999999999996,0.021092,0.022619999999999998,0.0015279999999999981
15.201584,0.551223,0.659995,-0.108772,0.324994,0.021858999999999962,0.023213857142857144,0.001354857142857182
15.204869,0.567075,0.658845,-0.09177,0.340846,0.023008999999999946,0.024346142857142854,0.0013371428571429082
15.207772,0.57988,0.658078,-0.078197,0.35365099999999994,0.02377599999999991,0.02526078571428571,0.001484785714285803
15.210925,0.596157,0.65616,-0.060003,0.36992800000000003,0.025693999999999995,0.026423428571428573,0.0007294285714285788
15.213662,0.61063,0.655777,-0.045146,0.384401,0.026076999999999906,0.027457214285714286,0.0013802142857143804
15.216846,0.628665,0.654626,-0.025961,0.402436,0.02722799999999992,0.02874542857142857,0.0015174285714286521
15.220038,0.648344,0.653092,-0.004748,0.422115,0.028761999999999954,0.03015107142857143,0.0013890714285714756
15.222837,0.673037,0.651558,0.021478,0.446808,0.03029599999999999,0.03191485714285714,0.001618857142857151
15.225919,0.699782,0.64849,0.051292,0.473553,0.03336399999999995,0.033825214285714285,0.0004612142857143356
15.229011,0.73308,0.64734,0.08574,0.5068509999999999,0.034513999999999934,0.03620364285714285,0.0016896428571429173
15.232071,0.753139,0.646189,0.10695,0.52691,0.03566499999999995,0.03763642857142857,0.001971428571428624
15.23547,0.780416,0.643888,0.136527,0.554187,0.037965999999999944,0.03958478571428571,0.001618785714285767
15.238295,0.804332,0.642354,0.161978,0.578103,0.03949999999999998,0.04129307142857143,0.0017930714285714494
15.241173,0.828297,0.64082,0.187476,0.6020679999999999,0.041034000000000015,0.043004857142857136,0.0019708571428571214
15.244127,0.852702,0.638903,0.213799,0.626473,0.04295099999999996,0.04474807142857142,0.0017970714285714603
15.247344,0.879193,0.636602,0.242591,0.652964,0.04525199999999996,0.04664028571428571,0.0013882857142857516
15.250758,0.90795,0.635452,0.272498,0.681721,0.04640199999999994,0.04869435714285714,0.0022923571428572
15.253206,0.932425,0.633534,0.298891,0.7061959999999999,0.04831999999999992,0.05044257142857143,0.0021225714285715083
15.25623,0.964608,0.630466,0.334142,0.738379,0.05138799999999999,0.052741357142857145,0.0013533571428571561
15.259452,1.000442,0.628932,0.37151,0.774213,0.052921999999999914,0.05530092857142858,0.0023789285714286637
15.262101,1.029075,0.626631,0.402444,0.802846,0.05522299999999991,0.05734614285714285,0.0021231428571429414
15.265479,1.065125,0.62433,0.440795,0.8388960000000001,0.05752399999999991,0.05992114285714286,0.0023971428571429518
15.269765,1.116012,0.622413,0.4936,0.889783,0.059440999999999966,0.06355592857142857,0.004114928571428603
15.271476,1.133987,0.618961,0.515026,0.9077580000000001,0.06289299999999998,0.06483985714285714,0.0019468571428571668
15.274892,1.173998,0.61666,0.557338,0.9477690000000001,0.06519399999999997,0.06769778571428572,0.00250378571428575
15.277809,1.208313,0.613976,0.594337,0.982084,0.067878,0.07014885714285714,0.002270857142857144
15.280957,1.246789,0.612058,0.63473,1.02056,0.06979599999999997,0.07289714285714285,0.0031011428571428856
15.283721,1.282244,0.609374,0.67287,1.056015,0.07247999999999999,0.07542964285714285,0.002949642857142859
15.286534,1.320008,0.606689,0.713318,1.093779,0.07516499999999993,0.07812707142857143,0.0029620714285715083
15.289985,1.359171,0.603238,0.755933,1.132942,0.07861599999999991,0.08092442857142856,0.0023084285714286557
15.292383,1.397356,0.600937,0.796419,1.171127,0.0809169999999999,0.08365192857142857,0.002734928571428666
15.295712,1.440407,0.598636,0.841771,1.214178,0.08321800000000001,0.086727,0.0035089999999999844
15.299717,1.49773,0.595568,0.902162,1.271501,0.08628599999999997,0.0908215,0.004535500000000026
15.30131,1.525624,0.591733,0.933891,1.299395,0.090121,0.09281392857142857,0.0026929285714285683
15.305191,1.577736,0.588665,0.989071,1.351507,0.09318899999999997,0.09653621428571428,0.0033472142857143145
15.308367,1.625355,0.585597,1.039757,1.399126,0.09625699999999993,0.09993757142857143,0.003680571428571505
15.311131,1.66797,0.583296,1.084674,1.441741,0.09855799999999992,0.10298149999999999,0.004423500000000066
15.314128,1.71149,0.579078,1.132412,1.485261,0.10277599999999998,0.10609007142857142,0.003314071428571444
15.317277,1.762494,0.576393,1.186101,1.536265,0.10546099999999992,0.10973321428571428,0.004272214285714365
15.320869,1.815982,0.572942,1.24304,1.589753,0.10891200000000001,0.11355378571428572,0.004641785714285709
15.323244,1.859395,0.569874,1.289521,1.633166,0.11197999999999997,0.11665471428571428,0.00467471428571431
15.326725,1.914197,0.567189,1.347008,1.687968,0.1146649999999999,0.12056914285714285,0.005904142857142941
15.329795,1.960734,0.56182,1.398913,1.734505,0.12003399999999997,0.12389321428571429,0.003859214285714313
15.332606,2.011138,0.558753,1.452385,1.7849089999999999,0.1231009999999999,0.12749349999999998,0.004392500000000077
15.335862,2.069798,0.555685,1.514114,1.843569,0.12616899999999998,0.1316835,0.005514500000000033
15.340059,2.138297,0.552233,1.586063,1.912068,0.129621,0.13657628571428573,0.006955285714285747
15.341372,2.171276,0.547248,1.624029,1.9450470000000002,0.134606,0.13893192857142858,0.004325928571428578
15.344973,2.228559,0.54418,1.68438,2.00233,0.13767399999999996,0.14302357142857144,0.005349571428571481
15.350132,2.316933,0.539194,1.777738,2.090704,0.14266,0.149336,0.0066759999999999875
15.351803,2.352196,0.535743,1.816453,2.125967,0.146111,0.15185478571428573,0.005743785714285743
15.355486,2.425317,0.52999,1.895327,2.199088,0.151864,0.1570777142857143,0.005213714285714294
15.360046,2.506385,0.526539,1.979846,2.280156,0.15531499999999998,0.16286828571428572,0.007553285714285735
15.361689,2.547315,0.523087,2.024228,2.321086,0.158767,0.16579185714285716,0.007024857142857166
15.365477,2.615951,0.517335,2.098616,2.389722,0.16451899999999997,0.17069442857142855,0.006175428571428582
15.369714,2.703215,0.513117,2.190099,2.476986,0.16873699999999991,0.17692757142857143,0.00819057142857152
15.371046,2.737648,0.509665,2.227983,2.511419,0.17218899999999993,0.17938707142857144,0.007198071428571512
15.374653,2.800495,0.50583,2.294664,2.574266,0.17602399999999996,0.18387614285714288,0.007852142857142919
15.377606,2.859135,0.501228,2.357907,2.632906,0.18062599999999995,0.1880647142857143,0.007438714285714354
15.38078,2.924424,0.495859,2.428565,2.698195,0.18599499999999997,0.1927282142857143,0.0067332142857143285
15.383493,2.98184,0.492024,2.489816,2.755611,0.18982999999999994,0.19682935714285715,0.00699935714285721
15.386499,3.04893,0.487806,2.561125,2.822701,0.19404799999999994,0.20162149999999998,0.0075735000000000385
15.39004,3.115936,0.483587,2.632348,2.889707,0.19826699999999997,0.20640764285714286,0.008140642857142888
15.39246,3.175473,0.479752,2.695721,2.949244,0.20210199999999995,0.21066028571428572,0.008558285714285768
15.395682,3.245904,0.475534,2.77037,3.019675,0.20631999999999995,0.2156910714285714,0.009371071428571465
15.399701,3.33669,0.469398,2.867292,3.110461,0.21245599999999998,0.2221757857142857,0.009719785714285722
15.401265,3.378413,0.46518,2.913233,3.152184,0.21667399999999998,0.225156,0.008482000000000017
15.404772,3.448148,0.460578,2.987571,3.221919,0.22127599999999997,0.23013707142857145,0.008861071428571482
15.407674,3.514525,0.455976,3.058549,3.288296,0.22587799999999997,0.2348782857142857,0.009000285714285738
15.41092,3.587286,0.451374,3.135913,3.361057,0.23047999999999996,0.24007550000000002,0.009595500000000062
15.413718,3.651526,0.445238,3.206288,3.425297,0.23661599999999994,0.24466407142857144,0.008048071428571502
15.416783,3.723834,0.441403,3.282431,3.497605,0.24045099999999997,0.24982892857142858,0.009377928571428606
15.420128,3.793676,0.436418,3.357259,3.567447,0.245436,0.25481764285714287,0.00938164285714288
15.422883,3.868427,0.431049,3.437378,3.642198,0.25080499999999994,0.260157,0.009352000000000082
15.426053,3.943644,0.423762,3.519881,3.717415,0.25809199999999993,0.26552964285714287,0.007437642857142934
15.429181,4.034305,0.419927,3.614378,3.808076,0.26192699999999997,0.27200542857142856,0.0100784285714286
15.43214,4.092115,0.414942,3.677173,3.8658859999999997,0.266912,0.2761347142857143,0.009222714285714306
15.435521,4.175514,0.409956,3.765557,3.9492849999999997,0.271898,0.28209178571428567,0.010193785714285697
15.439837,4.280482,0.402286,3.878196,4.054253,0.279568,0.2895895,0.010021500000000017
15.441153,4.323848,0.397685,3.926164,4.097619,0.28416899999999995,0.2926870714285714,0.008518071428571472
15.444836,4.40591,0.392699,4.013211,4.179681,0.28915499999999994,0.2985486428571429,0.009393642857142948
15.447773,4.482201,0.387714,4.094487,4.255972,0.29413999999999996,0.303998,0.009858000000000033
15.450919,4.561274,0.380044,4.181231,4.335045,0.30180999999999997,0.3096460714285714,0.007836071428571456
15.453902,4.63812,0.374675,4.263445,4.411891,0.307179,0.3151350714285714,0.00795607142857141
15.457037,4.718959,0.370073,4.348886,4.49273,0.311781,0.32090928571428573,0.009128285714285755
15.460112,4.804118,0.365087,4.439031,4.577889,0.31676699999999997,0.3269920714285714,0.01022507142857143
15.462949,4.871378,0.360102,4.511276,4.645149,0.321752,0.33179635714285716,0.010044357142857174
15.466136,4.957775,0.352049,4.605726,4.731546,0.32980499999999996,0.3379675714285714,0.008162571428571463
15.469341,5.053644,0.34668,4.706965,4.827415,0.33517399999999997,0.34481535714285716,0.009641357142857188
15.472445,5.123785,0.338626,4.785158,4.897556,0.343228,0.34982542857142856,0.006597428571428587
15.476543,5.231489,0.333257,4.898232,5.00526,0.34859699999999993,0.3575185714285714,0.008921571428571473
15.479791,5.31492,0.328655,4.986264,5.088691,0.353199,0.3634779285714286,0.010278928571428592
15.482531,5.396164,0.320602,5.075562,5.169935,0.36125199999999996,0.3692810714285714,0.008029071428571455
15.485733,5.483917,0.314466,5.169451,5.257688,0.36738799999999994,0.37554914285714286,0.008161142857142922
15.490841,5.563514,0.309864,5.253649,5.337285,0.37199,0.3812346428571428,0.009244642857142826
15.491649,5.652574,0.301427,5.351146,5.426345,0.38042699999999996,0.38759607142857144,0.007169071428571483
15.495487,5.749405,0.296442,5.452963,5.523176,0.385412,0.39451257142857143,0.009100571428571458
15.499906,5.87096,0.291456,5.579503,5.644731,0.39039799999999997,0.4031950714285714,0.01279707142857145
15.501313,5.922781,0.283019,5.639762,5.696552,0.39883499999999994,0.4068965714285714,0.008061571428571446
15.504881,6.014468,0.277267,5.737201,5.788239,0.404587,0.41344564285714286,0.008858642857142884
15.50976,6.152389,0.271515,5.880875,5.92616,0.41033899999999995,0.42329714285714287,0.012958142857142918
15.511189,6.191449,0.263845,5.927605,5.96522,0.41800899999999996,0.4260871428571429,0.008078142857142923
15.514726,6.288389,0.258476,6.029914,6.0621599999999995,0.423378,0.43301142857142855,0.00963342857142857
15.520053,6.381499,0.25234,6.12916,6.15527,0.42951399999999995,0.43966214285714283,0.010148142857142883
15.521165,6.478127,0.243519,6.234607,6.251898,0.4383349999999999,0.44656414285714285,0.008229142857142935
15.524403,6.57303,0.238151,6.334879,6.346801,0.44370299999999996,0.4533429285714286,0.009639928571428646
15.527459,6.659408,0.232782,6.426626,6.433179,0.44907199999999997,0.4595127857142857,0.01044078571428575
15.530822,6.754229,0.226262,6.527967,6.528,0.455592,0.46628571428571425,0.01069371428571425
15.533475,6.83455,0.22051,6.61404,6.608321,0.461344,0.4720229285714286,0.010678928571428603
15.536438,6.922697,0.212073,6.710624,6.696468,0.46978099999999995,0.4783191428571429,0.008538142857142939
15.53986,7.015344,0.205937,6.809407,6.789115,0.4759169999999999,0.4849367857142857,0.0090197857142858
15.542763,7.112071,0.199418,6.912654,6.885842,0.482436,0.49184585714285717,0.009409857142857192
15.545823,7.200269,0.193665,7.006604,6.97404,0.488189,0.49814571428571425,0.009956714285714263
15.548929,7.319789,0.187529,7.13226,7.09356,0.49432499999999996,0.5066828571428571,0.012357857142857143
15.551741,7.379995,0.178709,7.201286,7.153766,0.503145,0.5109832857142858,0.007838285714285798
15.555071,7.477258,0.172573,7.304685,7.251029,0.509281,0.5179306428571429,0.00864964285714287
15.558427,7.575506,0.167204,7.408303,7.349277,0.5146499999999999,0.5249483571428571,0.010298357142857206
15.561414,7.669178,0.160301,7.508877,7.442949,0.5215529999999999,0.5316392142857143,0.010086214285714323
15.564127,7.748268,0.151864,7.596404,7.522039,0.52999,0.5372885000000001,0.007298500000000097
15.567137,7.842133,0.146495,7.695638,7.615904,0.5353589999999999,0.5439931428571428,0.008634142857142924
15.570805,7.9485,0.141126,7.807373,7.722271,0.540728,0.5515907857142858,0.010862785714285783
15.573266,8.027646,0.134223,7.893422,7.801417000000001,0.547631,0.5572440714285715,0.009613071428571485
15.576493,8.12355,0.125786,7.997764,7.897321,0.556068,0.5640943571428572,0.008026357142857155
15.580181,8.22927,0.120034,8.109236,8.003041,0.56182,0.5716457857142857,0.009825785714285717
15.582902,8.321002,0.113898,8.207104,8.094773,0.5679559999999999,0.5781980714285714,0.010242071428571475
15.585992,8.417308,0.107762,8.309546,8.191079,0.5740919999999999,0.5850770714285715,0.010985071428571525
15.590455,8.531748,0.101626,8.430122,8.305519,0.580228,0.5932513571428571,0.013023357142857184
15.591826,8.593151,0.092806,8.500346,8.366922,0.589048,0.5976372857142858,0.008589285714285744
15.595231,8.696733,0.087053,8.609679,8.470504,0.5948009999999999,0.605036,0.010235000000000105
15.599863,8.837908,0.080917,8.756991,8.611679,0.6009369999999999,0.6151199285714286,0.014182928571428666
15.601829,8.892634,0.068646,8.823989,8.666405,0.613208,0.6190289285714285,0.005820928571428574
15.605865,9.027171,0.06251,8.964662,8.800942,0.619344,0.6286387142857143,0.009294714285714267
15.609074,9.145931,0.05599,9.08994,8.919702,0.625864,0.6371215714285714,0.011257571428571422
15.611837,9.21258,0.051005,9.161575,8.986351,0.630849,0.6418822142857143,0.011033214285714354
15.615152,9.309005,0.041417,9.267588,9.082776,0.6404369999999999,0.6487697142857144,0.008332714285714471
15.619817,9.456611,0.035282,9.42133,9.230382,0.6465719999999999,0.659313,0.012741000000000113
15.621605,9.506274,0.028762,9.477512,9.280045,0.653092,0.6628603571428571,0.009768357142857065
15.62451,9.602449,0.02301,9.579439,9.37622,0.658844,0.66973,0.010886000000000062
15.627466,9.692449,0.016107,9.676342,9.46622,0.665747,0.6761585714285714,0.010411571428571409
15.630797,9.793712,0.007286,9.786426,9.567483,0.674568,0.6833916428571428,0.008823642857142877
15.633346,9.875487,2.262238,7.613249,9.649258,-1.580384,0.6892327142857143,2.269616714285714
15.636241,9.968597,5.846384,4.122212,9.742368,-5.164529999999999,0.6958834285714286,5.8604134285714276
15.639329,10.077746,6.234481,3.843265,9.851517,-5.552626999999999,0.7036797857142857,6.256306785714285
15.64198,10.148203,6.262093,3.88611,9.921974,-5.580239000000001,0.7087124285714286,6.288951428571429
15.645448,10.249762,6.258642,3.991121,10.023533,-5.5767880000000005,0.7159666428571428,6.292754642857143
15.650104,10.389429,6.250205,4.139224,10.1632,-5.568351,0.7259428571428571,6.294293857142857
15.651703,10.440173,6.242918,4.197255,10.213944,-5.561064,0.7295674285714285,6.290631428571428
15.655314,10.560876,6.234098,4.326778,10.334647,-5.552244,0.7381890714285715,6.290433071428572
15.6601,10.654058,6.226428,4.42763,10.427829,-5.544574000000001,0.7448449285714285,6.289418928571429
15.66137,10.75236,6.220676,4.531684,10.526131,-5.538822,0.7518665,6.2906885
15.664902,10.857698,6.211855,4.645843,10.631469,-5.530001,0.7593906428571428,6.289391642857143
15.667803,10.950343,6.205336,4.745007,10.724114,-5.523482,0.7660081428571429,6.289490142857143
15.671006,11.047676,6.198433,4.849244,10.821447,-5.516579,0.7729604999999999,6.2895395
15.673812,11.136389,6.193064,4.943325,10.91016,-5.51121,0.7792971428571428,6.290507142857143
15.67718,11.233806,6.186928,5.046878,11.007577,-5.5050740000000005,0.7862555,6.291329500000001
15.680261,11.326811,6.177341,5.14947,11.100582,-5.495487000000001,0.7928987142857142,6.288385714285715
15.683062,11.422848,6.171205,5.251643,11.196619,-5.489350999999999,0.7997585,6.2891094999999995
15.68625,11.523243,6.166219,5.357023,11.297014,-5.484365,0.8069295714285715,6.291294571428572
15.690493,11.630831,6.159316,5.471515,11.404602,-5.477461999999999,0.8146144285714286,6.292076428571428
15.692144,11.703842,6.150112,5.55373,11.477613,-5.4682580000000005,0.8198295,6.2880875000000005
15.696142,11.827157,6.14321,5.683947,11.600928,-5.461356,0.8286377142857143,6.289993714285715
15.699645,11.930477,6.137457,5.79302,11.704248,-5.455603,0.8360177142857143,6.291620714285714
15.702251,12.010966,6.12787,5.883096,11.784737,-5.446016,0.8417669285714285,6.287782928571429
15.705654,12.117522,6.12135,5.996172,11.891293,-5.439496,0.8493780714285714,6.288874071428571
15.708903,12.243346,6.115214,6.128131,12.017117,-5.43336,0.8583655,6.2917255
15.711619,12.300677,6.106778,6.1939,12.074448,-5.424924000000001,0.8624605714285715,6.287384571428572
15.715047,12.403467,6.100258,6.303209,12.177238,-5.418404000000001,0.8698027142857142,6.288206714285715
15.720088,12.494429,6.093739,6.40069,12.2682,-5.411885,0.8763,6.2881849999999995
15.72137,12.596424,6.084535,6.511889,12.370195,-5.402680999999999,0.8835853571428572,6.286266357142857
15.724509,12.687016,6.078399,6.608617,12.460787,-5.396545,0.8900562142857142,6.286601214285714
15.727357,12.776808,6.072263,6.704545,12.550579,-5.390409,0.8964699285714286,6.286878928571428
15.730862,12.874807,6.066894,6.807913,12.648578,-5.38504,0.9034698571428572,6.2885098571428575
15.73338,12.957344,6.060375,6.896969,12.731115,-5.378520999999999,0.9093653571428572,6.287886357142856
15.736305,13.042802,6.054622,6.98818,12.816573,-5.372768000000001,0.9154695,6.288237500000001
15.739311,13.14749,6.045802,7.101688,12.921261,-5.363948000000001,0.9229472142857142,6.286895214285715
15.742349,13.221777,6.039282,7.182495,12.995548,-5.3574280000000005,0.9282534285714286,6.285681428571429
15.746225,13.340772,6.032379,7.308392,13.114543,-5.350524999999999,0.9367530714285713,6.28727807142857
15.749473,13.436852,6.023559,7.413293,13.210623,-5.341704999999999,0.9436159285714286,6.285320928571428
15.752107,13.514414,6.017423,7.496991,13.288185,-5.335569,0.9491560714285715,6.284725071428571
15.755577,13.614238,6.011671,7.602568,13.388009,-5.329817,0.9562863571428571,6.286103357142857
15.759782,13.738449,6.005151,7.733297,13.51222,-5.323297,0.9651585714285714,6.288455571428572
15.76158,13.785524,5.995947,7.789577,13.559295,-5.314093,0.9685210714285715,6.282614071428571
15.765042,13.891379,5.990962,7.900418,13.66515,-5.309108,0.9760821428571429,6.285190142857143
15.770031,13.981878,5.984826,7.997052,13.755649,-5.3029720000000005,0.9825463571428571,6.285518357142857
15.771376,14.07475,5.976006,8.098744,13.848521,-5.294152,0.9891800714285715,6.283332071428572
15.774717,14.168281,5.96987,8.198411,13.942052,-5.288016000000001,0.9958608571428572,6.283876857142858
15.777633,14.249766,5.964117,8.285649,14.023537,-5.282263,1.0016812142857143,6.2839442142857145
15.780846,14.337533,5.957981,8.379551,14.111304,-5.276127000000001,1.0079502857142857,6.284077285714286
15.783723,14.422835,5.949161,8.473674,14.196606,-5.267307000000001,1.0140432857142856,6.281350285714286
15.786657,14.507578,5.943792,8.563786,14.281349,-5.261938000000001,1.0200963571428572,6.282034357142858
15.789936,14.590771,5.938807,8.651965,14.364542,-5.256952999999999,1.0260387142857144,6.282991714285714
15.79256,14.667779,5.933054,8.734725,14.44155,-5.251200000000001,1.0315392857142858,6.282739285714286
15.795393,14.751083,5.927685,8.823398,14.524854,-5.245831000000001,1.0374895714285715,6.283320571428572
15.79975,14.870269,5.922316,8.947953,14.64404,-5.240462000000001,1.0460028571428572,6.2864648571428585
15.801412,14.915082,5.916947,8.998135,14.688853,-5.235093000000001,1.0492037857142857,6.284296785714287
15.804383,14.992496,5.90851,9.083986,14.766267,-5.226656,1.054733357142857,6.281389357142857
15.8073,15.073384,5.902375,9.171009,14.847155,-5.220521,1.0605110714285715,6.281032071428571
15.810834,15.164819,5.898156,9.266663,14.93859,-5.216302000000001,1.0670421428571428,6.2833441428571435
15.813324,15.234681,5.892404,9.342277,15.008452,-5.21055,1.0720322857142857,6.282582285714286
15.816301,15.314548,5.886651,9.427897,15.088319,-5.204796999999999,1.0777370714285714,6.282534071428571
15.81927,15.406809,5.880899,9.52591,15.18058,-5.199045,1.0843271428571428,6.283372142857143
15.82218,15.4696,5.873229,9.596371,15.243371,-5.191375000000001,1.0888122142857142,6.280187214285715
15.825966,15.568335,5.867093,9.701242,15.342106,-5.185238999999999,1.0958647142857143,6.281103714285713
15.829576,15.663012,5.859423,9.803589,15.436783,-5.177569,1.102627357142857,6.280196357142858
15.832139,15.730904,5.854054,9.87685,15.504675,-5.1722,1.1074767857142858,6.279676785714286
15.835482,15.813636,5.849452,9.964183,15.587407,-5.167598,1.1133862142857143,6.280984214285715
15.83979,15.924693,5.843316,10.081377,15.698464,-5.161462,1.1213188571428572,6.282780857142857
15.841547,15.96576,5.836413,10.129347,15.739531,-5.154559000000001,1.1242522142857143,6.2788112142857155
15.844805,16.050935,5.830661,10.220274,15.824705999999999,-5.148807,1.1303361428571428,6.2791431428571425
15.850106,16.125434,5.826059,10.299375,15.899204999999998,-5.1442049999999995,1.1356575,6.279862499999999
15.851433,16.215623,5.817622,10.398,15.989394,-5.1357680000000006,1.1420995714285715,6.2778675714285725
15.854615,16.292446,5.81302,10.479426,16.066217,-5.131166,1.1475869285714286,6.2787529285714285
15.857632,16.368014,5.807651,10.560363,16.141785,-5.125797,1.1529846428571429,6.278781642857143
15.860938,16.447312,5.803049,10.644263,16.221083,-5.121195,1.1586487857142858,6.279843785714286
15.863635,16.513756,5.795379,10.718376,16.287527,-5.113524999999999,1.1633947857142857,6.276919785714285
15.866677,16.585291,5.790394,10.794897,16.359062,-5.10854,1.1685044285714288,6.277044428571428
15.869892,16.655727,5.785409,10.870318,16.429498,-5.103555,1.1735355714285713,6.277090571428571
15.872703,16.726789,5.78119,10.945599,16.50056,-5.099335999999999,1.1786114285714286,6.277947428571428
15.876081,16.805574,5.776588,11.028986,16.579345,-5.094734000000001,1.1842389285714285,6.278972928571429
15.879151,16.891133,5.769685,11.121448,16.664904,-5.0878309999999995,1.1903502857142858,6.278181285714285
15.882093,16.945248,5.7647,11.180548,16.719019,-5.082846,1.1942156428571429,6.277061642857143
15.885692,17.021464,5.757797,11.263667,16.795235,-5.0759430000000005,1.1996596428571429,6.275602642857144
15.890415,17.116301,5.753578,11.362723,16.890072,-5.071724,1.2064337142857142,6.2781577142857135
15.891813,17.165462,5.748976,11.416486,16.939233,-5.0671219999999995,1.2099452142857143,6.277067214285713
15.89555,17.242413,5.742074,11.500339,17.016184,-5.060219999999999,1.2154417142857141,6.275661714285714
15.899925,17.335121,5.737472,11.59765,17.108892,-5.055618000000001,1.2220637142857143,6.277681714285715
15.901959,17.382595,5.730952,11.651643,17.156366,-5.049098000000001,1.2254547142857142,6.274552714285715
15.90548,17.453824,5.727501,11.726323,17.227595,-5.045647000000001,1.2305425,6.276189500000001
15.910057,17.546492,5.722899,11.823593,17.320263,-5.041045,1.2371616428571428,6.2782066428571435
15.911279,17.583057,5.71868,11.864377,17.356828,-5.036826,1.2397734285714286,6.276599428571428
15.914942,17.651385,5.712161,11.939224,17.425156,-5.0303070000000005,1.2446540000000001,6.274961000000001
15.91801,17.712166,5.707559,12.004607,17.485937,-5.025705,1.2489955,6.2747005
15.92115,17.777273,5.703724,12.073549,17.551044,-5.02187,1.253646,6.275516
15.924109,17.834913,5.699506,12.135407,17.608684,-5.017652,1.257763142857143,6.275415142857143
15.927165,17.895875,5.693753,12.202122,17.669646,-5.011899,1.2621175714285715,6.274016571428572
15.930787,17.962404,5.690302,12.272102,17.736175,-5.008448,1.2668696428571429,6.275317642857143
15.933277,18.013042,5.686083,12.326959,17.786813,-5.0042290000000005,1.2704866428571429,6.274715642857143
15.936217,18.067518,5.682248,12.38527,17.841289,-5.000394,1.2743777857142857,6.274771785714286
15.939466,18.130035,5.678797,12.451238,17.903806,-4.996943,1.2788432857142857,6.275786285714286
15.942165,18.177821,5.673044,12.504776,17.951592,-4.99119,1.2822565714285716,6.273446571428571
15.94552,18.238356,5.669209,12.569146,18.012127,-4.987355000000001,1.2865805,6.2739355
15.949949,18.315295,5.665375,12.64992,18.089066,-4.983521,1.2920761428571428,6.275597142857142
15.95188,18.34647,5.660389,12.686081,18.120241,-4.978535000000001,1.2943029285714285,6.2728379285714295
15.955407,18.411333,5.656171,12.755163,18.185104,-4.974316999999999,1.2989359999999999,6.273252999999999
15.959155,18.486817,5.653103,12.833715,18.260588,-4.971249,1.3043277142857141,6.275576714285714
15.961854,18.521356,5.648117,12.873239,18.295127,-4.966263,1.3067947857142859,6.273057785714285
15.965204,18.576518,5.643899,12.932619,18.350289,-4.962045,1.3107349285714285,6.2727799285714285
15.969968,18.625935,5.640447,12.985487,18.399706,-4.9585930000000005,1.3142647142857142,6.272857714285715
15.971206,18.678328,5.637763,13.040565,18.452099,-4.955909,1.3180070714285714,6.273916071428571
15.974372,18.723268,5.632777,13.09049,18.497039,-4.9509229999999995,1.3212170714285716,6.272140071428571
15.977249,18.767314,5.629326,13.137988,18.541085,-4.947471999999999,1.3243632142857142,6.271835214285714
15.980837,18.820761,5.626258,13.194503,18.594532,-4.9444040000000005,1.3281808571428573,6.272584857142858
15.983404,18.86073,5.62319,13.23754,18.634501,-4.941336,1.3310357857142858,6.272371785714285
15.986416,18.9067,5.619739,13.286961,18.680471,-4.937885,1.334319357142857,6.272204357142857
15.989804,18.95132,5.61552,13.3358,18.725091,-4.9336660000000006,1.3375065,6.2711725000000005
15.992513,18.99083,5.612836,13.377995,18.764601,-4.930982,1.3403286428571428,6.271310642857143
15.995969,19.039298,5.610535,13.428763,18.813069,-4.928680999999999,1.3437906428571427,6.272471642857142
15.99972,19.093746,5.607083,13.486663,18.867517,-4.925229,1.3476797857142857,6.272908785714286
16.001415,19.119155,5.602865,13.51629,18.892926,-4.921011,1.3494947142857143,6.270505714285714
16.004899,19.161568,5.60018,13.561388,18.935339,-4.918326,1.3525242142857141,6.270850214285715
16.00798,19.198836,5.597879,13.600957,18.972607,-4.916024999999999,1.3551862142857143,6.271211214285714
16.010881,19.233511,5.595195,13.638316,19.007282,-4.913341000000001,1.357663,6.271004000000001
16.01373,19.267411,5.592894,13.674517,19.041182,-4.91104,1.3600844285714284,6.2711244285714285
16.017056,19.30738,5.589059,13.718321,19.081151,-4.907204999999999,1.362939357142857,6.270144357142856
16.020301,19.347021,5.586375,13.760647,19.120792,-4.904521000000001,1.3657708571428573,6.270291857142858
16.023157,19.379606,5.584074,13.795533,19.153377,-4.90222,1.368098357142857,6.270318357142857
16.026638,19.418425,5.580622,13.837803,19.192196,-4.8987680000000005,1.3708711428571427,6.269639142857143
16.029864,19.449299,5.577938,13.871361,19.22307,-4.896084,1.3730764285714285,6.269160428571428
16.033271,19.486392,5.576404,13.909988,19.260163,-4.894550000000001,1.3757259285714285,6.270275928571429
16.036164,19.516599,5.573719,13.94288,19.29037,-4.891864999999999,1.3778835714285713,6.26974857142857
16.039382,19.554622,5.571035,13.983588,19.328393,-4.889181000000001,1.3805995,6.2697805
16.042262,19.579896,5.568734,14.011162,19.353667,-4.88688,1.3824047857142858,6.2692847857142855
16.045867,19.611631,5.566433,14.045199,19.385402,-4.8845790000000004,1.3846715714285713,6.269250571428572
16.04888,19.646174,5.564899,14.081276,19.419945,-4.883044999999999,1.3871389285714284,6.270183928571427
16.051945,19.662127,5.562981,14.099145,19.435898,-4.881126999999999,1.3882784285714287,6.269405428571428
16.055477,19.690699,5.561447,14.129251,19.46447,-4.879593,1.3903192857142856,6.269912285714286
16.058455,19.711575,5.560297,14.151278,19.485346,-4.878443000000001,1.3918104285714286,6.270253428571429
16.061346,19.734495,5.557612,14.176883,19.508266,-4.875757999999999,1.3934475714285715,6.269205571428571
16.06421,19.754697,5.556462,14.198236,19.528468,-4.874608,1.3948905714285715,6.269498571428572
16.067175,19.778762,5.554544,14.224217,19.552533,-4.87269,1.3966095,6.269299500000001
16.070261,19.803111,5.55301,14.2501,19.576882,-4.871155999999999,1.3983487142857143,6.269504714285714
16.073219,19.824181,5.551093,14.273088,19.597952,-4.869239,1.3998537142857141,6.269092714285715
16.076466,19.84758,5.548792,14.298788,19.621351,-4.866937999999999,1.4015250714285714,6.26846307142857
16.079505,19.8654,5.548025,14.317375,19.639171,-4.866171,1.4027979285714287,6.268968928571429
16.082857,19.881955,5.546491,14.335464,19.655726,-4.864637,1.4039804285714286,6.268617428571429
16.08581,19.898412,5.545341,14.353072,19.672183,-4.863486999999999,1.4051559285714286,6.268642928571428
16.090101,19.917559,5.54419,14.373369,19.69133,-4.862336000000001,1.4065235714285715,6.268859571428573
16.092442,19.927213,5.54304,14.384174,19.700984,-4.861186,1.4072131428571428,6.268399142857143
16.095628,19.945605,5.542656,14.402949,19.719376,-4.860802,1.408526857142857,6.269328857142857
16.099909,19.959815,5.541122,14.418693,19.733586,-4.859268,1.409541857142857,6.268809857142857
16.101282,19.96704,5.540355,14.426685,19.740811,-4.858501,1.4100579285714285,6.268558928571429
16.10501,19.975122,5.539972,14.43515,19.748893,-4.858117999999999,1.4106352142857141,6.268753214285713
16.110062,19.981936,5.539205,14.442732,19.755707,-4.8573509999999995,1.4111219285714287,6.268472928571429
16.111159,19.990608,5.538821,14.451787,19.764379,-4.856967000000001,1.4117413571428572,6.268708357142858
16.114526,19.997278,5.537671,14.459607,19.771049,-4.855817,1.412217785714286,6.268034785714286
16.117675,20.002892,5.537671,14.465222,19.776663,-4.855817,1.4126187857142856,6.268435785714286
16.12073,20.011139,5.537287,14.473852,19.78491,-4.855433,1.4132078571428572,6.268640857142857
16.123421,20.016418,5.536904,14.479514,19.790189,-4.85505,1.4135849285714286,6.268634928571429
16.126318,20.020239,5.536137,14.484103,19.79401,-4.854283000000001,1.413857857142857,6.268140857142858
16.129602,20.023649,5.53652,14.487129,19.79742,-4.854666,1.4141014285714284,6.2687674285714285
16.13252,20.028339,5.536137,14.492203,19.80211,-4.854283000000001,1.4144364285714286,6.268719428571429
16.135692,20.034463,5.53537,14.499094,19.808234,-4.853516000000001,1.414873857142857,6.268389857142858
16.139854,20.039885,5.53537,14.504515,19.813656,-4.853516000000001,1.4152611428571429,6.268777142857144
16.142213,20.040454,5.534603,14.505851,19.814225,-4.852748999999999,1.4153017857142858,6.268050785714285
16.145286,20.03945,5.53537,14.50408,19.813221,-4.853516000000001,1.4152300714285713,6.268746071428572
16.150055,20.036797,5.53537,14.501427,19.810568,-4.853516000000001,1.4150405714285714,6.268556571428572
16.151103,20.035271,5.53537,14.499901,19.809042,-4.853516000000001,1.4149315714285715,6.268447571428572
16.15462,20.034337,5.534986,14.499351,19.808108,-4.8531320000000004,1.4148648571428573,6.267996857142858
16.157284,20.034685,5.535753,14.498932,19.808456,-4.853899,1.4148897142857142,6.268788714285714
16.160841,20.033713,5.535753,14.49796,19.807484,-4.853899,1.4148202857142855,6.268719285714286
16.163161,20.032254,5.53537,14.496884,19.806024999999998,-4.853516000000001,1.4147160714285714,6.268232071428573
16.166499,20.029283,5.535753,14.49353,19.803054,-4.853899,1.4145038571428572,6.268402857142857
16.169715,20.025692,5.53652,14.489172,19.799463,-4.854666,1.414247357142857,6.268913357142857
16.172496,20.021633,5.53652,14.485112,19.795404,-4.854666,1.4139574285714287,6.268623428571429
16.175951,20.016761,5.53652,14.480241,19.790532,-4.854666,1.4136094285714285,6.268275428571428
16.179276,20.004272,5.537671,14.466601,19.778043,-4.855817,1.412717357142857,6.268534357142857
16.182271,19.994494,5.538438,14.456057,19.768265,-4.856584,1.4120189285714286,6.268602928571428
16.185693,19.982642,5.539588,14.443054,19.756413,-4.857734000000001,1.411172357142857,6.268906357142858
16.18882,19.968077,5.540355,14.427721,19.741848,-4.858501,1.4101320000000002,6.268633
16.19159,19.955355,5.541122,14.414233,19.729126,-4.859268,1.4092232857142857,6.268491285714286
16.195059,19.942556,5.54304,14.399517,19.716327,-4.861186,1.4083090714285713,6.2694950714285715
16.199747,19.920896,5.543807,14.37709,19.694667,-4.861953,1.4067619285714286,6.268714928571429
16.201369,19.915244,5.544574,14.370671,19.689015,-4.8627199999999995,1.4063582142857143,6.269078214285714
16.204485,19.901882,5.544574,14.357308,19.675653,-4.8627199999999995,1.4054037857142858,6.268123785714286
16.207251,19.891012,5.546108,14.344904,19.664783,-4.864254000000001,1.4046273571428571,6.268881357142858
16.210865,19.873894,5.547258,14.326636,19.647665,-4.865404,1.403404642857143,6.268808642857143
16.213284,19.861526,5.548792,14.312734,19.635297,-4.866937999999999,1.4025212142857144,6.269459214285714
16.216287,19.841973,5.549942,14.29203,19.615744,-4.868088,1.4011245714285714,6.269212571428572
16.219176,19.814419,5.551476,14.262943,19.58819,-4.869622,1.3991564285714286,6.268778428571428
16.222,19.795594,5.554161,14.241433,19.569365,-4.872306999999999,1.3978117857142858,6.270118785714285
16.225788,19.766096,5.555695,14.210401,19.539867,-4.8738410000000005,1.3957047857142857,6.2695457857142864
16.22903,19.734847,5.556845,14.178002,19.508618,-4.874991,1.3934727142857142,6.268463714285714
16.231885,19.717319,5.55953,14.157789,19.49109,-4.877675999999999,1.3922207142857144,6.269896714285713
16.235391,19.690955,5.561447,14.129508,19.464726,-4.879593,1.3903375714285713,6.269930571428571
16.240095,19.666634,5.562981,14.103653,19.440405,-4.881126999999999,1.3886003571428571,6.269727357142856
16.241384,19.640802,5.564515,14.076287,19.414573,-4.882661000000001,1.3867552142857142,6.269416214285715
16.244888,19.610581,5.567583,14.042998,19.384352,-4.8857289999999995,1.3845965714285715,6.270325571428571
16.247847,19.582769,5.569117,14.013652,19.35654,-4.887263000000001,1.38261,6.2698730000000005
16.250939,19.550705,5.571418,13.979287,19.324476,-4.889564,1.3803197142857144,6.269883714285714
16.253744,19.52268,5.574103,13.948577,19.296451,-4.892249,1.3783179285714287,6.270566928571428
16.256779,19.490272,5.575637,13.914635,19.264043,-4.893783000000001,1.3760030714285716,6.269786071428572
16.260045,19.46217,5.577938,13.884232,19.235941,-4.896084,1.3739957857142857,6.270079785714286
16.26262,19.433197,5.581773,13.851424,19.206968,-4.899919000000001,1.3719262857142858,6.271845285714287
16.26596,19.398973,5.583307,13.815666,19.172744,-4.901453,1.3694817142857143,6.270934714285715
16.269171,19.353184,5.585991,13.767193,19.126955,-4.904137,1.3662110714285713,6.270348071428572
16.272042,19.32672,5.587909,13.738811,19.100491,-4.906055,1.3643207857142858,6.270375785714286
16.275247,19.284604,5.592894,13.69171,19.058375,-4.91104,1.3613125000000001,6.2723525
16.27998,19.25026,5.594811,13.655449,19.024031,-4.9129570000000005,1.358859357142857,6.271816357142858
16.281355,19.21048,5.597496,13.612984,18.984251,-4.915642,1.3560179285714287,6.271659928571429
16.284237,19.178063,5.60018,13.577883,18.951834,-4.918326,1.3537024285714288,6.27202842857143
16.287077,19.140256,5.602481,13.537774,18.914027,-4.920627,1.3510019285714285,6.271628928571428
16.290441,19.095679,5.605166,13.490513,18.86945,-4.923311999999999,1.3478178571428572,6.271129857142856
16.293033,19.056702,5.609384,13.447318,18.830473,-4.927530000000001,1.3450337857142858,6.272563785714286
16.296697,19.006046,5.613219,13.392827,18.779817,-4.9313649999999996,1.3414155,6.2727805
16.300133,18.963111,5.617054,13.346057,18.736882,-4.9352,1.3383487142857144,6.273548714285715
16.302896,18.920269,5.619739,13.30053,18.69404,-4.937885,1.3352885714285716,6.273173571428571
16.30626,18.87263,5.62319,13.24944,18.646401,-4.941336,1.3318857857142858,6.273221785714286
16.309294,18.816388,5.626642,13.189747,18.590159,-4.944788000000001,1.3278685,6.272656500000001
16.312306,18.778248,5.631243,13.147005,18.552019,-4.949389,1.3251442142857144,6.274533214285714
16.31577,18.725405,5.633928,13.091477,18.499176,-4.952074,1.3213697142857141,6.273443714285714
16.319836,18.661976,5.637763,13.024213,18.435747,-4.955909,1.3168390714285714,6.2727480714285715
16.3217,18.629496,5.642748,12.986747,18.403267,-4.960894,1.3145190714285715,6.275413071428571
16.325147,18.574208,5.6462,12.928008,18.347979,-4.964346000000001,1.3105699285714285,6.2749159285714295
16.328147,18.522178,5.649651,12.872527,18.295949,-4.967797000000001,1.3068535000000001,6.274650500000001
16.331305,18.472014,5.65502,12.816994,18.245785,-4.973166000000001,1.3032703571428572,6.276436357142858
16.33538,18.401669,5.658088,12.743581,18.17544,-4.976234,1.2982457142857142,6.2744797142857145
16.340001,18.322571,5.663841,12.65873,18.096342,-4.981987,1.292595857142857,6.274582857142857
16.341626,18.292917,5.667676,12.625242,18.066688,-4.985822000000001,1.2904777142857142,6.276299714285715
16.345191,18.226653,5.671127,12.555526,18.000424,-4.989273000000001,1.2857445714285713,6.275017571428572
16.348125,18.17068,5.674962,12.495718,17.944451,-4.993107999999999,1.2817465000000001,6.2748545
16.35118,18.116093,5.678797,12.437296,17.889864,-4.996943,1.2778474285714285,6.274790428571428
16.353883,18.065106,5.684549,12.380557,17.838877,-5.002694999999999,1.2742055,6.276900499999999
16.356936,18.00794,5.688384,12.319556,17.781711,-5.00653,1.2701222142857145,6.276652214285714
16.360042,17.952153,5.692603,12.25955,17.725924,-5.010749000000001,1.2661374285714284,6.276886428571429
16.362689,17.895504,5.696438,12.199066,17.669275,-5.014583999999999,1.2620910714285714,6.276675071428571
16.365986,17.83281,5.699889,12.132921,17.606581,-5.018034999999999,1.2576129285714284,6.275647928571428
16.369091,17.754816,5.703724,12.051092,17.528587,-5.02187,1.2520419285714286,6.273911928571429
16.371718,17.712641,5.710243,12.002397,17.486412,-5.028389000000001,1.2490294285714287,6.27741842857143
16.374975,17.649183,5.714845,11.934338,17.422954,-5.032991000000001,1.2444967142857144,6.277487714285716
16.377877,17.58923,5.718297,11.870934,17.363001,-5.036443,1.2402143571428572,6.276657357142858
16.380923,17.526676,5.722515,11.80416,17.300447,-5.040661,1.235746214285714,6.276407214285714
16.383742,17.464587,5.726734,11.737853,17.238358,-5.044880000000001,1.2313112857142858,6.276191285714287
16.38688,17.401974,5.73402,11.667954,17.175745,-5.052166,1.2268389285714285,6.279004928571428
16.390231,17.331176,5.738239,11.592937,17.104947,-5.056385000000001,1.2217819285714284,6.278166928571429
16.392977,17.27023,5.742841,11.527389,17.044001,-5.060987000000001,1.217428642857143,6.278415642857144
16.396543,17.190556,5.747826,11.44273,16.964327,-5.065972,1.211737642857143,6.277709642857143
16.399814,17.124921,5.754345,11.370576,16.898692,-5.072490999999999,1.2070494285714286,6.279540428571428
16.402507,17.057932,5.758947,11.298985,16.831703,-5.077093,1.2022645,6.2793575
16.4056,16.988942,5.763933,11.225009,16.762713,-5.082079,1.197336642857143,6.279415642857144
16.409781,16.892745,5.768151,11.124593,16.666516,-5.086297,1.1904654285714287,6.276762428571429
16.411405,16.84898,5.775054,11.073926,16.622751,-5.0931999999999995,1.1873393571428572,6.280539357142857
16.415037,16.770631,5.779656,10.990975,16.544402,-5.097802,1.1817430000000002,6.279545
16.420065,16.65965,5.784258,10.875392,16.433421,-5.102404,1.1738157857142857,6.276219785714286
16.421326,16.618328,5.791544,10.826784,16.392099,-5.1096900000000005,1.1708642142857144,6.280554214285715
16.424997,16.537204,5.796913,10.740291,16.310975,-5.1150590000000005,1.1650696428571428,6.280128642857143
16.427921,16.466226,5.800748,10.665478,16.239997,-5.118893999999999,1.1599997857142856,6.278893785714285
16.430911,16.39303,5.806501,10.586529,16.166801,-5.1246469999999995,1.1547715,6.279418499999999
16.433684,16.324776,5.811486,10.51329,16.098547,-5.129632000000001,1.1498962142857143,6.279528214285715
16.436627,16.255936,5.816855,10.439081,16.029707,-5.135001000000001,1.1449790714285712,6.279980071428572
16.439509,16.178227,5.821841,10.356387,15.951998,-5.139987,1.1394284285714285,6.279415428571428
16.442267,16.111911,5.82951,10.282401,15.885682,-5.147656,1.1346915714285715,6.282347571428571
16.4454,16.034132,5.834879,10.199253,15.807903,-5.1530249999999995,1.1291359285714286,6.282160928571428
16.449836,15.922542,5.840248,10.082294,15.696313,-5.1583939999999995,1.1211652142857143,6.2795592142857135
16.451396,15.880616,5.845617,10.034998,15.654387,-5.163762999999999,1.1181705,6.281933499999999
16.454457,15.804228,5.850603,9.953625,15.577999,-5.168749,1.1127142142857143,6.281463214285714
16.457397,15.726245,5.85904,9.867206,15.500016,-5.177186000000001,1.1071440000000001,6.284330000000001
16.460808,15.641157,5.864025,9.777132,15.414928,-5.182171,1.1010662857142857,6.283237285714286
16.463278,15.573201,5.86901,9.70419,15.346972,-5.187156,1.0962122857142858,6.283368285714285
16.46617,15.497324,5.87553,9.621794,15.271095,-5.193676,1.0907925,6.2844685
16.469261,15.40012,5.880515,9.519605,15.173891,-5.1986609999999995,1.0838493571428571,6.282510357142857
16.472253,15.334397,5.888952,9.445445,15.108168,-5.207098,1.079154857142857,6.286252857142857
16.475435,15.25063,5.893938,9.356693,15.024401,-5.212084000000001,1.0731715,6.285255500000001
16.479989,15.132695,5.900074,9.232621,14.906466,-5.2182200000000005,1.0647475714285715,6.282967571428572
16.48212,15.067406,5.90851,9.158896,14.841177,-5.226656,1.0600840714285715,6.2867400714285715
16.485649,14.973858,5.913879,9.059978,14.747629,-5.232025,1.0534020714285715,6.285427071428572
16.490924,14.878424,5.922316,8.956108,14.652195,-5.240462000000001,1.0465853571428572,6.287047357142858
16.491958,14.794707,5.928069,8.866638,14.568478,-5.246214999999999,1.0406055714285716,6.286820571428571
16.495261,14.704421,5.933821,8.7706,14.478192,-5.2519670000000005,1.0341565714285714,6.286123571428572
16.499765,14.578461,5.938807,8.639654,14.352232,-5.256952999999999,1.0251594285714287,6.282112428571428
16.501385,14.532291,5.944559,8.587732,14.306062,-5.262705,1.0218615714285715,6.284566571428572
16.504476,14.448177,5.952612,8.495565,14.221948,-5.270758000000001,1.0158534285714285,6.28661142857143
16.507386,14.36348,5.958365,8.405115,14.137251,-5.276510999999999,1.0098036428571429,6.286314642857143
16.510791,14.270713,5.964117,8.306596,14.044484,-5.282263,1.0031774285714286,6.2854404285714285
16.513273,14.196555,5.96987,8.226685,13.970326,-5.288016000000001,0.9978804285714286,6.285896428571429
16.516188,14.113609,5.976006,8.137603,13.88738,-5.294152,0.9919557142857143,6.2861077142857145
16.519183,14.009107,5.980991,8.028115,13.782878,-5.299137,0.9844912857142857,6.283628285714285
16.522161,13.941279,5.990195,7.951084,13.71505,-5.308341,0.9796464285714286,6.287987428571429
16.525566,13.842592,5.995947,7.846644,13.616363,-5.314093,0.9725973571428571,6.286690357142857
16.529887,13.720031,6.002083,7.717947,13.493802,-5.320228999999999,0.963843,6.284071999999999
16.531174,13.665155,6.007452,7.657703,13.438926,-5.325597999999999,0.9599232857142858,6.285521285714285
16.534826,13.573546,6.016656,7.55689,13.347317,-5.334802,0.9533797857142857,6.288181785714285
16.537783,13.485666,6.022409,7.463257,13.259437,-5.340555,0.9471026428571429,6.287657642857143
16.540936,13.393086,6.028544,7.364541,13.166857,-5.346690000000001,0.9404897857142858,6.287179785714287
16.543714,13.3131,6.034297,7.278803,13.086871,-5.352442999999999,0.9347765,6.287219499999999
16.546711,13.223262,6.040816,7.182446,12.997033,-5.358962,0.9283595,6.2873215
16.550002,13.130538,6.050404,7.080135,12.904309,-5.368550000000001,0.9217363571428571,6.2902863571428576
16.552819,13.041009,6.055773,6.985236,12.81478,-5.373919000000001,0.9153414285714286,6.2892604285714295
16.556141,12.939477,6.061142,6.878335,12.713248,-5.379288000000001,0.9080891428571428,6.287377142857143
16.559234,12.831026,6.070729,6.760297,12.604797,-5.3888750000000005,0.9003426428571428,6.289217642857143
16.562243,12.754527,6.076865,6.677663,12.528298,-5.395011,0.8948784285714285,6.289889428571429
16.56585,12.653354,6.083001,6.570353,12.427125,-5.401147,0.8876517857142857,6.2887987857142855
16.569793,12.527927,6.088753,6.439173,12.301698,-5.406898999999999,0.8786927142857143,6.285591714285713
16.571328,12.474067,6.098341,6.375726,12.247838,-5.416487,0.8748455714285714,6.291332571428572
16.574896,12.372061,6.104477,6.267585,12.145832,-5.422623,0.8675594285714286,6.290182428571429
16.580034,12.279638,6.110229,6.169409,12.053409,-5.428375000000001,0.8609577857142857,6.2893327857142864
16.581172,12.179734,6.116748,6.062986,11.953505,-5.434894,0.8538217857142857,6.2887157857142855
16.584586,12.081099,6.126336,5.954763,11.85487,-5.444482000000001,0.8467764285714285,6.291258428571429
16.587396,11.989323,6.132855,5.856468,11.763094,-5.451001,0.840221,6.291221999999999
16.587396,11.989323,6.139375,5.849948,11.763094,-5.457521,0.840221,6.2977419999999995
16.594303,11.792688,6.145511,5.647177,11.566459,-5.4636569999999995,0.8261756428571428,6.289832642857142
16.596607,11.695841,6.154331,5.54151,11.469612,-5.472477,0.8192579999999999,6.291734999999999
16.599777,11.602988,6.16085,5.442138,11.376759,-5.478996,0.8126256428571429,6.291621642857144
16.602546,11.509677,6.166986,5.342691,11.283448,-5.485132,0.8059605714285715,6.291092571428572
16.605512,11.416488,6.173122,5.243366,11.190259,-5.491268,0.7993042142857142,6.290572214285714
16.610146,11.297436,6.179258,5.118178,11.071207,-5.4974039999999995,0.7908004999999999,6.288204499999999
16.61153,11.23941,6.188845,5.050564,11.013181,-5.506990999999999,0.7866557857142856,6.293646785714285
16.614793,11.133947,6.194981,4.938966,10.907718,-5.513127000000001,0.7791227142857142,6.292249714285715
16.619876,10.987487,6.201117,4.78637,10.761258,-5.5192630000000005,0.7686612857142857,6.287924285714286
16.621194,10.932748,6.208404,4.724344,10.706519,-5.52655,0.7647513571428571,6.291301357142857
16.624265,10.840447,6.216841,4.623607,10.614218,-5.534986999999999,0.7581584285714286,6.293145428571428
16.62718,10.751295,6.223744,4.527551,10.525066,-5.54189,0.7517904285714286,6.293680428571429
16.630771,10.649665,6.230263,4.419402,10.423436,-5.5484089999999995,0.744531142857143,6.292940142857143
16.633146,10.564581,6.236782,4.327799,10.338352,-5.554928,0.7384537142857143,6.293381714285714
16.636099,10.471491,6.243302,4.228189,10.245262,-5.561448,0.7318044285714286,6.293252428571429
16.639293,10.370604,6.252506,4.118098,10.144375,-5.570652000000001,0.7245982142857142,6.295250214285715
16.642045,10.285087,6.258258,4.026828,10.058858,-5.576404,0.7184898571428572,6.294893857142857
16.645297,10.188443,6.265161,3.923282,9.962214,-5.583307,0.7115867142857143,6.294893714285714
16.649776,10.055465,6.27168,3.783785,9.829236,-5.589826,0.7020882857142857,6.291914285714286
16.651228,9.997815,3.504763,6.493052,9.771586,-2.822909,0.6979704285714285,3.520879428571429
16.654586,9.89647,0.380427,9.516042,9.670241,0.30142699999999994,0.6907315,0.3893045000000001
16.65995,9.798405,0.042951,9.755453,9.572176,0.638903,0.6837268571428572,0.04482385714285719
16.660912,9.701531,0.019942,9.681589,9.475302,0.661912,0.6768072857142856,0.014895285714285667
16.663858,9.60449,0.02301,9.58148,9.378261,0.658844,0.6698757857142857,0.011031785714285758
16.666794,9.514606,0.029913,9.484693,9.288377,0.651941,0.6634555000000001,0.011514500000000094
16.670013,9.41725,0.0395,9.37775,9.191021,0.642354,0.6565015,0.01414749999999998
16.672827,9.327275,0.045636,9.281639,9.101046,0.636218,0.6500747142857143,0.013856714285714333
16.676134,9.22594,0.052155,9.173785,8.999711,0.629699,0.6428364999999999,0.013137499999999913
16.679368,9.132446,0.058675,9.073771,8.906217,0.6231789999999999,0.6361583571428572,0.01297935714285725
16.68222,9.035462,0.067112,8.968351,8.809233,0.6147419999999999,0.6292309285714286,0.014488928571428694
16.685381,8.934938,0.074015,8.860924,8.708709,0.607839,0.622050642857143,0.014211642857142937
16.688492,8.846476,0.079767,8.766709,8.620246999999999,0.6020869999999999,0.6157319285714286,0.013644928571428627
16.691565,8.749029,0.085903,8.663127,8.5228,0.595951,0.6087714285714286,0.012820428571428621
16.694636,8.651263,0.095107,8.556156,8.425034,0.5867469999999999,0.6017881428571429,0.015041142857142975
16.69973,8.501187,0.103927,8.39726,8.274958,0.577927,0.5910684285714286,0.013141428571428637
16.701935,8.440825,0.10968,8.331146,8.214596,0.572174,0.5867568571428572,0.01458285714285723
16.705209,8.325732,0.115816,8.209916,8.099503,0.5660379999999999,0.5785359285714285,0.012497928571428618
16.710104,8.194426,0.121951,8.072474,7.968197,0.5599029999999999,0.5691569285714285,0.009253928571428593
16.711464,8.138229,0.131155,8.007074,7.912000000000001,0.5506989999999999,0.5651428571428572,0.01444385714285723
16.714496,8.042368,0.136908,7.905461,7.816139,0.5449459999999999,0.5582956428571428,0.013349642857142907
16.717541,7.951726,0.142277,7.80945,7.725497,0.539577,0.5518212142857143,0.012244214285714317
16.720998,7.857462,0.148029,7.709432,7.631233,0.533825,0.5450880714285714,0.011263071428571414
16.723407,7.769807,0.153782,7.616026,7.543578,0.528072,0.5388270000000001,0.01075500000000007
16.726442,7.679294,0.163369,7.515925,7.453065,0.518485,0.5323617857142857,0.013876785714285744
16.729565,7.593237,0.168354,7.424883,7.367008,0.5135,0.5262148571428572,0.01271485714285725
16.732465,7.499757,0.174107,7.32565,7.273528,0.507747,0.5195377142857143,0.011790714285714321
16.735459,7.410676,0.180243,7.230433,7.184447,0.501611,0.5131747857142857,0.011563785714285624
16.74002,7.291374,0.185228,7.106146,7.065145,0.49662599999999996,0.5046532142857143,0.008027214285714346
16.741479,7.228402,0.194049,7.034354,7.002173,0.48780499999999993,0.5001552142857143,0.012350214285714367
16.744746,7.135842,0.200184,6.935657,6.909613,0.48166999999999993,0.49354378571428575,0.011873785714285823
16.747808,7.044369,0.20632,6.838049,6.81814,0.47553399999999996,0.48701,0.011476000000000042
16.751352,6.948975,0.211306,6.737669,6.722746,0.47054799999999997,0.48019614285714285,0.009648142857142883
16.753777,6.868055,0.217442,6.650613,6.641826,0.46441199999999994,0.47441614285714284,0.010004142857142906
16.756684,6.784974,0.225879,6.559095,6.558745,0.45597499999999996,0.4684817857142857,0.012506785714285762
16.759852,6.692885,0.232015,6.46087,6.466656,0.449839,0.46190400000000004,0.012065000000000048
16.762841,6.60988,0.237384,6.372496,6.383651,0.4444699999999999,0.45597507142857147,0.011505071428571545
16.765812,6.519622,0.242752,6.27687,6.293393,0.439102,0.44952807142857143,0.010426071428571437
16.769149,6.424909,0.251956,6.172952,6.19868,0.42989799999999995,0.4427628571428572,0.012864857142857233
16.771936,6.343722,0.258476,6.085246,6.117493,0.423378,0.4369637857142857,0.013585785714285703
16.775074,6.253799,0.263078,5.990722,6.02757,0.418776,0.4305407142857143,0.011764714285714295
16.777905,6.170681,0.269214,5.901467,5.944452,0.41263999999999995,0.4246037142857143,0.011963714285714355
16.78111,6.083316,0.274583,5.808734,5.857087,0.40727099999999994,0.41836335714285716,0.011092357142857223
16.783632,6.008754,0.279951,5.728803,5.782525,0.40190299999999995,0.4130375,0.011134500000000047
16.786592,5.927541,0.286471,5.64107,5.701312,0.395383,0.4072365714285714,0.011853571428571408
16.790237,5.84364,0.291456,5.552183,5.617411,0.39039799999999997,0.4012436428571428,0.010845642857142845
16.792824,5.764093,0.29951,5.464583,5.537864,0.38234399999999996,0.3955617142857143,0.013217714285714333
16.796305,5.667596,0.304879,5.362717,5.441367,0.37697499999999995,0.3886690714285714,0.011694071428571429
16.799639,5.572999,0.310248,5.262751,5.34677,0.37160599999999994,0.38191214285714287,0.01030614285714293
16.802423,5.497952,0.318685,5.179267,5.271723,0.36316899999999996,0.3765516428571428,0.013382642857142857
16.805603,5.412085,0.324053,5.088032,5.185856,0.357801,0.37041828571428576,0.012617285714285775
16.809728,5.297794,0.329422,4.968372,5.071565,0.35243199999999997,0.3622546428571428,0.00982264285714285
16.811496,5.250784,0.336709,4.914076,5.024555,0.345145,0.35889678571428574,0.013751785714285758
16.815208,5.152383,0.341694,4.810688,4.926154,0.34015999999999996,0.3518681428571429,0.011708142857142945
16.819839,5.031045,0.347063,4.683981,4.804816,0.33479099999999995,0.3432011428571428,0.008410142857142866
16.821301,4.984493,0.354733,4.62976,4.758264,0.32712099999999994,0.33987599999999996,0.012755000000000016
16.825256,4.889524,0.359718,4.529806,4.663295,0.322136,0.33309249999999996,0.01095649999999998
16.829923,4.807897,0.365471,4.442426,4.581668,0.31638299999999997,0.327262,0.010879000000000028
16.831155,4.734731,0.370073,4.364658,4.508502,0.311781,0.32203585714285715,0.010254857142857177
16.834413,4.650595,0.377743,4.272852,4.424366,0.30411099999999996,0.31602614285714287,0.011915142857142902
16.837382,4.578358,0.382345,4.196013,4.352129,0.29950899999999997,0.3108663571428571,0.011357357142857127
16.840773,4.493356,0.387714,4.105642,4.267127,0.29413999999999996,0.30479478571428575,0.010654785714285797
16.843362,4.426827,0.392316,4.034512,4.200598,0.28953799999999996,0.30004271428571433,0.010504714285714367
16.846281,4.351843,0.396918,3.954926,4.125614,0.28493599999999997,0.29468671428571425,0.00975071428571428
16.849542,4.271173,0.40267,3.868503,4.044944,0.279184,0.2889245714285714,0.009740571428571432
16.852166,4.207831,0.409956,3.797875,3.9816019999999996,0.271898,0.2844001428571428,0.01250214285714285
16.855465,4.128591,0.414175,3.714416,3.902362,0.26767899999999994,0.2787401428571429,0.011061142857142936
16.859828,4.022053,0.418393,3.603659,3.7958239999999996,0.26346099999999995,0.2711302857142857,0.007669285714285767
16.861286,3.97768,0.423762,3.553917,3.751451,0.25809199999999993,0.2679607857142857,0.009868785714285788
16.864537,3.910147,0.428748,3.481399,3.683918,0.25310599999999994,0.263137,0.010031000000000068
16.867458,3.841819,0.432966,3.408853,3.61559,0.24888799999999994,0.25825642857142855,0.00936842857142861
16.870749,3.765557,0.439485,3.326072,3.539328,0.24236899999999995,0.25280914285714284,0.010440142857142898
16.873199,3.708312,0.444471,3.263841,3.482083,0.23738299999999996,0.24872021428571428,0.011337214285714325
16.876175,3.639051,0.449073,3.189978,3.412822,0.23278099999999996,0.243773,0.01099200000000003
16.87956,3.554998,0.452908,3.10209,3.328769,0.22894599999999998,0.23776921428571426,0.008823214285714281
16.882349,3.498861,0.459044,3.039817,3.272632,0.22280999999999995,0.2337594285714286,0.010949428571428638
16.88571,3.423101,0.463646,2.959455,3.196872,0.21820799999999996,0.228348,0.010140000000000038
16.890223,3.329457,0.467864,2.861592,3.103228,0.21398999999999996,0.22165914285714286,0.007669142857142902
16.891124,3.28463,0.471699,2.812931,3.058401,0.21015499999999998,0.21845721428571427,0.008302214285714288
16.894759,3.219896,0.475918,2.743979,2.993667,0.20593599999999995,0.21383335714285714,0.007897357142857192
16.897614,3.159562,0.482437,2.677125,2.933333,0.19941699999999996,0.20952378571428573,0.010106785714285776
16.900908,3.085344,0.487039,2.598305,2.859115,0.19481499999999996,0.2042225,0.00940750000000004
16.90382,3.0247,0.490874,2.533826,2.798471,0.19097999999999998,0.19989078571428573,0.008910785714285746
16.906812,2.961604,0.494709,2.466896,2.735375,0.18714499999999995,0.19538392857142856,0.008238928571428605
16.910169,2.899205,0.500845,2.39836,2.672976,0.18100899999999998,0.19092685714285712,0.009917857142857145
16.913109,2.832583,0.505063,2.327519,2.606354,0.17679099999999992,0.18616814285714287,0.009377142857142945
16.916681,2.761206,0.508898,2.252308,2.534977,0.172956,0.18106978571428572,0.008113785714285726
16.919733,2.701036,0.513117,2.18792,2.474807,0.16873699999999991,0.1767719285714286,0.008034928571428679
16.922376,2.643501,0.516952,2.126549,2.417272,0.164902,0.1726622857142857,0.0077602857142857196
16.925396,2.584007,0.520786,2.06322,2.357778,0.161068,0.1684127142857143,0.0073447142857143155
16.929901,2.4991,0.525772,1.973328,2.272871,0.15608199999999994,0.16234792857142857,0.006265928571428631
16.931384,2.467605,0.529607,1.937998,2.241376,0.1522469999999999,0.1600982857142857,0.007851285714285783
16.934773,2.405256,0.533442,1.871814,2.179027,0.148412,0.15564478571428572,0.007232785714285733
16.937658,2.35007,0.536893,1.813177,2.123841,0.144961,0.15170292857142859,0.006741928571428579
16.940796,2.293422,0.541879,1.751543,2.067193,0.13997499999999996,0.14765664285714286,0.007681642857142901
16.943536,2.240998,0.545714,1.695285,2.014769,0.13613999999999993,0.1439120714285714,0.007772071428571475
16.946604,2.187215,0.549165,1.63805,1.9609860000000001,0.13268899999999995,0.14007042857142857,0.007381428571428622
16.949766,2.134059,0.55185,1.582209,1.9078300000000001,0.130004,0.13627357142857144,0.00626957142857143
16.952436,2.083625,0.556068,1.527557,1.857396,0.12578599999999995,0.13267114285714285,0.006885142857142895
16.955424,2.029846,0.559136,1.47071,1.803617,0.122718,0.12882978571428572,0.006111785714285722
16.960165,1.980209,0.562587,1.417621,1.75398,0.11926700000000001,0.1252842857142857,0.006017285714285697
16.961394,1.927928,0.567189,1.360738,1.701699,0.1146649999999999,0.12154992857142857,0.006884928571428667
16.964572,1.879526,0.569874,1.309652,1.653297,0.11197999999999997,0.11809264285714285,0.006112642857142886
16.967421,1.829861,0.572942,1.256919,1.603632,0.10891200000000001,0.11454514285714286,0.0056331428571428505
16.970772,1.777921,0.57601,1.201911,1.551692,0.10584399999999994,0.11083514285714287,0.00499114285714293
16.973341,1.736184,0.579078,1.157106,1.509955,0.10277599999999998,0.10785392857142857,0.005077928571428594
16.97641,1.691251,0.581762,1.109489,1.465022,0.10009199999999996,0.10464442857142857,0.00455242857142861
16.979279,1.639657,0.587131,1.052526,1.413428,0.094723,0.10095914285714284,0.006236142857142843
16.982588,1.602206,0.588665,1.013541,1.375977,0.09318899999999997,0.09828407142857143,0.005095071428571463
16.986144,1.545341,0.592117,0.953224,1.319112,0.08973699999999996,0.09422228571428572,0.004485285714285761
16.990454,1.490755,0.596335,0.89442,1.264526,0.08551900000000001,0.09032328571428572,0.004804285714285705
16.991534,1.461021,0.598253,0.862768,1.234792,0.08360099999999993,0.08819942857142857,0.004598428571428642
16.995371,1.416053,0.600937,0.815116,1.189824,0.0809169999999999,0.08498742857142857,0.004070428571428669
16.999962,1.376568,0.603621,0.772947,1.150339,0.078233,0.08216707142857142,0.003934071428571426
17.001363,1.33725,0.606689,0.73056,1.111021,0.07516499999999993,0.07935864285714286,0.004193642857142937
17.004263,1.295217,0.608223,0.686994,1.068988,0.073631,0.07635628571428572,0.0027252857142857217
17.007092,1.259478,0.612442,0.647036,1.033249,0.06941199999999992,0.07380350000000001,0.00439150000000009
17.010219,1.219701,0.614359,0.605342,0.9934719999999999,0.06749499999999997,0.07096228571428571,0.003467285714285742
17.013228,1.185527,0.617044,0.568483,0.959298,0.06480999999999992,0.06852128571428572,0.003711285714285792
17.01667,1.142539,0.620112,0.522427,0.91631,0.061741999999999964,0.06545071428571428,0.003708714285714315
17.019771,1.109233,0.622413,0.48682,0.8830039999999999,0.059440999999999966,0.06307171428571427,0.0036307142857143065
17.022634,1.072647,0.624714,0.447933,0.8464179999999999,0.05713999999999997,0.060458428571428566,0.003318428571428597
17.02572,1.039164,0.626248,0.412916,0.812935,0.05560599999999993,0.05806678571428571,0.0024607857142857764
17.02979,0.996023,0.628549,0.367474,0.769794,0.053304999999999936,0.054985285714285716,0.00168028571428578
17.031401,0.979792,0.630466,0.349326,0.753563,0.05138799999999999,0.05382592857142857,0.002437928571428584
17.034399,0.948033,0.632384,0.31565,0.721804,0.049470000000000014,0.051557428571428573,0.0020874285714285595
17.037461,0.918158,0.635068,0.28309,0.691929,0.046785999999999994,0.0494235,0.002637500000000008
17.040783,0.887988,0.636602,0.251386,0.661759,0.04525199999999996,0.0472685,0.002016500000000039
17.043479,0.86236,0.638136,0.224224,0.636131,0.043717999999999924,0.045437928571428574,0.00171992857142865
17.046636,0.833776,0.640437,0.193339,0.607547,0.041416999999999926,0.04339621428571428,0.001979214285714355
17.049967,0.808261,0.643121,0.16514,0.582032,0.038732999999999906,0.04157371428571428,0.002840714285714377
17.052801,0.780011,0.644655,0.135356,0.553782,0.03719899999999998,0.03955585714285714,0.0023568571428571605
17.056106,0.75268,0.645806,0.106875,0.526451,0.03604799999999997,0.037603642857142856,0.0015556428571428874
17.059761,0.721226,0.648107,0.073119,0.494997,0.03374699999999997,0.035356928571428574,0.0016099285714286024
17.06244,0.698703,0.650024,0.048678,0.47247399999999995,0.031829999999999914,0.03374814285714285,0.0019181428571429376
17.065543,0.675199,0.651175,0.024024,0.44897,0.030679000000000012,0.03206928571428571,0.001390285714285698
17.070135,0.647692,0.653092,-0.0054,0.42146300000000003,0.028761999999999954,0.030104500000000003,0.0013425000000000485
17.072409,0.635877,0.653859,-0.017982,0.409648,0.027994999999999992,0.02926057142857143,0.0012655714285714388
17.075751,0.617612,0.65501,-0.037398,0.39138300000000004,0.02684399999999998,0.027955928571428573,0.0011119285714285936
17.079007,0.599143,0.655777,-0.056633,0.37291399999999997,0.026076999999999906,0.026636714285714284,0.0005597142857143786
17.08162,0.588601,0.657694,-0.069093,0.362372,0.02415999999999996,0.025883714285714288,0.0017237142857143284
17.084513,0.574117,0.658461,-0.084344,0.347888,0.023392999999999997,0.024849142857142854,0.0014561428571428572
17.08746,0.55712,0.659995,-0.102875,0.33089099999999994,0.021858999999999962,0.023635071428571425,0.0017760714285714636
17.090791,0.535608,0.661146,-0.125537,0.30937899999999996,0.02070799999999995,0.022098499999999997,0.001390500000000048
17.093493,0.518541,0.661913,-0.143372,0.292312,0.019940999999999987,0.020879428571428573,0.0009384285714285866
17.096477,0.502158,0.663447,-0.161289,0.275929,0.01840699999999995,0.019709214285714285,0.0013022142857143336
17.099648,0.486545,0.664981,-0.178436,0.260316,0.016872999999999916,0.018594,0.0017210000000000836
17.102366,0.475301,0.665748,-0.190447,0.24907199999999996,0.016105999999999954,0.01779085714285714,0.0016848571428571858
17.105607,0.463572,0.666131,-0.20256,0.23734299999999997,0.01572299999999993,0.016953071428571425,0.0012300714285714935
17.109736,0.453976,0.666515,-0.212539,0.22774699999999998,0.015338999999999992,0.016267642857142856,0.000928642857142864
17.111406,0.449318,0.667665,-0.218347,0.22308899999999998,0.014189000000000007,0.01593492857142857,0.0017459285714285615
17.115078,0.441178,0.668049,-0.226871,0.214949,0.013804999999999956,0.0153535,0.0015485000000000446
17.120027,0.436482,0.668049,-0.231567,0.21025299999999997,0.013804999999999956,0.015018071428571426,0.0012130714285714696
17.121494,0.434644,0.668432,-0.233788,0.20841499999999996,0.013421999999999934,0.014886785714285712,0.0014647857142857778
17.124876,0.434534,0.668432,-0.233898,0.20830499999999996,0.013421999999999934,0.014878928571428569,0.001456928571428635
17.128135,0.435141,0.668049,-0.232908,0.208912,0.013804999999999956,0.014922285714285713,0.0011172857142857564
17.13115,0.43541,0.668049,-0.232639,0.209181,0.013804999999999956,0.0149415,0.0011365000000000437
17.134124,0.435885,0.668049,-0.232164,0.209656,0.013804999999999956,0.014975428571428572,0.0011704285714286156
17.137334,0.435437,0.668816,-0.233379,0.209208,0.013037999999999994,0.014943428571428571,0.001905428571428577
17.14027,0.4355,0.668816,-0.233316,0.20927099999999998,0.013037999999999994,0.01494792857142857,0.0019099285714285763
17.143092,0.435873,0.668432,-0.232559,0.209644,0.013421999999999934,0.014974571428571429,0.0015525714285714951
17.146179,0.436431,0.668432,-0.232001,0.210202,0.013421999999999934,0.015014428571428571,0.001592428571428637
17.149419,0.438141,0.668432,-0.230291,0.211912,0.013421999999999934,0.015136571428571428,0.001714571428571494
17.152142,0.438801,0.668049,-0.229248,0.21257199999999998,0.013804999999999956,0.015183714285714285,0.0013787142857143286
17.155638,0.439914,0.668049,-0.228135,0.213685,0.013804999999999956,0.015263214285714286,0.00145821428571433
17.160012,0.441521,0.668049,-0.226527,0.21529199999999998,0.013804999999999956,0.015378,0.0015730000000000431
17.161384,0.442055,0.668049,-0.225993,0.21582599999999996,0.013804999999999956,0.015416142857142854,0.0016111428571428978
17.165035,0.44577,0.667665,-0.221895,0.219541,0.014189000000000007,0.015681499999999998,0.0014924999999999904
17.167965,0.44836,0.667665,-0.219305,0.22213099999999997,0.014189000000000007,0.0158665,0.0016774999999999915
17.170902,0.453031,0.666898,-0.213867,0.226802,0.01495599999999997,0.016200142857142857,0.001244142857142888
17.173908,0.457302,0.666898,-0.209596,0.23107299999999997,0.01495599999999997,0.016505214285714283,0.0015492142857143135
17.176991,0.462681,0.666131,-0.20345,0.236452,0.01572299999999993,0.016889428571428573,0.0011664285714286411
17.180196,0.467348,0.665748,-0.1984,0.24111899999999997,0.016105999999999954,0.01722278571428571,0.0011167857142857576
17.183036,0.476998,0.665364,-0.188366,0.25076899999999996,0.016490000000000005,0.017912071428571427,0.0014220714285714219
17.186362,0.489202,0.664981,-0.175779,0.262973,0.016872999999999916,0.018783785714285715,0.0019107857142857988
17.190508,0.499654,0.663447,-0.163793,0.273425,0.01840699999999995,0.01953035714285714,0.0011233571428571898
17.192675,0.511297,0.662296,-0.150999,0.285068,0.019557999999999964,0.020361999999999998,0.0008040000000000339
17.196877,0.52925,0.661913,-0.132663,0.303021,0.019940999999999987,0.021644357142857142,0.0017033571428571558
17.200245,0.544877,0.660379,-0.115502,0.31864799999999993,0.02147499999999991,0.022760571428571425,0.0012855714285715143
17.202812,0.559079,0.658461,-0.099383,0.33285,0.023392999999999997,0.023774999999999998,0.0003820000000000004
17.206315,0.574102,0.658078,-0.083976,0.347873,0.02377599999999991,0.024848071428571428,0.0010720714285715194
17.209281,0.591628,0.656927,-0.065299,0.36539900000000003,0.02492699999999992,0.026099928571428573,0.001172928571428651
17.212062,0.602482,0.655777,-0.053295,0.37625299999999995,0.026076999999999906,0.026875214285714284,0.0007982142857143777
17.215142,0.619482,0.655393,-0.035911,0.39325299999999996,0.026460999999999957,0.028089499999999996,0.0016285000000000396
17.218075,0.638805,0.654243,-0.015438,0.41257599999999994,0.02761099999999994,0.029469714285714283,0.001858714285714342
17.221223,0.662182,0.651558,0.010624,0.43595300000000003,0.03029599999999999,0.031139500000000004,0.0008435000000000144
17.223943,0.684069,0.650024,0.034044,0.45784,0.031829999999999914,0.032702857142857145,0.0008728571428572307
17.226999,0.709387,0.648874,0.060513,0.483158,0.03298000000000001,0.03451128571428571,0.0015312857142857003
17.23008,0.735176,0.64734,0.087836,0.508947,0.034513999999999934,0.036353357142857146,0.001839357142857212
17.232823,0.759085,0.645422,0.113663,0.532856,0.03643199999999991,0.038061142857142856,0.001629142857142947
17.236123,0.786034,0.643121,0.142913,0.559805,0.038732999999999906,0.039986071428571426,0.00125307142857152
17.239294,0.817138,0.641587,0.175551,0.590909,0.04026699999999994,0.04220778571428572,0.0019407857142857768
17.242236,0.837113,0.63967,0.197443,0.610884,0.042184,0.043634571428571425,0.001450571428571426
17.245706,0.864092,0.637753,0.22634,0.637863,0.044100999999999946,0.045561642857142856,0.0014606428571429103
17.249941,0.901653,0.636219,0.265434,0.675424,0.04563499999999998,0.04824457142857143,0.002609571428571447
17.252056,0.920662,0.634301,0.286361,0.694433,0.047552999999999956,0.04960235714285714,0.002049357142857186
17.255623,0.957432,0.631233,0.326199,0.7312029999999999,0.050620999999999916,0.05222878571428571,0.0016077857142857907
17.260009,1.003734,0.628549,0.375185,0.7775049999999999,0.053304999999999936,0.05553607142857142,0.002231071428571485
17.261462,1.024215,0.627015,0.3972,0.7979860000000001,0.05483899999999997,0.05699900000000001,0.002160000000000037
17.265023,1.059624,0.625097,0.434527,0.8333949999999999,0.056756999999999946,0.059528214285714275,0.002771214285714328
17.267949,1.094107,0.622029,0.472078,0.8678779999999999,0.059824999999999906,0.06199128571428571,0.002166285714285801
17.270986,1.129714,0.618961,0.510753,0.9034850000000001,0.06289299999999998,0.06453464285714286,0.0016416428571428832
17.273954,1.164513,0.617427,0.547085,0.9382839999999999,0.06442700000000001,0.06702028571428571,0.0025932857142857008
17.277085,1.201443,0.615126,0.586317,0.975214,0.06672800000000001,0.06965814285714286,0.0029301428571428534
17.280245,1.241583,0.612058,0.629524,1.015354,0.06979599999999997,0.07252528571428572,0.0027292857142857535
17.283082,1.275287,0.608607,0.66668,1.049058,0.07324699999999995,0.07493271428571428,0.001685714285714332
17.286268,1.318383,0.606689,0.711693,1.092154,0.07516499999999993,0.07801100000000001,0.0028460000000000846
17.28975,1.360468,0.604005,0.756463,1.134239,0.07784899999999995,0.08101707142857142,0.0031680714285714784
17.292092,1.395994,0.60132,0.794674,1.169765,0.080534,0.08355464285714286,0.0030206428571428606
17.29534,1.437058,0.598636,0.838422,1.210829,0.08321800000000001,0.08648778571428571,0.0032697857142856973
17.298163,1.476565,0.596335,0.88023,1.250336,0.08551900000000001,0.08930971428571428,0.0037907142857142723
17.301221,1.519798,0.5925,0.927298,1.293569,0.08935399999999993,0.09239778571428571,0.0030437857142857766
17.304071,1.562021,0.589816,0.972205,1.335792,0.09203799999999995,0.0954137142857143,0.003375714285714343
17.307163,1.609289,0.586748,1.022541,1.38306,0.09510599999999991,0.09879,0.00368400000000009
17.310255,1.656724,0.584447,1.072277,1.430495,0.09740699999999991,0.10217821428571429,0.0047712142857143786
17.313182,1.699504,0.579845,1.119659,1.473275,0.1020089999999999,0.10523392857142856,0.0032249285714286563
17.316548,1.749753,0.57716,1.172593,1.5235239999999999,0.10469399999999995,0.10882314285714285,0.004129142857142901
17.319756,1.800006,0.573709,1.226297,1.573777,0.10814499999999994,0.11241264285714285,0.004267642857142914
17.322461,1.846372,0.571024,1.275347,1.6201429999999999,0.11082999999999998,0.1157245,0.00489450000000001
17.325592,1.897198,0.567956,1.329241,1.670969,0.11389799999999994,0.11935492857142857,0.005456928571428626
17.330275,1.942338,0.564121,1.378217,1.7161089999999999,0.11773299999999998,0.12257921428571428,0.004846214285714301
17.33139,1.993241,0.559903,1.433338,1.767012,0.12195099999999992,0.12621514285714286,0.0042641428571429385
17.33471,2.049385,0.556835,1.49255,1.823156,0.125019,0.13022542857142858,0.005206428571428584
17.337653,2.102372,0.553384,1.548989,1.876143,0.12846999999999997,0.13401021428571427,0.005540214285714301
17.340845,2.155399,0.549932,1.605467,1.92917,0.13192199999999998,0.13779785714285714,0.005875857142857155
17.343579,2.205997,0.546864,1.659133,1.979768,0.13498999999999994,0.141412,0.0064220000000000665
17.346462,2.257246,0.543029,1.714217,2.031017,0.13882499999999998,0.14507264285714286,0.006247642857142882
17.349597,2.317323,0.538427,1.778896,2.091094,0.14342699999999997,0.14936385714285713,0.00593685714285716
17.352559,2.368689,0.534592,1.834097,2.14246,0.147262,0.15303285714285714,0.005770857142857133
17.355829,2.431963,0.531141,1.900822,2.205734,0.15071299999999999,0.15755242857142857,0.00683942857142858
17.358963,2.507568,0.527689,1.979878,2.281339,0.154165,0.1629527857142857,0.008787785714285706
17.361719,2.546187,0.521937,2.02425,2.319958,0.15991699999999998,0.16571128571428573,0.005794285714285752
17.365007,2.608177,0.518486,2.089692,2.381948,0.16336799999999996,0.17013914285714285,0.006771142857142892
17.368042,2.670344,0.515034,2.15531,2.444115,0.16681999999999997,0.17457964285714286,0.0077596428571428955
17.370916,2.727767,0.510816,2.216951,2.501538,0.1710379999999999,0.1786812857142857,0.007643285714285797
17.373794,2.784513,0.506981,2.277533,2.558284,0.17487299999999995,0.18273457142857144,0.007861571428571495
17.376759,2.844306,0.503529,2.340777,2.618077,0.17832499999999996,0.1870055,0.008680500000000035
17.379808,2.906242,0.498927,2.407315,2.680013,0.18292699999999995,0.1914295,0.008502500000000052
17.382452,2.963745,0.492791,2.470954,2.737516,0.18906299999999998,0.19553685714285712,0.006473857142857142
17.385575,3.029124,0.488573,2.540551,2.802895,0.19328099999999998,0.2002067857142857,0.0069257857142857315
17.388606,3.093772,0.485121,2.608651,2.867543,0.19673299999999994,0.2048245,0.008091500000000057
17.391181,3.161047,0.480903,2.680144,2.934818,0.20095099999999994,0.20962985714285715,0.00867885714285721
17.394604,3.22341,0.476301,2.747109,2.997181,0.20555299999999999,0.21408435714285715,0.00853135714285716
17.397551,3.288313,0.472466,2.815847,3.062084,0.20938799999999996,0.21872028571428573,0.009332285714285765
17.40085,3.357097,0.46633,2.890767,3.130868,0.21552399999999994,0.22363342857142857,0.008109428571428628
17.403402,3.419774,0.461728,2.958046,3.193545,0.22012599999999993,0.22811035714285713,0.007984357142857196
17.40646,3.487394,0.457126,3.030268,3.261165,0.22472799999999998,0.23294035714285716,0.008212357142857174
17.409467,3.558588,0.453291,3.105296,3.332359,0.22856299999999996,0.23802564285714284,0.009462642857142878
17.412506,3.624832,0.448689,3.176143,3.398603,0.23316499999999996,0.24275735714285715,0.009592357142857194
17.415704,3.699929,0.44217,3.257759,3.4737,0.23968399999999995,0.24812142857142858,0.008437428571428623
17.419936,3.795881,0.437185,3.358696,3.569652,0.24466899999999997,0.25497514285714284,0.010306142857142875
17.422112,3.851855,0.430282,3.421573,3.625626,0.25157199999999996,0.25897328571428574,0.007401285714285777
17.4255,3.930962,0.42568,3.505282,3.704733,0.25617399999999996,0.26462378571428574,0.008449785714285785
17.429742,4.03608,0.420694,3.615386,3.809851,0.26115999999999995,0.27213221428571427,0.010972214285714321
17.431724,4.081318,0.413024,3.668294,3.8550889999999995,0.26882999999999996,0.2753635,0.006533500000000025
17.435418,4.174086,0.408039,3.766047,3.947857,0.273815,0.28198978571428573,0.00817478571428576
17.439912,4.283351,0.401136,3.882215,4.057122,0.28071799999999997,0.28979442857142856,0.009076428571428596
17.441963,4.33909,0.396918,3.942173,4.112861,0.28493599999999997,0.2937757857142857,0.00883978571428573
17.445534,4.423675,0.391549,4.032127,4.197446,0.290305,0.29981757142857146,0.009512571428571481
17.449842,4.534554,0.38618,4.148375,4.308325,0.29567399999999994,0.3077375,0.01206350000000006
17.451477,4.575769,0.378126,4.197643,4.34954,0.30372799999999994,0.3106814285714286,0.006953428571428666
17.454775,4.662767,0.374291,4.288475,4.436538,0.307563,0.3168955714285714,0.009332571428571412
17.457699,4.737634,0.368922,4.368712,4.511405,0.31293199999999993,0.3222432142857143,0.009311214285714353
17.460902,4.822424,0.363553,4.45887,4.596195,0.31830099999999995,0.32829964285714286,0.009998642857142914
17.463695,4.893775,0.358568,4.535207,4.667546,0.32328599999999996,0.33339614285714286,0.0101101428571429
17.466519,4.970398,0.352816,4.617582,4.744169,0.32903799999999994,0.3388692142857143,0.009831214285714374
17.46961,5.052234,0.345529,4.706704,4.826005,0.336325,0.34471464285714287,0.008389642857142887
17.472276,5.121174,0.34016,4.781014,4.894945,0.34169399999999994,0.3496389285714286,0.007944928571428644
17.475607,5.20853,0.335175,4.873355,4.982301,0.34667899999999996,0.3558786428571428,0.009199642857142865
17.47973,5.323408,0.329422,4.993986,5.097179,0.35243199999999997,0.36408421428571425,0.01165221428571428
17.481375,5.370862,0.321752,5.04911,5.144633,0.360102,0.3674737857142857,0.007371785714285706
17.484927,5.462785,0.316,5.146785,5.236556,0.36585399999999996,0.3740397142857143,0.008185714285714352
17.487974,5.545056,0.311398,5.233658,5.318827,0.37045599999999995,0.37991621428571426,0.009460214285714308
17.491169,5.633896,0.306029,5.327867,5.407667,0.37582499999999996,0.38626192857142855,0.010436928571428583
17.494113,5.71425,0.297209,5.417041,5.488021,0.38464499999999996,0.3920015,0.0073565000000000436
17.497286,5.804645,0.292223,5.512422,5.578416,0.38963099999999995,0.3984582857142857,0.00882728571428576
17.500802,5.897936,0.287238,5.610698,5.671707,0.39461599999999997,0.40512192857142854,0.010505928571428569
17.50327,5.970896,0.281485,5.68941,5.744667,0.400369,0.4103333571428571,0.00996435714285715
17.506212,6.052907,0.275733,5.777174,5.826678,0.40612099999999995,0.4161912857142857,0.010070285714285754
17.50943,6.147624,0.270364,5.877259,5.921395,0.41148999999999997,0.42295678571428574,0.011466785714285777
17.5122,6.222409,0.262694,5.959715,5.99618,0.41916,0.4282985714285714,0.00913857142857144
17.515562,6.319354,0.256942,6.062412,6.093125,0.42491199999999996,0.43522321428571425,0.010311214285714299
17.519943,6.440629,0.248121,6.192507,6.2144,0.4337329999999999,0.44388571428571433,0.010152714285714404
17.522105,6.509744,0.241602,6.268142,6.283515,0.440252,0.4488225,0.008570500000000036
17.525985,6.61847,0.234316,6.384155,6.392241,0.447538,0.4565886428571429,0.00905064285714291
17.529249,6.730936,0.228563,6.502373,6.504707,0.453291,0.46462192857142853,0.011330928571428533
17.532167,6.800649,0.222044,6.578605,6.57442,0.45980999999999994,0.46960142857142856,0.009791428571428618
17.535521,6.900202,0.215908,6.684294,6.673973,0.46594599999999997,0.47671235714285715,0.010766357142857175
17.539918,7.025496,0.207471,6.818025,6.799267,0.474383,0.4856619285714286,0.011278928571428593
17.541453,7.081406,0.201718,6.879687,6.855177,0.48013599999999995,0.4896555,0.00951950000000007
17.545069,7.181376,0.195199,6.986177,6.955147,0.48665499999999995,0.4967962142857143,0.01014121428571435
17.547888,7.266486,0.18868,7.077807,7.0402569999999995,0.493174,0.5028754999999999,0.009701499999999919
17.550886,7.356237,0.183311,7.172926,7.130008,0.49854299999999996,0.5092862857142857,0.010743285714285733
17.553819,7.441644,0.17449,7.267154,7.215415,0.5073639999999999,0.5153867857142858,0.00802278571428583
17.556964,7.535587,0.168354,7.367233,7.309358,0.5135,0.5220969999999999,0.008596999999999966
17.560147,7.636881,0.162602,7.474279,7.410652,0.5192519999999999,0.5293322857142857,0.010080285714285764
17.56305,7.719776,0.153398,7.566378,7.493547,0.5284559999999999,0.5352533571428572,0.00679735714285723
17.566151,7.81444,0.148029,7.666411,7.588211,0.533825,0.5420150714285714,0.008190071428571422
17.569504,7.916879,0.142277,7.774602,7.69065,0.539577,0.5493321428571428,0.009755142857142851
17.57228,8.000432,0.136141,7.864291,7.774203,0.5457129999999999,0.5553002142857143,0.009587214285714407
17.575341,8.091889,0.130388,7.961501,7.86566,0.551466,0.5618328571428571,0.010366857142857122
17.578129,8.17943,0.123869,8.055562,7.953201,0.557985,0.5680857857142857,0.010100785714285743
17.581147,8.269434,0.118117,8.151318,8.043205,0.5637369999999999,0.5745146428571429,0.010777642857143
17.584053,8.358269,0.109296,8.248973,8.13204,0.5725579999999999,0.58086,0.008302000000000143
17.587287,8.453498,0.103544,8.349955,8.227269,0.57831,0.5876620714285714,0.009352071428571418
17.590777,8.560409,0.097408,8.463001,8.33418,0.584446,0.5952985714285715,0.010852571428571434
17.593364,8.640483,0.091272,8.549211,8.414254,0.5905819999999999,0.6010181428571428,0.010436142857142894
17.596409,8.736525,0.085136,8.651389,8.510296,0.596718,0.6078782857142857,0.011160285714285734
17.599326,8.840502,0.079384,8.761119,8.614273,0.60247,0.6153052142857144,0.012835214285714436
17.602053,8.910196,0.069413,8.840784,8.683966999999999,0.612441,0.6202833571428571,0.007842357142857082
17.605344,9.010146,0.064044,8.946102,8.783917,0.61781,0.6274226428571429,0.009612642857142917
17.609954,9.102966,0.057908,9.045058,8.876737,0.623946,0.6340526428571429,0.010106642857142911
17.611174,9.191785,0.051772,9.140013,8.965556,0.6300819999999999,0.6403968571428571,0.010314857142857181
17.614404,9.292023,0.042568,9.249455,9.065794,0.6392859999999999,0.6475567142857143,0.008270714285714353
17.617492,9.385649,0.036432,9.349217,9.15942,0.6454219999999999,0.6542442857142857,0.008822285714285782
17.620789,9.485279,0.03068,9.454599,9.25905,0.6511739999999999,0.6613607142857143,0.010186714285714382
17.623429,9.566515,0.02416,9.542354,9.340286,0.657694,0.6671632857142857,0.009469285714285736
17.626134,9.655975,0.017641,9.638335,9.429746,0.6642129999999999,0.6735532857142857,0.009340285714285801
17.629201,9.768635,0.011505,9.75713,9.542406,0.670349,0.6816004285714286,0.011251428571428579
17.632276,9.842048,0.005752,9.836296,9.615819,0.676102,0.6868442142857143,0.010742214285714313
17.635247,9.939409,5.739773,4.199636,9.71318,-5.057919,0.6937985714285714,5.751717571428571
17.640073,10.029341,6.227195,3.802146,9.803112,-5.5453410000000005,0.7002222857142858,6.245563285714287
17.641213,10.129486,6.26286,3.866626,9.903257,-5.581006,0.7073755,6.288381500000001
17.644681,10.231315,6.260176,3.971139,10.005086,-5.578322,0.714649,6.292971
17.64759,10.321156,6.251355,4.069801,10.094927,-5.569501000000001,0.7210662142857143,6.290567214285715
17.650794,10.418144,6.244836,4.173309,10.191915,-5.562982,0.7279939285714285,6.290975928571428
17.653605,10.508398,6.2387,4.269698,10.282169,-5.556846,0.7344406428571428,6.291286642857143
17.656563,10.601762,6.231797,4.369965,10.375533,-5.549943000000001,0.7411095000000001,6.291052500000001
17.6596,10.698933,6.225661,4.473272,10.472704,-5.543806999999999,0.7480502857142858,6.291857285714285
17.662367,10.785178,6.219525,4.565653,10.558949,-5.537671,0.7542106428571429,6.291881642857143
17.665473,10.878282,6.213389,4.664893,10.652053,-5.531535,0.7608609285714286,6.292395928571429
17.66982,11.014049,6.204185,4.809864,10.78782,-5.522330999999999,0.7705585714285714,6.292889571428571
17.671419,11.064582,6.196899,4.867684,10.838353,-5.515045000000001,0.7741680714285714,6.289213071428572
17.674817,11.168886,6.191913,4.976973,10.942657,-5.510059,0.7816183571428572,6.2916773571428575
17.678314,11.259131,6.185778,5.073354,11.032902,-5.503924,0.7880644285714286,6.291988428571428
17.680967,11.358463,6.17619,5.182273,11.132234,-5.4943360000000006,0.7951595714285714,6.289495571428572
17.683857,11.443393,6.169671,5.273723,11.217164,-5.487817,0.801226,6.2890429999999995
17.686923,11.543865,6.164302,5.379564,11.317636,-5.482448,0.8084025714285714,6.290850571428571
17.690219,11.632491,6.157782,5.474709,11.406262,-5.475928,0.814733,6.290661
17.692662,11.720088,6.150879,5.569209,11.493859,-5.469025,0.8209899285714286,6.290014928571429
17.69615,11.823076,6.142059,5.681017,11.596847,-5.460205,0.8283462142857143,6.2885512142857145
17.699168,11.937717,6.135923,5.801794,11.711488,-5.4540690000000005,0.8365348571428571,6.290603857142858
17.702171,12.01063,6.129787,5.880843,11.784401,-5.447933000000001,0.8417429285714286,6.289675928571429
17.705546,12.11332,6.123268,5.990052,11.887091,-5.441414,0.8490779285714286,6.290491928571429
17.709874,12.242693,6.114064,6.128629,12.016464,-5.4322099999999995,0.858318857142857,6.290528857142856
17.711373,12.292714,6.108695,6.184019,12.066485,-5.426841,0.8618917857142857,6.288732785714285
17.714777,12.3916,6.101792,6.289808,12.165371,-5.419938,0.8689550714285714,6.288893071428571
17.717627,12.478648,6.095656,6.382991,12.252419,-5.4138020000000004,0.8751727857142857,6.288974785714286
17.720919,12.572818,6.086069,6.486749,12.346589,-5.404215000000001,0.8818992142857143,6.286114214285715
17.723963,12.671538,6.079933,6.591605,12.445309,-5.398078999999999,0.8889506428571429,6.287029642857142
17.727239,12.768234,6.073797,6.694437,12.542005,-5.3919429999999995,0.8958575,6.2878004999999995
17.730973,12.873889,6.06536,6.808529,12.64766,-5.383506000000001,0.9034042857142858,6.286910285714287
17.733449,12.955635,6.059224,6.896411,12.729405999999999,-5.377370000000001,0.9092432857142857,6.286613285714287
17.736432,13.045455,6.053855,6.9916,12.819226,-5.372001000000001,0.915659,6.287660000000001
17.739438,13.138622,6.047719,7.090903,12.912393,-5.365864999999999,0.9223137857142857,6.288178785714285
17.742018,13.212912,6.040816,7.172096,12.986683,-5.358962,0.9276202142857143,6.286582214285715
17.745222,13.30509,6.035447,7.269643,13.078861,-5.353593,0.9342043571428571,6.287797357142857
17.748054,13.390747,6.027778,7.36297,13.164518,-5.345924,0.9403227142857142,6.286246714285714
17.751206,13.482906,6.019341,7.463566,13.256677,-5.337486999999999,0.9469055,6.284392499999999
17.754415,13.57829,6.013205,7.565085,13.352061,-5.331351,0.9537186428571429,6.285069642857143
17.757486,13.667044,6.007452,7.659592,13.440815,-5.325597999999999,0.9600582142857144,6.285656214285714
17.760823,13.761644,6.0017,7.759944,13.535415,-5.319846,0.9668153571428572,6.286661357142857
17.763374,13.838507,5.994797,7.84371,13.612278,-5.312943000000001,0.9723055714285714,6.285248571428572
17.766308,13.925105,5.98636,7.938745,13.698876,-5.304506,0.9784911428571429,6.282997142857143
17.769709,14.02247,5.980991,8.041479,13.796241,-5.299137,0.9854457857142858,6.284582785714286
17.772425,14.101036,5.974472,8.126564,13.874807,-5.292617999999999,0.9910576428571429,6.283675642857142
17.7756,14.191024,5.968336,8.222688,13.964795,-5.2864819999999995,0.9974853571428571,6.283967357142856
17.779821,14.310949,5.962967,8.347982,14.08472,-5.2811129999999995,1.0060514285714286,6.287164428571428
17.781383,14.360426,5.95453,8.405896,14.134197,-5.272676000000001,1.0095855,6.282261500000001
17.784722,14.44864,5.948777,8.499862,14.222411,-5.266923,1.0158865,6.2828095
17.787746,14.531247,5.943025,8.588222,14.305018,-5.261170999999999,1.021787,6.282957999999999
17.787746,14.531247,5.937656,8.593591,14.305018,-5.255801999999999,1.021787,6.277588999999999
17.795176,14.7062,5.929603,8.776598,14.479971,-5.247749000000001,1.034283642857143,6.282032642857144
17.797079,14.802784,5.92385,8.878934,14.576555,-5.241996,1.0411825000000001,6.2831785
17.801068,14.891505,5.918098,8.973407,14.665276,-5.236243999999999,1.0475197142857142,6.283763714285714
17.802878,14.963277,5.910044,9.053233,14.737048,-5.22819,1.0526462857142858,6.280836285714285
17.806448,15.054155,5.905059,9.149096,14.827926,-5.223205,1.0591375714285713,6.282342571428572
17.809613,15.135063,5.899307,9.235757,14.908834,-5.217453000000001,1.0649167142857143,6.282369714285715
17.812479,15.21984,5.893938,9.325902,14.993611,-5.212084000000001,1.0709722142857143,6.283056214285715
17.815477,15.298546,5.888952,9.409594,15.072317,-5.207098,1.0765940714285713,6.283692071428572
17.82019,15.403753,5.880515,9.523237,15.177524,-5.1986609999999995,1.0841088571428572,6.282769857142856
17.821807,15.45675,5.874763,9.581987,15.230521,-5.192909,1.0878943571428572,6.280803357142857
17.825317,15.555149,5.86901,9.686139,15.32892,-5.187156,1.094922857142857,6.2820788571428565
17.830013,15.666552,5.860957,9.805595,15.440323,-5.179103,1.1028802142857141,6.281983214285714
17.831581,15.711451,5.855972,9.855479,15.485222,-5.174118,1.1060872857142858,6.280205285714286
17.834726,15.801287,5.850219,9.951068,15.575058,-5.168365,1.112504142857143,6.280869142857142
17.837637,15.874883,5.84485,10.030032,15.648654,-5.162996,1.117761,6.2807569999999995
17.840911,15.957199,5.83718,10.120019,15.73097,-5.1553260000000005,1.1236407142857143,6.278966714285715
17.843541,16.022949,5.832578,10.190371,15.79672,-5.150724,1.128337142857143,6.2790611428571435
17.846497,16.101133,5.82721,10.273923,15.874904,-5.145356,1.1339217142857143,6.279277714285714
17.849734,16.171937,5.821841,10.350096,15.945708,-5.139987,1.1389791428571427,6.278966142857143
17.852382,16.24681,5.816855,10.429955,16.020581,-5.135001000000001,1.1443272142857144,6.279328214285715
17.85561,16.323621,5.811486,10.512135,16.097392,-5.129632000000001,1.1498137142857143,6.279445714285715
17.859703,16.417202,5.804583,10.612618,16.190973,-5.122729,1.1564980714285713,6.279227071428571
17.861419,16.468147,5.798831,10.669316,16.241918,-5.116977,1.160137,6.277114
17.865176,16.554888,5.794612,10.760276,16.328659,-5.1127579999999995,1.1663327857142856,6.279090785714285
17.870117,16.623525,5.789243,10.834282,16.397296,-5.1073889999999995,1.1712354285714286,6.278624428571428
17.871244,16.694232,5.782341,10.911891,16.468003,-5.100486999999999,1.1762859285714284,6.276772928571428
17.874114,16.764681,5.777739,10.986943,16.538452,-5.095885000000001,1.1813179999999999,6.277203000000001
17.877211,16.837017,5.77352,11.063496,16.610788,-5.091666,1.186484857142857,6.278150857142857
17.880859,16.90895,5.768535,11.140416,16.682721,-5.0866810000000005,1.1916229285714286,6.278303928571429
17.883335,16.975625,5.762015,11.213609,16.749396,-5.080161,1.1963854285714286,6.276546428571429
17.886503,17.046803,5.75703,11.289774,16.820574,-5.075176000000001,1.2014695714285715,6.276645571428572
17.890699,17.124915,5.752428,11.372487,16.898686,-5.070574000000001,1.207049,6.277623
17.892825,17.187302,5.747826,11.439476,16.961073,-5.065972,1.2115052142857141,6.277477214285715
17.895701,17.249953,5.743224,11.506728,17.023724,-5.06137,1.2159802857142858,6.277350285714286
17.899852,17.331493,5.736705,11.594789,17.105264,-5.054850999999999,1.2218045714285712,6.27665557142857
17.902011,17.379802,5.732486,11.647315,17.153573,-5.050632,1.2252552142857145,6.2758872142857145
17.905136,17.450604,5.728268,11.722337,17.224375,-5.046414,1.2303125,6.2767265000000005
17.909848,17.543233,5.722132,11.821102,17.317004,-5.040278000000001,1.2369288571428572,6.277206857142858
17.911602,17.587623,5.71753,11.870093,17.361394,-5.0356760000000005,1.2400995714285714,6.2757755714285715
17.915043,17.658379,5.71101,11.947369,17.43215,-5.029156,1.2451535714285715,6.274309571428572
17.919889,17.747159,5.707176,12.039983,17.52093,-5.025321999999999,1.251495,6.276816999999999
17.921143,17.782217,5.702574,12.079643,17.555988,-5.020720000000001,1.2539991428571429,6.274719142857144
17.924445,17.84344,5.698739,12.144701,17.617211,-5.016885,1.2583722142857143,6.275257214285714
17.927305,17.90233,5.69452,12.20781,17.676101,-5.012665999999999,1.2625786428571428,6.2752446428571425
17.930944,17.964148,5.689535,12.274613,17.737919,-5.007681,1.2669942142857145,6.274675214285715
17.933214,18.014086,5.685316,12.32877,17.787857,-5.003462000000001,1.2705612142857141,6.274023214285715
17.936255,18.071106,5.681481,12.389624,17.844877,-4.999627,1.2746340714285715,6.274261071428572
17.939368,18.126112,5.678413,12.447698,17.899883,-4.9965589999999995,1.2785630714285714,6.275122071428571
17.942335,18.183429,5.674195,12.509234,17.9572,-4.992341,1.282657142857143,6.274998142857143
17.945342,18.237607,5.670743,12.566863,18.011378,-4.988889,1.286527,6.275416
17.949864,18.311638,5.664991,12.646647,18.085409,-4.983136999999999,1.2918149285714284,6.2749519285714275
17.951402,18.347781,5.66154,12.686241,18.121552,-4.979685999999999,1.2943965714285715,6.27408257142857
17.954794,18.403182,5.657705,12.745478,18.176953,-4.9758510000000005,1.2983537857142857,6.274204785714286
17.96004,18.456527,5.65387,12.802658,18.230298,-4.972016,1.3021641428571429,6.274180142857142
17.96109,18.509,5.648884,12.860116,18.282771,-4.967029999999999,1.3059122142857142,6.272942214285713
17.963969,18.560997,5.645433,12.915564,18.334768,-4.963578999999999,1.3096262857142857,6.273205285714285
17.967032,18.608799,5.642365,12.966434,18.38257,-4.960511,1.3130407142857143,6.2735517142857145
17.970777,18.663744,5.63853,13.025214,18.437515,-4.956676,1.3169653571428572,6.273641357142857
17.972782,18.701407,5.635078,13.066329,18.475178,-4.9532240000000005,1.3196555714285714,6.272879571428572
17.975786,18.749533,5.63201,13.117522,18.523304,-4.950156,1.3230931428571429,6.273249142857143
17.979912,18.803688,5.627409,13.176279,18.577459,-4.945555000000001,1.3269613571428571,6.272516357142858
17.982147,18.840668,5.624341,13.216328,18.614439,-4.942487,1.3296027857142858,6.272089785714286
17.985174,18.888406,5.621273,13.267133,18.662177,-4.939419000000001,1.333012642857143,6.272431642857144
17.990566,18.931835,5.618588,13.313247,18.705606,-4.9367339999999995,1.3361147142857142,6.272848714285714
17.991445,18.972555,5.614753,13.357801,18.746326,-4.932899000000001,1.3390232857142856,6.271922285714286
17.994908,19.020511,5.611685,13.408826,18.794282,-4.929831,1.3424487142857142,6.272279714285714
17.997854,19.060838,5.609001,13.451837,18.834609,-4.927147,1.3453292142857143,6.272476214285714
18.000979,19.103484,5.605549,13.497934,18.877255,-4.923695,1.3483753571428572,6.272070357142858
18.003863,19.14337,5.601331,13.542039,18.917141,-4.9194770000000005,1.3512243571428573,6.270701357142858
18.006791,19.180972,5.598646,13.582326,18.954743,-4.916791999999999,1.3539102142857142,6.270702214285714
18.010116,19.217982,5.597112,13.62087,18.991753,-4.915258,1.3565537857142858,6.271811785714285
18.012955,19.254295,5.594044,13.66025,19.028066,-4.912190000000001,1.3591475714285715,6.271337571428572
18.01604,19.29107,5.59136,13.69971,19.064841,-4.909506,1.3617743571428573,6.2712803571428575
18.01931,19.337754,5.587525,13.750229,19.111525,-4.905671,1.3651089285714286,6.270779928571429
18.022457,19.368671,5.585224,13.783447,19.142442,-4.903370000000001,1.3673172857142857,6.270687285714287
18.025818,19.406482,5.581389,13.825093,19.180253,-4.899535,1.3700180714285715,6.269553071428572
18.029065,19.447891,5.579472,13.868419,19.221662,-4.897618,1.372975857142857,6.270593857142856
18.031937,19.469758,5.577171,13.892587,19.243529,-4.895317,1.3745377857142855,6.269854785714286
18.03536,19.503532,5.575637,13.927895,19.277303,-4.893783000000001,1.3769502142857142,6.270733214285715
18.038292,19.534902,5.572952,13.96195,19.308673,-4.8910979999999995,1.3791909285714286,6.2702889285714285
18.041422,19.566908,5.569884,13.997023,19.340679,-4.8880300000000005,1.3814770714285716,6.269507071428572
18.044173,19.59382,5.567583,14.026236,19.367591,-4.8857289999999995,1.3833993571428571,6.269128357142857
18.047282,19.621334,5.566049,14.055285,19.395105,-4.884195,1.385364642857143,6.269559642857143
18.050809,19.651268,5.564899,14.086369,19.425039,-4.883044999999999,1.3875027857142859,6.270547785714285
18.053394,19.671617,5.561831,14.109786,19.445388,-4.879977,1.3889562857142859,6.2689332857142865
18.056405,19.695746,5.559913,14.135832,19.469517,-4.878059,1.3906797857142856,6.2687387857142856
18.059477,19.718205,5.558763,14.159443,19.491976,-4.8769089999999995,1.392284,6.269193
18.0624,19.739609,5.557612,14.181997,19.51338,-4.875757999999999,1.3938128571428572,6.269570857142856
18.065518,19.761743,5.556078,14.205664,19.535514,-4.874224,1.395393857142857,6.2696178571428565
18.069882,19.795808,5.553777,14.24203,19.569579,-4.871923000000001,1.3978270714285714,6.269750071428572
18.071448,19.808234,5.55186,14.256374,19.582005,-4.870006,1.3987146428571429,6.268720642857143
18.074971,19.831182,5.550709,14.280473,19.604953,-4.868855,1.4003537857142856,6.2692087857142855
18.07796,19.852588,5.548792,14.303796,19.626359,-4.866937999999999,1.4018827857142857,6.268820785714285
18.081168,19.871899,5.548409,14.32349,19.64567,-4.866555,1.4032621428571428,6.269817142857143
18.084031,19.884292,5.546491,14.337801,19.658063,-4.864637,1.404147357142857,6.268784357142858
18.086904,19.899593,5.544957,14.354636,19.673364,-4.863103000000001,1.4052402857142856,6.268343285714286
18.090327,19.914705,5.54419,14.370515,19.688476,-4.862336000000001,1.4063197142857145,6.268655714285716
18.093144,19.929366,5.54304,14.386326,19.703137,-4.861186,1.4073669285714288,6.268552928571429
18.09651,19.946346,5.541889,14.404457,19.720117,-4.860035,1.4085797857142857,6.268614785714286
18.099766,19.955629,5.541506,14.414124,19.7294,-4.8596520000000005,1.409242857142857,6.2688948571428575
18.102453,19.968062,5.540355,14.427706,19.741833,-4.858501,1.4101309285714285,6.268631928571429
18.105807,19.975821,5.539972,14.43585,19.749592,-4.858117999999999,1.4106851428571427,6.268803142857142
18.109077,19.985559,5.539588,14.44597,19.75933,-4.857734000000001,1.4113807142857142,6.269114714285715
18.112137,19.991194,5.538821,14.452373,19.764965,-4.856967000000001,1.4117832142857143,6.268750214285715
18.115599,19.996996,5.538438,14.458558,19.770767,-4.856584,1.4121976428571428,6.268781642857142
18.120111,20.003977,5.537671,14.466306,19.777748,-4.855817,1.4126962857142857,6.268513285714286
18.121415,20.010675,5.537287,14.473387,19.784446,-4.855433,1.4131747142857143,6.268607714285714
18.124497,20.015841,5.537287,14.478554,19.789612,-4.855433,1.4135437142857143,6.268976714285714
18.127533,20.019471,5.53652,14.482951,19.793242,-4.854666,1.413803,6.268469
18.130839,20.02265,5.53652,14.48613,19.796421,-4.854666,1.4140300714285714,6.268696071428572
18.133523,20.02567,5.536137,14.489533,19.799441,-4.854283000000001,1.4142457857142858,6.268528785714286
18.136544,20.03088,5.535753,14.495127,19.804651,-4.853899,1.4146179285714287,6.268516928571429
18.139627,20.03535,5.535753,14.499597,19.809121,-4.853899,1.4149372142857144,6.268836214285715
18.142461,20.038544,5.53537,14.503174,19.812315,-4.853516000000001,1.4151653571428573,6.268681357142858
18.145954,20.038261,5.53537,14.502891,19.812032,-4.853516000000001,1.4151451428571427,6.268661142857144
18.148952,20.035491,5.53537,14.500121,19.809262,-4.853516000000001,1.4149472857142857,6.268463285714287
18.151621,20.034438,5.535753,14.498685,19.808209,-4.853899,1.4148720714285716,6.268771071428572
18.154927,20.032682,5.534986,14.497696,19.806453,-4.8531320000000004,1.414746642857143,6.267878642857143
18.157874,20.031866,5.535753,14.496112,19.805637,-4.853899,1.4146883571428572,6.268587357142858
18.160964,20.031746,5.535753,14.495993,19.805517,-4.853899,1.4146797857142857,6.268578785714286
18.163743,20.029744,5.53537,14.494375,19.803515,-4.853516000000001,1.4145367857142859,6.2680527857142865
18.166699,20.027963,5.536137,14.491827,19.801734,-4.854283000000001,1.4144095714285714,6.268692571428572
18.169909,20.024747,5.536137,14.48861,19.798518,-4.854283000000001,1.4141798571428572,6.268462857142858
18.172557,20.02127,5.53652,14.48475,19.795041,-4.854666,1.4139315000000001,6.2685975
18.175871,20.016147,5.537287,14.47886,19.789918,-4.855433,1.4135655714285715,6.268998571428571
18.179069,20.001707,5.537287,14.46442,19.775478,-4.855433,1.4125341428571427,6.267967142857143
18.181806,19.994309,5.538821,14.455487,19.76808,-4.856967000000001,1.4120057142857143,6.268972714285715
18.185536,19.980569,5.539972,14.440597,19.75434,-4.858117999999999,1.4110242857142856,6.269142285714285
18.188754,19.967775,5.540355,14.42742,19.741546,-4.858501,1.4101104285714285,6.268611428571429
18.191271,19.954774,5.541506,14.413269,19.728545,-4.8596520000000005,1.4091817857142857,6.268833785714286
18.194756,19.942436,5.542273,14.400164,19.716207,-4.860419,1.4083005,6.2687195000000004
18.197594,19.930747,5.543423,14.387324,19.704518,-4.861568999999999,1.4074655714285715,6.269034571428571
18.200843,19.917367,5.543807,14.37356,19.691138,-4.861953,1.4065098571428571,6.268462857142857
18.20342,19.906584,5.544574,14.36201,19.680355,-4.8627199999999995,1.4057396428571427,6.268459642857142
18.206469,19.894081,5.545341,14.348741,19.667852,-4.863486999999999,1.4048465714285714,6.26833357142857
18.209604,19.880742,5.546491,14.334251,19.654513,-4.864637,1.403893785714286,6.268530785714286
18.212478,19.866964,5.548025,14.318939,19.640735,-4.866171,1.4029096428571428,6.269080642857142
18.216094,19.842531,5.549942,14.292589,19.616302,-4.868088,1.4011644285714286,6.269252428571429
18.219285,19.813616,5.55186,14.261756,19.587387,-4.870006,1.3990990714285714,6.269105071428571
18.222166,19.793669,5.553394,14.240275,19.56744,-4.8715399999999995,1.3976742857142859,6.269214285714286
18.225708,19.76692,5.555311,14.211608,19.540691,-4.873457,1.3957636428571427,6.269220642857142
18.229892,19.733619,5.557229,14.17639,19.50739,-4.875375,1.393385,6.26876
18.231363,19.71772,5.559146,14.158574,19.491491,-4.877292000000001,1.3922493571428571,6.269541357142858
18.234959,19.692475,5.560297,14.132179,19.466246,-4.878443000000001,1.390446142857143,6.268889142857144
18.23796,19.668448,5.562214,14.106234,19.442219,-4.88036,1.3887299285714287,6.269089928571429
18.240928,19.643562,5.564132,14.07943,19.417333,-4.8822779999999995,1.386952357142857,6.269230357142856
18.243921,19.618916,5.566049,14.052867,19.392687,-4.884195,1.3851919285714285,6.2693869285714285
18.246838,19.592134,5.567967,14.024168,19.365905,-4.886113,1.3832789285714286,6.269391928571428
18.250068,19.563862,5.571035,13.992827,19.337633,-4.889181000000001,1.3812595,6.270440500000001
18.252703,19.533816,5.572952,13.960864,19.307587,-4.8910979999999995,1.3791133571428573,6.270211357142857
18.255955,19.499529,5.575253,13.924276,19.2733,-4.8933990000000005,1.3766642857142857,6.270063285714286
18.259049,19.461563,5.577171,13.884393,19.235334,-4.895317,1.3739524285714286,6.2692694285714285
18.261782,19.442435,5.580239,13.862196,19.216206,-4.898384999999999,1.3725861428571429,6.270971142857142
18.265078,19.409192,5.582156,13.827036,19.182963,-4.900302,1.370211642857143,6.270513642857143
18.268294,19.373833,5.585224,13.788609,19.147604,-4.903370000000001,1.3676860000000002,6.271056000000001
18.271391,19.334605,5.587525,13.74708,19.108376,-4.905671,1.364884,6.270555
18.274163,19.302214,5.591743,13.71047,19.075985,-4.909889,1.3625703571428571,6.272459357142857
18.277455,19.259353,5.594428,13.664926,19.033124,-4.912573999999999,1.3595088571428573,6.272082857142856
18.280858,19.219507,5.596729,13.622779,18.993278,-4.914875,1.3566627142857144,6.2715377142857145
18.283381,19.186561,5.599413,13.587148,18.960332,-4.917559000000001,1.3543094285714286,6.2718684285714295
18.286229,19.152355,5.602098,13.550258,18.926126,-4.920244,1.3518661428571428,6.272110142857143
18.290398,19.103317,5.605166,13.498152,18.877088,-4.923311999999999,1.3483634285714285,6.271675428571427
18.292526,19.065709,5.609384,13.456325,18.83948,-4.927530000000001,1.3456771428571428,6.273207142857144
18.295692,19.019384,5.611685,13.407699,18.793155,-4.929831,1.3423682142857143,6.272199214285714
18.299918,18.963607,5.615137,13.34847,18.737378,-4.933282999999999,1.3383841428571428,6.271667142857142
18.302137,18.931977,5.619355,13.312622,18.705748,-4.937500999999999,1.3361248571428572,6.273625857142856
18.305741,18.880658,5.62204,13.258618,18.654429,-4.940186000000001,1.3324592142857143,6.272645214285715
18.309776,18.815978,5.627409,13.188569,18.589749,-4.945555000000001,1.3278392142857143,6.273394214285715
18.311657,18.78703,5.630093,13.156937,18.560801,-4.948238999999999,1.3257715,6.274010499999999
18.315393,18.730692,5.633161,13.097531,18.504463,-4.951307,1.3217473571428573,6.273054357142858
18.320235,18.683997,5.636612,13.047384,18.457768,-4.954758,1.3184120000000001,6.27317
18.321383,18.635377,5.641981,12.993396,18.409148,-4.960127,1.3149391428571426,6.275066142857143
18.324616,18.583361,5.645433,12.937928,18.357132,-4.963578999999999,1.3112237142857144,6.2748027142857135
18.327552,18.533544,5.648884,12.88466,18.307315,-4.967029999999999,1.3076653571428571,6.274695357142857
18.330874,18.481081,5.651952,12.829129,18.254852,-4.970098,1.303918,6.274016
18.333386,18.434791,5.655404,12.779387,18.208562,-4.9735499999999995,1.3006115714285715,6.2741615714285714
18.336354,18.384316,5.659622,12.724694,18.158087,-4.977767999999999,1.2970062142857142,6.2747742142857135
18.339297,18.322151,5.665375,12.656777,18.095922,-4.983521,1.2925658571428573,6.276086857142857
18.342333,18.277709,5.668059,12.60965,18.05148,-4.986205,1.2893914285714287,6.275596428571429
18.346167,18.207157,5.671894,12.535263,17.980928,-4.9900400000000005,1.284352,6.274392000000001
18.349297,18.139667,5.67803,12.461637,17.913438,-4.996176,1.2795312857142858,6.275707285714286
18.35211,18.098308,5.682248,12.41606,17.872079,-5.000394,1.2765770714285714,6.276971071428571
18.355768,18.030773,5.6857,12.345073,17.804544,-5.003845999999999,1.271753142857143,6.275599142857143
18.360095,17.950991,5.691452,12.259539,17.724762,-5.009598,1.2660544285714284,6.275652428571429
18.362231,17.916596,5.695287,12.221309,17.690367,-5.013433000000001,1.2635976428571427,6.277030642857143
18.365667,17.836883,5.699506,12.137377,17.610654,-5.017652,1.2579038571428571,6.275555857142857
18.369848,17.753405,5.705258,12.048147,17.527176,-5.023403999999999,1.251941142857143,6.275345142857143
18.371431,17.720004,5.709476,12.010527,17.493775,-5.027622000000001,1.249555357142857,6.2771773571428575
18.374625,17.656198,5.713695,11.942503,17.429969,-5.031841,1.2449977857142858,6.276838785714286
18.377419,17.598831,5.71753,11.881301,17.372602,-5.0356760000000005,1.240900142857143,6.276576142857143
18.380937,17.530506,5.721365,11.809141,17.304277,-5.039510999999999,1.2360197857142856,6.275530785714285
18.383091,17.480945,5.725583,11.755362,17.254716,-5.043729000000001,1.2324797142857142,6.2762087142857155
18.386478,17.409009,5.732103,11.676906,17.18278,-5.050249000000001,1.2273414285714286,6.277590428571429
18.389745,17.343438,5.736705,11.606734,17.117209,-5.054850999999999,1.2226577857142857,6.277508785714285
18.392439,17.283691,5.742457,11.541234,17.057462,-5.060603,1.2183901428571429,6.278993142857143
18.395886,17.203175,5.745909,11.457267,16.976946,-5.064055,1.212639,6.276694
18.399805,17.118791,5.752811,11.36598,16.892562,-5.070957,1.2066115714285714,6.277568571428572
18.401217,17.0769,5.75703,11.31987,16.850671,-5.075176000000001,1.203619357142857,6.278795357142858
18.405022,17.002438,5.762399,11.240039,16.776209,-5.080545000000001,1.198300642857143,6.278845642857144
18.407928,16.935319,5.767001,11.168318,16.70909,-5.085146999999999,1.1935064285714285,6.2786534285714275
18.411534,16.860261,5.77352,11.086741,16.634032,-5.091666,1.188145142857143,6.2798111428571435
18.414085,16.794479,5.778506,11.015973,16.56825,-5.096652000000001,1.1834464285714286,6.28009842857143
18.41745,16.715762,5.783875,10.931887,16.489533,-5.102021000000001,1.177823785714286,6.279844785714286
18.420753,16.639266,5.787326,10.85194,16.413037,-5.105472000000001,1.1723597857142856,6.2778317857142865
18.423076,16.582554,5.792695,10.789859,16.356325,-5.110841000000001,1.1683089285714285,6.279149928571429
18.425894,16.516713,5.797297,10.719416,16.290484,-5.115443000000001,1.163606,6.2790490000000005
18.429115,16.420514,5.802666,10.617848,16.194285,-5.120812000000001,1.156734642857143,6.277546642857144
18.431788,16.371305,5.809952,10.561353,16.145076,-5.128098,1.1532197142857143,6.281317714285714
18.435172,16.288815,5.815321,10.473494,16.062586,-5.133467,1.1473275714285713,6.2807945714285704
18.438279,16.215539,5.82069,10.394849,15.98931,-5.1388359999999995,1.1420935714285714,6.280929571428571
18.441445,16.133981,5.825676,10.308306,15.907751999999999,-5.143822,1.1362679999999998,6.2800899999999995
18.444243,16.064651,5.832962,10.231689,15.838422000000001,-5.151108000000001,1.1313158571428572,6.282423857142858
18.447177,15.989669,5.838714,10.150955,15.76344,-5.15686,1.1259599999999998,6.28282
18.450992,15.899675,5.844083,10.055592,15.673446,-5.162229,1.1195318571428572,6.281760857142857
18.453221,15.835633,5.849069,9.986564,15.609404,-5.167215000000001,1.1149574285714285,6.282172428571429
18.456539,15.753163,5.855205,9.897959,15.526934,-5.173351,1.1090667142857142,6.282417714285715
18.459506,15.671173,5.862491,9.808682,15.444944,-5.180637000000001,1.1032102857142856,6.283847285714287
18.462315,15.59883,5.86786,9.73097,15.372601,-5.186006000000001,1.0980429285714286,6.28404892857143
18.465666,15.510543,5.873612,9.63693,15.284314,-5.191758,1.0917367142857144,6.283494714285714
18.470076,15.400062,5.882049,9.518012,15.173833,-5.200195000000001,1.0838452142857142,6.2840402142857155
18.47165,15.343933,5.887418,9.456515,15.117704,-5.205564000000001,1.079836,6.285400000000001
18.475518,15.250046,5.893171,9.356875,15.023817,-5.211316999999999,1.0731297857142856,6.284446785714285
18.47904,15.131861,5.901991,9.22987,14.905632,-5.220136999999999,1.064688,6.284825
18.48192,15.073382,5.906977,9.166406,14.847153,-5.225123,1.0605109285714287,6.285633928571428
18.485735,14.97048,5.914646,9.055833,14.744251,-5.232792,1.0531607857142857,6.285952785714286
18.490462,14.856877,5.920782,8.936094,14.630648,-5.238928,1.0450462857142857,6.283974285714285
18.491971,14.794813,5.926918,8.867895,14.568584,-5.245063999999999,1.0406131428571428,6.285677142857142
18.495483,14.701434,5.934972,8.766462,14.475205,-5.253118000000001,1.0339432142857143,6.287061214285715
18.499767,14.578426,5.939957,8.638469,14.352197,-5.258103,1.0251569285714286,6.283259928571429
18.501397,14.532127,5.94571,8.586417,14.305898,-5.2638560000000005,1.0218498571428571,6.285705857142858
18.504687,14.441366,5.951845,8.48952,14.215137,-5.269990999999999,1.0153669285714286,6.285357928571428
18.507641,14.360036,5.956447,8.403589,14.133807,-5.274592999999999,1.009557642857143,6.284150642857142
18.510783,14.270848,5.965268,8.30558,14.044619,-5.2834140000000005,1.0031870714285716,6.2866010714285725
18.513554,14.194132,5.97102,8.223112,13.967903,-5.289166,0.9977073571428571,6.2868733571428566
18.516552,14.103196,5.977156,8.12604,13.876967,-5.2953019999999995,0.9912119285714286,6.286513928571428
18.519583,14.014059,5.982525,8.031534,13.78783,-5.3006709999999995,0.984845,6.285515999999999
18.522389,13.935377,5.988661,7.946716,13.709148,-5.306806999999999,0.9792248571428572,6.286031857142857
18.525465,13.847829,5.994413,7.853415,13.6216,-5.312559,0.9729714285714286,6.285530428571429
18.530219,13.761087,5.999782,7.761305,13.534858,-5.317928,0.9667755714285714,6.2847035714285715
18.531478,13.673211,6.008603,7.664608,13.446982,-5.3267489999999995,0.9604987142857143,6.287247714285714
18.534851,13.578462,6.015122,7.56334,13.352233,-5.333268,0.9537309285714286,6.286998928571429
18.537877,13.486235,6.020875,7.46536,13.260006,-5.339021000000001,0.9471432857142857,6.286164285714286
18.541183,13.386992,6.026627,7.360365,13.160763,-5.344773,0.9400544999999999,6.2848275
18.543921,13.309854,6.035831,7.274023,13.083625,-5.353977,0.9345446428571428,6.288521642857143
18.546944,13.216197,6.04235,7.173847,12.989968,-5.3604959999999995,0.9278548571428571,6.288350857142857
18.550238,13.128016,6.049253,7.078763,12.901787,-5.367399000000001,0.9215562142857143,6.288955214285715
18.552807,13.042083,6.053855,6.988228,12.815854,-5.372001000000001,0.9154181428571428,6.287419142857144
18.556103,12.944041,6.059224,6.884817,12.717812,-5.377370000000001,0.9084151428571429,6.285785142857144
18.559193,12.831325,6.068811,6.762514,12.605096,-5.386957000000001,0.9003639999999999,6.287321
18.561901,12.767264,6.075331,6.691933,12.541035,-5.393477000000001,0.8957882142857143,6.289265214285715
18.565504,12.660607,6.0807,6.579907,12.434378,-5.398846000000001,0.8881698571428572,6.287015857142858
18.569869,12.528539,6.090287,6.438252,12.30231,-5.4084330000000005,0.8787364285714286,6.2871694285714295
18.571233,12.475026,6.096807,6.378219,12.248797,-5.414953000000001,0.8749140714285714,6.289867071428572
18.574865,12.376356,6.102943,6.273414,12.150127,-5.421089,0.8678662142857142,6.288955214285714
18.577801,12.284028,6.108695,6.175333,12.057799,-5.426841,0.8612713571428571,6.2881123571428565
18.580939,12.188116,6.115214,6.072901,11.961887,-5.43336,0.8544205,6.2877805
18.583687,12.104482,6.121734,5.982748,11.878253,-5.4398800000000005,0.8484466428571429,6.288326642857143
18.586828,12.012753,6.130938,5.881816,11.786524,-5.449084000000001,0.8418945714285714,6.290978571428572
18.58994,11.924416,6.137457,5.786959,11.698187,-5.455603,0.8355847857142857,6.2911877857142855
18.592667,11.83148,6.143977,5.687503,11.605251,-5.462123,0.8289465,6.2910695
18.596049,11.724689,6.150496,5.574193,11.49846,-5.468642000000001,0.8213185714285715,6.289960571428573
18.599131,11.608217,6.158933,5.449284,11.381988,-5.477079,0.8129991428571428,6.290078142857142
18.602005,11.538247,6.164685,5.373562,11.312018,-5.482831000000001,0.8080012857142858,6.290832285714287
18.605632,11.429408,6.171588,5.25782,11.203179,-5.489734,0.8002270714285714,6.289961071428571
18.610067,11.340162,6.178108,5.162054,11.113933,-5.496254,0.7938523571428571,6.290106357142857
18.61149,11.248532,6.187695,5.060837,11.022303,-5.505841,0.7873073571428572,6.293148357142857
18.614398,11.153896,6.193447,4.960449,10.927667,-5.5115929999999995,0.7805476428571428,6.2921406428571425
18.617789,11.066193,6.199583,4.866609,10.839964,-5.517728999999999,0.7742831428571428,6.292012142857142
18.620833,10.961538,6.206486,4.755051,10.735308999999999,-5.524632,0.7668077857142857,6.291439785714286
18.623743,10.873013,6.212239,4.660774,10.646784,-5.530385000000001,0.7604845714285714,6.290869571428572
18.62656,10.780342,6.221826,4.558516,10.554113,-5.539972000000001,0.7538652142857142,6.293837214285714
18.629881,10.685948,6.228345,4.457603,10.459719,-5.546491,0.7471227857142857,6.293613785714285
18.632783,10.585939,6.234481,4.351457,10.35971,-5.552626999999999,0.7399792857142857,6.292606285714285
18.63585,10.492361,6.241384,4.250977,10.266132,-5.5595300000000005,0.7332951428571429,6.292825142857144
18.639793,10.368271,6.246753,4.121517,10.142042,-5.5648990000000005,0.7244315714285714,6.289330571428572
18.641152,10.313948,6.256341,4.057607,10.087719,-5.5744869999999995,0.7205513571428571,6.2950383571428565
18.644794,10.213139,6.263244,3.949896,9.98691,-5.581390000000001,0.7133507142857143,6.294740714285715
18.647699,10.123401,6.269379,3.854021,9.897172,-5.587524999999999,0.7069408571428571,6.294465857142857
18.650822,10.029578,6.275899,3.753679,9.803349,-5.5940449999999995,0.7002392142857143,6.294284214285714
18.653666,9.941102,2.057835,7.883267,9.714873,-1.375981,0.6939195,2.0699005
18.656588,9.84742,0.226262,9.621157,9.621191,0.455592,0.6872279285714286,0.23163592857142856
18.660097,9.749944,0.031063,9.718881,9.523715,0.650791,0.6802653571428571,0.029474357142857066
18.662534,9.660254,0.021859,9.638395,9.434025,0.659995,0.6738589285714286,0.013863928571428596
18.665731,9.562303,0.027995,9.534308,9.336074,0.653859,0.6668624285714285,0.013003428571428555
18.669873,9.43446,0.034131,9.400329,9.208231,0.6477229999999999,0.6577307857142857,0.010007785714285733
18.671517,9.379714,0.043335,9.336379,9.153485,0.638519,0.6538203571428571,0.015301357142857186
18.675199,9.267333,0.049854,9.217479,9.041104,0.632,0.645793142857143,0.013793142857142948
18.679846,9.12265,0.056757,9.065892,8.896421,0.625097,0.6354586428571428,0.010361642857142805
18.681431,9.07288,0.062893,9.009987,8.846651,0.618961,0.6319036428571428,0.012942642857142861
18.684558,8.979998,0.068646,8.911352,8.753769,0.613208,0.6252692142857142,0.012061214285714272
18.687316,8.890118,0.077466,8.812652,8.663889,0.6043879999999999,0.6188492142857143,0.014461214285714341
18.690812,8.785951,0.084369,8.701582,8.559722,0.5974849999999999,0.6114087142857143,0.013923714285714373
18.693307,8.704948,0.090121,8.614827,8.478719,0.591733,0.6056227857142857,0.013889785714285785
18.696401,8.61283,0.095874,8.516956,8.386601,0.58598,0.5990429285714286,0.013062928571428656
18.699382,8.5041,0.10201,8.402091,8.277871,0.5798439999999999,0.5912765,0.011432500000000068
18.702434,8.427885,0.111214,8.316672,8.201656,0.5706399999999999,0.5858325714285714,0.015192571428571444
18.705818,8.319967,0.116966,8.203001,8.093738,0.564888,0.5781241428571429,0.013236142857142918
18.709081,8.19713,0.122718,8.074411,7.970901,0.559136,0.5693500714285714,0.010214071428571447
18.712005,8.129679,0.131922,7.997756,7.903449999999999,0.549932,0.5645321428571428,0.01460014285714284
18.715406,8.029994,0.138058,7.891936,7.803765,0.543796,0.5574117857142857,0.013615785714285789
18.719813,7.893663,0.143427,7.750236,7.667434,0.538427,0.5476738571428571,0.009246857142857112
18.721508,7.837056,0.152248,7.684809,7.610827,0.529606,0.5436305,0.014024499999999995
18.725294,7.727102,0.158,7.569102,7.500873,0.5238539999999999,0.5357766428571429,0.011922642857142951
18.730185,7.637616,0.163752,7.473864,7.411387,0.518102,0.5293847857142857,0.011282785714285759
18.731386,7.543468,0.172956,7.370512,7.317239,0.508898,0.5226599285714285,0.01376192857142855
18.734577,7.450348,0.178325,7.272023,7.224119,0.5035289999999999,0.5160085,0.012479500000000088
18.737391,7.364253,0.184461,7.179792,7.138024,0.497393,0.5098588571428572,0.012465857142857195
18.740945,7.268063,0.190214,7.07785,7.041834,0.49163999999999997,0.5029881428571429,0.011348142857142918
18.743098,7.197227,0.195583,7.001644,6.970998,0.48627099999999995,0.49792842857142855,0.011657428571428596
18.746568,7.098062,0.201718,6.896343,6.871833,0.48013599999999995,0.49084521428571426,0.010709214285714308
18.749589,7.002302,0.209772,6.792531,6.776073,0.472082,0.4840052142857143,0.0119232142857143
18.752605,6.917438,0.215908,6.701531,6.691209,0.46594599999999997,0.47794349999999997,0.011997499999999994
18.755912,6.819112,0.220893,6.598219,6.592883,0.46096099999999995,0.47092021428571423,0.00995921428571428
18.75897,6.705438,0.226646,6.478793,6.479209,0.45520799999999995,0.46280064285714284,0.007592642857142895
18.761616,6.651123,0.236233,6.41489,6.424894,0.44562099999999993,0.458921,0.01330000000000009
18.764831,6.560944,0.241218,6.319726,6.334715,0.44063599999999997,0.45247964285714287,0.0118436428571429
18.767795,6.474624,0.246587,6.228037,6.248395,0.43526699999999996,0.4463139285714286,0.011046928571428638
18.770818,6.391864,0.253107,6.138757,6.165635,0.42874699999999993,0.4404025,0.01165550000000004
18.773585,6.30929,0.259243,6.050047,6.083061,0.42261099999999996,0.4345043571428571,0.011893357142857164
18.776526,6.226815,0.264228,5.962587,6.000586,0.41762599999999994,0.42861328571428575,0.01098728571428581
18.779619,6.135007,0.269981,5.865027,5.908778,0.41187299999999993,0.4220555714285714,0.010182571428571485
18.782514,6.056737,0.278801,5.777936,5.830508,0.40305299999999994,0.41646485714285714,0.013411857142857198
18.78618,5.950498,0.284937,5.665561,5.724269,0.39691699999999996,0.40887635714285714,0.011959357142857174
18.790566,5.849407,0.289922,5.559485,5.623178,0.39193199999999995,0.40165557142857145,0.009723571428571498
18.792189,5.782898,0.298359,5.484539,5.556669,0.383495,0.3969049285714286,0.013409928571428642
18.795607,5.689375,0.303345,5.386031,5.463146,0.378509,0.3902247142857143,0.01171571428571433
18.799869,5.570821,0.309481,5.26134,5.344592,0.37237299999999995,0.3817565714285714,0.009383571428571436
18.801557,5.52384,0.313699,5.210141,5.297611,0.36815499999999995,0.3784007857142857,0.010245785714285749
18.804701,5.438056,0.321752,5.116303,5.2118269999999995,0.360102,0.3722733571428571,0.012171357142857109
18.807598,5.359276,0.327888,5.031387,5.133047,0.35396599999999995,0.3666462142857143,0.012680214285714364
18.810931,5.268957,0.333257,4.9357,5.042728,0.34859699999999993,0.36019485714285715,0.011597857142857215
18.813675,5.198618,0.337859,4.860759,4.972389,0.34399499999999994,0.35517064285714284,0.011175642857142898
18.816612,5.117774,0.342845,4.774929,4.891545,0.33900899999999995,0.34939607142857143,0.010387071428571482
18.81994,5.039177,0.351282,4.687895,4.812948,0.330572,0.343782,0.01321
18.822859,4.954915,0.356267,4.598648,4.728686,0.32558699999999996,0.3377632857142857,0.01217628571428575
18.826138,4.868912,0.361636,4.507276,4.642683,0.32021799999999995,0.33162021428571425,0.011402214285714307
18.829092,4.772543,0.365854,4.406689,4.546314,0.31599999999999995,0.32473671428571427,0.00873671428571432
18.831968,4.717743,0.373141,4.344602,4.491514,0.30871299999999996,0.32082242857142856,0.012109428571428604
18.83557,4.623435,0.37851,4.244925,4.397206,0.30334399999999995,0.3140861428571428,0.010742142857142867
18.839924,4.517039,0.38618,4.130859,4.29081,0.29567399999999994,0.30648642857142855,0.010812428571428612
18.841683,4.462706,0.390782,4.071924,4.236477,0.29107199999999994,0.30260549999999997,0.01153350000000003
18.84561,4.372388,0.395767,3.976621,4.146159,0.286087,0.29615421428571426,0.010067214285714277
18.849955,4.266285,0.403053,3.863231,4.040056,0.27880099999999997,0.28857542857142854,0.009774428571428573
18.851886,4.220564,0.408039,3.812525,3.9943350000000004,0.273815,0.2853096428571429,0.011494642857142912
18.855516,4.12673,0.412641,3.714089,3.900501,0.269213,0.2786072142857143,0.009394214285714297
18.859871,4.023432,0.419544,3.603888,3.7972029999999997,0.26231,0.2712287857142857,0.008918785714285726
18.861016,3.981637,0.424913,3.556724,3.755408,0.256941,0.2682434285714286,0.011302428571428602
18.864672,3.913606,0.429898,3.483707,3.687377,0.25195599999999996,0.26338407142857145,0.011428071428571496
18.867376,3.845714,0.433733,3.411981,3.619485,0.24812099999999998,0.25853464285714284,0.010413642857142857
18.870822,3.766639,0.438719,3.32792,3.54041,0.24313499999999993,0.25288642857142857,0.009751428571428633
18.873377,3.705492,0.443704,3.261788,3.479263,0.23814999999999997,0.2485187857142857,0.010368785714285733
18.876215,3.639775,0.447539,3.192236,3.413546,0.23431499999999994,0.2438247142857143,0.009509714285714371
18.879201,3.556496,0.454058,3.102437,3.330267,0.22779599999999994,0.2378762142857143,0.010080214285714345
18.88203,3.504843,0.45866,3.046183,3.278614,0.22319399999999995,0.2341867142857143,0.010992714285714356
18.885478,3.428958,0.463262,2.965696,3.202729,0.21859199999999995,0.22876635714285715,0.010174357142857193
18.88847,3.364315,0.466714,2.897601,3.138086,0.21513999999999994,0.224149,0.009009000000000045
18.89144,3.294305,0.47285,2.821456,3.068076,0.20900399999999997,0.2191482857142857,0.010144285714285745
18.894618,3.226947,0.477068,2.749879,3.000718,0.20478599999999997,0.214337,0.009551000000000032
18.897659,3.158821,0.481286,2.677535,2.932592,0.20056799999999997,0.20947085714285715,0.008902857142857185
18.900819,3.092769,0.485121,2.607647,2.86654,0.19673299999999994,0.20475285714285715,0.008019857142857217
18.903532,3.034429,0.489723,2.544705,2.8082,0.19213099999999994,0.20058571428571428,0.008454714285714343
18.906631,2.968759,0.493558,2.4752,2.74253,0.18829599999999996,0.19589499999999999,0.007599000000000022
18.909898,2.906234,0.497393,2.408841,2.680005,0.18446099999999999,0.19142892857142857,0.006967928571428583
18.912574,2.845668,0.503529,2.342139,2.619439,0.17832499999999996,0.1871027857142857,0.008777785714285752
18.915847,2.777833,0.508131,2.269702,2.551604,0.17372299999999996,0.1822574285714286,0.008534428571428637
18.918975,2.697433,0.511966,2.185466,2.471204,0.16988799999999993,0.17651457142857144,0.006626571428571509
18.921734,2.659911,0.517719,2.142193,2.433682,0.16413499999999992,0.17383442857142858,0.009699428571428664
18.925028,2.595428,0.52117,2.074258,2.369199,0.16068399999999994,0.1692285,0.008544500000000066
18.928014,2.537071,0.524621,2.012449,2.310842,0.15723299999999996,0.16506014285714285,0.007827142857142894
18.931274,2.474008,0.52884,1.945168,2.247779,0.15301399999999998,0.16055564285714286,0.007541642857142872
18.93402,2.421974,0.532291,1.889683,2.195745,0.149563,0.1568389285714286,0.007275928571428586
18.93714,2.362952,0.536126,1.826825,2.136723,0.14572799999999997,0.15262307142857143,0.006895071428571459
18.940211,2.302635,0.541495,1.76114,2.076406,0.140359,0.14831471428571427,0.00795571428571426
18.9431,2.252205,0.544947,1.707258,2.025976,0.136907,0.14471257142857144,0.0078055714285714395
18.946431,2.190875,0.548015,1.64286,1.9646460000000001,0.13383899999999993,0.14033185714285715,0.006492857142857217
18.94963,2.133846,0.552617,1.581229,1.9076170000000001,0.12923699999999994,0.13625835714285714,0.007021357142857204
18.952464,2.085642,0.556452,1.52919,1.859413,0.125402,0.13281521428571427,0.007413214285714259
18.955592,2.030417,0.559136,1.471281,1.804188,0.122718,0.12887057142857142,0.006152571428571424
18.95983,1.957033,0.562971,1.394062,1.730804,0.11888299999999996,0.12362885714285714,0.004745857142857177
18.961325,1.926525,0.566422,1.360102,1.700296,0.11543199999999998,0.12144971428571429,0.006017714285714307
18.964664,1.878162,0.569107,1.309056,1.651933,0.11274699999999993,0.11799521428571429,0.005248214285714356
18.967724,1.830245,0.573709,1.256537,1.6040159999999999,0.10814499999999994,0.11457257142857143,0.006427571428571491
18.970932,1.776247,0.576777,1.19947,1.550018,0.10507699999999998,0.11071557142857143,0.005638571428571451
18.973767,1.731838,0.579461,1.152377,1.505609,0.10239299999999996,0.1075435,0.005150500000000044
18.976702,1.686601,0.582529,1.104072,1.460372,0.099325,0.10431228571428572,0.004987285714285722
18.98018,1.644858,0.585214,1.059644,1.418629,0.09663999999999995,0.10133064285714286,0.004690642857142907
18.982821,1.59513,0.589816,1.005314,1.368901,0.09203799999999995,0.09777864285714286,0.0057406428571429025
18.985852,1.549909,0.5925,0.957409,1.32368,0.08935399999999993,0.09454857142857143,0.005194571428571493
18.991118,1.505719,0.595185,0.910535,1.27949,0.086669,0.09139214285714285,0.004723142857142856
18.992092,1.463207,0.598636,0.864571,1.236978,0.08321800000000001,0.08835557142857142,0.005137571428571408
18.995453,1.414552,0.600937,0.813615,1.188323,0.0809169999999999,0.08488021428571428,0.003963214285714375
19.000112,1.356553,0.605155,0.751397,1.1303239999999999,0.07669899999999996,0.08073742857142856,0.004038428571428596
19.001784,1.327029,0.60784,0.719189,1.1008,0.07401399999999991,0.07862857142857142,0.0046145714285715095
19.005746,1.277221,0.610908,0.666313,1.050992,0.07094599999999995,0.07507085714285713,0.00412485714285718
19.009167,1.22545,0.613976,0.611474,0.9992209999999999,0.067878,0.07137292857142856,0.0034949285714285655
19.012533,1.193116,0.615893,0.577223,0.966887,0.06596099999999994,0.06906335714285715,0.003102357142857212
19.015937,1.150663,0.619345,0.531318,0.924434,0.06250899999999993,0.06603099999999999,0.0035220000000000667
19.018992,1.106021,0.622029,0.483992,0.8797919999999999,0.059824999999999906,0.06284228571428571,0.0030172857142858056
19.022005,1.080294,0.623947,0.456347,0.8540650000000001,0.05790699999999993,0.06100464285714286,0.0030976428571429307
19.025231,1.04412,0.625864,0.418256,0.8178909999999999,0.055989999999999984,0.05842078571428571,0.0024307857142857256
19.028033,1.014527,0.628165,0.386362,0.7882979999999999,0.05368899999999999,0.056306999999999996,0.002618000000000009
19.030944,0.985588,0.630083,0.355506,0.759359,0.05177100000000001,0.05423992857142857,0.0024689285714285594
19.033904,0.953616,0.632767,0.320849,0.727387,0.04908699999999999,0.051956214285714286,0.0028692142857142944
19.036968,0.922444,0.634685,0.28776,0.696215,0.047168999999999905,0.04972964285714286,0.0025606428571429557
19.040177,0.893827,0.636219,0.257608,0.667598,0.04563499999999998,0.04768557142857143,0.00205057142857145
19.043157,0.864899,0.638136,0.226763,0.63867,0.043717999999999924,0.04561928571428571,0.0019012857142857859
19.046307,0.835884,0.64082,0.195063,0.609655,0.041034000000000015,0.04354678571428571,0.0025127857142856966
19.049589,0.807698,0.642354,0.165344,0.581469,0.03949999999999998,0.0415335,0.0020335000000000214
19.05248,0.783077,0.643888,0.139188,0.556848,0.037965999999999944,0.039774857142857147,0.0018088571428572023
19.055771,0.755708,0.646573,0.109135,0.529479,0.03528100000000001,0.037819928571428574,0.002538928571428567
19.059132,0.719828,0.648107,0.071721,0.493599,0.03374699999999997,0.03525707142857143,0.0015100714285714578
19.062454,0.698432,0.650024,0.048408,0.47220300000000004,0.031829999999999914,0.03372878571428572,0.0018987857142858042
19.065929,0.672721,0.651558,0.021163,0.446492,0.03029599999999999,0.03189228571428571,0.0015962857142857237
19.068969,0.647582,0.652709,-0.005127,0.421353,0.029144999999999976,0.030096642857142857,0.00095164285714288
19.071635,0.637151,0.653859,-0.016708,0.410922,0.027994999999999992,0.029351571428571428,0.0013565714285714361
19.074769,0.621579,0.65501,-0.033431,0.39535,0.02684399999999998,0.028239285714285713,0.0013952857142857343
19.077735,0.607633,0.655393,-0.047761,0.38140399999999997,0.026460999999999957,0.027243142857142855,0.0007821428571428979
19.080996,0.591463,0.657311,-0.065848,0.36523399999999995,0.02454299999999998,0.026088142857142855,0.0015451428571428734
19.083782,0.578138,0.658461,-0.080324,0.351909,0.023392999999999997,0.025136357142857144,0.0017433571428571472
19.086951,0.559344,0.659612,-0.100268,0.33311499999999994,0.022241999999999984,0.023793928571428567,0.0015519285714285826
19.090466,0.53951,0.661529,-0.12202,0.31328100000000003,0.020324999999999926,0.02237721428571429,0.002052214285714362
19.093095,0.520759,0.66268,-0.141921,0.29452999999999996,0.019173999999999913,0.02103785714285714,0.001863857142857226
19.096703,0.502312,0.663447,-0.161135,0.27608299999999997,0.01840699999999995,0.019720214285714282,0.0013132142857143307
19.099844,0.48741,0.664597,-0.177188,0.261181,0.017256999999999967,0.018655785714285715,0.0013987857142857482
19.102505,0.475949,0.665748,-0.189799,0.24972,0.016105999999999954,0.017837142857142857,0.0017311428571429033
19.105562,0.463606,0.666131,-0.202526,0.237377,0.01572299999999993,0.016955500000000002,0.0012325000000000703
19.109876,0.453898,0.666898,-0.213,0.227669,0.01495599999999997,0.016262071428571428,0.0013060714285714585
19.111567,0.448662,0.667282,-0.218619,0.222433,0.014571999999999918,0.01588807142857143,0.0013160714285715101
19.114963,0.441516,0.667665,-0.226149,0.215287,0.014189000000000007,0.015377642857142857,0.00118864285714285
19.117828,0.43819,0.667665,-0.229475,0.211961,0.014189000000000007,0.01514007142857143,0.0009510714285714227
19.121006,0.434993,0.668049,-0.233056,0.208764,0.013804999999999956,0.014911714285714287,0.0011067142857143306
19.123847,0.433957,0.668432,-0.234475,0.20772799999999997,0.013421999999999934,0.014837714285714284,0.00141571428571435
19.126974,0.43419,0.668432,-0.234243,0.207961,0.013421999999999934,0.014854357142857143,0.0014323571428572091
19.130084,0.434933,0.668049,-0.233115,0.208704,0.013804999999999956,0.014907428571428571,0.0011024285714286153
19.132762,0.435521,0.668049,-0.232527,0.20929199999999998,0.013804999999999956,0.01494942857142857,0.001144428571428614
19.135927,0.43495,0.668432,-0.233482,0.208721,0.013421999999999934,0.014908642857142856,0.0014866428571429224
19.140002,0.435327,0.668432,-0.233106,0.209098,0.013421999999999934,0.014935571428571428,0.0015135714285714943
19.142008,0.435009,0.668432,-0.233423,0.20877999999999997,0.013421999999999934,0.014912857142857141,0.001490857142857207
19.145452,0.436073,0.668049,-0.231976,0.20984399999999997,0.013804999999999956,0.01498885714285714,0.0011838571428571844
19.150201,0.436879,0.668049,-0.231169,0.21065,0.013804999999999956,0.015046428571428572,0.0012414285714286155
19.151657,0.43782,0.668049,-0.230228,0.21159099999999997,0.013804999999999956,0.015113642857142855,0.0013086428571428988
19.154557,0.438829,0.667665,-0.228836,0.2126,0.014189000000000007,0.015185714285714287,0.0009967142857142796
19.157479,0.440066,0.667665,-0.227599,0.213837,0.014189000000000007,0.015274071428571429,0.0010850714285714214
19.160829,0.441824,0.667665,-0.225841,0.21559499999999998,0.014189000000000007,0.015399642857142857,0.0012106428571428494
19.163383,0.443829,0.666898,-0.223069,0.21759999999999996,0.01495599999999997,0.01554285714285714,0.0005868571428571702
19.166337,0.44667,0.666898,-0.220228,0.220441,0.01495599999999997,0.015745785714285716,0.0007897857142857463
19.169495,0.451015,0.667665,-0.21665,0.22478599999999999,0.014189000000000007,0.016056142857142856,0.0018671428571428485
19.172293,0.455352,0.666515,-0.211162,0.22912299999999997,0.015338999999999992,0.01636592857142857,0.001026928571428578
19.175766,0.460688,0.666131,-0.205443,0.23445899999999997,0.01572299999999993,0.016747071428571427,0.0010240714285714957
19.179973,0.467293,0.665748,-0.198454,0.241064,0.016105999999999954,0.017218857142857143,0.0011128571428571897
19.181568,0.472022,0.665364,-0.193342,0.24579299999999998,0.016490000000000005,0.017556642857142857,0.0010666428571428528
19.185066,0.48491,0.664981,-0.180071,0.258681,0.016872999999999916,0.018477214285714284,0.0016042142857143685
19.188195,0.494482,0.66383,-0.169348,0.26825299999999996,0.01802399999999993,0.01916092857142857,0.0011369285714286394
19.190969,0.504846,0.66383,-0.158984,0.278617,0.01802399999999993,0.019901214285714286,0.001877214285714357
19.19405,0.516645,0.66268,-0.146035,0.290416,0.019173999999999913,0.020744000000000002,0.0015700000000000887
19.196934,0.530442,0.661529,-0.131087,0.30421299999999996,0.020324999999999926,0.021729499999999995,0.0014045000000000689
19.200009,0.544306,0.659995,-0.11569,0.31807699999999994,0.021858999999999962,0.02271978571428571,0.0008607857142857479
19.202713,0.558191,0.659228,-0.101038,0.331962,0.022625999999999924,0.023711571428571426,0.0010855714285715017
19.206111,0.573419,0.658461,-0.085042,0.34719,0.023392999999999997,0.024799285714285715,0.0014062857142857176
19.209233,0.592187,0.65616,-0.063974,0.365958,0.025693999999999995,0.026139857142857142,0.00044585714285714714
19.212467,0.605121,0.655393,-0.050272,0.378892,0.026460999999999957,0.027063714285714285,0.0006027142857143279
19.216084,0.626953,0.653859,-0.026906,0.40072399999999997,0.027994999999999992,0.028623142857142854,0.0006281428571428618
19.219174,0.653257,0.652709,0.000548,0.42702799999999996,0.029144999999999976,0.030501999999999998,0.0013570000000000214
19.222595,0.675134,0.650408,0.024726,0.448905,0.031445999999999974,0.032064642857142854,0.0006186428571428801
19.226029,0.702992,0.648874,0.054118,0.47676299999999994,0.03298000000000001,0.034054499999999994,0.0010744999999999852
19.229041,0.735746,0.64734,0.088406,0.509517,0.034513999999999934,0.03639407142857143,0.0018800714285714948
19.231655,0.752206,0.646189,0.106017,0.525977,0.03566499999999995,0.037569785714285715,0.0019047857142857685
19.23498,0.778878,0.644272,0.134606,0.552649,0.037582000000000004,0.03947492857142857,0.0018929285714285662
19.237907,0.802511,0.642738,0.159773,0.576282,0.03911599999999993,0.041163,0.0020470000000000696
19.240979,0.827271,0.640437,0.186834,0.601042,0.041416999999999926,0.04293157142857142,0.001514571428571497
19.243906,0.851343,0.638903,0.21244,0.625114,0.04295099999999996,0.044650999999999996,0.0017000000000000348
19.247334,0.879957,0.636986,0.242972,0.653728,0.04486799999999991,0.04669485714285714,0.0018268571428572342
19.250824,0.90945,0.635068,0.274382,0.683221,0.046785999999999994,0.0488015,0.0020155000000000034
19.253323,0.934163,0.633534,0.300629,0.707934,0.04831999999999992,0.050566714285714284,0.0022467142857143657
19.256264,0.963632,0.631233,0.332399,0.737403,0.050620999999999916,0.05267164285714286,0.0020506428571429453
19.259178,1.004504,0.628165,0.376338,0.778275,0.05368899999999999,0.055591071428571434,0.0019020714285714474
19.26219,1.030157,0.626248,0.40391,0.803928,0.05560599999999993,0.05742342857142857,0.0018174285714286365
19.26519,1.064083,0.623947,0.440136,0.8378539999999999,0.05790699999999993,0.059846714285714274,0.0019397142857143432
19.269838,1.098257,0.621646,0.476611,0.872028,0.06020799999999993,0.06228771428571429,0.0020797142857143583
19.271162,1.133808,0.619728,0.51408,0.9075789999999999,0.062126000000000015,0.06482707142857143,0.002701071428571414
19.27404,1.167341,0.617811,0.54953,0.941112,0.06404299999999996,0.0672222857142857,0.0031792857142857456
19.277002,1.201523,0.613592,0.587931,0.9752939999999999,0.06826199999999993,0.06966385714285714,0.0014018571428572046
19.280096,1.236034,0.612058,0.623976,1.009805,0.06979599999999997,0.07212892857142858,0.0023329285714286108
19.282992,1.276484,0.609374,0.66711,1.050255,0.07247999999999999,0.07501821428571429,0.0025382142857142964
19.286347,1.32025,0.606689,0.713561,1.094021,0.07516499999999993,0.07814435714285714,0.002979357142857214
19.289813,1.362637,0.603238,0.759399,1.136408,0.07861599999999991,0.08117200000000001,0.0025560000000001
19.292158,1.397778,0.60017,0.797608,1.171549,0.08168399999999998,0.08368207142857143,0.0019980714285714463
19.295529,1.43993,0.598253,0.841678,1.213701,0.08360099999999993,0.08669292857142856,0.0030919285714286343
19.299762,1.50112,0.595185,0.905936,1.274891,0.086669,0.09106364285714286,0.004394642857142861
19.301569,1.528139,0.59135,0.936789,1.30191,0.09050399999999992,0.09299357142857143,0.0024895714285715076
19.305336,1.582741,0.588665,0.994076,1.356512,0.09318899999999997,0.09689371428571428,0.003704714285714311
19.310091,1.628874,0.585981,1.042894,1.402645,0.09587299999999999,0.10018892857142857,0.004315928571428582
19.311417,1.673865,0.581762,1.092102,1.447636,0.10009199999999996,0.10340257142857143,0.0033105714285714682
19.314549,1.719365,0.579078,1.140288,1.493136,0.10277599999999998,0.10665257142857143,0.0038765714285714514
19.31745,1.766696,0.575626,1.19107,1.540467,0.10622799999999999,0.11003335714285714,0.003805357142857152
19.320878,1.818376,0.572942,1.245435,1.592147,0.10891200000000001,0.11372478571428571,0.0048127857142857
19.323317,1.861601,0.569874,1.291727,1.635372,0.11197999999999997,0.11681228571428572,0.004832285714285747
19.326532,1.91272,0.566806,1.345915,1.686491,0.11504799999999993,0.12046364285714285,0.005415642857142924
19.329528,1.963785,0.56182,1.401964,1.7375559999999999,0.12003399999999997,0.12411114285714285,0.004077142857142876
19.332572,2.012127,0.559136,1.452991,1.785898,0.122718,0.12756414285714285,0.004846142857142854
19.336001,2.073714,0.555685,1.518029,1.8474849999999998,0.12616899999999998,0.13196321428571428,0.005794214285714305
19.339195,2.14114,0.552233,1.588907,1.914911,0.129621,0.13677935714285713,0.007158357142857147
19.341753,2.177332,0.547248,1.630084,1.9511029999999998,0.134606,0.13936449999999997,0.004758499999999971
19.345106,2.23215,0.54418,1.68797,2.005921,0.13767399999999996,0.1432800714285714,0.005606071428571446
19.34793,2.286298,0.540728,1.74557,2.060069,0.14112599999999997,0.14714778571428572,0.006021785714285743
19.351005,2.342698,0.537277,1.805421,2.116469,0.14457699999999996,0.15117635714285713,0.006599357142857171
19.353854,2.396153,0.533442,1.862712,2.169924,0.148412,0.15499457142857143,0.006582571428571438
19.356879,2.452652,0.52999,1.922662,2.226423,0.151864,0.1590302142857143,0.00716621428571429
19.360016,2.507678,0.525005,1.982673,2.281449,0.1568489999999999,0.16296064285714285,0.00611164285714294
19.362796,2.56866,0.52117,2.04749,2.342431,0.16068399999999994,0.1673165,0.006632500000000069
19.36607,2.630055,0.517335,2.11272,2.403826,0.16451899999999997,0.17170185714285716,0.007182857142857185
19.369148,2.707429,0.511583,2.195846,2.4812,0.17027099999999995,0.17722857142857143,0.00695757142857148
19.37271,2.75721,0.508131,2.249079,2.530981,0.17372299999999996,0.18078435714285715,0.007061357142857189
19.37614,2.83233,0.504296,2.328034,2.606101,0.177558,0.1861500714285714,0.008592071428571407
19.379164,2.909664,0.497777,2.411887,2.683435,0.18407699999999994,0.19167392857142856,0.007596928571428629
19.382022,2.957143,0.493558,2.463584,2.730914,0.18829599999999996,0.1950652857142857,0.006769285714285728
19.385661,3.030625,0.490107,2.540519,2.804396,0.19174699999999995,0.20031400000000002,0.008567000000000075
19.38857,3.095387,0.485888,2.609498,2.869158,0.19596599999999997,0.20493985714285715,0.008973857142857172
19.391287,3.162953,0.479752,2.683201,2.936724,0.20210199999999995,0.20976599999999998,0.007664000000000032
19.394712,3.227523,0.475918,2.751605,3.001294,0.20593599999999995,0.21437814285714288,0.008442142857142926
19.397727,3.293239,0.471316,2.821924,3.06701,0.21053799999999995,0.21907214285714285,0.008534142857142907
19.400989,3.365467,0.467097,2.89837,3.139238,0.21475699999999998,0.22423128571428572,0.00947428571428574
19.403803,3.426832,0.462495,2.964337,3.200603,0.21935899999999997,0.2286145,0.009255500000000028
19.406605,3.491642,0.455976,3.035666,3.265413,0.22587799999999997,0.23324378571428572,0.007365785714285755
19.410036,3.564185,0.452141,3.112044,3.337956,0.22971299999999995,0.2384254285714286,0.008712428571428649
19.412821,3.635532,0.447922,3.18761,3.409303,0.23393199999999997,0.24352164285714287,0.009589642857142894
19.415984,3.708241,0.44332,3.264921,3.482012,0.23853399999999997,0.24871514285714286,0.010181142857142889
19.419217,3.798002,0.436418,3.361584,3.571773,0.245436,0.25512664285714287,0.009690642857142884
19.422168,3.854211,0.432199,3.422012,3.627982,0.24965499999999996,0.2591415714285714,0.009486571428571455
19.425555,3.935628,0.426447,3.509182,3.709399,0.25540699999999994,0.26495707142857144,0.009550071428571505
19.430073,4.001875,0.421461,3.580414,3.775646,0.260393,0.269689,0.009296000000000026
19.431461,4.078308,0.414175,3.664133,3.852079,0.26767899999999994,0.27514849999999996,0.007469500000000018
19.43449,4.151346,0.409956,3.74139,3.925117,0.271898,0.2803655,0.008467500000000017
19.437548,4.2285,0.404587,3.823913,4.002271,0.277267,0.28587650000000003,0.008609500000000048
19.440807,4.306585,0.399602,3.906983,4.080356,0.28225199999999995,0.291454,0.009202000000000043
19.443353,4.372045,0.395384,3.976662,4.145816,0.28646999999999995,0.2961297142857143,0.009659714285714327
19.446355,4.448744,0.390398,4.058346,4.222515,0.29145599999999994,0.30160821428571427,0.010152214285714334
19.449449,4.530273,0.384646,4.145627,4.304044,0.29720799999999997,0.3074317142857143,0.010223714285714336
19.452266,4.598083,0.377359,4.220724,4.371854,0.30449499999999996,0.3122752857142857,0.0077802857142857396
19.455575,4.68433,0.372757,4.311572,4.458101,0.30909699999999996,0.3184357857142857,0.009338785714285758
19.459956,4.794887,0.367388,4.427499,4.568658,0.31446599999999997,0.3263327142857143,0.011866714285714342
19.461175,4.843301,0.362403,4.480898,4.617072,0.319451,0.32979085714285716,0.010339857142857178
19.464787,4.922504,0.35435,4.568154,4.696275,0.32750399999999996,0.3354482142857143,0.007944214285714346
19.467846,5.004557,0.349364,4.655193,4.778328,0.33248999999999995,0.34130914285714287,0.008819142857142914
19.471008,5.087021,0.343995,4.743026,4.860792,0.33785899999999996,0.34719942857142855,0.009340428571428583
19.473918,5.1639,0.338626,4.825274,4.937671,0.343228,0.3526907857142857,0.009462785714285715
19.477193,5.251171,0.330956,4.920215,5.024942,0.350898,0.3589244285714286,0.008026428571428601
19.480373,5.340238,0.325971,5.014267,5.114009,0.35588299999999995,0.3652863571428572,0.009403357142857227
19.483312,5.420651,0.320218,5.100432,5.194422,0.36163599999999996,0.37103014285714286,0.009394142857142906
19.486129,5.499484,0.31485,5.184635,5.273255,0.36700399999999994,0.3766610714285714,0.009657071428571473
19.490691,5.574724,0.309864,5.26486,5.348495,0.37199,0.38203535714285713,0.010045357142857148
19.491471,5.653718,0.304879,5.34884,5.427489,0.37697499999999995,0.3876777857142857,0.010702785714285734
19.495095,5.741023,0.296442,5.444582,5.514794,0.385412,0.39391385714285715,0.008501857142857172
19.49991,5.876938,0.291073,5.585865,5.650709,0.39078099999999993,0.4036220714285714,0.012841071428571493
19.501245,5.924844,0.283403,5.641441,5.698615,0.39845099999999994,0.40704392857142857,0.008592928571428626
19.504774,6.016448,0.277651,5.738797,5.790219,0.404203,0.4135870714285714,0.009384071428571394
19.507849,6.101928,0.270748,5.831181,5.875699,0.41110599999999997,0.4196927857142857,0.008586785714285727
19.510939,6.189704,0.265762,5.923942,5.963475,0.41609199999999996,0.42596249999999997,0.009870500000000004
19.513693,6.265116,0.26116,6.003955,6.038887,0.42069399999999996,0.43134907142857143,0.010655071428571472
19.516725,6.354811,0.255791,6.099019,6.128582,0.42606299999999997,0.43775585714285714,0.011692857142857171
19.519973,6.440486,0.24582,6.194665,6.214257,0.4360339999999999,0.4438755,0.007841500000000057
19.522897,6.534432,0.240835,6.293597,6.308203,0.44101899999999994,0.45058592857142854,0.009566928571428601
19.526142,6.6253,0.235466,6.389834,6.399071,0.44638799999999995,0.4570765,0.010688500000000045
19.529203,6.734039,0.22933,6.504709,6.50781,0.4525239999999999,0.4648435714285714,0.012319571428571485
19.532203,6.803696,0.22051,6.583186,6.577467,0.461344,0.46981907142857143,0.008475071428571457
19.535569,6.90312,0.214374,6.688746,6.676891,0.46747999999999995,0.47692078571428576,0.009440785714285804
19.539924,7.029133,0.209005,6.820128,6.802904,0.47284899999999996,0.4859217142857143,0.013072714285714326
19.541285,7.084848,0.199418,6.885431,6.858619,0.482436,0.48990135714285715,0.007465357142857176
19.544988,7.177382,0.193282,6.9841,6.951153,0.48857199999999995,0.49651092857142853,0.007938928571428583
19.548034,7.273648,0.186762,7.086886,7.047419,0.495092,0.5033870714285714,0.008295071428571443
19.551014,7.35941,0.181777,7.177633,7.1331809999999995,0.500077,0.5095129285714285,0.009435928571428498
19.553971,7.449208,0.175641,7.273567,7.222979,0.506213,0.5159270714285714,0.009714071428571391
19.556999,7.539304,0.166437,7.372867,7.3130749999999995,0.515417,0.5223625,0.006945499999999938
19.560814,7.652617,0.160684,7.491932,7.426388,0.5211699999999999,0.5304562857142857,0.009286285714285802
19.563508,7.73499,0.155699,7.579291,7.508761,0.5261549999999999,0.5363400714285714,0.010185071428571502
19.566419,7.826347,0.149563,7.676784,7.600118,0.532291,0.5428655714285714,0.010574571428571433
19.569512,7.921254,0.143044,7.77821,7.695025,0.53881,0.5496446428571429,0.010834642857142862
19.572143,8.000552,0.134223,7.866328,7.774323000000001,0.547631,0.5553087857142858,0.00767778571428579
19.575487,8.099887,0.128471,7.971416,7.873658000000001,0.553383,0.5624041428571429,0.00902114285714295
19.57841,8.191215,0.121951,8.069264,7.964986,0.5599029999999999,0.5689275714285714,0.009024571428571493
19.582062,8.281467,0.113515,8.167953,8.055238,0.5683389999999999,0.5753741428571428,0.0070351428571429064
19.585806,8.415732,0.107379,8.308353,8.189503,0.574475,0.5849645,0.01048950000000004
19.588888,8.507621,0.098942,8.408679,8.281392,0.582912,0.591528,0.008616000000000068
19.591326,8.598481,0.093189,8.505291,8.372252,0.588665,0.5980179999999999,0.009352999999999945
19.594881,8.690971,0.087053,8.603918,8.464742,0.5948009999999999,0.6046244285714285,0.009823428571428594
19.597702,8.779741,0.080534,8.699207,8.553512,0.60132,0.6109651428571429,0.009645142857142908
19.600958,8.879388,0.074398,8.80499,8.653159,0.607456,0.6180827857142858,0.010626785714285769
19.603709,8.964441,0.068262,8.896179,8.738212,0.6135919999999999,0.6241580000000001,0.010566000000000186
19.606612,9.053024,0.062126,8.990898,8.826795,0.619728,0.6304853571428571,0.010757357142857193
19.609562,9.148902,0.056374,9.092528,8.922673,0.6254799999999999,0.6373337857142857,0.011853785714285747
19.612468,9.231222,0.047553,9.183669,9.004993,0.634301,0.6432137857142858,0.008912785714285776
19.615572,9.331455,0.041801,9.289654,9.105226,0.640053,0.6503732857142858,0.010320285714285782
19.619856,9.462922,0.034898,9.428023,9.236693,0.646956,0.6597637857142857,0.012807785714285758
19.621417,9.521193,0.025694,9.495498,9.294964,0.65616,0.663926,0.007766000000000051
19.62522,9.62911,0.019558,9.609551,9.402881,0.662296,0.6716343571428572,0.009338357142857245
19.629868,9.772596,0.013039,9.759557,9.546367,0.6688149999999999,0.6818833571428572,0.013068357142857256
19.631437,9.823032,0.003068,9.819964,9.596803,0.678786,0.6854859285714285,0.006699928571428537
19.634707,9.924858,5.173734,4.751124,9.698629,-4.49188,0.6927592142857143,5.184639214285714
19.637723,10.018185,6.156248,3.861937,9.791956,-5.474394,0.6994254285714286,6.173819428571429
19.640807,10.111541,6.258642,3.8529,9.885312,-5.5767880000000005,0.7060937142857143,6.282881714285715
19.643661,10.20108,6.260559,3.940521,9.974851,-5.578704999999999,0.7124893571428571,6.291194357142857
19.646498,10.290754,6.255574,4.035181,10.064525,-5.57372,0.7188946428571429,6.292614642857143
19.649699,10.392875,6.246753,4.146122,10.166646,-5.5648990000000005,0.726189,6.291088
19.652858,10.489483,6.23985,4.249633,10.263254,-5.557995999999999,0.7330895714285715,6.291085571428571
19.656134,10.591142,6.230263,4.360879,10.364913,-5.5484089999999995,0.7403509285714286,6.288759928571428
19.659656,10.704098,6.22336,4.480738,10.477869,-5.541506,0.7484192142857143,6.289925214285715
19.662848,10.80244,6.217608,4.584832,10.576211,-5.535754000000001,0.7554436428571429,6.291197642857144
19.66587,10.895687,6.211855,4.683832,10.669458,-5.530001,0.7621041428571429,6.292105142857143
19.669201,11.020229,6.201884,4.818345,10.794,-5.52003,0.771,6.29103
19.671967,11.089979,6.195365,4.894614,10.86375,-5.513510999999999,0.7759821428571428,6.289493142857142
19.675213,11.186408,6.189612,4.996796,10.960179,-5.507758000000001,0.7828699285714286,6.290627928571429
19.678075,11.2758,6.184244,5.091556,11.049571,-5.50239,0.7892550714285714,6.291645071428571
19.680933,11.364708,6.177341,5.187367,11.138479,-5.495487000000001,0.7956056428571429,6.291092642857143
19.683717,11.449236,6.171588,5.277647,11.223007,-5.489734,0.8016433571428572,6.291377357142857
19.686724,11.542611,6.165836,5.376775,11.316382,-5.483981999999999,0.8083130000000001,6.292294999999999
19.689948,11.630439,6.155865,5.474574,11.40421,-5.474011000000001,0.8145864285714286,6.288597428571429
19.692774,11.727274,6.149345,5.577929,11.501045,-5.467491000000001,0.8215032142857143,6.288994214285715
19.696077,11.830175,6.143593,5.686582,11.603946,-5.461739,0.8288532857142857,6.290592285714285
19.699098,11.944346,6.137457,5.806889,11.718117,-5.455603,0.8370083571428572,6.2926113571428575
19.701863,12.009772,6.127486,5.882286,11.783543,-5.445632,0.8416816428571429,6.287313642857143
19.705313,12.10909,6.12135,5.98774,11.882861,-5.439496,0.8487757857142857,6.288271785714286
19.708045,12.197221,6.115981,6.08124,11.970992,-5.434127,0.8550708571428572,6.289197857142858
19.711256,12.291842,6.109462,6.18238,12.065613,-5.427607999999999,0.8618295,6.289437499999999
19.714018,12.376728,6.102559,6.274169,12.150499,-5.420705,0.8678927857142857,6.288597785714286
19.717036,12.466776,6.09719,6.369586,12.240547,-5.415336,0.8743247857142856,6.289660785714285
19.720223,12.557408,6.090287,6.467121,12.331179,-5.4084330000000005,0.8807985,6.2892315000000005
19.722864,12.644277,6.0807,6.563577,12.418048,-5.398846000000001,0.8870034285714287,6.28584942857143
19.726622,12.757082,6.074947,6.682134,12.530853,-5.393093,0.8950609285714286,6.288153928571429
19.729988,12.84733,6.065744,6.781587,12.621101,-5.383889999999999,0.9015072142857142,6.285397214285713
19.732631,12.937714,6.060375,6.877339,12.711485,-5.378520999999999,0.9079632142857142,6.286484214285713
19.735883,13.03508,6.054622,6.980457,12.808851,-5.372768000000001,0.9149179285714286,6.287685928571429
19.739826,13.154762,6.048486,7.106275,12.928533,-5.366631999999999,0.9234666428571429,6.290098642857142
19.741629,13.21018,6.042734,7.167446,12.983951,-5.36088,0.9274250714285713,6.288305071428571
19.744936,13.307294,6.036214,7.271079,13.081065,-5.35436,0.9343617857142857,6.288721785714285
19.747833,13.389215,6.027011,7.362204,13.162986,-5.345157,0.9402132857142858,6.285370285714286
19.750839,13.476447,6.020491,7.455956,13.250218,-5.338637,0.9464441428571428,6.285081142857143
19.753758,13.565329,6.015122,7.550207,13.3391,-5.333268,0.9527928571428571,6.286060857142857
19.756582,13.649235,6.008603,7.640632,13.423005999999999,-5.3267489999999995,0.9587861428571428,6.285535142857142
19.759944,13.737074,6.0017,7.735374,13.510845,-5.319846,0.9650603571428571,6.284906357142857
19.761801,13.823929,5.993646,7.830283,13.5977,-5.3117920000000005,0.9712642857142857,6.283056285714286
19.765935,13.918465,5.987894,7.930571,13.692236,-5.306039999999999,0.9780168571428571,6.284056857142857
19.769093,14.032886,5.981375,8.051512,13.806657,-5.299521,0.9861897857142857,6.285710785714286
19.771805,14.090581,5.975239,8.115343,13.864352,-5.293385000000001,0.9903108571428572,6.283695857142858
19.774969,14.18116,5.96987,8.21129,13.954931,-5.288016000000001,0.9967807857142857,6.284796785714287
19.777983,14.265791,5.963734,8.302057,14.039562,-5.281879999999999,1.0028258571428572,6.284705857142857
19.780976,14.350748,5.95453,8.396218,14.124519,-5.272676000000001,1.0088942142857142,6.281570214285715
19.783919,14.43213,5.949161,8.482969,14.205901,-5.267307000000001,1.0147072142857143,6.282014214285715
19.787134,14.521714,5.944176,8.577538,14.295485,-5.262321999999999,1.0211060714285713,6.28342807142857
19.7904,14.613125,5.93804,8.675085,14.386896,-5.256186,1.0276354285714286,6.283821428571429
19.793152,14.693491,5.93037,8.763121,14.467262,-5.248516,1.033375857142857,6.281891857142858
19.796602,14.782675,5.924234,8.858441,14.556446,-5.242380000000001,1.0397461428571428,6.282126142857144
19.799592,14.870992,5.919632,8.951361,14.644763,-5.2377780000000005,1.0460544999999999,6.283832500000001
19.802445,14.943088,5.911195,9.031893,14.716859,-5.229341,1.0512042142857143,6.2805452142857146
19.805964,15.041326,5.905826,9.1355,14.815097,-5.223972,1.0582212142857144,6.282193214285714
19.809155,15.146236,5.89969,9.246546,14.920007,-5.217836,1.0657147857142857,6.283550785714286
19.812027,15.206489,5.894705,9.311785,14.98026,-5.212851000000001,1.0700185714285715,6.282869571428572
19.815511,15.296274,5.886651,9.409622,15.070045,-5.204796999999999,1.0764317857142858,6.281228785714285
19.8198,15.41091,5.881282,9.529628,15.184681,-5.199427999999999,1.0846200714285714,6.284048071428571
19.821441,15.454209,5.87553,9.578679,15.22798,-5.193676,1.0877128571428571,6.281388857142857
19.824712,15.539807,5.870544,9.669262,15.313578,-5.188689999999999,1.0938269999999999,6.2825169999999995
19.830105,15.615008,5.862491,9.752517,15.388779,-5.180637000000001,1.0991985,6.279835500000001
19.830859,15.69597,5.856355,9.839615,15.469741,-5.174500999999999,1.1049815,6.279482499999999
19.83468,15.795535,5.848302,9.947233,15.569306,-5.166448000000001,1.1120932857142856,6.278541285714287
19.837635,15.871075,5.842933,10.028142,15.644846,-5.161079000000001,1.117489,6.278568000000001
19.841128,15.957276,5.838331,10.118945,15.731047,-5.156477000000001,1.1236462142857142,6.280123214285715
19.844357,16.039195,5.831044,10.208151,15.812966,-5.149190000000001,1.1294975714285713,6.278687571428572
19.847336,16.116619,5.825676,10.290944,15.89039,-5.143822,1.1350278571428571,6.278849857142857
19.8509,16.201039,5.820307,10.380733,15.974810000000002,-5.138453,1.1410578571428573,6.279510857142857
19.853564,16.268767,5.815321,10.453445,16.042538,-5.133467,1.1458955714285715,6.279362571428571
19.856462,16.338512,5.808035,10.530477,16.112283,-5.126181000000001,1.1508773571428572,6.277058357142858
19.86001,16.423889,5.802666,10.621223,16.19766,-5.120812000000001,1.1569757142857142,6.277787714285715
19.86284,16.496209,5.79768,10.698529,16.26998,-5.115826,1.1621414285714287,6.277967428571429
19.866042,16.573683,5.792311,10.781371,16.347454,-5.110457,1.1676752857142856,6.278132285714285
19.868984,16.66242,5.786176,10.876244,16.436191,-5.104322,1.1740136428571428,6.278335642857143
19.871973,16.715495,5.78119,10.934305,16.489266,-5.099335999999999,1.1778047142857144,6.277140714285713
19.875483,16.793902,5.776205,11.017697,16.567673,-5.094351,1.1834052142857143,6.277756214285714
19.880071,16.866126,5.77237,11.093757,16.639897,-5.090515999999999,1.1885640714285715,6.27908007142857
19.881412,16.932002,5.767001,11.165001,16.705773,-5.085146999999999,1.1932695,6.278416499999999
19.884376,16.996921,5.760481,11.236439,16.770692,-5.078627000000001,1.1979065714285715,6.276533571428573
19.887503,17.067794,5.755496,11.312298,16.841565,-5.0736419999999995,1.2029689285714285,6.2766109285714276
19.887503,17.067794,5.751277,11.316516,16.841565,-5.0694230000000005,1.2029689285714285,6.2723919285714285
19.893287,17.197267,5.747059,11.450208,16.971038,-5.065205000000001,1.212217,6.2774220000000005
19.896376,17.271401,5.742074,11.529328,17.045172,-5.060219999999999,1.2175122857142857,6.2777322857142845
19.899319,17.333764,5.735554,11.59821,17.107535,-5.053699999999999,1.2219667857142855,6.275666785714285
19.902143,17.394803,5.731336,11.663467,17.168574,-5.049481999999999,1.2263267142857142,6.275808714285714
19.90524,17.459928,5.727117,11.732811,17.233699,-5.045263,1.2309785000000002,6.2762415
19.909872,17.549741,5.722515,11.827226,17.323512,-5.040661,1.2373937142857143,6.278054714285714
19.911059,17.586339,5.715996,11.870343,17.36011,-5.034141999999999,1.240007857142857,6.274149857142856
19.914714,17.653972,5.711777,11.942195,17.427743,-5.029923,1.2448387857142857,6.274761785714286
19.919866,17.752168,5.707559,12.044609,17.525939,-5.025705,1.2518527857142858,6.277557785714286
19.921482,17.787897,5.70104,12.086858,17.561668,-5.0191859999999995,1.2544048571428572,6.273590857142857
19.924579,17.852891,5.697205,12.155686,17.626662,-5.015351000000001,1.2590472857142856,6.274398285714287
19.927496,17.910486,5.693753,12.216732,17.684257,-5.011899,1.2631612142857143,6.275060214285714
19.931016,17.970116,5.689535,12.280581,17.743887,-5.007681,1.2674205,6.2751015
19.933591,18.027745,5.6857,12.342045,17.801516,-5.003845999999999,1.2715368571428571,6.275382857142857
19.936654,18.083915,5.680714,12.403201,17.857686,-4.9988600000000005,1.275549,6.274409
19.939758,18.137296,5.676112,12.461184,17.911067,-4.994258,1.2793619285714286,6.273619928571429
19.942705,18.194636,5.672661,12.521975,17.968407,-4.990807,1.2834576428571427,6.274264642857143
19.945776,18.251888,5.669209,12.582678,18.025659,-4.987355000000001,1.2875470714285715,6.274902071428572
19.950047,18.318829,5.663457,12.655371,18.0926,-4.981603,1.2923285714285715,6.273931571428571
19.952062,18.36677,5.660773,12.705997,18.140541,-4.978918999999999,1.2957529285714284,6.274671928571427
19.955589,18.425293,5.656938,12.768356,18.199064,-4.975084000000001,1.2999331428571428,6.275017142857143
19.959966,18.471499,5.652719,12.818779,18.24527,-4.970865,1.3032335714285714,6.2740985714285715
19.961088,18.517352,5.649268,12.868084,18.291123,-4.967414,1.3065087857142856,6.273922785714285
19.963832,18.561939,5.645433,12.916506,18.33571,-4.963578999999999,1.3096935714285713,6.273272571428571
19.966735,18.609999,5.642365,12.967634,18.38377,-4.960511,1.3131264285714284,6.273637428571429
19.96997,18.662993,5.637763,13.02523,18.436764,-4.955909,1.3169117142857143,6.272820714285714
19.972817,18.7059,5.634695,13.071205,18.479671,-4.952840999999999,1.3199764999999999,6.2728174999999995
19.975842,18.754256,5.63086,13.123396,18.528027,-4.949006000000001,1.3234305000000002,6.272436500000001
19.979782,18.808586,5.628176,13.180411,18.582357,-4.946322,1.3273112142857142,6.273633214285715
19.982247,18.845907,5.622807,13.2231,18.619678,-4.940953,1.329977,6.27093
19.985292,18.896282,5.619739,13.276544,18.670053,-4.937885,1.3335752142857142,6.271460214285714
19.988195,18.938934,5.617054,13.32188,18.712705,-4.9352,1.3366217857142857,6.271821785714286
19.99202,18.981844,5.613603,13.368241,18.755615,-4.931749,1.3396867857142856,6.271435785714285
19.994661,19.027931,5.610151,13.417779,18.801702,-4.928297000000001,1.3429787142857141,6.271275714285714
19.997638,19.069712,5.607467,13.462245,18.843483,-4.925613,1.3459630714285713,6.271576071428571
20.000975,19.110893,5.604782,13.506111,18.884664,-4.922928000000001,1.3489045714285715,6.271832571428572
20.003432,19.147959,5.601714,13.546244,18.92173,-4.91986,1.3515521428571429,6.271412142857143
20.006389,19.186265,5.599413,13.586851,18.960036,-4.917559000000001,1.3542882857142857,6.271847285714286
20.009678,19.221536,5.595578,13.625957,18.995307,-4.913724,1.356807642857143,6.270531642857144
20.012703,19.261902,5.592894,13.669008,19.035673,-4.91104,1.3596909285714285,6.270730928571428
20.015869,19.297997,5.590209,13.707787,19.071768,-4.908355,1.3622691428571427,6.270624142857143
20.019736,19.344203,5.587525,13.756678,19.117974,-4.905671,1.3655695714285714,6.271240571428571
20.022094,19.372816,5.584457,13.788359,19.146587,-4.902602999999999,1.3676133571428573,6.270216357142856
20.025445,19.412446,5.581773,13.830673,19.186217,-4.899919000000001,1.3704440714285713,6.270363071428572
20.030149,19.453841,5.579088,13.874753,19.227612,-4.897233999999999,1.373400857142857,6.2706348571428565
20.032002,19.477047,5.576404,13.900643,19.250818,-4.894550000000001,1.3750584285714285,6.269608428571429
20.035133,19.509271,5.574486,13.934785,19.283042,-4.892632000000001,1.3773601428571427,6.269992142857143
20.039823,19.556661,5.571802,13.984859,19.330432,-4.889948,1.3807451428571427,6.270693142857143
20.041694,19.576059,5.569117,14.006942,19.34983,-4.887263000000001,1.3821307142857144,6.269393714285715
20.045089,19.610605,5.566816,14.043789,19.384376,-4.884962,1.3845982857142858,6.269560285714285
20.050025,19.648559,5.564515,14.084044,19.42233,-4.882661000000001,1.3873092857142857,6.269970285714287
20.05139,19.662937,5.562981,14.099956,19.436708,-4.881126999999999,1.3883362857142856,6.269463285714285
20.054712,19.688868,5.561447,14.127421,19.462639,-4.879593,1.3901885,6.2697815
20.057566,19.71047,5.559913,14.150556,19.484241,-4.878059,1.3917315000000001,6.269790500000001
20.061052,19.733674,5.557996,14.175678,19.507445,-4.876142,1.3933889285714287,6.269530928571428
20.063692,19.755879,5.556462,14.199417,19.52965,-4.874608,1.394975,6.269583000000001
20.066645,19.779093,5.554544,14.224548,19.552864,-4.87269,1.3966331428571428,6.269323142857143
20.06987,19.803819,5.55301,14.250809,19.57759,-4.871155999999999,1.3983992857142857,6.269555285714285
20.072629,19.82439,5.550709,14.273681,19.598161,-4.868855,1.399868642857143,6.268723642857143
20.075699,19.845909,5.549559,14.29635,19.61968,-4.867705000000001,1.4014057142857141,6.2691107142857145
20.080144,19.868498,5.548025,14.320473,19.642269,-4.866171,1.4030192142857143,6.269190214285714
20.082018,19.879273,5.546875,14.332399,19.653044,-4.8650210000000005,1.4037888571428572,6.268809857142857
20.085224,19.897155,5.545724,14.351431,19.670926,-4.86387,1.405066142857143,6.268936142857143
20.088443,19.912453,5.54419,14.368263,19.686224,-4.862336000000001,1.4061588571428572,6.2684948571428585
20.091545,19.927387,5.54304,14.384348,19.701158,-4.861186,1.4072255714285713,6.2684115714285715
20.094993,19.944258,5.542273,14.401985,19.718029,-4.860419,1.408430642857143,6.268849642857143
20.097796,19.953884,5.541506,14.412379,19.727655,-4.8596520000000005,1.4091182142857142,6.2687702142857145
20.100851,19.966315,5.541122,14.425193,19.740086,-4.859268,1.4100061428571429,6.269274142857143
20.103502,19.974208,5.540355,14.433853,19.747979,-4.858501,1.4105699285714286,6.269070928571429
20.106402,19.98045,5.539972,14.440479,19.754221,-4.858117999999999,1.4110157857142858,6.269133785714285
20.109498,19.989744,5.539205,14.450539,19.763515,-4.8573509999999995,1.411679642857143,6.2690306428571425
20.112301,19.995634,5.538438,14.457197,19.769405,-4.856584,1.412100357142857,6.268684357142857
20.115731,20.001904,5.538054,14.463849,19.775675,-4.856199999999999,1.4125482142857142,6.268748214285713
20.120022,20.01257,5.538054,14.474515,19.786341,-4.856199999999999,1.4133100714285713,6.269510071428571
20.121154,20.016211,5.536904,14.479308,19.789982,-4.85505,1.4135701428571428,6.268620142857143
20.124891,20.019926,5.53652,14.483406,19.793697,-4.854666,1.4138355,6.2685015
20.127718,20.02327,5.535753,14.487517,19.797041,-4.853899,1.4140743571428571,6.267973357142857
20.130984,20.028318,5.536137,14.492182,19.802089,-4.854283000000001,1.4144349285714284,6.268717928571429
20.133755,20.033877,5.535753,14.498124,19.807648,-4.853899,1.414832,6.268731000000001
20.136808,20.039667,5.53537,14.504298,19.813438,-4.853516000000001,1.4152455714285714,6.2687615714285725
20.14015,20.042214,5.53537,14.506844,19.815985,-4.853516000000001,1.4154275,6.268943500000001
20.143006,20.041983,5.534986,14.506997,19.815754,-4.8531320000000004,1.415411,6.268543
20.14634,20.040322,5.53537,14.504952,19.814093,-4.853516000000001,1.415292357142857,6.2688083571428574
20.1496,20.037244,5.53537,14.501874,19.811015,-4.853516000000001,1.4150725000000002,6.268588500000001
20.152343,20.036713,5.53537,14.501344,19.810484,-4.853516000000001,1.4150345714285713,6.268550571428572
20.155687,20.036733,5.535753,14.50098,19.810504,-4.853899,1.4150360000000002,6.268935000000001
20.159923,20.035353,5.535753,14.4996,19.809124,-4.853899,1.4149374285714287,6.268836428571429
20.161556,20.034829,5.535753,14.499076,19.8086,-4.853899,1.4148999999999998,6.268799
20.165295,20.031776,5.535753,14.496023,19.805547,-4.853899,1.4146819285714287,6.268580928571429
20.169891,20.026733,5.535753,14.49098,19.800504,-4.853899,1.4143217142857143,6.2682207142857145
20.171113,20.024104,5.536137,14.487968,19.797875,-4.854283000000001,1.4141339285714287,6.26841692857143
20.174726,20.02026,5.53652,14.48374,19.794031,-4.854666,1.4138593571428573,6.268525357142857
20.17767,20.014784,5.537287,14.477496,19.788555,-4.855433,1.4134682142857142,6.268901214285714
20.180831,20.002786,5.537671,14.465115,19.776557,-4.855817,1.4126112142857143,6.268428214285715
20.183666,19.992123,5.538821,14.453302,19.765894,-4.856967000000001,1.4118495714285715,6.268816571428572
20.186678,19.980402,5.539205,14.441198,19.754173,-4.8573509999999995,1.4110123571428572,6.2683633571428565
20.189803,19.967365,5.540355,14.42701,19.741136,-4.858501,1.410081142857143,6.268582142857143
20.192424,19.954895,5.541889,14.413006,19.728666,-4.860035,1.4091904285714285,6.269225428571429
20.195804,19.94144,5.54304,14.398401,19.715211,-4.861186,1.4082293571428572,6.269415357142857
20.2001,19.92185,5.54304,14.378811,19.695621,-4.861186,1.4068300714285713,6.268016071428571
20.201586,19.915285,5.544957,14.370328,19.689056,-4.863103000000001,1.406361142857143,6.269464142857144
20.205265,19.900169,5.545341,14.354829,19.67394,-4.863486999999999,1.4052814285714288,6.268768428571428
20.208378,19.888731,5.546108,14.342623,19.662502,-4.864254000000001,1.4044644285714285,6.268718428571429
20.211499,19.871389,5.547642,14.323748,19.64516,-4.865788,1.4032257142857143,6.269013714285714
20.214099,19.858801,5.548409,14.310393,19.632572,-4.866555,1.4023265714285713,6.2688815714285715
20.217018,19.84004,5.549559,14.290481,19.613811,-4.867705000000001,1.4009865,6.268691500000001
20.220184,19.816562,5.552243,14.264318,19.590333,-4.870388999999999,1.3993095,6.2696985
20.223248,19.789988,5.554161,14.235827,19.563759,-4.872306999999999,1.3974113571428572,6.269718357142857
20.226458,19.764426,5.554544,14.209881,19.538197,-4.87269,1.3955855,6.2682755000000006
20.229645,19.739024,5.556845,14.182178,19.512795,-4.874991,1.3937710714285714,6.268762071428571
20.232217,19.717121,5.559913,14.157208,19.490892,-4.878059,1.3922065714285714,6.270265571428572
20.235547,19.692075,5.56068,14.131395,19.465846,-4.878826,1.3904175714285714,6.2692435714285715
20.239728,19.656079,5.562981,14.093098,19.42985,-4.881126999999999,1.3878464285714285,6.268973428571428
20.241436,19.642396,5.564899,14.077497,19.416167,-4.883044999999999,1.3868690714285716,6.269914071428571
20.244943,19.611735,5.567583,14.044151,19.385506,-4.8857289999999995,1.384679,6.270408
20.247855,19.584827,5.569117,14.01571,19.358598,-4.887263000000001,1.382757,6.270020000000001
20.250969,19.552718,5.571418,13.9813,19.326489,-4.889564,1.3804634999999998,6.270027499999999
20.253788,19.523093,5.574103,13.948991,19.296864,-4.892249,1.3783474285714286,6.270596428571428
20.256746,19.492584,5.575637,13.916948,19.266355,-4.893783000000001,1.3761682142857143,6.269951214285715
20.260273,19.461572,5.578705,13.882868,19.235343,-4.896851,1.3739530714285715,6.2708040714285715
20.262734,19.433146,5.581389,13.851757,19.206917,-4.899535,1.371922642857143,6.271457642857143
20.26615,19.397452,5.582923,13.814529,19.171223,-4.901069,1.3693730714285715,6.270442071428571
20.269351,19.353445,5.586375,13.76707,19.127216,-4.904521000000001,1.3662297142857143,6.270750714285715
20.272126,19.326873,5.589826,13.737047,19.100644,-4.907972000000001,1.3643317142857143,6.272303714285715
20.275414,19.285524,5.59251,13.693014,19.059295,-4.9106559999999995,1.3613782142857143,6.272034214285714
20.27982,19.230873,5.595195,13.635678,19.004644,-4.913341000000001,1.3574745714285714,6.270815571428573
20.28144,19.211474,5.597496,13.613978,18.985245,-4.915642,1.3560889285714286,6.271730928571428
20.284572,19.17568,5.599797,13.575883,18.949451,-4.917942999999999,1.3535322142857142,6.271475214285713
20.287486,19.136493,5.603632,13.532861,18.910264,-4.921778,1.350733142857143,6.272511142857143
20.287486,19.136493,5.6067,13.529793,18.910264,-4.9248460000000005,1.350733142857143,6.2755791428571435
20.294456,19.046305,5.609768,13.436538,18.820076,-4.9279139999999995,1.344291142857143,6.272205142857143
20.296583,19.004608,5.613219,13.391389,18.778379,-4.9313649999999996,1.3413127857142857,6.2726777857142855
20.299923,18.956281,5.616671,13.339611,18.730052,-4.934817000000001,1.3378608571428572,6.272677857142858
20.30261,18.919891,5.619739,13.300153,18.693662,-4.937885,1.3352615714285714,6.273146571428571
20.305623,18.876564,5.62319,13.253374,18.650335,-4.941336,1.3321667857142856,6.273502785714285
20.309918,18.816581,5.626258,13.190323,18.590352,-4.9444040000000005,1.3278822857142856,6.272286285714286
20.312181,18.780374,5.63086,13.149514,18.554145,-4.949006000000001,1.3252960714285713,6.274302071428572
20.315273,18.728854,5.633928,13.094926,18.502625,-4.952074,1.3216160714285714,6.273690071428571
20.319779,18.662624,5.637379,13.025245,18.436395,-4.955525,1.3168853571428571,6.272410357142856
20.321519,18.636345,5.640447,12.995897,18.410116,-4.9585930000000005,1.3150082857142855,6.273601285714286
20.324499,18.579524,5.645816,12.933708,18.353295,-4.963962,1.3109496428571428,6.274911642857143
20.327567,18.529952,5.649651,12.8803,18.303723,-4.967797000000001,1.3074087857142858,6.275205785714286
20.331065,18.478494,5.652719,12.825775,18.252265,-4.970865,1.3037332142857143,6.274598214285714
20.333531,18.428734,5.656554,12.77218,18.202505,-4.9747,1.3001789285714285,6.274878928571429
20.336484,18.376124,5.660389,12.715735,18.149895,-4.978535000000001,1.2964210714285715,6.274956071428573
20.339542,18.327432,5.663841,12.663591,18.101203,-4.981987,1.2929430714285715,6.274930071428572
20.34212,18.274587,5.666909,12.607679,18.048358,-4.985055000000001,1.2891684285714287,6.27422342857143
20.3453,18.220492,5.672661,12.547831,17.994263,-4.990807,1.2853045,6.276111500000001
20.349793,18.142523,5.676879,12.465643,17.916294,-4.995025,1.2797352857142859,6.274760285714286
20.35154,18.102456,5.680331,12.422125,17.876227,-4.998476999999999,1.2768733571428572,6.275350357142857
20.354825,18.041921,5.684549,12.357372,17.815692,-5.002694999999999,1.2725494285714285,6.275244428571428
20.357693,17.987414,5.689918,12.297496,17.761185,-5.008063999999999,1.2686560714285715,6.276720071428571
20.360962,17.930911,5.69452,12.236391,17.704682,-5.012665999999999,1.2646201428571426,6.277286142857142
20.36364,17.872551,5.698355,12.174196,17.646322,-5.016501,1.2604515714285716,6.276952571428572
20.366606,17.813905,5.702574,12.111331,17.587676,-5.020720000000001,1.2562625714285713,6.276982571428572
20.369978,17.747852,5.706025,12.041827,17.521623,-5.024171000000001,1.2515445,6.2757155000000004
20.372808,17.68856,5.712544,11.976016,17.462331,-5.03069,1.247309357142857,6.277999357142857
20.375873,17.62549,5.716379,11.909111,17.399261,-5.034525,1.242804357142857,6.2773293571428574
20.379105,17.552169,5.720214,11.831955,17.32594,-5.038360000000001,1.2375671428571429,6.275927142857144
20.382243,17.493812,5.72635,11.767462,17.267583,-5.0444960000000005,1.2333987857142856,6.277894785714286
20.385496,17.424052,5.730952,11.6931,17.197823,-5.049098000000001,1.2284159285714285,6.277513928571429
20.388478,17.361553,5.735554,11.625998,17.135324,-5.053699999999999,1.2239517142857144,6.277651714285714
20.391284,17.299513,5.739773,11.559741,17.073284,-5.057919,1.2195202857142857,6.277439285714285
20.394578,17.22999,5.744758,11.485232,17.003761,-5.062904,1.2145543571428572,6.277458357142857
20.400107,17.163819,5.751661,11.412158,16.93759,-5.069807000000001,1.2098278571428571,6.279634857142858
20.40096,17.09004,5.756263,11.333777,16.863811,-5.074408999999999,1.2045579285714285,6.278966928571428
20.404608,17.007768,5.763549,11.244218,16.781539,-5.081695,1.198681357142857,6.280376357142857
20.407563,16.936766,5.767768,11.168998,16.710537,-5.085914000000001,1.1936097857142856,6.279523785714286
20.410937,16.868832,5.772753,11.096078,16.642603,-5.090899,1.1887573571428571,6.279656357142858
20.413357,16.803963,5.776972,11.026991,16.577734,-5.095117999999999,1.1841238571428572,6.279241857142857
20.416394,16.734107,5.781574,10.952533,16.507878,-5.09972,1.179134142857143,6.278854142857142
20.419613,16.664225,5.786559,10.877666,16.437996,-5.104704999999999,1.1741425714285714,6.278847571428571
20.42233,16.593055,5.793845,10.79921,16.366826,-5.111991,1.169059,6.28105
20.425413,16.520975,5.798831,10.722144,16.294746,-5.116977,1.1639104285714286,6.280887428571429
20.430047,16.421519,5.803049,10.61847,16.19529,-5.121195,1.1568064285714286,6.278001428571429
20.431977,16.366014,5.811103,10.554911,16.139785,-5.129249,1.1528417857142856,6.282090785714285
20.435214,16.283596,5.816472,10.467124,16.057367,-5.134618,1.1469547857142857,6.281572785714285
20.440419,16.210021,5.821457,10.388564,15.983792000000001,-5.139602999999999,1.1416994285714286,6.281302428571427
20.44147,16.134936,5.82721,10.307726,15.908707,-5.145356,1.1363362142857143,6.281692214285714
20.444642,16.046808,5.834112,10.212696,15.820578999999999,-5.152258,1.1300413571428571,6.282299357142857
20.447629,15.97188,5.839865,10.132015,15.745651,-5.158011,1.1246893571428571,6.282700357142858
20.451043,15.887842,5.845617,10.042225,15.661613,-5.163762999999999,1.1186866428571427,6.282449642857142
20.453728,15.816416,5.850603,9.965813,15.590187,-5.168749,1.1135847857142858,6.282333785714286
20.456778,15.736591,5.855588,9.881002,15.510362,-5.173734,1.107883,6.281617
20.459939,15.650713,5.864409,9.786305,15.424484,-5.182555000000001,1.101748857142857,6.2843038571428576
20.462599,15.578636,5.870161,9.708475,15.352407,-5.188307,1.0966004999999999,6.2849075
20.465986,15.493868,5.875146,9.618722,15.267639,-5.193292,1.090545642857143,6.283837642857143
20.469126,15.406973,5.880515,9.526458,15.180744,-5.1986609999999995,1.0843388571428572,6.2829998571428565
20.471947,15.333849,5.886651,9.447197,15.10762,-5.204796999999999,1.0791157142857144,6.283912714285714
20.475177,15.250933,5.894321,9.356612,15.024704,-5.212467,1.0731931428571428,6.285660142857143
20.479911,15.131306,5.900074,9.231233,14.905077,-5.2182200000000005,1.064648357142857,6.282868357142858
20.481073,15.083188,5.905826,9.177362,14.856959,-5.223972,1.0612113571428572,6.2851833571428575
20.484168,15.004164,5.911195,9.092969,14.777935,-5.229341,1.0555667857142856,6.284907785714285
20.487032,14.925693,5.91618,9.009513,14.699464,-5.234325999999999,1.0499617142857143,6.284287714285714
20.490937,14.832322,5.922316,8.910006,14.606093,-5.240462000000001,1.0432923571428572,6.283754357142858
20.493232,14.762785,5.930753,8.832032,14.536556,-5.248899,1.0383254285714285,6.287224428571428
20.496724,14.669213,5.936506,8.732707,14.442984,-5.254652,1.0316417142857142,6.286293714285714
20.499841,14.584306,5.941875,8.642431,14.358077,-5.260021,1.0255769285714285,6.285597928571429
20.50248,14.503528,5.947244,8.556284,14.277299,-5.26539,1.0198070714285714,6.285197071428572
20.505795,14.412879,5.953379,8.4595,14.18665,-5.2715250000000005,1.013332142857143,6.284857142857144
20.509948,14.295856,5.961433,8.334423,14.069627,-5.279579,1.0049733571428572,6.284552357142857
20.511434,14.242397,5.966802,8.275596,14.016168,-5.284948,1.0011548571428572,6.286102857142858
20.515048,14.149656,5.972554,8.177102,13.923427,-5.290699999999999,0.9945305,6.285230499999999
20.520189,14.059858,5.981375,8.078484,13.833629,-5.299521,0.9881163571428572,6.287637357142858
20.521468,13.963325,5.987127,7.976198,13.737096,-5.305273,0.9812211428571428,6.286494142857142
20.524496,13.875637,5.992879,7.882757,13.649408,-5.311025000000001,0.9749577142857142,6.285982714285715
20.527443,13.792537,5.998248,7.794288,13.566308,-5.316394000000001,0.9690219999999999,6.285416000000001
20.530788,13.694536,6.004768,7.689768,13.468307,-5.322914000000001,0.9620219285714285,6.2849359285714295
20.533232,13.621295,6.010137,7.611159,13.395066,-5.328283000000001,0.9567904285714286,6.28507342857143
20.536191,13.534013,6.019724,7.514289,13.307784,-5.337870000000001,0.950556,6.288426
20.539211,13.426426,6.025093,7.401333,13.200197,-5.3432390000000005,0.9428712142857142,6.286110214285714
20.542323,13.352283,6.031229,7.321054,13.126054,-5.349375,0.9375752857142857,6.286950285714286
20.545914,13.24879,6.0412,7.20759,13.022561,-5.359346,0.9301829285714286,6.289528928571429
20.549938,13.13036,6.047719,7.082641,12.904131,-5.365864999999999,0.9217236428571428,6.287588642857142
20.551894,13.070935,6.053088,7.017847,12.844706,-5.371233999999999,0.917479,6.2887129999999996
20.555264,12.969262,6.061142,6.908121,12.743033,-5.379288000000001,0.9102166428571429,6.2895046428571435
20.559979,12.830948,6.067278,6.76367,12.604719,-5.385424,0.9003370714285713,6.285761071428571
20.561445,12.781225,6.07303,6.708195,12.554996,-5.391176,0.8967854285714285,6.287961428571428
20.564675,12.686023,6.079549,6.606473,12.459794,-5.397695000000001,0.8899852857142857,6.287680285714286
20.5677,12.593113,6.086069,6.507045,12.366884,-5.404215000000001,0.8833488571428572,6.287563857142858
20.570844,12.500634,6.095656,6.404978,12.274405,-5.4138020000000004,0.8767432142857142,6.290545214285714
20.573491,12.417816,6.101025,6.316791,12.191587,-5.419171,0.8708276428571429,6.289998642857143
20.576524,12.325727,6.107161,6.218566,12.099498,-5.425307,0.8642498571428572,6.289556857142857
20.579575,12.226496,6.114064,6.112433,12.000267,-5.4322099999999995,0.8571619285714285,6.289371928571428
20.582604,12.138766,6.119433,6.019333,11.912537,-5.4375789999999995,0.8508955,6.2884744999999995
20.585723,12.042662,6.12902,5.913642,11.816433,-5.447165999999999,0.8440309285714286,6.291196928571428
20.590778,11.950268,6.135156,5.815111,11.724039,-5.453302000000001,0.8374313571428571,6.290733357142858
20.591432,11.849522,6.142826,5.706696,11.623293,-5.460972,0.8302352142857143,6.2912072142857145
20.5951,11.753424,6.148578,5.604845,11.527195,-5.466723999999999,0.8233710714285715,6.290095071428571
20.597972,11.664718,6.154331,5.510387,11.438489,-5.472477,0.8170349285714286,6.289511928571428
20.600978,11.571951,6.16085,5.411101,11.345722,-5.478996,0.8104087142857143,6.289404714285714
20.603816,11.482773,6.170438,5.312336,11.256544,-5.4885839999999995,0.8040388571428572,6.292622857142857
20.606877,11.388562,6.176574,5.211989,11.162333,-5.494719999999999,0.7973095,6.292029499999999
20.610122,11.296543,6.182326,5.114217,11.070314,-5.500472,0.7907367142857142,6.291208714285714
20.612987,11.199592,6.19153,5.008062,10.973363,-5.509676000000001,0.7838116428571429,6.293487642857143
20.616454,11.094994,6.198433,4.896561,10.868765,-5.516579,0.7763403571428571,6.292919357142857
20.619905,10.991433,6.204185,4.787248,10.765204,-5.522330999999999,0.7689431428571429,6.291274142857143
20.622684,10.897617,6.211088,4.686529,10.671388,-5.529234000000001,0.762242,6.291476
20.625598,10.809606,6.216841,4.592765,10.583377,-5.534986999999999,0.7559555,6.290942499999999
20.629926,10.676294,6.223744,4.45255,10.450065,-5.54189,0.7464332142857143,6.288323214285715
20.631494,10.625824,6.232947,4.392877,10.399595,-5.551093,0.7428282142857142,6.293921214285714
20.634817,10.520662,6.23985,4.280812,10.294433,-5.557995999999999,0.7353166428571428,6.293312642857142
20.637802,10.432386,6.245603,4.186783,10.206157,-5.563749,0.7290112142857142,6.292760214285714
20.640959,10.331495,6.251355,4.08014,10.105266,-5.569501000000001,0.7218047142857144,6.291305714285715
20.643669,10.249802,6.258258,3.991544,10.023573,-5.576404,0.7159695,6.2923735
20.646612,10.156729,6.265161,3.891568,9.9305,-5.583307,0.7093214285714285,6.292628428571428
20.649648,10.058624,6.274365,3.784259,9.832395,-5.592511,0.7023139285714286,6.294824928571429
20.652282,9.977697,3.214073,6.763624,9.751468,-2.532219,0.6965334285714285,3.2287524285714286
20.655569,9.880284,0.280335,9.599949,9.654055,0.40151899999999996,0.6895753571428571,0.28805635714285716
20.659884,9.744261,0.034515,9.709746,9.518032,0.647339,0.6798594285714286,0.03252042857142856
20.66201,9.689539,0.020325,9.669213,9.46331,0.6615289999999999,0.6759507142857143,0.014421714285714371
20.665208,9.576119,0.025694,9.550425,9.34989,0.65616,0.6678492857142857,0.011689285714285735
20.670427,9.480163,0.032597,9.447566,9.253934,0.649257,0.6609952857142857,0.011738285714285701
20.671514,9.382501,0.042568,9.339933,9.156272,0.6392859999999999,0.6540194285714286,0.014733428571428675
20.674771,9.2802,0.048704,9.231496,9.053971,0.63315,0.6467122142857143,0.013562214285714358
20.677691,9.18714,0.05484,9.1323,8.960911,0.627014,0.6400650714285714,0.013051071428571426
20.680875,9.09375,0.060976,9.032774,8.867521,0.6208779999999999,0.6333943571428572,0.01251635714285726
20.683575,9.008059,0.067879,8.940181,8.78183,0.6139749999999999,0.6272735714285714,0.013298571428571493
20.686508,8.91466,0.077083,8.837578,8.688431,0.604771,0.6206022142857143,0.015831214285714323
20.689982,8.818217,0.082068,8.736149,8.591988,0.5997859999999999,0.6137134285714286,0.013927428571428702
20.692842,8.717366,0.088587,8.628778,8.491137,0.593267,0.6065097857142857,0.01324278571428572
20.696099,8.617561,0.094723,8.522838,8.391332,0.587131,0.5993808571428572,0.012249857142857201
20.699163,8.50145,0.103927,8.397523,8.275221,0.577927,0.5910872142857143,0.013160214285714344
20.702156,8.429654,0.10968,8.319974,8.203425,0.572174,0.5859589285714285,0.013784928571428545
20.705758,8.32524,0.115432,8.209808,8.099011,0.566422,0.5785007857142858,0.012078785714285778
20.709924,8.195003,0.121951,8.073052,7.968774,0.5599029999999999,0.5691981428571429,0.009295142857142946
20.711376,8.142172,0.130388,8.011784,7.915943,0.551466,0.5654245,0.013958499999999985
20.714942,8.042371,0.136141,7.906231,7.816141999999999,0.5457129999999999,0.5582958571428571,0.012582857142857229
20.718123,7.951749,0.141893,7.809856,7.72552,0.5399609999999999,0.5518228571428572,0.011861857142857257
20.720963,7.857584,0.148029,7.709554,7.631355,0.533825,0.5450967857142858,0.011271785714285776
20.723912,7.769756,0.15685,7.612906,7.543527,0.525004,0.5388233571428571,0.013819357142857092
20.726833,7.680374,0.162218,7.518155,7.454145,0.519636,0.5324389285714285,0.012802928571428507
20.730179,7.590372,0.168354,7.422018,7.364143,0.5135,0.5260102142857143,0.012510214285714305
20.732811,7.500337,0.174107,7.32623,7.274108,0.507747,0.5195791428571429,0.011832142857142958
20.736144,7.403369,0.179476,7.223893,7.17714,0.502378,0.5126528571428571,0.010274857142857141
20.739255,7.291909,0.187913,7.103996,7.06568,0.49394099999999996,0.5046914285714286,0.010750428571428605
20.742062,7.22492,0.194432,7.030488,6.998691,0.48742199999999997,0.4999065,0.01248450000000001
20.745436,7.124822,0.200184,6.924637,6.898593,0.48166999999999993,0.4927566428571429,0.011086642857142948
20.749811,6.99748,0.20517,6.79231,6.771251,0.476684,0.4836607857142857,0.006976785714285727
20.751429,6.948096,0.214374,6.733722,6.721867,0.46747999999999995,0.4801333571428571,0.012653357142857147
20.754619,6.857274,0.219743,6.637531,6.631045,0.46211099999999994,0.47364607142857146,0.01153507142857152
20.757529,6.769463,0.225879,6.543585,6.543234,0.45597499999999996,0.4673738571428571,0.011398857142857155
20.760938,6.677862,0.231631,6.446231,6.451633,0.45022299999999993,0.4608309285714286,0.01060792857142867
20.763309,6.602231,0.237384,6.364847,6.376002,0.4444699999999999,0.45542871428571424,0.010958714285714322
20.766356,6.516343,0.243136,6.273207,6.290114,0.43871799999999994,0.44929385714285713,0.010575857142857192
20.769355,6.415173,0.251573,6.1636,6.188944,0.43028099999999997,0.4420674285714286,0.011786428571428642
20.772282,6.347198,0.257325,6.089872,6.120969,0.42452899999999993,0.4372120714285714,0.012683071428571446
20.775537,6.250737,0.262694,5.988043,6.024508,0.41916,0.430322,0.011162000000000005
20.778495,6.168543,0.268447,5.900097,5.942314,0.41340699999999997,0.42445099999999997,0.011043999999999998
20.781449,6.083245,0.274199,5.809046,5.857016,0.40765499999999993,0.4183582857142857,0.010703285714285748
20.784453,6.001962,0.280335,5.721627,5.775733,0.40151899999999996,0.41255235714285715,0.011033357142857192
20.787342,5.91773,0.288772,5.628959,5.691501,0.393082,0.40653578571428567,0.013453785714285682
20.790941,5.823523,0.293757,5.529766,5.597294,0.38809699999999997,0.3998067142857143,0.011709714285714323
20.793693,5.739796,0.298743,5.441053,5.513567,0.383111,0.3938262142857143,0.010715214285714314
20.796907,5.652558,0.304879,5.347679,5.426329,0.37697499999999995,0.3875949285714286,0.010619928571428627
20.800062,5.569569,0.312549,5.25702,5.34334,0.36930499999999994,0.38166714285714287,0.012362142857142933
20.802933,5.487797,0.320985,5.166811,5.261568,0.36086899999999994,0.37582628571428567,0.014957285714285729
20.806871,5.378581,0.326354,5.052226,5.152352,0.3555,0.36802514285714283,0.012525142857142846
20.810297,5.293999,0.33134,4.962659,5.06777,0.35051399999999994,0.36198357142857146,0.011469571428571523
20.813324,5.203778,0.336709,4.867069,4.977549,0.345145,0.3555392142857143,0.010394214285714298
20.816421,5.123227,0.341694,4.781532,4.896998,0.34015999999999996,0.3497855714285714,0.009625571428571456
20.819274,5.030927,0.349364,4.681563,4.804698,0.33248999999999995,0.3431927142857143,0.010702714285714343
20.822084,4.972202,0.35435,4.617852,4.745973,0.32750399999999996,0.33899807142857147,0.011494071428571506
20.825505,4.883105,0.360102,4.523003,4.656876,0.321752,0.332634,0.010882000000000003
20.829941,4.770573,0.367005,4.403568,4.544344,0.31484899999999993,0.324596,0.009747000000000061
20.831546,4.715127,0.37199,4.343137,4.488898,0.309864,0.3206355714285714,0.010771571428571436
20.83551,4.624012,0.376592,4.247419,4.3977829999999996,0.305262,0.3141273571428571,0.008865357142857133
20.839824,4.514731,0.384262,4.130468,4.288502,0.29759199999999997,0.30632157142857147,0.008729571428571503
20.841519,4.473202,0.390015,4.083187,4.246973,0.29183899999999996,0.30335521428571427,0.01151621428571431
20.844932,4.384411,0.395,3.989411,4.158182,0.28685399999999994,0.297013,0.010159000000000085
20.847762,4.316937,0.399602,3.917335,4.090708,0.28225199999999995,0.2921934285714286,0.009941428571428657
20.850829,4.243352,0.404204,3.839148,4.017123,0.27764999999999995,0.2869373571428571,0.009287357142857167
20.853709,4.170027,0.411874,3.758153,3.943798,0.26997999999999994,0.28169985714285717,0.011719857142857226
20.856769,4.096746,0.416476,3.68027,3.8705170000000004,0.26537799999999995,0.27646550000000003,0.011087500000000083
20.860091,4.020957,0.420311,3.600646,3.794728,0.26154299999999997,0.271052,0.009509000000000045
20.863281,3.943868,0.428748,3.515121,3.717639,0.25310599999999994,0.2655456428571429,0.01243964285714294
20.866567,3.860205,0.43335,3.426855,3.633976,0.24850399999999995,0.2595697142857143,0.011065714285714345
20.869886,3.790143,0.437568,3.352575,3.563914,0.24428599999999995,0.2545652857142857,0.010279285714285769
20.872546,3.72062,0.441786,3.278834,3.494391,0.24006799999999995,0.24959935714285714,0.009531357142857189
20.875815,3.648224,0.448689,3.199534,3.421995,0.23316499999999996,0.2444282142857143,0.011263214285714335
20.879748,3.552558,0.452908,3.09965,3.326329,0.22894599999999998,0.23759492857142855,0.008648928571428571
20.881676,3.504274,0.459427,3.044847,3.278045,0.22242699999999999,0.23414607142857144,0.011719071428571454
20.885472,3.426597,0.463646,2.962951,3.200368,0.21820799999999996,0.2285977142857143,0.010389714285714335
20.890965,3.355511,0.468248,2.887264,3.129282,0.21360599999999996,0.22352014285714286,0.009914142857142899
20.891658,3.279269,0.474,2.805269,3.05304,0.20785399999999998,0.21807428571428572,0.010220285714285737
20.895388,3.207128,0.478219,2.72891,2.980899,0.20363499999999995,0.21292135714285715,0.009286357142857193
20.899839,3.108112,0.482437,2.625675,2.881883,0.19941699999999996,0.20584878571428572,0.006431785714285765
20.901569,3.067676,0.488956,2.578719,2.841447,0.19289799999999996,0.20296050000000002,0.010062500000000058
20.905266,2.99416,0.492408,2.501753,2.767931,0.18944599999999995,0.19770935714285715,0.008263357142857197
20.909887,2.897156,0.49701,2.400146,2.670927,0.18484399999999995,0.1907805,0.005936500000000039
20.911082,2.861239,0.502762,2.358476,2.63501,0.17909199999999992,0.188215,0.009123000000000075
20.914788,2.796609,0.506981,2.289629,2.57038,0.17487299999999995,0.18359857142857144,0.0087255714285715
20.917821,2.734244,0.510816,2.223428,2.508015,0.1710379999999999,0.17914392857142855,0.008105928571428639
20.92097,2.670808,0.514267,2.156541,2.444579,0.16758699999999993,0.1746127857142857,0.007025785714285776
20.923673,2.616275,0.518869,2.097406,2.390046,0.16298499999999994,0.1707175714285714,0.0077325714285714775
20.926644,2.559833,0.524621,2.035212,2.333604,0.15723299999999996,0.16668599999999997,0.009453000000000017
20.929946,2.498758,0.527689,1.971069,2.272529,0.154165,0.1623235,0.008158500000000013
20.932762,2.440934,0.531524,1.909409,2.214705,0.15032999999999996,0.15819321428571428,0.00786321428571432
20.935968,2.380534,0.534976,1.845558,2.154305,0.14687799999999995,0.15387892857142857,0.007000928571428616
20.939105,2.308285,0.538811,1.769474,2.082056,0.14304299999999992,0.14871828571428572,0.005675285714285799
20.941771,2.27067,0.543796,1.726874,2.044441,0.13805800000000001,0.1460315,0.007973499999999994
20.945071,2.213606,0.547248,1.666358,1.987377,0.134606,0.14195549999999998,0.007349499999999981
20.948064,2.160466,0.551083,1.609384,1.934237,0.13077099999999997,0.13815978571428572,0.0073887857142857505
20.951353,2.102941,0.554151,1.548791,1.876712,0.127703,0.13405085714285714,0.006347857142857127
20.954209,2.051806,0.559136,1.49267,1.825577,0.122718,0.13039835714285714,0.0076803571428571416
20.957523,1.993527,0.562204,1.431323,1.767298,0.11964999999999992,0.12623557142857142,0.006585571428571496
20.96091,1.939205,0.565655,1.373549,1.712976,0.11619899999999994,0.12235542857142857,0.006156428571428632
20.963781,1.890632,0.567956,1.322675,1.664403,0.11389799999999994,0.11888592857142857,0.004987928571428629
20.966679,1.843605,0.571408,1.272197,1.617376,0.11044599999999993,0.11552685714285714,0.005080857142857206
20.969944,1.794788,0.576393,1.218394,1.568559,0.10546099999999992,0.11203992857142857,0.006578928571428652
20.972562,1.748025,0.579461,1.168564,1.521796,0.10239299999999996,0.10869971428571427,0.006306714285714318
20.976189,1.692272,0.581762,1.11051,1.466043,0.10009199999999996,0.10471735714285714,0.004625357142857181
20.979305,1.636392,0.58483,1.051561,1.410163,0.097024,0.10072592857142858,0.0037019285714285782
20.981975,1.605068,0.589432,1.015636,1.378839,0.092422,0.09848849999999999,0.006066499999999989
20.985742,1.55578,0.591733,0.964047,1.329551,0.090121,0.09496792857142856,0.004846928571428558
20.988534,1.507404,0.594418,0.912987,1.281175,0.08743599999999996,0.0915125,0.004076500000000038
20.991349,1.463264,0.598253,0.865011,1.2370349999999999,0.08360099999999993,0.08835964285714284,0.00475864285714292
20.994735,1.421606,0.600553,0.821053,1.195377,0.08130099999999996,0.08538407142857142,0.004083071428571464
20.997636,1.383498,0.603621,0.779877,1.1572689999999999,0.078233,0.08266207142857142,0.004429071428571421
21.000814,1.340712,0.605922,0.73479,1.114483,0.075932,0.07960592857142856,0.003673928571428564
21.003322,1.305221,0.608223,0.696997,1.078992,0.073631,0.07707085714285714,0.0034398571428571334
21.006158,1.266802,0.610908,0.655894,1.040573,0.07094599999999995,0.07432664285714286,0.0033806428571429015
21.009326,1.221647,0.612825,0.608821,0.9954179999999999,0.06902900000000001,0.07110128571428571,0.002072285714285707
21.012174,1.192496,0.617044,0.575452,0.966267,0.06480999999999992,0.06901907142857143,0.004209071428571506
21.015646,1.152328,0.619728,0.5326,0.926099,0.062126000000000015,0.06614992857142857,0.004023928571428553
21.018959,1.102423,0.621262,0.481161,0.8761939999999999,0.06059199999999998,0.0625852857142857,0.001993285714285725
21.021708,1.080829,0.62433,0.456499,0.8546,0.05752399999999991,0.06104285714285714,0.0035188571428572332
21.024992,1.043833,0.626248,0.417585,0.817604,0.05560599999999993,0.05840028571428572,0.002794285714285784
21.028042,1.013178,0.628549,0.384629,0.7869489999999999,0.053304999999999936,0.05621064285714285,0.002905642857142912
21.030967,0.982095,0.630466,0.351629,0.755866,0.05138799999999999,0.05399042857142857,0.002602428571428582
21.033907,0.951767,0.632,0.319766,0.725538,0.049853999999999954,0.05182414285714286,0.0019701428571429064
21.03684,0.920307,0.634301,0.286006,0.694078,0.047552999999999956,0.049576999999999996,0.0020240000000000397
21.040095,0.892625,0.636602,0.256023,0.666396,0.04525199999999996,0.04759971428571429,0.002347714285714328
21.042873,0.863866,0.63852,0.225346,0.637637,0.043333999999999984,0.0455455,0.002211500000000019
21.046537,0.831815,0.64082,0.190994,0.605586,0.041034000000000015,0.043256142857142854,0.002222142857142839
21.049571,0.80174,0.641971,0.159769,0.575511,0.039883,0.04110792857142857,0.0012249285714285713
21.052423,0.780133,0.644272,0.135861,0.553904,0.037582000000000004,0.03956457142857143,0.001982571428571424
21.055679,0.750782,0.646189,0.104592,0.5245529999999999,0.03566499999999995,0.03746807142857143,0.0018030714285714802
21.059951,0.717188,0.64734,0.069848,0.49095900000000003,0.034513999999999934,0.0350685,0.0005545000000000688
21.061653,0.700392,0.649641,0.050751,0.474163,0.032212999999999936,0.03386878571428571,0.0016557857142857763
21.065536,0.674585,0.651558,0.023027,0.448356,0.03029599999999999,0.03202542857142857,0.0017294285714285831
21.069887,0.644454,0.653476,-0.009022,0.41822499999999996,0.028378000000000014,0.029873214285714284,0.0014952142857142699
21.071486,0.635295,0.653859,-0.018564,0.40906600000000004,0.027994999999999992,0.029219000000000002,0.0012240000000000098
21.075204,0.61725,0.65501,-0.03776,0.39102099999999995,0.02684399999999998,0.027930071428571426,0.0010860714285714466
21.079774,0.595398,0.65616,-0.060762,0.36916899999999997,0.025693999999999995,0.026369214285714284,0.0006752142857142894
21.081437,0.587269,0.657694,-0.070425,0.36104,0.02415999999999996,0.02578857142857143,0.0016285714285714722
21.08454,0.570535,0.658845,-0.08831,0.344306,0.023008999999999946,0.024593285714285713,0.0015842857142857672
21.087412,0.553174,0.659995,-0.106821,0.32694500000000004,0.021858999999999962,0.02335321428571429,0.0014942142857143279
21.090961,0.532213,0.660762,-0.128549,0.30598400000000003,0.021092,0.021856000000000004,0.0007640000000000043
21.093352,0.514874,0.66268,-0.147806,0.28864500000000004,0.019173999999999913,0.020617500000000004,0.0014435000000000905
21.096715,0.497614,0.66383,-0.166216,0.271385,0.01802399999999993,0.019384642857142857,0.0013606428571429283
21.100008,0.483117,0.664597,-0.18148,0.256888,0.017256999999999967,0.01834914285714286,0.0010921428571428922
21.102888,0.469561,0.665364,-0.195804,0.243332,0.016490000000000005,0.017380857142857142,0.0008908571428571377
21.10594,0.460385,0.666131,-0.205746,0.23415599999999998,0.01572299999999993,0.016725428571428568,0.0010024285714286367
21.109145,0.450353,0.666898,-0.216545,0.224124,0.01495599999999997,0.01600885714285714,0.0010528571428571713
21.112014,0.443751,0.666898,-0.223147,0.217522,0.01495599999999997,0.015537285714285714,0.0005812857142857442
21.115512,0.438898,0.667665,-0.228768,0.212669,0.014189000000000007,0.015190642857142857,0.0010016428571428503
21.119864,0.433659,0.668432,-0.234773,0.20743,0.013421999999999934,0.014816428571428572,0.0013944285714286384
21.121373,0.433051,0.668432,-0.235381,0.206822,0.013421999999999934,0.014773,0.0013510000000000657
21.125192,0.433709,0.668432,-0.234723,0.20748,0.013421999999999934,0.01482,0.0013980000000000659
21.130043,0.433798,0.668049,-0.23425,0.207569,0.013804999999999956,0.014826357142857143,0.0010213571428571867
21.131257,0.434318,0.668049,-0.233731,0.20808899999999997,0.013804999999999956,0.014863499999999998,0.001058500000000042
21.134519,0.433994,0.668049,-0.234054,0.20776499999999998,0.013804999999999956,0.014840357142857141,0.001035357142857185
21.13745,0.433544,0.668049,-0.234505,0.20731499999999997,0.013804999999999956,0.014808214285714284,0.0010032142857143277
21.140977,0.434079,0.668049,-0.23397,0.20784999999999998,0.013804999999999956,0.01484642857142857,0.0010414285714286133
21.143354,0.434526,0.668432,-0.233907,0.208297,0.013421999999999934,0.014878357142857143,0.0014563571428572088
21.146623,0.435673,0.668049,-0.232375,0.20944399999999996,0.013804999999999956,0.014960285714285712,0.0011552857142857562
21.149551,0.436981,0.668049,-0.231067,0.210752,0.013804999999999956,0.015053714285714285,0.0012487142857143287
21.152253,0.436853,0.668049,-0.231196,0.21062399999999998,0.013804999999999956,0.015044571428571426,0.00123957142857147
21.15535,0.43903,0.667665,-0.228635,0.21280099999999996,0.014189000000000007,0.015200071428571426,0.0010110714285714185
21.159987,0.44104,0.668049,-0.227009,0.21481099999999997,0.013804999999999956,0.015343642857142856,0.0015386428571428998
21.162056,0.442082,0.668049,-0.225967,0.21585299999999996,0.013804999999999956,0.015418071428571425,0.0016130714285714689
21.165682,0.445675,0.667282,-0.221607,0.21944599999999997,0.014571999999999918,0.015674714285714285,0.0011027142857143665
21.170043,0.450333,0.666898,-0.216565,0.22410399999999997,0.01495599999999997,0.01600742857142857,0.001051428571428599
21.17124,0.453433,0.666898,-0.213465,0.22720399999999996,0.01495599999999997,0.01622885714285714,0.0012728571428571693
21.174705,0.457274,0.666898,-0.209624,0.231045,0.01495599999999997,0.016503214285714284,0.001547214285714315
21.177645,0.46256,0.666515,-0.203955,0.236331,0.015338999999999992,0.016880785714285716,0.0015417857142857247
21.180834,0.467776,0.665748,-0.197972,0.241547,0.016105999999999954,0.017253357142857143,0.0011473571428571895
21.183752,0.47684,0.665364,-0.188524,0.250611,0.016490000000000005,0.017900785714285713,0.0014107857142857082
21.186939,0.489082,0.664214,-0.175132,0.262853,0.01763999999999999,0.018775214285714287,0.0011352142857142984
21.190243,0.497635,0.663447,-0.165812,0.271406,0.01840699999999995,0.019386142857142855,0.000979142857142904
21.193058,0.512263,0.66268,-0.150417,0.286034,0.019173999999999913,0.020431,0.001257000000000088
21.196261,0.524737,0.661146,-0.136409,0.298508,0.02070799999999995,0.021322,0.000614000000000052
21.199455,0.542209,0.660762,-0.118553,0.31598000000000004,0.021092,0.022570000000000003,0.0014780000000000036
21.202245,0.553245,0.659228,-0.105984,0.327016,0.022625999999999924,0.023358285714285713,0.0007322857142857894
21.205456,0.569203,0.658461,-0.089258,0.342974,0.023392999999999997,0.024498142857142857,0.00110514285714286
21.209999,0.590469,0.656927,-0.066459,0.36424,0.02492699999999992,0.026017142857142857,0.0010901428571429353
21.211422,0.597336,0.656544,-0.059207,0.37110699999999996,0.025309999999999944,0.026507642857142855,0.001197642857142911
21.214642,0.614245,0.655393,-0.041149,0.388016,0.026460999999999957,0.027715428571428575,0.001254428571428618
21.217607,0.63295,0.652709,-0.019759,0.406721,0.029144999999999976,0.0290515,-9.349999999997555e-05
21.221252,0.658686,0.651942,0.006744,0.432457,0.02991199999999994,0.030889785714285713,0.0009777857142857747
21.224253,0.683099,0.649641,0.033458,0.45687,0.032212999999999936,0.03263357142857143,0.0004205714285714923
21.227144,0.707733,0.64849,0.059242,0.48150399999999993,0.03336399999999995,0.03439314285714285,0.001029142857142902
21.230113,0.735378,0.646956,0.088422,0.509149,0.034897999999999985,0.036367785714285714,0.001469785714285729
21.232954,0.757908,0.645422,0.112485,0.531679,0.03643199999999991,0.03797707142857143,0.0015450714285715206
21.236059,0.784662,0.643505,0.141157,0.558433,0.038348999999999966,0.039888071428571426,0.001539071428571459
21.239101,0.81523,0.641587,0.173642,0.589001,0.04026699999999994,0.0420715,0.001804500000000056
21.2423,0.835877,0.640053,0.195824,0.609648,0.04180099999999998,0.04354628571428571,0.001745285714285734
21.245778,0.864172,0.638136,0.226036,0.637943,0.043717999999999924,0.045567357142857146,0.001849357142857222
21.24982,0.900377,0.636219,0.264159,0.674148,0.04563499999999998,0.04815342857142857,0.002518428571428588
21.251671,0.917213,0.633534,0.283679,0.6909839999999999,0.04831999999999992,0.049356,0.0010360000000000785
21.25548,0.954096,0.631617,0.322479,0.727867,0.050236999999999976,0.0519905,0.0017535000000000259
21.259979,1.002125,0.629316,0.37281,0.7758959999999999,0.052537999999999974,0.05542114285714285,0.0028831428571428758
21.261506,1.023994,0.626248,0.397746,0.7977650000000001,0.05560599999999993,0.05698321428571429,0.0013772142857143566
21.265161,1.059059,0.62433,0.434728,0.83283,0.05752399999999991,0.05948785714285714,0.0019638571428572324
21.269826,1.11493,0.622029,0.492901,0.888701,0.059824999999999906,0.06347864285714286,0.0036536428571429524
21.271517,1.133081,0.620112,0.51297,0.906852,0.061741999999999964,0.06477514285714285,0.003033142857142887
21.274497,1.168787,0.617427,0.55136,0.942558,0.06442700000000001,0.06732557142857143,0.002898571428571417
21.277472,1.202112,0.614359,0.587753,0.9758830000000001,0.06749499999999997,0.06970592857142857,0.0022109285714285998
21.280847,1.244247,0.611291,0.632956,1.018018,0.07056299999999993,0.07271557142857143,0.0021525714285715036
21.28361,1.279457,0.609374,0.670084,1.053228,0.07247999999999999,0.07523057142857144,0.0027505714285714494
21.286625,1.320145,0.606306,0.713839,1.0939159999999999,0.07554799999999995,0.07813685714285713,0.0025888571428571844
21.290085,1.361156,0.604005,0.757151,1.134927,0.07784899999999995,0.08106621428571428,0.003217214285714337
21.292504,1.398003,0.60132,0.796682,1.171774,0.080534,0.08369814285714286,0.0031641428571428654
21.295633,1.439604,0.597869,0.841735,1.213375,0.08398499999999998,0.08666964285714286,0.0026846428571428854
21.299849,1.498373,0.595568,0.902805,1.272144,0.08628599999999997,0.09086742857142857,0.004581428571428597
21.30143,1.525609,0.5925,0.933109,1.29938,0.08935399999999993,0.09281285714285714,0.003458857142857208
21.305189,1.577459,0.588665,0.988794,1.35123,0.09318899999999997,0.09651642857142857,0.003327428571428606
21.310108,1.623197,0.585597,1.037599,1.396968,0.09625699999999993,0.09978342857142856,0.0035264285714286386
21.311456,1.671324,0.582529,1.088795,1.445095,0.099325,0.10322107142857143,0.0038960714285714293
21.314625,1.716973,0.578694,1.138278,1.490744,0.10315999999999992,0.10648171428571429,0.003321714285714372
21.317628,1.766138,0.57601,1.190128,1.539909,0.10584399999999994,0.1099935,0.004149500000000056
21.32099,1.819872,0.572558,1.247314,1.593643,0.10929599999999995,0.11383164285714285,0.004535642857142905
21.323738,1.864438,0.56949,1.294948,1.638209,0.11236399999999991,0.11701492857142858,0.004650928571428667
21.326853,1.914336,0.566422,1.347913,1.688107,0.11543199999999998,0.12057907142857142,0.005147071428571445
21.330017,1.965413,0.56182,1.403593,1.739184,0.12003399999999997,0.12422742857142857,0.004193428571428598
21.332732,2.014091,0.557986,1.456106,1.787862,0.12386799999999998,0.12770442857142858,0.0038364285714286017
21.336136,2.073027,0.555301,1.517726,1.8467980000000002,0.12655299999999992,0.13191414285714287,0.005361142857142953
21.339325,2.139202,0.55185,1.587353,1.912973,0.130004,0.13664092857142857,0.0066369285714285575
21.341689,2.172401,0.548398,1.624003,1.9461719999999998,0.1334559999999999,0.1390122857142857,0.005556285714285791
21.345054,2.229565,0.543413,1.686152,2.003336,0.13844099999999993,0.14309542857142857,0.004654428571428643
21.347966,2.284244,0.540728,1.743516,2.058015,0.14112599999999997,0.14700107142857144,0.005875071428571466
21.351285,2.34426,0.536893,1.807367,2.1180309999999998,0.144961,0.15128792857142856,0.006326928571428553
21.353973,2.395505,0.532675,1.862831,2.169276,0.14917899999999995,0.1549482857142857,0.0057692857142857545
21.356939,2.449892,0.52999,1.919902,2.223663,0.151864,0.15883307142857145,0.0069690714285714495
21.360135,2.507862,0.526539,1.981323,2.281633,0.15531499999999998,0.1629737857142857,0.007658785714285715
21.362912,2.564993,0.520786,2.044207,2.338764,0.161068,0.1670545714285714,0.0059865714285714244
21.366094,2.630217,0.516568,2.113649,2.403988,0.16528599999999993,0.17171342857142857,0.0064274285714286394
21.369658,2.699961,0.513117,2.186845,2.473732,0.16873699999999991,0.17669514285714286,0.007958142857142941
21.37237,2.754653,0.506981,2.247672,2.528424,0.17487299999999995,0.18060171428571428,0.005728714285714337
21.375801,2.820914,0.503146,2.317768,2.594685,0.17870799999999998,0.18533464285714288,0.0066266428571429
21.379913,2.908315,0.498927,2.409388,2.682086,0.18292699999999995,0.19157757142857143,0.00865057142857148
21.381455,2.948875,0.495476,2.453399,2.722646,0.18637799999999993,0.1944747142857143,0.008096714285714374
21.385187,3.021295,0.48934,2.531955,2.795066,0.19251399999999996,0.19964757142857142,0.007133571428571461
21.388132,3.08319,0.485121,2.598068,2.856961,0.19673299999999994,0.20406864285714285,0.0073356428571429155
21.391227,3.150352,0.480903,2.669449,2.924123,0.20095099999999994,0.20886592857142855,0.007914928571428614
21.39403,3.20985,0.477068,2.732782,2.983621,0.20478599999999997,0.21311578571428572,0.008329785714285748
21.39702,3.274822,0.472466,2.802356,3.048593,0.20938799999999996,0.21775664285714286,0.008368642857142894
21.400026,3.349408,0.467864,2.881544,3.123179,0.21398999999999996,0.2230842142857143,0.00909421428571433
21.402606,3.408712,0.461728,2.946984,3.182483,0.22012599999999993,0.22732021428571428,0.007194214285714345
21.405798,3.482147,0.45751,3.024637,3.255918,0.224344,0.23256557142857143,0.00822157142857144
21.40928,3.559073,0.453291,3.105782,3.332844,0.22856299999999996,0.23806028571428572,0.009497285714285764
21.41208,3.624795,0.448689,3.176105,3.398566,0.23316499999999996,0.2427547142857143,0.00958971428571434
21.415479,3.690998,0.444854,3.246144,3.464769,0.23699999999999993,0.2474835,0.010483500000000062
21.418348,3.76068,0.437568,3.323112,3.534451,0.24428599999999995,0.2524607857142857,0.00817478571428576
21.421489,3.834876,0.432966,3.401909,3.608647,0.24888799999999994,0.2577605,0.008872500000000061
21.424389,3.903775,0.428364,3.475411,3.677546,0.25348999999999994,0.26268185714285713,0.009191857142857196
21.427384,3.977267,0.423379,3.553888,3.751038,0.25847499999999995,0.2679312857142857,0.00945628571428575
21.430794,4.058407,0.418393,3.640014,3.832178,0.26346099999999995,0.273727,0.010266000000000053
21.433305,4.119851,0.413408,3.706444,3.8936219999999997,0.26844599999999996,0.27811585714285714,0.009669857142857174
21.436079,4.190658,0.408806,3.781852,3.964429,0.27304799999999996,0.2831735,0.010125500000000065
21.439234,4.28345,0.401903,3.881547,4.057221,0.27995099999999995,0.2898015,0.00985050000000004
21.441811,4.333371,0.396534,3.936837,4.107142,0.28531999999999996,0.29336728571428566,0.008047285714285701
21.445467,4.421711,0.391549,4.030163,4.195482,0.290305,0.2996772857142857,0.009372285714285722
21.448207,4.494173,0.386947,4.107226,4.267944,0.294907,0.3048531428571429,0.009946142857142903
21.451247,4.570514,0.381578,4.188936,4.344285,0.300276,0.3103060714285714,0.01003007142857143
21.454134,4.643533,0.376592,4.266941,4.417304,0.305262,0.31552171428571424,0.010259714285714261
21.457137,4.721905,0.369306,4.352599,4.495676,0.31254799999999994,0.32111971428571423,0.008571714285714294
21.460194,4.8063,0.363937,4.442363,4.580071,0.31791699999999995,0.3271479285714286,0.009230928571428654
21.463307,4.881543,0.358952,4.522591,4.655314,0.32290199999999997,0.33252242857142855,0.009620428571428585
21.466201,4.960862,0.353199,4.607663,4.734633,0.328655,0.3381880714285714,0.009533071428571405
21.469364,5.056598,0.348214,4.708384,4.830369,0.33363999999999994,0.3450263571428572,0.01138635714285724
21.471901,5.110019,0.340544,4.769475,4.88379,0.34130999999999995,0.3488421428571429,0.007532142857142932
21.475243,5.19638,0.334791,4.861589,4.970151,0.34706299999999995,0.35501078571428574,0.007947785714285782
21.480026,5.324944,0.329806,4.995138,5.098715,0.35204799999999997,0.36419392857142857,0.0121459285714286
21.48154,5.376054,0.322136,5.053918,5.149825,0.359718,0.36784464285714286,0.008126642857142874
21.484819,5.460711,0.316767,5.143944,5.234482,0.36508699999999994,0.37389157142857143,0.008804571428571495
21.487755,5.539349,0.311398,5.227951,5.31312,0.37045599999999995,0.3795085714285714,0.009052571428571465
21.487755,5.539349,0.306029,5.23332,5.31312,0.37582499999999996,0.3795085714285714,0.0036835714285714527
21.49408,5.707707,0.301044,5.406663,5.481478,0.38081,0.3915341428571429,0.010724142857142904
21.496485,5.791702,0.295291,5.496411,5.565473,0.38656299999999993,0.3975337857142857,0.01097078571428578
21.499645,5.870994,0.287238,5.583756,5.644765,0.39461599999999997,0.4031975,0.00858150000000002
21.502325,5.95522,0.281869,5.673351,5.728991,0.399985,0.40921364285714285,0.009228642857142866
21.505468,6.039347,0.2765,5.762847,5.813118,0.40535399999999994,0.4152227142857143,0.009868714285714342
21.509936,6.156866,0.270364,5.886501,5.930637,0.41148999999999997,0.4236169285714286,0.012126928571428608
21.511555,6.213312,0.262694,5.950617,5.987083,0.41916,0.4276487857142857,0.00848878571428574
21.51498,6.313971,0.257325,6.056646,6.0877419999999995,0.42452899999999993,0.43483871428571425,0.010309714285714311
21.519828,6.442667,0.251573,6.191094,6.216438,0.43028099999999997,0.44403128571428574,0.01375028571428577
21.521218,6.496864,0.245437,6.251427,6.270635,0.43641699999999994,0.44790250000000004,0.011485500000000093
21.524563,6.583877,0.236617,6.34726,6.357648,0.445237,0.4541177142857143,0.008880714285714297
21.529932,6.684998,0.230864,6.454134,6.458769,0.45098999999999995,0.4613406428571429,0.010350642857142933
21.531103,6.772814,0.225495,6.547319,6.546585,0.45635899999999996,0.4676132142857143,0.011254214285714326
21.533905,6.860304,0.219743,6.640561,6.634075,0.46211099999999994,0.4738625,0.011751500000000081
21.536838,6.94545,0.210539,6.734911,6.719221,0.47131499999999993,0.47994435714285716,0.00862935714285723
21.53992,7.038182,0.204403,6.83378,6.811953,0.47745099999999996,0.48656807142857145,0.009117071428571488
21.542694,7.119468,0.198651,6.920818,6.893239,0.48320299999999994,0.4923742142857143,0.00917121428571438
21.545706,7.212337,0.192515,7.019823,6.986108,0.48933899999999997,0.4990077142857143,0.009668714285714308
21.550173,7.324289,0.185995,7.138294,7.09806,0.49585899999999994,0.5070042857142857,0.011145285714285746
21.552045,7.391949,0.177175,7.214774,7.16572,0.504679,0.5118371428571429,0.007158142857142891
21.555183,7.492408,0.171806,7.320602,7.266179,0.510048,0.5190127857142858,0.008964785714285828
21.559883,7.624657,0.166053,7.458604,7.398428,0.515801,0.5284591428571429,0.012658142857142951
21.561265,7.673239,0.157233,7.516006,7.44701,0.524621,0.5319292857142857,0.007308285714285656
21.564668,7.782123,0.150714,7.631409,7.555894,0.53114,0.5397067142857143,0.008566714285714316
21.567693,7.869098,0.145345,7.723754,7.642869,0.5365089999999999,0.5459192142857143,0.009410214285714424
21.571033,7.967758,0.139592,7.828165,7.741529,0.542262,0.5529663571428571,0.010704357142857113
21.573536,8.047158,0.133073,7.914086,7.820929,0.548781,0.5586377857142857,0.00985678571428572
21.576673,8.141649,0.127704,8.013946,7.915419999999999,0.5541499999999999,0.5653871428571428,0.011237142857142834
21.579839,8.229328,0.118884,8.110445,8.003099,0.56297,0.5716499285714286,0.00867992857142863
21.582383,8.31717,0.112748,8.204422,8.090941,0.569106,0.5779243571428572,0.00881835714285717
21.586026,8.428163,0.106995,8.321168,8.201934,0.574859,0.5858524285714285,0.010993428571428487
21.592142,8.523656,0.097791,8.425865,8.297427,0.584063,0.5926733571428572,0.008610357142857183
21.592142,8.614895,0.088587,8.526307,8.388666,0.593267,0.5991904285714286,0.0059234285714285795
21.596375,8.745529,0.082835,8.662694,8.5193,0.599019,0.6085214285714285,0.009502428571428578
21.599825,8.837833,0.076699,8.761134,8.611604,0.605155,0.6151145714285714,0.009959571428571401
21.602562,8.93406,0.069413,8.864647,8.707831,0.612441,0.6219879285714286,0.009546928571428581
21.605855,9.033906,0.060976,8.97293,8.807677,0.6208779999999999,0.6291197857142857,0.008241785714285799
21.611185,9.215906,0.055223,9.160683,8.989677,0.6266309999999999,0.6421197857142857,0.015488785714285802
21.611185,9.215906,0.049087,9.166819,8.989677,0.632767,0.6421197857142857,0.009352785714285772
21.615597,9.335573,0.040267,9.295306,9.109344,0.6415869999999999,0.6506674285714286,0.009080428571428656
21.61988,9.458586,0.033364,9.425222,9.232357,0.64849,0.6594540714285715,0.010964071428571476
21.622072,9.540024,0.02416,9.515864,9.313795,0.657694,0.6652710714285714,0.007577071428571447
21.625292,9.636103,0.018791,9.617312,9.409874,0.663063,0.6721338571428571,0.009070857142857158
21.628136,9.725989,0.012272,9.713718,9.49976,0.669582,0.6785542857142858,0.008972285714285766
21.631114,9.819403,0.005752,9.81365,9.593174,0.676102,0.6852267142857142,0.009124714285714264
21.633934,9.909062,2.90536,7.003702,9.682833,-2.223506,0.6916309285714286,2.9151369285714286
21.636855,9.998389,5.986744,4.011646,9.77216,-5.30489,0.6980114285714285,6.002901428571429
21.640059,10.099356,6.259025,3.840331,9.873127,-5.577171,0.7052233571428571,6.282394357142857
21.642804,10.19706,6.260176,3.936885,9.970831,-5.578322,0.7122022142857143,6.290524214285714
21.646342,10.294108,6.25519,4.038917,10.067879,-5.573335999999999,0.7191342142857142,6.292470214285713
21.64956,10.383998,6.248287,4.135711,10.157769,-5.566433,0.7255549285714286,6.291987928571428
21.652082,10.473354,6.241384,4.23197,10.247125,-5.5595300000000005,0.7319375,6.2914675
21.655233,10.571327,6.235632,4.335696,10.345098,-5.553777999999999,0.7389355714285715,6.292713571428571
21.660149,10.660262,6.229112,4.431149,10.434033,-5.547257999999999,0.7452880714285713,6.29254607142857
21.661163,10.754296,6.219909,4.534387,10.528067,-5.538055,0.7520047857142858,6.290059785714286
21.664132,10.84732,6.213773,4.633547,10.621091,-5.531919,0.7586493571428571,6.290568357142857
21.667125,10.936796,6.20802,4.728776,10.710567,-5.526166,0.7650404999999999,6.2912064999999995
21.670849,11.042725,6.200734,4.841991,10.816496,-5.518879999999999,0.7726068571428572,6.291486857142856
21.673274,11.127542,6.191913,4.935628,10.901313,-5.510059,0.7786652142857143,6.288724214285715
21.676384,11.227934,6.185778,5.042157,11.001705,-5.503924,0.7858360714285714,6.289760071428571
21.679945,11.325016,6.180025,5.144991,11.098787,-5.498170999999999,0.7927704999999999,6.290941499999999
21.682594,11.416027,6.173889,5.242138,11.189798,-5.492035,0.7992712857142857,6.291306285714286
21.685646,11.513201,6.16737,5.345832,11.286972,-5.4855160000000005,0.8062122857142857,6.291728285714286
21.690456,11.632757,6.157782,5.474974,11.406528,-5.475928,0.814752,6.29068
21.691567,11.693953,6.151646,5.542307,11.467724,-5.469792,0.8191231428571429,6.288915142857143
21.695418,11.801639,6.142826,5.658813,11.57541,-5.460972,0.826815,6.287787
21.699047,11.938655,6.136307,5.802348,11.712426,-5.454453000000001,0.8366018571428572,6.291054857142858
21.702036,12.008312,6.129404,5.878908,11.782083,-5.44755,0.8415773571428572,6.289127357142857
21.705614,12.111567,6.120967,5.9906,11.885338,-5.439113000000001,0.8489527142857144,6.2880657142857155
21.709935,12.245136,6.114831,6.130306,12.018907,-5.432976999999999,0.8584933571428571,6.291470357142856
21.711341,12.301831,6.108695,6.193136,12.075602,-5.426841,0.862543,6.289383999999999
21.715014,12.400513,6.102176,6.298338,12.174284,-5.4203220000000005,0.8695917142857142,6.289913714285714
21.719887,12.491424,6.092588,6.398836,12.265195,-5.410734,0.8760853571428572,6.286819357142857
21.721215,12.590516,6.086836,6.50368,12.364287,-5.404982,0.8831633571428571,6.288145357142858
21.724187,12.677539,6.079933,6.597606,12.45131,-5.398078999999999,0.8893792857142857,6.287458285714285
21.727147,12.767358,6.073797,6.693561,12.541129,-5.3919429999999995,0.8957949285714285,6.287737928571428
21.730427,12.865799,6.06536,6.800439,12.63957,-5.383506000000001,0.9028264285714286,6.286332428571429
21.733201,12.951589,6.059608,6.891981,12.72536,-5.3777539999999995,0.9089542857142857,6.286708285714285
21.736583,13.048414,6.053855,6.994558,12.822185,-5.372001000000001,0.9158703571428571,6.287871357142858
21.73952,13.141862,6.047719,7.094143,12.915633,-5.365864999999999,0.9225452142857142,6.2884102142857135
21.742501,13.226588,6.038132,7.188456,13.000359,-5.356278,0.9285970714285714,6.284875071428571
21.745731,13.323058,6.031612,7.291445,13.096829,-5.349758,0.9354877857142857,6.285245785714285
21.749964,13.445671,6.025477,7.420195,13.219442,-5.343623000000001,0.9442458571428572,6.2878688571428585
21.751425,13.504073,6.019724,7.484349,13.277844,-5.337870000000001,0.9484174285714285,6.286287428571429
21.755082,13.596066,6.010137,7.585929,13.369837,-5.328283000000001,0.9549883571428571,6.283271357142858
21.759973,13.684526,6.005151,7.679374,13.458297,-5.323297,0.9613069285714285,6.284603928571428
21.761261,13.779275,5.998632,7.780643,13.553046,-5.316777999999999,0.9680747142857143,6.284852714285714
21.764247,13.866869,5.992112,7.874756,13.64064,-5.310257999999999,0.9743314285714285,6.284589428571428
21.767347,13.95304,5.986744,7.966296,13.726811,-5.30489,0.9804864999999999,6.2853765
21.770291,14.042695,5.977923,8.064772,13.816466,-5.296068999999999,0.9868904285714286,6.282959428571428
21.773254,14.125058,5.971404,8.153655,13.898829,-5.28955,0.9927735,6.2823235
21.776595,14.222396,5.965651,8.256744,13.996167,-5.283797,0.9997262142857143,6.283523214285714
21.779677,14.309659,5.960282,8.349377,14.08343,-5.278428,1.0059592857142856,6.284387285714286
21.782588,14.390928,5.95453,8.436398,14.164699,-5.272676000000001,1.0117642142857144,6.2844402142857145
21.785694,14.475736,5.946093,8.529643,14.249507,-5.264239,1.0178219285714285,6.282060928571428
21.788658,14.56017,5.941108,8.619062,14.333941,-5.259254,1.0238529285714286,6.283106928571429
21.791523,14.647458,5.935355,8.712103,14.421229,-5.253501,1.0300877857142858,6.283588785714286
21.794762,14.730355,5.929219,8.801135,14.504126,-5.247365,1.036009,6.283374
21.797698,14.808742,5.92385,8.884892,14.582513,-5.241996,1.0416080714285714,6.283604071428572
21.801033,14.893773,5.918865,8.974908,14.667544,-5.237011000000001,1.0476817142857142,6.284692714285715
21.803646,14.972617,5.910428,9.062189,14.746388,-5.228574,1.0533134285714285,6.281887428571428
21.80657,15.050262,5.905059,9.145202,14.824033,-5.223205,1.0588595,6.282064500000001
21.809655,15.137522,5.899307,9.238215,14.911293,-5.217453000000001,1.0650923571428572,6.282545357142858
21.812491,15.211777,5.894321,9.317456,14.985548,-5.212467,1.0703962857142857,6.282863285714286
21.815767,15.297809,5.888569,9.40924,15.07158,-5.206715000000001,1.0765414285714285,6.28325642857143
21.819905,15.407444,5.880132,9.527312,15.181215,-5.198278,1.0843725,6.2826505
21.821511,15.453054,5.874763,9.578291,15.226825,-5.192909,1.0876303571428572,6.280539357142858
21.825251,15.548498,5.864025,9.684473,15.322269,-5.182171,1.0944477857142858,6.276618785714286
21.830184,15.668273,5.858656,9.809617,15.442044,-5.176802,1.1030031428571427,6.279805142857143
21.833056,15.752245,5.853671,9.898574,15.526016,-5.171817000000001,1.109001142857143,6.280818142857144
21.835994,15.826137,5.847535,9.978602,15.599908,-5.165680999999999,1.1142791428571428,6.279960142857142
21.839088,15.924544,5.839865,10.084679,15.698315,-5.158011,1.1213082142857143,6.279319214285715
21.842391,15.987975,5.834879,10.153095,15.761746,-5.1530249999999995,1.125839,6.278864
21.845717,16.072723,5.830277,10.242445,15.846494,-5.148422999999999,1.1318924285714285,6.280315428571428
21.84991,16.175183,5.822224,10.352959,15.948954,-5.140370000000001,1.139211,6.279581
21.851515,16.224874,5.817239,10.407636,15.998645,-5.135384999999999,1.142760357142857,6.278145357142856
21.85546,16.310566,5.812253,10.498313,16.084337,-5.130399000000001,1.1488812142857143,6.2792802142857145
21.860096,16.419912,5.8042,10.615712,16.193683,-5.122346,1.1566916428571428,6.279037642857143
21.861867,16.462742,5.796913,10.665828,16.236513,-5.1150590000000005,1.1597509285714285,6.274809928571429
21.865941,16.56749,5.792311,10.775178,16.341261,-5.110457,1.1672329285714285,6.277689928571428
21.869152,16.658929,5.787326,10.871603,16.4327,-5.105472000000001,1.1737642857142858,6.279236285714287
21.872035,16.712015,5.78004,10.931976,16.485786,-5.098186,1.1775561428571428,6.275742142857143
21.875575,16.790411,5.775438,11.014974,16.564182,-5.093584,1.183155857142857,6.276739857142857
21.879928,16.891136,5.770836,11.1203,16.664907,-5.088982,1.1903504999999999,6.2793325
21.881447,16.926047,5.76585,11.160197,16.699818,-5.083996000000001,1.1928441428571428,6.276840142857144
21.884827,17.00421,5.761632,11.242578,16.777981,-5.079777999999999,1.1984272142857144,6.278205214285713
21.887741,17.069335,5.754729,11.314606,16.843106,-5.072875,1.203079,6.275954
21.887741,17.069335,5.75051,11.318825,16.843106,-5.068656000000001,1.203079,6.2717350000000005
21.894378,17.203711,5.745909,11.457803,16.977482,-5.064055,1.2126772857142856,6.276732285714285
21.897035,17.280228,5.739006,11.541222,17.053999,-5.057152,1.2181427857142857,6.275294785714286
21.900835,17.353237,5.73402,11.619217,17.127008,-5.052166,1.2233577142857144,6.275523714285714
21.903167,17.413452,5.730952,11.6825,17.187223,-5.049098000000001,1.2276587857142858,6.276756785714286
21.906082,17.471352,5.72635,11.745002,17.245123,-5.0444960000000005,1.2317945,6.2762905
21.909138,17.540007,5.722132,11.817875,17.313778,-5.040278000000001,1.2366984285714284,6.276976428571429
21.912024,17.597372,5.71753,11.879842,17.371143,-5.0356760000000005,1.2407959285714285,6.2764719285714285
21.914995,17.657821,5.711394,11.946427,17.431592,-5.029540000000001,1.2451137142857143,6.274653714285715
21.919799,17.748848,5.707176,12.041673,17.522619,-5.025321999999999,1.2516156428571428,6.276937642857142
21.9211,17.781931,5.702574,12.079357,17.555702,-5.020720000000001,1.2539787142857144,6.274698714285715
21.924381,17.843711,5.699122,12.144589,17.617482,-5.017268,1.2583915714285714,6.275659571428571
21.927338,17.904447,5.69337,12.211077,17.678218,-5.011516,1.2627298571428571,6.274245857142858
21.930895,17.96188,5.689535,12.272345,17.735651,-5.007681,1.2668322142857142,6.274513214285714
21.933466,18.021756,5.685316,12.33644,17.795527,-5.003462000000001,1.2711090714285713,6.274571071428572
21.936546,18.076188,5.681865,12.394324,17.849959,-5.000011000000001,1.2749970714285712,6.275008071428572
21.939639,18.131449,5.678413,12.453036,17.90522,-4.9965589999999995,1.2789442857142856,6.275503285714285
21.942339,18.185772,5.674195,12.511577,17.959543,-4.992341,1.2828245,6.2751655
21.945267,18.239661,5.670743,12.568917,18.013432,-4.988889,1.2866737142857143,6.275562714285715
21.949953,18.313514,5.665375,12.648139,18.087285,-4.983521,1.2919489285714287,6.275469928571429
21.951519,18.344404,5.659622,12.684782,18.118175,-4.977767999999999,1.2941553571428572,6.271923357142857
21.955308,18.41336,5.656171,12.757189,18.187131,-4.974316999999999,1.2990807857142859,6.273397785714285
21.959777,18.48511,5.652719,12.83239,18.258881,-4.970865,1.3042057857142857,6.275070785714286
21.961515,18.518805,5.646967,12.871838,18.292576,-4.9651130000000006,1.3066125714285715,6.271725571428572
21.965126,18.57902,5.644666,12.934354,18.352791,-4.962812,1.3109136428571428,6.273725642857142
21.969955,18.65076,5.640447,13.010313,18.424530999999998,-4.9585930000000005,1.3160379285714285,6.274630928571429
21.971184,18.680575,5.637379,13.043196,18.454346,-4.955525,1.3181675714285714,6.273692571428571
21.974525,18.729696,5.63201,13.097685,18.503467,-4.950156,1.3216762142857144,6.271832214285714
21.977385,18.773657,5.629709,13.143947,18.547428,-4.947855000000001,1.3248162857142858,6.272671285714287
21.980843,18.819929,5.626258,13.193671,18.5937,-4.9444040000000005,1.3281214285714285,6.272525428571429
21.983127,18.861444,5.622807,13.238638,18.635215,-4.940953,1.3310867857142856,6.272039785714286
21.986148,18.905335,5.619739,13.285596,18.679106,-4.937885,1.3342218571428572,6.272106857142857
21.990128,18.951426,5.617054,13.334372,18.725197,-4.9352,1.3375140714285716,6.272714071428572
21.992036,18.98638,5.612836,13.373544,18.760151,-4.930982,1.3400107857142858,6.270992785714286
21.995495,19.034868,5.610151,13.424717,18.808639,-4.928297000000001,1.3434742142857143,6.271771214285715
22.000243,19.091395,5.60785,13.483544,18.865166,-4.925996,1.347511857142857,6.273507857142857
22.001578,19.118055,5.603248,13.514807,18.891826,-4.921393999999999,1.3494161428571427,6.270810142857142
22.004977,19.162567,5.60018,13.562387,18.936338,-4.918326,1.3525955714285713,6.2709215714285715
22.010079,19.200769,5.598263,13.602506,18.97454,-4.916409,1.3553242857142858,6.271733285714285
22.011002,19.234918,5.595195,13.639723,19.008689,-4.913341000000001,1.3577635000000001,6.271104500000001
22.014121,19.273493,5.592894,13.680599,19.047264,-4.91104,1.360518857142857,6.271558857142857
22.01713,19.310851,5.589059,13.721792,19.084622,-4.907204999999999,1.3631872857142857,6.270392285714285
22.020847,19.34916,5.586375,13.762786,19.122931,-4.904521000000001,1.3659236428571429,6.270444642857144
22.023204,19.380772,5.584074,13.796698,19.154543,-4.90222,1.368181642857143,6.270401642857143
22.026234,19.415942,5.582156,13.833786,19.189713,-4.900302,1.3706937857142858,6.270995785714286
22.029486,19.44554,5.579088,13.866452,19.219311,-4.897233999999999,1.3728079285714287,6.270041928571428
22.032281,19.477105,5.57602,13.901085,19.250876,-4.894166,1.3750625714285716,6.269228571428572
22.035614,19.509987,5.574103,13.935884,19.283758,-4.892249,1.3774112857142857,6.269660285714285
22.039767,19.551168,5.572185,13.978983,19.324939,-4.890331,1.3803527857142857,6.270683785714286
22.041457,19.571454,5.569884,14.00157,19.345225,-4.8880300000000005,1.3818017857142857,6.2698317857142865
22.044829,19.603317,5.5672,14.036117,19.377088,-4.885346,1.3840777142857144,6.269423714285715
22.047649,19.628815,5.565282,14.063533,19.402586,-4.883428,1.385899,6.2693270000000005
22.051071,19.65185,5.563365,14.088486,19.425621,-4.881511,1.3875443571428572,6.269055357142857
22.053352,19.673958,5.562598,14.11136,19.447729,-4.880744,1.3891235,6.2698675
22.056269,19.69581,5.56068,14.13513,19.469581,-4.878826,1.3906843571428573,6.269510357142858
22.059449,19.717392,5.55953,14.157862,19.491163,-4.877675999999999,1.3922259285714287,6.269901928571428
22.062282,19.739418,5.557612,14.181805,19.513189,-4.875757999999999,1.3937992142857143,6.269557214285713
22.065485,19.763224,5.554928,14.208296,19.536995,-4.873074000000001,1.395499642857143,6.2685736428571435
22.069889,19.79361,5.553394,14.240216,19.567381,-4.8715399999999995,1.3976700714285715,6.269210071428571
22.072061,19.809756,5.55186,14.257896,19.583527,-4.870006,1.3988233571428572,6.268829357142858
22.075202,19.834256,5.549942,14.284314,19.608027,-4.868088,1.4005733571428571,6.268661357142857
22.079894,19.860349,5.548792,14.311557,19.63412,-4.866937999999999,1.4024371428571427,6.269375142857142
22.081374,19.872007,5.548025,14.323982,19.645778,-4.866171,1.4032698571428572,6.269440857142857
22.084659,19.887643,5.546491,14.341152,19.661414,-4.864637,1.4043867142857143,6.269023714285714
22.087566,19.901486,5.545341,14.356146,19.675257,-4.863486999999999,1.4053754999999999,6.268862499999999
22.090977,19.918131,5.543423,14.374708,19.691902,-4.861568999999999,1.4065644285714285,6.268133428571428
22.094173,19.931266,5.542656,14.388609,19.705037,-4.860802,1.4075026428571429,6.268304642857142
22.097328,19.947446,5.542273,14.405173,19.721217,-4.860419,1.408658357142857,6.269077357142857
22.100467,19.95798,5.540739,14.417241,19.731751,-4.858885000000001,1.4094107857142857,6.268295785714287
22.103347,19.969244,5.540355,14.428888,19.743015,-4.858501,1.410215357142857,6.268716357142857
22.106755,19.97671,5.539972,14.436738,19.750481,-4.858117999999999,1.410748642857143,6.268866642857143
22.109851,19.983839,5.539588,14.444251,19.75761,-4.857734000000001,1.4112578571428571,6.268991857142858
22.112614,19.99048,5.538821,14.451658,19.764251,-4.856967000000001,1.4117322142857145,6.268699214285715
22.115707,19.996214,5.538054,14.45816,19.769985,-4.856199999999999,1.4121417857142855,6.268341785714285
22.120003,20.003885,5.538054,14.465831,19.777656,-4.856199999999999,1.4126897142857142,6.268889714285714
22.121348,20.008306,5.537671,14.470635,19.782077,-4.855817,1.4130055000000001,6.268822500000001
22.125078,20.014127,5.537671,14.476457,19.787898,-4.855817,1.4134212857142856,6.269238285714286
22.130096,20.017696,5.536904,14.480792,19.791467,-4.85505,1.4136762142857144,6.2687262142857145
22.131261,20.019622,5.53652,14.483102,19.793393,-4.854666,1.4138137857142856,6.268479785714286
22.134464,20.022072,5.53652,14.485551,19.795843,-4.854666,1.4139887857142859,6.268654785714286
22.137585,20.023691,5.536137,14.487554,19.797462,-4.854283000000001,1.4141044285714286,6.26838742857143
22.140835,20.026148,5.536137,14.490011,19.799919,-4.854283000000001,1.4142799285714285,6.268562928571429
22.14345,20.028414,5.535753,14.492661,19.802185,-4.853899,1.414441785714286,6.268340785714286
22.146369,20.03039,5.536137,14.494253,19.804161,-4.854283000000001,1.4145829285714286,6.268865928571429
22.149565,20.030324,5.535753,14.494571,19.804095,-4.853899,1.4145782142857144,6.268477214285714
22.152184,20.028455,5.535753,14.492701,19.802226,-4.853899,1.4144447142857144,6.268343714285715
22.155669,20.025887,5.536137,14.48975,19.799658,-4.854283000000001,1.4142612857142858,6.268544285714286
22.159965,20.022194,5.536137,14.486058,19.795965,-4.854283000000001,1.4139975,6.2682805
22.161751,20.021673,5.53652,14.485153,19.795444,-4.854666,1.4139602857142857,6.268626285714285
22.164726,20.01926,5.53652,14.48274,19.793031,-4.854666,1.4137879285714285,6.268453928571429
22.167794,20.015669,5.536904,14.478765,19.78944,-4.85505,1.4135314285714284,6.268581428571428
22.170923,20.008646,5.537671,14.470976,19.782417,-4.855817,1.4130297857142857,6.2688467857142856
22.173921,19.998716,5.538438,14.460278,19.772487,-4.856584,1.4123205,6.2689045
22.177085,19.99139,5.538821,14.452569,19.765161,-4.856967000000001,1.4117972142857143,6.268764214285715
22.181018,19.979598,5.539588,14.44001,19.753369,-4.857734000000001,1.4109549285714285,6.268688928571429
22.18375,19.969976,5.540355,14.429621,19.743747,-4.858501,1.4102676428571428,6.268768642857143
22.186864,19.961662,5.540739,14.420923,19.735433,-4.858885000000001,1.4096737857142858,6.268558785714287
22.189877,19.949446,5.541506,14.40794,19.723216999999998,-4.8596520000000005,1.4088012142857143,6.268453214285715
22.192573,19.941674,5.542656,14.399018,19.715445,-4.860802,1.4082460714285714,6.269048071428571
22.195864,19.926977,5.543423,14.383554,19.700748,-4.861568999999999,1.4071962857142857,6.268765285714285
22.200052,19.912792,5.54419,14.368602,19.686563,-4.862336000000001,1.4061830714285715,6.268519071428573
22.201555,19.902186,5.544957,14.357229,19.675957,-4.863103000000001,1.4054255,6.2685285
22.20543,19.889445,5.546875,14.342571,19.663216,-4.8650210000000005,1.4045154285714285,6.2695364285714295
22.210176,19.874481,5.547642,14.32684,19.648252,-4.865788,1.4034465714285713,6.269234571428571
22.211199,19.859194,5.548409,14.310785,19.632965,-4.866555,1.4023546428571427,6.2689096428571425
22.2146,19.83701,5.549942,14.287067,19.610781,-4.868088,1.4007700714285714,6.268858071428571
22.217681,19.814294,5.551476,14.262817,19.588065,-4.869622,1.3991475,6.268769499999999
22.220845,19.789569,5.553394,14.236175,19.56334,-4.8715399999999995,1.3973814285714286,6.268921428571428
22.223544,19.767861,5.555695,14.212166,19.541632,-4.8738410000000005,1.395830857142857,6.269671857142858
22.226613,19.742887,5.556845,14.186042,19.516658,-4.874991,1.394047,6.269038
22.229933,19.720824,5.558763,14.162061,19.494595,-4.8769089999999995,1.3924710714285715,6.2693800714285715
22.232451,19.699151,5.56068,14.13847,19.472922,-4.878826,1.3909230000000001,6.269749
22.235663,19.6755,5.562214,14.113285,19.449271,-4.88036,1.3892336428571428,6.269593642857142
22.239901,19.642169,5.564515,14.077653,19.41594,-4.882661000000001,1.386852857142857,6.269513857142858
22.241334,19.626236,5.565666,14.06057,19.400007,-4.883812000000001,1.3857147857142855,6.2695267857142865
22.244953,19.596393,5.567967,14.028427,19.370164,-4.886113,1.3835831428571428,6.269696142857143
22.250013,19.568762,5.571418,13.997344,19.342533,-4.889564,1.3816095,6.2711735
22.25123,19.534423,5.572952,13.961471,19.308194,-4.8910979999999995,1.3791567142857144,6.270254714285714
22.254414,19.502308,5.574486,13.927822,19.276079,-4.892632000000001,1.3768627857142857,6.269494785714286
22.257365,19.473673,5.577171,13.896503,19.247444,-4.895317,1.3748174285714287,6.2701344285714296
22.261015,19.439319,5.580239,13.85908,19.21309,-4.898384999999999,1.3723635714285716,6.270748571428571
22.263568,19.410828,5.58254,13.828289,19.184599,-4.900686,1.3703284999999998,6.2710145
22.266534,19.379693,5.584841,13.794853,19.153464,-4.9029869999999995,1.3681045714285713,6.27109157142857
22.269444,19.342326,5.587525,13.754801,19.116097,-4.905671,1.3654355,6.2711065
22.272265,19.310507,5.589826,13.720681,19.084278,-4.907972000000001,1.3631627142857143,6.271134714285715
22.275432,19.270255,5.592894,13.677361,19.044026,-4.91104,1.3602875714285714,6.2713275714285714
22.278272,19.23661,5.594811,13.641799,19.010381,-4.9129570000000005,1.3578843571428572,6.270841357142857
22.281467,19.199296,5.598646,13.60065,18.973067,-4.916791999999999,1.3552190714285715,6.272011071428571
22.284434,19.163534,5.600947,13.562586,18.937305,-4.919093,1.3526646428571427,6.271757642857143
22.287472,19.12235,5.604399,13.517951,18.896121,-4.9225449999999995,1.3497229285714287,6.272267928571428
22.290825,19.076363,5.607083,13.46928,18.850134,-4.925229,1.3464381428571428,6.271667142857143
22.293307,19.038848,5.609768,13.429081,18.812619,-4.9279139999999995,1.3437585,6.271672499999999
22.296256,18.999092,5.613219,13.385873,18.772863,-4.9313649999999996,1.3409187857142857,6.2722837857142855
22.299327,18.949753,5.617438,13.332315,18.723524,-4.935584,1.3373945714285715,6.272978571428572
22.302099,18.920544,5.619355,13.301189,18.694315,-4.937500999999999,1.3353082142857142,6.272809214285713
22.305807,18.86566,5.624724,13.240936,18.639431,-4.942869999999999,1.3313879285714285,6.274257928571428
22.309771,18.802101,5.627792,13.174309,18.575872,-4.945938,1.326848,6.272786
22.312029,18.768059,5.63086,13.137199,18.54183,-4.949006000000001,1.3244164285714286,6.273422428571429
22.315392,18.721175,5.633928,13.087247,18.494946,-4.952074,1.3210675714285713,6.273141571428571
22.320304,18.674973,5.637379,13.037593,18.448744,-4.955525,1.3177674285714287,6.273292428571429
22.321519,18.621859,5.642365,12.979494,18.39563,-4.960511,1.3139735714285714,6.274484571428571
22.325013,18.562949,5.6462,12.916749,18.33672,-4.964346000000001,1.3097657142857142,6.274111714285715
22.327839,18.51857,5.649268,12.869302,18.292341,-4.967414,1.3065957857142858,6.274009785714286
22.330824,18.468384,5.652719,12.815665,18.242155,-4.970865,1.3030110714285714,6.273876071428571
22.333452,18.421283,5.656171,12.765113,18.195054,-4.974316999999999,1.2996467142857142,6.273963714285713
22.336448,18.371576,5.66154,12.710036,18.145347,-4.979685999999999,1.2960962142857144,6.275782214285714
22.339489,18.314511,5.665758,12.648753,18.088282,-4.983904000000001,1.2920201428571427,6.275924142857144
22.342374,18.265675,5.668826,12.596849,18.039446,-4.986972,1.2885318571428572,6.275503857142857
22.345568,18.20563,5.673044,12.532586,17.979401,-4.99119,1.2842429285714285,6.275432928571428
22.350193,18.152573,5.676879,12.475693,17.926344,-4.995025,1.2804531428571428,6.275478142857143
22.351522,18.097866,5.682248,12.415618,17.871637,-5.000394,1.2765454999999999,6.2769395
22.354582,18.042206,5.686083,12.356122,17.815977,-5.0042290000000005,1.2725697857142857,6.276798785714286
22.357604,17.982581,5.689918,12.292663,17.756352,-5.008063999999999,1.2683108571428572,6.276374857142857
22.360866,17.921902,5.693753,12.228149,17.695673,-5.011899,1.2639766428571428,6.275875642857143
22.363591,17.866473,5.697588,12.168885,17.640244,-5.015734,1.2600174285714285,6.275751428571429
22.366562,17.810232,5.701807,12.108425,17.584003,-5.019952999999999,1.2560002142857143,6.275953214285714
22.36964,17.744637,5.707559,12.037078,17.518408,-5.025705,1.2513148571428572,6.277019857142857
22.372461,17.689913,5.712161,11.977752,17.463684,-5.0303070000000005,1.247406,6.277713
22.376022,17.617588,5.718297,11.899291,17.391359,-5.036443,1.2422399285714287,6.278682928571429
22.379586,17.543093,5.721748,11.821344,17.316864,-5.039894,1.236918857142857,6.276812857142858
22.382375,17.484984,5.72635,11.758634,17.258755,-5.0444960000000005,1.2327682142857144,6.277264214285715
22.385687,17.415937,5.730952,11.684985,17.189708,-5.049098000000001,1.2278362857142857,6.276934285714287
22.388785,17.351264,5.737472,11.613793,17.125035,-5.055618000000001,1.2232167857142857,6.278834785714286
22.391681,17.285938,5.74169,11.544248,17.059709,-5.059836000000001,1.2185506428571429,6.278386642857144
22.395103,17.211148,5.746676,11.464472,16.984919,-5.0648219999999995,1.2132085000000001,6.2780305
22.400038,17.14823,5.750894,11.397336,16.922001,-5.069039999999999,1.2087143571428574,6.2777543571428565
22.401223,17.076547,5.75818,11.318366,16.850318,-5.076326,1.203594142857143,6.279920142857143
22.404777,16.997554,5.762399,11.235155,16.771325,-5.080545000000001,1.1979517857142858,6.278496785714287
22.407574,16.932887,5.767001,11.165887,16.706658,-5.085146999999999,1.1933327142857144,6.278479714285714
22.410952,16.861574,5.771986,11.089588,16.635345,-5.0901320000000005,1.1882389285714285,6.278370928571429
22.413349,16.80111,5.776588,11.024522,16.574881,-5.094734000000001,1.1839200714285716,6.278654071428573
22.416425,16.730899,5.78119,10.949709,16.50467,-5.099335999999999,1.178905,6.2782409999999995
22.419392,16.649197,5.788093,10.861104,16.422968,-5.106239,1.173069142857143,6.279308142857143
22.422593,16.585523,5.793462,10.792061,16.359294,-5.111608,1.168521,6.2801290000000005
22.426184,16.499843,5.800748,10.699095,16.273614,-5.118893999999999,1.1624009999999998,6.281294999999999
22.429363,16.408807,5.804967,10.60384,16.182578,-5.123113,1.1558984285714284,6.279011428571429
22.432361,16.347843,5.810336,10.537507,16.121614,-5.128482,1.1515438571428571,6.280025857142857
22.435721,16.265538,5.815321,10.450217,16.039309,-5.133467,1.1456649285714284,6.279131928571428
22.44021,16.164315,5.823375,10.34094,15.938085999999998,-5.141521000000001,1.138434714285714,6.279955714285715
22.441516,16.120213,5.82836,10.291853,15.893984,-5.1465060000000005,1.1352845714285713,6.281790571428572
22.445177,16.032764,5.833729,10.199035,15.806535,-5.151875,1.1290382142857143,6.2809132142857145
22.450136,15.957635,5.841399,10.116236,15.731406,-5.159545,1.1236718571428572,6.283216857142857
22.451269,15.876682,5.847151,10.02953,15.650453,-5.165297000000001,1.1178895,6.283186500000001
22.454581,15.791206,5.851753,9.939452,15.564977,-5.169899000000001,1.1117840714285714,6.2816830714285725
22.457653,15.713311,5.857122,9.856189,15.487082,-5.175268000000001,1.1062201428571428,6.281488142857143
22.460899,15.631243,5.863642,9.767602,15.405014,-5.181787999999999,1.1003581428571427,6.282146142857142
22.463545,15.558996,5.871311,9.687685,15.332767,-5.189457000000001,1.0951976428571428,6.284654642857143
22.466358,15.48291,5.87668,9.60623,15.256681,-5.194826000000001,1.0897629285714285,6.284588928571429
22.469578,15.396457,5.882433,9.514024,15.170228,-5.200578999999999,1.0835877142857142,6.284166714285714
22.472511,15.320399,5.887802,9.432598,15.09417,-5.205947999999999,1.078155,6.284102999999999
22.475672,15.236021,5.893171,9.342851,15.009792,-5.211316999999999,1.072128,6.2834449999999995
22.479824,15.121171,5.901608,9.219563,14.894942,-5.219754,1.0639244285714287,6.283678428571429
22.481498,15.073121,5.906977,9.166145,14.846892,-5.225123,1.0604922857142858,6.285615285714286
22.484743,14.987496,5.913112,9.074383,14.761267,-5.231258,1.0543762142857143,6.2856342142857144
22.487782,14.905013,5.918098,8.986915,14.678784,-5.236243999999999,1.0484845714285715,6.2847285714285706
22.487782,14.905013,5.92385,8.981162,14.678784,-5.241996,1.0484845714285715,6.290480571428572
22.494224,14.73578,5.932287,8.803493,14.509551,-5.250432999999999,1.0363965,6.2868295
22.496555,14.652267,5.938423,8.713844,14.426038,-5.256569000000001,1.0304312857142857,6.287000285714287
22.499955,14.564235,5.943409,8.620827,14.338006,-5.2615549999999995,1.0241432857142858,6.285698285714285
22.502773,14.477098,5.951462,8.525636,14.250869,-5.269608,1.0179192142857143,6.287527214285714
22.506098,14.385715,5.957214,8.428501,14.159486,-5.275359999999999,1.011391857142857,6.286751857142856
22.509174,14.288775,5.962583,8.326192,14.062546,-5.280729000000001,1.0044675714285713,6.285196571428572
22.512065,14.215291,5.968336,8.246955,13.989062,-5.2864819999999995,0.9992187142857143,6.2857007142857135
22.515133,14.126831,5.974088,8.152742,13.900602,-5.2922340000000005,0.9929001428571428,6.285134142857143
22.520192,14.044114,5.979457,8.064657,13.817885,-5.2976030000000005,0.9869917857142857,6.284594785714286
22.521106,13.954207,5.989044,7.965162,13.727978,-5.30719,0.9805698571428572,6.2877598571428575
22.524357,13.867902,5.994413,7.873489,13.641673,-5.312559,0.9744052142857144,6.286964214285715
22.527152,13.780397,5.999782,7.780614,13.554168,-5.317928,0.9681548571428572,6.2860828571428575
22.530914,13.684833,6.006302,7.678531,13.458604,-5.324448,0.9613288571428571,6.285776857142857
22.53339,13.597788,6.015122,7.582666,13.371559,-5.333268,0.9551113571428571,6.2883793571428575
22.536536,13.509827,6.020491,7.489336,13.283598,-5.338637,0.9488284285714286,6.287465428571429
22.539769,13.417691,6.026627,7.391064,13.191462,-5.344773,0.9422472857142857,6.287020285714286
22.542488,13.319176,6.036214,7.282962,13.092947,-5.35436,0.9352105000000001,6.2895705
22.546108,13.222231,6.043117,7.179114,12.996002,-5.361262999999999,0.9282858571428572,6.289548857142856
22.54929,13.126531,6.04887,7.077662,12.900302,-5.367016,0.9214501428571429,6.288466142857143
22.551952,13.048346,6.054239,6.994108,12.822117,-5.3723849999999995,0.9158655,6.288250499999999
22.555301,12.94924,6.059991,6.889249,12.723011,-5.378137000000001,0.9087864999999999,6.2869235
22.560018,12.822989,6.068811,6.754177,12.59676,-5.386957000000001,0.8997685714285714,6.286725571428572
22.561724,12.769286,6.074564,6.694722,12.543057,-5.392709999999999,0.8959326428571428,6.288642642857142
22.564994,12.656339,6.0807,6.575639,12.430109999999999,-5.398846000000001,0.8878649999999999,6.286711
22.567971,12.56941,6.087219,6.482191,12.343181,-5.405365,0.8816557857142857,6.287020785714286
22.570949,12.477762,6.096423,6.381339,12.251533,-5.414569,0.8751095,6.2896785
22.573795,12.390368,6.102943,6.287425,12.164139,-5.421089,0.8688670714285714,6.289956071428572
22.576831,12.294655,6.108695,6.18596,12.068426,-5.426841,0.8620304285714286,6.2888714285714284
22.580241,12.19899,6.114831,6.084159,11.972761,-5.432976999999999,0.8551972142857143,6.288174214285713
22.582536,12.119277,6.124802,5.994475,11.893048,-5.4429479999999995,0.8495034285714286,6.292451428571428
22.586149,12.016164,6.131321,5.884843,11.789935,-5.449467,0.8421382142857142,6.291605214285714
22.590061,11.915473,6.13669,5.778783,11.689244,-5.454836,0.8349460000000001,6.289782000000001
22.592206,11.834373,6.143977,5.690396,11.608144,-5.462123,0.8291531428571428,6.291276142857143
22.5949,11.742592,6.149729,5.592863,11.516363,-5.467874999999999,0.8225973571428572,6.290472357142857
22.59783,11.653278,6.156248,5.497029,11.427049,-5.474394,0.8162177857142857,6.290611785714286
22.600986,11.556937,6.162384,5.394553,11.330708,-5.48053,0.8093362857142857,6.289866285714286
22.604112,11.463152,6.171588,5.291564,11.236922999999999,-5.489734,0.8026373571428571,6.292371357142858
22.606863,11.369845,6.177341,5.192505,11.143616,-5.495487000000001,0.7959725714285714,6.291459571428572
22.610878,11.263008,6.18386,5.079147,11.036779,-5.502006,0.7883413571428571,6.290347357142857
22.612868,11.185437,6.190379,4.995057,10.959208,-5.508525000000001,0.7828005714285714,6.291325571428572
22.615988,11.092584,6.196132,4.896452,10.866355,-5.514278000000001,0.7761682142857144,6.290446214285716
22.619046,10.980557,6.205719,4.774837,10.754328,-5.523865000000001,0.7681662857142857,6.292031285714287
22.621966,10.902546,6.212239,4.690307,10.676317,-5.530385000000001,0.7625940714285714,6.292979071428572
22.625529,10.794494,6.218758,4.575736,10.568265,-5.536904,0.7548760714285715,6.291780071428572
22.630169,10.669915,6.227962,4.441953,10.443686,-5.546108,0.7459775714285714,6.292085571428571
22.631414,10.612099,6.234098,4.378001,10.38587,-5.552244,0.7418478571428572,6.294091857142857
22.634709,10.510606,6.240617,4.269988,10.284377,-5.558763000000001,0.734598357142857,6.2933613571428575
22.637709,10.413654,6.247137,4.166517,10.187425,-5.565283000000001,0.7276732142857142,6.292956214285715
22.641018,10.316317,6.252889,4.063428,10.090088,-5.571035,0.7207205714285714,6.291755571428571
22.643579,10.230959,6.259792,3.971167,10.00473,-5.577938,0.7146235714285715,6.292561571428571
22.646521,10.141704,6.266312,3.875392,9.915475,-5.584458,0.7082482142857144,6.292706214285714
22.64975,10.047919,6.275899,3.77202,9.82169,-5.5940449999999995,0.7015492857142858,6.2955942857142855
22.652559,9.955106,3.215607,6.739499,9.728877,-2.533753,0.6949197857142858,3.2286727857142856
22.655684,9.85822,0.281869,9.576351,9.631991,0.399985,0.6879993571428571,0.2880143571428571
22.660108,9.73673,0.035665,9.701065,9.510501,0.6461889999999999,0.6793215,0.03313250000000012
22.661632,9.67112,0.021476,9.649645,9.444891,0.6603779999999999,0.6746350714285715,0.014257071428571577
22.665158,9.565127,0.027612,9.537515,9.338898,0.654242,0.6670641428571429,0.012822142857142893
22.668107,9.469168,0.034131,9.435036,9.242939,0.6477229999999999,0.6602099285714286,0.012486928571428635
22.671164,9.375309,0.041034,9.334275,9.14908,0.64082,0.6535057142857142,0.0126857142857143
22.674022,9.28564,0.046786,9.238853,9.059411,0.635068,0.6471007857142858,0.012032785714285787
22.67699,9.19541,0.05599,9.139419,8.969181,0.625864,0.6406557857142857,0.014791785714285743
22.680869,9.087401,0.062126,9.025275,8.861172,0.619728,0.6329408571428571,0.013212857142857137
22.683101,9.002424,0.068262,8.934162,8.776195,0.6135919999999999,0.6268710714285713,0.013279071428571432
22.686038,8.90859,0.074398,8.834192,8.682361,0.607456,0.6201686428571429,0.012712642857142908
22.689846,8.811135,0.080917,8.730217,8.584906,0.6009369999999999,0.6132075714285714,0.012270571428571464
22.692292,8.726967,0.090121,8.636845,8.500738,0.591733,0.6071955714285714,0.015462571428571437
22.695693,8.62653,0.095874,8.530657,8.400301,0.58598,0.6000215000000001,0.014041500000000151
22.699789,8.495129,0.101243,8.393887,8.2689,0.580611,0.5906357142857143,0.010024714285714276
22.701414,8.44192,0.11083,8.33109,8.215691,0.571024,0.5868350714285714,0.01581107142857141
22.705257,8.331074,0.116966,8.214108,8.104845,0.564888,0.5789175,0.014029500000000028
22.709919,8.188998,0.123102,8.065896,7.962769,0.5587519999999999,0.5687692142857143,0.010017214285714338
22.711481,8.139685,0.128087,8.011597,7.913456,0.5537669999999999,0.5652468571428572,0.011479857142857264
22.714698,8.043452,0.137291,7.906161,7.817223,0.5445629999999999,0.5583730714285714,0.013810071428571491
22.719948,7.941611,0.143044,7.798567,7.715382,0.53881,0.5510987142857143,0.01228871428571432
22.721213,7.84354,0.151864,7.691676,7.617311,0.52999,0.5440936428571429,0.01410364285714294
22.724368,7.748646,0.158,7.590646,7.522417,0.5238539999999999,0.5373155,0.013461500000000015
22.727445,7.659436,0.163752,7.495683,7.433207,0.518102,0.5309433571428571,0.012841357142857168
22.73081,7.558108,0.169888,7.38822,7.331879,0.5119659999999999,0.5237056428571428,0.011739642857142907
22.733285,7.482898,0.175257,7.307641,7.256669,0.506597,0.5183335,0.011736500000000039
22.736209,7.393414,0.180626,7.212788,7.167185,0.501228,0.5119417857142857,0.010713785714285717
22.739445,7.286005,0.18983,7.096175,7.059776,0.49202399999999996,0.5042697142857143,0.01224571428571436
22.742192,7.215434,0.195583,7.019851,6.989205,0.48627099999999995,0.4992289285714286,0.012957928571428634
22.745755,7.115652,0.201335,6.914317,6.889423,0.480519,0.49210164285714286,0.011582642857142889
22.749962,6.991318,0.206704,6.784614,6.765089,0.47514999999999996,0.48322064285714283,0.008070642857142873
22.75126,6.939286,0.21284,6.726447,6.713057,0.46901399999999993,0.47950407142857143,0.010490071428571501
22.754675,6.852343,0.22051,6.631833,6.626114,0.461344,0.47329385714285716,0.011949857142857179
22.757655,6.764359,0.227413,6.536947,6.53813,0.454441,0.4670092857142857,0.012568285714285699
22.760857,6.673108,0.232782,6.440326,6.446879,0.44907199999999997,0.46049135714285716,0.01141935714285719
22.763671,6.590065,0.238151,6.351915,6.363836,0.44370299999999996,0.4545597142857143,0.01085671428571433
22.766526,6.50676,0.244286,6.262474,6.280531,0.43756799999999996,0.44860935714285716,0.0110413571428572
22.769956,6.420289,0.250039,6.17025,6.19406,0.43181499999999995,0.4424328571428572,0.010617857142857234
22.772478,6.335113,0.258859,6.076254,6.108884,0.42299499999999995,0.43634885714285715,0.013353857142857195
22.775641,6.245113,0.264228,5.980884,6.018884,0.41762599999999994,0.4299202857142857,0.012294285714285758
22.778495,6.163631,0.269214,5.894417,5.937402,0.41263999999999995,0.4241001428571428,0.011460142857142863
22.781568,6.078002,0.274966,5.803035,5.851773,0.40688799999999997,0.4179837857142857,0.01109578571428571
22.784581,5.996608,0.281102,5.715506,5.770379,0.40075199999999994,0.4121699285714286,0.011417928571428648
22.787741,5.912613,0.287238,5.625375,5.686384,0.39461599999999997,0.40617028571428576,0.011554285714285795
22.787741,5.912613,0.294908,5.617705,5.686384,0.38694599999999996,0.40617028571428576,0.019224285714285805
22.794402,5.738603,0.299893,5.43871,5.512374,0.38196099999999994,0.393741,0.011780000000000068
22.796591,5.644677,0.305646,5.339032,5.418448,0.376208,0.387032,0.010824
22.799864,5.564715,0.311398,5.253317,5.338486,0.37045599999999995,0.38132042857142856,0.010864428571428608
22.802386,5.485927,0.319068,5.166859,5.259698,0.36278599999999994,0.3756927142857143,0.012906714285714382
22.805538,5.400579,0.324437,5.076142,5.17435,0.357417,0.36959642857142855,0.012179428571428563
22.809779,5.292474,0.330189,4.962284,5.066245,0.35166499999999995,0.3618746428571429,0.010209642857142931
22.811635,5.235551,0.337476,4.898075,5.009322,0.34437799999999996,0.3578087142857143,0.013430714285714351
22.815143,5.141535,0.343228,4.798307,4.915306,0.338626,0.3510932857142857,0.012467285714285736
22.819853,5.026533,0.34783,4.678703,4.800304,0.334024,0.3428788571428571,0.008854857142857109
22.821375,4.977352,0.3555,4.621852,4.751123,0.326354,0.33936592857142855,0.013011928571428577
22.824974,4.888331,0.361252,4.527078,4.662102,0.32060199999999994,0.33300728571428573,0.012405285714285785
22.830184,4.804245,0.366238,4.438008,4.578016,0.31561599999999995,0.3270011428571428,0.011385142857142871
22.831177,4.724413,0.370456,4.353957,4.498184,0.31139799999999995,0.32129885714285716,0.009900857142857211
22.834183,4.646683,0.376209,4.270474,4.420454,0.30564499999999994,0.3157467142857143,0.01010171428571438
22.837367,4.5704,0.383112,4.187289,4.344171,0.29874199999999995,0.31029792857142857,0.01155592857142862
22.840839,4.488835,0.388097,4.100738,4.262606,0.29375699999999993,0.3044718571428571,0.010714857142857193
22.843199,4.420137,0.393083,4.027055,4.193908,0.28877099999999994,0.2995648571428572,0.010793857142857244
22.846284,4.341572,0.397685,3.943887,4.115343,0.28416899999999995,0.29395307142857147,0.009784071428571517
22.849507,4.268142,0.405354,3.862788,4.041913,0.27649999999999997,0.2887080714285714,0.012208071428571443
22.852191,4.19385,0.41034,3.78351,3.9676210000000003,0.271514,0.28340150000000003,0.01188750000000005
22.855559,4.114565,0.414175,3.70039,3.888336,0.26767899999999994,0.2777382857142857,0.01005928571428577
22.859757,4.0183,0.419544,3.598756,3.792071,0.26231,0.2708622142857143,0.008552214285714288
22.862111,3.963755,0.42683,3.536925,3.737526,0.255024,0.2669661428571429,0.011942142857142901
22.865361,3.878927,0.431816,3.447111,3.652698,0.250038,0.260907,0.010869000000000018
22.870193,3.780902,0.438719,3.342183,3.554673,0.24313499999999993,0.2539052142857143,0.010770214285714341
22.872028,3.728736,0.442553,3.286183,3.502507,0.23930099999999999,0.25017907142857143,0.010878071428571445
22.875104,3.650943,0.447155,3.203788,3.424714,0.23469899999999994,0.24462242857142855,0.00992342857142861
22.879915,3.549859,0.452524,3.097335,3.32363,0.22932999999999998,0.23740214285714287,0.008072142857142889
22.881132,3.512806,0.458277,3.05453,3.286577,0.22357699999999997,0.23475549999999998,0.011178500000000008
22.884437,3.442743,0.462112,2.980632,3.216514,0.21974199999999994,0.229751,0.010009000000000073
22.887529,3.369593,0.466714,2.902879,3.143364,0.21513999999999994,0.224526,0.009386000000000061
22.891025,3.299498,0.470932,2.828566,3.073269,0.21092199999999994,0.21951921428571428,0.008597214285714333
22.89352,3.238979,0.477068,2.761911,3.01275,0.20478599999999997,0.21519642857142857,0.010410428571428598
22.896612,3.171822,0.480903,2.69092,2.945593,0.20095099999999994,0.21039950000000002,0.009448500000000082
22.900013,3.103601,0.485121,2.618479,2.877372,0.19673299999999994,0.20552657142857142,0.008793571428571484
22.902561,3.03876,0.48934,2.54942,2.812531,0.19251399999999996,0.2008950714285714,0.008381071428571446
22.90578,2.973712,0.493175,2.480537,2.747483,0.18867899999999999,0.1962487857142857,0.0075697857142857095
22.909755,2.895168,0.498927,2.396241,2.668939,0.18292699999999995,0.1906385,0.007711500000000038
22.912275,2.845156,0.503146,2.34201,2.618927,0.17870799999999998,0.18706621428571427,0.008358214285714288
22.915109,2.780126,0.507364,2.272761,2.553897,0.17448999999999992,0.18242121428571428,0.00793121428571436
22.919936,2.691626,0.511199,2.180427,2.465397,0.170655,0.1760997857142857,0.005444785714285694
22.921255,2.657566,0.517335,2.140231,2.431337,0.16451899999999997,0.17366692857142857,0.009147928571428598
22.924543,2.592396,0.52117,2.071226,2.366167,0.16068399999999994,0.16901192857142858,0.008327928571428639
22.929995,2.529411,0.525005,2.004406,2.303182,0.1568489999999999,0.164513,0.007664000000000087
22.930972,2.468412,0.530374,1.938038,2.242183,0.15147999999999995,0.16015592857142855,0.008675928571428598
22.934093,2.407161,0.534209,1.872952,2.180932,0.14764499999999992,0.15578085714285714,0.008135857142857222
22.937301,2.347934,0.53766,1.810274,2.121705,0.14419399999999993,0.15155035714285714,0.007356357142857206
22.940918,2.290351,0.541112,1.749239,2.064122,0.14074199999999992,0.1474372857142857,0.006695285714285765
22.943251,2.238964,0.546097,1.692867,2.012735,0.1357569999999999,0.14376678571428572,0.008009785714285816
22.946269,2.182763,0.549165,1.633597,1.956534,0.13268899999999995,0.13975242857142858,0.007063428571428637
22.949527,2.130421,0.552617,1.577804,1.904192,0.12923699999999994,0.1360137142857143,0.006776714285714358
22.95218,2.077172,0.556452,1.52072,1.850943,0.125402,0.13221021428571428,0.006808214285714265
22.955556,2.02027,0.561053,1.459216,1.794041,0.12080099999999994,0.12814578571428573,0.00734478571428579
22.959828,1.951276,0.564121,1.387154,1.725047,0.11773299999999998,0.12321764285714286,0.005484642857142882
22.962269,1.912542,0.567573,1.344969,1.686313,0.11428099999999997,0.12045092857142857,0.006169928571428604
22.965037,1.862569,0.570641,1.291928,1.63634,0.111213,0.11688142857142857,0.00566842857142856
22.967919,1.814401,0.573709,1.240692,1.588172,0.10814499999999994,0.11344085714285713,0.005295857142857199
22.971015,1.76649,0.577544,1.188946,1.5402609999999999,0.10431000000000001,0.11001864285714284,0.005708642857142829
22.97418,1.717247,0.580995,1.136252,1.491018,0.10085899999999992,0.10650128571428572,0.005642285714285794
22.977075,1.670614,0.584447,1.086167,1.444385,0.09740699999999991,0.10317035714285715,0.005763357142857237
22.980883,1.62208,0.586364,1.035716,1.395851,0.09548999999999996,0.09970364285714285,0.004213642857142888
22.982961,1.582489,0.589432,0.993057,1.35626,0.092422,0.09687571428571429,0.004453714285714283
22.986013,1.536351,0.592117,0.944235,1.310122,0.08973699999999996,0.09358014285714286,0.003843142857142906
22.99,1.486082,0.596335,0.889747,1.259853,0.08551900000000001,0.08998949999999999,0.0044704999999999745
22.992073,1.456317,0.598253,0.858064,1.230088,0.08360099999999993,0.08786342857142858,0.004262428571428653
22.995613,1.409089,0.600937,0.808152,1.18286,0.0809169999999999,0.08449,0.00357300000000009
22.999983,1.352255,0.604388,0.747867,1.126026,0.07746599999999992,0.08043042857142857,0.0029644285714286456
23.001561,1.330208,0.607456,0.722751,1.103979,0.07439799999999996,0.07885564285714286,0.004457642857142896
23.004963,1.285081,0.610141,0.67494,1.058852,0.07171299999999992,0.07563228571428571,0.003919285714285792
23.008006,1.24552,0.612825,0.632695,1.019291,0.06902900000000001,0.0728065,0.003777499999999989
23.011046,1.208345,0.614743,0.593603,0.982116,0.06711099999999992,0.07015114285714286,0.0030401428571429356
23.014128,1.171545,0.617044,0.554501,0.945316,0.06480999999999992,0.06752257142857143,0.0027125714285715086
23.017042,1.136061,0.620495,0.515566,0.909832,0.06135899999999994,0.064988,0.0036290000000000627
23.020241,1.101305,0.622413,0.478893,0.875076,0.059440999999999966,0.06250542857142857,0.003064428571428607
23.022997,1.066145,0.624714,0.441432,0.8399159999999999,0.05713999999999997,0.05999399999999999,0.002854000000000023
23.026265,1.031773,0.627015,0.404758,0.805544,0.05483899999999997,0.05753885714285715,0.0026998571428571774
23.029436,0.993225,0.629699,0.363526,0.766996,0.05215499999999995,0.054785428571428575,0.002630428571428624
23.032742,0.964198,0.631233,0.332965,0.737969,0.050620999999999916,0.05271207142857143,0.0020910714285715115
23.035809,0.933351,0.633534,0.299816,0.707122,0.04831999999999992,0.05050871428571429,0.00218871428571437
23.039972,0.893122,0.635068,0.258054,0.666893,0.046785999999999994,0.04763521428571428,0.0008492142857142865
23.041564,0.876691,0.638136,0.238555,0.650462,0.043717999999999924,0.04646157142857143,0.002743571428571505
23.045264,0.843567,0.63967,0.203897,0.6173379999999999,0.042184,0.04409557142857142,0.0019115714285714222
23.048497,0.816691,0.641587,0.175103,0.5904619999999999,0.04026699999999994,0.04217585714285714,0.0019088571428571982
23.051499,0.789824,0.643121,0.146703,0.563595,0.038732999999999906,0.04025678571428571,0.0015237857142858038
23.054375,0.766418,0.645422,0.120996,0.540189,0.03643199999999991,0.038584928571428576,0.0021529285714286667
23.057452,0.739208,0.646956,0.092252,0.512979,0.034897999999999985,0.03664135714285714,0.0017433571428571576
23.06091,0.710988,0.64849,0.062498,0.48475899999999994,0.03336399999999995,0.034625642857142855,0.0012616428571429056
23.063592,0.688475,0.650024,0.038451,0.46224599999999993,0.031829999999999914,0.033017571428571424,0.00118757142857151
23.066518,0.668647,0.651175,0.017472,0.442418,0.030679000000000012,0.031601285714285714,0.0009222857142857019
23.06947,0.64745,0.652325,-0.004875,0.42122099999999996,0.029528999999999916,0.030087214285714283,0.0005582142857143667
23.072166,0.634683,0.654243,-0.01956,0.408454,0.02761099999999994,0.029175285714285713,0.0015642857142857715
23.07541,0.618965,0.65501,-0.036045,0.392736,0.02684399999999998,0.028052571428571427,0.0012085714285714477
23.080192,0.604507,0.65616,-0.051653,0.378278,0.025693999999999995,0.027019857142857144,0.0013258571428571495
23.081484,0.588708,0.657694,-0.068986,0.362479,0.02415999999999996,0.025891357142857143,0.0017313571428571838
23.084585,0.573003,0.658845,-0.085842,0.346774,0.023008999999999946,0.02476957142857143,0.0017605714285714828
23.087455,0.555266,0.659995,-0.104729,0.329037,0.021858999999999962,0.023502642857142857,0.0016436428571428956
23.090857,0.533716,0.661146,-0.12743,0.30748699999999995,0.02070799999999995,0.02196335714285714,0.00125535714285719
23.093276,0.517035,0.662296,-0.145261,0.290806,0.019557999999999964,0.020771857142857144,0.0012138571428571797
23.096367,0.501566,0.663447,-0.16188,0.27533699999999994,0.01840699999999995,0.019666928571428568,0.0012599285714286167
23.099298,0.484258,0.664597,-0.180339,0.258029,0.017256999999999967,0.018430642857142857,0.0011736428571428904
23.102444,0.473006,0.666131,-0.193125,0.24677699999999997,0.01572299999999993,0.017626928571428568,0.0019039285714286362
23.105592,0.461564,0.666515,-0.204951,0.23533499999999996,0.015338999999999992,0.016809642857142853,0.0014706428571428613
23.10996,0.449507,0.666898,-0.217391,0.22327799999999998,0.01495599999999997,0.015948428571428568,0.000992428571428599
23.111108,0.444454,0.666898,-0.222444,0.218225,0.01495599999999997,0.0155875,0.0006315000000000313
23.114719,0.439506,0.667665,-0.228159,0.213277,0.014189000000000007,0.015234071428571428,0.0010450714285714213
23.11752,0.436083,0.668049,-0.231965,0.20985399999999998,0.013804999999999956,0.014989571428571427,0.0011845714285714706
23.120949,0.433963,0.668432,-0.234469,0.20773399999999997,0.013421999999999934,0.014838142857142855,0.0014161428571429213
23.123366,0.434191,0.668049,-0.233857,0.20796199999999998,0.013804999999999956,0.01485442857142857,0.0010494285714286143
23.126537,0.434694,0.668432,-0.233738,0.208465,0.013421999999999934,0.014890357142857144,0.0014683571428572104
23.129804,0.434657,0.668049,-0.233392,0.208428,0.013804999999999956,0.014887714285714285,0.0010827142857143292
23.132626,0.435032,0.668049,-0.233016,0.20880299999999996,0.013804999999999956,0.014914499999999997,0.001109500000000041
23.135857,0.434612,0.668049,-0.233437,0.20838299999999998,0.013804999999999956,0.014884499999999998,0.0010795000000000422
23.13907,0.434435,0.668432,-0.233997,0.208206,0.013421999999999934,0.014871857142857143,0.0014498571428572093
23.142085,0.43479,0.668432,-0.233642,0.208561,0.013421999999999934,0.014897214285714286,0.0014752142857143522
23.145514,0.436446,0.668049,-0.231603,0.210217,0.013804999999999956,0.0150155,0.0012105000000000431
23.150346,0.43713,0.668049,-0.230919,0.210901,0.013804999999999956,0.015064357142857143,0.001259357142857187
23.151487,0.437549,0.668049,-0.2305,0.21132,0.013804999999999956,0.015094285714285715,0.0012892857142857584
23.154834,0.439166,0.668049,-0.228882,0.212937,0.013804999999999956,0.015209785714285714,0.0014047857142857577
23.157731,0.440348,0.667665,-0.227317,0.214119,0.014189000000000007,0.015294214285714286,0.0011052142857142788
23.160887,0.441653,0.668049,-0.226395,0.215424,0.013804999999999956,0.015387428571428571,0.0015824285714286148
23.163703,0.443439,0.667665,-0.224226,0.21721000000000001,0.014189000000000007,0.015515000000000001,0.0013259999999999939
23.167122,0.446903,0.667282,-0.220378,0.22067399999999998,0.014571999999999918,0.01576242857142857,0.0011904285714286512
23.170454,0.452252,0.666898,-0.214646,0.22602299999999997,0.01495599999999997,0.0161445,0.0011885000000000298
23.173607,0.456918,0.666515,-0.209597,0.23068899999999998,0.015338999999999992,0.016477785714285712,0.0011387857142857206
23.176614,0.461464,0.666515,-0.205051,0.23523499999999997,0.015338999999999992,0.016802499999999998,0.0014635000000000065
23.17971,0.467396,0.665364,-0.197969,0.24116699999999996,0.016490000000000005,0.017226214285714282,0.0007362142857142775
23.182652,0.47433,0.664981,-0.19065,0.24810099999999996,0.016872999999999916,0.017721499999999998,0.0008485000000000818
23.186068,0.487977,0.664214,-0.176237,0.261748,0.01763999999999999,0.018696285714285714,0.0010562857142857249
23.190528,0.499538,0.66383,-0.164292,0.27330899999999997,0.01802399999999993,0.019522071428571427,0.0014980714285714979
23.191539,0.508949,0.663063,-0.154115,0.28271999999999997,0.018791000000000002,0.020194285714285713,0.001403285714285711
23.195303,0.521482,0.661913,-0.140431,0.295253,0.019940999999999987,0.0210895,0.001148500000000014
23.198282,0.537193,0.660762,-0.123569,0.310964,0.021092,0.022211714285714286,0.0011197142857142864
23.201296,0.550469,0.659995,-0.109526,0.32424,0.021858999999999962,0.023159999999999997,0.0013010000000000348
23.204056,0.564201,0.658845,-0.094644,0.33797199999999994,0.023008999999999946,0.024140857142857138,0.0011318571428571914
23.207171,0.578192,0.658461,-0.080269,0.351963,0.023392999999999997,0.025140214285714287,0.0017472142857142894
23.210297,0.594349,0.656544,-0.062195,0.36812,0.025309999999999944,0.026294285714285714,0.0009842857142857708
23.213302,0.609925,0.655393,-0.045468,0.38369600000000004,0.026460999999999957,0.027406857142857146,0.0009458571428571892
23.216485,0.628847,0.653859,-0.025012,0.40261800000000003,0.027994999999999992,0.028758428571428574,0.0007634285714285816
23.219469,0.650123,0.653092,-0.002969,0.423894,0.028761999999999954,0.030278142857142858,0.0015161428571429034
23.222192,0.6715,0.650408,0.021092,0.445271,0.031445999999999974,0.031805071428571426,0.00035907142857145163
23.225631,0.699102,0.649257,0.049845,0.472873,0.03259699999999999,0.03377664285714286,0.0011796428571428721
23.229917,0.735543,0.647723,0.08782,0.5093139999999999,0.03413099999999991,0.03637957142857142,0.0022485714285715094
23.231383,0.751014,0.645806,0.105208,0.524785,0.03604799999999997,0.037484642857142855,0.0014366428571428863
23.234622,0.775763,0.644655,0.131108,0.549534,0.03719899999999998,0.03925242857142857,0.002053428571428588
23.237574,0.799613,0.642738,0.156875,0.573384,0.03911599999999993,0.040956,0.0018400000000000707
23.240854,0.826665,0.641204,0.185461,0.600436,0.040649999999999964,0.04288828571428571,0.002238285714285748
23.243429,0.848079,0.638903,0.209176,0.62185,0.04295099999999996,0.04441785714285714,0.0014668571428571794
23.246326,0.873153,0.636986,0.236167,0.6469239999999999,0.04486799999999991,0.04620885714285714,0.0013408571428572338
23.249546,0.90134,0.635835,0.265505,0.675111,0.04601899999999992,0.048222214285714285,0.002203214285714364
23.252188,0.925258,0.633534,0.291724,0.699029,0.04831999999999992,0.04993064285714286,0.0016106428571429424
23.255602,0.957591,0.631617,0.325974,0.731362,0.050236999999999976,0.05224014285714285,0.002003142857142877
23.260009,1.005061,0.628549,0.376513,0.778832,0.053304999999999936,0.05563085714285714,0.002325857142857206
23.261723,1.026459,0.626631,0.399827,0.80023,0.05522299999999991,0.05715928571428571,0.0019362857142858
23.264855,1.060509,0.623947,0.436563,0.8342799999999999,0.05790699999999993,0.059591428571428566,0.0016844285714286353
23.267817,1.094468,0.622029,0.472439,0.868239,0.059824999999999906,0.06201707142857143,0.0021920714285715223
23.271069,1.131898,0.620112,0.511786,0.9056690000000001,0.061741999999999964,0.06469064285714286,0.0029486428571428996
23.273692,1.162797,0.618194,0.544603,0.9365680000000001,0.06365999999999994,0.0668977142857143,0.0032377142857143576
23.276542,1.195081,0.61551,0.579571,0.968852,0.06634399999999996,0.06920371428571429,0.0028597142857143265
23.279438,1.232535,0.612058,0.620476,1.006306,0.06979599999999997,0.071879,0.0020830000000000293
23.282178,1.264394,0.609757,0.654637,1.038165,0.07209699999999997,0.07415464285714286,0.0020576428571428967
23.285298,1.304613,0.607073,0.69754,1.078384,0.07478099999999999,0.07702742857142857,0.0022464285714285798
23.288245,1.344787,0.604388,0.740399,1.118558,0.07746599999999992,0.079897,0.002431000000000072
23.291345,1.384782,0.602087,0.782695,1.158553,0.07976699999999992,0.08275378571428571,0.002986785714285789
23.294195,1.424591,0.599403,0.825188,1.198362,0.08245099999999994,0.08559728571428571,0.003146285714285768
23.297139,1.463339,0.597486,0.865853,1.23711,0.084368,0.088365,0.0039970000000000006
23.300177,1.502179,0.593267,0.908912,1.27595,0.08858699999999997,0.09113928571428571,0.002552285714285743
23.302819,1.545978,0.590199,0.955779,1.319749,0.09165499999999993,0.09426778571428572,0.0026127857142857897
23.306025,1.59358,0.587898,1.005682,1.367351,0.09395599999999993,0.09766792857142857,0.0037119285714286437
23.309114,1.650457,0.58483,1.065627,1.424228,0.097024,0.10173057142857143,0.004706571428571435
23.311859,1.680538,0.580612,1.099927,1.454309,0.10124199999999994,0.1038792142857143,0.002637214285714354
23.31535,1.733723,0.578311,1.155412,1.507494,0.10354299999999994,0.10767814285714285,0.004135142857142907
23.32013,1.78123,0.574859,1.206371,1.555001,0.10699499999999995,0.1110715,0.004076500000000052
23.321548,1.831257,0.571791,1.259465,1.605028,0.11006299999999991,0.11464485714285713,0.004581857142857221
23.324466,1.8787,0.569107,1.309593,1.652471,0.11274699999999993,0.11803364285714286,0.005286642857142934
23.327387,1.927338,0.565655,1.361682,1.701109,0.11619899999999994,0.12150778571428571,0.005308785714285766
23.331443,1.982831,0.561053,1.421777,1.756602,0.12080099999999994,0.12547157142857143,0.004670571428571496
23.333304,2.025718,0.557219,1.4685,1.799489,0.12463499999999994,0.12853492857142856,0.0038999285714286236
23.336636,2.084427,0.554918,1.52951,1.8581979999999998,0.12693599999999994,0.13272842857142855,0.005792428571428615
23.339755,2.137499,0.551083,1.586416,1.91127,0.13077099999999997,0.1365192857142857,0.0057482857142857335
23.342499,2.188106,0.546097,1.642009,1.9618769999999999,0.1357569999999999,0.14013407142857143,0.004377071428571522
23.345845,2.248241,0.542646,1.705595,2.022012,0.139208,0.14442942857142857,0.005221428571428571
23.349042,2.321293,0.539578,1.781715,2.095064,0.14227599999999996,0.14964742857142857,0.007371428571428612
23.351757,2.356499,0.536126,1.820373,2.13027,0.14572799999999997,0.15216214285714286,0.006434142857142888
23.355022,2.41716,0.532675,1.884486,2.190931,0.14917899999999995,0.15649507142857141,0.007316071428571463
23.357965,2.472757,0.526922,1.945835,2.246528,0.15493199999999996,0.16046628571428573,0.005534285714285769
23.361013,2.531683,0.523471,2.008212,2.305454,0.15838299999999994,0.16467528571428572,0.006292285714285778
23.363894,2.588269,0.519636,2.068633,2.36204,0.16221799999999997,0.16871714285714284,0.00649914285714287
23.36702,2.650331,0.515801,2.13453,2.424102,0.166053,0.17315014285714286,0.007097142857142857
23.370104,2.707644,0.511966,2.195678,2.481415,0.16988799999999993,0.1772439285714286,0.007355928571428666
23.372973,2.767089,0.506214,2.260875,2.54086,0.1756399999999999,0.18148999999999998,0.005850000000000077
23.375973,2.830598,0.502379,2.328219,2.604369,0.17947499999999994,0.18602635714285715,0.006551357142857206
23.379165,2.910936,0.49816,2.412776,2.684707,0.18369399999999997,0.1917647857142857,0.008070785714285739
23.382001,2.955827,0.494325,2.461502,2.729598,0.18752899999999995,0.19497128571428574,0.00744228571428579
23.385336,3.024495,0.490107,2.534388,2.798266,0.19174699999999995,0.19987614285714286,0.008129142857142918
23.388217,3.087728,0.484354,2.603374,2.861499,0.19749999999999995,0.2043927857142857,0.006892785714285754
23.391398,3.152607,0.480136,2.672471,2.926378,0.20171799999999995,0.20902700000000002,0.0073090000000000654
23.395096,3.237099,0.475918,2.761182,3.01087,0.20593599999999995,0.21506214285714287,0.009126142857142916
23.39793,3.296321,0.470165,2.826156,3.070092,0.21168899999999996,0.2192922857142857,0.007603285714285729
23.401248,3.37173,0.465947,2.905784,3.145501,0.21590699999999996,0.22467864285714284,0.00877164285714288
23.404036,3.433561,0.460961,2.9726,3.207332,0.22089299999999995,0.22909514285714286,0.008202142857142908
23.406873,3.498718,0.456359,3.042359,3.272489,0.22549499999999995,0.2337492142857143,0.00825421428571435
23.410052,3.564061,0.452524,3.111537,3.337832,0.22932999999999998,0.23841657142857145,0.009086571428571472
23.4126,3.630311,0.448306,3.182005,3.404082,0.23354799999999998,0.24314871428571427,0.009600714285714296
23.41595,3.705897,0.441019,3.264877,3.479668,0.24083499999999997,0.2485477142857143,0.007712714285714323
23.418993,3.798569,0.436801,3.361768,3.57234,0.24505299999999997,0.25516714285714287,0.010114142857142905
23.422121,3.852295,0.430665,3.42163,3.626066,0.25118899999999994,0.25900471428571425,0.007815714285714315
23.426036,3.946195,0.424913,3.521282,3.719966,0.256941,0.2657118571428571,0.008770857142857136
23.429334,4.039706,0.419927,3.619779,3.813477,0.26192699999999997,0.2723912142857143,0.010464214285714313
23.432097,4.094085,0.413024,3.681061,3.8678559999999997,0.26882999999999996,0.27627542857142856,0.007445428571428603
23.435732,4.180422,0.408422,3.772,3.954193,0.27343199999999995,0.28244235714285715,0.009010357142857195
23.439869,4.285352,0.403053,3.882299,4.059123,0.27880099999999997,0.2899373571428571,0.011136357142857156
23.441471,4.328753,0.398452,3.930302,4.102524,0.283402,0.29303742857142856,0.009635428571428573
23.444997,4.413711,0.390782,4.02293,4.187482,0.29107199999999994,0.29910585714285715,0.008033857142857204
23.447877,4.486813,0.38618,4.100633,4.260584,0.29567399999999994,0.3043274285714285,0.00865342857142859
23.450964,4.566442,0.380811,4.185632,4.340213,0.30104299999999995,0.3100152142857143,0.008972214285714375
23.453668,4.632804,0.375825,4.256979,4.406575,0.30602899999999994,0.31475535714285713,0.008726357142857188
23.456552,4.707126,0.371607,4.335519,4.480897,0.31024699999999994,0.3200640714285714,0.009817071428571467
23.45966,4.788333,0.365854,4.422478,4.562104,0.31599999999999995,0.3258645714285714,0.009864571428571445
23.462347,4.860135,0.358568,4.501567,4.633906,0.32328599999999996,0.3309932857142857,0.00770728571428575
23.46587,4.949185,0.352432,4.596753,4.722956,0.32942199999999994,0.337354,0.00793200000000005
23.469368,5.058547,0.347447,4.7111,4.832318,0.33440699999999995,0.3451655714285714,0.01075857142857145
23.472091,5.114809,0.34016,4.774649,4.88858,0.34169399999999994,0.3491842857142857,0.007490285714285783
23.475609,5.211699,0.334408,4.877291,4.98547,0.347446,0.356105,0.008659000000000028
23.479852,5.326582,0.329039,4.997544,5.100353,0.35281499999999993,0.3643109285714286,0.01149592857142867
23.481326,5.373925,0.324053,5.049871,5.147696,0.357801,0.3676925714285714,0.009891571428571444
23.484853,5.458547,0.318685,5.139862,5.232318,0.36316899999999996,0.37373700000000004,0.010568000000000077
23.487645,5.537161,0.310631,5.22653,5.310932,0.37122299999999997,0.37935228571428575,0.008129285714285783
23.487645,5.537161,0.305262,5.231899,5.310932,0.376592,0.37935228571428575,0.0027602857142857706
23.494269,5.709538,0.300277,5.409261,5.483309,0.38157699999999994,0.3916649285714286,0.01008792857142865
23.496738,5.796602,0.295291,5.501311,5.570373,0.38656299999999993,0.39788378571428573,0.011320785714285797
23.499861,5.887074,0.289155,5.597919,5.660845,0.39269899999999996,0.40434607142857143,0.011647071428571465
23.502561,5.960252,0.280718,5.679533,5.734023,0.40113599999999994,0.4095730714285714,0.008437071428571474
23.505663,6.048406,0.27535,5.773057,5.822177,0.406504,0.41586978571428573,0.009365785714285757
23.51008,6.158599,0.269597,5.889002,5.93237,0.412257,0.42374071428571425,0.011483714285714264
23.511424,6.218603,0.264228,5.954375,5.992374,0.41762599999999994,0.42802671428571426,0.010400714285714319
23.514714,6.305334,0.259243,6.046091,6.079105,0.42261099999999996,0.4342217857142857,0.011610785714285754
23.517728,6.394487,0.250422,6.144065,6.168258,0.431432,0.44058985714285714,0.009157857142857162
23.52104,6.484045,0.244286,6.239759,6.257816,0.43756799999999996,0.44698685714285713,0.009418857142857173
23.523691,6.563887,0.238918,6.324969,6.337658,0.442936,0.45268985714285714,0.009753857142857147
23.526612,6.64656,0.233549,6.413012,6.420331,0.44830499999999995,0.4585950714285714,0.010290071428571468
23.529766,6.733654,0.227796,6.505857,6.507425,0.45405799999999996,0.4648160714285714,0.010758071428571436
23.532596,6.821348,0.221277,6.600071,6.595119,0.46057699999999996,0.4710799285714286,0.010502928571428649
23.535522,6.909839,0.215908,6.693931,6.68361,0.46594599999999997,0.4774007142857143,0.011454714285714318
23.539962,7.028315,0.206704,6.821611,6.802086,0.47514999999999996,0.4858632857142857,0.010713285714285758
23.541549,7.087992,0.200951,6.88704,6.861763,0.48090299999999997,0.49012592857142856,0.00922292857142859
23.544895,7.184347,0.194432,6.989915,6.958118,0.48742199999999997,0.4970084285714286,0.009586428571428607
23.547848,7.277389,0.189063,7.088326,7.05116,0.492791,0.5036542857142857,0.010863285714285742
23.551169,7.366549,0.182544,7.184005,7.14032,0.4993099999999999,0.5100228571428571,0.01071285714285719
23.553686,7.448781,0.174107,7.274674,7.222552,0.507747,0.5158965714285715,0.008149571428571534
23.556915,7.546289,0.167971,7.378318,7.32006,0.513883,0.5228614285714286,0.00897842857142861
23.560173,7.644616,0.161835,7.482781,7.418387,0.520019,0.5298847857142858,0.009865785714285757
23.562783,7.723339,0.156083,7.567257,7.49711,0.525771,0.5355078571428572,0.009736857142857214
23.565913,7.818125,0.15033,7.667795,7.591896,0.531524,0.5422782857142857,0.010754285714285716
23.569788,7.928384,0.141126,7.787258,7.702155,0.540728,0.5501539285714286,0.009425928571428654
23.571633,7.993047,0.135757,7.857289,7.766818,0.5460969999999999,0.5547727142857143,0.008675714285714342
23.575123,8.098981,0.129621,7.96936,7.872752,0.552233,0.5623394285714286,0.010106428571428627
23.580247,8.186219,0.123869,8.06235,7.9599899999999995,0.557985,0.5685707142857143,0.01058571428571431
23.581634,8.280611,0.114282,8.166329,8.054382,0.567572,0.5753130000000001,0.007741000000000109
23.584653,8.384012,0.108913,8.275099,8.157783,0.5729409999999999,0.5826987857142857,0.00975778571428576
23.587698,8.480885,0.102777,8.378109,8.254656,0.579077,0.5896182857142858,0.010541285714285809
23.59105,8.572484,0.096641,8.475843,8.346255,0.585213,0.5961610714285713,0.010948071428571349
23.59358,8.660451,0.087437,8.573014,8.434222,0.594417,0.6024444285714285,0.008027428571428574
23.597085,8.76707,0.081684,8.685386,8.540841,0.60017,0.6100600714285714,0.009890071428571456
23.600878,8.871607,0.072481,8.799127,8.645378,0.6093729999999999,0.6175269999999999,0.008153999999999995
23.603532,8.964418,0.066728,8.89769,8.738189,0.615126,0.6241563571428571,0.00903035714285716
23.606671,9.064205,0.060209,9.003996,8.837976,0.621645,0.631284,0.009638999999999953
23.609933,9.152847,0.054456,9.098391,8.926618,0.627398,0.6376155714285714,0.010217571428571381
23.612556,9.249462,0.047937,9.201525,9.023233,0.633917,0.6445166428571428,0.010599642857142877
23.615871,9.346332,0.0395,9.306832,9.120103,0.642354,0.6514359285714286,0.009081928571428644
23.619894,9.463038,0.032981,9.430057,9.236809,0.6488729999999999,0.6597720714285714,0.010899071428571494
23.622233,9.535826,0.026845,9.508981,9.309597,0.655009,0.6649712142857143,0.00996221428571431
23.625228,9.639818,0.020709,9.61911,9.413589,0.661145,0.6723992142857143,0.01125421428571427
23.630029,9.772485,0.011505,9.76098,9.546256,0.670349,0.6818754285714286,0.011526428571428604
23.631417,9.826617,0.004985,9.821631,9.600388,0.6768689999999999,0.6857420000000001,0.00887300000000013
23.634446,9.92446,4.321224,5.603236,9.698231,-3.63937,0.6927307857142857,4.332100785714285
23.637307,10.018482,6.107545,3.910937,9.792253,-5.4256910000000005,0.6994466428571429,6.125137642857143
23.640892,10.110745,6.255957,3.854788,9.884516,-5.574103000000001,0.7060368571428571,6.280139857142858
23.643087,10.196866,6.26171,3.935157,9.970637,-5.5798559999999995,0.7121883571428571,6.292044357142856
23.646261,10.290879,6.253656,4.037223,10.06465,-5.571802,0.7189035714285714,6.290705571428571
23.64929,10.391392,6.247137,4.144255,10.165163,-5.565283000000001,0.7260830714285714,6.291366071428572
23.652278,10.481201,6.241384,4.239817,10.254972,-5.5595300000000005,0.732498,6.292028
23.655258,10.575244,6.234865,4.340379,10.349015,-5.553011,0.7392153571428571,6.292226357142857
23.658164,10.664133,6.227962,4.436171,10.437904,-5.546108,0.7455645714285714,6.291672571428571
23.661177,10.759144,6.221826,4.537317,10.532915,-5.539972000000001,0.7523510714285714,6.292323071428572
23.663975,10.844648,6.216074,4.628574,10.618419,-5.5342199999999995,0.7584584999999999,6.292678499999999
23.666809,10.937559,6.20687,4.730689,10.71133,-5.525016000000001,0.765095,6.2901110000000005
23.670051,11.034427,6.199583,4.834844,10.808198,-5.517728999999999,0.7720141428571429,6.289743142857142
23.672754,11.123777,6.193447,4.93033,10.897548,-5.5115929999999995,0.7783962857142858,6.289989285714285
23.676277,11.22483,6.188462,5.036368,10.998601,-5.506608,0.7856143571428572,6.292222357142857
23.67949,11.321246,6.178491,5.142754,11.095017,-5.496637,0.7925012142857143,6.289138214285714
23.682232,11.410504,6.172739,5.237765,11.184275,-5.4908850000000005,0.7988767857142857,6.289761785714286
23.68557,11.514384,6.166603,5.347781,11.288155,-5.484749000000001,0.8062967857142856,6.291045785714286
23.690294,11.637706,6.157015,5.48069,11.411477,-5.475161,0.8151054999999999,6.2902664999999995
23.692085,11.7069,6.151263,5.555637,11.480671,-5.469409000000001,0.8200479285714285,6.289456928571429
23.695564,11.810079,6.144744,5.665336,11.58385,-5.46289,0.8274178571428571,6.290307857142857
23.698479,11.901226,6.138224,5.763002,11.674997,-5.45637,0.8339283571428571,6.290298357142857
23.701483,11.993153,6.128253,5.8649,11.766924,-5.4463989999999995,0.8404945714285714,6.286893571428571
23.704499,12.084858,6.122884,5.961974,11.858629,-5.44103,0.8470449285714287,6.288074928571429
23.707489,12.172195,6.116365,6.05583,11.945966,-5.4345110000000005,0.8532832857142857,6.287794285714286
23.710834,12.275025,6.110612,6.164413,12.048796,-5.428758,0.8606282857142856,6.2893862857142855
23.713315,12.35127,6.104477,6.246794,12.125041,-5.422623,0.8660743571428571,6.288697357142857
23.716259,12.442468,6.097574,6.344894,12.216239,-5.41572,0.8725885,6.2883085
23.719679,12.544587,6.08837,6.456217,12.318358,-5.406516,0.8798827142857143,6.286398714285714
23.722466,12.631998,6.082234,6.549764,12.405769,-5.40038,0.8861263571428571,6.286506357142858
23.725677,12.725726,6.076481,6.649245,12.499497,-5.394627,0.8928212142857143,6.287448214285714
23.730213,12.812584,6.069962,6.742622,12.586355,-5.388108000000001,0.8990253571428571,6.287133357142858
23.731458,12.903039,6.063826,6.839213,12.67681,-5.381971999999999,0.9054864285714286,6.287458428571428
23.734772,12.999807,6.058841,6.940966,12.773578,-5.376987,0.9123984285714286,6.289385428571428
23.737653,13.085085,6.049637,7.035449,12.858856,-5.367782999999999,0.9184897142857142,6.2862727142857135
23.740864,13.178555,6.043501,7.135054,12.952326,-5.361647,0.9251661428571428,6.2868131428571425
23.743856,13.267647,6.036981,7.230666,13.041418,-5.3551269999999995,0.9315298571428572,6.286656857142857
23.746773,13.356446,6.030845,7.3256,13.130217,-5.348991,0.9378726428571429,6.286863642857143
23.750053,13.440848,6.021642,7.419206,13.214619,-5.339788,0.9439013571428572,6.283689357142857
23.752745,13.532871,6.015889,7.516982,13.306642,-5.334035,0.9504744285714286,6.284509428571429
23.756046,13.628495,6.009753,7.618742,13.402266,-5.327899,0.9573047142857142,6.285203714285714
23.759118,13.742281,6.003617,7.738663,13.516052,-5.321763000000001,0.9654322857142857,6.2871952857142865
23.761733,13.804206,5.994797,7.809409,13.577977,-5.312943000000001,0.9698555000000001,6.282798500000001
23.765627,13.909266,5.989044,7.920221,13.683037,-5.30719,0.9773597857142857,6.284549785714286
23.769237,14.032055,5.979457,8.052598,13.805826,-5.2976030000000005,0.9861304285714285,6.283733428571429
23.772246,14.09965,5.973321,8.126329,13.873421,-5.291467000000001,0.9909586428571429,6.282425642857143
23.775534,14.193306,5.967952,8.225353,13.967077,-5.286098000000001,0.9976483571428572,6.283746357142858
23.779979,14.278638,5.9622,8.316438,14.052409,-5.280346,1.0037435000000001,6.2840895
23.781445,14.363153,5.952996,8.410158,14.136924,-5.271141999999999,1.0097802857142857,6.280922285714285
23.784789,14.454956,5.948011,8.506945,14.228727,-5.266157,1.016337642857143,6.282494642857142
23.787862,14.537798,5.942642,8.595157,14.311569,-5.260788,1.0222549285714286,6.283042928571429
23.790993,14.629792,5.937273,8.692519,14.403563,-5.255419,1.0288259285714285,6.284244928571429
23.793796,14.705107,5.928836,8.776271,14.478878,-5.246982000000001,1.0342055714285714,6.281187571428572
23.797154,14.797815,5.923083,8.874732,14.571586,-5.241229000000001,1.0408275714285715,6.282056571428572
23.800861,14.897197,5.917331,8.979867,14.670968,-5.2354769999999995,1.0479262857142857,6.283403285714285
23.803322,14.968331,5.911962,9.056369,14.742102,-5.2301079999999995,1.0530072857142856,6.283115285714285
23.806269,15.046582,5.903525,9.143057,14.820353,-5.221671000000001,1.058596642857143,6.280267642857144
23.809827,15.137295,5.898923,9.238372,14.911066,-5.217069,1.065076142857143,6.282145142857143
23.812732,15.217254,5.893171,9.324084,14.991025,-5.211316999999999,1.0707875,6.282104499999999
23.815986,15.307241,5.887418,9.419822,15.081012,-5.205564000000001,1.0772151428571428,6.282779142857144
23.819092,15.409905,5.879365,9.53054,15.183676,-5.197511,1.0845482857142856,6.282059285714286
23.822101,15.469374,5.873996,9.595378,15.243145,-5.1921420000000005,1.0887960714285714,6.280938071428572
23.82572,15.560905,5.86901,9.691894,15.334676,-5.187156,1.095334,6.28249
23.829798,15.670883,5.860574,9.810309,15.444654,-5.17872,1.1031895714285713,6.281909571428572
23.831231,15.719501,5.854821,9.86468,15.493272,-5.172967,1.1066622857142856,6.279629285714286
23.835214,15.809995,5.849836,9.96016,15.583766,-5.167982,1.1131261428571428,6.281108142857143
23.839988,15.927535,5.841782,10.085753,15.701306,-5.159928000000001,1.1215218571428571,6.281449857142858
23.841176,15.97176,5.836797,10.134963,15.745531,-5.154942999999999,1.1246807857142858,6.279623785714286
23.844946,16.053815,5.831811,10.222003,15.827586,-5.149957000000001,1.1305418571428572,6.280498857142858
23.847983,16.130618,5.824142,10.306477,15.904388999999998,-5.142288000000001,1.1360277857142855,6.278315785714286
23.850982,16.205506,5.818773,10.386734,15.979277,-5.136919000000001,1.1413769285714286,6.2782959285714295
23.8541,16.28252,5.813404,10.469116,16.056291,-5.131550000000001,1.1468779285714288,6.278427928571429
23.857162,16.355682,5.808418,10.547264,16.129453,-5.126564,1.1521037857142857,6.278667785714286
23.860253,16.434122,5.801515,10.632607,16.207893,-5.119661000000001,1.1577066428571428,6.277367642857143
23.863148,16.500046,5.79653,10.703516,16.273817,-5.114675999999999,1.1624155,6.277091499999999
23.866455,16.5779,5.791544,10.786355,16.351671,-5.1096900000000005,1.1679765,6.2776665000000005
23.869516,16.65444,5.786943,10.867497,16.428211,-5.1050889999999995,1.1734436428571429,6.278532642857142
23.872112,16.714354,5.777355,10.936998,16.488125,-5.0955010000000005,1.1777232142857144,6.273224214285715
23.877267,16.832662,5.772753,11.059909,16.606433,-5.090899,1.1861737857142856,6.277072785714286
23.880916,16.917921,5.768535,11.149386,16.691692,-5.0866810000000005,1.1922637142857142,6.278944714285714
23.883508,16.975007,5.763549,11.211458,16.748778,-5.081695,1.1963412857142859,6.278036285714286
23.886331,17.040588,5.758564,11.282024,16.814359,-5.07671,1.2010256428571429,6.277735642857143
23.889906,17.11337,5.751661,11.361709,16.887141,-5.069807000000001,1.206224357142857,6.276031357142858
23.892625,17.17971,5.747443,11.432267,16.953481,-5.065588999999999,1.2109629285714285,6.276551928571427
23.89609,17.250714,5.74054,11.510174,17.024485,-5.058686,1.2160346428571427,6.274720642857142
23.899351,17.337956,5.736321,11.601635,17.111727,-5.054467000000001,1.2222662142857141,6.276733214285715
23.902516,17.393879,5.730185,11.663693,17.16765,-5.048330999999999,1.2262607142857143,6.274591714285713
23.906097,17.469986,5.725967,11.744019,17.243757,-5.044112999999999,1.2316969285714285,6.275809928571428
23.909281,17.549353,5.720981,11.828372,17.323124,-5.039127000000001,1.237366,6.276493
23.912293,17.600701,5.71753,11.883171,17.374472,-5.0356760000000005,1.2410337142857144,6.276709714285715
23.915564,17.663775,5.713311,11.950464,17.437546,-5.031457,1.2455390000000002,6.276996
23.918478,17.724706,5.706409,12.018298,17.498477,-5.024554999999999,1.2498912142857144,6.274446214285714
23.921509,17.78488,5.70219,12.08269,17.558651,-5.020336,1.2541893571428573,6.274525357142858
23.92453,17.844839,5.698355,12.146484,17.61861,-5.016501,1.2584721428571428,6.274973142857142
23.927471,17.90036,5.69452,12.20584,17.674131,-5.012665999999999,1.2624379285714284,6.275103928571427
23.930835,17.965171,5.690302,12.274869,17.738942,-5.008448,1.2670672857142857,6.2755152857142855
23.933603,18.017725,5.684933,12.332792,17.791496,-5.003079,1.2708211428571428,6.273900142857142
23.936799,18.079253,5.681098,12.398156,17.853024,-4.999244000000001,1.2752160000000001,6.274460000000001
23.940061,18.134628,5.676879,12.457749,17.908399,-4.995025,1.2791713571428571,6.274196357142857
23.94284,18.191564,5.673811,12.517752,17.965335,-4.991956999999999,1.2832382142857142,6.275195214285714
23.945943,18.246182,5.668059,12.578123,18.019953,-4.986205,1.2871395,6.2733445
23.94911,18.317585,5.664224,12.653361,18.091356,-4.9823699999999995,1.2922397142857143,6.274609714285714
23.952112,18.35759,5.660389,12.697201,18.131361,-4.978535000000001,1.2950972142857142,6.2736322142857155
23.955422,18.413372,5.656938,12.756434,18.187143,-4.975084000000001,1.2990816428571428,6.2741656428571435
23.960011,18.488852,5.651569,12.837283,18.262623,-4.969715000000001,1.3044730714285715,6.274188071428572
23.961508,18.516477,5.648501,12.867976,18.290248,-4.966647,1.3064462857142856,6.273093285714285
23.964822,18.570668,5.645049,12.925619,18.344439,-4.963195000000001,1.3103170714285715,6.273512071428572
23.96776,18.620235,5.641598,12.978637,18.394006,-4.959744000000001,1.3138575714285714,6.273601571428572
23.97086,18.669253,5.638146,13.031107,18.443024,-4.9562919999999995,1.3173588571428572,6.273650857142856
23.973644,18.71311,5.635078,13.078031,18.486881,-4.9532240000000005,1.3204915,6.273715500000001
23.976553,18.756969,5.630476,13.126492,18.53074,-4.948622,1.323624285714286,6.272246285714286
23.980448,18.806524,5.625875,13.180649,18.580295,-4.944020999999999,1.3271639285714285,6.271184928571428
23.984175,18.873662,5.622807,13.250856,18.647433,-4.940953,1.3319595,6.2729125
23.987224,18.919009,5.617438,13.301571,18.69278,-4.935584,1.3351985714285715,6.270782571428572
23.990436,18.964252,5.615137,13.349116,18.738023,-4.933282999999999,1.338430214285714,6.271713214285714
23.993336,19.00366,5.612452,13.391207,18.777431,-4.930598,1.3412450714285715,6.271843071428571
23.996553,19.047583,5.609384,13.438199,18.821354,-4.927530000000001,1.3443824285714285,6.271912428571429
23.999475,19.09222,5.607083,13.485137,18.865991,-4.925229,1.3475707857142858,6.272799785714286
24.002416,19.128352,5.602481,13.525871,18.902123,-4.920627,1.3501516428571427,6.270778642857143
24.005739,19.173382,5.599413,13.573968,18.947153,-4.917559000000001,1.3533680714285714,6.270927071428572
24.01005,19.222243,5.597496,13.624747,18.996014,-4.915642,1.3568581428571427,6.272500142857143
24.01158,19.246085,5.593277,13.652808,19.019856,-4.911422999999999,1.358561142857143,6.269984142857142
24.015546,19.290141,5.590976,13.699164,19.063912,-4.909122,1.361708,6.27083
24.019895,19.34281,5.588292,13.754518,19.116581,-4.906438,1.3654700714285715,6.271908071428571
24.021517,19.365697,5.584841,13.780856,19.139468,-4.9029869999999995,1.3671048571428572,6.270091857142857
24.025251,19.403307,5.582156,13.82115,19.177078,-4.900302,1.3697912857142858,6.270093285714285
24.028442,19.437441,5.580239,13.857202,19.211212,-4.898384999999999,1.3722294285714285,6.270614428571427
24.031193,19.466525,5.577938,13.888587,19.240296,-4.896084,1.3743068571428572,6.270390857142857
24.03412,19.495288,5.57602,13.919268,19.269059,-4.894166,1.376361357142857,6.270527357142857
24.037093,19.526611,5.573719,13.952892,19.300382,-4.891864999999999,1.3785987142857141,6.270463714285714
24.040231,19.555701,5.570651,13.98505,19.329472,-4.888797,1.3806765714285714,6.269473571428572
24.042868,19.585172,5.56835,14.016821,19.358943,-4.886495999999999,1.382781642857143,6.269277642857142
24.046175,19.615502,5.566433,14.049069,19.389273,-4.8845790000000004,1.3849480714285713,6.269527071428572
24.049502,19.644835,5.563748,14.081087,19.418606,-4.881894000000001,1.3870432857142858,6.268937285714287
24.052633,19.669287,5.563365,14.105923,19.443058,-4.881511,1.3887898571428572,6.270300857142857
24.05581,19.694367,5.561064,14.133304,19.468138,-4.8792100000000005,1.3905812857142856,6.269791285714286
24.059901,19.724066,5.559913,14.164152,19.497837,-4.878059,1.392702642857143,6.270761642857144
24.061138,19.735882,5.557996,14.177886,19.509653,-4.876142,1.3935466428571428,6.269688642857142
24.064818,19.758914,5.556462,14.202453,19.532685,-4.874608,1.3951917857142857,6.2697997857142855
24.067844,19.78218,5.554161,14.228019,19.555951,-4.872306999999999,1.396853642857143,6.269160642857142
24.071003,19.806421,5.552627,14.253794,19.580192,-4.870773,1.398585142857143,6.2693581428571425
24.073845,19.827545,5.550709,14.276836,19.601316,-4.868855,1.400094,6.268949
24.076828,19.848447,5.549942,14.298505,19.622218,-4.868088,1.401587,6.269675
24.07985,19.865173,5.547642,14.317531,19.638944,-4.865788,1.4027817142857142,6.268569714285714
24.08279,19.880262,5.546875,14.333388,19.654033,-4.8650210000000005,1.4038594999999998,6.2688805
24.085972,19.897614,5.545724,14.35189,19.671385,-4.86387,1.4050989285714286,6.268968928571429
24.088971,19.911041,5.544574,14.366467,19.684812,-4.8627199999999995,1.406058,6.268777999999999
24.091725,19.925631,5.543423,14.382208,19.699402,-4.861568999999999,1.4071001428571428,6.268669142857142
24.095028,19.940991,5.542273,14.398718,19.714762,-4.860419,1.4081972857142857,6.268616285714286
24.097973,19.95216,5.541506,14.410654,19.725931,-4.8596520000000005,1.4089950714285713,6.268647071428572
24.101374,19.964787,5.540739,14.424048,19.738558,-4.858885000000001,1.4098970000000002,6.268782000000001
24.103903,19.972815,5.540355,14.43246,19.746586,-4.858501,1.4104704285714287,6.2689714285714295
24.106962,19.979583,5.539588,14.439995,19.753354,-4.857734000000001,1.4109538571428573,6.268687857142858
24.110138,19.987816,5.538821,14.448995,19.761587,-4.856967000000001,1.4115419285714286,6.268508928571429
24.112839,19.994259,5.538821,14.455438,19.76803,-4.856967000000001,1.4120021428571428,6.268969142857143
24.116404,20.000753,5.538054,14.462699,19.774524,-4.856199999999999,1.412466,6.268666
24.119607,20.008765,5.537287,14.471477,19.782536,-4.855433,1.4130382857142858,6.268471285714286
24.122219,20.014932,5.536904,14.478028,19.788703,-4.85505,1.4134787857142859,6.268528785714286
24.125406,20.018698,5.537287,14.481411,19.792469,-4.855433,1.4137477857142857,6.269180785714285
24.128226,20.020997,5.536904,14.484094,19.794768,-4.85505,1.413912,6.268962
24.131546,20.024793,5.535753,14.48904,19.798564,-4.853899,1.4141831428571427,6.268082142857143
24.134242,20.027972,5.536137,14.491836,19.801743,-4.854283000000001,1.4144102142857142,6.268693214285715
24.137169,20.033196,5.535753,14.497443,19.806967,-4.853899,1.4147833571428572,6.268682357142858
24.140284,20.037262,5.53537,14.501892,19.811033,-4.853516000000001,1.4150737857142857,6.268589785714287
24.143114,20.038736,5.535753,14.502982,19.812507,-4.853899,1.4151790714285715,6.269078071428572
24.146394,20.037512,5.535753,14.501759,19.811283,-4.853899,1.4150916428571427,6.268990642857143
24.149732,20.035223,5.53537,14.499853,19.808994,-4.853516000000001,1.4149281428571427,6.268444142857144
24.15251,20.032914,5.535753,14.497161,19.806685,-4.853899,1.4147632142857145,6.2686622142857145
24.155772,20.031574,5.53537,14.496204,19.805345,-4.853516000000001,1.4146675,6.268183500000001
24.159897,20.031326,5.535753,14.495573,19.805097,-4.853899,1.4146497857142857,6.268548785714286
24.161294,20.030499,5.535753,14.494746,19.80427,-4.853899,1.4145907142857141,6.268489714285714
24.164935,20.028404,5.536137,14.492267,19.802175,-4.854283000000001,1.4144410714285713,6.268724071428572
24.167988,20.025664,5.53652,14.489144,19.799435,-4.854666,1.414245357142857,6.268911357142857
24.171036,20.021925,5.53652,14.485405,19.795696,-4.854666,1.4139782857142857,6.268644285714286
24.174044,20.017625,5.537287,14.480338,19.791396,-4.855433,1.4136711428571427,6.269104142857143
24.177251,20.009217,5.537287,14.47193,19.782988,-4.855433,1.4130705714285714,6.268503571428571
24.18093,19.995144,5.538438,14.456707,19.768915,-4.856584,1.4120653571428572,6.268649357142857
24.1835,19.985644,5.539205,14.446439,19.759415,-4.8573509999999995,1.4113867857142857,6.268737785714285
24.186521,19.972039,5.539972,14.432067,19.74581,-4.858117999999999,1.410415,6.268533
24.19,19.959692,5.541122,14.41857,19.733463,-4.859268,1.4095330714285714,6.268801071428571
24.192662,19.946652,5.542273,14.404379,19.720423,-4.860419,1.4086016428571428,6.269020642857143
24.196117,19.933549,5.542656,14.390892,19.70732,-4.860802,1.4076657142857143,6.268467714285714
24.199293,19.917562,5.543807,14.373755,19.691333,-4.861953,1.4065237857142858,6.268476785714285
24.202513,19.907872,5.545341,14.362532,19.681643,-4.863486999999999,1.405831642857143,6.269318642857142
24.206117,19.892255,5.546108,14.346148,19.666026,-4.864254000000001,1.4047161428571429,6.268970142857143
24.209273,19.874716,5.546491,14.328225,19.648487,-4.864637,1.4034633571428572,6.268100357142857
24.212034,19.86472,5.548409,14.316312,19.638491,-4.866555,1.402749357142857,6.2693043571428575
24.215693,19.842545,5.549942,14.292602,19.616316,-4.868088,1.4011654285714286,6.269253428571429
24.219131,19.809432,5.552627,14.256805,19.583203,-4.870773,1.3988002142857143,6.269573214285714
24.222923,19.787058,5.554544,14.232513,19.560829,-4.87269,1.3972020714285713,6.269892071428572
24.226894,19.753219,5.556462,14.196757,19.52699,-4.874608,1.3947850000000002,6.269393000000001
24.230074,19.730187,5.557996,14.172191,19.503958,-4.876142,1.3931398571428573,6.2692818571428575
24.232896,19.706811,5.559146,14.147665,19.480582,-4.877292000000001,1.3914701428571428,6.268762142857144
24.23592,19.683787,5.561831,14.121956,19.457558,-4.879977,1.3898255714285714,6.2698025714285714
24.238988,19.650363,5.562981,14.087381,19.424134,-4.881126999999999,1.3874381428571427,6.268565142857142
24.241944,19.634641,5.565282,14.069359,19.408412,-4.883428,1.3863151428571427,6.269743142857143
24.245556,19.601981,5.5672,14.034781,19.375752,-4.885346,1.3839822857142856,6.269328285714286
24.249875,19.559675,5.570268,13.989407,19.333446,-4.888414000000001,1.3809604285714285,6.26937442857143
24.251446,19.54249,5.572952,13.969538,19.316261,-4.8910979999999995,1.3797329285714286,6.270830928571428
24.254848,19.509323,5.57487,13.934454,19.283094,-4.893015999999999,1.377363857142857,6.270379857142856
24.257618,19.48056,5.576404,13.904156,19.254331,-4.894550000000001,1.3753093571428572,6.269859357142858
24.261025,19.45111,5.578705,13.872405,19.224881,-4.896851,1.3732057857142856,6.270056785714285
24.263747,19.420997,5.580622,13.840375,19.194768,-4.8987680000000005,1.3710548571428571,6.269822857142858
24.266577,19.390558,5.584457,13.806101,19.164329,-4.902602999999999,1.3688806428571427,6.271483642857142
24.26948,19.354153,5.587142,13.767012,19.127924,-4.9052880000000005,1.3662802857142857,6.271568285714286
24.272611,19.320335,5.589442,13.730893,19.094106,-4.9075880000000005,1.3638647142857143,6.271452714285715
24.275734,19.278879,5.592894,13.685985,19.05265,-4.91104,1.3609035714285713,6.271943571428571
24.279976,19.226202,5.596729,13.629473,18.999973,-4.914875,1.3571409285714287,6.272015928571429
24.283751,19.180331,5.599413,13.580918,18.954102,-4.917559000000001,1.3538644285714285,6.271423428571429
24.286912,19.140253,5.603632,13.536621,18.914024,-4.921778,1.3510017142857145,6.272779714285714
24.290182,19.098705,5.607083,13.491622,18.872476,-4.925229,1.348034,6.273263
24.29406,19.053989,5.611685,13.442304,18.82776,-4.929831,1.34484,6.274671
24.2973,18.996101,5.613219,13.382881,18.769872,-4.9313649999999996,1.3407051428571428,6.272070142857142
24.301272,18.948833,5.616287,13.332546,18.722604,-4.934433,1.3373288571428572,6.271761857142858
24.303635,18.911069,5.621273,13.289797,18.68484,-4.939419000000001,1.3346314285714287,6.27405042857143
24.306728,18.864427,5.624724,13.239703,18.638198,-4.942869999999999,1.3312998571428571,6.274169857142857
24.310213,18.806425,5.629326,13.177099,18.580196,-4.947471999999999,1.3271568571428571,6.274628857142856
24.313135,18.763566,5.631627,13.131939,18.537337,-4.949773,1.3240955,6.273868500000001
24.316594,18.712795,5.635078,13.077717,18.486566,-4.9532240000000005,1.320469,6.273693000000001
24.319648,18.661841,5.638913,13.022928,18.435612,-4.957058999999999,1.3168294285714286,6.273888428571428
24.322496,18.61566,5.641981,12.973678,18.389431,-4.960127,1.3135307857142855,6.273657785714286
24.325776,18.560643,5.647734,12.912909,18.334414,-4.96588,1.309601,6.275481
24.329115,18.492914,5.650802,12.842113,18.266685,-4.968947999999999,1.3047632142857142,6.273711214285713
24.331911,18.460509,5.656171,12.804338,18.23428,-4.974316999999999,1.3024485714285714,6.27676557142857
24.33563,18.395833,5.659622,12.736211,18.169604,-4.977767999999999,1.2978288571428571,6.275596857142856
24.34013,18.320656,5.663074,12.657583,18.094427,-4.98122,1.2924590714285713,6.273679071428572
24.341268,18.285643,5.668826,12.616817,18.059414,-4.986972,1.289958142857143,6.276930142857143
24.345315,18.22405,5.672661,12.551389,17.997821,-4.990807,1.2855586428571428,6.276365642857143
24.35011,18.165982,5.676112,12.489869,17.939753,-4.994258,1.2814109285714286,6.275668928571429
24.351449,18.113775,5.679947,12.433828,17.887546,-4.998093000000001,1.2776818571428572,6.275774857142858
24.354503,18.053426,5.6857,12.367726,17.827197,-5.003845999999999,1.2733712142857143,6.277217214285714
24.357581,17.996201,5.689918,12.306283,17.769972,-5.008063999999999,1.2692837142857143,6.277347714285714
24.360984,17.928411,5.69337,12.235041,17.702182,-5.011516,1.2644415714285715,6.275957571428572
24.363546,17.879623,5.697205,12.182419,17.653394,-5.015351000000001,1.260956714285714,6.276307714285715
24.366639,17.818694,5.701423,12.117271,17.592465,-5.019569000000001,1.256604642857143,6.2761736428571435
24.369917,17.758033,5.705642,12.052391,17.531804,-5.023788,1.2522717142857143,6.276059714285714
24.372543,17.698413,5.709476,11.988936,17.472184,-5.027622000000001,1.2480131428571428,6.275635142857144
24.375528,17.637506,5.715229,11.922277,17.411277,-5.0333749999999995,1.2436626428571427,6.277037642857142
24.378391,17.579824,5.719447,11.860377,17.353595,-5.037592999999999,1.2395425,6.277135499999999
24.381502,17.513943,5.721748,11.792194,17.287714,-5.039894,1.2348367142857144,6.274730714285715
24.384253,17.455223,5.727884,11.727339,17.228994,-5.04603,1.2306424285714286,6.276672428571429
24.387134,17.397378,5.732486,11.664892,17.171149,-5.050632,1.2265106428571428,6.277142642857143
24.390238,17.334134,5.737855,11.596279,17.107905,-5.056001,1.2219932142857142,6.277994214285714
24.392859,17.270826,5.742074,11.528752,17.044597,-5.060219999999999,1.2174712142857143,6.2776912142857135
24.396089,17.201713,5.746676,11.455037,16.975484,-5.0648219999999995,1.2125345714285716,6.277356571428571
24.39902,17.116728,5.753195,11.363533,16.890499,-5.071341,1.2064642142857143,6.277805214285714
24.40168,17.075046,5.757797,11.317249,16.848817,-5.0759430000000005,1.2034869285714287,6.279429928571429
24.405149,16.997704,5.762015,11.235689,16.771475,-5.080161,1.1979624999999998,6.2781235
24.407931,16.935618,5.767384,11.168234,16.709389,-5.08553,1.1935277857142859,6.279057785714286
24.411255,16.858991,5.771986,11.087005,16.632762,-5.0901320000000005,1.1880544285714285,6.278186428571429
24.413812,16.800949,5.775821,11.025127,16.57472,-5.093966999999999,1.1839085714285713,6.27787557142857
24.416661,16.734448,5.78119,10.953258,16.508219,-5.099335999999999,1.1791585,6.278494499999999
24.419811,16.664101,5.788477,10.875624,16.437872,-5.106623000000001,1.1741337142857142,6.280756714285715
24.42252,16.596006,5.793462,10.802544,16.369777,-5.111608,1.1692697857142857,6.280877785714286
24.425692,16.521211,5.79768,10.723531,16.294982,-5.115826,1.1639272857142857,6.2797532857142855
24.429844,16.417909,5.802666,10.615243,16.19168,-5.120812000000001,1.1565485714285715,6.277360571428572
24.431251,16.371482,5.807651,10.563831,16.145253,-5.125797,1.153232357142857,6.279029357142857
24.434922,16.295484,5.815705,10.479779,16.069255,-5.133851,1.1478039285714285,6.281654928571428
24.437809,16.22642,5.820307,10.406114,16.000191,-5.138453,1.1428707857142857,6.281323785714286
24.441029,16.144898,5.826443,10.318455,15.918669000000001,-5.144589,1.1370477857142858,6.281636785714285
24.443789,16.079001,5.831428,10.247573,15.852772000000002,-5.149573999999999,1.1323408571428573,6.281914857142857
24.446631,16.007842,5.836413,10.171428,15.781613,-5.154559000000001,1.1272580714285714,6.281817071428572
24.449518,15.92681,5.841782,10.085028,15.700581,-5.159928000000001,1.1214700714285715,6.281398071428573
24.452562,15.852598,5.847151,10.005447,15.626369,-5.165297000000001,1.1161692142857143,6.2814662142857145
24.455501,15.776044,5.852137,9.923907,15.549815,-5.1702829999999995,1.1107010714285714,6.280984071428571
24.458194,15.704792,5.857889,9.846903,15.478563,-5.176035000000001,1.1056116428571428,6.281646642857144
24.46101,15.632428,5.863258,9.76917,15.406199,-5.181404000000001,1.1004427857142858,6.281846785714286
24.463735,15.560746,5.868244,9.692503,15.334517,-5.186389999999999,1.0953226428571428,6.281712642857142
24.466547,15.488703,5.877447,9.611255,15.262474,-5.195593000000001,1.0901767142857142,6.285769714285715
24.469999,15.404698,5.882433,9.522265,15.178469,-5.200578999999999,1.084176357142857,6.284755357142856
24.473364,15.318519,5.888185,9.430334,15.09229,-5.2063310000000005,1.0780207142857143,6.284351714285715
24.476197,15.230867,5.896239,9.334628,15.004638,-5.214385,1.071759857142857,6.286144857142857
24.479551,15.13921,5.901224,9.237986,14.912981,-5.21937,1.0652129285714287,6.284582928571428
24.482317,15.060646,5.907744,9.152902,14.834417,-5.22589,1.0596012142857143,6.285491214285714
24.485414,14.978833,5.913112,9.06572,14.752604,-5.231258,1.0537574285714286,6.285015428571429
24.488135,14.903792,5.918098,8.985694,14.677563,-5.236243999999999,1.048397357142857,6.284641357142856
24.490991,14.824241,5.924234,8.900007,14.598012,-5.242380000000001,1.0427151428571428,6.285095142857143
24.493831,14.744169,5.932287,8.811882,14.51794,-5.250432999999999,1.0369957142857142,6.2874287142857135
24.497071,14.656878,5.938423,8.718455,14.430649,-5.256569000000001,1.030760642857143,6.287329642857143
24.500283,14.561867,5.943792,8.618075,14.335638,-5.261938000000001,1.0239741428571427,6.285912142857144
24.503301,14.481033,5.949544,8.531489,14.254804,-5.26769,1.0182002857142858,6.285890285714286
24.506505,14.38906,5.954146,8.434914,14.162831,-5.272292,1.0116307857142857,6.283922785714286
24.509633,14.2998,5.962967,8.336834,14.073571,-5.2811129999999995,1.0052550714285713,6.286368071428571
24.512433,14.222354,5.968336,8.254018,13.996125,-5.2864819999999995,0.9997232142857142,6.286205214285713
24.515673,14.129132,5.974088,8.155043,13.902903,-5.2922340000000005,0.9930645,6.285298500000001
24.519836,14.007126,5.983292,8.023834,13.780897,-5.301437999999999,0.9843497857142857,6.285787785714285
24.521609,13.953684,5.989044,7.964639,13.727455,-5.30719,0.9805325,6.2877225
24.525304,13.852128,5.99403,7.858098,13.625899,-5.312176000000001,0.9732785,6.285454500000001
24.529981,13.718311,6.003617,7.714693,13.492082,-5.321763000000001,0.9637201428571428,6.285483142857143
24.531094,13.66677,6.009753,7.657016,13.440541,-5.327899,0.9600386428571428,6.287937642857143
24.534696,13.57986,6.015506,7.564354,13.353631,-5.333652000000001,0.9538307857142857,6.287482785714286
24.53747,13.494908,6.020875,7.474034,13.268679,-5.339021000000001,0.9477627857142857,6.286783785714286
24.540959,13.399223,6.027011,7.372213,13.172994,-5.345157,0.9409281428571428,6.286085142857143
24.543499,13.318196,6.033146,7.28505,13.091967,-5.351292000000001,0.9351405,6.286432500000001
24.546497,13.232548,6.043117,7.189431,13.006319,-5.361262999999999,0.9290227857142856,6.290285785714285
24.549521,13.13608,6.049637,7.086443,12.909851,-5.367782999999999,0.9221322142857142,6.289915214285713
24.552606,13.050366,6.055006,6.99536,12.824137,-5.373151999999999,0.9160097857142857,6.289161785714285
24.555464,12.960442,6.059991,6.900451,12.734213,-5.378137000000001,0.9095866428571429,6.287723642857143
24.559825,12.829302,6.065744,6.763558,12.603073,-5.383889999999999,0.9002195000000001,6.2841095
24.561485,12.783743,6.074947,6.708796,12.557514,-5.393093,0.8969652857142857,6.290058285714286
24.564787,12.681299,6.081083,6.600216,12.45507,-5.399229,0.8896478571428571,6.288876857142857
24.567865,12.587214,6.087603,6.499611,12.360985,-5.405749,0.8829275,6.2886765
24.570994,12.491403,6.093355,6.398048,12.265174,-5.4115009999999995,0.8760838571428572,6.287584857142857
24.573985,12.400652,6.100258,6.300394,12.174422999999999,-5.418404000000001,0.8696016428571428,6.288005642857144
24.576989,12.312692,6.108695,6.203997,12.086463,-5.426841,0.8633187857142858,6.290159785714286
24.58011,12.220488,6.115981,6.104507,11.994259,-5.434127,0.8567327857142857,6.290859785714286
24.583021,12.125828,6.12135,6.004478,11.899599,-5.439496,0.8499713571428572,6.289467357142858
24.586242,12.025634,6.127486,5.898148,11.799405,-5.445632,0.8428146428571429,6.288446642857143
24.59055,11.913475,6.137457,5.776017,11.687246,-5.455603,0.8348032857142857,6.290406285714286
24.592213,11.840055,6.14436,5.695695,11.613826,-5.462505999999999,0.8295589999999999,6.292064999999999
24.596002,11.728627,6.150496,5.578131,11.502398,-5.468642000000001,0.8215998571428571,6.290241857142858
24.599007,11.604661,6.1597,5.444961,11.378432,-5.4778459999999995,0.8127451428571428,6.290591142857142
24.601982,11.547303,6.165452,5.381851,11.321074,-5.483598000000001,0.8086481428571428,6.2922461428571435
24.605542,11.430245,6.171972,5.258273,11.204016,-5.490118000000001,0.8002868571428571,6.290404857142858
24.610097,11.296163,6.178491,5.117671,11.069934,-5.496637,0.7907095714285715,6.2873465714285715
24.611326,11.241859,6.187312,5.054548,11.01563,-5.505458000000001,0.7868307142857143,6.292288714285715
24.614707,11.148406,6.193447,4.954959,10.922177,-5.5115929999999995,0.7801555,6.2917485
24.617619,11.055251,6.20035,4.854901,10.829022,-5.518496000000001,0.7735015714285715,6.291997571428572
24.621008,10.958658,6.206103,4.752556,10.732429,-5.524248999999999,0.7666020714285714,6.290851071428571
24.623489,10.872891,6.212622,4.660269,10.646662,-5.530768,0.760475857142857,6.291243857142857
24.626549,10.780859,6.218758,4.562101,10.55463,-5.536904,0.7539021428571429,6.290806142857143
24.629642,10.679737,6.229112,4.450624,10.453508,-5.547257999999999,0.7466791428571428,6.293937142857142
24.632525,10.598123,6.234865,4.363258,10.371894,-5.553011,0.7408495714285713,6.293860571428571
24.635623,10.49673,6.241768,4.254962,10.270501,-5.559914000000001,0.7336072142857143,6.2935212142857155
24.639964,10.36531,6.247904,4.117407,10.139081,-5.566050000000001,0.7242200714285714,6.290270071428572
24.64137,10.306545,6.257108,4.049437,10.080316,-5.575253999999999,0.7200225714285714,6.2952765714285706
24.645097,10.206163,6.263244,3.942919,9.979934,-5.581390000000001,0.7128524285714286,6.29424242857143
24.648233,10.104787,6.270146,3.83464,9.878558,-5.588292000000001,0.7056112857142857,6.293903285714286
24.651329,10.010854,6.276282,3.734571,9.784625,-5.594428000000001,0.6989017857142857,6.2933297857142865
24.654294,9.917813,0.542646,9.375167,9.691584,0.139208,0.6922560000000001,0.5530480000000001
24.657301,9.823494,0.067112,9.756382,9.597265,0.6147419999999999,0.6855189285714286,0.0707769285714287
24.660845,9.714777,0.019942,9.694836,9.488548,0.661912,0.6777534285714285,0.015841428571428562
24.663303,9.637293,0.022626,9.614667,9.411064,0.6592279999999999,0.6722188571428571,0.012990857142857193
24.666374,9.539206,0.027612,9.511595,9.312977,0.654242,0.6652126428571429,0.010970642857142887
24.669462,9.431054,0.034898,9.396156,9.204825,0.646956,0.6574875,0.010531500000000027
24.672207,9.357221,0.044102,9.313119,9.130991999999999,0.637752,0.6522137142857142,0.014461714285714189
24.675539,9.259855,0.050621,9.209233,9.033626,0.6312329999999999,0.645259,0.014026000000000094
24.679879,9.119444,0.056757,9.062687,8.893215,0.625097,0.6352296428571428,0.01013264285714277
24.681491,9.069176,0.062893,9.006283,8.842947,0.618961,0.6316390714285715,0.012678071428571469
24.684524,8.975653,0.069029,8.906624,8.749424,0.612825,0.6249588571428571,0.012133857142857196
24.687458,8.886523,0.078617,8.807906,8.660294,0.6032369999999999,0.6185924285714286,0.015355428571428686
24.690869,8.782256,0.084369,8.697888,8.556027,0.5974849999999999,0.6111447857142858,0.013659785714285833
24.693595,8.697284,0.090121,8.607162,8.471055,0.591733,0.6050753571428571,0.013342357142857142
24.696424,8.609008,0.096257,8.512751,8.382779,0.5855969999999999,0.5987699285714285,0.0131729285714286
24.69955,8.500698,0.102393,8.398305,8.274469,0.579461,0.5910335,0.011572499999999986
24.702233,8.427758,0.111597,8.316161,8.201529,0.570257,0.5858235,0.015566500000000039
24.705754,8.323868,0.116966,8.206902,8.097639,0.564888,0.5784027857142856,0.01351478571428566
24.709869,8.193545,0.123102,8.070443,7.967316,0.5587519999999999,0.569094,0.010342000000000073
24.711723,8.140854,0.128854,8.012,7.914624999999999,0.5529999999999999,0.5653303571428571,0.012330357142857129
24.715136,8.033487,0.137675,7.895813,7.807257999999999,0.544179,0.5576612857142856,0.013482285714285669
24.717986,7.950109,0.143811,7.806298,7.72388,0.5380429999999999,0.5517057142857144,0.013662714285714417
24.721262,7.848246,0.149947,7.698299,7.622017,0.5319069999999999,0.5444297857142857,0.012522785714285778
24.724151,7.764804,0.155316,7.609488,7.538575,0.526538,0.5384696428571428,0.011931642857142877
24.72711,7.670805,0.161835,7.50897,7.444576,0.520019,0.5317554285714285,0.011736428571428537
24.730277,7.584854,0.167587,7.417267,7.358625,0.5142669999999999,0.5256160714285715,0.011349071428571555
24.732852,7.498192,0.176408,7.321785,7.271963,0.505446,0.5194259285714286,0.013979928571428601
24.736045,7.405208,0.18101,7.224199,7.178979,0.500844,0.5127842142857143,0.011940214285714346
24.739149,7.289696,0.187529,7.102167,7.063467,0.49432499999999996,0.5045333571428572,0.010208357142857227
24.741977,7.226634,0.193665,7.032969,7.000405,0.488189,0.5000289285714286,0.01183992857142857
24.745495,7.123345,0.201718,6.921627,6.897116,0.48013599999999995,0.49265114285714284,0.012515142857142891
24.749933,6.994955,0.206704,6.788251,6.768726,0.47514999999999996,0.4834804285714286,0.008330428571428627
24.751449,6.946281,0.213223,6.733058,6.720052,0.46863099999999996,0.48000371428571426,0.011372714285714292
24.754602,6.858816,0.218976,6.63984,6.632587,0.46287799999999996,0.4737562142857143,0.010878214285714338
24.757645,6.76749,0.223961,6.543529,6.5412609999999995,0.457893,0.46723292857142856,0.009339928571428568
24.760885,6.675645,0.233165,6.44248,6.449416,0.44868899999999995,0.46067257142857143,0.011983571428571482
24.763521,6.59612,0.239301,6.356819,6.369891,0.442553,0.4549922142857143,0.012439214285714317
24.766578,6.509716,0.24467,6.265046,6.283487,0.43718399999999996,0.4488205,0.01163650000000005
24.769632,6.416137,0.250039,6.166098,6.189908,0.43181499999999995,0.4421362857142857,0.010321285714285755
24.772491,6.341682,0.256558,6.085124,6.115453,0.42529599999999995,0.4368180714285714,0.011522071428571423
24.775808,6.245171,0.264995,5.980176,6.018942,0.416859,0.4299244285714286,0.013065428571428617
24.779934,6.127492,0.270364,5.857128,5.901263,0.41148999999999997,0.42151878571428575,0.010028785714285782
24.781336,6.07491,0.275733,5.799177,5.848681,0.40612099999999995,0.41776292857142855,0.011641928571428595
24.785032,5.982607,0.282252,5.700355,5.756378,0.39960199999999996,0.41116985714285714,0.011567857142857185
24.788023,5.89826,0.288005,5.610255,5.672031,0.39384899999999995,0.4051450714285714,0.011296071428571475
24.791037,5.814264,0.296058,5.518206,5.588035,0.385796,0.3991453571428571,0.013349357142857121
24.793908,5.734677,0.301044,5.433633,5.508448,0.38081,0.3934605714285714,0.0126505714285714
24.797084,5.647238,0.306796,5.340442,5.421009,0.37505799999999995,0.38721492857142853,0.012156928571428582
24.800174,5.567726,0.311782,5.255944,5.341497,0.37007199999999996,0.3815355,0.01146350000000007
24.802945,5.485752,0.316767,5.168985,5.259523,0.36508699999999994,0.37568021428571424,0.010593214285714303
24.80617,5.396795,0.32482,5.071974,5.170566,0.35703399999999996,0.3693261428571429,0.012292142857142918
24.809267,5.295833,0.330573,4.96526,5.069604,0.35128099999999995,0.36211457142857145,0.010833571428571498
24.812203,5.232202,0.336325,4.895876,5.005973,0.345529,0.3575695,0.01204050000000001
24.815988,5.137853,0.343228,4.794624,4.911624,0.338626,0.3508302857142857,0.012204285714285723
24.819925,5.02867,0.348214,4.680457,4.802441,0.33363999999999994,0.3430315,0.009391500000000053
24.821725,4.980408,0.353199,4.627209,4.754179,0.328655,0.3395842142857143,0.010929214285714306
24.825427,4.884272,0.361252,4.523019,4.658043,0.32060199999999994,0.33271735714285716,0.01211535714285722
24.830827,4.767752,0.366238,4.401514,4.541523,0.31561599999999995,0.3243945,0.008778500000000022
24.832117,4.726268,0.373908,4.35236,4.500039,0.30794599999999994,0.32143135714285714,0.013485357142857202
24.835657,4.623149,0.378893,4.244256,4.39692,0.302961,0.3140657142857143,0.011104714285714301
24.840261,4.51253,0.38618,4.12635,4.286301,0.29567399999999994,0.3061643571428571,0.010490357142857176
24.842706,4.446096,0.391165,4.054931,4.219867,0.290689,0.30141907142857144,0.010730071428571464
24.846264,4.35461,0.398068,3.956542,4.128381,0.283786,0.29488435714285716,0.011098357142857174
24.84993,4.268636,0.403437,3.865199,4.042407,0.27841699999999997,0.28874335714285715,0.010326357142857179
24.853033,4.185207,0.411107,3.7741,3.958978,0.27074699999999996,0.2827841428571429,0.012037142857142913
24.856018,4.113549,0.415325,3.698224,3.88732,0.26652899999999996,0.2776657142857143,0.011136714285714333
24.859147,4.019174,0.419544,3.59963,3.7929449999999996,0.26231,0.27092464285714285,0.008614642857142862
24.862178,3.962977,0.427981,3.534996,3.736748,0.25387299999999996,0.26691057142857144,0.013037571428571482
24.86567,3.883144,0.432199,3.450944,3.656915,0.24965499999999996,0.2612082142857143,0.01155321428571432
24.869014,3.782863,0.436034,3.346829,3.556634,0.24581999999999998,0.2540452857142857,0.008225285714285713
24.87167,3.7426,0.441019,3.301581,3.516371,0.24083499999999997,0.25116935714285715,0.010334357142857187
24.875212,3.659278,0.447922,3.211355,3.433049,0.23393199999999997,0.2452177857142857,0.011285785714285734
24.879894,3.59291,0.452524,3.140385,3.366681,0.22932999999999998,0.24047721428571428,0.011147214285714302
24.88125,3.520657,0.456743,3.063914,3.294428,0.22511099999999995,0.2353162857142857,0.01020528571428575
24.884219,3.455785,0.460578,2.995208,3.229556,0.22127599999999997,0.23068257142857143,0.009406571428571459
24.887487,3.37977,0.464796,2.914974,3.153541,0.21705799999999997,0.2252529285714286,0.008194928571428617
24.890997,3.307161,0.471699,2.835462,3.080932,0.21015499999999998,0.22006657142857142,0.009911571428571436
24.893215,3.252873,0.475151,2.777722,3.026644,0.20670299999999997,0.21618885714285715,0.009485857142857185
24.89613,3.190598,0.479369,2.711229,2.964369,0.20248499999999997,0.21174064285714286,0.009255642857142893
24.899189,3.108045,0.483971,2.624074,2.881816,0.19788299999999998,0.205844,0.007961000000000024
24.90187,3.065617,0.487422,2.578195,2.839388,0.19443199999999994,0.20281342857142856,0.008381428571428623
24.905437,2.99158,0.493175,2.498406,2.765351,0.18867899999999999,0.19752507142857142,0.00884607142857144
24.909793,2.897442,0.497777,2.399666,2.671213,0.18407699999999994,0.19080092857142855,0.006723928571428617
24.911489,2.865343,0.501995,2.363348,2.639114,0.179859,0.18850814285714287,0.008649142857142883
24.914571,2.802397,0.50583,2.296566,2.576168,0.17602399999999996,0.184012,0.00798800000000005
24.917322,2.746916,0.510049,2.236867,2.520687,0.17180499999999999,0.18004907142857143,0.008244071428571448
24.92105,2.676727,0.513884,2.162843,2.450498,0.16796999999999995,0.17503557142857143,0.007065571428571477
24.923577,2.621554,0.519636,2.101918,2.395325,0.16221799999999997,0.17109464285714288,0.008876642857142902
24.926718,2.560774,0.525388,2.035386,2.334545,0.156466,0.16675321428571427,0.010287214285714275
24.930914,2.479471,0.528456,1.951015,2.253242,0.15339799999999992,0.16094585714285717,0.007547857142857245
24.933986,2.420813,0.532675,1.888139,2.194584,0.14917899999999995,0.15675599999999998,0.007577000000000028
24.936985,2.364489,0.536126,1.828362,2.13826,0.14572799999999997,0.15273285714285714,0.007004857142857174
24.940148,2.308628,0.539578,1.76905,2.082399,0.14227599999999996,0.14874278571428573,0.006466785714285772
24.942805,2.255497,0.544947,1.71055,2.029268,0.136907,0.1449477142857143,0.00804071428571429
24.94579,2.200656,0.548015,1.652641,1.974427,0.13383899999999993,0.1410305,0.007191500000000073
24.950125,2.127507,0.55185,1.575658,1.901278,0.130004,0.13580557142857144,0.005801571428571434
24.951381,2.09477,0.554918,1.539853,1.868541,0.12693599999999994,0.1334672142857143,0.0065312142857143485
24.95523,2.032862,0.557986,1.474876,1.8066330000000002,0.12386799999999998,0.1290452142857143,0.005177214285714327
24.960014,1.984851,0.562971,1.42188,1.758622,0.11888299999999996,0.12561585714285714,0.006732857142857179
24.960942,1.935236,0.566806,1.36843,1.709007,0.11504799999999993,0.12207192857142857,0.007023928571428639
24.964483,1.880166,0.56949,1.310676,1.653937,0.11236399999999991,0.11813835714285714,0.005774357142857234
24.967404,1.831128,0.572558,1.25857,1.604899,0.10929599999999995,0.11463564285714287,0.005339642857142918
24.971024,1.775866,0.57716,1.198705,1.549637,0.10469399999999995,0.11068835714285714,0.00599435714285719
24.973292,1.735673,0.579845,1.155829,1.509444,0.1020089999999999,0.10781742857142858,0.005808428571428673
24.976679,1.685208,0.582529,1.102679,1.458979,0.099325,0.10421278571428572,0.0048877857142857195
24.979885,1.640946,0.585981,1.054966,1.414717,0.09587299999999999,0.10105121428571429,0.0051782142857143
24.982579,1.596993,0.589816,1.007178,1.370764,0.09203799999999995,0.0979117142857143,0.005873714285714343
24.985996,1.544077,0.592884,0.951193,1.317848,0.08897,0.094132,0.005162
24.990594,1.486398,0.595185,0.891213,1.260169,0.086669,0.09001207142857144,0.0033430714285714452
24.991891,1.459404,0.597869,0.861535,1.233175,0.08398499999999998,0.08808392857142856,0.004098928571428587
24.995337,1.41372,0.600553,0.813166,1.187491,0.08130099999999996,0.08482078571428572,0.003519785714285767
24.998104,1.375873,0.604388,0.771485,1.1496439999999999,0.07746599999999992,0.08211742857142856,0.00465142857142864
25.001224,1.335954,0.607073,0.728881,1.109725,0.07478099999999999,0.07926607142857144,0.004485071428571449
25.003945,1.29722,0.609374,0.687846,1.070991,0.07247999999999999,0.07649935714285715,0.004019357142857158
25.006846,1.259794,0.612058,0.647735,1.033565,0.06979599999999997,0.07382607142857144,0.004030071428571466
25.01,1.222254,0.613976,0.608278,0.9960249999999999,0.067878,0.07114464285714285,0.003266642857142857
25.012781,1.186128,0.61666,0.569467,0.9598990000000001,0.06519399999999997,0.06856421428571428,0.0033702142857143097
25.015945,1.148518,0.619728,0.52879,0.9222889999999999,0.062126000000000015,0.06587778571428571,0.0037517857142856936
25.019041,1.100976,0.622029,0.478947,0.8747469999999999,0.059824999999999906,0.06248192857142857,0.002656928571428664
25.021871,1.078968,0.62433,0.454637,0.8527389999999999,0.05752399999999991,0.060909928571428566,0.0033859285714286577
25.025324,1.040755,0.626248,0.414507,0.8145260000000001,0.05560599999999993,0.05818042857142858,0.002574428571428644
25.029916,0.99263,0.629316,0.363315,0.766401,0.052537999999999974,0.054742928571428574,0.0022049285714286007
25.031522,0.975704,0.631233,0.344471,0.749475,0.050620999999999916,0.05353392857142857,0.0029129285714286565
25.034857,0.941757,0.632767,0.30899,0.7155279999999999,0.04908699999999999,0.05110914285714285,0.0020221428571428612
25.037762,0.912063,0.634685,0.277378,0.6858339999999999,0.047168999999999905,0.048988142857142855,0.0018191428571429497
25.041151,0.881194,0.637753,0.243442,0.654965,0.044100999999999946,0.04678321428571429,0.0026822142857143433
25.04388,0.855557,0.639286,0.21627,0.629328,0.04256799999999994,0.044952,0.0023840000000000597
25.04695,0.827658,0.64082,0.186837,0.601429,0.041034000000000015,0.04295921428571429,0.0019252142857142732
25.05015,0.800211,0.642738,0.157473,0.573982,0.03911599999999993,0.040998714285714284,0.0018827142857143556
25.052729,0.776083,0.645039,0.131044,0.549854,0.03681499999999993,0.039275285714285714,0.002460285714285783
25.05625,0.746096,0.646956,0.09914,0.519867,0.034897999999999985,0.03713335714285714,0.002235357142857157
25.059749,0.717324,0.648107,0.069217,0.49109499999999995,0.03374699999999997,0.03507821428571428,0.0013312142857143106
25.062597,0.693771,0.650024,0.043746,0.467542,0.031829999999999914,0.033395857142857144,0.0015658571428572299
25.065794,0.670698,0.651942,0.018756,0.444469,0.02991199999999994,0.031747785714285714,0.0018357857142857759
25.068993,0.644973,0.652709,-0.007735,0.418744,0.029144999999999976,0.029910285714285716,0.0007652857142857392
25.071697,0.634708,0.653859,-0.019151,0.40847900000000004,0.027994999999999992,0.02917707142857143,0.0011820714285714386
25.07518,0.617589,0.65501,-0.03742,0.39136000000000004,0.02684399999999998,0.027954285714285716,0.0011102857142857372
25.080155,0.604905,0.656544,-0.051639,0.378676,0.025309999999999944,0.027048285714285716,0.001738285714285772
25.081222,0.588211,0.658078,-0.069867,0.361982,0.02377599999999991,0.025855857142857146,0.0020798571428572374
25.084587,0.570758,0.658461,-0.087703,0.344529,0.023392999999999997,0.024609214285714283,0.0012162142857142857
25.087609,0.552341,0.659995,-0.107655,0.32611199999999996,0.021858999999999962,0.023293714285714282,0.0014347142857143204
25.090964,0.532202,0.661913,-0.129711,0.30597299999999994,0.019940999999999987,0.02185521428571428,0.0019142142857142934
25.093498,0.514314,0.663063,-0.148749,0.28808500000000004,0.018791000000000002,0.020577500000000002,0.0017865
25.096697,0.497672,0.663447,-0.165775,0.271443,0.01840699999999995,0.019388785714285713,0.0009817857142857614
25.099946,0.484201,0.664981,-0.180779,0.257972,0.016872999999999916,0.018426571428571428,0.0015535714285715117
25.102731,0.470709,0.665748,-0.195039,0.24447999999999998,0.016105999999999954,0.01746285714285714,0.0013568571428571874
25.106055,0.460646,0.666515,-0.205869,0.234417,0.015338999999999992,0.016744071428571428,0.001405071428571436
25.109418,0.44865,0.666898,-0.218248,0.22242099999999998,0.01495599999999997,0.015887214285714286,0.0009312142857143164
25.111941,0.443379,0.667282,-0.223903,0.21715,0.014571999999999918,0.015510714285714286,0.0009387142857143673
25.11529,0.438078,0.668049,-0.22997,0.211849,0.013804999999999956,0.015132071428571429,0.0013270714285714726
25.118121,0.435631,0.668816,-0.233185,0.20940199999999998,0.013037999999999994,0.014957285714285713,0.0019192857142857189
25.121272,0.433099,0.668432,-0.235333,0.20687,0.013421999999999934,0.01477642857142857,0.0013544285714286366
25.12428,0.432727,0.668432,-0.235705,0.20649799999999996,0.013421999999999934,0.01474985714285714,0.0013278571428572052
25.127564,0.433428,0.668432,-0.235004,0.20719899999999997,0.013421999999999934,0.01479992857142857,0.0013779285714286358
25.130872,0.433487,0.668049,-0.234562,0.207258,0.013804999999999956,0.014804142857142858,0.0009991428571429015
25.133578,0.433508,0.668432,-0.234924,0.207279,0.013421999999999934,0.014805642857142856,0.0013836428571429218
